,ABCA7,ADAM10,ADAM17,AP1G1,AP2A1,AP2B1,AP3B2,AP4B1,AP4E1,AP4M1,AP4S1,APBA1,APBA2,APOE,APP,ARF6,BACE1,BIN1,CLU,COPA,COPB1,COPB2,COPE,COPG1,COPG2,COPZ1,ECE1,EIF2S1,GGA1,GGA2,GGA3,GORASP1,HSPA5,HSPA9,IDE,ITPR1,ITPR2,LRP1,MAP2K3,MAPK14,MAPKAPK2,MFN2,MIA3,NCSTN,OSBP,PICALM,PLCG2,PLG,PREB,PSEN1,RAB1A,RAB1B,RTN3,RTN4,SAR1A,SAR1B,SEC13,SEC16A,SEC23A,SEC23B,SEC24A,SEC24B,SEC24C,SEC24D,SEC31A,SIGMAR1,SNX4,SNX6,SORL1,SORT1,SREBF2,SYK,TMED10,TMED2,TMED9,VDAC1,VLDLR,VPS26A,VPS29,VPS35
ABCA7,0.0,0.07013045432083705,0.9355462661215798,0.22129861718534977,0.022929598120692563,0.021093313683663302,0.0448341142662694,0.15531687422242407,0.14006049990269923,0.042540588281752896,0.3046785059955468,0.10770507867276445,0.1001105968257589,0.019663800762583734,0.03716242938494445,0.34971238997857246,0.026525783501671396,0.08125766260024796,0.4495158604637425,0.07074373761675078,0.03694183983722035,0.16689818638669923,0.8517196797069273,0.07033839755188716,0.03092404280055233,0.3658091970799967,0.15049625051529528,0.024980565629184923,0.42105737552976436,0.29899406051963845,0.02072728312656814,0.020128696619147096,0.05121109673627058,0.13648036852675313,0.01875223441361923,0.12951673846108389,0.022041771026635404,0.023820804356370292,0.02660940462236612,0.035514099176855336,0.058331871543746715,0.03890115736330134,0.022529733700049143,0.24469334161059733,0.07226058722820672,0.0383534346387042,0.047336638326082134,0.056531355214397463,0.7121587525342123,0.020958660606210936,0.02950900705470951,0.021065667404154092,0.026788319007222217,0.06773699318356023,0.5655895578072062,0.6344221070241597,0.03548447459565718,0.13954839479642783,0.03631300739205295,0.12315755888042274,0.38361664659691097,0.604475744091528,0.06998162793169757,0.2174766649430077,0.047725487552028524,0.02804205514258222,0.020690881251169746,0.04384446713301482,0.030176473260806833,0.03955471704111368,0.02776137393239767,0.19205616511452303,0.018507345300042742,0.06487805161980331,0.05397324577566494,0.07068187109199711,0.11023290402726613,0.33139008927690056,0.5403399166118777,0.023066806157141077
ADAM10,0.08538832301073865,0.0,0.23160960659270485,0.026570984333008606,0.10101323514129391,0.11472387636290131,0.15457584874489683,0.05069502095182462,0.1037026097851965,0.14456378080078885,0.04291108968596803,0.9263090884999776,0.043358047057306455,0.038323314593089165,0.05461662237323262,0.23429836888415217,0.08232167545741448,0.977600464715779,0.030383526269204077,0.0590693547976291,0.3390529452974154,0.08162858658344747,0.07358036422519063,0.03670488895934022,0.12569354897151055,0.061663586623498634,0.04101511156174037,0.06786763767635312,0.45952407895685116,0.020328918586495475,0.038053910696704274,0.0955047404611787,0.08628903830375861,0.03906433213327394,0.2468837019693248,0.026899586879513968,0.029279347875256163,0.14309374494835556,0.13171889576699924,0.027422304514637723,0.0491317392012229,0.023911631259274545,0.1081399141870814,0.11553893996175518,0.034469282666015115,0.14686215651917522,0.05139949727984777,0.022805279244733738,0.045408665815882425,0.06384651769768165,0.060972582650028855,0.0440341262822523,0.03558922825497235,0.07435286429619407,0.01825682982083945,0.3754111353167028,0.11198680530622393,0.35222964609076274,0.08743755840874673,0.18591792077706676,0.22599834618649592,0.04720138056132466,0.25580878183637906,0.026509209667331793,0.044402871658435324,0.1345984598977319,0.03121580476181469,0.8878121341936409,0.05092789771456837,0.8379760046578622,0.018689658144812146,0.028897521510109464,0.047790287302971114,0.025731355714704102,0.02828793507091166,0.049023589804156956,0.1374791214781552,0.029369810081495733,0.020804705049793155,0.097660272727899
ADAM17,0.8669082929423657,0.13489456820835782,0.0,0.06664657891048702,0.12703259554812135,0.042484918751937925,0.03344772333067087,0.1557085523166127,0.06333565815582849,0.16258761763098545,0.0458894057334506,0.23007756165798068,0.1180838536637845,0.03612680932944239,0.042023798410127176,0.05437490447582103,0.0208793258850103,0.08717513461868304,0.01906985854773879,0.042433626679078726,0.0566300972250504,0.03002643792494784,0.11527229151102027,0.29720045441503645,0.12784491090371378,0.11509129134036022,0.024162915014980687,0.09768576263646472,0.10855111000095204,0.04645015360363412,0.027992590990133643,0.062428136466935034,0.056160511645946244,0.10263533708201426,0.4122785412727383,0.7024871345528714,0.5259098514867142,0.025746656539220744,0.2436358295814096,0.02041955461600542,0.21514026801566044,0.04893926651593845,0.24337288793579315,0.020244119279282557,0.33263989875146077,0.6323028693003703,0.033265979414511045,0.09860662142472904,0.22455478945913399,0.12247828300577894,0.09050407460525302,0.025887049184256102,0.22181894841027705,0.07676320301314814,0.02194573528552549,0.21209271552470624,0.020588844782828724,0.2550269072810773,0.027727745087579095,0.2753621835375522,0.04174416789360138,0.06206029830921493,0.0741421513031195,0.022080995215529774,0.05884100277135743,0.08690120656895046,0.02478388886112056,0.024846936488862426,0.020923673948629824,0.4084093069557931,0.04224178313581518,0.4820553557309346,0.027964945887979546,0.04579780453492646,0.2156668545942889,0.03426178106931612,0.14280781625305783,0.3637855050085698,0.05870557719871303,0.03325593269407522
AP1G1,0.24800383242905677,0.025719177908229116,0.08550142558895564,0.0,0.3216652758305434,0.8575197960839234,0.1163492841213058,0.18802192801065093,0.09385888560784122,0.057306876347475465,0.4131165773274864,0.0198822230369639,0.33773446961325565,0.12023540214662577,0.01991452936560633,0.019377573414514508,0.06669772123233529,0.10280770313735334,0.0598064712058971,0.18763479826801138,0.0787316904346371,0.023749654701648353,0.018045473836753576,0.22721151471841175,0.114973982698366,0.09610802369148909,0.13405280370016082,0.5964013009186171,0.03132333897682544,0.02278630595052387,0.021627886433443468,0.15831518872399708,0.057452977902058174,0.15899119460015512,0.03811417230578951,0.032148276947894495,0.019851635346492178,0.1416879605542972,0.021412636417851582,0.8686355362138211,0.07039551663824159,0.021797826393720646,0.23611396218240327,0.1961630687096857,0.02809669693990619,0.3092289871336321,0.07262357763339101,0.040104992796993665,0.6615473197294987,0.9239497227990527,0.08664192286020249,0.12011684126925688,0.2993963366068587,0.051951975085485116,0.16373364916230287,0.029140630238053043,0.26972144092307826,0.46156797866357946,0.03813942322132794,0.04036944012479378,0.018182936187801764,0.02018264286140108,0.06925794051639857,0.04453328629347375,0.16956128638359433,0.08080108038205723,0.157441557885635,0.10786270891823271,0.027091326310490844,0.15025308997841505,0.0537262303346891,0.04434383371568702,0.19758811986279087,0.27820423412919837,0.12182297255584447,0.06971966830322548,0.03396391769956079,0.16583970401822876,0.1080612918133692,0.9240048191662192
AP2A1,0.024182933068738765,0.11134397067919034,0.24474366455827862,0.4415134866450934,0.0,0.9640151769448371,0.5386709869993728,0.033744236715315665,0.03376018540323102,0.029641862413724223,0.03450347614585187,0.11456616801005591,0.07678912330743039,0.06539856390890073,0.018269296214873807,0.12640934820180225,0.038080209548999266,0.09378304020555278,0.030476237578024774,0.05320561799040799,0.049360398765844186,0.05160255208101889,0.32839267164042046,0.047513778283454586,0.022274504391444103,0.03625353218779573,0.022715433337664136,0.10867997960842997,0.07341325772417526,0.03680192481111778,0.03685425962732725,0.033537135463441885,0.020820730858167946,0.3096822917453935,0.024757038466856975,0.38560427997717617,0.47091873257940414,0.16925177529416588,0.04454534657307322,0.07480131171339117,0.10756076853519389,0.02654803678187963,0.018215849233896523,0.0452841585583021,0.07758143866883359,0.058806153654830016,0.23557442349715993,0.12340897424340234,0.1415845850415466,0.0783957878538715,0.30467325578165755,0.13318731573927986,0.05438785923085277,0.3970668709337934,0.05061299709170446,0.029015054958359876,0.09415183996765578,0.06432494566601996,0.030651244679592068,0.15658844973371677,0.029763537419119673,0.04315446073971702,0.0825223643070554,0.019919684954485147,0.07759067415537939,0.029462331834446544,0.4406587046564347,0.19110586587484402,0.09215833721774741,0.05713353222444501,0.4934531038359189,0.043687449882610356,0.09106183257278515,0.038340974134823146,0.05966756499126115,0.10672021185446708,0.1478790668461596,0.03844117443582305,0.038212847501891724,0.0669767044983656
AP2B1,0.022143433747506495,0.1442768159017997,0.0637295512855238,0.9599195149880277,0.9781151289029892,0.0,0.7482763940747805,0.05274727810258028,0.03032579010967702,0.018061594252784984,0.17238899388205145,0.09868381268452048,0.10327290108397162,0.14891500879210068,0.019515073817224223,0.6272487282075289,0.06467376632569216,0.023226207629980764,0.03350683450471638,0.08526192413119928,0.036671497801408624,0.03402730931466832,0.05671485793973655,0.08013943596827458,0.06498185375108231,0.11044916980591205,0.08573435840217662,0.05300373159160652,0.01878462280513462,0.023274913126386725,0.043961464488634514,0.02002399524563109,0.138651040719882,0.03659825980577486,0.06803997029711656,0.07399034085922496,0.01899045429609216,0.023648360269656967,0.02439303640348675,0.036433606440595526,0.01818461122750376,0.0694548949795555,0.1283702880404266,0.13374845422184295,0.1654872318854659,0.37703249241243475,0.35329266274306276,0.043464607825307276,0.03607991583085219,0.018175575807832092,0.19662774062558389,0.23383666828041363,0.1010135564911768,0.23463783450081976,0.2983996301532302,0.02270073240953438,0.023283596718964333,0.029458599758003124,0.11856800526908773,0.020327594319695465,0.018423740529030792,0.031120161000664736,0.09682484276606229,0.06277956943867118,0.05859275901384258,0.2184951406422603,0.575201053276876,0.02781833257268845,0.018439527294784347,0.12471898107846477,0.056658554958174984,0.03135881072708616,0.042846831942093926,0.024695999984511982,0.03271614516087848,0.05251987848694201,0.027448004313318407,0.03040886376262303,0.019870131914923227,0.662420112888918
AP3B2,0.05702259728467336,0.18809732320964118,0.043842067671221195,0.16446280135818286,0.5800320672345893,0.7206426679302714,0.0,0.018496796507511317,0.030682158986541426,0.027836390108029224,0.16800560593227268,0.26129895113318546,0.022047925596441812,0.08095803454643062,0.04528556590561178,0.5284040478300461,0.10725911175318535,0.03250238817935014,0.08001121783582789,0.08032832681835785,0.30335389501378945,0.11018852863323905,0.441707720833046,0.12697136525217795,0.048508961794287445,0.028246724790050498,0.11805238521890875,0.02200251253507522,0.45128637536599975,0.17193846624076115,0.09468844652134631,0.09368246544697059,0.01928717563345399,0.11411341236244844,0.028706273980338187,0.029669370045343316,0.39856457846024296,0.027481047737784016,0.04723534021209814,0.44824258658046856,0.26525660516811433,0.5944604828416126,0.030323407914945134,0.020756703708169073,0.2659026114301135,0.22358649763169475,0.17573029818768449,0.04329361605963701,0.10260803210801844,0.04186902005501191,0.15559514940110064,0.15389008420685737,0.04153446180479918,0.49310178097156626,0.6414448961529312,0.021472919674268807,0.01996440972159813,0.13487566837591122,0.05062096942228559,0.02043224771472461,0.0211286483324654,0.04205121939876518,0.09197579196605303,0.10526330332270334,0.0734470856162947,0.031250164002906554,0.6867102049618571,0.040422686974402676,0.1431185866177096,0.21107318369263722,0.04351014347587861,0.03997193409046528,0.02446085340422066,0.04715556587559881,0.021260677273306557,0.32593357154126185,0.03703863796493329,0.01919406527625152,0.038625818178866844,0.18679336217940282
AP4B1,0.14989596784975628,0.04364624915257324,0.19416570601479974,0.1628360843881865,0.02987033090294533,0.040551934006517645,0.018379962900456567,0.0,0.5543009673401685,0.020790495078089957,0.021319488564410405,0.02022985138395984,0.0508008225861533,0.021672101271444096,0.039352053841251594,0.7844477105967012,0.07551962303226598,0.01823837063053961,0.024448093168848422,0.1489614112528875,0.05913966916410127,0.029560800424370856,0.3990086527585465,0.08912612712526048,0.06972858737235052,0.14232504982748484,0.41567549614841753,0.03334390703110567,0.15212289592981387,0.12123531691151991,0.9288821512209992,0.040110505855441896,0.06531624969855378,0.6128269781047367,0.02570404672276275,0.04319455179016724,0.025697427466577338,0.3437458685608847,0.028416706808913495,0.22097375842778139,0.0641785052446059,0.020540567952235526,0.1222789285515076,0.03397502213781961,0.06360662681136955,0.14887933028847597,0.1066748021726455,0.14261051530369823,0.031150931709970943,0.43333496762249146,0.019386493162643206,0.11816506961676158,0.12902020682116735,0.22324051016928842,0.18592964394729844,0.027457261075769936,0.02252833588639685,0.19785141585536298,0.10219783627208255,0.10377763580903311,0.02195910127779025,0.027623209492127706,0.028360097973156504,0.023619549033853878,0.20035471245846728,0.34871807131156857,0.02253177504117076,0.028549198330326247,0.03799077364064834,0.27336569506535663,0.07229908103379638,0.04762796143867689,0.09760075372375242,0.059815055779659745,0.020769437449331227,0.026491145469798413,0.13468301920159054,0.09061141357530393,0.024963949798183446,0.04000526312186148
AP4E1,0.13417883404406306,0.08056503282276296,0.07246197721486453,0.08363175609736447,0.029811589581685335,0.026609778453596883,0.02715270708451755,0.5494394111034169,0.0,0.05994384405893075,0.41888918331025,0.043403431475543534,0.025071052753238964,0.07897108293736707,0.021688478794947178,0.3180771480900571,0.03939170763661421,0.022781653039511504,0.025107653035918488,0.06701565453029411,0.08609649110234847,0.04454206432857981,0.023580760254490445,0.10163410273291305,0.03409186906150528,0.255841804491148,0.6670387112438739,0.020136262225189716,0.18551457873814553,0.039781924710816596,0.030060577210183986,0.43502196539356314,0.03381703563291242,0.02591017844355061,0.09385785458910498,0.1374615851380206,0.04682551495137108,0.020707016777996645,0.03697412416823343,0.9506038218711149,0.0356439372886973,0.3713137959767558,0.2631445166875601,0.03882639296710218,0.2135561953048763,0.12330840215190443,0.07493208373428471,0.8124365846275826,0.04246269386907547,0.032566220085096124,0.09867662730477174,0.10247191930838365,0.14409343923972373,0.10660746207849991,0.2724875919322975,0.1717828620685099,0.027370442155331916,0.0723531401306907,0.02480260527593689,0.024143668077663768,0.09747697443182524,0.16928768477484277,0.018296140452725214,0.02082165665696636,0.07874279229805596,0.03692962409760231,0.2721582631445549,0.04088593065064973,0.2676429396561127,0.10413685366984386,0.045906976570708746,0.022659956730628945,0.19508028184828125,0.03134121486787211,0.022634675780278016,0.041923750311823466,0.6511592874099497,0.03380115757235258,0.04970087313934782,0.023412963492394738
AP4M1,0.05278779182119624,0.1714595687049834,0.34727375874392274,0.07101918695030797,0.030076741831719652,0.01805870916728287,0.027708107565323728,0.021646280764120455,0.08339378686536807,0.0,0.040765999765559204,0.10327546808133216,0.09725297200688116,0.09870933878897586,0.03504546907493249,0.10292884071435247,0.13153078208913718,0.033386511179877,0.03624234802795774,0.27933511413842194,0.5737047093586872,0.04456841092044263,0.12239776158194188,0.21936792054749868,0.12631821399920248,0.02093582444669994,0.13978359772979074,0.0418579810091455,0.07660178246692816,0.5747643923660803,0.03444525919677537,0.03605231532543043,0.03952920580235134,0.04008836344383173,0.16479600345459353,0.021160582130566173,0.03421169910579903,0.02846857185106545,0.44565310193626095,0.06592932264975039,0.12765948300378363,0.03816527348290621,0.14068233515375805,0.4788703189201347,0.025432951881262506,0.5562942909389879,0.10523036398357721,0.021683450131862892,0.051025240584489054,0.05910421242625738,0.0255100707528383,0.13979179777100387,0.03036830846242521,0.05610467544527819,0.26962807802792604,0.038747585903857656,0.10953720676371187,0.2514821204866854,0.06719234608249161,0.026035157760648412,0.1926348667898262,0.02731090375322285,0.02454395144013739,0.06338000485241736,0.05047200608529544,0.5769942932240836,0.02615729900853963,0.04417620798221366,0.13392183635278224,0.01880765796574346,0.022339353892905225,0.0499347586093067,0.058909839063104555,0.2657452630272682,0.1635628926639759,0.05766231843675554,0.5430902088827273,0.024275371216797296,0.07501120069471219,0.11137369265556599
AP4S1,0.1952269535134618,0.033344726699255436,0.04281230763901017,0.23441758474720537,0.02781123990940291,0.07694462606534452,0.07863232443840452,0.020708853272247744,0.28054896182762973,0.030634451593648502,0.0,0.16991746369852162,0.026499914139074064,0.02054130170249074,0.0921620074399222,0.03843606590063254,0.026223520557500487,0.02193947143528974,0.028228312105235413,0.02424339049627683,0.4500886967098701,0.034460225853684724,0.2022122469926295,0.019540275779647613,0.44438562054532593,0.041163980537857046,0.7646431429721107,0.03245092649128722,0.20680457056753102,0.0466353705820678,0.1385690548887822,0.10497756337795604,0.026536236168677237,0.0742243950295238,0.05037205848312823,0.14087264535408137,0.36531522987694637,0.02301239499000474,0.05488358115431547,0.10673457710269242,0.053560860500767256,0.22223507738469486,0.7509827568616838,0.1617299655112546,0.05198696881770952,0.13827196777804215,0.5352338482230744,0.073852681312485,0.03217376958093363,0.4390269784606681,0.023384133006783738,0.021263659494267156,0.03259131275149947,0.02070641033878146,0.7122085409435884,0.0624399824557673,0.03806659072270578,0.3000978997475428,0.04012262747320059,0.0778844386340961,0.04770900051529671,0.08380906759001323,0.1359766822524193,0.10004888267093584,0.09745817336886202,0.366465887979523,0.0309847350094803,0.030384553002342225,0.062150786482182765,0.2297883671549504,0.07085182037631692,0.05996360392752708,0.0271264772009045,0.3074001584791014,0.10524635673545363,0.20489538695827555,0.07655367460323195,0.05559011451068429,0.019231379569179058,0.14368150929950513
APBA1,0.11393081353390438,0.86597138777451,0.32725191971725054,0.01984305488950352,0.08757496655891077,0.07014183460615168,0.1695257394054289,0.020355287249905547,0.04562451671826132,0.07679844674383583,0.28203643273635487,0.0,0.12419738258351397,0.04789590652239718,0.019326687191532924,0.09052678209117841,0.020210542249601803,0.03140324971138668,0.1947117160828427,0.030366821940078843,0.2612230114143325,0.02593729701551931,0.07217292952154881,0.3063090068085369,0.24429826358581272,0.979738045035571,0.32250680594748565,0.05543218108465584,0.3034236701057984,0.2540222423696629,0.15872093049777666,0.029270391670380477,0.19014446681603744,0.6613170286069225,0.040071678935887936,0.0768823081421017,0.059718928458549085,0.027024866392761904,0.034827745697928625,0.04205789629823712,0.035460103103036246,0.03962282903489243,0.16600062326084827,0.047792809059229925,0.6330168243997218,0.020217480470737858,0.032440825302417896,0.01992548756493065,0.21048955244772943,0.745611073010491,0.037249027574658145,0.13577441009528346,0.14308016894706505,0.17847408275659346,0.031877898214848446,0.08275203204757911,0.0670795449838946,0.0180990135957954,0.22499758182651292,0.16525742697914625,0.0279256514292153,0.06336815072142402,0.06735129905042628,0.055763278195915464,0.18166467940519074,0.03552997903140898,0.10645286628008635,0.030107654743414036,0.8813148153977636,0.03114048503921511,0.29720010119024864,0.01954778915375274,0.13504337953795678,0.02133603875955313,0.02900017283291065,0.28246075264561593,0.018687762212257375,0.0297702599878776,0.019418868511852802,0.06567858615515756
APBA2,0.10733707855698627,0.0399747133592274,0.1622086395651087,0.32989381117241456,0.06261564239771115,0.07371445718315968,0.021263938508340036,0.05412683081181397,0.02563613367777047,0.07391199091697254,0.02953831793275273,0.1262778706282565,0.0,0.16382700795997912,0.027704608504156385,0.21940006543746088,0.032496123823975244,0.050072397287276076,0.022344918605010727,0.1710852756952994,0.03176635541423507,0.15185612034189772,0.033264879775468666,0.3476688516684315,0.5748956663655559,0.36981895649442026,0.46665628011156474,0.20978292074241997,0.018064207230889903,0.024991334179460097,0.14630186035062542,0.09922403281781268,0.1336267959009279,0.050471547562783714,0.028925727588200514,0.04890857944035148,0.26350760850997174,0.02901804349189469,0.45131300778783284,0.19411563541883098,0.04469000014564874,0.10485998453041043,0.20189263284269016,0.21268411621464428,0.10955977516068763,0.40694275264173485,0.7066270002186739,0.12606688912694822,0.05855708618885145,0.5154759286547164,0.34335254499436674,0.49503044065107105,0.0187282514384108,0.03579442348984015,0.02732780447052754,0.37495826675897775,0.018190183764340624,0.22299133223204695,0.07529932350559641,0.3955549983076215,0.16236839189286026,0.39525932403321923,0.1937529383517541,0.3765353690997831,0.019869150575043508,0.025963164655249636,0.03201648653296529,0.04263170804864702,0.16449205433445743,0.06984611312785036,0.02369880834920129,0.019515286064252218,0.04455423557083428,0.024631988650019684,0.04903347106124261,0.019809897659479336,0.025302085450789515,0.03356663864262242,0.03427741670768634,0.04902513807846983
APOE,0.01991525426695101,0.03812108370915436,0.04435455480149677,0.13922151052591736,0.06039809077447738,0.11662690996611891,0.07004483717643865,0.022342471258589694,0.10018425065436207,0.08528171180759922,0.021671925745243435,0.053001811199643756,0.19719934510114445,0.0,0.04721658517395396,0.04096022822543781,0.13774599572836774,0.039230899312145184,0.5518479575735605,0.04320765589490264,0.18875257016864855,0.02170422621162197,0.032755087791610515,0.13759986324996268,0.030874337881872313,0.274314130518962,0.7489333826746106,0.03027123569789402,0.12637830320471333,0.03923614798073958,0.05073011383211481,0.2567867623089813,0.48393956977196523,0.020081128537652333,0.15827848891478766,0.04585668230518154,0.08941073963137197,0.019764884863050138,0.2313899125561068,0.36451697790419924,0.4086002163057877,0.03703346331329947,0.0530006242266948,0.07115586273178885,0.08247605366051891,0.030406047290452678,0.04015387629647796,0.06635701939964497,0.01813019162548521,0.107906899221246,0.02284559787317053,0.03819746770823581,0.644354214614845,0.06639849506931793,0.12124265619065032,0.025778957179123752,0.07976615365302796,0.025220775809812666,0.0699107032592313,0.3669812424808048,0.04716186371692948,0.09393051229023676,0.2963192817857752,0.06893421389309988,0.033028628229257374,0.07151869301333594,0.022768548214758183,0.12475880866383064,0.03540364225662773,0.3071717550889126,0.039063724195284165,0.06119917403583646,0.06753166289475786,0.03953976270437205,0.09436856072896854,0.020264808175950416,0.13245873136194786,0.29068567185547495,0.049513310522515494,0.14024200622943495
APP,0.0477634172537256,0.06593623350675935,0.06546529976916175,0.02049389051302612,0.018300105941161448,0.019571173395927226,0.04803109669081051,0.05255234406738148,0.02329573980193798,0.036856015572788496,0.23942247401441524,0.019758517261722335,0.03145034772996003,0.05611115773803907,0.0,0.020703165208541777,0.07894928651255734,0.04880248127666519,0.46000130204694345,0.058979427581589056,0.027138952024468685,0.030270259906778865,0.12964324479214748,0.054846581851799844,0.19124585057097127,0.17666031195566675,0.12593381640105944,0.02236517356548862,0.06546945611802053,0.028652723723021863,0.0295297825939586,0.04263409081704512,0.028938917529250287,0.3211012671206926,0.02560231240116322,0.01934436037127201,0.0935070454516196,0.5534031732065181,0.03407978133350429,0.10204156843642893,0.21414501481849732,0.14500308380302582,0.028739667319454057,0.029022567973297036,0.031008021837487167,0.03622603843049476,0.11871333806511114,0.05837051718660009,0.39336966559771863,0.10596397774830041,0.23659788871617887,0.0388873622506236,0.050987578063973825,0.018092973445259345,0.07016242857173505,0.12633386492239074,0.021037853708684353,0.17720887741754662,0.05155182235833162,0.09154904908975102,0.044389175156424404,0.02954417372076972,0.05110567219024388,0.30866585415010395,0.025347909065429202,0.0483916995117259,0.055467687986980214,0.08126104305387169,0.06568720649801385,0.030157857059340102,0.01829047829728493,0.03115368029574945,0.033068143951305945,0.07317349574794685,0.08983722478800824,0.25324733922452075,0.03270816989611581,0.026700076789867883,0.10840895835219949,0.030876351734425007
ARF6,0.251505687255454,0.130832440403617,0.05311125944963227,0.019114621648667146,0.07300507438584886,0.2651551665846477,0.2297412344022436,0.654695284846426,0.2408124953166397,0.06053640262723485,0.04014019306141941,0.0697828085153152,0.14851269055242583,0.03350021507267841,0.019673189680050912,0.0,0.022864198892037894,0.11524909352442697,0.02430122896007222,0.01871625114817887,0.09331774322431917,0.05830175474456299,0.028574035762972114,0.04043545458999317,0.11839936799692531,0.18262415177421254,0.6010527044178637,0.04831379911191886,0.030992292382952164,0.32672523378877627,0.1132786867430808,0.0268483604658085,0.0634942307017207,0.05955843164245593,0.1721750326052391,0.023175987054170955,0.040431100398988506,0.05437713694082039,0.020457018571409795,0.037503153000741876,0.07478731201820625,0.041911220187226,0.8526414670375326,0.15160524592803748,0.08310554710846518,0.032993661354790704,0.030627883446331744,0.18938591453918957,0.27627989624104615,0.6680012029811491,0.022547021624133384,0.1214455439224222,0.13092192294504132,0.22280386908453642,0.03353064077181341,0.0690708725389665,0.04328613318582333,0.6353244266655976,0.08603943714108525,0.14859737266478756,0.07738731032414639,0.1295969648760003,0.03427333513873931,0.024571794687455913,0.09162982504439654,0.11179553577831336,0.05370537664418322,0.04548848758029892,0.03081562173856405,0.036537955190871045,0.1122414460909976,0.04798998462327405,0.07984317596963388,0.0814289758358512,0.025653069333092318,0.38112196242194835,0.031716194891601796,0.25036580984697715,0.029062341565946264,0.07446440789941579
BACE1,0.02495302315636101,0.05533532491265935,0.020745856512542078,0.05153455325701533,0.030238028443981393,0.04136191697044669,0.05997194408203042,0.061939266000370544,0.03538301909159283,0.07021859322528848,0.026568125363948137,0.019779108274851492,0.02901584552018694,0.08287925154239972,0.045718744482779884,0.022745142947379574,0.0,0.09706417077548746,0.0766282519849567,0.25165133512766474,0.13397037705771786,0.17635220586381087,0.06830577429491125,0.27902470198137796,0.05287300407783843,0.039525129374642004,0.0494477030507325,0.04101930220420858,0.25983093945071895,0.039219081617285025,0.022929389131416796,0.02185551939781038,0.2938921854398691,0.02256307520899108,0.020459484956787195,0.042172760596194084,0.1482130151485071,0.018257789927670045,0.439191568925929,0.09121872151734124,0.8114753331155109,0.723953548199606,0.027944371627959333,0.1320225205822327,0.5287672643482455,0.059255880203538114,0.332410846123997,0.1871779908547063,0.06037765178834887,0.39763331348912795,0.022401110709541094,0.018783512542853355,0.058547941111820004,0.07951835083635614,0.02689351764056737,0.21837626538758168,0.42749019244581066,0.04315496228084817,0.15214799526528835,0.5281330213997698,0.027808596447169334,0.05556160502193357,0.4882507599214893,0.2585031130968138,0.019985716275684632,0.01889293271769612,0.03819830364674682,0.12902998906819546,0.43199602947981997,0.40953104283777086,0.036663787676849614,0.15793243423282619,0.13144631534803658,0.040138998095745886,0.44376461455339905,0.03467427502582277,0.2005093643232219,0.07280200843396621,0.022933185552890378,0.04732389959793535
BIN1,0.08024700230240707,0.9369556745872633,0.10530904608033327,0.09314290332720893,0.06960928139299945,0.02184292365885958,0.028576280245185895,0.01824083496785473,0.02285930066607058,0.029335485128959626,0.022909114301575627,0.030702327660855358,0.047635889265098146,0.035420023535364685,0.03752701070141264,0.1492114781040746,0.1282474940398604,0.0,0.06277914025493773,0.10792025327205898,0.058359797962638266,0.11471709173150017,0.11601522360335148,0.04729873131324514,0.124233384803961,0.07795671549346903,0.01869027873216703,0.020826817420307227,0.03880646609800855,0.028104031123830718,0.08789352990506281,0.054327103340668224,0.1865862094415034,0.4126989543806841,0.022647825944765016,0.02162033981531693,0.07089135896647218,0.3182257199490803,0.2928905820628203,0.031611646696375686,0.0370051878540875,0.2906658983054098,0.27528079032160824,0.09728035250552049,0.8981336658030142,0.35714975213157535,0.419514577271514,0.23451272309877275,0.2992715578474165,0.07210077651874092,0.18228918041868783,0.0190632022269648,0.03609845596304396,0.6435112778802453,0.04921182326105717,0.8344258309055378,0.032225226928426554,0.12551120957716191,0.42893841196636323,0.7529915435931989,0.17476824245967393,0.0863971867405764,0.08889459031510054,0.02014567804564399,0.09893416302897126,0.09982561136958822,0.27744007444423296,0.9824059989315638,0.04860890994374091,0.9215469101952534,0.07138247883504353,0.045176973497453074,0.09952124401986974,0.04565591599246632,0.611166704672127,0.024596975874958283,0.3144816651926911,0.1197383909085482,0.029612912639701845,0.034309971051465715
CLU,0.6922940007555333,0.03202108956285169,0.019566388281009033,0.07558591614332981,0.031097335639139956,0.032900330680438565,0.07980485491996647,0.02671599885661886,0.027702700786527718,0.03646730867744984,0.03619452766674771,0.3021630897346052,0.023406660574292144,0.6605549803962852,0.40112487755897563,0.027986574827136478,0.15099667376161716,0.08763287683696787,0.0,0.07539858830029349,0.01918171192290882,0.03801302964659343,0.020145409773065354,0.04395239045278299,0.10587486359653484,0.02095998162848074,0.051253279339207,0.05035593273078514,0.17457348022114555,0.019470417741320974,0.08191916391775683,0.04371061176108542,0.03891889023455337,0.05075248354912179,0.03702073543314549,0.019296300804307994,0.10682959417521405,0.155729160778272,0.021990798047268223,0.18059655866110216,0.10883896150483995,0.040831895750885056,0.12342145385379141,0.10485101215228487,0.07974647952843321,0.022078692380057715,0.08028692003643137,0.08123733697403394,0.02067387129122792,0.06770719012390769,0.04098977511575285,0.09041881732882055,0.048603873138919895,0.6355628520938558,0.0787835548151149,0.025305439017803532,0.13046127636441718,0.06908764812132848,0.10730433071698803,0.14275724421497013,0.08751981601513338,0.28536945847644846,0.25210831222959695,0.2889556832218429,0.020555597693820066,0.02533897089929707,0.16432363985255763,0.03032376058335885,0.1626022021354481,0.18620912272667559,0.07271672093527222,0.019917343091852783,0.2001461257128401,0.026513909468488597,0.06071028923273132,0.022681869672101628,0.3489283522916394,0.03721381071800466,0.16373891727402967,0.3080940589209484
COPA,0.06480674203688759,0.04741680560077973,0.0446941167834128,0.14746782217931972,0.04142186199479107,0.05541138664203334,0.05465916830520397,0.13555514561663226,0.06333231627602749,0.15062816588102668,0.025332386859236295,0.028882343315361037,0.13808554684696392,0.03688597124089561,0.04109816100764946,0.01877961553214437,0.31602349178883854,0.09784750520952291,0.052203659930917204,0.0,0.06915154013688876,0.47374802268026045,0.18949473784052853,0.6595221255562175,0.07135766067620969,0.03485274216296851,0.5000923613951835,0.5274991958470387,0.20374367189782577,0.08735603017933054,0.1269106303279312,0.07394752808306332,0.11000698735494237,0.04902686496915039,0.026036616821862712,0.12633265819026773,0.0811162912157902,0.28379920747700943,0.03629761309139024,0.028517964454675766,0.1281679858451129,0.08263901994551659,0.8123733533708347,0.07442086105205281,0.20880501923073091,0.06623134682405073,0.018498513171588966,0.04571194691841443,0.021745948286460176,0.1997364084865106,0.19627466102825503,0.03553368355223785,0.02007308073750562,0.02702853211243731,0.07358004278620202,0.05220449247795374,0.8565969586361707,0.040871695068560865,0.14329986270702433,0.09145317612265345,0.01982848248079574,0.022704159947552042,0.07755825928274708,0.15724498288558061,0.13597015565257733,0.22879919638532956,0.023561897586231468,0.020241403342939737,0.07816767257342488,0.026740903448631313,0.024811545874247033,0.02157949042936759,0.029832118253676064,0.3306159037247089,0.5958506364988808,0.04140493371514341,0.4224922579056458,0.029109606179233513,0.4542401079191389,0.047641637760374986
COPB1,0.037233189191252666,0.2549874207899604,0.0668513010899338,0.07426946118980558,0.04163127179574174,0.03126671019425951,0.1860540832981241,0.061214433096715676,0.09065759240347036,0.3681386711372316,0.6727856471232665,0.2489893184827276,0.03121974302451043,0.14793583999807622,0.024476385283525467,0.12210835560705062,0.19182968215489388,0.05970414037392864,0.018934154321869463,0.07696516342024899,0.0,0.49932589252656406,0.4761554969119123,0.5708485908638502,0.7304755206891611,0.02216521382210026,0.047402877293649864,0.2965532529391226,0.0393035611767491,0.06131865432965695,0.2765040827098563,0.022063331110816892,0.047831858407304195,0.02177087116375622,0.04521086356979269,0.15357858326652107,0.10105896108140269,0.018450102068769236,0.018819949446558935,0.018904455323020413,0.04114312827936119,0.24073866109997788,0.5909334062181106,0.03125093684214186,0.02454671018303999,0.03850538375723562,0.03695570352347598,0.12943568932163094,0.9946409196486605,0.029137864161878718,0.046947645198239706,0.028907197617122043,0.07103497303138741,0.07008829503405326,0.1219357203057702,0.01900385600646947,0.19027375400774804,0.5455684568449737,0.052548007860712634,0.0937336056820628,0.035462788790302784,0.10551329624116097,0.15370105235658116,0.09509095711248021,0.49719215652247706,0.06156308088706607,0.06095066435245431,0.14697996654812756,0.5131764169280956,0.04423055507079418,0.02111432188259369,0.04448878208294661,0.03416834544898411,0.018746848241078137,0.22303204755019504,0.03925567440247784,0.06593495969835836,0.023813662974621175,0.3874515103951626,0.16126639716234326
COPB2,0.2073730189613305,0.07768551679362352,0.034321838889639286,0.02411002359456778,0.04707196621451954,0.030974061269697338,0.08898198594624455,0.03155169607509828,0.05033870932831781,0.0402168952576299,0.04357460755347412,0.026661103147177238,0.17215360750050673,0.021593902282605357,0.02761202873446789,0.08111434834519068,0.3198824164124637,0.14110474159243638,0.034712227889500215,0.6537195324360102,0.5974479530829269,0.0,0.24940807550072464,0.30556398670720736,0.15622679221334376,0.773044800930359,0.020060829440190678,0.11105787180522873,0.043937079527987616,0.2718057918580961,0.027831123432326913,0.02023292797184434,0.3430981027282403,0.05587160503078951,0.10416917236308197,0.03322142889434175,0.17201980014574794,0.05191272654004736,0.13996663020652497,0.901860889491299,0.03819641902756958,0.04870497548015084,0.03653067125661938,0.40016764824630174,0.3931138286650753,0.1449003361662613,0.025491053555127513,0.0517745155990388,0.026159158571909067,0.7250041800871878,0.022533494506705262,0.3062891061672274,0.12975770951271481,0.08381293128847513,0.83037948470477,0.6632153901118725,0.04271161819854805,0.04169929188043482,0.019037979220310065,0.06952648266120957,0.06237555123932064,0.11566346512362653,0.05615997050117257,0.4170748346396567,0.02274390002013229,0.5310390724630013,0.2932954577721669,0.04851702589472869,0.021208654092994803,0.07091473915282927,0.13424482083481215,0.02228815888828095,0.11666864031042555,0.05157741512327326,0.4871515983656023,0.07545756888528146,0.03406477265198854,0.03700239095175152,0.028600676198846202,0.03407561544983134
COPE,0.7749778955156926,0.05527306244548705,0.12252346156335198,0.018037409152242775,0.17550586019811942,0.04028915388478585,0.21467886836859693,0.33882205087776834,0.023153031246596102,0.0739763320942614,0.2575908550218059,0.06150253427883293,0.030790481861040022,0.02902961388567345,0.06996374773728244,0.029350370851637796,0.0758962546597143,0.10062373765122158,0.01951444455812867,0.18005304196975846,0.38184199821169335,0.16455412775949568,0.0,0.7062641267146667,0.11603220259390004,0.6708473591724051,0.04256203907492871,0.028415217507682382,0.03236743414581916,0.22522363830250378,0.043447796976723664,0.09013179521073524,0.031262194572356176,0.04901263988460673,0.021623427373685743,0.051386396105131696,0.024771404070726432,0.3409890889630724,0.34165673721220635,0.09737479096867024,0.018777425803914515,0.033627443747966675,0.027581030388589195,0.07993112976663208,0.9172113591654157,0.039438416466019706,0.053707867899496234,0.04056095700078864,0.20005859575333906,0.02193594064623562,0.025816270032654923,0.03152275826295663,0.046151914668807324,0.12492221130513681,0.036509012387960144,0.04148926437403364,0.04235613552713572,0.0388115099268887,0.05135454282114827,0.028988465042782362,0.020852964069594297,0.1093653130816258,0.07331612578421083,0.4656040388417918,0.7427781258996364,0.07475150422996465,0.6875761197817297,0.027284724218368188,0.03675956043570935,0.11433883680390122,0.1668016099281417,0.04189549082813782,0.3619832284114846,0.10551157520743418,0.03320677606934878,0.07685821727021658,0.024163125290430985,0.04765352995039871,0.024008423132749694,0.05811027962980153
COPG1,0.07027250437916584,0.03344349364714837,0.3929455351634206,0.20279592780449776,0.03995452645577222,0.05698469616717032,0.08559745546225883,0.09157579823730082,0.1054454950591156,0.1386058224629669,0.019912600729190898,0.28438239198319654,0.3162870392562262,0.10842565330886307,0.04119563563153956,0.045967097882603794,0.40619261849746136,0.04765974252059065,0.036470686344165455,0.7284895286255929,0.5586104069238627,0.24193486912897977,0.7941167479903555,0.0,0.16332430556780006,0.17629205931193812,0.06774771263924236,0.05044599022535373,0.020199876861033094,0.05964211665469789,0.45177876094498787,0.024413764148590478,0.26312314714684815,0.1734777218513348,0.03199494520628759,0.05571917266628937,0.03618348657248292,0.05166506027813007,0.055479990186164375,0.3001201341272366,0.37210495728804194,0.2510515702866295,0.0675050364218405,0.11802448391432564,0.02973654076883869,0.07537046110367505,0.02211939796234236,0.12341014641221859,0.26476599464090245,0.07245683875235404,0.1503706797219522,0.4427241499876767,0.022052218805941094,0.22930379433235532,0.19301237939741978,0.01888244164236531,0.08400311891566897,0.48281010803056296,0.20679493944391814,0.12685431605182554,0.10489363670058059,0.03193291928531142,0.023497938567863155,0.3027409444898431,0.10250520867043397,0.025797488085027864,0.1938449380835168,0.023562993263460067,0.029458930490708354,0.11178292001970752,0.030774242561939332,0.04616286422191537,0.04520601707391557,0.04273837333139851,0.44798441234311376,0.044389876885925425,0.02552981513350761,0.051495278526595176,0.02004854070705655,0.19251833257188997
COPG2,0.029612346764011033,0.08677344501037926,0.13863140222534007,0.0918402752240602,0.021133834555613563,0.04475388378384134,0.03702848609047805,0.06414462037546126,0.03283808654696419,0.07676938929567961,0.5664339660671223,0.1906236559495526,0.44820628818235153,0.027798944227824068,0.09452031525201374,0.13331731853483786,0.058245878764218585,0.10896882210680538,0.06627429610457591,0.0698956342155782,0.6328815459552943,0.11043050513281984,0.1179266649824186,0.13911637927726253,0.0,0.24710845537187678,0.1265386193151643,0.045119094259314235,0.019916716562908072,0.08151395533046317,0.03127432611926479,0.11551031621250125,0.02346261073193606,0.4183651335173893,0.038154949241253955,0.03678182440055328,0.1920055555730271,0.05593573523288627,0.05140212906019739,0.04034144658477971,0.04616805382839556,0.24290143334941827,0.2379514074913245,0.39262869747712154,0.035268556058777926,0.03291990767488928,0.026048764817738514,0.10941272304067512,0.15636412599153163,0.6552682384453076,0.03833730469302722,0.04596934078445316,0.021375071166474975,0.05485871500486239,0.019015496621966697,0.06810504024887883,0.6352188777224983,0.2961779354550876,0.026275751011109308,0.03725403061671138,0.07165116827203526,0.179468610436137,0.029144657876211396,0.036743850640803453,0.34173170461681984,0.10420297457625607,0.02645768126470384,0.049995094777159806,0.07758915246695516,0.17030473579726738,0.03739903513744818,0.05882170613918842,0.041647313266066945,0.42147514881038645,0.05228333923030619,0.031260135198057565,0.16291829854009454,0.03839267298841583,0.1515647715515094,0.14640443904217643
COPZ1,0.2938524992411713,0.0476575873038132,0.12097902940079426,0.07658502033718158,0.030299450930513273,0.06459627522450793,0.0248307820303479,0.12262922981893087,0.21696858564339191,0.020068287604448173,0.045119136440325,0.947923306713544,0.2707455281273591,0.16777694151653924,0.08694401852665447,0.20272509786842058,0.04190041161127008,0.06893738049944578,0.020065414277461835,0.03415901417163587,0.021687342667502517,0.5636731085391414,0.6643527530730491,0.14519902509000876,0.23894344373400564,0.0,0.6543036849625992,0.04525862191537456,0.032626834288637836,0.2111609329396519,0.03374221453206804,0.02004915224686133,0.0947949813050489,0.021532621648499034,0.06858105238111618,0.3189384841828755,0.018922985430514898,0.04294367187172277,0.05892230265524901,0.04668226484669027,0.03886740891273753,0.18573429485651274,0.3206815387344993,0.18863479599496152,0.03010958136855267,0.06356950880312937,0.023502774505729976,0.18505838375983247,0.10369032900766256,0.36259657195667444,0.4216067892990922,0.02427324388751039,0.13593381193060372,0.718543932159772,0.02327862197040319,0.042337732150602214,0.17688794093642085,0.25936529404788106,0.46873518669394565,0.09324181995431306,0.024610654538931458,0.2538691521003701,0.5704777354734142,0.04935182426512496,0.031403989381265825,0.021049106701926834,0.3142356882322681,0.045793265103022986,0.032308195817488214,0.28457696313401765,0.020140426681711864,0.03710688713714626,0.6727952430683871,0.050539340246898434,0.35455041169538865,0.05115705038550468,0.027699604804830052,0.023099335628277942,0.021101143650925733,0.10813511735266583
ECE1,0.10471293965492019,0.03236151784374544,0.02365966714079401,0.08739198563275384,0.02103274206500862,0.04843136830040797,0.06182732653716537,0.27792761356797324,0.48128903687394864,0.07045943985415182,0.7683656086614233,0.19393375653954073,0.2745720371797914,0.4113621243646228,0.05991143087134156,0.5462176689257954,0.048008963565622204,0.018564543876409857,0.03548753002287847,0.3773932598325963,0.03945658048605647,0.019489288025172666,0.038986589761633,0.0534955795467151,0.10318060543571451,0.5462547762462929,0.0,0.08446965100257668,0.038817215326424286,0.28617401476257837,0.10527446368983646,0.08403554947696053,0.030486560439746322,0.10209812223075222,0.03039316894076697,0.11678382976051481,0.21994286249703768,0.06084512908618418,0.2168831887706103,0.2688810236047501,0.03130681592659549,0.03741900923228474,0.019928521747306437,0.026812600847167217,0.11738906588326949,0.2150740139159315,0.16778446413648784,0.15694232603940297,0.3790655611488303,0.19386152859206443,0.03229067708734352,0.06904747844354403,0.23865692237972833,0.05029766695797007,0.02103460882545904,0.0493248969990212,0.026801497317485806,0.03826948050168018,0.02860449500869165,0.5102925807097124,0.07380157513517112,0.025749238644476955,0.1376266239839546,0.038742462921643975,0.2846636063941488,0.06766262244287805,0.045937727062260174,0.5257615215357017,0.04834019973139526,0.17559940742159139,0.02023980975276184,0.02437979938040168,0.11931129004946317,0.08428086169983999,0.1272141502193622,0.06384931704810912,0.0276377102577168,0.35701375996186874,0.06598341264151181,0.06163577115273751
EIF2S1,0.02588780685797167,0.0647702454961424,0.1467133113571273,0.6499052067185846,0.09308677039080573,0.04517185322765867,0.021451090440363054,0.03609172913562308,0.020444893329487183,0.03797109519438386,0.040097813520932855,0.060061048527357115,0.2391811031743056,0.02981471678661603,0.021509324231217743,0.06377075068472295,0.05300509990657884,0.021191982605312028,0.04438700159460922,0.7069142346119114,0.36361760198732407,0.1106278499614506,0.031362894454033875,0.05635333297163466,0.05432580436154669,0.0554576336790192,0.14121999892516374,0.0,0.04391121919820161,0.046926258574058945,0.19957592688543152,0.049421235011135746,0.28418252849262315,0.2927407649205297,0.5913800050206228,0.019514539903668623,0.05331141821090329,0.023249895301168475,0.018728788470654175,0.25282868026057714,0.018454005988956582,0.06552337459099901,0.04514298743408764,0.04972411613705883,0.22027073817233528,0.2611444439896698,0.03255678553621771,0.12208425937031968,0.3521484611978746,0.026623018908946836,0.03365050811300757,0.14857991462882375,0.059673787233232606,0.022074463314353115,0.048675241838058235,0.10332700484239811,0.0553964500618643,0.027709740078127588,0.04531819388034403,0.39007629470972927,0.04188899195351627,0.23827828262517586,0.39576676788222986,0.039281225053947356,0.2496992961501467,0.11500618855671757,0.15213442010624553,0.4289623804686909,0.11900260197592773,0.1896868552872815,0.022034671362572655,0.900703895393011,0.02146390094701821,0.052901112958416915,0.3644693279097493,0.08571786227938545,0.19727216601209197,0.029104987935728587,0.044051352850795186,0.036534254400855205
GGA1,0.2693497259447155,0.21744855629558066,0.09582170341529078,0.027643157463623072,0.04648679299794301,0.01848089446802602,0.17427414747874062,0.10863415666774325,0.130473029869665,0.04657259095320681,0.2077007612199732,0.1824667009075781,0.018047155096498495,0.0741131779122702,0.039521324012036674,0.030121188030710917,0.24227212325508662,0.033900079646612756,0.08126010588480524,0.15475126250218882,0.03383548333952339,0.034718192524414396,0.030445778273733258,0.0197734669642427,0.019688431833770205,0.03076621717311566,0.03875958722975071,0.03475454863148512,0.0,0.47590185682131253,0.022605560369292847,0.09409031785265272,0.10300347630833019,0.1118641664757703,0.08315083247121692,0.25254647171975847,0.03735398847265416,0.036236034720893893,0.03140381237049462,0.021924354542363102,0.047298891699831785,0.024100431899099287,0.20775183220806892,0.034806652827566745,0.25981900646810346,0.01957843258272837,0.020697288796636997,0.10819038305640968,0.04643781143617707,0.07246562688827089,0.24524745633706055,0.019716013406463236,0.05755440871680788,0.3546445950979516,0.22316872435016236,0.020333872165473065,0.03214939878196649,0.03176333462222108,0.021939097180277766,0.05590973800094281,0.2478195867401209,0.03875728014780848,0.2126688827459876,0.025329612568913615,0.039196934292710754,0.030578698141404525,0.17730674683667763,0.03586117473830108,0.09610186616709875,0.13488394944803636,0.4824499238144687,0.0305642177420748,0.02448820388515369,0.01949609264251951,0.2814601796296336,0.3009013724498736,0.13014858681970906,0.04707934745561266,0.02582588731270847,0.018119707130441212
GGA2,0.16020731436572122,0.019469344390896735,0.040213801553316046,0.021258425603887087,0.02788713741149636,0.020837478437573935,0.07070614325604181,0.07805572701851599,0.03298271904521008,0.18999173395316335,0.043050869679973104,0.13069062736185738,0.022750448806359624,0.02995641859867753,0.023259339141740196,0.23752501330403247,0.03586272124216959,0.025158171403184236,0.018844287785519637,0.06404150352555489,0.04462783784985187,0.12118623103561414,0.14917792669877436,0.04416226015323498,0.06166171217736137,0.14249178615511612,0.2335527316960168,0.0343480639053195,0.3925761514209097,0.0,0.04308849180842431,0.08309661166034393,0.36983887080753125,0.03490445871089375,0.03427427731752633,0.020669394814082434,0.12928273017923192,0.7924589094560313,0.08131109604246761,0.0871440895795415,0.04257470076062704,0.08228280079025019,0.30273118579705327,0.08480280604368802,0.05296548373238973,0.0657853072354032,0.11218689158569996,0.1649089301396402,0.09563868519640903,0.42498916677584325,0.05918593402892394,0.48289685723900555,0.03215003432397752,0.038193132365860936,0.020480008569000983,0.029039294547906873,0.07032562206813384,0.4172885277287893,0.0380937286897117,0.0766168487437569,0.09840663172304104,0.09366827965147109,0.028766933800806187,0.045720321500476495,0.15491807534419738,0.2186891504779184,0.19315592903984938,0.1895503565295762,0.2488877094074102,0.06448546363223494,0.3018807122314167,0.0482092715014901,0.03117303834914638,0.04450292116888273,0.07643644054975249,0.4376188782840345,0.2378239859479511,0.021771262260337196,0.022230539563106163,0.09133959139648215
GGA3,0.020494524421550833,0.03279316070788802,0.028562382819350397,0.021127759932977424,0.030942813799101427,0.03385813574460072,0.060844918949171385,0.8963987459144969,0.029179337578637676,0.028989469935365615,0.17612531701425446,0.1274938042689417,0.11637608915302802,0.0415845088680581,0.025225445242005044,0.12746263825232057,0.0234508342222591,0.07880698388307575,0.05469306144400985,0.12357613780629532,0.22537923981474578,0.02582521085136565,0.04383342150621244,0.3788457056889301,0.031288973880561496,0.03409082240709678,0.129555899418696,0.13783493129305938,0.023277920667719353,0.05275375046095097,0.0,0.023101018829342075,0.04170854579967863,0.022586234982578102,0.08528849345903196,0.058063178773434664,0.03716659912670973,0.10692549119987807,0.025781608648880006,0.044716482218012284,0.04527272312014051,0.06308977295362445,0.13171553039175835,0.02956523062408051,0.028042789991374353,0.07168696581539834,0.4493987629969273,0.09938668756687864,0.04508449465690873,0.8079867308376454,0.1592027183637934,0.5512482239893561,0.40307402732372627,0.0384358060181866,0.040441011233522534,0.04879755414436938,0.08543513892410355,0.050558886626869096,0.021474854564263235,0.6127402325083694,0.12215080926594418,0.07058856243093939,0.07470602583950549,0.05995818817825945,0.03318850523828664,0.04852824596984928,0.21528611422578758,0.03267446040874992,0.32905210482877245,0.03260573002256513,0.1933971406609463,0.09055959568274442,0.018459717071644614,0.04931226786833375,0.07113878589490905,0.031019608451578494,0.06098127223526629,0.1169954929550867,0.022275770538654736,0.09926447847645234
GORASP1,0.020552044129245127,0.10012699227379364,0.094356461819425,0.2007522172192257,0.03295309296400434,0.01982703096531074,0.0844011289223299,0.04723047973937231,0.6304446169087685,0.03468503536872995,0.21491419055324584,0.03142235827085587,0.12330577917479785,0.27821375295926676,0.038387570226024396,0.031189585781315133,0.02365595217260044,0.06702203122250526,0.041310597414257764,0.10606432088222455,0.022851589523076022,0.020391042402530795,0.1413632550289968,0.025835547180165314,0.18724098677296477,0.02073246838563638,0.1594007421342481,0.05289640380095241,0.1857582821261899,0.18936002803785945,0.024820286720692558,0.0,0.018903322085516247,0.03259455422679501,0.029844688897617832,0.0920111665802907,0.08899122595170801,0.024406865456053105,0.22114439984185474,0.11135900373530758,0.03160833411142041,0.03188496336031289,0.03940218003150747,0.08778964313008922,0.08627142919595343,0.03884184042023104,0.29797309441832076,0.09795608974630256,0.2229176011018521,0.03523277727740595,0.04515125459566418,0.05217713314828169,0.1304092409920234,0.01923612643892566,0.07318266211804425,0.02292822926099118,0.03905119884230854,0.03597048122318636,0.08928952322032122,0.32231005176147365,0.04410184610534573,0.12298205726146043,0.07237538617544673,0.525220740153496,0.32420098327255786,0.5805002994283522,0.08024225700942472,0.2519443042617374,0.07280263530396486,0.2288400179434946,0.04611197776062211,0.030208904759040457,0.020992774964649984,0.021020075641606142,0.026078336111847282,0.1523542345851603,0.30304223538523095,0.02377746470908776,0.01863319001383296,0.04654101624285921
HSPA5,0.054034670501126744,0.07585788754338028,0.06973124490670961,0.05733803434971235,0.020407133745396596,0.09552599766013738,0.019058626996444773,0.07144564502485469,0.03548294096785987,0.034842841885626905,0.029720996427872952,0.1974324131441968,0.13584418622548983,0.40733051205638643,0.026060287751021538,0.08317625135303176,0.475935080624807,0.21137548976667012,0.03419442009185478,0.13603661376203421,0.049748094084560546,0.3040970924201465,0.03403733440984073,0.2948615476720439,0.024378513270109908,0.12204270103541726,0.03544125782857949,0.2533320648779697,0.16372158280782267,0.7112935114325667,0.04696866284653916,0.0187983405807023,0.0,0.9295405341564196,0.061061723772774947,0.13653380388292294,0.16405648844950368,0.02626904156489832,0.08781493375533204,0.13555699596594573,0.15356996974495224,0.08484304552452691,0.5316887284879463,0.12736423378083145,0.10860568204405065,0.3841895607857148,0.2656984358339069,0.08205150385548882,0.7784554187958221,0.05022714515884685,0.49052900433153535,0.020039471809898058,0.3192179475345835,0.02715621078147138,0.02713779981755378,0.6761767348392688,0.23233388138487415,0.3985663321957518,0.48343175331139215,0.027881033274401744,0.7869268455005989,0.018619225760266634,0.02336475925929193,0.12224213079280563,0.2540681730369865,0.46633730890968556,0.029683823997963484,0.043808058291255836,0.4509389764916853,0.06550187749041034,0.3329944200334457,0.2700387171894108,0.12641552884393553,0.024187203599454917,0.01872698915457724,0.0684669060855424,0.1174834552538192,0.12070302459336608,0.0862220646393458,0.04192573433810015
HSPA9,0.11719002114918305,0.03346386395692861,0.11037395189749201,0.12290780678838785,0.1693313188652565,0.029700300526724892,0.06994573553641063,0.5434081616958025,0.02535513572722187,0.0323977886391101,0.08846487063964621,0.5379289114384911,0.04473316957041377,0.01965319756385819,0.14318099176083413,0.06443317091157842,0.023034252033127003,0.35004272699084676,0.03831470441803554,0.048259703206635224,0.021396514619582373,0.046073371468330106,0.04943945285648389,0.14716328352961702,0.4179245710482875,0.021591180910094848,0.12497301546549319,0.19524160953025269,0.13861387756815277,0.040699354771616646,0.0225793347319068,0.028544004252998814,0.8514227979032141,0.0,0.12178360456384983,0.5020954543843347,0.8162830660585055,0.06433494856010988,0.31381900497477655,0.01814424117785054,0.09694991800182587,0.9670162185234116,0.042698914416194333,0.2123794135881572,0.04599566077445325,0.2855659596714426,0.10247388955197874,0.03004461866135655,0.0603133119535892,0.03234259392793492,0.18660941366767292,0.08234542951619572,0.45225216303361926,0.02661038404728408,0.01966687742398532,0.09418948188530742,0.10270638835725142,0.02113929686357473,0.12245271525931826,0.09020872052471408,0.0265403505141103,0.01900222236901711,0.46381191744432915,0.8603432684596163,0.1519149094601004,0.08798487523298536,0.026717786587459446,0.05077946808450546,0.6465098206898549,0.031156031069125196,0.15076056226261697,0.11184901886037978,0.06070188990171222,0.1845487272225862,0.030882691370664104,0.22115908821707744,0.15941009286055927,0.049975497326199915,0.08395290757250398,0.019941847949926164
IDE,0.01888148639764242,0.2534628851586615,0.6953679050563332,0.04119245231947733,0.024403459528713728,0.05917222775932514,0.027628864007147747,0.027463015209192653,0.12620318917554574,0.14245198690405653,0.07741747226741967,0.04429545720387361,0.030562335981585607,0.1643822846326268,0.024387330335545052,0.3290508401887064,0.02149309399240794,0.023576704209744698,0.03494797449517606,0.028513633775317588,0.05187131700071573,0.11271482091743527,0.02275875519110659,0.03516518525254442,0.04648370720260151,0.09885303752627643,0.037906813894458616,0.643174233057038,0.15252090769260632,0.049035778051136646,0.12562454749408167,0.02958707129546265,0.06929375623553008,0.19241559074559425,0.0,0.0431266675569504,0.07924253308330624,0.10657088101347825,0.22282577696421824,0.3898250853722631,0.22601355622135866,0.2908947745134132,0.09343680272061737,0.06044921019439639,0.19759480718485575,0.08524681795065119,0.16677348209558407,0.10120638077437119,0.06743469230475432,0.8400430088818057,0.1233760923916184,0.25348675741958065,0.03648524151178675,0.12928332323329744,0.020298464730476022,0.47848009176400774,0.06456869541941027,0.07632181214622517,0.08580675541072984,0.1490483582720145,0.5088119440630324,0.18838238578457284,0.1676940315031729,0.9736018262226632,0.029543061510772156,0.0638547395346658,0.08706576369269231,0.01889583819110597,0.20203477033898032,0.20219340784844342,0.024777335394486108,0.15954674203727096,0.02338446788495014,0.07811896523586158,0.08518726641649053,0.11039296878837941,0.13721716298743175,0.07121188973759489,0.062298533414786146,0.02666539405001182
ITPR1,0.14114040064118114,0.025948835932240115,0.8561940714015303,0.0320284435522662,0.27579844068406467,0.05635015755627826,0.027197528716315526,0.04575622856173937,0.15694601128680488,0.02059859579577256,0.23530107047021465,0.07834370973974099,0.04910881629455091,0.042465965445898535,0.01903028087775057,0.02448058712859242,0.05171176706005192,0.02184618201012098,0.019062854375999336,0.15672201256515672,0.16462346782615903,0.03207488669021181,0.05990441050178563,0.058760892022124415,0.04058063099430024,0.43783960933442495,0.18758597295810747,0.019426390015138406,0.43641899337964296,0.02187067035881964,0.06794395524540565,0.07669381699414062,0.13533802372201073,0.6383967466451357,0.03953501441012988,0.0,0.01801914541798944,0.023190017475432242,0.042043157709739695,0.37680091817664846,0.07707251405275371,0.07671607358920092,0.914370199927888,0.060021341946808,0.5960801814037637,0.12639313527673132,0.03143234262249893,0.03677380828952609,0.028148790807864633,0.2511188998817209,0.14069946199967776,0.1388232709087484,0.08632520622804246,0.1422248161383843,0.027494704144320193,0.017999790346449523,0.23185821072960178,0.24287233703525288,0.030090617529451826,0.020264076044440926,0.10232422720481987,0.7160355742504774,0.020747913234874554,0.03491481237384442,0.06267987202501112,0.3621963958086683,0.10132756869989082,0.12362477453185418,0.04037265549537564,0.04591772909477126,0.08862226573320792,0.1226627866166157,0.2618716700188927,0.08147070097695197,0.7940539009578939,0.018036485384537587,0.1070246716892868,0.27778137491918564,0.48473147382038134,0.04520366756754222
ITPR2,0.022094875826384086,0.027615486346432155,0.672354736931533,0.01977304462566868,0.31459966751545104,0.0187598550401423,0.24250225430762662,0.025978225948271386,0.048410112374973474,0.030223078175038054,0.571237386310735,0.05827260009205353,0.24659718083627533,0.07494989269521056,0.06262360996936747,0.04649780900528313,0.21505033208234456,0.07286031801360084,0.07576820931731072,0.09144003968441657,0.10119339399492147,0.1431632114900658,0.02566114133611022,0.036499675703500226,0.2351281901739739,0.01903628710466959,0.35113546096359155,0.048556301759994425,0.04442967224926085,0.23949770434298895,0.039914620835981914,0.07103951951842846,0.1519040756618221,0.8855389879277753,0.06563165662479932,0.01801802550491499,0.0,0.03911341980147455,0.2022346814392847,0.0727441965031342,0.23691979509711178,0.12624268287104629,0.10859733556215749,0.07220782778947084,0.05463095054657688,0.17725984087419905,0.023611804112366325,0.09094796142390185,0.11144966631287732,0.21678468865928943,0.04872966302310875,0.044681533902316474,0.3897904918979348,0.22076567156883334,0.2662832654049558,0.32176418474321117,0.021977161961346126,0.05599769267059793,0.11559308536770818,0.03018935687961533,0.03123210089654002,0.1078934286635728,0.023787530620631287,0.4192447939410135,0.2003497644667024,0.04013109555085236,0.10100260361598362,0.022302288056588467,0.08802092267480502,0.08350560798726359,0.047015590824953685,0.08706395560788587,0.18488850941706717,0.3212978798312109,0.04598561636596929,0.03300158830600743,0.13107196016335473,0.28085415737235836,0.030976590764328994,0.046989931818769745
LRP1,0.02423599245533918,0.12337036975390053,0.02771590330223427,0.14358254816658594,0.1297347599899449,0.02247265442486839,0.025648817459559707,0.4076216140064229,0.02096026293420001,0.026528043489347296,0.024800129475790026,0.027325151648032998,0.029265089773344646,0.01963343142060359,0.33418804204574454,0.06985312067781431,0.01832928522592185,0.3700185332915306,0.11260309209554416,0.3762839729629197,0.018473658237449134,0.04954680683000902,0.47347112133147323,0.05510484151058257,0.06633410792897482,0.04977297293350895,0.08640730583714129,0.0229971492724427,0.0446347668647989,0.9738121828793985,0.13776125416003385,0.023645130629208703,0.026356640387650322,0.0778585603617488,0.09178359355428703,0.02327017005256202,0.040619155150808335,0.0,0.13080844226485747,0.022392802246288066,0.02674866649074027,0.09092765399370821,0.221604877280417,0.29279020284466123,0.3399842969271754,0.06911838582731995,0.6912383609958628,0.11253848355646122,0.04423025134481292,0.059037066363139955,0.2735893146058469,0.2902901004970041,0.019243993498548353,0.20490670058840965,0.07818708149677205,0.6606166795432854,0.025536451051172866,0.023091724470690005,0.6567896273542648,0.07656027129055508,0.05602130284924729,0.37195223320006404,0.37251649031667905,0.626386462248399,0.029477874917280242,0.05892164887506326,0.03001800729847337,0.21681788622928871,0.5912273186363283,0.03579830137168796,0.018935290943451567,0.018956178151825438,0.28428783917172407,0.03288650074689937,0.14827325161989824,0.049308233764425474,0.43348596175587084,0.11588553397674917,0.7905892749430726,0.06805837443330308
MAP2K3,0.02467988166495654,0.07465753837484572,0.2025745323308765,0.020555982303504507,0.032867802540016415,0.021719343097868844,0.033350188792013534,0.026205058878189413,0.032649386140413024,0.17231829760674766,0.054394789543076666,0.030164693734067514,0.25803401162385303,0.11685222669431564,0.02637826665294412,0.02029343513937297,0.40120221827440267,0.18830741044210889,0.020445493911941615,0.03302213820070473,0.018648769881038616,0.0821152824170564,0.26165374477393505,0.044839377143919494,0.045307932104409254,0.05194542986949837,0.21132227115254382,0.018523673344505626,0.03122652985822751,0.09178713647820246,0.024668756010046596,0.10588846937445981,0.06137414698713058,0.23608147391787404,0.10968403253845566,0.03466858101190032,0.1296409253973327,0.08325426166969327,0.0,0.2963207953777349,0.09747655853267342,0.040271138760141705,0.454978034232576,0.019811391551881958,0.20230999815620967,0.030751634964803938,0.07009667701459833,0.024035967536000714,0.21313077871798425,0.051022030697986664,0.04788175737189861,0.2682522386120136,0.02663409368647807,0.026259798528802964,0.07085015792821167,0.08759046830744427,0.03150709857743906,0.23658703775822815,0.02474886804704934,0.3112546419709504,0.7341592504944416,0.0869832052168557,0.06923417785936684,0.027759332811324464,0.05698958387620697,0.31080120054756916,0.12767256663174473,0.028373772421645734,0.1956614506498952,0.11896975298041673,0.06846911629146701,0.13265580975187521,0.03438351624413824,0.11162055982510616,0.03528995310851452,0.05424220384981368,0.1980884664217836,0.10547997788075186,0.22985834287367357,0.04014804099573191
MAPK14,0.030238955342308388,0.02379108140024576,0.02007533220950042,0.5636404295981817,0.04425221753634268,0.027199709725435985,0.15143290420403827,0.13311798005853678,0.8060152558983522,0.039870557937775025,0.09586830588967787,0.03371625467152466,0.10735930549833123,0.15402787327711984,0.04875313752339967,0.034494591238557845,0.0786561061733246,0.02776431704012003,0.07558761880015218,0.02620644986375026,0.018674029154221623,0.5651616151004214,0.07468008675182508,0.16858058604074008,0.03517652431357827,0.040218639576801204,0.23101050038943002,0.1195805733758342,0.021641909089503638,0.09028612241836244,0.038304756136822854,0.05931701939144037,0.07977619442583025,0.01811712897897262,0.15755880112822115,0.18902854127735227,0.051926695835083705,0.021051401107724178,0.26109105499622914,0.0,0.04231301501047468,0.020425471485568888,0.03590744273185444,0.1081390621327596,0.1254638688208742,0.1347639823689608,0.03727204799921796,0.2548878862012818,0.04578810570753101,0.029343779407683943,0.40452770925308473,0.028887049573453154,0.021089641619831657,0.04484859291386329,0.03575700486843643,0.05174336359302548,0.060938922813608555,0.057450001124150406,0.14417030209703635,0.2567262527133755,0.09264601188189195,0.28074062483304546,0.0966757094537571,0.05273540760790767,0.06502462330950323,0.038245731636935704,0.40260069745999866,0.04673955670515899,0.07194105413546444,0.24471930370445563,0.041231124547774785,0.1121389457730515,0.06020505577832785,0.035748747115221684,0.02063246469035608,0.18491756948408586,0.08018746137252625,0.12282147803762787,0.07653062239709771,0.021328047970450025
MAPKAPK2,0.05322653322604425,0.040291047803365274,0.23687626291495095,0.05947525901868523,0.07053776328150459,0.018125857601032788,0.13727795042148866,0.059392429119134255,0.03426620197897343,0.07750598285360624,0.06156815175824484,0.03294217662041869,0.040210026951828605,0.25429657787254617,0.10327342015372211,0.08221095795670239,0.8773360291303713,0.03516080404389762,0.0677621626053279,0.12481503097781337,0.03823543464303268,0.03359572639568692,0.018785749976382417,0.3105192928860981,0.04620991462256383,0.03936197682312786,0.03356052241916204,0.01837359377706509,0.05343065686849516,0.05199161778379112,0.04527785720385077,0.02788718401518556,0.11977786865397004,0.09717803192504856,0.14040648340841788,0.06495900445285908,0.19380281325659526,0.025377794696473995,0.12169490559061974,0.05038875585158433,0.0,0.37449138134068677,0.022925183159730616,0.2888612275031832,0.05442845514827089,0.16613092426185141,0.04943530462233746,0.3779454050253306,0.10836970911834139,0.2612632416774911,0.030519481509810074,0.07128066646050629,0.056182387146615886,0.02690867324431805,0.05397507077092232,0.3862772356022537,0.03890406490720096,0.08466567546244629,0.23723397549669786,0.6043772987546558,0.3014685752002006,0.04850644721073156,0.08141687322387146,0.02251381299277357,0.02957142972105474,0.43300813714813546,0.5193889352764975,0.032921931621352374,0.02777676241432781,0.03373891118343588,0.04449945874826215,0.24347292955256258,0.11327265957063791,0.04789592933326413,0.018336611709292246,0.0549406077527765,0.26013579363054945,0.10013887636708423,0.04129752996081687,0.021684882623070688
MFN2,0.04155852783671742,0.02353731593549291,0.0615629625484112,0.02192727572099093,0.025448618938754046,0.055699903856887716,0.43850540106755137,0.020833926149994547,0.46577392315210353,0.03452695010094334,0.4180420544326214,0.041247879424010765,0.1123879581187256,0.03576283492564248,0.0988340826217627,0.05211178117215024,0.9173613383324226,0.3559804422256311,0.036387005400076895,0.10467024760685345,0.2819333079196112,0.04765494596208575,0.037893354193606024,0.30187905273693433,0.35073686186427977,0.2743930186443388,0.04747400091148737,0.06389461963464417,0.026554027149135784,0.1569457503935813,0.07853586953221836,0.03041545005164471,0.08905152058827383,0.9912088722280151,0.24991072339979284,0.0808409770208403,0.14410823022178149,0.09430232461405252,0.052965645510799304,0.021561574371890338,0.5293511575548466,0.0,0.08307616739838976,0.08440493593098083,0.023130083162765713,0.018157402134378546,0.04572986742531397,0.5521076734067217,0.0369608022098629,0.04171256882019873,0.057817498089888376,0.7235249764848234,0.06897783438324345,0.058249232382940816,0.028497818861300303,0.05241772540880311,0.09990310127932059,0.03866820316654497,0.5004568653745644,0.023413466493049113,0.02714963792147885,0.33776525220120435,0.06674467467393864,0.6607376109442287,0.036466043008536286,0.046922657312149854,0.03363515751152274,0.025576735242146844,0.092608946059589,0.3394870785399939,0.11383949815965472,0.13825030469962313,0.01848143313520169,0.028236894295879316,0.15047969502009106,0.05675835034297701,0.09803260284956881,0.0452432871665438,0.03400108346604485,0.03571288335511375
MIA3,0.02117593757155742,0.056774656929070445,0.16233978446531738,0.11321165649281269,0.018122228855219358,0.05502444766922649,0.02425279404921202,0.07564633385814347,0.1420643289161787,0.06085892130177573,0.6325809210550836,0.08884427260944085,0.10186082560847037,0.035851506785251334,0.023137292643196982,0.6991234047246309,0.026282981529562474,0.14374905073701116,0.05552457134752441,0.5594413734225309,0.2951422768049285,0.02858596486525786,0.025277218769603354,0.04725728581634985,0.14607447542488594,0.19779447600215783,0.01969834159864683,0.03290632049878158,0.16305169968849798,0.28507078777705197,0.08819380004872056,0.029107744728135355,0.23877629705237174,0.035624075323311626,0.0509042152550317,0.5996701512588657,0.06639186985656705,0.10640116445647252,0.3607868917912292,0.034716278998887,0.02177298959843158,0.05047823128949053,0.0,0.18833153688021984,0.02152587791246384,0.25900275817190094,0.06859034921048088,0.044799893439511206,0.6981452275616814,0.021649470366735358,0.021316415381437862,0.02341473243379235,0.10509562024850748,0.04673724229495164,0.020532098413020124,0.4365629696303027,0.09740373799467518,0.4499381366799389,0.5162009476879558,0.30081058432199814,0.19361466407634792,0.020445630379881112,0.5704315927901192,0.7346108332404826,0.8940527533953412,0.039039428756890045,0.03282040912972283,0.2537858796695742,0.21777252429322086,0.034873873596330075,0.031993806428005936,0.059598434042984524,0.17132603472310115,0.12629800701974192,0.07548116148127751,0.3123685582338714,0.02330101931923469,0.21701321189616202,0.026609473342634946,0.03159873101819588
NCSTN,0.19906798455074226,0.0794191973275518,0.020319785936405224,0.145498886370578,0.035849237131487105,0.07462225436593,0.01992775440414233,0.03239610582582788,0.03678095772364015,0.2369501011271549,0.20206247758295318,0.04251003487699172,0.16002763736610656,0.05400246460033823,0.02481823376665752,0.16826930482511288,0.15211875921482704,0.08492320852535083,0.06473902352050659,0.07160720427315444,0.029547012655595395,0.25654103885741136,0.07952268337373791,0.10034110200065312,0.38183102685220977,0.18966823983572148,0.02802132710034085,0.041455306590188284,0.03747742237242376,0.11680291297164647,0.029367162857979932,0.06126681447006578,0.09887706585187593,0.2069065193838251,0.04649353652074149,0.05128510023617848,0.06284904753532307,0.208495415403422,0.02005140366447807,0.14828125505499756,0.2801971143649405,0.06597562463968365,0.3061553844661534,0.0,0.06289529622323854,0.01952414293691277,0.1321815155396461,0.2862228785076394,0.03529251750415705,0.04169995977084784,0.16302599805773701,0.02569345947540809,0.3197646612589812,0.07616486212291049,0.03057897542455939,0.3341672096642267,0.9363698093793467,0.14671757601315147,0.04644595709316737,0.02677805503556086,0.34011164730018034,0.028170131102645567,0.21273191221048285,0.14268632115969382,0.07496441513316965,0.0685455284241669,0.6728858989776793,0.027944968000071412,0.018011724934579292,0.048375426579819,0.05098952081864926,0.028527478610707584,0.09558625237364538,0.44146519242488447,0.6671094888625827,0.9986705160721087,0.5263000512816374,0.07607642603856535,0.21168971597125424,0.01998986810858968
OSBP,0.06340609291062926,0.029996176272851244,0.35222595551898184,0.026364071218749622,0.05358198698564278,0.08689202081921535,0.13281737544844788,0.05762936912994938,0.18121802526274605,0.02308192339506869,0.05825302501405696,0.4929472927694061,0.08699898468547444,0.0605050817988476,0.025903463068475446,0.08929037417321112,0.6019518153291965,0.8357578812029254,0.05254788224723288,0.1946109799936397,0.023747859121241565,0.24919331281174217,0.9129065810317286,0.028340091383788152,0.034852463167251345,0.030071811414582792,0.1408246808097613,0.14528328048216493,0.32534611354926063,0.06625668499683873,0.02781293218929414,0.06006844424761025,0.08518810081618619,0.04526603308725115,0.12077549460217289,0.4463170576542626,0.04859399427071622,0.2383549740068925,0.2574665039990787,0.17361534317815455,0.05333368024171855,0.02216948153456141,0.022499227861860843,0.06250675611975998,0.0,0.0564028522718556,0.07834202840985151,0.04954857797157404,0.03224077078945508,0.05738371829490419,0.04385810175922917,0.03421545867889428,0.028210019366270742,0.24407494077123715,0.039001772234717715,0.06380307307572745,0.043816679891451694,0.4772639747236516,0.02152234525230377,0.6713778725602125,0.4277664706926437,0.10596047138367462,0.44635429309486174,0.28703423625170527,0.04596728627563803,0.1324152733489669,0.050824896582868914,0.030671876720161362,0.04174593976890558,0.4519571363659029,0.06111652755172939,0.2510421308105387,0.037758213026464975,0.7133733738822899,0.020196406730229086,0.043780098773798216,0.0903500089884967,0.03279688522077382,0.24600989732121756,0.04554657908582712
PICALM,0.03741342299612629,0.10740555484893351,0.7292158686687235,0.2556380378258172,0.04620221296195034,0.19629806580190665,0.12997684613658142,0.14457294163499207,0.12098426658759914,0.3217060551583453,0.19443917145452577,0.02006573055668558,0.344912957217516,0.028059632220613154,0.029721945774464034,0.03552733785509776,0.07032135229687468,0.33803298162336787,0.0210339985844628,0.06923817176319347,0.037259561809733915,0.11256101479707532,0.041356300092944755,0.0720622787800358,0.03395155878660021,0.06907766374011387,0.3103469874724471,0.19473169555267583,0.01988895314486703,0.09527428060127717,0.07668727549415896,0.033750608408540626,0.31894211920569976,0.31938077165030226,0.06601749713942086,0.1098526748075907,0.16183266954390335,0.06149358810215699,0.03416416237182397,0.21691043672213559,0.1834992516757187,0.018138427084890787,0.48397756623823396,0.019628630796936084,0.061012654552983686,0.0,0.06502996411309188,0.08644911148753666,0.44038495696760066,0.6823875729365227,0.22113777333011533,0.06396387691258679,0.23119557295114598,0.26156435098886804,0.12921825064322037,0.04271715871388968,0.05446558795421208,0.022372127337661418,0.030559916851424066,0.01807128520508247,0.06949121745279656,0.24122924881460459,0.03582478797545233,0.04199963830409478,0.07242771122369042,0.1222256143306449,0.020396959927022035,0.20215228714574002,0.06278722844381741,0.19259618361421826,0.019677156714791245,0.42395779809313683,0.024325225609071133,0.06476403577786687,0.09650828108445438,0.4493850446652611,0.13231127739055515,0.021704071825909173,0.3012822315399529,0.3392490904034009
PLCG2,0.037623544837530824,0.03612640685548853,0.03060371378171038,0.04959486179852087,0.09604749222501198,0.11669073463074521,0.0737287782272988,0.07247550541407854,0.054981527853815514,0.05340859717349177,0.4665951001869366,0.02777274051104551,0.39021048828567173,0.03074392913538953,0.053232877661008565,0.028782360386007375,0.26497533957970437,0.2344279947594423,0.0446348853338325,0.018401846915299235,0.030941566386329302,0.022833720475968048,0.044924344954219694,0.0210509788330598,0.02443078419464991,0.022515260604920553,0.14558654982169436,0.027033223244073645,0.02049997696498645,0.11620807693869033,0.2961886442515705,0.1207585683780251,0.13630906842488347,0.07675624634666772,0.08015500122608554,0.026985295631982816,0.022067021812440885,0.36330864629822296,0.06487419729521943,0.037194485944170845,0.041544074872544,0.03463415619505315,0.07305602103110138,0.09733252816648431,0.06245519479738452,0.04966461879997319,0.0,0.0284730131584831,0.2121268633000801,0.08839674542817308,0.26722529535655415,0.16778222888612426,0.023951984909888414,0.05923265123911899,0.05393432109372425,0.024383702727963016,0.026427540250357658,0.29589235904105277,0.1809861061725525,0.08601735833521885,0.13471070284233694,0.03809512695021934,0.0912722926784698,0.24787962086616727,0.08593224538292442,0.022734156877272076,0.25461869379311297,0.0191389066089301,0.07332678766758899,0.025367411603593782,0.14212367783156196,0.028817120121013486,0.02534799601460396,0.04096791267707554,0.08789859476288861,0.049872760038630885,0.08010185680557534,0.30043270680475,0.12023373247024342,0.04036501528924414
PLG,0.04740332454807669,0.021406182500127675,0.0921827873281725,0.03421230227294291,0.06977605346637626,0.03188889372070876,0.032326502545229834,0.10860612882444057,0.6718794770611447,0.020393823190476168,0.07758824771365777,0.019553791838420945,0.08854594737797708,0.04745898176456304,0.03771431228499182,0.18154484614108624,0.18773848278848151,0.16746235378223295,0.04963966479783775,0.04180742582775298,0.09505830726130564,0.040258943792100474,0.03820930555376898,0.09288576302993498,0.09496373457073391,0.16043259077078376,0.16705877017940893,0.07881130195813534,0.1145826018661268,0.21311379635164113,0.08672500639246843,0.06102047053855389,0.061238601861357905,0.028807961348746913,0.06385628747255183,0.032025959106854934,0.07011238425724337,0.07848433341668036,0.02434956605023977,0.3186232445331479,0.3118230337885324,0.324321611406573,0.051888827185408756,0.2436173894343311,0.04638481712276246,0.07124935474955228,0.0299388168690113,0.0,0.054435163261731666,0.043731018440686734,0.22070770446603283,0.3190901570194368,0.1902894900418319,0.059696257609956976,0.0640489150688076,0.019074085801269486,0.024440583822936433,0.022533900058316767,0.9771252103685919,0.02761792184030246,0.11340288859872352,0.106288266433496,0.18684589202510543,0.1413260793501756,0.046580195680462344,0.16217697903678144,0.03033327551782584,0.045090313162437404,0.03010562977997031,0.0693982542067891,0.07770568749790398,0.03279248858043832,0.06438942445688209,0.6303280546301253,0.031803036931005634,0.04647225935776367,0.11446900368558818,0.5529998788941922,0.056281593497562545,0.11066952689024956
PREB,0.582957220794759,0.03671529222671807,0.2265583469446185,0.47856350297075817,0.08256265825253066,0.028853054342286865,0.06151740545054104,0.029496230142399934,0.039148352840270476,0.03760939613601258,0.03380580860755178,0.1531128183525673,0.04906297797082213,0.018097454351704255,0.15868585960893408,0.2926262535371773,0.06398788224016588,0.2327196342994325,0.019821731907675392,0.021524804303033676,0.983062579726173,0.02423116420131417,0.1877742078806578,0.2032444785080378,0.14481677458701625,0.09964906012843282,0.4482476723267591,0.21436894806240778,0.05019583095181587,0.1280005556154083,0.043487952178357575,0.12468340847658183,0.6019391952453375,0.05763126070097895,0.04934809231484271,0.026252756114080865,0.08949100900457221,0.038104041879459594,0.25908463912984825,0.05299839507558006,0.10127599125696635,0.03234070864036231,0.8701213906858047,0.03467148938078237,0.03183982358182474,0.3627727026428081,0.29445569294118673,0.0573233756710096,0.0,0.042585476374971266,0.07386522254362818,0.2750980871866624,0.04362169099263207,0.13637307108643434,0.11858964986519867,0.021785685091872738,0.05393159470971159,0.06721046183219712,0.225406615500383,0.020230627539100706,0.3913024815969147,0.0302816276326298,0.0399137967262088,0.41982556242835006,0.02859722868797786,0.03995025145913454,0.20676840213570966,0.1575691544417502,0.048459416970312474,0.08958274463521294,0.019686671146456357,0.10627969304085785,0.02530482288323709,0.12313501339519377,0.8204058159848594,0.19083747977115623,0.09475994765157185,0.363116620597044,0.02505910904069433,0.07054608379156985
PSEN1,0.019855490064670554,0.036903683381594214,0.07524073462481798,0.49546928217950903,0.039672007087288144,0.018079684112188868,0.027724581852003168,0.1759239752186803,0.02665925896448985,0.03338074021287781,0.26528921370594505,0.3042661821923283,0.18482936340769004,0.050566704069541224,0.04280791845241963,0.3839095544219292,0.22278778951712003,0.044868145959804484,0.035658869210950656,0.10037665374324051,0.024497198877457636,0.24759575772309425,0.02070730654569086,0.0446950460276122,0.32345886903390053,0.17538628677429877,0.12306254825583242,0.022612479737797113,0.05464965269196067,0.3120547966398504,0.45443989864568723,0.025987971367173356,0.03392726843839836,0.027195835645270464,0.29711058619920994,0.09915973390631451,0.09397576608317085,0.03730189738772049,0.04157052548188402,0.027250424569664967,0.12767660606144995,0.029731482278223052,0.021220885600862667,0.03279703648238005,0.041458992443354534,0.3066432903949774,0.07026725910570658,0.035608016681290995,0.03385577817452049,0.0,0.021386675105554694,0.07323086567365757,0.12868816793889357,0.0831209540361994,0.053448167845423986,0.03246172231309018,0.033574773372449025,0.02706751508216054,0.032090367206115446,0.16123406075022004,0.3013235391741505,0.06231445513081729,0.020007342785474933,0.026041056628511958,0.028178748276684262,0.06482054312647673,0.1016116588807527,0.026756378592570202,0.04355122123677887,0.025542605838088598,0.02645606120918674,0.03242392789758663,0.05777361376669198,0.04258050089300267,0.8032147900059163,0.1803661322327058,0.03999906204466286,0.0839503906306992,0.08191832861670703,0.07194056772457609
RAB1A,0.030419523460901085,0.05560505548428867,0.12371177533115882,0.08757528209420884,0.22503591343755924,0.1310702897990002,0.11218735191580148,0.01950515855802058,0.11331551726569448,0.024174456161015018,0.02532385515251441,0.03799006141299621,0.35702286147477413,0.022463257261093206,0.1445777092240337,0.023764670989892763,0.023717590617983977,0.21026675937823308,0.03592405233491714,0.2582050130936967,0.04922115690093661,0.02230769204991853,0.027399442992612977,0.16941274026858422,0.043030233925246276,0.5794224738840972,0.038403470150958526,0.032771548956514115,0.43653726817922744,0.09622133168939158,0.21333118080060057,0.04108035253301732,0.4993628408413916,0.25359459272923757,0.10516555782687839,0.14436892815347696,0.05113746715810876,0.2736431749089659,0.06469498651749067,0.7379783586512059,0.03308010727047837,0.05631965300696012,0.023066816276530698,0.22536269455189784,0.051141901477241763,0.2709348324620723,0.5450314248965061,0.36540510409705257,0.09690509374339713,0.02389894048082472,0.0,0.3940222274093586,0.052200673143555594,0.22432098006526713,0.2549622127137667,0.13288638129017374,0.12050312357548877,0.025363555168846735,0.0761757686494351,0.06428869513363243,0.15289157352399496,0.04333882433621287,0.03427879513280528,0.08992784941300035,0.03516474329200305,0.2545471616137539,0.01835662850998755,0.0635230192699095,0.8081706371411355,0.19435632590161545,0.019894259258642008,0.1212895798359512,0.3141188882615358,0.19479069299868285,0.05000687081268905,0.22943179537550792,0.163188634948867,0.04146070726774093,0.059259699696444325,0.018866108291182952
RAB1B,0.021065903569797335,0.039220909351519284,0.027199549559917022,0.10962229716170263,0.09480576088069788,0.13645768721446866,0.10054777900606902,0.12207376855169395,0.10646978790822632,0.09437074195947166,0.022092580598698928,0.1278186264616639,0.4541092680189382,0.03480381574822907,0.0318753760189587,0.16084863311178949,0.01893692882123813,0.019072948095723092,0.06508422150633102,0.037267406847390175,0.028759701988026735,0.24290972416262133,0.03328471988923903,0.4434518946847596,0.04983307981507099,0.025043604927961944,0.0921142424841348,0.12267841267950112,0.020129774943136825,0.7827672182464932,0.6388471299340143,0.04430204110383069,0.01993212432999869,0.09357099319064924,0.18347562420913627,0.1274754777674222,0.04421759418133656,0.2545871767637822,0.4287327255125006,0.033456594004511106,0.07994121456251108,0.637823695980208,0.02587640283341453,0.02663794393422526,0.03663423003321769,0.06672593960274226,0.3009828315828575,0.4612696191613243,0.3613683062541986,0.14966431725799986,0.34570617397688,0.0,0.4595486347352855,0.12853784169177,0.1179734493948528,0.08596059712605138,0.023297600436468842,0.1839094708668706,0.062315148990524385,0.22556599515595285,0.0605845915244852,0.03396751346284234,0.04269199688423021,0.034879640098672025,0.10889877055880527,0.04734592284804877,0.022909613613518343,0.02017303524185746,0.06083784733853516,0.10051592102139228,0.03374912756886039,0.7652162598161439,0.0515574695949328,0.10905832359214618,0.03404975098955076,0.13740560041038674,0.7060743279204356,0.3720291743986398,0.17198085787253242,0.020098322593876377
RTN3,0.026781580928470487,0.03255760502843076,0.29263290629363986,0.26615131776983403,0.044678873022342684,0.06840571194504518,0.03482781583187723,0.1332754573114185,0.15039652446935267,0.027304289522382078,0.03727021836971673,0.1343578511925808,0.01869654141441514,0.5045646708201617,0.03900609328721992,0.17454258880682724,0.07247784397186764,0.03630013879752523,0.039511964682897895,0.02022769506361734,0.06995404807117586,0.10766710843455488,0.05048129035206303,0.022052560622309904,0.02169735663066227,0.16435556687564062,0.37138545417419155,0.05313891841652542,0.0741848983619524,0.03913720976922511,0.47934371746113774,0.09735027097134534,0.28478984010452346,0.5352606447388852,0.0330277559056358,0.08056736534817303,0.3794102820996231,0.01916781084508852,0.02922888294404301,0.022159762030866018,0.06179194354845859,0.06209645445601357,0.19208937268772014,0.3947592128447301,0.02958689518102223,0.2483405390884259,0.02620666344898759,0.27371582529353466,0.04888896989689651,0.3161781515869836,0.04908890967733601,0.45887620836168086,0.0,0.9341703321927741,0.04892067577108753,0.7441987478062713,0.13203144908998804,0.05723400935472875,0.02375921627023887,0.055674432891383165,0.05741785540947825,0.3977559614259608,0.08658658975487887,0.37513060368627416,0.8547226433646843,0.05600558118805209,0.06356269788030972,0.040521104546796465,0.03742508232184794,0.08630681423340812,0.04051052494794805,0.06111311617527912,0.05712741808697692,0.04197672267714526,0.04352908270005934,0.04555119629261344,0.11407141717386984,0.44206643579061006,0.021593946177195622,0.06346127072453496
RTN4,0.07459846757672921,0.06795540118024795,0.10421988284688337,0.05304295980690948,0.301104052452592,0.15721833264425647,0.3465657423494028,0.27199139893335555,0.1259029767701017,0.04779624922260755,0.021663637622543377,0.19363916438590284,0.03655657052532021,0.06161677295050071,0.018071108838961795,0.3626407061547926,0.11720628832410676,0.7270559136023031,0.46690174956884434,0.028736986443080082,0.07618813260315638,0.07987696345982205,0.17134229077576615,0.268946531971546,0.06592552220768205,0.8658173380562149,0.06898142879865839,0.021937874670730894,0.6190672104012037,0.05304591064948893,0.0436032170065743,0.019116825998123754,0.027400175641988243,0.028433237010719366,0.11225491260863715,0.14954419320659457,0.2517534298649878,0.21050956032943177,0.029756628993072947,0.064689193686794,0.028786000723156638,0.05755017496803431,0.07321981949329621,0.09816009315390958,0.3582000278516872,0.3306216763530128,0.09516039639716294,0.08204900077230992,0.20129387314628,0.2078154565182756,0.2305196593941362,0.14718375298930836,0.9592463142229705,0.0,0.024070332673523775,0.026054439058400145,0.09733231226765166,0.6700498174838596,0.14451479771568176,0.052652561641635,0.02188790483298161,0.02822996597727456,0.02616157426648222,0.042902573939499644,0.032571329300549824,0.17525998155257197,0.026641937131192256,0.12074638239366499,0.11993423751655978,0.16128524878968825,0.16412759704887456,0.21104835383226747,0.16604724485664776,0.022021162979184154,0.2647059172219131,0.19740638219976467,0.034275138757238366,0.04703380395631717,0.03912720360557117,0.0284783271089596
SAR1A,0.5147141744553388,0.01820978219394353,0.022304910554891935,0.13461702854708565,0.04045406444791368,0.15357571365127842,0.3627054290000432,0.17457679931559558,0.2572605623431327,0.15147381186041722,0.850569970554423,0.030479330059379584,0.026351011315689957,0.08966379474004905,0.04729918170558306,0.035791159080250774,0.028334219465797266,0.04731399564300914,0.05509040691497787,0.07552150209026309,0.1098109394703907,0.6868918194025158,0.03767488844950862,0.1747468055400622,0.01905282838716549,0.02358857976884188,0.02158435596404261,0.04236103219476842,0.31290947210550846,0.0212336011387478,0.04156764490015373,0.05591450058208017,0.02609712699598501,0.019729771767651075,0.01985520861818666,0.02645566600641991,0.23317476648188018,0.06750036933277188,0.08966304153440621,0.04234242692325967,0.055997207278058424,0.026923116695095253,0.021402297887837717,0.0313728463091364,0.04064501367202299,0.1256248828167286,0.07061374326668068,0.07501196906481433,0.13567287556273686,0.08776420665069058,0.201765462016725,0.10837091457397685,0.04668954961774692,0.023280683968900467,0.0,0.04992561940654573,0.0471019916983556,0.5618993470562148,0.026434256028364585,0.019847410623462566,0.12788360988608707,0.5347365526307807,0.09403003248019881,0.20517661009012023,0.18525684139362872,0.4458629395245474,0.20160399915367241,0.018894237560701594,0.6578090333409964,0.23741655168777823,0.019450753559037963,0.06803074949050078,0.07240187652820387,0.07061387023351852,0.039046707613770604,0.11547052692402565,0.4967156578667058,0.14406066317621186,0.11923372275428319,0.06820286927124075
SAR1B,0.5862332575288346,0.2494315777619659,0.253159563440379,0.027858636840548102,0.026170315160661352,0.02132926658461636,0.020553907086719014,0.02714840794628803,0.1642124777297279,0.032302119618651516,0.076964065478667,0.07405638100961777,0.30911944135292196,0.02430765612062507,0.07314739530235184,0.07963368395168145,0.2873442582817378,0.8043657435432718,0.023273796629736075,0.05346881657975917,0.01894645371590394,0.5051411201706311,0.04318955697951036,0.018842207886356856,0.07161920143691755,0.0443588344285056,0.058285152471118484,0.0819943305020786,0.02076608476309935,0.03322633227342525,0.05065662171759211,0.021876347726537917,0.5743963143475858,0.10022230687009567,0.31226851042234954,0.017998597015974456,0.28350414156638076,0.5495852341987206,0.11517580529083471,0.06716494815701182,0.4186479865994457,0.046163855346771955,0.7189647271389934,0.37390537815338093,0.06850220732312484,0.04228907398232564,0.02636295675258904,0.01922352816902843,0.022126951109389534,0.04290495952086065,0.11022140667874289,0.08039423614831771,0.6995460552734246,0.025003435180258524,0.05011059142257128,0.0,0.07298042283610738,0.23772961854663913,0.07076729820021227,0.03879957575396289,0.01989875771481789,0.21030143777817364,0.09082197791274181,0.025209200097275317,0.04044134090865971,0.026498014894452658,0.03619492717382007,0.11615678963391379,0.08388433991654533,0.7135820413719318,0.03456386302280134,0.02925323275813625,0.04823284904667458,0.07976108814011611,0.0569357624931761,0.14489833024398352,0.03187254494101199,0.03756872182929994,0.478741726533019,0.23617022431984216
SEC13,0.03483788638382126,0.08555047227206482,0.02088365402080758,0.2264338465489758,0.06813028618511961,0.021803377552331894,0.019483983963699818,0.022481216931018382,0.027316963683948908,0.07414279114358553,0.043974779877081066,0.06221361819275015,0.01817633992460513,0.06435941266387162,0.020134657531919214,0.04842058000528186,0.5702767712737176,0.031875791988753906,0.08429985363105556,0.8835934636864702,0.17580111084566105,0.038386703740977614,0.04484377818431747,0.08076006325115427,0.6938288735692011,0.20513930859351334,0.028904350396795512,0.04836697311054537,0.0359196319198635,0.1046324794290055,0.09296717995418315,0.03402803447333957,0.19659610174657177,0.11298828015905381,0.05254626137059875,0.1981521793300019,0.021807596805700453,0.024799472110702808,0.03530902488219391,0.08431433105247263,0.040623684015207225,0.08412786522116182,0.16541041718872568,0.9595844283877961,0.04687227608223455,0.05482160429749423,0.029418019727893006,0.02561296275816778,0.06007732142669439,0.045813405497280905,0.10371660816166117,0.023133484882225327,0.12568558043457648,0.08343712125291776,0.048083006792357365,0.07478030149053982,0.0,0.0420687375215315,0.09569277589894484,0.25968769077094633,0.04877035225874935,0.17165999018832687,0.10518540864312709,0.04843792804091873,0.257008123295031,0.20715423167424538,0.04135598789099667,0.3350033239460809,0.12790758373494365,0.228694719906654,0.018477042391846884,0.05317604026945675,0.39385225784350564,0.04636156830051496,0.05549496185870869,0.8858842070249082,0.1955352320611964,0.019264799429094242,0.1715589634151524,0.05333289794002249
SEC16A,0.09381123124721504,0.1597612130337497,0.20465367690809785,0.2491933485595081,0.04153038934299596,0.02429880405353777,0.06537470855895129,0.13047488134275476,0.056118280586217366,0.1033993676633008,0.2843935889485266,0.018072827919296954,0.12954185423945133,0.022756235632031944,0.07230756376237281,0.550398614788546,0.04108686976150505,0.08700631128467547,0.0421728554595851,0.036193438513749836,0.3286178841867419,0.032869882624618464,0.035200847228564196,0.2940595886297988,0.21537903410934464,0.19597295303882925,0.03747818367139017,0.024520872471070272,0.03129909989976691,0.47780276753115597,0.04398214732744702,0.028659520339355135,0.215508471337588,0.02068102642088958,0.04867125805382443,0.13832236301029305,0.044038589393310616,0.02168528880633761,0.22850376315455617,0.060267307848164746,0.06896620517598953,0.03151882896100432,0.5411635877938025,0.11498482778582174,0.3629347162034089,0.021518522085789155,0.32631193069065384,0.022240562190515362,0.05902226573469084,0.02970744859054741,0.023264503873289016,0.11848529324840415,0.04531583226935461,0.37218533859219793,0.3881097597394582,0.1619664471768138,0.036055739735244466,0.0,0.4509323463689361,0.02655871974493486,0.028263628024760255,0.07264367341834131,0.030309308663463885,0.050902556998983876,0.036865562902411886,0.02066257100121306,0.02356287380688779,0.697352092184672,0.21470463805069984,0.04435338782020823,0.06012434859018088,0.5400399176770794,0.44024093340029896,0.035340921520554645,0.02546517849975102,0.02630665631145158,0.16483099980198462,0.08251453680744918,0.0568569002291544,0.4827039131058877
SEC23A,0.03425963250351418,0.0640205589890786,0.02822587017034559,0.034600945334342784,0.026861985305794842,0.06910877722508835,0.038107601707468304,0.09155051222992228,0.024312639409430594,0.047395158797443784,0.04432658263724946,0.1750866494462444,0.06360864287758841,0.053775494523989005,0.03688114650161433,0.09471210028877294,0.17997592602709953,0.3619029549707403,0.06666161673752896,0.13824711601172662,0.04761608025487747,0.018848991770077136,0.05166552394498937,0.17296834526887955,0.02624198870406127,0.48048381920027844,0.03025293492365832,0.03867440920832685,0.02248394562684753,0.04518580492662333,0.02145868552600909,0.06280410705141912,0.3601216531664457,0.12181796638847468,0.0621269944341009,0.028224282991496784,0.09794147112391703,0.5031448747544218,0.025837124108571096,0.20893993221112014,0.2349962062619199,0.3484553424416289,0.7580602691791888,0.04685849804844228,0.02157890050184242,0.029730906751086292,0.26968135693583395,0.9881847249778982,0.24380307888505745,0.04076223165070836,0.06288134050548955,0.05630157175098689,0.023217715569156538,0.10843638913688526,0.026058414430901115,0.06702950701910075,0.08725931850103535,0.5958678526367781,0.0,0.423588071421256,0.47686910762018686,0.5998770641587188,0.930998457984616,0.14005482737629388,0.04592203866118983,0.04927422172006868,0.0777914990287997,0.03557857851016157,0.027430255872160955,0.02233542078103129,0.09056931738236455,0.0483215227101361,0.13952830126434282,0.254600889984576,0.19374759883680362,0.046208263632652825,0.023158775020400202,0.15718840397055273,0.08648057131350849,0.02012375055480229
SEC23B,0.1211119567535563,0.1384895457757326,0.35750894407812234,0.03846903845544386,0.10725399199996455,0.019736860157498617,0.019868939427742916,0.10532679592699068,0.024240904362091916,0.024086296454636936,0.10534351233683253,0.15207969627297277,0.3534516790362276,0.26800517187466844,0.0600764323957266,0.19690320589397722,0.6980919700260813,0.7523008359182278,0.09330546894482053,0.10040756651058572,0.0908079610696385,0.06025777429469451,0.03021487110580826,0.12488085311099555,0.03938603374417257,0.10792045761473086,0.7109174289339888,0.3044106793408777,0.07080770540020487,0.12030973310365609,0.6899143400424015,0.217924258521767,0.02717626567471947,0.10160424479802661,0.11109084627288528,0.020133584136043933,0.029865304587966553,0.06971280094551646,0.4836993938458205,0.45475357803713334,0.6816430159055608,0.02287472894993555,0.5785302576143072,0.027763630338553055,0.7633595452431156,0.018073382344960587,0.1340284941733803,0.029752667441375644,0.020520430955494624,0.40238226727125964,0.05915943672241745,0.22103853091813538,0.055139879516232726,0.04845604760150178,0.019926971024660928,0.039899967038301704,0.27030556469865824,0.029230145814049792,0.4977929778764656,0.0,0.10225227834750428,0.07056366728470814,0.07224390401140617,0.12913614438505308,0.15464756870996482,0.16497867652565407,0.026541859233826546,0.142645543611114,0.3604641283108453,0.026872429959683808,0.025336597575540545,0.24667256898562864,0.18523051571898472,0.02851467066493764,0.030278745664692155,0.056112361859968624,0.10864824679766234,0.022040826806291967,0.0381855694879358,0.08518880658977417
SEC24A,0.24364756588331662,0.11473385272616406,0.03919304004443131,0.01813776883087054,0.025180388273349244,0.018257530242273712,0.019942241663686796,0.021220490678613126,0.07423275301107699,0.08806227719931255,0.04767825873303971,0.02543584908356202,0.10333808810433515,0.03583051276003939,0.03106759249905435,0.07158595232285937,0.027398568030354276,0.12004000043382927,0.050344455246378934,0.019580203199120776,0.031083294553354637,0.044942465098765254,0.020524951259279754,0.07659085652884552,0.06134950859826609,0.02384007370537149,0.0733335568199045,0.03350340516791388,0.246356808337088,0.1140466694371495,0.0990229651509027,0.03337180921224222,0.5250791213358645,0.025382196180393782,0.23457099937158976,0.07040294935124615,0.028042795876860167,0.04312676709817828,0.7415231951617672,0.10283739181367256,0.23000962868569824,0.024485419264905706,0.2476584017401369,0.2669111683001863,0.3406843170081652,0.0563660287664595,0.15325963566742035,0.10661736471745821,0.32622035102655356,0.49399007388869154,0.09554465869878208,0.04850300549357768,0.04643686666837735,0.02086649714830125,0.09771203936789566,0.01960192800444792,0.04151161248603018,0.028569936897528615,0.36995427299134864,0.07587546573630027,0.0,0.19851247428929839,0.09175781500764002,0.024088592750148644,0.06542523759886172,0.03201660554820643,0.066226833900422,0.5104586336966406,0.018073996820937584,0.2638580383936122,0.16178366776196648,0.16044926223421774,0.38288618286909815,0.05029945460020493,0.8127983157520708,0.03422616991998643,0.36229304496294334,0.03215414387733196,0.19741236769024811,0.07465115628111714
SEC24B,0.4652613892096737,0.037490871391238835,0.061443760004954405,0.019786388765640484,0.03372051335587935,0.02596917237284016,0.03232718294132531,0.026342315944583843,0.13604760348182185,0.024054336163701368,0.09319267908866267,0.052317653219072675,0.2671085264436019,0.06439778959849402,0.024797297045384307,0.13287797330930443,0.057829015750797956,0.07209355363705033,0.13273115927370766,0.022360293513167626,0.08376025059626095,0.0789516140741776,0.10180546423465582,0.029707103483392464,0.16161638058896943,0.23441188337573157,0.026383216613915433,0.14591385405382581,0.04087424282945912,0.12222858700780827,0.06591101163287413,0.07577202857211239,0.018509583323541957,0.01894963464567353,0.10935032298735768,0.5257566624301843,0.08532569492397588,0.24180967419502222,0.09822956183004132,0.3784441804860343,0.046114505896455056,0.2093595897411596,0.020988265343978924,0.02768842497662938,0.1001400426857952,0.19403802273433862,0.04252593901379231,0.11263900753942784,0.030088142748989532,0.09454730363151705,0.03712223844005418,0.03134423258726347,0.2953918672710711,0.02594006872064724,0.4488222943666713,0.174365229051484,0.13903349036018392,0.08293533872097741,0.5485765095151721,0.06023439921167288,0.23054939744258213,0.0,0.046321281610799486,0.021372012659743072,0.10769593421558422,0.018730819665479615,0.018767913817844397,0.5234888242904637,0.023420045334979555,0.16838332404873343,0.05292823643673123,0.03376632793501692,0.022019898788812758,0.03415329101685724,0.11151726009739835,0.02396597258052454,0.09183247569490037,0.032464642605737414,0.07515572415170356,0.030859388565605578
SEC24C,0.07336941956869121,0.20420511447764475,0.09422812600706501,0.0677107326361255,0.06608780118610096,0.06928124416302023,0.06888722604294253,0.029077825819255373,0.018314951867719056,0.02324858968735288,0.22069648750961512,0.06756202261056297,0.19104345113316618,0.239147700173766,0.0401875731438413,0.039019465093638336,0.7034018089319064,0.09519380712326736,0.16546209863116132,0.09033874770032031,0.16122656296303428,0.05206317949057397,0.0881828178821815,0.023729359162301133,0.030969865058965575,0.7113923427729809,0.22186181157548332,0.3410458406738287,0.35873088163359274,0.03452183224809892,0.08867248269267523,0.06104579677540855,0.02327009295749593,0.5855855089227285,0.13387997487588418,0.02071570869813937,0.023946455293824102,0.3530774905054047,0.09966524094105333,0.1680310926857105,0.09751573856830541,0.06288736867793532,0.89345584070174,0.28329495696743917,0.5845624896220304,0.03761474310774272,0.15719441613112053,0.2905889965836102,0.04569894515120118,0.021333013395042046,0.033751272245906565,0.04401933241115983,0.09147838153777113,0.025806920228481404,0.10792535823246838,0.10335120135740629,0.11714196141342513,0.035477324708245016,0.9696565215192058,0.07681805740545639,0.13889951386869837,0.0550886179170742,0.0,0.54180887836699,0.06098251083862516,0.16083201988317952,0.043005615848525504,0.024550307138786823,0.09882409264071325,0.020995105781705728,0.13791302870282374,0.7659285634846777,0.24822224482550143,0.049151575381972276,0.09764000741598755,0.2739987823608007,0.2250231009791075,0.028790684602203173,0.061369848270661186,0.1626761315372481
SEC24D,0.12445106649277823,0.023195446394435118,0.021440529092187806,0.03447354817828946,0.019157464262327006,0.037267609100808154,0.05235930772842997,0.022172244213416535,0.020135963955163243,0.03857413272491724,0.08864166185898321,0.04122899557998225,0.1861859147737351,0.043984497482732664,0.09800352180023807,0.02363656643148976,0.20361903591483807,0.019605361573141293,0.1037131578480825,0.10644588654516786,0.06308618847445796,0.18010118456259183,0.3087917627122645,0.16616034778560776,0.032331958494530855,0.04176757619149215,0.0365203622756833,0.03063703673826071,0.024681259760314767,0.046232949789120716,0.04840830313852979,0.19894100094156317,0.07258445178309557,0.6834870477044354,0.715281964051805,0.02901885872135819,0.220256290670918,0.3111712664878903,0.0269740088422029,0.052120896477284934,0.02161706623549764,0.31759439263539396,0.7719717626678353,0.10263518364219706,0.1943506802345563,0.034896943590809075,0.24345603539863508,0.11524549336578782,0.2962803338908472,0.027683309669393755,0.0571090602380313,0.02965695646134731,0.20278336855941087,0.03315287323777942,0.12944543442425271,0.023477710951069285,0.03885827164010486,0.048306424292548264,0.09945321767912287,0.0824626024151349,0.02357845907266398,0.020875065183387338,0.27505481042573976,0.0,0.06210239478753868,0.10333128763528525,0.11137515390770787,0.030461020089037987,0.18632678331693983,0.024319471818593345,0.10872583046597238,0.020560638527742613,0.05551254219650789,0.025715852011371547,0.1202171506589947,0.09815291522008317,0.16253174917721133,0.13427636375607505,0.18277094220891346,0.08137288695835701
SEC31A,0.0482934532157742,0.03988616688188611,0.06994280580069397,0.15648105180517433,0.060945380682720825,0.045153440334196854,0.055651504191524724,0.2137010072731058,0.0828508162990584,0.041446552515634436,0.14272582239386145,0.1741906938223014,0.01981095619703434,0.030832894715408184,0.023262497002655945,0.1198720642924698,0.020415744763005488,0.10236656121471416,0.020012016642288244,0.15858861067470997,0.4984833557159902,0.022273372948858228,0.8352555312581575,0.10472621974124671,0.42119451486916004,0.03352307996820261,0.4537557282373416,0.2053658461934909,0.04716512228438758,0.2957903460181693,0.03526527623262314,0.22956660266498388,0.23355877341986847,0.1841987795642133,0.02769529618668825,0.060178131614665675,0.20055075607028,0.028812477402613303,0.07567550760500737,0.09733091441366226,0.031066340654980307,0.03475820139308584,0.9897556886354084,0.08774650793886554,0.051377809297959036,0.07714665060695565,0.13937763052588636,0.05613621118063493,0.03058171175601634,0.036256219619801106,0.03409337987781503,0.11117995175552611,0.8637864566401695,0.031465447136018516,0.21061209275386875,0.042412175205651444,0.2805515946109782,0.04476990549854385,0.050565477910908964,0.16135690544987585,0.08859904508886636,0.14031097128766903,0.05934582642181355,0.09336135248652745,0.0,0.05268251741607207,0.058184024907942104,0.023644950097790766,0.768371446839053,0.24208605962476162,0.05110221656962461,0.02357416490044583,0.047138811199641056,0.09667858833677523,0.027976968997067756,0.021437426356103868,0.02063712124886583,0.02300793281199096,0.059492475176084185,0.27810116420032
SIGMAR1,0.026497021536943614,0.08474909205416362,0.08569359213291959,0.06279539618766242,0.02560779552990797,0.1015591223516782,0.026308305960811136,0.26835548939970955,0.03419592575111878,0.2674901477704738,0.42525216965881923,0.031967193070162436,0.024449330005667822,0.0519522430889572,0.03418099397978404,0.1142498729179696,0.01892573029649642,0.0819328589886206,0.022776606504090618,0.19771612415813494,0.052159442497589754,0.317469033982089,0.0704497208992783,0.024641283067377038,0.09558253975150383,0.020926912261933914,0.07372036257326839,0.07872487467816201,0.031712073739356104,0.30858404319417093,0.04609607702413811,0.30601444470917183,0.3103978709315182,0.08136587211522657,0.046712882132854246,0.2419944327376029,0.03595380007261388,0.047847647928531994,0.3682830593336119,0.04257622517333024,0.38541673907911544,0.03890899265160526,0.04559605421677579,0.06510935483860483,0.12418625124873171,0.10238598847074376,0.023531034735591403,0.1732926547612722,0.03953082971298491,0.09936549152197303,0.16825359663567319,0.04189367302017142,0.04858123278735129,0.11785771250942798,0.3691551014498732,0.025617775567616425,0.16550160805115519,0.020944175718413536,0.04695694994782108,0.12931972835889335,0.03336238194662855,0.01873004698379333,0.11667491100150748,0.13332337134582795,0.04549616904336416,0.0,0.041914316282992414,0.33016455360053176,0.290912877087232,0.021139738923815588,0.10472299884130885,0.10975759504864659,0.028137755677158177,0.047828832275254564,0.3011357905261508,0.043243367796484404,0.09030119961926761,0.5197817675499607,0.028000100336911124,0.07804799361431226
SNX4,0.020697326963842758,0.029084431366967103,0.02590795238229466,0.14282003968956675,0.287075416657346,0.33255368066149393,0.44481937250560494,0.02263726095346484,0.2876953098735971,0.024259106838545354,0.035102902861951855,0.10117970508878986,0.03130638682422855,0.022119771795238708,0.041646052874985344,0.06396599764284511,0.04398976086718385,0.28417982721292634,0.1069509252209879,0.02402971222474175,0.060322726979537035,0.23389673395019558,0.7804497601074497,0.19503035863486548,0.027387726859092586,0.3927204432406341,0.05655339794774796,0.125891810132967,0.2748855147733144,0.3683294547032534,0.25877662908207044,0.06416203880759813,0.028987242514088254,0.027686903128403478,0.07041994838609363,0.0944030450808765,0.09944528713936834,0.029174094725177208,0.19478600255681433,0.6775248506983742,0.6082902751090125,0.03204808043643139,0.04121710534963363,0.7707625635043514,0.056813082637548064,0.020490905273475142,0.4650053958951007,0.03344540645796657,0.2712949957562249,0.23576303019126665,0.01833564785834432,0.022921532711065243,0.063786289492176,0.02594235175598976,0.2248462063419639,0.0374418197620026,0.042400375709850224,0.025283573813362867,0.08869826546828255,0.026662419192357716,0.08854913905185785,0.018886772050299403,0.04181608152310986,0.19127344682528682,0.05752165211726818,0.047469782912808005,0.0,0.02747114192827048,0.018957128383291996,0.05047259947101171,0.1578003179545138,0.07027467477323587,0.04048069317396343,0.07329820577865957,0.03961468405801426,0.1205946194429288,0.17449651389427623,0.15593342967515395,0.03670351210243074,0.03980416434851895
SNX6,0.04270999091814636,0.7532482083137998,0.025680036150135872,0.09420218106660974,0.12278101640823162,0.024880669868959288,0.033460870968316556,0.02839358144129868,0.04064571857797934,0.036093847303209324,0.03357686610065202,0.029177191015322245,0.04016628255281365,0.0946728887772581,0.0536725479749774,0.051060600423992006,0.1691550366711924,0.9791798895380067,0.02684825063159067,0.020334013568761678,0.13597261161044147,0.042844353361622095,0.028028648763608024,0.023378636158035496,0.05282961258407165,0.04890143315109156,0.7051739301283348,0.32054249663776285,0.04080946339724585,0.3361400009273456,0.03373901487058811,0.16567532429296164,0.04090186244212952,0.053730184861315665,0.018740763837335618,0.10820510706800168,0.0221058184727676,0.17967954134700734,0.031090695480665113,0.06030124787458552,0.034005468598558505,0.02463135720482401,0.4781672150373874,0.028799048164674428,0.03190119486209576,0.20359564439710331,0.019470772316779874,0.051637150028077186,0.19017138895314442,0.03260354562445945,0.05712201159290281,0.020103958795082255,0.039581888796283764,0.10132996778672822,0.0189120504028468,0.11930721729268393,0.33308503203522755,0.8705731206327956,0.03701585897816438,0.13715394563808764,0.6946172883827972,0.6344381133471672,0.024070827830661678,0.03539400521321298,0.023377610039631673,0.4167929100649387,0.027103021658534624,0.0,0.019085909753845876,0.4210625062021744,0.04638052829714707,0.46530640566901077,0.02091844837435546,0.12878863322286593,0.03865698671201805,0.10944611774236537,0.024420923486706148,0.037910584361968744,0.03757745033343706,0.027256877641064915
SORL1,0.029647107196426454,0.043186962923920276,0.0212333805535186,0.026177624422576044,0.06632558739449182,0.01832041099010463,0.08961229526316405,0.037528760013192025,0.2606925743960709,0.08630678345004165,0.0776924272283188,0.8334378720082156,0.14164547429935892,0.03190379738650157,0.045693792112915285,0.032884020263263945,0.567782155479194,0.04738996779882356,0.09970237117008149,0.08198276700590619,0.4676665667579121,0.020755124333890283,0.03834845014220398,0.028975543194816707,0.08323609310182409,0.03358039825875308,0.05762266562624137,0.09445502177516363,0.12814142024774125,0.4392312197904013,0.3657092036783504,0.056565121131252775,0.37502981275665487,0.6977963031474834,0.1391008050067209,0.03792823482800612,0.08210637629264252,0.49336067348513596,0.2878682108168351,0.10232678032088709,0.028372262757813935,0.07771303152925653,0.40790599210405903,0.01801335134321389,0.044209348167470644,0.0626860590316199,0.10525183419549701,0.03242124447311941,0.05302536684074945,0.06666925760313165,0.7201726571367462,0.05839531889923014,0.036518920894719954,0.09993210492026043,0.6726718899796906,0.08520598008259717,0.12622361242871738,0.32885977293320323,0.028055578618081046,0.34073220475209187,0.018090490715607286,0.024085394972760073,0.08850087793171124,0.31801399447831513,0.722908614221696,0.364366712667335,0.018920732219490893,0.019080580842243,0.0,0.1137114130128182,0.020270284795353744,0.045088729222141744,0.09076039585119224,0.03590260061865822,0.01830437205380049,0.03192828489015032,0.1381196116132383,0.2486330836516858,0.09514310144664435,0.021894259388736452
SORT1,0.03894702720098775,0.6913263299248039,0.510632887875409,0.13100235230596108,0.04570778911243888,0.07871964045504477,0.12683768692206152,0.2723200921948632,0.10464312171103925,0.01862428768629336,0.3454554790351325,0.030275583916336456,0.06450926911114667,0.21983600048013024,0.026182087914587364,0.04025834009975118,0.5572066390012499,0.91608154127091,0.1144121553010105,0.027266907189822998,0.043047414628280656,0.060566525880679595,0.13021645311110897,0.10816290978324364,0.19400971901058484,0.33901269238405046,0.25793668180760176,0.14826294238004528,0.19372872850177333,0.09491908936817543,0.03387988828700258,0.15488424930374872,0.06007900869536162,0.03230512042743835,0.1431743808401821,0.04327240858847653,0.07973296241692887,0.03397040059515934,0.1716550284477609,0.42451399032948844,0.035130634451569394,0.27032388575607513,0.0439125057039777,0.052262025049623725,0.5328888391179591,0.19812727745029954,0.02801343481673647,0.08563161674340314,0.10572828030685802,0.03058348690559039,0.16516425574286844,0.09729936268552561,0.08384697303751823,0.1350533348042895,0.2529401645353711,0.7387973806815009,0.23247271323483884,0.05455255108254082,0.022673634076191624,0.0267586198728718,0.3975557081981161,0.21394809772273496,0.02082078333490579,0.026618764204980033,0.22577924902202023,0.02156758929366261,0.0493577130477164,0.43031195877505973,0.11669869497146029,0.0,0.1417009464218777,0.025023296469509973,0.04813048186364516,0.07391835525328973,0.07596683801644569,0.024477855862267514,0.09376305065056234,0.16788917105549184,0.06952830384879921,0.052043672442014834
SREBF2,0.0298498550744048,0.01870050825626263,0.055549502587869025,0.06029095160158537,0.45151016405015637,0.05033844171257021,0.04059524164199903,0.09304397769750737,0.054918227979948685,0.022005223950511674,0.12428620073343463,0.3889848672252533,0.02449297598882759,0.039738694321310025,0.018248910001136032,0.201283807940728,0.04809174012167447,0.09031601781290996,0.06543706149469926,0.026885614658254516,0.021646165548818666,0.14739756241194513,0.2822490857316723,0.033672336307907114,0.04545123585144045,0.020811855816305323,0.021291359404401477,0.022273929198682426,0.8361412956872478,0.7234346109939018,0.3240452168850799,0.04550356166295516,0.41798386380963504,0.24733238394486,0.024800584779312174,0.1054458041815853,0.054370519019787,0.019033146829504157,0.12039001918293292,0.06348604934445717,0.05649219157307141,0.12939982649460685,0.045302179446252096,0.06817711696103503,0.08629478959097348,0.020048396869239486,0.35120831051804974,0.1317025708458415,0.020267148821275383,0.03603157805911805,0.020096035735135034,0.037472718749717526,0.04636427114008786,0.19417634854284407,0.019799449952784418,0.03990520725442502,0.018577280739601427,0.10337203458329489,0.1368903642516972,0.026933509248420872,0.3504542455595345,0.07539246862991837,0.17418049920297893,0.25729754355626794,0.05978026251871272,0.18014255076765912,0.2159167802438029,0.056040243207663425,0.020784476304482255,0.20112178208987094,0.0,0.23305951308299785,0.03182404575813611,0.031232170589348136,0.02551842356961769,0.021664318634969433,0.29816887254722496,0.05072269040481507,0.021349785681576822,0.02340434064213377
SYK,0.15239731600042777,0.025977505600882383,0.49444817072871416,0.03863009327301564,0.0344769227772275,0.02630771038156098,0.03157095151379223,0.04358907629353006,0.02220406111609754,0.03725803954792103,0.06700473766142495,0.019324916983510323,0.019284734643547255,0.04697751057978924,0.025858315063294345,0.04964030481265657,0.17677888143847625,0.04121192573653483,0.019324198283602843,0.02139989825292142,0.04001305982550094,0.021361488680634887,0.041137546740876975,0.04174454695479653,0.05675599671171211,0.0366898846234219,0.025058499581279432,0.7281881144347946,0.0320927306071618,0.05828397533587143,0.08622999957802371,0.026578051215927934,0.1892013381702074,0.10615137680580475,0.09875977751763546,0.0935623466136992,0.07262924215863797,0.01879689546751361,0.16018668835519087,0.14908488600909825,0.22704881105473315,0.09790105814035009,0.0777694936733782,0.028288031336041353,0.24381342707294945,0.3552470406840951,0.03124549305150915,0.03391721697842687,0.10778820323909499,0.04043148154720207,0.09070682210814549,0.6494796104276483,0.05368834467998652,0.14452829668333964,0.06263649190661326,0.02831556977978658,0.04863714491807121,0.6610958434422463,0.04704369345806274,0.1968264919793862,0.19304058737872612,0.03421363363961132,0.6129876498210458,0.021068383542303927,0.02282429122963773,0.11394841919825265,0.06067141650451826,0.3884847763789183,0.04204512760641533,0.02428627951591517,0.13500120374311303,0.0,0.07267535278569162,0.059755291045390437,0.021864221834828914,0.2712071551717772,0.4894255446722609,0.07640073974323137,0.11106643908973497,0.026591332353460822
TMED10,0.018484256213423575,0.040608086504417225,0.029049498532792296,0.16206047382413794,0.06489280014212856,0.034045755032925375,0.022679597267144035,0.09360698919051805,0.1865267460915543,0.044614219436001384,0.029137991423365112,0.11740690238219133,0.041357853991411786,0.054709925312165224,0.02770163911125638,0.09346602042419042,0.1677291355909178,0.09396612758021065,0.11645680418305306,0.030191891382848852,0.03301116611155389,0.09109113563947685,0.402235651453277,0.043474244431764446,0.04304907999417096,0.7283804150102872,0.16004127033684776,0.02094835761652442,0.02582314303389242,0.03639840847770198,0.018478488086293925,0.0203760785378664,0.10699226702999033,0.06368117291377137,0.02231371035982467,0.21514143114367987,0.16495830042238563,0.22639132856064217,0.0387055825647574,0.08102366648049933,0.12110506849107203,0.018421250509014435,0.3099493713729717,0.1039994274379752,0.039421583201552354,0.024245307112933795,0.027688245860312755,0.07593609383960147,0.02602217773022943,0.09870582406875575,0.24958277524202138,0.04927740335849469,0.05441203481134554,0.132600218536337,0.0728493163085405,0.04827426683728136,0.3795911777270065,0.6288606575500402,0.1513297005179284,0.1724099965435089,0.5355455592066016,0.02244994198743708,0.20903735625771544,0.07445754130682794,0.0447279152535263,0.029377227241764572,0.03902083007270895,0.020873433376155007,0.08942286339156477,0.047011914305770376,0.028712903529291834,0.08017919369208665,0.0,0.9992612921210215,0.998155957268151,0.0509284991506046,0.9524888865081794,0.7388273298140315,0.019828422228434107,0.4780444463487042
TMED2,0.06734797240117806,0.024785969994104554,0.05353818934727537,0.2643593165905207,0.0341187489550678,0.023102086866542658,0.03941901372116112,0.06334789946710451,0.03228798201717108,0.17472818350282704,0.5087252190243275,0.02132381043367317,0.02453550911275758,0.03661794235467346,0.052826151500283726,0.10782446704658473,0.0478725300065902,0.04731649516436211,0.024665005248960602,0.40935208311107174,0.018761443421978663,0.047808962506252946,0.1307802140814355,0.04387430273083401,0.5314814754615642,0.05807376997990334,0.12296438108687925,0.04905922596230581,0.019913692829772074,0.062470725823832424,0.05546941937372818,0.020596083942275998,0.024035837713360316,0.2346608563089031,0.06627500531692683,0.07953043753416299,0.334170334354375,0.03230454962319248,0.17619583447600493,0.04536013245933057,0.05369313452000698,0.027582702090626476,0.256851928059568,0.5675704952616754,0.8323015741725541,0.07023154103001475,0.05458743805768202,0.8231125632389747,0.1644432674752574,0.07006419952166812,0.18296591874155052,0.11471375066763036,0.04306667476024636,0.021834423854932915,0.07867093504258567,0.08913645899883374,0.04897458507182772,0.04307320464789904,0.32931780758503765,0.0290389501066464,0.06567925957708434,0.03829037013570103,0.04887156497260895,0.029299234260583274,0.09940699580080742,0.05689503560636724,0.07610406393185334,0.1439604062295598,0.0375790276400919,0.07921827576450337,0.0292711670807094,0.07163415587188454,0.9996887096029367,0.0,0.998422834409642,0.311152790219207,0.0958699106674834,0.06996703173242978,0.05242092412070247,0.04759277342127113
TMED9,0.04077974955589574,0.024089820447761316,0.15206022047651027,0.0706524719926715,0.037502886679081346,0.025288068447765034,0.019832818299746244,0.02005035215433377,0.021413866650429565,0.06898633686616434,0.09060427905280914,0.02534836687632603,0.03680476372553515,0.053536961188475264,0.044092592344257046,0.024421202898000816,0.33662122889179785,0.33813279030755905,0.03688594098115347,0.3733077601366382,0.12102244758602851,0.20303909443006593,0.029641410260117615,0.23356135353897897,0.04264402846126135,0.22863094061005604,0.10730659390198821,0.15464676443600328,0.22857343170139277,0.07596702077930037,0.05479195054733039,0.022697903453371908,0.018504803644834856,0.0278301811904026,0.04901675914384156,0.4464619132362503,0.035871949579402526,0.08105003889785958,0.03341450868812417,0.02055533949620242,0.01826783606307741,0.07924506242124332,0.07792477566919363,0.4584028748050861,0.01978120016962721,0.06609056251631533,0.0846912249598595,0.029694391495532324,0.6522661886289259,0.9003728897807379,0.03685744828821589,0.028893470966414474,0.03472252826682122,0.12483373421618905,0.03293816741116209,0.04415971629192003,0.042620437525111306,0.024882656586116235,0.12806942052342668,0.02657304666898003,0.7277927634623212,0.08584283968536467,0.06126218674626951,0.11677965328418491,0.024865339717737887,0.2116084943966645,0.03230630055182653,0.03231875491116932,0.018229921310873656,0.05393137342020773,0.022462230196733695,0.02115864679184708,0.9816162920654786,0.9712278920392476,0.0,0.08775757664354226,0.023604572855061835,0.02970749736830613,0.34168633680084887,0.027882241193934624
VDAC1,0.07368265763572143,0.04425734218680933,0.03823477623383575,0.06776873218365591,0.08208685721980315,0.04208412019924702,0.20755884011022452,0.02701239934089061,0.04390841709528454,0.04701463488338356,0.3433055814530326,0.2812351756434142,0.01978859904464046,0.02003126380077078,0.1452290620389915,0.5527924220688409,0.040118499483098834,0.024909393051500077,0.0217268397516749,0.04510809995138888,0.039872038016848806,0.06827981001043149,0.0923226026559417,0.04567893138223432,0.03341770395633393,0.05897037641712616,0.08785009129276564,0.07717891288273362,0.49835056578652304,0.767633643198715,0.033112938019198825,0.11790204083661553,0.06672439054158265,0.28422722389640925,0.09065331364605288,0.018035717786116696,0.033388772546729235,0.04793719771230566,0.07302147033526794,0.35592888924594457,0.06264372224619622,0.05360096114445065,0.6392548150998205,0.9996870945076048,0.04956614798630214,0.5126470533323696,0.0710604174185165,0.05716656609385107,0.2656184048080104,0.4922248816127721,0.2156549975067381,0.14565614058380671,0.04690787877898949,0.18114209825116234,0.13332126286523804,0.16824383035986284,0.9179704157145661,0.029451506089335812,0.051902252917290274,0.0587392407548755,0.0405904637279705,0.025245979772350303,0.2713557530784685,0.17359948698791827,0.021508520142691275,0.050630723590663625,0.1269655831604884,0.12173896803648052,0.033192675522755795,0.024874889767663215,0.0211984533977312,0.3742579622346295,0.05517241880613992,0.3121109273888115,0.15558254223328963,0.0,0.03574140131192592,0.09254050040776385,0.02156270471962556,0.038413175667658526
VLDLR,0.08085172446220083,0.07895064779798247,0.12559661426038096,0.029532598329107575,0.07678270808049177,0.023472988918085008,0.028744606847093797,0.09876688643132348,0.4710579787244531,0.21887878985752865,0.07748865859015554,0.01854124568393806,0.023532695662552634,0.07751601992944009,0.02589124925006518,0.030897191201134735,0.19014669470422815,0.2086334516399702,0.14034284642884245,0.3188033944628572,0.05192374470320651,0.02885503750709934,0.023469380620911067,0.023986982460782586,0.1312202977872295,0.026610512273242595,0.027692981465652838,0.1112344202686439,0.13173642031570862,0.29453401241733,0.05360489087592807,0.14106600709038497,0.07922551624565818,0.1287171769755259,0.07750152563180568,0.07392692169360465,0.09199362179050521,0.24705972302194332,0.20523002379279282,0.0895495899898626,0.2034571623723407,0.06567749922340733,0.02411565013534178,0.42856296961801343,0.07846441874473889,0.09968622388988961,0.08984504795561117,0.10930203526313492,0.08465853267480741,0.04946292844464628,0.10234432547442246,0.500627926967422,0.08331249534374884,0.029453781097033487,0.36306544464281937,0.029420044555903257,0.139673077422339,0.17612460144548384,0.022558060066502853,0.0809530564618181,0.3697766411703744,0.0837146677847859,0.14056720874037093,0.19335581876769475,0.020107918462875712,0.08251197035539451,0.11954668379667287,0.02330136928152745,0.1037632910689047,0.07243456147969005,0.14297055283661736,0.41236798061498964,0.8815325568575048,0.06909939316199573,0.024302770257559062,0.031098658333026392,0.0,0.020601866428828094,0.1307986834595932,0.04176417602641506
VPS26A,0.2763153512890843,0.026641947054293798,0.40157355671217415,0.12818479792293597,0.031961378874100034,0.026068523069983245,0.01885490272519818,0.08231420381884119,0.032603342948671586,0.022414456413032947,0.06423199327891821,0.028188440798890425,0.031217693097683873,0.18314374187838328,0.023551241531206243,0.29025321026364953,0.08255120564575075,0.10551215937134913,0.030557124439599695,0.028914684561417825,0.023226791293148724,0.032730287340116654,0.048150593030329626,0.04748713126203695,0.03843635672723475,0.02319846046113731,0.4614103656839563,0.02683357667848593,0.053183007971351816,0.022777144688171297,0.11713134730878734,0.022345783141109955,0.09643190157970516,0.050076373124667846,0.053758038398881505,0.21026352374622867,0.2287627272950145,0.09170381598609927,0.13294272706187923,0.17630019246568637,0.10022659587722006,0.03937181972124169,0.366754812586525,0.07761959908179143,0.03318324007905564,0.021511413035467178,0.45611287068978307,0.6457570565292436,0.397276592092866,0.1537999033824908,0.03715811538038777,0.31028892411920017,0.3708441179504922,0.04104713950643691,0.13537288612617518,0.036591882758166175,0.01919454034234402,0.10389010454413478,0.15871372749343177,0.021728235955647192,0.03470040119689158,0.03353201312077518,0.0273314273978691,0.1995824011837602,0.022502988542019053,0.576630501872888,0.13280676048650614,0.03651722492437394,0.22446319571182352,0.1485985372988184,0.040856135132250816,0.08003806215613057,0.7012710409374557,0.060830512518740706,0.033518644138002214,0.07819837161863967,0.020945077824355576,0.0,0.9964183770235246,0.983686377905894
VPS29,0.6323766978683891,0.020649447072273838,0.07725830429919421,0.11465668661350775,0.03532738106082406,0.019548479453566026,0.034742552326783284,0.025890910248840698,0.055824131164159144,0.06257862415381168,0.019675373527221176,0.019502452450847717,0.035307747817308444,0.04735694004554005,0.07789415181455771,0.03301488455534005,0.024638277821342744,0.031131091620856522,0.1236053212178451,0.6129935989865949,0.45605935053617025,0.028363104309278797,0.02541628236361865,0.020250089045867604,0.21477668761604768,0.02180410895618245,0.10005233381927235,0.04343959381272356,0.02916945151049258,0.024530365355951083,0.023177504879789725,0.018581214100159914,0.0911385548254367,0.11029857660110239,0.057727099643754456,0.5261007355015119,0.03231944848125451,0.8142554137984828,0.44381401146864524,0.13734360106348315,0.04807120122913929,0.03409311114376218,0.03240287269067137,0.3162004083989874,0.372995432961027,0.39316073872153473,0.24738729367468532,0.07784292156116178,0.027082146838798515,0.20996696632527095,0.061213955263794924,0.20592022961005457,0.02196011725191129,0.039579429277745194,0.1536252596291419,0.6159418823244988,0.2178280094540668,0.086063177039813,0.11471289065615704,0.041185635114446804,0.3743139204335757,0.10560134167053792,0.0654115410670206,0.4073227230887007,0.06515062601667203,0.03127917659744095,0.03908096761011465,0.04115533548361552,0.11665283428322454,0.08060230848450704,0.02111117388172069,0.1613731294667706,0.020103365196370772,0.05579446538770743,0.716104632598893,0.021790946753374618,0.23155441709193456,0.9993963681946721,0.0,0.9096432636635611
VPS35,0.024238485768272193,0.10453684083218193,0.041463359982376394,0.9675487961724264,0.06558585565932852,0.5733483199616952,0.16669824395272925,0.0476342883827517,0.024856642342915517,0.10318158665388656,0.32425780350170774,0.08027316940793469,0.05680280361508614,0.15396192165648298,0.029070042719802607,0.1259433061588264,0.07054241972588123,0.03923804218654684,0.27328726409948556,0.06242739687015044,0.22972916702875568,0.035830148703614964,0.08313051949213508,0.28520830953239795,0.25328932622746936,0.18314133314851624,0.10673127841890934,0.03868909334299401,0.01818297125293444,0.22170246606935737,0.1597176841173151,0.047080530019019746,0.047108711941953076,0.02057981185143262,0.026981590443433272,0.051554899083734645,0.05594870368599792,0.08039461137521793,0.05883492444784893,0.023516049475612307,0.022948249917009052,0.03832119098353654,0.04549762143639486,0.020679856147220375,0.06135074656863489,0.534070131554013,0.06374595209176076,0.21859548066225037,0.11208692452905018,0.2106687341912815,0.01898352927172634,0.02054839174221567,0.0809607314626588,0.030023109393462217,0.09501673824883462,0.38914052291574286,0.06824214604137635,0.8741946037463112,0.020833967597119512,0.11603974493196616,0.14033563973032712,0.037700516998732024,0.22008898112581118,0.1839083899519952,0.403759082957979,0.13088481505978758,0.046436023901509464,0.030056554881410857,0.022961016443904914,0.0656108555490953,0.023571238350516274,0.03042178611686763,0.7126693593990632,0.05567787259717177,0.03647793157046392,0.04340025943821228,0.061064474571173304,0.9985753768326091,0.9495730575040727,0.0
