,ABCA7,ADAM10,ADAM17,AP1G1,AP2A1,AP2B1,AP3B2,AP4B1,AP4E1,AP4M1,AP4S1,APBA1,APBA2,APOE,APP,ARF6,BACE1,BIN1,CLU,COPA,COPB1,COPB2,COPE,COPG1,COPG2,COPZ1,ECE1,EIF2S1,GGA1,GGA2,GGA3,GORASP1,HSPA5,HSPA9,IDE,ITPR1,ITPR2,LRP1,MAP2K3,MAPK14,MAPKAPK2,MFN2,MIA3,NCSTN,OSBP,PICALM,PLCG2,PLG,PREB,PSEN1,RAB1A,RAB1B,RTN3,RTN4,SAR1A,SAR1B,SEC13,SEC16A,SEC23A,SEC23B,SEC24A,SEC24B,SEC24C,SEC24D,SEC31A,SIGMAR1,SNX4,SNX6,SORL1,SORT1,SREBF2,SYK,TMED10,TMED2,TMED9,VDAC1,VLDLR,VPS26A,VPS29,VPS35
ABCA7,0.0,0.057681144259738054,0.045309728946495056,0.018733719533106315,0.07589200327331287,0.024026418223482084,0.020229822122433478,0.02687402655046012,0.3300322928503652,0.25213821846854173,0.14436427688391695,0.0255329145505766,0.11933133122595113,0.03501315809317092,0.03624342874802956,0.024175621058183983,0.09591556441098488,0.04030323772112956,0.07452480605956652,0.026563887144136645,0.07529782995973805,0.060639192928771554,0.07184475910281339,0.04367870955723036,0.028440384579206602,0.06319808688527362,0.022925910577722326,0.022909205394379146,0.02165536258241861,0.11427028665964412,0.04043105740299457,0.05403958497216141,0.048469893532525996,0.021682038224324563,0.026349391026226358,0.12244438477061058,0.02596834518321018,0.0319646799986405,0.03242845309194235,0.04080510316086833,0.025883035057085044,0.02381130124950891,0.084425863729804,0.0464784424361713,0.020485364295531994,0.06194308090371543,0.393560508940601,0.021755273866858008,0.023712804420363526,0.01835072588972764,0.027472665203812075,0.03020778491930089,0.08844355224825709,0.1316720494365721,0.07373893964883596,0.01975456635487363,0.04652093886649088,0.03990449082399972,0.04346594969758392,0.024703579390605124,0.125093957010828,0.01904663398606501,0.028510117964699867,0.024620697017767732,0.10888602266417347,0.14562345594845863,0.021834833779009247,0.04184059462219108,0.10226067709226151,0.04009205282658802,0.021025666857864975,0.19736909209588568,0.032416516230720664,0.024386533959218828,0.03696185554465151,0.019575773448899998,0.021842640408571038,0.045473042485722676,0.03745597103402441,0.026264235510835877
ADAM10,0.7152035721885607,0.0,0.20201551614585092,0.2885303697615108,0.022691601233437088,0.02100378234602699,0.09970091526202052,0.023579389669672185,0.026421026067567393,0.618564705730821,0.3634032835665212,0.0360344291876753,0.034397121897486824,0.15553422810655,0.2650180757190788,0.038737159803758706,0.16091466121795328,0.9949867944126092,0.021197947688726095,0.07828496888952412,0.03579798490885385,0.026744606413939765,0.09280834014078969,0.051700018389816756,0.032619522233730124,0.02358029326660357,0.0675603826485826,0.4346397870040069,0.8689607893930257,0.06794843429141915,0.5974167783019728,0.021090357015659165,0.8128648788667141,0.1986207925053014,0.3693099024451249,0.08479676295720781,0.07435485946742214,0.17481362817040474,0.5025188411397242,0.027106345400690075,0.06387816907975163,0.02344713976601549,0.06715277384652578,0.0735946017579394,0.09018627435987786,0.4481467336317831,0.03723986125126629,0.601475385508113,0.5906798707775911,0.24650827390783364,0.7941862367380762,0.12211464156413299,0.05483658496169956,0.019097925160552,0.04025188716372143,0.4691562788743556,0.43677643514243575,0.46113103482856554,0.0830037253586115,0.21033417315274328,0.20413357162860932,0.4557555738298399,0.14200539828895212,0.5488666261658334,0.11770481384860937,0.9475225418317558,0.8069345191084991,0.41246802017233314,0.08276273302083301,0.9985002797912331,0.20378854788103262,0.35886676489096125,0.030315425155181236,0.8948794464626378,0.2561467115191976,0.027946787964601844,0.5321240030790609,0.11405835843237772,0.06195019875409718,0.36560377840148534
ADAM17,0.0754990518785517,0.047926685932046686,0.0,0.022345979478322564,0.038804547954073745,0.04788367101261911,0.0343053954365434,0.789391776781597,0.14848318760001725,0.04446151614520137,0.044316840927227784,0.052481373283411105,0.17973253510054607,0.08579589952380477,0.024681801057737096,0.029238891068063676,0.07387783444582505,0.024418721678732956,0.20448245701508622,0.018359031778212954,0.12210766461698928,0.07258248004000836,0.03292749053318375,0.02313054658913425,0.02751204361220406,0.06042371819521427,0.06673210508386383,0.2243092974807397,0.04117262412654876,0.06295612555680039,0.018514612678888726,0.0361569593381997,0.02311901969699435,0.07537335916198759,0.42183920141683845,0.5829258426673403,0.47808905693526493,0.1246630469383337,0.1948221980253455,0.12318974475231338,0.1530538639368102,0.020984910790691366,0.02772689558771937,0.07763123298891197,0.18907815460442184,0.38218879850189197,0.048897953944902116,0.06686919732088101,0.09344695385596978,0.11871648464916902,0.021385335133705247,0.03043813338028942,0.03373804134308654,0.09779417999556043,0.028900363093941214,0.1783036959258842,0.01991910656466781,0.5814495029753812,0.050528572029454696,0.021094667622101188,0.11051651242717152,0.1023165129492455,0.11579590559997929,0.4049263981757326,0.41358057586145675,0.05541398333222725,0.024707377519768415,0.47320327153603886,0.060983822258569735,0.7403871180580792,0.02538409273235331,0.3573516643305476,0.0708529451675041,0.022906291792910403,0.07290166094125426,0.031143326278599528,0.054362694071335975,0.3720187560345004,0.02709028326621538,0.02265466321148156
AP1G1,0.022042946023287376,0.45009982148487443,0.03577028409845991,0.0,0.8657843060134747,0.8423291785884077,0.18782258086161396,0.816135422965855,0.05387218679723072,0.3192550518546746,0.4060698546306775,0.07475384167229872,0.33784127106057465,0.11838752873393422,0.2605308251662723,0.2387142196058289,0.8701053623030827,0.05575536128285314,0.9282354299829226,0.2734652833301081,0.10690338448466002,0.5892518255118632,0.024982648235854967,0.9958956889125677,0.9997053382225795,0.9799399323140981,0.14959893012756373,0.37156244049469783,0.10238630620889294,0.05329881554032335,0.018635691085640133,0.04588403511339126,0.08326994102334952,0.024335933095505635,0.999872864338286,0.5428256067709955,0.4018151877993345,0.03940788392394716,0.7373506018448696,0.5572338631391828,0.3380721674572946,0.022170925372748843,0.1888867769458947,0.24194212379611016,0.5856558212996256,0.12128250522407244,0.17854028532681268,0.8421803810036991,0.01855555692281123,0.12415910203628078,0.22514124348106904,0.21007194098566717,0.2166951078897592,0.5481489709782709,0.24893446305227562,0.04130264086997467,0.018725348921728533,0.8390044232244438,0.22117289471745263,0.2543418595769447,0.03975925231564055,0.25215440541587947,0.09223370205416204,0.5731363853594559,0.10044136759860457,0.9976293921176919,0.2470484590736243,0.06919452061503722,0.5496262344795971,0.1213520769524679,0.46868307685846716,0.09885509951126398,0.10225122868805037,0.025473230604181274,0.9774757595079044,0.23680144706724796,0.18771798069125578,0.050233054201073365,0.02091216282127091,0.9916607479521599
AP2A1,0.9987205408202016,0.026940683471172826,0.39566094114877437,0.9869710410718653,0.0,0.9999259743699365,0.7608941925796346,0.022096244175158885,0.39975348068290845,0.14156896172491087,0.10560770444064879,0.03301225009266165,0.04662976135758795,0.4128932200387078,0.294149690773439,0.05235973974375042,0.22156393422932977,0.14963692043740992,0.019058778952095304,0.035375544001765215,0.036086511589676594,0.018635101776079768,0.1854338208093664,0.06466302135982409,0.9712750335680533,0.17265604295041895,0.06247004816696544,0.08815291994087017,0.4680244652449863,0.11473796590640603,0.6482781313792909,0.06816851463439855,0.032275119459940695,0.07896591814302538,0.44245549112403765,0.10871318843188899,0.02493921521030761,0.11634568999191042,0.028427853796179077,0.2268136789680997,0.022333678321724833,0.846136420248215,0.3053372614360308,0.39626942185712843,0.7014306682901439,0.06823256923322255,0.058878555751622985,0.05117653545986436,0.33211915323083413,0.12261943577352384,0.06948685899918225,0.41865066037565374,0.989871312311008,0.08319516362876667,0.8462403074574978,0.37323519570013824,0.10911332698347762,0.018949400305277524,0.029494944264363755,0.6407188397701443,0.1084640692358113,0.036129657430469066,0.08172515684291401,0.19280506813710938,0.34004662105458755,0.5490381776934076,0.6702082845378583,0.3431342311206614,0.018746669724035738,0.2448535269695459,0.041592041784780966,0.041324128895485535,0.14639394099560907,0.26902213813373776,0.027447848935926247,0.9577941027312273,0.04404282015030567,0.19298801822957845,0.05876458480348381,0.1542171270481273
AP2B1,0.12348449257748076,0.023375259421254544,0.6079135081409964,0.978683320818024,0.9998905991740163,0.0,0.5072857225794507,0.05405407132230658,0.09502475235939423,0.12630115469345304,0.5383966853217989,0.10083314345803357,0.8632649772225696,0.04504735319402475,0.04993681559418159,0.10982805449430158,0.03718862079644461,0.39066278170761143,0.1016185746030482,0.6785784720444984,0.027171083124066103,0.31988978180548583,0.06808880239392964,0.460767098048896,0.09224275305857166,0.6014050960791687,0.5783711325950348,0.6869940735465767,0.39902521373601174,0.09703343960794301,0.2937375376220708,0.32510193740103427,0.38542056595247115,0.20476745786717773,0.35028950160769334,0.6076628546971315,0.24698132654003987,0.08934112675001246,0.05087421297544473,0.34341950753321876,0.023350628263817376,0.02410451846812321,0.020945480601321835,0.9714826921329751,0.06631797918858062,0.42572942498022803,0.41676972522027994,0.03298917405738379,0.6404136526168241,0.09681826091632272,0.061651155426412536,0.48798624558043957,0.6168687033022852,0.027943124968311663,0.9257934530099121,0.9320384201532501,0.05137496160170314,0.022410931924561613,0.030465208695935768,0.021440285307746772,0.06322109198690065,0.03454532764462682,0.20981479049916876,0.7635597384733851,0.12300667945973662,0.9999119581443917,0.9833503504942195,0.018971088734353665,0.841060187219101,0.026497554874917666,0.27466623747228963,0.5909027045362347,0.0714009098055169,0.747824038802358,0.02816903258808694,0.02121163734168488,0.4943438732373931,0.9542618653179535,0.17037190659489002,0.999831887316422
AP3B2,0.04201925025901112,0.31331351633075144,0.2838967492817135,0.4239959744194031,0.7841998104340097,0.563622885300654,0.0,0.13328440668348346,0.4942125804478627,0.9881640877007828,0.9774097738573414,0.5412630783586051,0.05914161263878476,0.7386667548228281,0.01980858915000397,0.10824511182228419,0.5186537647220506,0.05827643749625922,0.053885601834232764,0.0654647712778079,0.025006918724148876,0.14016007827718524,0.05443185147008804,0.46309856266229804,0.7689025765156696,0.04996264427729106,0.34634297549347587,0.018782403506855287,0.7624207461650804,0.5057687746134575,0.9687920435694453,0.8589690236716043,0.06331522017139624,0.03699159573671842,0.16553085547450894,0.03596328967463221,0.4443891228140181,0.12138415524386431,0.12669593243247185,0.08481941923329478,0.08381773167335599,0.5515282715502348,0.07332404636357578,0.02333416480291489,0.9150493634672098,0.8748340683957372,0.8882376816786496,0.060406957756228494,0.161439217991701,0.9348774303342388,0.424363961771423,0.033015032918435105,0.16689006828100694,0.043573288573726054,0.992387495975287,0.9733816483131408,0.8854243201519568,0.018724081032845438,0.30747106834524784,0.042989308949889775,0.027085925763685473,0.10479114583186258,0.04560591822377009,0.034348193742951665,0.0895542670475392,0.08563376129069487,0.8852243765023525,0.08326221583839284,0.03056015572921402,0.022773027588673268,0.2184417842284299,0.30313824958863606,0.10465488165686038,0.07138739961480992,0.6888645416405719,0.3749461275670496,0.4151661334998981,0.03105792834486609,0.8702184969886076,0.03134680552957469
AP4B1,0.030571393870165196,0.01964103894627812,0.6188452439970447,0.0725678613728196,0.01869020240012993,0.022274670220354023,0.026245872849018345,0.0,0.990774666051109,0.05474713861768726,0.049703173095178264,0.12472399321341258,0.17887997039072792,0.0357143923564646,0.03574183485627086,0.07054803233201229,0.06470365592393659,0.04339141183977611,0.03891085899597406,0.43246350251794863,0.03028394611678773,0.022765727105024856,0.13255433636562497,0.019673483765028744,0.0502291129298929,0.20026043005982772,0.024174649963540764,0.037558356591650785,0.04696595988008828,0.07593924215451581,0.08309724908009163,0.018701722451125148,0.06694822311066846,0.036377220815607736,0.24757414071675288,0.14028563980035733,0.19065139110246518,0.023650009965703867,0.028937562196642803,0.23786190501944662,0.06874990893535256,0.027893101591463475,0.05315483560569518,0.07519129062029373,0.041839196124635075,0.04090987344456216,0.3681302219257288,0.20710611079548139,0.15225423127479643,0.05390018388944371,0.020026346755898133,0.03721931475013529,0.04521112230883709,0.10274768246691521,0.43311943426769756,0.0630189348212309,0.1864304255516159,0.0382785959622184,0.07639936082249547,0.17436012890842442,0.0864282509209236,0.26819270021378405,0.07818421618662999,0.03539506998808074,0.0403331034324545,0.11955012275316954,0.03996989076493956,0.018464086855366865,0.023610253747548004,0.06352382313734341,0.018350108671766324,0.02045425699058781,0.03623434057398754,0.22957025232853556,0.33358593799137914,0.03263724689081368,0.045381709701204725,0.052962886830986586,0.019906311396226697,0.033235765654796606
AP4E1,0.2969387437057695,0.019683440709502734,0.06712055985245682,0.022228902314012682,0.028809152915828803,0.022782468028241052,0.02989303474604504,0.9047227659859448,0.0,0.17452637198987409,0.13715151020843638,0.060389428987623686,0.0832007827390798,0.043169970838052164,0.032312737973692725,0.025369436122074436,0.020329532848188392,0.02884728607885151,0.026122835625693865,0.031732839580385995,0.024826945582980972,0.02344997594439582,0.17205800647147856,0.05583303379152586,0.0972438517059826,0.04590748660126882,0.06364900340528895,0.05500510123142727,0.03163677165799673,0.019450877737494477,0.033448985176209645,0.048851400455498066,0.026379650598767342,0.025614288936289767,0.12106247755498806,0.06631569275045589,0.018216120336000206,0.022140048012347542,0.26746063513826634,0.05109617902228898,0.02894816159329991,0.03758428210632723,0.057259516203335324,0.3981873170579424,0.03946425632905645,0.027964138166872977,0.22939088992925843,0.04848534554570949,0.04720355641003992,0.018047343551762626,0.020783948263468674,0.030663108807782398,0.038992924651940576,0.029131827482068766,0.29614280454630904,0.0829286296141904,0.05776192954817501,0.02236229700984913,0.03762215414195452,0.025303671354088873,0.02553235804905935,0.20350206110431518,0.07840735911733372,0.0583267355592261,0.08753142235791432,0.055855760351635995,0.061606233735255575,0.023997061808313024,0.1613288311693733,0.030917927262591342,0.0729148496523751,0.0620189163502509,0.028719426296628166,0.03238910827093763,0.020127999459975267,0.025910524872071405,0.018290380567965548,0.051872693218721656,0.019215351237660425,0.06094244892125371
AP4M1,0.14092713736628645,0.04021248001429134,0.027840709343143113,0.028969269621480546,0.02259518309167673,0.02243142698399542,0.041893557144121955,0.03405592059669245,0.11219028557811628,0.0,0.06329014947848856,0.022273944368794835,0.054846860540384845,0.02222269339186122,0.044515508088863835,0.058071647505073674,0.03956896637712259,0.02750714075551717,0.02876000480846347,0.01971284579978184,0.02423365328129174,0.01819675784279497,0.043147937993961126,0.018529405950822968,0.18188186483528018,0.02302651391179138,0.018216699442059843,0.06670023005090517,0.03034696466676567,0.02012061047525007,0.10919987378657817,0.026523783925508224,0.022893250212060467,0.08282340982385004,0.17159204345347528,0.034494820173678636,0.05679482349546244,0.03280145572243077,0.020559846969446398,0.038168787766846415,0.01820074649214771,0.05437495003593461,0.022285486236234327,0.028563683486514894,0.022567032982238062,0.0456234487041419,0.06453374115161596,0.047145387440503936,0.16893963841648807,0.028938933632348455,0.026986419102887956,0.08283179218972662,0.030514023355347142,0.02940681372608031,0.052136779284586085,0.027094244086824777,0.03741257384663651,0.04905694918234383,0.03223432356964154,0.023399904971287983,0.2794903421822558,0.0972150876755979,0.045527493310181036,0.03218308457132057,0.06618273478991982,0.02148182527548724,0.02257367353866035,0.01980646162324547,0.03800390449679806,0.045142584164246644,0.13809008248612942,0.08895042815329735,0.05460394096632606,0.019458303542371307,0.0251051476964127,0.01949773610015359,0.05385641501831296,0.08608312980517495,0.04763125273479732,0.022739145746783575
AP4S1,0.1357994714617528,0.0397848757923766,0.031453809526346806,0.035583448567794586,0.02306536726161226,0.03176270622617283,0.048881070105445235,0.037964948305704085,0.1411468183979736,0.08937581095947901,0.0,0.25921109340522763,0.023714867175007075,0.26470412301379687,0.02398829380760299,0.14081178883587073,0.048059206265089874,0.05679289091073704,0.018625829404927564,0.09091601402845119,0.1060630926622752,0.03333245742002014,0.043625324080854636,0.028648361503568996,0.4739268964869132,0.06290492093687411,0.07590347124768791,0.02359273884462991,0.02203905583330895,0.30346880278905425,0.025100322024712424,0.019881677514218616,0.045677015066411385,0.02753958755005301,0.7325148798251442,0.07038325956524617,0.029961377733425488,0.1362641363383187,0.04976750121416336,0.025827105406021532,0.03878875436910486,0.028609996611617273,0.06468155054800263,0.06393772307544529,0.04138260472893768,0.037708608761769596,0.023887497645120454,0.07835638139769,0.028181589883757335,0.03633334336354917,0.04168162145474159,0.3583068655006402,0.02427930501276841,0.04004591816671112,0.10300102628671444,0.019668589696987863,0.030377694926480476,0.8096103528004515,0.05048613735137007,0.12169757540691524,0.10988086207690478,0.2297953434136885,0.03234143279169451,0.033589404956486685,0.029160419531803622,0.018530203074901132,0.02799492315333702,0.029604932720459942,0.28483595689156577,0.240941220789831,0.03162939269245196,0.01961243116448765,0.02620201353086263,0.02539163674201397,0.022301167716597636,0.018984439684372936,0.12289702802250595,0.14505515451447148,0.034508806492464815,0.020104223692349703
APBA1,0.04457321840581615,0.028106733828109923,0.10343833989191818,0.03822082848469003,0.02250753301985968,0.03508709223507321,0.07533545969407265,0.5121135740961317,0.36321609461923826,0.037575761749414,0.9812459163768419,0.0,0.12418961129477189,0.021894756874903182,0.01947265530788531,0.3081728468209588,0.9229841052083555,0.03400094840145085,0.07331126855325487,0.08087520613364012,0.03541057032550178,0.019550647091210568,0.18239876796875545,0.1357443790487991,0.029516480296352243,0.04202129286930081,0.12302194166204859,0.4297853956340392,0.11251569278419833,0.0655773354360477,0.22195295167798024,0.2547382800288523,0.37753589650247527,0.04289799324366093,0.036411350514793224,0.9142007422140709,0.01879292315827079,0.7570081776480635,0.05253129874742127,0.03711385423452582,0.22851520162667893,0.03447896904491425,0.18418041007443955,0.06481805699288139,0.5990471516933927,0.06186789816244758,0.4828508073708743,0.27356463411720505,0.7346035503467911,0.9234386840903394,0.14510651969820076,0.2712775301180748,0.22510017546321623,0.8358361740901039,0.11999821883752204,0.29245046169108896,0.8766143612762206,0.07390517314227661,0.024594780121917025,0.6740898436131226,0.4058432052116768,0.28970412264343853,0.20747752663755162,0.059201302930064904,0.22472482173096742,0.018174188991411235,0.070020520582445,0.07040634209489784,0.02329414614601159,0.05662272248328167,0.0322782710550913,0.08214109222139232,0.07179710593447096,0.03836257373070666,0.06454977998807195,0.07844788750999218,0.9824376181057961,0.8159148544668293,0.018946927044923952,0.15818549029797718
APBA2,0.30838934033711146,0.023207408665586515,0.1856757147691035,0.05025171082971168,0.022325380151111057,0.06604764597342494,0.02342925621879757,0.2660165228143857,0.21049960659724307,0.17422408816637777,0.028340942221636665,0.06010723708460843,0.0,0.12607317049388836,0.034522187704584206,0.11469233881812352,0.45359752562866906,0.031955809409854326,0.024340026931645962,0.4952616641916038,0.028381570962937752,0.1182702009737501,0.06377882754725524,0.06920737700264898,0.07818293677574949,0.04133072237981071,0.22094386766011948,0.12960470063175986,0.14166441535157995,0.11425634915399285,0.8238894191257995,0.17026504882169982,0.2435151120986847,0.22215610955677983,0.703572056465436,0.37651205125943826,0.06838231493481972,0.045507177129619526,0.06581395694086264,0.13143106311212102,0.6408072988647454,0.08448469599292117,0.03657488731454451,0.6511620882519934,0.48782755639074793,0.30303209645457796,0.7651490364758835,0.03847663761165279,0.020738408805409825,0.05033397057879419,0.18182719895411287,0.07211223734161422,0.15026387733083238,0.026603386956306936,0.07007106028067478,0.04684789941070361,0.03653915728553113,0.21250304913463386,0.06621834071141998,0.20704654301282738,0.02731624734005267,0.08325345256218547,0.10647114034684721,0.7243795991304685,0.0456605832526013,0.05366753297967509,0.13580753447809504,0.03087963536298814,0.36772131723056384,0.048858366098935,0.2034241305659017,0.19747137405178652,0.3356871337141733,0.023510647661647836,0.6278235729765708,0.14011616874369526,0.09866188557895146,0.03722881599497034,0.0452475493815306,0.10119093873574493
APOE,0.061393633147939976,0.04991884350660624,0.11282852226675502,0.03702209807735885,0.0454826281956684,0.023097554912818972,0.06224474457456082,0.047018228400103584,0.09630102786965825,0.030293508711232396,0.849322867440877,0.02069551874309183,0.16925924263052436,0.0,0.9999549413708352,0.07462022301907162,0.02940481125798757,0.03597939324121039,0.9999610221256993,0.045911115157676284,0.0267231624245575,0.0346410760918055,0.056781555269445186,0.025471902178634667,0.2671845217038012,0.12315566783176984,0.02617300875232243,0.06693643627658181,0.2594422749289095,0.12274066458495789,0.07187062264769316,0.05899020730831116,0.2780319878199991,0.04302207321953259,0.42024881245593204,0.01980521926399515,0.08261981868542355,0.6199148979504042,0.34943163276640815,0.05259403376680595,0.022931134414731835,0.0253935642175073,0.05235094953464005,0.04010713182381675,0.30063767884362597,0.03894954067987816,0.060734464349051345,0.23335915589008216,0.2872832140560052,0.7891414353860272,0.019566386576158723,0.039172009563882094,0.08807398129561514,0.02062272458645279,0.022164972563607218,0.3204347492259094,0.019747558450272203,0.03379876680739807,0.05282308526674382,0.08541018869876209,0.059048251308188526,0.3169547540459576,0.02344952862485615,0.01935634944483647,0.0349256082600096,0.8001082070921265,0.05849569354113575,0.27325878733381825,0.7290705352797919,0.18950295744529716,0.03274985983269017,0.10660229354079959,0.588938081663481,0.161336071075387,0.1376997855049442,0.061170941341238606,0.16807030513149598,0.03486177969328998,0.04226379643105521,0.11405328432119835
APP,0.10784911096165387,0.11072664592174612,0.030476576318319203,0.07945892900066054,0.05487260201365679,0.026618524703962854,0.018622404618831166,0.06897956939778459,0.0872684116382407,0.32161406880982213,0.039051192706025646,0.01947975066144077,0.05215586997910094,0.9999998529593676,0.0,0.04417123520362609,0.16650309908989594,0.24898363988280706,0.9351563039437102,0.16820020695515683,0.23071391855286982,0.018256350748091222,0.05234046365203203,0.6832843529414987,0.66132397328828,0.02265645910457134,0.12314798322178004,0.055430998995125096,0.3010512650206617,0.08377173950764057,0.08208017091454248,0.07542976306642665,0.06216634491309404,0.031108080447544945,0.30342494105999235,0.056909949930379455,0.13037508632971587,0.8541023239172149,0.10438884089739728,0.2266302138765058,0.08336764902312632,0.12285040436345179,0.056807566829216574,0.12843292234490128,0.1138260755775227,0.04220292694723138,0.4389362348154536,0.02188289411899452,0.031082308740573876,0.16530907391971655,0.045840993510650414,0.02920326807095513,0.018263000639229875,0.09815780933011949,0.7523783501866939,0.26792816889392407,0.11037129234463282,0.049472400680577934,0.0348773546335974,0.019793012027337117,0.023471752726667645,0.1840931323314715,0.04196556086599802,0.06248351562905453,0.1128922044409967,0.755014324261412,0.11025334692769015,0.07153637918669528,0.019380763404983178,0.051960848671709685,0.0480563244225832,0.302147012646629,0.3827880043023863,0.22626026768247112,0.6390787874584829,0.7033974609011461,0.05779589382406958,0.20204914929263515,0.10940435296469975,0.04685832164795859
ARF6,0.036957748589884015,0.028566952430819387,0.03826614174911773,0.06851122929717592,0.026098944494926307,0.034792445565776854,0.033423898445673415,0.2027967089295638,0.04322755974297165,0.4871958069979536,0.8240266080630663,0.2675510817461135,0.26955460414814014,0.11397584689783778,0.041646039999054404,0.0,0.028940467661709143,0.1764156046384141,0.023969731686551747,0.06119314143307555,0.020767834931529013,0.15705078796518784,0.4173796692033989,0.019105672164040678,0.4211608036704827,0.8463178863614804,0.14622288032946038,0.02211174288488186,0.06150300187712432,0.21693095147459437,0.05749986130190392,0.27028691409235855,0.018721522645314282,0.06113920769610388,0.4327985172472932,0.9999882589600112,0.01988767521974345,0.02299694555694241,0.08239130060298779,0.07867063292643159,0.021237021783728865,0.20446556834073715,0.6011024285093319,0.510087414329874,0.1587985017624382,0.05233933303339352,0.02406658432497762,0.894512536788111,0.5447063361051397,0.9044103085247384,0.5197423287819095,0.025903700676094783,0.02839530579621325,0.14650395414668302,0.6751577063455978,0.2473204678872086,0.04077781786085485,0.03207834805751037,0.054736463088227306,0.10879779386118484,0.46362900312534755,0.0229801082318626,0.03102016629455553,0.613257085106164,0.13457368747235926,0.22052885616427276,0.8374734276188857,0.20863511336047788,0.01947987234927545,0.8963786103712685,0.2752914956200021,0.1841398531208499,0.7034691788135173,0.02360289668553607,0.01999388429506319,0.03917334978131495,0.36829166204500463,0.12737918211786778,0.10985953228584838,0.05691589421117522
BACE1,0.279127236186437,0.04744017269553831,0.08532895503590705,0.12446409055004466,0.03458210937263331,0.021623085061864982,0.04614468677178051,0.09488763469694149,0.02247808877703609,0.10629582472886286,0.10151760808226841,0.5776802079134464,0.5381765452918338,0.028455851135983305,0.0818320254236079,0.02521822122879775,0.0,0.07593429956106947,0.01834069124979649,0.055395057137125496,0.019550704613834055,0.14844720477088252,0.034273873575907145,0.049455996357681505,0.30186742747665873,0.2585480936770108,0.03821578474206263,0.12304724488592479,0.0794105385387246,0.0819058083036029,0.028456410468102253,0.02085764445340525,0.04455049352857143,0.03227427318081729,0.4079327283359361,0.8218368483653438,0.10762165715829049,0.044492557055975594,0.04447661341518738,0.02488612975794032,0.1550837182961031,0.03215157166548685,0.13976523411433153,0.5522869780954501,0.9163815445934399,0.15164651252889413,0.17585543618801236,0.05281782171524577,0.8596379106905826,0.11758074782258063,0.0830923387919313,0.023855183722215293,0.028962976141218764,0.4960280825740718,0.3745120592322488,0.17406985438788158,0.49446503026377175,0.08746789680099304,0.05279802995791506,0.03385574537322428,0.08042336000171872,0.08408523175456038,0.03901124877615041,0.19515742383273824,0.11480007342222565,0.05983768673350154,0.18513575406533467,0.018750733045443384,0.3120778276542183,0.8039934056863439,0.3743759163613972,0.23121640198765714,0.12813227256356452,0.31046717235545185,0.10055263728388862,0.035238039820677906,0.027983386945883655,0.3343675154302148,0.02122973643339263,0.11342995474494656
BIN1,0.6038136361460408,0.9997078605269784,0.0502068942121655,0.05989995724480905,0.09086355558914881,0.22199510221900803,0.04270406392572862,0.4138109032550156,0.21461442498276492,0.28421585291003876,0.9276404055138635,0.06494652625469335,0.11584189618221558,0.12313000428841689,0.8678905899975938,0.7942632945160059,0.6466557170616578,0.0,0.08016592006897011,0.050104155916921134,0.05484067366498239,0.19343380606562632,0.12002073501559511,0.7407952785333729,0.4414615776566123,0.21210316902431126,0.06555711500986618,0.10876563325792155,0.6335652268443378,0.031959011015033005,0.89585981577751,0.2281226453400332,0.8903929414343771,0.12859899510712391,0.025393440902318057,0.42770411496656746,0.2132745942966587,0.9676406581542993,0.8566134756324003,0.6105018384228497,0.40225113631709525,0.41213892571572003,0.4347001726104597,0.34909350192286853,0.9733309336647702,0.9997025693494862,0.02627170654061162,0.9891120101115823,0.17261780087266093,0.5700621798574634,0.044288984883422776,0.5325553870920954,0.5442321917149672,0.9307559197359468,0.032564142031617824,0.3065868683493613,0.21880298774446644,0.042554445742306844,0.28501360109340207,0.989026562204986,0.18182197740131853,0.7203493730269219,0.1847901431826699,0.11833368411123259,0.05237094087327565,0.8022399747026194,0.5612242318842579,0.9983412717070768,0.04323101931313542,0.9999607022096222,0.15070955986271273,0.022234172341975913,0.7272647792155701,0.11602106185379137,0.33102665840954737,0.057840126958109084,0.12537362704570007,0.18881487092970387,0.052294543973175636,0.10579934304425997
CLU,0.5092387561609834,0.02007534617626632,0.6425964649601221,0.3952199912921822,0.018390592655678814,0.036243697361994495,0.027236500138876688,0.08582219804568186,0.051715255949684256,0.09449116546185547,0.019845163671524564,0.07781362486095782,0.03012208882866513,0.999999945233237,0.949346953125475,0.02475944679280985,0.018545593502873603,0.03909529723087936,0.0,0.021085520162208143,0.023748081684481136,0.043770307213793026,0.04262865973036299,0.03981684815553063,0.5272881698101028,0.12888973606996898,0.4875844680514331,0.4483393834382497,0.022631213758842236,0.08341753705473033,0.21078232414475537,0.03741294013373549,0.5364075704143021,0.19876629806300503,0.15007734069505033,0.07589502870118145,0.4281464552051205,0.02778675251212548,0.08899234943147301,0.02026114612822249,0.09407863283239802,0.022270621640851952,0.024227844283822846,0.14993650480041976,0.7067691894346859,0.06137942780956009,0.021372530050201028,0.9895777456711761,0.19153056762596238,0.06387050006941751,0.11146419506310029,0.5101410417605253,0.0958524980173775,0.4349980348675984,0.06543993562840184,0.05452469873724361,0.03673103203656531,0.022983821521883895,0.06940381488051037,0.6513121727039596,0.04404474191239663,0.10680683814871923,0.05633281977056464,0.25868741453723926,0.031394395453460865,0.15907818329348916,0.4176141956983555,0.218029329546727,0.9984093321294476,0.12054205618080806,0.5634847086286406,0.03572827283602372,0.028996278578876464,0.030653149039235692,0.09573542559133487,0.07407950527687233,0.0486038852011957,0.06916925688193205,0.09697366307181245,0.4467951488372287
COPA,0.06133677057456318,0.05732321974203789,0.018751670184326857,0.11179727643586235,0.024405119292667372,0.14125174679704433,0.031898755382877515,0.9932282741114319,0.11376011244853046,0.026492380423834096,0.8312086857634265,0.11080560921952604,0.9813145336380676,0.08745168001386171,0.2536219075316297,0.0873591485081787,0.13436836591911414,0.033352042588164744,0.021662559475996834,0.0,0.9835326353768528,0.9627786390585099,0.8510315002386637,0.9992814850413391,0.9992726810327323,0.24529211564936243,0.6566512699308397,0.3532255928423897,0.7699653454969655,0.24842928374518103,0.31923551045357873,0.5713381883524691,0.09273373665590146,0.1710250681182235,0.05343070662095,0.6617390658934378,0.23054306827737203,0.1159214474715978,0.31105461160447984,0.38603890197134577,0.04861599170836591,0.19507668416342253,0.07881633120123524,0.018624596104811746,0.9949195432517633,0.8178937848964103,0.03220999991534849,0.02171700103690082,0.032703786748914825,0.42844958529132776,0.04505848997428401,0.11413281750330698,0.0714215835861938,0.027960370257526335,0.03381005642474725,0.027702521298470444,0.5469753509117969,0.03830974383087791,0.11244406369238415,0.05294388232643776,0.2436558617888559,0.05790437735697423,0.10965039393257742,0.9741256765702336,0.28665372361289987,0.15678631151101402,0.18328771419307,0.16162723855895691,0.6600846446429266,0.060577910178047124,0.10496761290164107,0.22028789930290094,0.09956051463760747,0.4476506420465678,0.5654719934978636,0.18395261458722753,0.21694163532091976,0.026243446052367527,0.040626873039117356,0.0333938668223559
COPB1,0.5376856751975484,0.028805549668665723,0.3995658543229676,0.04945225675525487,0.023660027419323496,0.02125169347227572,0.020403364465277202,0.0532531791573915,0.04570160464704457,0.053435022522241575,0.7974319768818858,0.03700051077791715,0.03970055651730062,0.032450127829629034,0.2621804423459008,0.02117783888097174,0.02055554183199581,0.032361430666531306,0.02388378339980832,0.9550257262082106,0.0,0.3471127767053609,0.9594282741122153,0.9999790524029668,0.9974516765220668,0.9164907831163144,0.0654322659112952,0.019386667494090848,0.019638472954780318,0.14245021935139354,0.25254605009980846,0.4684202128027983,0.046004670040217494,0.1912342743122786,0.04800262154144386,0.0854514079981898,0.04435838800169783,0.043395900328108084,0.5703107859878239,0.03611595478748993,0.09485600091302446,0.08345573001990142,0.031803333722736804,0.9923065414286723,0.05983131659807625,0.0239021266772597,0.27460000840865056,0.20362270663370519,0.9984445447874212,0.02421758286902008,0.030070726667007063,0.026182308525726745,0.02165841608664247,0.06635420270070991,0.12782304115089682,0.026699301455538713,0.032661638167063155,0.03733627515097141,0.03837269016338548,0.08630202335187073,0.14832925317814932,0.1581230114982915,0.07835514659277505,0.38256222015875374,0.09416108106195273,0.09751047390795352,0.02569151879810946,0.09266756010799013,0.035676762642064805,0.11612222420286687,0.5051711440853933,0.667725483826373,0.06178097422137861,0.031189741759117182,0.12398056131659932,0.0495262719357068,0.04621850753104896,0.1812078376861041,0.16064137091844305,0.06619632711773411
COPB2,0.6765639563074655,0.025935524496440765,0.37265559362613354,0.3270483664201421,0.018326924325686743,0.0970414397396708,0.05356865741296947,0.03501629929848918,0.05062412372532247,0.019062720839127585,0.17628889682965115,0.02028128528646082,0.6669740047821519,0.06651189626559194,0.01837478606320995,0.3924137204565172,0.7065371827189327,0.10116582874952826,0.06086447255455492,0.9895578870937674,0.6349019110608785,0.0,0.9861102371874237,0.9471189900998938,0.9494902710989109,0.9997801862024286,0.026241553605663152,0.8182110269412187,0.5303398652620107,0.8258644144235605,0.03616627454662469,0.023676287572784248,0.8762731938946935,0.026340550770183695,0.40377372411117374,0.11832905668181098,0.8750666924344016,0.033286421428711216,0.47357563029283284,0.0264623600476534,0.5745503010821843,0.024818977524746228,0.7223339916591449,0.12424291292944029,0.3634013577041925,0.08202637550730084,0.3511419679966918,0.23589850125789488,0.07561381197471824,0.0657850010842747,0.05202431218805179,0.14735281884120285,0.2848111096830212,0.04134208946658488,0.08013024431420197,0.024745340578029573,0.06852501479006234,0.024168114228166546,0.03291357844029544,0.15858690877609383,0.07716391897280066,0.7658579508849166,0.04014172185706097,0.7677862085511167,0.05367548066645461,0.24700099641172474,0.0450916282609591,0.287833845238449,0.037326590308665746,0.06568993151539171,0.7491417494355436,0.07017935726384882,0.09625103612039043,0.25598344101266607,0.31725753974750637,0.08718629836516628,0.11271895708559297,0.5969369996418503,0.11059413972193496,0.056619333979036
COPE,0.15318946644451728,0.034563405379262085,0.03316671579478094,0.019969644596016918,0.031178025124848702,0.02457038637473231,0.022970671207799796,0.18963065227281078,0.5121691951936591,0.10929584219958566,0.07571066453003907,0.07736176659553055,0.06347351322826497,0.04812697742692986,0.034510466396165534,0.1650837777101215,0.03245562061134721,0.03225671461076628,0.029822282891995587,0.24241119308597084,0.5227457044560498,0.3753676455680412,0.0,0.041057336303322735,0.49936487435653404,0.12945325905281002,0.07541925717947423,0.33249711470718946,0.037083754885585095,0.04458190152240995,0.027306040425886167,0.07508677910022439,0.25394014254326236,0.13482965945932968,0.031425708890143705,0.6682630312935989,0.07875277342827292,0.23771648113612084,0.23012578047494753,0.04111488880593776,0.0631025034365494,0.022139436121451323,0.0745774284869652,0.07335591194048999,0.5644067293639695,0.038978129770557084,0.0578686917550596,0.8635958689818642,0.05900160181769649,0.19302114442646254,0.17702825132745437,0.024883860055407717,0.0340746590985546,0.1335756528682452,0.06485487120927313,0.09366831474285318,0.029815185087221325,0.352380700964663,0.0497534230704496,0.3618335755141441,0.1445120640568241,0.04860216562129486,0.039391318385460235,0.04009795387863548,0.05386035856713422,0.02162444083348384,0.027572058543232233,0.03349250980067452,0.08498452085802152,0.11038195094386752,0.0622834171267754,0.07198456131460512,0.07375472758514136,0.04141409359458713,0.04895885136085008,0.025429058779156292,0.08617065963845554,0.028312546382712696,0.05817838854879765,0.04257957880921395
COPG1,0.149205139822997,0.034265885444250146,0.026710945832771126,0.6660963099190207,0.028256876041212794,0.06767906682312665,0.06338273259084319,0.02126401887254445,0.27684672627348467,0.019831545278677466,0.058239900286436504,0.12289657055667562,0.138414923951064,0.028531010448480262,0.6212512135017257,0.019116781146830037,0.07488251322422536,0.16020951008684411,0.03700794752948042,0.9910708467928598,0.9998914318937745,0.6285677013732487,0.06423662593260986,0.0,0.999999675801808,0.025498778083762597,0.03351052473496568,0.038041671339734504,0.13497221909874882,0.44091401546556197,0.03483204738739941,0.9768031511726704,0.1434891021329646,0.036835761592027096,0.8879311489363323,0.2322514257195034,0.031554898622201503,0.046897979023933285,0.039296342557320646,0.41346743156095367,0.0816886009445787,0.02752709821259954,0.02811296685069921,0.9056744116911604,0.035573661412576965,0.18963883166836226,0.03472122950636566,0.03544119216929683,0.2905799968821201,0.04505353220365301,0.10728293735903775,0.5584973918136958,0.08169704636928711,0.13069451006291158,0.35801828145249814,0.021620386418021487,0.06370291674484817,0.39622069401840404,0.02209274873988527,0.08361273113541885,0.028517740329758522,0.15008728136979715,0.03269733923323535,0.034102163520309134,0.05014377290596402,0.023607523648697896,0.09707204384952248,0.07853447210148883,0.972052619529067,0.02118235569059882,0.31728666973097747,0.07869879342139692,0.13435431546387236,0.09386841627151594,0.1940907900332397,0.026572343936959394,0.028896426072757223,0.41647258340525695,0.10142713872496072,0.5474319547202432
COPG2,0.030607788309989958,0.021327572133778037,0.0246411118167359,0.23428963345402898,0.058937519259816405,0.02385645421090156,0.04027488624913472,0.04439245839769942,0.13688819471532454,0.46303408213125896,0.6624066148797116,0.02243544207060122,0.052944931766890996,0.10579538778467795,0.12645482746676795,0.09502937923338856,0.13168213884225133,0.03994894656332892,0.0954028956795516,0.5216995274875389,0.5403372763762432,0.13482821595264227,0.25384185625648464,0.9925937952800987,0.0,0.05326148989232054,0.02570446521687906,0.02711692211357726,0.08004435844571732,0.08282109430432827,0.12598201690038294,0.034456881007820635,0.0828087121798462,0.06272921501367962,0.02223373441939286,0.03420735834112239,0.029404480124764015,0.019609481936337304,0.05957787344468118,0.21324655572175838,0.04138023917188585,0.030349771810134006,0.04483378053511755,0.16358645951840717,0.07157675055613649,0.07673826137236145,0.05440167313401281,0.0320231213849459,0.09229271193864774,0.03633605860804784,0.05086856402466274,0.04788481514727186,0.02706401470682583,0.14560174415637922,0.024073493084600966,0.059392590319965244,0.04352766976956072,0.03242254756086078,0.025274366681982866,0.08720345892756247,0.08409047101139093,0.04099398364747876,0.023439922456793404,0.38189375736612075,0.05529298782999338,0.0752244643391489,0.08146711980365344,0.04958953531689463,0.0672510847751241,0.025878520427404753,0.04885589118416583,0.0417949527187899,0.04714091468165932,0.2111000736980531,0.029874504967106905,0.11269675133743508,0.07387211469019839,0.021849801823070076,0.050365626729872146,0.17087690331949218
COPZ1,0.11175808033972215,0.019844515182847376,0.05637988437966939,0.15851065518408664,0.029489068923914712,0.04500601460229804,0.022181575892680275,0.25378264213406354,0.0756908271687145,0.029176594358636686,0.11745860760695498,0.029152615023119076,0.03891052821665351,0.08448048300875953,0.02048749519620432,0.36449854147228833,0.1834950019997515,0.03716846835190076,0.053794301515255334,0.0649256940179978,0.3538066993320907,0.7072051823533876,0.11385206930763123,0.022166666352112386,0.07097330781744177,0.0,0.603344107265474,0.08567263717003637,0.020200276160478977,0.03949954881754768,0.08544751480091577,0.05189819197913935,0.030273127846534555,0.02355882863777671,0.8097579608204939,0.026773525344427944,0.02048988342748825,0.01864696494525251,0.28740125129560273,0.03843950571260021,0.25111445208191613,0.023655375902586536,0.12769487449640318,0.10689088277858748,0.3177923765964647,0.21982077763903538,0.018498474361705056,0.030465455517558335,0.07209314912407319,0.4400008122698227,0.02966218273757262,0.3564067551848818,0.020402235042864057,0.06866564019458127,0.019731977479845664,0.26462663172860695,0.10838168833850706,0.4633432004062541,0.022211742037761485,0.04597928882871984,0.11355150772349444,0.025971049871697606,0.028388540838990773,0.04219124249116896,0.024919407483366008,0.27490252348061794,0.07123319469020438,0.032748976015332144,0.03767958499094489,0.04853694424201588,0.037218135974592226,0.27239436115726456,0.446744113932051,0.02400790626692045,0.1136822060043957,0.0551394971489258,0.0769642163366098,0.0658670107173288,0.0374105159349736,0.06895074844215336
ECE1,0.026655628951484968,0.03069757593095721,0.06970612744257275,0.03676791418248054,0.024014323599988126,0.04815234784773938,0.03732166780539071,0.02584823714950592,0.14604972156154994,0.018487124214174228,0.18506819189206672,0.061008350594316134,0.22956375449022126,0.024951825763072685,0.06071888444710538,0.07464050386924426,0.03640504715426435,0.026839377466267626,0.1615402854937506,0.16333627465006534,0.038519361283066066,0.02118070512201108,0.07774478115537647,0.02709842658683043,0.029606836862093276,0.7017536894859123,0.0,0.027991101119508918,0.03860381841073353,0.17471444699395644,0.2639449919831226,0.03103043079479103,0.201401280763245,0.03457520378231788,0.04178945936517186,0.995364786214146,0.061802929429229644,0.14897536633174627,0.19054730624142804,0.850219417936265,0.07993770985100684,0.02700418934192353,0.2789809651092404,0.7854780997837963,0.050145490743739994,0.17632170694118585,0.2053349420410231,0.15668051959319831,0.0688803365456426,0.26543020360661457,0.020927889413245648,0.330668314825476,0.03351620276847999,0.2060856954491741,0.0303834339759759,0.03405016643652025,0.02023491005613868,0.02081406633400101,0.018475242675392727,0.1228693342116557,0.1951707403372159,0.05748369766701143,0.027350682253908628,0.027572041560342566,0.10700529068292786,0.022606621853593797,0.02078551579791655,0.03573692074672381,0.02706225853035906,0.036331745326835835,0.14213357161517584,0.34819796076162524,0.024369351934618408,0.028426375467800434,0.03186956104540228,0.05561192559115936,0.19259526521241735,0.02524523060238692,0.029617518800404013,0.025152768491126246
EIF2S1,0.0262858632280922,0.07171340027814467,0.22453695034505872,0.05170452778651251,0.025776343376257376,0.05164658481166419,0.018154979251659965,0.043023137590661474,0.10960748870226966,0.23889330346183235,0.027911540487512702,0.14631547712592632,0.12602642717337784,0.054769155768767744,0.03547778289462533,0.020535763926415897,0.10351137703013166,0.031042029986182086,0.14006310795029508,0.0888101374392206,0.018764185237038638,0.1543034954497632,0.3241485297589441,0.029001453034459026,0.03130713638440339,0.09404001677448805,0.027590600639927066,0.0,0.04379583966372122,0.0857550493679455,0.034893126710630384,0.02778863268254541,0.6148585591020264,0.10513486729982505,0.0946250162739265,0.7831809579393137,0.03893643984157937,0.07243125554821452,0.028560551653214222,0.10040323813917006,0.026936339774428972,0.15985692724202694,0.09675018105324984,0.03932978842701612,0.19282603440464657,0.07864319665546327,0.21339785577274298,0.06323442526222932,0.10685423138242109,0.020161035605224923,0.02998592935866878,0.042860837657299033,0.06390077193760249,0.06250448384647835,0.12340226046103758,0.1712229860776316,0.04022769300524364,0.054584181115150704,0.036281582576894,0.09903131946319503,0.15333983065083315,0.06902321360556798,0.022776961430675112,0.6493074323491649,0.05063319376986751,0.0564414105697512,0.035484463190649955,0.6276410754420059,0.04614289412849386,0.040990213671509006,0.03482107857887503,0.05347256306745451,0.03288672322021291,0.021556409735219075,0.07062493667883006,0.05327884444903971,0.10062020586443766,0.711668263873689,0.15028252800657077,0.24218127943380557
GGA1,0.027058298677029653,0.307037236019275,0.05715436355760328,0.03940142652042556,0.05742750207172201,0.05456395576747526,0.08042265485296968,0.08703770508004649,0.06530413394790885,0.08089447120614675,0.0285369743328253,0.08580604562406854,0.2767459492977191,0.3764133759343202,0.20665664483929774,0.05458199199940448,0.11581911366864872,0.10738178303532601,0.021661307360627578,0.40143015190493325,0.019284075192310048,0.17032143565478156,0.04886949874271994,0.11016386190246692,0.26094168761072245,0.02138561597409648,0.050497232747260756,0.06220186183824559,0.0,0.6194338188100424,0.6828213155021999,0.20574423107337964,0.13762959355836404,0.022640522944506917,0.028965908638783656,0.9987646105458168,0.06959002479044797,0.1056115734501624,0.08620951415350372,0.18251828747292123,0.14068751134565147,0.06423568024341694,0.4237295867121178,0.37731672429397395,0.05694806788052385,0.08648811099879347,0.11306826724990017,0.026723220736424774,0.5325444413552433,0.7877013717231501,0.023562058508272636,0.20585857095819635,0.054736868044547894,0.026837343809989492,0.06053200729015554,0.049427613133573224,0.09411054609422397,0.16119600504921844,0.17058834884518417,0.055325836205049904,0.14023863385339289,0.10231005844772373,0.45520879243305845,0.369348074762982,0.0362034014915446,0.11358792320825942,0.31303901757220043,0.1605164797449745,0.13417175747295307,0.033703328773394124,0.09561765443922914,0.06508909757932653,0.1922444259994304,0.04883594064085462,0.02981659829389913,0.10407575742656523,0.3548192314074995,0.02724564259475858,0.06701556034525007,0.022198369238196035
GGA2,0.4694737977497286,0.03465025522481154,0.08662146789924793,0.02781032134250188,0.030682846003897524,0.02958217271459875,0.051987292143491765,0.14849927619463985,0.021170352413236754,0.02416675859787846,0.9243872367659397,0.048425865511688156,0.17231882200650647,0.13812567754396607,0.058280847891470165,0.14227288316665854,0.10070085101186187,0.022305853737039534,0.05562783130344056,0.0998799395253632,0.08122731129168859,0.2562902845412105,0.055675888098945275,0.2734856036571541,0.219028939338488,0.051515174523212866,0.26769297600616104,0.1262646496957162,0.5104180607142703,0.0,0.08324808498638754,0.8339394876402976,0.15295283053074235,0.059326875337669664,0.2828375929745227,0.18740635485300075,0.023397504440431066,0.14974072574654573,0.7642908108612427,0.14326139186779466,0.14957928549767174,0.0337902083228941,0.05430485465245736,0.0511836081768567,0.12571226016745346,0.023050851978108692,0.34115950945939444,0.10108603274048912,0.04746038322424051,0.3497950439530947,0.03696083339653862,0.2474715569654884,0.38290270121229353,0.03675277689062471,0.6286337409433902,0.4667999579463849,0.0862858648137443,0.041385822394040886,0.04679847513266722,0.0751547395053175,0.3919468623299633,0.2866720543364102,0.6408873816043296,0.12510398001163991,0.07509092967912163,0.14981294242792328,0.02066234953628493,0.03300091478697423,0.08433895059777813,0.03837146182831297,0.14990866251843807,0.5569419375719481,0.03262060478301761,0.12356819201676288,0.03164714975604244,0.1342553616501066,0.24337878541991528,0.15548089632769055,0.05949390921624206,0.281068533334992
GGA3,0.10368090589294074,0.16573726484359802,0.018735111443746785,0.018270613648588504,0.07148803079823382,0.04748525265329921,0.14895532752077592,0.2097178215319138,0.0742355318255872,0.830247945894853,0.0383567370280191,0.15792227901160763,0.9755625583617383,0.09218976791209521,0.0652058026741536,0.05151520461737056,0.03223029632552033,0.19066119345431198,0.13878453708974217,0.14789027438245786,0.15679297899837866,0.027168500968765226,0.032125077676636755,0.032510906545624677,0.48242125798246893,0.17347822540827354,0.512966490806459,0.04555378463256804,0.6860330447338873,0.09823348256099147,0.0,0.6740433949501307,0.06369775942113164,0.07819756336294018,0.8769384475605887,0.8410854111293958,0.031184151872505148,0.05231570530465739,0.16407062703715722,0.018094807427087523,0.02650704261584367,0.027771144244712647,0.033213489337727,0.10522057954176807,0.03372407510784121,0.056245134862387476,0.17910092310430084,0.6890084112038598,0.03005677695775825,0.3751915850665052,0.054474091735518704,0.0536909898700134,0.1520489051764175,0.4468503225568275,0.07201557698984842,0.10206744728060756,0.052270813213587675,0.040720250071941036,0.05244366729130349,0.14820581248088885,0.029352007888902496,0.03576208099625627,0.018239087867570454,0.09834831342041489,0.02555718813614548,0.04126162635650523,0.08049864810384509,0.07114786702279707,0.23188726994445724,0.49594058280541614,0.020354255756484956,0.42814057079534396,0.03117280121714161,0.2647495085350548,0.059361698937686516,0.03035485315160199,0.10007401131395588,0.11194022194379868,0.02833482580276926,0.08332167448218103
GORASP1,0.07256705427639812,0.018906270758016628,0.03176619473460783,0.02289477858074474,0.022951148018295082,0.03245149425806199,0.04820907304199174,0.018676038263536424,0.0679133040572323,0.034676312889758316,0.020526091671146024,0.07114347302398992,0.11240464948891955,0.040836993960386876,0.03650933341754896,0.08072542855102598,0.020055368560771274,0.034432971657538836,0.02538989615894926,0.09242755163737762,0.09772593706488202,0.019748426666315554,0.05711839571229778,0.49913070226850564,0.03672623311516684,0.04502614897882339,0.0276310718762696,0.025623000024517575,0.0782398958149099,0.4031607887218676,0.21881659087342295,0.0,0.23522631939610372,0.04797504313086582,0.06320729384021403,0.021437716459300628,0.02345921718138646,0.03549831804214496,0.03390042667948984,0.07722865094434893,0.04751694919543986,0.062309284905679836,0.08156445308768898,0.2204358336093257,0.07699684553200169,0.1977775774035188,0.027821163225101697,0.06113453936475794,0.14271202755697368,0.02468895772926559,0.051878829207747425,0.07025486333050843,0.029083373646682287,0.03525529269453934,0.157363229464823,0.19678633113652438,0.02178127336651137,0.020126028784038644,0.04771343842192842,0.05689462665947692,0.05089496395668964,0.042022176137712045,0.03514741091228429,0.08888311082647785,0.0333441594583278,0.02231678353081994,0.019389214455477238,0.3937299224051416,0.029267929852912985,0.030729425498301793,0.043940008498298495,0.021557735084448467,0.09845569660354633,0.06851708345513197,0.0858385851471735,0.019413168628175506,0.02775175066431696,0.03698498571452889,0.14341061826435966,0.03915894168374085
HSPA5,0.2353533040129305,0.42533729158568695,0.027931084065621038,0.04240880273177509,0.02259267048513749,0.06996918518882103,0.02915056051007859,0.2398928412092961,0.05381679673206064,0.043210065624975334,0.22055333407722946,0.42498859526139743,0.7225309630497934,0.6253288721733073,0.06615452969691757,0.018816631727539196,0.07474218436197227,0.30058375077870414,0.5486455615898572,0.07493601317443749,0.04564488415589869,0.5913615077870863,0.7452301375774242,0.1779414778374734,0.44744978779394134,0.04721074597421531,0.6117530392103961,0.9790891890583301,0.21551225065172816,0.3053298030341769,0.08598313421318148,0.8905176577963017,0.0,0.9762800407338801,0.6387804597417955,0.03939773988527378,0.020122761558956273,0.8288079953829101,0.03451497840212311,0.05534520302728147,0.07274157487090752,0.06215893469744868,0.965118336827213,0.05484644677196901,0.5479164420400466,0.05680370222688406,0.22147287999576928,0.8324438047187469,0.8543348703976845,0.5967298747661293,0.046237759504209205,0.08077738695988144,0.16278225942629931,0.07252433025912512,0.052907144446828466,0.6158081683771987,0.03844447204447882,0.051133589692270054,0.021980348574645595,0.1651240793122531,0.9094981062295986,0.2352144194493282,0.8491471597349992,0.09198839178387733,0.11095423700551267,0.38707817512941034,0.0269978289837496,0.02728270142866357,0.4040738187252775,0.6143855913497062,0.35413279560015815,0.4404072368271603,0.9253308880828107,0.02563492065643139,0.20225661799588873,0.048573658597879904,0.020965381244672572,0.04675080638632088,0.06238298508774151,0.018851644516820802
HSPA9,0.027821553630808248,0.07552384693190003,0.14505394368595992,0.02072443111484997,0.029556966192460486,0.04297704475720669,0.02270738422619722,0.0617727700019924,0.04258671029746332,0.7234452794645276,0.04991937073323904,0.03925138867587099,0.5076863521336148,0.053595890392924395,0.02933806901681331,0.05800664014256167,0.039453816528166444,0.04380122488842799,0.1464907621946348,0.09770045661354768,0.13612386337642393,0.022815256721578574,0.300303116821342,0.035470806930287896,0.1996967932370287,0.027557016629258378,0.04593820384808097,0.22612949922772774,0.022962006784441578,0.07290310732981874,0.084866612638803,0.10488064726111164,0.9274818245374665,0.0,0.7742012264905765,0.8129475437962173,0.19958952030496338,0.028352689103398627,0.3362640090532038,0.22436132697596825,0.026607150123809244,0.8399202484373692,0.1833066080312205,0.03296895389493311,0.185332183746233,0.1424993892230762,0.03718630084286105,0.025144207011281124,0.018899604699599983,0.05661139875671539,0.06879517412267057,0.12915082528424154,0.4102714012367196,0.09158627026163886,0.02667235950303633,0.15532251720035342,0.03364508399638187,0.24775826126935646,0.021906027211918477,0.020712670963921535,0.7566278806784028,0.12866668043782262,0.06978741672845426,0.08129144235010913,0.06897621773688487,0.023130992030030374,0.07368778008222494,0.5349406695900142,0.17352057013426497,0.0339012917522423,0.635817240216773,0.019197485139056076,0.030294362987603057,0.5791067441366964,0.036901664460813326,0.6204665741914647,0.1182777507922507,0.024985182919707923,0.09759025628585477,0.0997423539681961
IDE,0.02681232758621281,0.04263608529371421,0.17574157147399358,0.216078756208293,0.03091233353669904,0.02967628914638318,0.025133625259271805,0.1522556516615723,0.14350615972684547,0.3475815237437861,0.8037975104555776,0.023894386324917468,0.30770808215275497,0.1262994108144482,0.0608520662970844,0.08262842129240934,0.13991589822427428,0.019249776609500977,0.04185869726437695,0.02580618330135954,0.026101056962835132,0.04760139747883546,0.02599148038698552,0.19272259592158217,0.02177054976298976,0.4638540528394819,0.03103001424852138,0.055177643860938846,0.022561490945741138,0.0844104528055123,0.23494266759385302,0.05060807893832092,0.09385940858663847,0.15944801190768632,0.0,0.8259070720380132,0.024183147893441698,0.0914133978953258,0.053508817678758334,0.03536385547127413,0.04466165593571397,0.084767493354007,0.03923884874952241,0.11389618509434356,0.03122669152403107,0.634561448284918,0.259125585241858,0.2710760606310472,0.07664553754362755,0.14997059065016452,0.14094963707020985,0.11901973180296688,0.08695958132059398,0.03840882035233184,0.29378880882397057,0.06710376628375093,0.024505713396019268,0.29476159247014194,0.03799299506688727,0.08757497181593135,0.053184524579479815,0.19575764905551524,0.04819197776540516,0.047675585273788984,0.09572356149151896,0.5653607503762004,0.019157966949201636,0.0823616791094335,0.04266154373830523,0.06682634165921153,0.038688572411860765,0.025570335346087002,0.08856038323937464,0.06699864314039701,0.042161257797519974,0.02625346613028049,0.04612170227298528,0.07008330280957785,0.02324197599882616,0.022167879211244457
ITPR1,0.1662774837352405,0.02839968620941216,0.32011295248297567,0.04655554017598508,0.024454979094206252,0.037556557934355604,0.020130038132777126,0.11341804205829088,0.08882088740746372,0.04944794337356176,0.09313778466768755,0.24361091013620265,0.19417291717736015,0.019114895849461595,0.030310405824314667,0.9668333468210776,0.436071692874251,0.039869216379494705,0.03380543466572031,0.09295248358864514,0.03518661823564727,0.03301257041580863,0.37251040925532547,0.06500061203834882,0.034481263035835125,0.024690074078247852,0.941836409338584,0.48901372218080047,0.8459145458055566,0.07582696286066197,0.27131323841600535,0.021143644084992638,0.025176316470632263,0.2222809842232311,0.9044941017934268,0.0,0.026466276285515223,0.020738270767281287,0.46243286145237905,0.09932875957483052,0.04709914706840053,0.030977419237214924,0.0346272339426964,0.022224038150852513,0.02083343475343605,0.1597215250520657,0.13367968503770555,0.40154934110651513,0.045085841634633826,0.20344942162718607,0.046539965028026,0.06398992275681213,0.12947615128838447,0.2055048353215645,0.13578244836821035,0.020084500760729884,0.03414363728696254,0.26325999184208754,0.021554354355404714,0.034506533806765764,0.3270647860832674,0.3827864982969154,0.25316835309700275,0.2060874147385768,0.061395430320396266,0.047844964638453,0.0720610303781245,0.027931789019850765,0.040594191383187504,0.1813212460376259,0.07926702066816159,0.07024806793409569,0.1222817129529295,0.024690310362211604,0.04615684528882857,0.027267477941536715,0.8681435333819683,0.0968689364799618,0.02423672665436806,0.07105003533731015
ITPR2,0.050366028510052195,0.04864204157035144,0.9550875818911899,0.12336499237533466,0.020494706468901124,0.05648583933890368,0.07362515223479758,0.812578568572107,0.018677725361744717,0.6172899224320232,0.07790995188335333,0.01886278735928097,0.17719379688496,0.17113825016427053,0.15056407674300493,0.02020259392555935,0.28349383532841715,0.07124567747267604,0.46373443116189117,0.17962706339395765,0.04506930948129527,0.6171784855457237,0.2219716486998904,0.03421882664882089,0.05880807916631377,0.023080909123258435,0.14581405392314636,0.07118396975661552,0.10036533610506888,0.026157211447848137,0.036327073755801624,0.032350630410765434,0.020182919046730072,0.3013452498539572,0.039880260627597926,0.045266623815306356,0.0,0.22150258108518625,0.1036594503043275,0.6332820702696145,0.97745879481905,0.03611867579407618,0.028276625679589863,0.03382886261475231,0.025626289286346075,0.28553875956738456,0.20560178793027173,0.5887143324676213,0.041058220823772085,0.30942139844587097,0.025108014206003032,0.04498892453423303,0.030221046595180885,0.31590244313597216,0.04695812011806306,0.3501444275043023,0.0408319869257454,0.18936297015457584,0.034719935621589156,0.08526908039175363,0.1360847987789594,0.04669474653099277,0.04626363512126673,0.18568657184492174,0.0919760877774824,0.05342083909424899,0.1919031238174479,0.09961070868071895,0.5407080588314612,0.030980965164915827,0.04801512842122206,0.628406131376477,0.11007657972326768,0.10468605311877491,0.019505085841416567,0.05793207572732436,0.7911447533720093,0.023636060525667302,0.06993835107919061,0.38464949377056556
LRP1,0.17253897349916175,0.17906707063323116,0.8007935027621276,0.034397031705688405,0.05446566507157702,0.04760434291459898,0.05438852677734387,0.041962179580183626,0.043851909220800164,0.3492985433916361,0.9944073271188605,0.9839865441853568,0.1787344489098715,0.9973998846257172,0.9937786229818594,0.02719362486772558,0.14391312509647633,0.8494253450095683,0.03467753033386467,0.18946126546466116,0.06570197287260575,0.03531974660135161,0.9665130140519803,0.0870360390013141,0.024433186897098447,0.019891205818317395,0.8502471577214664,0.4526032838927863,0.37460592356694794,0.6687133991641234,0.12544904856012518,0.14882464306950752,0.9871780008034459,0.03996758053327666,0.9383212184810076,0.02958414776267659,0.4993250663156909,0.0,0.7580352469503359,0.021024825064729153,0.15456457608733626,0.018874783610604056,0.9752597414900831,0.02144486884029889,0.5058603215893904,0.46522365740132043,0.049217810870401855,0.029356535941126995,0.029753744237215114,0.8122152726913667,0.14412189093637784,0.03000957578132237,0.02034376450685018,0.860597533314672,0.2802417187536341,0.9932078428789913,0.07887175711418172,0.09089365700881827,0.21840732378602074,0.844420074851104,0.6579006739596142,0.04088275849868076,0.7033823789930741,0.14019010703831852,0.07700656334296442,0.24840377842333422,0.5517234996429776,0.30688141757872756,0.9999948656442111,0.8456202732823273,0.03459109768367143,0.06189285781361511,0.9331865223815011,0.05441422637077808,0.23571260995320145,0.025721957055826333,0.3167643177372818,0.08377673327437021,0.23343177325016254,0.5468592470745243
MAP2K3,0.034850558197465735,0.052380109282864684,0.10402742097660299,0.05365387732899047,0.01934233168319434,0.021349391115505156,0.02457901124897286,0.026942037003338325,0.38377437649995894,0.02195655153959154,0.058377007357210416,0.028651596079770178,0.04516081153010572,0.12327297928665898,0.03888605722796032,0.03658916710778771,0.03239515458353748,0.058425150284710126,0.03522291859726777,0.05358404999156336,0.093584070962049,0.05536305033749856,0.11651534279055661,0.02570746544596004,0.05734133348287615,0.16110448663573626,0.09677293384236983,0.025049134034150256,0.040503192823303995,0.25490298826590396,0.05756110903674015,0.03143606039736696,0.023484177817638896,0.08266237537378543,0.057901640374471874,0.4200268096051929,0.03664892884086721,0.06911561415010509,0.0,0.07210740916063917,0.09902052113662356,0.06922227249199026,0.08258150321525706,0.0183548068930172,0.06045274693717866,0.025104624457673756,0.019486592011374464,0.1956771297094865,0.03217069409279701,0.025174434504509947,0.025464880040522008,0.1355145636555812,0.12901964267545585,0.03774180298618849,0.10292986697133594,0.07050336788075742,0.043713931036622564,0.03680814335567521,0.021201528373215664,0.027556381620088784,0.1381541385941412,0.029195702900597843,0.02360240787473054,0.09100861289456443,0.02681844350719339,0.08414411374172037,0.024602983328241526,0.04605687760982836,0.01954413780849374,0.16634151908616784,0.04408811605523517,0.15757247332694813,0.02895532809043516,0.07182693288103652,0.07115496253067073,0.03675776026291852,0.16047621100588141,0.08746078616974075,0.026254997468965046,0.03242898107974004
MAPK14,0.10081911135254676,0.022338567058665746,0.22972024078211076,0.10136293107279892,0.040674843921903216,0.049481580637899356,0.028703196145946356,0.647363922935113,0.17254066557257774,0.1428956119739956,0.039981428847675894,0.032693645801799925,0.23977285398560308,0.0618246841892129,0.1509118139429242,0.06609012939203437,0.026873532211676075,0.09934059410918322,0.0197579893505309,0.16564778616655754,0.030861985036333268,0.022437629146420085,0.05472954106394155,0.3045826575853491,0.7287374002341481,0.05393017956340478,0.973260833484704,0.17853748544937173,0.17334551895068623,0.16710370847160141,0.018091745507155716,0.19139389075424207,0.04336591386087569,0.18765126522431888,0.07086982563171453,0.3279245949874948,0.36620560337427177,0.01951119875911156,0.22549381914515274,0.0,0.987117668259886,0.05192979429453186,0.030857406071611703,0.05028330903189941,0.9243269468221381,0.4853742600332705,0.6397400871595502,0.10777193784234089,0.3390389045473309,0.05041742879389604,0.02256043524247362,0.1592767341353818,0.04108045220631158,0.8795804568475846,0.09894889331332332,0.5629463585434555,0.19831746889905885,0.09659230231803423,0.032057663457235964,0.027093948462790316,0.09029589237936302,0.02773875509654131,0.025745704215725418,0.07156374520538712,0.05392496146882924,0.045355023135647536,0.10375298514735035,0.038506730447149945,0.05638697696322621,0.035245787799632354,0.5015454120599732,0.04530408421777207,0.15947624831136553,0.4730778166426366,0.06591179532413179,0.03352201760130573,0.030459273642814966,0.05065647463680078,0.04526172950392859,0.020422734259057895
MAPKAPK2,0.04190760242914819,0.037491315525398396,0.35697391110592896,0.07991421838839988,0.01931745113601303,0.019654107074485064,0.029783335257611565,0.17724958229511428,0.057089554997264876,0.018661371752356798,0.11001568442104143,0.18154094214987473,0.9379690356478632,0.024400431286874687,0.07105862064003934,0.021080799560849406,0.2899576945048082,0.08185459293775793,0.07510736474269165,0.037419003816279904,0.0735679684862713,0.21003348257170315,0.11080646147187671,0.0755520208470006,0.09339667205836355,0.646179936823486,0.14716817501262028,0.03277496287632098,0.15761684343538349,0.20825301264366858,0.027103436270315202,0.10308358761756962,0.05917961182240734,0.02660256235323394,0.12970071276154535,0.1166301789953246,0.9182716014623563,0.06323433457158355,0.43342272471876786,0.9937870061812567,0.0,0.11599217329955638,0.037928909310303544,0.16797902898156547,0.025665330535174596,0.03287723193970179,0.15864307756245494,0.6305892997664078,0.7789269142063727,0.31868640474420107,0.021669364614191937,0.20974407057248048,0.2735755870099768,0.1337899900839644,0.03399810781214179,0.4932661681381883,0.049241468933199535,0.06501424214682676,0.033201369544957164,0.975822760440258,0.026453173288718903,0.05603635776082221,0.034425848000855894,0.08178504788534781,0.06981572576455145,0.36160110751360425,0.023404502798128057,0.037634384185250655,0.5121966407253646,0.2469217307229861,0.8843231399082612,0.8304462135809457,0.2584483267103025,0.047252268452100725,0.24045244456698356,0.04703965366163826,0.026461348908084298,0.19462391835273757,0.06631273815341467,0.03857733325728395
MFN2,0.06001074577314042,0.023876462680155378,0.027559332762299764,0.021582415087964296,0.3774301354233678,0.0216452184640086,0.18481962423282966,0.07437284484521163,0.3685610269170768,0.9324149610170818,0.13456216745006291,0.05287216710495603,0.6030146848231378,0.04011596961244297,0.3497726870251645,0.6684244900848615,0.07542594592271495,0.2652949288423171,0.0252973729032813,0.3842492451833212,0.18424248150971007,0.02611500506974737,0.031720939890747,0.037956987165507806,0.12034633985905362,0.040115603344556765,0.05291942874183627,0.9237584300673871,0.19956562164083044,0.07037713721039951,0.04210864983301853,0.5986169958037374,0.12259444763250489,0.9985485436187366,0.9401391218438815,0.1261142329403656,0.052233612704852626,0.01892584162698132,0.8079218137157426,0.14437594356013067,0.417689579499468,0.0,0.11720475561789578,0.8736039184541775,0.19957318703406324,0.261887292557467,0.04413770697957118,0.10176431936013143,0.08558854738319781,0.0891519275540968,0.13200661391625618,0.06706166982775667,0.09289108980004274,0.03208540738530477,0.1729126844286676,0.14815610467828874,0.166122039978526,0.20769880765066587,0.031815817262109504,0.13884778913191995,0.028570715843515268,0.23884150843547622,0.42996000888475444,0.05716066182459741,0.4941573115476675,0.024463888563769322,0.020298942671414806,0.027160444419543003,0.9915128620912497,0.30347481766954804,0.2761273849438901,0.7589002456985252,0.28335791040561586,0.020972354068666793,0.09003948052726295,0.9994353722244048,0.15392615263112808,0.0732157680102932,0.01825417292670723,0.01923745252542215
MIA3,0.48150698611488285,0.0397416293802921,0.03506025993107292,0.059218752126956375,0.051492267506488686,0.01897807997803484,0.02896539363874875,0.1252232984383096,0.27981860385658225,0.03577133108221714,0.33936625333088816,0.1592961094815935,0.052641611045708615,0.07176484138660055,0.05226764890362827,0.5925247291600227,0.2793308836583901,0.091432977916193,0.023455928992637945,0.05592009721517558,0.029597175399404395,0.3101723100273902,0.14992560463075566,0.027894698068321414,0.11590373695645548,0.3579474259009081,0.6370610288175939,0.2194432634660362,0.5167365132669721,0.06896421314400045,0.03525038169923772,0.26971659340003235,0.9202399776661626,0.19786141713310051,0.10550768900406236,0.06839032927312429,0.02652135711427522,0.626400698417649,0.36418612330162864,0.03307669059939245,0.03900998703324165,0.05235018474217409,0.0,0.051032293527521456,0.03573803839776953,0.10839878496230627,0.35045810004875183,0.030985071111174874,0.9794225153405945,0.7694726345171095,0.04298458574213736,0.07413847849315269,0.056777601620157624,0.14051315027925776,0.17483248348595354,0.05743302210164268,0.33015289371330664,0.5561460071991159,0.05882447559569515,0.03653610403396082,0.2017731757795292,0.019316839453615578,0.030870853172192226,0.15647014354493075,0.019178292221781253,0.9668392825529497,0.05475797495436152,0.019387756774342742,0.9837468856020717,0.1413681635383861,0.2908168101244223,0.10858814054122674,0.3040778428953344,0.23866982655707125,0.1009123359030088,0.03622328762833098,0.7635060209265686,0.16255030587773078,0.030559466172927447,0.09771986572082252
NCSTN,0.05422782631321435,0.02710529621960261,0.05378214481395803,0.03442349031327918,0.03190186460382054,0.06135431203124197,0.01875284278841192,0.06376066847988783,0.5955710943765836,0.03672844227004966,0.08206144910133996,0.03211573514414643,0.349701301495284,0.029782150174608932,0.04422497617212799,0.11141687772880259,0.23606508764313908,0.036931169857410996,0.04602801759872575,0.01821699610639233,0.4286388981964747,0.03339385502103057,0.050883237499169634,0.25978571167857517,0.16484208422902175,0.0745121116349287,0.45102744099765535,0.03220247286883782,0.10431448734497871,0.03337534302316312,0.04652977834743012,0.18236666803761845,0.02895529688233655,0.024350951682512348,0.13848965501583071,0.022183947930195173,0.023356538349481308,0.018903637755133713,0.018368902880834134,0.03154215817636362,0.05710222596351551,0.08220175326029716,0.029799494382248957,0.0,0.02129304493607713,0.061940648225922615,0.054120847007582594,0.08529406557003544,0.1778131504113198,0.9978038593819266,0.023349014253625986,0.058692421124689774,0.05034817698840029,0.036464264609485326,0.033015218651120684,0.13029648910356859,0.2882320019010982,0.01930067305689213,0.10357424296006953,0.0756920593844188,0.03120679492260361,0.18328004151232327,0.030323137103020516,0.5116021509159269,0.051224669991949856,0.5366391713071544,0.042291702071596826,0.04878339382630067,0.34542628313213364,0.07012060527738051,0.06941770190637052,0.032204353992873566,0.05586900687471209,0.03140234594795,0.10702126238303003,0.981924080726748,0.10422731399727918,0.049105887282107165,0.08776757307996605,0.1178452816211795
OSBP,0.022545726696664454,0.0362554128771131,0.2344594493369328,0.07656780002490048,0.05666387638756978,0.02512359849186227,0.07735549267361788,0.05423882338481637,0.07400477655710792,0.03031838840064193,0.07868819564983084,0.2554534103204722,0.5758640179871243,0.2584677850651777,0.06243146634904791,0.08754414070062524,0.9167389629750095,0.17925596708812647,0.2914281021098364,0.7418134861657342,0.03835211559445877,0.08238426179423143,0.6591197247740881,0.029091768268361247,0.13602084573804177,0.45162292098067436,0.05381784685473926,0.2390698741474645,0.044803946862069,0.10004246922032035,0.02950187406833306,0.12615104660394022,0.20452449786638183,0.10630325866229336,0.044766851779786704,0.02234674298141463,0.022359081222481803,0.09068718818843126,0.11347653609625305,0.7785930958862608,0.023430133686746273,0.049333122973542476,0.02943870902955474,0.02312763279739858,0.0,0.07326295033258058,0.10505060175244091,0.07390566275496514,0.6046755653152219,0.20854430330077411,0.022400060705753035,0.04190056700195469,0.20189958486712697,0.03237177526874661,0.12789438758625207,0.0315906506536548,0.2867979781156328,0.08725915548608563,0.04020933932384486,0.018676262092943912,0.028000446513966992,0.13433358844757576,0.09788847066302363,0.9424957589771926,0.037753669204465115,0.08398714515845465,0.03005982046045831,0.020196644789504045,0.03090474820972945,0.7076060949260278,0.15027386885571173,0.6339539075059915,0.04872353728971783,0.174907673001091,0.0195607183381116,0.030269804736145337,0.06833743550857711,0.05714259200240094,0.03420442866521313,0.05500976899285623
PICALM,0.2621086643278921,0.1358314866332858,0.7655263257676495,0.04450448891066793,0.02794979289143375,0.05953563142486761,0.10774245495713916,0.07427337877919858,0.05191402503816089,0.25862849070956717,0.10125573935256607,0.053879384760650385,0.6434358642191012,0.04680541314767145,0.03818995179566736,0.049365519866214,0.2753559851524743,0.7788905722961988,0.0511414823787162,0.4969504386850055,0.02278345187582141,0.04627622391799562,0.05503230136874613,0.16554192198757944,0.271104626718004,0.5684467740098764,0.377592181654593,0.1499993490484786,0.09297770124599243,0.02400460706079473,0.05913889271559935,0.6700887812487994,0.047319436927779554,0.13921996396466865,0.9976775365281186,0.6456861908224772,0.18494476119661654,0.13739036209808442,0.03561423498619086,0.5593439415707898,0.03264498056405596,0.08108434171138308,0.09990103215548352,0.18893155986467128,0.1135511909566775,0.0,0.5596849580484,0.07611827706787012,0.07731498484049663,0.028947673588370092,0.03304327195910205,0.05857391484869841,0.3391139638716142,0.9674987137344953,0.06423577260165325,0.018689866643872406,0.8813892783830081,0.02666191507274969,0.023805790911923492,0.21072540862267866,0.04606751864344515,0.08715302902898836,0.03624463799488514,0.060738690971648024,0.38040142302339974,0.06866034985220698,0.03832257229400532,0.05568508628680812,0.9391427703642007,0.4208636325568755,0.021914002492205757,0.6909219625474008,0.15522124201167092,0.08432808900400457,0.0291616950129186,0.06682822725347758,0.1558726515920145,0.042611394714277974,0.1233240456078711,0.024960412203545824
PLCG2,0.60599936565535,0.022480781665520002,0.03978731586406839,0.03273752732149614,0.022198721820885104,0.03420886182429221,0.049028609524276165,0.32020177254025795,0.40912797075504176,0.14039995248724607,0.02587588906524701,0.10619689744992097,0.5083819407092881,0.04074926193845622,0.09775098521429534,0.020853469811641816,0.09581449201201785,0.01965225224548107,0.0194580304732395,0.022588064792875465,0.06610215552554193,0.05305081048661916,0.045032456874638103,0.025063040711058797,0.05862880691435522,0.018415665888529883,0.1217454400074147,0.1336639674211285,0.051788090347989126,0.12890186166223333,0.06855014454527816,0.02749515797429836,0.05923433762231803,0.02648898326378656,0.3780932542831366,0.14813342990134165,0.05526981320995898,0.024426544109800764,0.019651856398946677,0.20458555179291338,0.05938782330635285,0.02328218729929105,0.09360658536436087,0.05804984984683781,0.06459380518904435,0.1515340314566041,0.0,0.15482659293256554,0.32151582985407656,0.08590870783899142,0.022384758103909046,0.021204982043149852,0.022133506259831237,0.028240788097958987,0.0200503580563896,0.034373997208646694,0.15517531913652144,0.02203029697660417,0.03380446060572647,0.06713908276173697,0.03891637151929172,0.021023104973158013,0.0438129263989623,0.6433689071646378,0.055400333883290416,0.15719194854443336,0.04937718862228524,0.023301938986173446,0.02069452480409974,0.051123756103767945,0.1094504067114931,0.9999383731959367,0.3229080768399512,0.10822562277479804,0.040406178898000175,0.021635111389823602,0.05062184192917888,0.046993460078856096,0.021493261165633052,0.041112865739221884
PLG,0.021404028696666983,0.04693228970614416,0.03895666771460273,0.04912713826762174,0.020613024840652912,0.019501428815535612,0.020990747797818975,0.10305899944394299,0.046591775316128785,0.05771133839541133,0.07242486083502388,0.05014723202037377,0.02786663672781771,0.06786391812770867,0.019260273064944555,0.15337361561212362,0.03186114957969363,0.07311031278577665,0.2439011838252752,0.01898598108278337,0.041738395308930726,0.03511630591951614,0.34603236939856397,0.02314544950132075,0.028345102194206075,0.024938038762317236,0.0632333492695331,0.03766104685637066,0.021203646348168226,0.04051607490379265,0.1173198423563996,0.04345755704715044,0.10499137825315562,0.02050664422021405,0.20296534541193068,0.23143355208499766,0.06959969405051693,0.020057629337054263,0.13068632925273516,0.03924649652205499,0.09726466557507674,0.026141913910283407,0.022090829355310967,0.06158919816104774,0.038203279921860525,0.032128298001770764,0.09073805975640827,0.0,0.028266459559449758,0.09459149036278659,0.0822620579547553,0.0687903232081766,0.02643235952030286,0.049939628912822345,0.11509348539143827,0.02199976180632999,0.10175778191992847,0.23986821770849864,0.04332566835364068,0.14904290968175293,0.031057928159807277,0.07032414363039226,0.02249421822090287,0.37040853365534404,0.040683555145402825,0.07571662761256354,0.04122673227617677,0.04172387761854663,0.029007062158262643,0.0982822310295756,0.04445658804774032,0.04173365058237108,0.03760478528745849,0.023702776891473418,0.05018040407474473,0.07949400255153209,0.20766821830429671,0.10972459746699983,0.019107976869152922,0.021586522501507766
PREB,0.027531424776710174,0.08722670545390773,0.0909476442359696,0.018159940869076803,0.036157906655612734,0.04850474669316317,0.029257293507051998,0.20784557317642238,0.0839809051224407,0.717808990808668,0.03669996974212863,0.2621475858684177,0.020641927686395296,0.19177838455737187,0.02483525440705839,0.20314255758888652,0.761800854123861,0.03572490998783161,0.07234507825264155,0.024044196972980166,0.8585166393259785,0.03273259774570383,0.057050542727387556,0.11296595558208229,0.15149305802243934,0.07644926733027489,0.06454243492313114,0.10371646106551069,0.24780726329581643,0.03832100160163268,0.025749539181248893,0.20875043781546634,0.3157477826586212,0.01858325194590763,0.1454662815270613,0.05966081462873445,0.028267162869196203,0.021725306088534093,0.03987081729583965,0.1667815823441592,0.3700862960058575,0.031599413032500384,0.7299607223459545,0.3245519782727096,0.4818784125478242,0.048096013817825724,0.5104255714984414,0.03844345457891488,0.0,0.819096794591366,0.0762681026990648,0.03062373627467846,0.037826537651459845,0.03336454561670736,0.022009555223225032,0.04858704750804072,0.23209220704606437,0.6820761786799447,0.01905907047263111,0.3366734931226505,0.027055757086959314,0.054345308125582734,0.058295059013273726,0.40955580474804487,0.285292339921986,0.7049342060491885,0.06654893393554831,0.03650096930507913,0.4702881435599381,0.0368829430311658,0.10096661132917531,0.6322644683200238,0.17477353342644567,0.05336706266065649,0.1445519836171151,0.1393847817982205,0.4953390858329414,0.047434133349096436,0.08599100737445108,0.025882241613944867
PSEN1,0.018267785953803184,0.030686249584328446,0.04670518484675461,0.02452271184504692,0.022345077247941023,0.021844463490232172,0.035846445339429975,0.034355380891517386,0.018035844254819928,0.029332352674448097,0.0315981970683507,0.11148003953127594,0.02976205560417592,0.14329597043534012,0.03566281709126583,0.11661259271908789,0.042470710006293155,0.032996419745691154,0.025918724226246668,0.04314145092329475,0.019542016791574322,0.02359604802415454,0.06019578887807442,0.024039851771830344,0.028785777816336563,0.11597002958113636,0.07054439837671143,0.01902772322133607,0.10569332638775195,0.06400600170170358,0.058489749935368325,0.021801248879951985,0.0591095341269961,0.026403433779062895,0.08922127179195825,0.09405180192173652,0.04204784295963999,0.04857297754708975,0.02268244806865457,0.02616663273611525,0.050792713517449836,0.024073290746332757,0.08779242548655536,0.938157423613768,0.0566509500516178,0.021105500637042262,0.04831427367169209,0.07408109418433599,0.22529771606744461,0.0,0.019643278309014276,0.18669235229321057,0.027831314573362815,0.022430347147393448,0.08286185405662226,0.025937586138911284,0.05893331107795494,0.1033792822478868,0.019676660344280058,0.022566209376288074,0.07776875918606181,0.05365276195884742,0.02565778463342744,0.07509564106495883,0.07583116292085543,0.26202967261284654,0.020639239678323824,0.027505561079261765,0.08183779333706666,0.037938640908455765,0.034955554856702604,0.0348964803657134,0.11604951008642873,0.18362735920865478,0.06999823949776414,0.033777394086044264,0.02235016653405957,0.05131801465185539,0.09794643326088703,0.01944466251711878
RAB1A,0.14157670743665712,0.934273761358112,0.031383986051765865,0.2318882756420957,0.047579043555416575,0.044750515152310634,0.19340116006751054,0.02711547778873956,0.03858487447965967,0.23079380488197895,0.6299469329858428,0.5805598063670748,0.9808551515103452,0.02261577676627167,0.1057160822108002,0.9884444258674998,0.6612624034145309,0.04243926540914699,0.39650785701820496,0.07618517512892163,0.045630796575877125,0.07446219767952196,0.9794358029572021,0.4649087764417644,0.6657885114010819,0.09602395793926237,0.028818027526141574,0.09031323555903645,0.03338035247222248,0.1080289219343711,0.2022211460402997,0.5862706385461492,0.09883399764590801,0.2732937109656569,0.9986865565802867,0.5567480867061113,0.03262473530016909,0.21868861742926227,0.08351098845121809,0.030637262334346004,0.026909400471448384,0.17703150648079993,0.10651608403164742,0.05515316659153536,0.03400980617131818,0.06712014799545825,0.04360003547285946,0.9919156098210339,0.7211956058099206,0.03193664775830204,0.0,0.9999174521934336,0.04197647042804498,0.33862852914013564,0.9375446670769211,0.20023884479198048,0.07007067607190859,0.04795557598081798,0.16940473423881827,0.342309936949336,0.14019761848792664,0.9527639970064051,0.03318921018887267,0.02161882584136878,0.28421444876362445,0.9698356070880413,0.4774827356032811,0.020114224539687288,0.3816328346255316,0.0233382335320557,0.20220627000493538,0.14507847652485575,0.09783098619640909,0.4586054836531298,0.019486098928357436,0.5122020517435444,0.13386304663972312,0.7815973055590798,0.07749588941424497,0.20182217099673977
RAB1B,0.05207090617832109,0.04871812470553191,0.03591186605783999,0.052457388405955124,0.0506401305296874,0.05650847857184162,0.021389456801967483,0.05560284725399352,0.05655439539607116,0.5949380709040184,0.9644966851434204,0.16600542134947927,0.1065957250302924,0.042648410572831696,0.026370946587468257,0.024481505064338018,0.02517008212153277,0.08343130091298231,0.2820312300905492,0.0609313232904303,0.023784853578586576,0.05920644318100804,0.02743068438254838,0.3877008020963821,0.09965414851343922,0.6836181530043824,0.5489550651979338,0.056105156527340154,0.18024702547236882,0.27031973498807893,0.05007530666204178,0.1539789471751938,0.05602980734710156,0.10415126823463634,0.4879899782412363,0.1566501924274102,0.035227935444699786,0.02326499664935516,0.48824725876448455,0.14774857768887634,0.1629274237649395,0.033858615738932854,0.060437075249119517,0.1386319241360702,0.049059645925634984,0.05185774006309839,0.023652772993898674,0.3004555709234473,0.03664224910700535,0.9401839629497766,0.8123122217915744,0.0,0.18870377586515674,0.3048814825948639,0.1850015788696031,0.030941264659902122,0.018579513295600782,0.8136319619115264,0.0655268073241491,0.024530629080116675,0.9385910620797622,0.04237245105355622,0.02906673500210671,0.08149292693856931,0.028504367707829235,0.6115043631113499,0.07875014696497094,0.3044394170073439,0.5566494788222732,0.4506958055669083,0.1540844272301267,0.11123696897379287,0.020527502875327123,0.955407162238865,0.024997254775110937,0.021067691636929505,0.12052354954345412,0.7934689580460165,0.38573538193033474,0.44400322757640687
RTN3,0.6628413012781422,0.038900535339306534,0.05481423973660046,0.07741735579251689,0.3516205470823831,0.1015387233647809,0.043968671836767094,0.12061255858068531,0.15979204735588923,0.12104774807427601,0.042611948553557086,0.262834241517683,0.4966656924160786,0.18306673012257077,0.018282316020903872,0.030330254792668803,0.038693388953401756,0.1417203649396177,0.10032560259276754,0.060745742661814005,0.021690837491966368,0.1539735954658364,0.055042051712180164,0.09911773705094777,0.047841632602625125,0.02283945887384299,0.05227704991905213,0.16098607860956957,0.07336607473779642,0.7259024206614465,0.2483129450877851,0.0512126322289793,0.16823342660000018,0.5885398549868975,0.6038006653100407,0.7301266504403862,0.030070967057754992,0.019557206194930496,0.7718755851561772,0.0525733111361466,0.40714111816543813,0.0525318893930765,0.06747624303835918,0.19106055103341552,0.55876370675354,0.5107203223245546,0.028696985443032293,0.057729337346713316,0.0684006424594742,0.08455752024359603,0.028812919192122272,0.3650148483066702,0.0,0.994041915648771,0.07209442027932468,0.08385404826085907,0.9527627551048855,0.06821631991853928,0.022477103254114943,0.06838874775089213,0.9047113415518024,0.05666680144449731,0.019508435463281574,0.018848859514469844,0.02722894402575174,0.03458936290274589,0.6768861713315252,0.07741325157460023,0.061606513816511214,0.8675690736579752,0.039199665485634555,0.3858862046597882,0.21868592981615978,0.4237328379378321,0.032417779063891254,0.022137655441173295,0.18922524626199008,0.19345538282053806,0.059667276768897735,0.0306940955717076
RTN4,0.8705685434339264,0.018740783325134288,0.3024354303447093,0.16001312596087247,0.03322637197815729,0.021511029810361817,0.025317656264002314,0.46767874832224243,0.07221923394230784,0.10606355671246852,0.1646586160744002,0.8830843187777899,0.03560754677549707,0.022081027031834025,0.10893357617230383,0.1905065753967872,0.9174772742996691,0.36823102211221276,0.45801770796515534,0.0264773414656402,0.0667132250282266,0.03344524453841927,0.43683068924793556,0.16508433140437964,0.7967512488352094,0.20304094671681994,0.6368485894870491,0.15424026933049703,0.02984321613843415,0.04890757435153089,0.6862387404917397,0.07669751167345401,0.07379117162542444,0.12302037234144339,0.12820500258227938,0.9081485263424329,0.3066351799401777,0.4851392162207167,0.10851652068877105,0.9777393410519731,0.18941110786076007,0.026092724855465106,0.18512732698197845,0.09442495896860716,0.04601554678633475,0.9928606184461938,0.049204748124812826,0.31473653950169783,0.05455508583415729,0.03966864380903445,0.1029105962742724,0.5720433187759093,0.9938346794325914,0.0,0.02252986977318032,0.03828781961386666,0.08160161208478289,0.9953042432097909,0.0628419094112483,0.027724332780397064,0.32904007907738725,0.2480213690512818,0.5141556595040682,0.021709853659180735,0.12832904026931988,0.4236156012649448,0.06963504698471396,0.05491280036711079,0.9411712698020597,0.8178862193534285,0.7093338453540698,0.37159502521602744,0.025033058849174845,0.025534888833449232,0.026467692333638614,0.07893477593620485,0.28118209865706084,0.10207632741233502,0.09191706559759324,0.022473766907584077
SAR1A,0.15340000683908298,0.02452700156812152,0.028811205573909263,0.04322175837447396,0.060232808659436164,0.07411719111765312,0.10895722269832592,0.5981697460480275,0.7555269748028599,0.15170809474799685,0.26074529136193925,0.05728104697816711,0.06804924793727479,0.021427117323218243,0.2767334041322363,0.2716574059091878,0.29548695626045446,0.021418398297923684,0.037952201587189184,0.02451950777645929,0.055506940111195106,0.03378691413125148,0.06338432437255213,0.13646792093363355,0.026592781583608234,0.019833137640179997,0.029763918347665445,0.12186084211879017,0.04268128454031334,0.3903411911038663,0.048245885935503094,0.23814466831127074,0.033262712660597195,0.02339559057172272,0.658694046474291,0.24061171176080168,0.03062057315553156,0.05495371265059317,0.18964493778409042,0.06293261223423245,0.02752883813185475,0.04194251823654891,0.08106991253799026,0.04043322606033075,0.10588948412905355,0.042749615290929965,0.020614941780381268,0.3416597537105249,0.022058018461945536,0.31329071336274367,0.12597743518281793,0.10892096446137713,0.039301960154424886,0.020398610065153262,0.0,0.9896794743426232,0.7138992993011678,0.4115318091482337,0.01913397854547689,0.02158346605032269,0.9057349851124814,0.11880635704896167,0.027418800306461037,0.6227211011182038,0.05426102355735864,0.1305973712250442,0.030026824225609684,0.02836929122574073,0.14879971993511001,0.0565589201065479,0.6559582597584968,0.05791739777061467,0.6420353389452376,0.32828705039538897,0.09326475734198049,0.06102706213174873,0.4393050310206842,0.23439272874097938,0.19520197035592324,0.115284155778001
SAR1B,0.022286066785970185,0.13887269730257554,0.4021600736167025,0.026372083472386024,0.053229144351809934,0.14130302327744526,0.16610720401826914,0.14802343323834394,0.4584854990008075,0.061461450258975724,0.022214671690628726,0.21951836214819218,0.07018817604901366,0.4980656289512918,0.1998721930916037,0.21385755787038535,0.314014228498288,0.06707865627635771,0.04577586062164469,0.024530493455104278,0.02489859775057842,0.02184549910093556,0.18126389942224236,0.021327137486139323,0.17347717722495834,0.6481513189334229,0.04405207417193626,0.38468243267393887,0.051311110220129685,0.6118874649946903,0.1079885817161389,0.6569123230846369,0.42797173502878283,0.14868875280769359,0.2676527712044477,0.02228963459667106,0.21971440494585237,0.7276363659889191,0.24879764008589614,0.6288304153814778,0.47156127833261186,0.05635673456636965,0.05378528383962879,0.5313227513487737,0.0376847637789499,0.018682589367159417,0.05866859041014742,0.029725952976038198,0.07734320720624425,0.05246163689216945,0.05625147697288807,0.032765606219254846,0.06373493726416658,0.03343778974788181,0.9998093202637732,0.0,0.56704970093541,0.12046671730460272,0.04925183924618657,0.4970441750422823,0.040215360040002666,0.39258350413837484,0.25983354029165234,0.15069187023655292,0.15243105328152032,0.5005567681769013,0.09505908283449928,0.06932134188028809,0.054330641378662024,0.2559960238230993,0.05691717764869822,0.06286358206086136,0.06424494481422496,0.020490257821124912,0.1434701853367928,0.4064378551221968,0.025912623385506865,0.022088493883731516,0.029729820156225377,0.022056148238178475
SEC13,0.1293459830331913,0.11529456506487085,0.020665262613510794,0.01829828033761425,0.03141405591279711,0.024982694648530025,0.0972811642867965,0.5198786409457414,0.21543443198623746,0.1341880961995417,0.056507764739897035,0.7062351368728522,0.0463006826721498,0.020021015210571216,0.08003482297927227,0.036778166056462,0.7093967208624256,0.0518373553132275,0.0315129719449315,0.23238721820941974,0.028461725287613038,0.038784049647970074,0.03542878254894826,0.05385997637646114,0.08901303528819053,0.2202279066553039,0.02100010341481371,0.053453660292175506,0.08958883797151342,0.096567185413254,0.050431600189174405,0.024768173596847975,0.03243949199362442,0.03186870493906611,0.03374648998411705,0.057035947150378234,0.033447673106635885,0.03910480038200905,0.09444152486680682,0.19571651884585048,0.04518056265799847,0.055721354965367086,0.24898608181459145,0.842021345440191,0.4492924451441707,0.8248450593276295,0.4915293990400011,0.5641094239406472,0.47052851849164923,0.3526524027131606,0.03216295862507174,0.01859936842949051,0.7917279310142857,0.05773139525956796,0.9388599760814604,0.496499242252988,0.0,0.5114346200935109,0.059953115374674064,0.17946258521935424,0.21310782367206363,0.07399984183795164,0.06744759856900245,0.021365353012783722,0.9857229059846712,0.027290399051075106,0.05765611980981665,0.03197576977352074,0.11838931653054412,0.028117603781189247,0.0304401816672825,0.022504119742095097,0.6451577800549814,0.11674783068323928,0.12070539906758877,0.09479996088282026,0.6702515720915576,0.12017610050359472,0.020140108167228422,0.6165950926267008
SEC16A,0.10302084046164081,0.13145026233185872,0.8981672727877369,0.18702464719463494,0.018284647824969157,0.01931993457809276,0.018209969591312696,0.06381622812414943,0.02995379313971148,0.28542205119557845,0.9998174486432917,0.060816328178510876,0.44475950529765806,0.03836554040739293,0.04277945719712309,0.030547959800048194,0.13407788064712134,0.025900849095129956,0.022003362719017504,0.03064105072866036,0.03242532032215287,0.021451838439169715,0.6860576256521943,0.3192964614179317,0.055475591329336105,0.8629974522149405,0.021997803231868583,0.08608297893708397,0.1663128887389539,0.045961056009113495,0.04114054283304905,0.0219050388489402,0.042146343239336324,0.22538661948510674,0.9370285585272495,0.8402589959772052,0.12067985167210085,0.043997565913816566,0.07356243206123106,0.10326025118597591,0.06165370153590887,0.06710607302164864,0.47439063115992564,0.020595247760952545,0.1335061538471022,0.026340134880739774,0.02591514373287655,0.9514474639898489,0.9486681893866992,0.7898493360902787,0.027837259733232735,0.8731490591431219,0.052491269978507164,0.9707513543293984,0.7741485305333554,0.11605093306462139,0.560354491801323,0.0,0.15461313024071535,0.02242068284884534,0.08891087100207563,0.028514190308132913,0.025934924168143175,0.3861380279639486,0.5299084216310243,0.355592086025316,0.08966692918179732,0.11628261138627705,0.15252898502664977,0.1618337639310559,0.9065582437014033,0.7707330882454194,0.028577361421853725,0.933758418990013,0.2553663564424479,0.022960842711641078,0.8582483601916963,0.022842369517117336,0.07554379143103941,0.7903550557787237
SEC23A,0.3312449039870202,0.07054980007164338,0.17732065748147832,0.11798175282210138,0.023172766576950256,0.023751312862646864,0.08223031608586724,0.5336870439262478,0.2471810761618564,0.24662818018523247,0.49886621589688773,0.027768076157748227,0.28486760113492776,0.13823887800819756,0.044794821514794164,0.09160463250790249,0.15777291472315577,0.12987225519545917,0.10612740016506564,0.14185899983622702,0.0481399127171279,0.03222732184921033,0.16781540800460834,0.024315953587441992,0.05147673151283608,0.03013906795935185,0.019097027280272152,0.08823202363481052,0.4949341337187514,0.09987159802771405,0.10101819473587358,0.2424660081093722,0.023411803247214487,0.024407580766667644,0.20852799972671063,0.03136206885738672,0.04167830211681877,0.16744760659794194,0.030527960883345202,0.04741777739329974,0.04630653567396133,0.028936712122091268,0.10282603143506702,0.8497947976455792,0.09340422359716588,0.02790403524681434,0.10825205663810543,0.3996668136427205,0.020609919964867583,0.02736165439001895,0.09315910482939035,0.16183596087278282,0.023993762858147995,0.08993023378980415,0.020768045372610743,0.08695575099369915,0.13229714218589117,0.43224206630332185,0.0,0.5285665956653145,0.9911942666697133,0.7907975812002245,0.9999934040104164,0.5412472409969218,0.05437492392673661,0.11336622392513969,0.023785002216319392,0.15069682843147603,0.08070578899520736,0.06742733437558958,0.029861173112406006,0.02295369968794733,0.12416882784734272,0.9142074100246474,0.024504977663221506,0.12632900208780662,0.028380812565907045,0.2615577450499918,0.02910705994579197,0.1504998584172143
SEC23B,0.0317897347122594,0.056349352949861785,0.021592943829069403,0.049849865211589496,0.05521438330845899,0.01883103716627652,0.022349373095000482,0.33776617482566657,0.034184814587531746,0.0336538690506215,0.44119752411583063,0.32281510006132835,0.26873664645366874,0.08128920239663995,0.01920796700440553,0.06879501569833302,0.03463802096068223,0.24463356169407596,0.27974337061756,0.033239122835484795,0.05028142911876862,0.05294588217266475,0.4723467781783473,0.05568860639730319,0.1916220798142134,0.05617284269112953,0.14874003573035202,0.12498135920446254,0.045172386128024405,0.06601364339168571,0.10267552227198164,0.0895754851008218,0.07965196827978024,0.020049331395328825,0.2407521145196809,0.04849881647550693,0.04900589192283942,0.17989130407931395,0.035552035846307325,0.02535446760909124,0.8725038748268208,0.04304667429202579,0.0304551363299891,0.15612763161912863,0.018701371379886922,0.12858564863398436,0.11753047933153636,0.6097107809159965,0.46910067390375165,0.030424986226815873,0.05667991724460495,0.023566833682261222,0.04274462463713975,0.023781830863198992,0.022197869784426966,0.2968044078778556,0.12897031742411275,0.021472693825519824,0.12360132943677506,0.0,0.04767591097866682,0.05150771010460647,0.6521885599265578,0.44093883384985655,0.09045955210977315,0.24029020567535656,0.01949001888199244,0.4973296457702461,0.03836291312601594,0.023495518539173848,0.330532073632517,0.03677202632400404,0.0633277821479174,0.028445102823453878,0.042514788875755175,0.06877935422675323,0.5094740391967604,0.0778857737641208,0.04464149627393188,0.027452452031003768
SEC24A,0.2274915012737665,0.04207633071240095,0.08692144063650849,0.022321306967770224,0.02558651880309779,0.023101332691110147,0.01941053214858817,0.08925425229389775,0.02953150247094662,0.8149208551303428,0.20820875914564696,0.1065227906869991,0.025634511495106396,0.042855595996952614,0.020634261033765484,0.13323754414470987,0.05822111215631305,0.033347720482230024,0.028123140744092428,0.058132038456247155,0.05186417135057433,0.03064042523709726,0.10810941013522386,0.023154801025627964,0.10678403267106105,0.09784745272799276,0.13587361933362863,0.11625914338137656,0.06538621273789945,0.1712093468007717,0.02427675654396638,0.05403394064509666,0.28709152048737874,0.26203602469524734,0.07231311579234631,0.44232351454807944,0.048658831481822075,0.07757246474103675,0.19941504751507566,0.05032572213955163,0.022485311124374387,0.020772776799375232,0.07313810424369566,0.034043559447980425,0.02538504579738294,0.031273020246013736,0.041624723544862505,0.04020737645257902,0.025725875596121602,0.20846185855138727,0.03175617876711364,0.5976736225373624,0.2713624011337513,0.08243341594368392,0.8064291152473263,0.028993447355797508,0.09146771180565864,0.047847725946082525,0.32062792927002476,0.0375025268534429,0.0,0.8133769386089739,0.03657695415590872,0.23313206526585303,0.051380503240895214,0.11054865299993356,0.2330436849460459,0.020944098838209392,0.6062137427314156,0.01902423551959876,0.026881777276733333,0.056362760047013065,0.19662343978843827,0.030894683982245656,0.02888224296442139,0.027447924799258023,0.11795656199114625,0.18615292703751202,0.022495526821063417,0.28453972352925466
SEC24B,0.020104390421041198,0.10179692162301827,0.1498656196553871,0.05376599857056239,0.021796155819853946,0.021641782022197922,0.029169193472473275,0.5994392666019092,0.7983400854424155,0.6402379162598882,0.832822398677282,0.15590313695240274,0.11421986709532561,0.34872364826393504,0.10541308783587014,0.021851679699519472,0.10014827885875478,0.10021052206320999,0.06526952322074592,0.03689764487713287,0.08524432241813787,0.21093514708296648,0.06038368316908016,0.09817047125850516,0.0703719038748411,0.02914360273880321,0.07178408132084724,0.09371471046003307,0.08408988020343033,0.27354304195485907,0.03293185764971554,0.0647895758046065,0.11799438586209168,0.09396508427922647,0.692099501382335,0.8610881035764812,0.034737503895491254,0.026545250856709335,0.041422972617668044,0.026618830600936512,0.04640941079020809,0.06108524288528559,0.01904395752778103,0.5446709171108002,0.16662834263164214,0.06841067371921965,0.022958063548399677,0.2721764652286923,0.0718337263605893,0.23830296142604585,0.21168198815310085,0.04028067689914139,0.04005942129741837,0.12044924469898026,0.18074386450676586,0.2744438448771195,0.06542701716709678,0.026838734463231716,0.2415661446648761,0.05592828656517611,0.9796189434799794,0.0,0.13665751214578117,0.08876071368505764,0.11780691552094984,0.5950824236970139,0.05582998397773251,0.08804266360548536,0.6902436318278282,0.022797113559040162,0.026356664500635042,0.1252276174464929,0.03179993156303518,0.06820805317882093,0.023476323862750816,0.12889123654418874,0.2176484780043024,0.19745821009775058,0.059217489009241446,0.22278083249305192
SEC24C,0.06494023626574467,0.07770353549810949,0.3875594453336465,0.0460120366621992,0.03321810581987882,0.05194698090762503,0.025882986814635994,0.32629716012993687,0.6353162118819201,0.4001900353867629,0.09593667530845496,0.24601377569053814,0.3360622146659476,0.026888805888159797,0.044780960782297714,0.03372224797986794,0.06270311529302122,0.06506705499417127,0.05870830457029197,0.09021500578698204,0.08016889372289072,0.03294669543022037,0.0713646229560214,0.035596994404513936,0.03416697229510133,0.042833773155375315,0.037197355964665516,0.02748749484697754,0.7104908681110701,0.9253735069308523,0.01831001407876415,0.07747445446517601,0.8665234698782002,0.09137863429692088,0.22250481061466695,0.9533004032664361,0.04619158778860249,0.3389116690397626,0.035514966883536184,0.028806470058697745,0.03934941721463692,0.16965543899227703,0.03370460053267665,0.06281178094817062,0.24854049541986986,0.042281108856668706,0.12871298374047016,0.03577188077965475,0.145744608995219,0.06452226980700752,0.025337041487546366,0.03461037559086236,0.019521201450747566,0.5261800985918036,0.03848513864186954,0.41297591917657356,0.10133655569195454,0.028529124468360416,0.9997774901653095,0.9633419020659959,0.07761263518697058,0.2964515905911482,0.0,0.4213573071206287,0.1931620054085027,0.7092158923708222,0.04625568749459002,0.018312490016999364,0.09150421017347757,0.12816497062426935,0.05087984169003961,0.022523716526039444,0.4042301111194512,0.08068675469937937,0.08464951066248164,0.021568321417574993,0.14466786274235374,0.05659141355199141,0.04563059387233029,0.02995007648776806
SEC24D,0.02919949297227486,0.08249590213218862,0.39190426117343363,0.06461534017544279,0.031038449888753872,0.05516796007252692,0.020650542624885884,0.039623121085054384,0.11676270990653309,0.05870790328636543,0.048496531647587986,0.036648756649094005,0.6930531929998159,0.019117106174267758,0.03774204357374893,0.23454571818914868,0.15442248002103487,0.03161676135493829,0.0888145251912667,0.4250576626942701,0.11478339559235498,0.13427546580640518,0.03925663799412206,0.026870384330369177,0.6648387437774276,0.0438622769417172,0.02701807668881783,0.6328498372749809,0.17217538185726156,0.08316208321718595,0.0599334661065733,0.12198808794175532,0.045600065610913655,0.049291812909319374,0.07493809468608754,0.37440474420477043,0.06767106067734749,0.039895891989646624,0.15953659151571203,0.04896888440218566,0.049518031860539186,0.02724442597533796,0.07405760146296281,0.7969201609403064,0.8855789248498408,0.04084585422974873,0.8475672569030577,0.8662643010273147,0.4115730998719973,0.26393216592575836,0.01902516358450097,0.05623346911025734,0.018456942487191583,0.01996205897614006,0.6136569292405768,0.07830707830561262,0.020374495963110636,0.17379043924199067,0.09753019975787282,0.31688852033288767,0.31307445227401415,0.06470720977144138,0.12071852760373289,0.0,0.018021516363910486,0.030823159597050145,0.04218368627684096,0.143409232324425,0.11659604764606547,0.586241967180435,0.2647627346984961,0.061381304760801864,0.02595881341434891,0.3595063080822983,0.04228237938894626,0.02502549706358449,0.021203584423438972,0.06661488644416269,0.030681358027082696,0.07521570950780719
SEC31A,0.9412462626043726,0.09430417546669231,0.9866096940982116,0.062365881237827894,0.08919279822293748,0.04988839523601546,0.040052203221481626,0.1468533743008475,0.9002451747597624,0.9180874591361688,0.10192274703936889,0.4440046444825256,0.1356958627254029,0.06329310133012676,0.2038658683459566,0.29268057660413754,0.5054979291693414,0.0369626428355503,0.03722969742955968,0.36713386833821626,0.14520237154325724,0.05082102645566554,0.18958367928596143,0.07786232703390891,0.39422874943925423,0.03933339436982551,0.5320248311703923,0.17202818598580946,0.055331296903299514,0.21007532246954383,0.03165506129027538,0.09708872787234636,0.179890177895069,0.13364377602150573,0.8794527019959861,0.4659769890542943,0.1365168874321558,0.06364796703178233,0.06285501617671069,0.10761646800841211,0.13606740157289282,0.32229019830918304,0.019764321055150958,0.33393602469638606,0.08048445667925348,0.8056492145715374,0.34185368025255064,0.3268855659737599,0.9580733501938107,0.9485195966734233,0.13762056461657413,0.039664272409934545,0.03046480704140131,0.20790602232120825,0.19988336401637197,0.3923794545250822,0.9999421409172718,0.9284688082780829,0.05341626277814393,0.34396636362219435,0.24291829507519008,0.4125554853510702,0.31972875430004394,0.018067802846378125,0.0,0.564375798590294,0.06273728999828022,0.03726384397527251,0.7272077558619342,0.45154773229589584,0.03464447267585509,0.04767388519781055,0.09221508922840473,0.02248137377281844,0.14839101729399104,0.23375416882798447,0.04551203938844964,0.11153014661822785,0.021378306463288428,0.4273793878907961
SIGMAR1,0.11825599334810251,0.07646708359484194,0.03428282802380477,0.09899686174261685,0.030097628951770206,0.0932588417450373,0.021878472130953387,0.06607026553175413,0.0520456879002932,0.022200948426767116,0.01848723859599758,0.018050250470962242,0.03332276631888081,0.19500074331295256,0.09483629532247648,0.047324386964407134,0.033569664735800246,0.043298878847689695,0.03784938446822477,0.033844939395402396,0.0313514393826989,0.035050424902038024,0.019948767987691556,0.019845219133385408,0.05446420175420366,0.10245572629032457,0.020397258758974943,0.03464031269689158,0.03869212655092072,0.048211194578266406,0.0252017631820943,0.02091663489809495,0.0544489910222385,0.019799999984232857,0.4105042329306126,0.03790672142488123,0.025448123528348035,0.033106619346059685,0.06187975630007193,0.026485821496589835,0.06350852910726595,0.019158742576780845,0.21570724244126063,0.3046208961013407,0.040193810289954016,0.030400676922994748,0.08850136263446261,0.07326033969427914,0.23465267557002673,0.3584152322258244,0.06383808558739046,0.11123947469621914,0.022172781818512746,0.056220312844284505,0.057550375544227345,0.08023734108189283,0.021418657280719504,0.06640247390417911,0.02869090667858435,0.06993783687201982,0.06091016867251134,0.12054807342671371,0.07901699036980497,0.024566268658071787,0.0504504965394396,0.0,0.035491269537454434,0.02303296553701223,0.18915755642108906,0.05796196679540506,0.0461564562843057,0.019408815195847688,0.03828851325356258,0.045685290393365066,0.15040345872484073,0.3148665528160483,0.018589899756272725,0.020412427724389972,0.05654171100784378,0.03057452645974109
SNX4,0.0339564119508122,0.595669805001542,0.03491740883099399,0.10915193648921111,0.13993406682985465,0.46468966962981595,0.21967737076428326,0.1240041249515232,0.6017617173998612,0.048110463432181685,0.07877814090389856,0.0983188943747877,0.6082628245542994,0.13723572789371521,0.16821449428639715,0.9731101376272321,0.6849679411870825,0.20196865335312628,0.6065535301949766,0.1959724034988331,0.02742787354361315,0.040300479834963224,0.04336549327355333,0.16230046059458664,0.6166845315339475,0.3084615802877874,0.024110547706945294,0.07331460809197778,0.690472090233637,0.022634674545478264,0.15845332271800552,0.02182943180993538,0.029203171913306472,0.12646053940138816,0.02193729810255909,0.5119510604668334,0.26528183537710215,0.3451484872484643,0.04473288135879233,0.23610001324369126,0.026049412144202335,0.019709259557778518,0.08032764755783152,0.1805366175073637,0.047290160402173896,0.0525454757833447,0.22544539869299468,0.28410203695502334,0.2502130454509753,0.032205682730942084,0.18847247148182236,0.17570632739299422,0.8275408075869662,0.08787343440792386,0.05258822475363792,0.18464936480466146,0.1052946459835078,0.1786221863837996,0.023183116808783405,0.020831616420044916,0.9451991902349381,0.117746790884418,0.053907540192559014,0.10617026418559856,0.057132907643901755,0.19398583654459756,0.0,0.3167674299300821,0.20620609145920543,0.04140465903102534,0.2719488479830449,0.09028023172773603,0.276583623799631,0.495626620026682,0.04451260196691396,0.08386750854622822,0.6880152187669498,0.022691278624165905,0.024783277959179173,0.04194046246377375
SNX6,0.16217491510935195,0.1716861288791226,0.9386901509374992,0.03768374989571767,0.06179716563189265,0.018367483609045956,0.03217934966766694,0.01897973718082711,0.040632636109302865,0.025438230331471412,0.07112631372410692,0.07414840742606818,0.04487233237992103,0.5996695433777685,0.07490631671541295,0.26027007808723707,0.019194523681305652,0.7853320489733098,0.21592740626756646,0.11945752996339383,0.0891728627198373,0.14585094274423743,0.05161240635536825,0.09011044791860771,0.17453941679440566,0.05355963947328718,0.056137038168614505,0.978390136679146,0.2471989982688414,0.04110017288681896,0.09579985008823266,0.973033608213892,0.027099582974763996,0.6898971888161581,0.5309677793345381,0.049231921245630646,0.09307491823009673,0.12949274528355229,0.15996799582243332,0.046863665014938195,0.04228056822766602,0.023259306367020564,0.01955894720544778,0.1675169945009688,0.021551393641954162,0.06738443447462165,0.03160531403274314,0.19313787934241441,0.06170562308961393,0.07749619331040468,0.019095707534268785,0.5409393496462442,0.07396273192940052,0.053215681650597396,0.03959589248685801,0.0881433812297428,0.037293967297684506,0.16638541501442305,0.0909734955193359,0.8821797968639402,0.02440523554771402,0.1570711841729487,0.018299279759586742,0.470804737586573,0.03133759813632473,0.03796613187202453,0.20771222943493595,0.0,0.0230106362335659,0.7972336808571795,0.06899490487542083,0.06625447619834678,0.4475386770166287,0.18934380809394874,0.19626830056144642,0.40372898998469164,0.9585679146016516,0.16360093938578849,0.0882251226665262,0.019994523473392395
SORL1,0.2535865600455862,0.03307919231851927,0.06228478460852999,0.06544875339468306,0.01815456801875048,0.06370705503904518,0.020214418414795942,0.02497725805009822,0.48549553370685583,0.08563553723513746,0.7471455788326646,0.021073724995462714,0.3690942757623519,0.5700625784324078,0.018823545992402897,0.01894758581677227,0.2597055557986363,0.02344918797868848,0.8928806413669748,0.1592380865424079,0.026695440432306195,0.02456971670069299,0.08569795573005795,0.7066333322137881,0.10768033269878678,0.039978404197079064,0.026886420671743808,0.046887632683790106,0.07923940846034105,0.06293305046066071,0.12176316839009961,0.03305161345997139,0.12920141672363744,0.08826841632836051,0.06651552350803348,0.05405293714123551,0.1609742193402052,0.9059024234537291,0.02024134506510418,0.0422438405120879,0.2253224349397169,0.31260660451610345,0.7909536516003141,0.6470741552368964,0.02959112524504655,0.6583071167278189,0.02154210286629478,0.04128940838671692,0.504864481019703,0.32431301871513124,0.05255529557876311,0.32432895694562147,0.03652044922267504,0.46832560846867705,0.15593291357176198,0.039098068306507076,0.07516426932494533,0.08547400042354822,0.03523273598149931,0.03526078871660944,0.7753914555110049,0.4863722644870739,0.04579959485145245,0.12354316250555261,0.14550657223921698,0.6353942382970159,0.062156251244346664,0.02079713676641496,0.0,0.11658605909288676,0.01887498599951578,0.030816961711220732,0.11555919322455852,0.028835941208466238,0.05610049023765293,0.020305516866372768,0.03893852153692438,0.060072791258546414,0.2686826365608738,0.02061505955980737
SORT1,0.152489438269517,0.9583785571386945,0.9926928087894635,0.0531144918996215,0.05320866482471062,0.02102391488484669,0.01967778565065888,0.22141740743000368,0.08422057759912063,0.3756282821887472,0.9847482386616084,0.06065006944864656,0.09901871278792909,0.44790486533396195,0.05510564405366535,0.9511805067865228,0.9903831534700748,0.9663574274532508,0.1241491516893401,0.05183803318828583,0.1153561790113744,0.047032902285683936,0.3400963744774373,0.02160516967215793,0.042593954440866486,0.11113690939453878,0.059087391215294986,0.07553099230052947,0.03952624138085256,0.05149116099579547,0.7293303090070188,0.056855746970176,0.6193894695770614,0.03804730273679532,0.4045747760128507,0.8670314624271646,0.03062645225777688,0.4572487481846533,0.8690339739739855,0.04270127565597455,0.3583411722844974,0.12083738905195521,0.18330046396956237,0.3462159538264773,0.9778376080357479,0.6016873284382107,0.16911642703358457,0.8032587494461764,0.0644644180416719,0.22192777249337942,0.02074123585499567,0.7493252457313464,0.8594133122267102,0.8112144407912305,0.13091390847516782,0.3899017362640625,0.03208016535744677,0.25235122913551883,0.049677054996930065,0.027120226778928527,0.020178106811053656,0.025205987487510927,0.12365647606560275,0.9779850923191259,0.2602190798754258,0.44099836718751984,0.03632084370802093,0.8151199540660351,0.36018594547240984,0.0,0.09127605076412092,0.6901456362797398,0.14207419729781345,0.0387737633718861,0.050154181022337596,0.07487360897169867,0.06687149665899063,0.0558499966316813,0.0627751494470224,0.06603930312116345
SREBF2,0.021409327886347154,0.03632227805454853,0.0229834266590152,0.041659065353451374,0.020542759159541898,0.02902834062192527,0.02705019314860279,0.01829266328995183,0.09162642676919777,0.31338393008293397,0.03445454518233918,0.02311726940689686,0.10372169754945232,0.02578766356290159,0.027421082934086356,0.06797987845877372,0.14679212541558923,0.028627756920946126,0.09466328269084273,0.03388191125068473,0.08415353712074855,0.07667080717446047,0.0433058868438741,0.07308133219764408,0.04701749026848393,0.03118930290961694,0.07680885891901681,0.02879467231570877,0.04258109422859909,0.06136266996316076,0.01914495781751976,0.039328389462063275,0.0675555605800975,0.1385671781792804,0.04070216868597863,0.07369940490418991,0.02657579710946823,0.02148809747786923,0.043834515385598544,0.12780708801598006,0.24566053573071878,0.03832754896777021,0.07098053280054928,0.06563704686427495,0.07281636130469638,0.01978743702766596,0.09201483920678626,0.054060318320863325,0.06367014799768288,0.04666310147669665,0.031618252498745385,0.0594930514555905,0.024571015911831022,0.1144601687003005,0.3371199379969212,0.031722153534042334,0.023695692505289575,0.2941055115493419,0.021034106357149102,0.12368637557227327,0.025070251618466214,0.022405735383384667,0.027223242400949116,0.13582917645376266,0.022103202033955303,0.058128883616856884,0.04839404205583486,0.03151781118977596,0.018602507252891174,0.035068807908467656,0.0,0.3247270548187418,0.036011894807509624,0.03568528723038174,0.0683715057914009,0.02348444965512546,0.2724561598869295,0.025416184211313524,0.0388004545337131,0.16847751855135704
SYK,0.3527801563534671,0.05193192133672046,0.23870508012289332,0.02839997522143026,0.02098777725002579,0.04019915970768075,0.03130712044290224,0.0204211344653167,0.09616151588033371,0.2506325401593091,0.020214477117034328,0.03893166340202741,0.13326902322801154,0.0638594543597609,0.08131191907041765,0.06537076518260221,0.13065901920562764,0.018947612814295443,0.025029707624824336,0.053178355356167495,0.1425885294678404,0.029082375690741034,0.05661445698623526,0.039684809645695956,0.04635831105110743,0.20869834669936418,0.21646516626103335,0.0446534056369697,0.03883068783161773,0.22816811713915508,0.14080360015349153,0.02164931277055909,0.09805609253274107,0.018652702830378523,0.027900781270671974,0.0812435664120553,0.12871851820510435,0.026745013850708363,0.21456375118259896,0.03163010927165438,0.29331769096209426,0.07891533761671136,0.04829806004879618,0.03452575120634867,0.35872121677734775,0.21667958929277262,0.9999697751634455,0.05939764439284242,0.46158224746248344,0.05456681866590654,0.03147546284341248,0.058081807896438055,0.08681562890667929,0.08507443079483801,0.04807661331030453,0.03700739674556568,0.020630425443400834,0.2768050644112187,0.01963955509868757,0.030264903672058713,0.05430026219368624,0.06795726671003026,0.019959186389420534,0.05094243243915594,0.02578197219912973,0.020105477322206997,0.034555489613597945,0.03396052864596463,0.02794986647885157,0.14968858213374897,0.4564998015722288,0.0,0.036814650343809936,0.01976851193329649,0.05575358670433395,0.03511030750563502,0.14061091859992816,0.04520105645225451,0.040371326677303164,0.021778081957709715
TMED10,0.07589448219612016,0.024741477588266513,0.14899015139036445,0.043426222272772215,0.0385072070674078,0.029791726664988073,0.03331082894353963,0.06602234325939105,0.060001984456165856,0.44808021072303283,0.04685894327321542,0.06729153980569674,0.7627086554833833,0.8602959439425623,0.3399871957011809,0.7182009968302155,0.2648156428049753,0.15747347954235033,0.02780252347007649,0.06916777056330022,0.054312425245869794,0.05535973917743965,0.15422843947961212,0.1356160043707068,0.13308093648723887,0.9141313829992094,0.028601112543927092,0.04647869350785085,0.24778815638743193,0.03781553227721018,0.033339744165452066,0.37181202035667055,0.866504949016231,0.03127474361241703,0.491166850295206,0.5713717958111313,0.08914583453665734,0.49899924950343877,0.05108055227835744,0.2144956951246094,0.29496941349169514,0.09548559228090625,0.3197383668099045,0.18234886482093818,0.07378113433869281,0.179185935559637,0.925672919635589,0.12556972671803235,0.4855807903186385,0.910658932278073,0.041936917056221684,0.021080246332818273,0.17019202712762418,0.024136627991839826,0.9645404516502329,0.07140407035225126,0.7937450654247687,0.03004826364541352,0.06922203259213923,0.09997587641524407,0.6826813482464386,0.037194693727005707,0.30462887698628105,0.0323786658212602,0.05692765413484923,0.1372417190324716,0.15333878505209472,0.37045359389201404,0.27997554327890184,0.11649877910992797,0.08218707669357493,0.06908481321670545,0.0,0.9999889459140568,0.9999987064499272,0.05047637883802376,0.05698360180551794,0.06852703335137317,0.019141853150034423,0.030833058572187072
TMED2,0.030481069107029003,0.20045862948231608,0.0235031406401757,0.02030302588181466,0.036749332674333106,0.06187152286650388,0.025136299153233815,0.41646296707272096,0.05210828140857792,0.021563863444202185,0.033327796994324345,0.02982888275375347,0.024077387026098525,0.14117159278318264,0.10294978614951303,0.02181501708595087,0.31065135739338623,0.03364075527368319,0.02528497048714705,0.12611244576446742,0.025387908240780778,0.06629647468200862,0.04471873238674258,0.05828882608523252,0.5029955514617236,0.025251370856665907,0.02934509859558515,0.02197390781730145,0.039624459581666535,0.09843147894438628,0.15968614340737086,0.10835601275007256,0.022491170059079676,0.3113031780815599,0.150571767906395,0.02869885757230841,0.05403084622985056,0.028804139703014178,0.14540295891928912,0.2984803031600875,0.03696013343383829,0.019123104561186564,0.12255545256400739,0.04113126865950637,0.17474449461883237,0.058070715707954745,0.20517341544065232,0.030341727154473013,0.06100311258105744,0.8360041293933557,0.06376750420499708,0.8737579355187769,0.15284623936367248,0.022372880559806338,0.41542123544508636,0.019857775972856387,0.08373624284345008,0.7602745915733028,0.27850258535955263,0.027995955555360826,0.036000826019822636,0.05941089371265068,0.0457809667396297,0.4614332774494157,0.020052003420375584,0.10624926107005814,0.13010490537906796,0.08548293324169921,0.030041733440577693,0.02916882763595344,0.05190647731422662,0.02039366954018833,0.9988618672634131,0.0,0.9859086768005575,0.07242223179798553,0.14497341568759248,0.03392134040155634,0.040602089539378314,0.03895963528874702
TMED9,0.08571935660677629,0.0822564807787636,0.12438744482572019,0.36084602011423333,0.020519086094530167,0.02077253131586388,0.07258414947215705,0.820290287963397,0.023329468658373594,0.04739201559152855,0.029323320380743773,0.053215660822277196,0.9053715433617288,0.19262911934164512,0.4617622338971357,0.019786529184885243,0.15428209662223527,0.06695836034415918,0.07047229485253279,0.2592276463945379,0.08488132972962618,0.1088744925651522,0.07146249995652783,0.1544846547743064,0.04686401425840837,0.2509794738459559,0.03904857208909083,0.11914777894593381,0.029829942456432054,0.0336812175146672,0.05920842764268807,0.2361637606908626,0.13040398682248047,0.03543438174034774,0.10438629457009878,0.10189380444685585,0.019159572138058138,0.0765793085932234,0.2335483371579359,0.06815890864069243,0.21222845260077905,0.04126214337143254,0.08686125661579577,0.3908822298767483,0.020008152115351677,0.028533873002497698,0.07444276284564327,0.19115945267614295,0.30552754376395364,0.5073530154805668,0.01862446829918432,0.025553882645166753,0.02861693703203086,0.02441212490590432,0.17393741739690619,0.13408009841302634,0.1279774758328827,0.2472244771855649,0.021714242015674463,0.05145067076310232,0.03885423247825772,0.024333925784420854,0.0608903203653127,0.060415946607017205,0.06869714104049925,0.8334453642408709,0.03309729310535903,0.1308800393863968,0.08517922319694267,0.04082450643772677,0.22188196460643664,0.11687631408412927,0.9999908053531951,0.9984655470711432,0.0,0.019662390562992262,0.01799851153588551,0.06840358629927826,0.030067032521449332,0.3949878156630994
VDAC1,0.0249110905786805,0.027286314705616817,0.06795118627708498,0.13954036345819779,0.4663988877980313,0.019724447888293993,0.10396398240682732,0.09798103390713359,0.07651487706235231,0.02715298177326967,0.022296239941011476,0.15042967908817223,0.7829727545922472,0.20227248407920703,0.958875114759882,0.060653571696084325,0.07814421717134667,0.04209899913309963,0.12845189149993566,0.275701646378169,0.07235833849292775,0.09055285430304852,0.04143798190304888,0.03300107874846875,0.9190270569156924,0.2734949310576483,0.22668668616708612,0.22365893096642805,0.31642772730289237,0.5365621655511393,0.044543454077541435,0.02264294408612169,0.07128338315806591,0.9676586043635025,0.07079787796785326,0.0688469876494073,0.08698957395735916,0.02512676632676108,0.18535577924390184,0.05443147408696467,0.08578706450834797,0.9978826236113922,0.05422355317907804,0.9999999998205154,0.05638869721642916,0.1510981613007865,0.03183181224991562,0.9268962406748156,0.8095381817437566,0.3141783182097417,0.28452098844153706,0.024142444400120894,0.023923747783820015,0.13347732154154904,0.29546198165223697,0.8910203598315946,0.2987718923174279,0.027358017767004594,0.14128954820477171,0.2662670228241793,0.05915836320181115,0.5356195248244014,0.023037509625347303,0.04075669265107095,0.27659354824091453,0.9999508921556168,0.10744269548065043,0.755703331063569,0.02408877470607362,0.12642719731116978,0.044828420323792355,0.12196090795454007,0.08733902088380747,0.3138082493030312,0.02101319538673021,0.0,0.9504392658349802,0.6463723303542982,0.05074380044973983,0.9473415299650223
VLDLR,0.023075046017228002,0.0629237942680124,0.04457157495951932,0.033904300516789464,0.02117827115854118,0.03696358891038413,0.033701504607304804,0.04415262959061931,0.018396865361018852,0.11237642497893209,0.21375506029743113,0.4859465418724454,0.0716419075903761,0.08742359068085134,0.03202574517873289,0.10096814933839673,0.02494320242163916,0.029186020094862083,0.028828706909547534,0.05179789899850092,0.02788922142047547,0.03425126856941734,0.0643714692707003,0.02301989600819373,0.08515868824778623,0.06392179946237207,0.1222106370575317,0.07436267490538363,0.11708808559635629,0.1044632348280215,0.04956034979667347,0.027815180288135892,0.019316575802012674,0.05174076623252662,0.05684881105363024,0.9184838262207377,0.17023876423513448,0.04764333352943153,0.21069063837279947,0.02465185583302196,0.022237414164906825,0.034757864948446626,0.21969107338614538,0.12293783213859658,0.048535933332492634,0.06195332702232035,0.05236292656526703,0.43411959478240675,0.3343722200288025,0.025767439552301517,0.03046045205619415,0.06001131432444625,0.055433696343937765,0.06953019084424202,0.28707215410301345,0.022080915242094126,0.23663267069224456,0.3368703705132429,0.02114579511632578,0.24567745009252429,0.10789870609650368,0.09934501012304528,0.047834044927119464,0.020618918896047552,0.025185246011000875,0.018860414441908193,0.10581870429472245,0.3491119598963275,0.03349225103637955,0.03329937069734771,0.37055101479498087,0.13598196425461218,0.03281436694850926,0.08656301245729155,0.017993360985743594,0.15635021223089987,0.0,0.031265502635429786,0.0341538499413642,0.07038318806902437
VPS26A,0.2543041253017022,0.07328679938024092,0.9412371254144756,0.03384387908731449,0.0524667784734238,0.29333236789777134,0.02264159717456366,0.194773555980147,0.380305010433035,0.9343510091501518,0.9541366296513718,0.9191385673602337,0.07129505119411209,0.052935684669437585,0.28151666964785504,0.1967110099424177,0.8619846001510525,0.07307540176500958,0.08102679623224673,0.025841428710420705,0.22093811598013002,0.39480230906440755,0.04285305726477259,0.6299491138856623,0.02997159796056797,0.22969624170633632,0.03398118562925343,0.9961265799028474,0.031959827383878564,0.3903168980832419,0.20872587070061885,0.09747461416459127,0.051772211474896794,0.02762246439071908,0.5343817677421816,0.6451973311879742,0.024157752280437015,0.05688588409616207,0.6240445575944585,0.0773741799500756,0.34816677061494616,0.04861345819994448,0.2636734662328793,0.21752252333280722,0.13077183791616956,0.05597851754725961,0.17359365153769815,0.9151914737132758,0.1174389442415275,0.5693512701179693,0.3060667945501705,0.9802906762293488,0.23248025669039413,0.11907656027857319,0.8210828247310027,0.02366569736026456,0.24545094495970823,0.024919354407963563,0.18198107076326112,0.19738411413633514,0.8474096872513918,0.5216810038491353,0.06201473964260756,0.2125801098470235,0.08704064160304219,0.027711051444119353,0.02231757768428902,0.20911039533133438,0.16694628419248497,0.06261860543379737,0.046028802077980234,0.144739225595171,0.09210507665487346,0.05446520140126609,0.11148815363071445,0.41387232041189265,0.06601801782414271,0.0,0.996320346475754,0.9428625024752308
VPS29,0.34062077945204106,0.06872699376449282,0.05637613701293576,0.02055567398981483,0.03786762250094651,0.07962281448626438,0.3988183356514708,0.025240476824968515,0.024437941815896935,0.871492450385431,0.28106087909980604,0.019646289927096123,0.20440718413788675,0.12929209464177258,0.313285820695336,0.3664494757031999,0.027422424217718587,0.04382406120341595,0.24509390236322398,0.05542650985117749,0.43474469295109935,0.1488908456166372,0.35215635424701186,0.32290295573375855,0.5142204353035396,0.14875302035688187,0.06872304525575358,0.9166293671661283,0.2219998239223564,0.22532503836294782,0.044431279055896646,0.9754316289131698,0.12699453517752826,0.3456200019156207,0.05259900055349489,0.054580622364174866,0.14307369546904106,0.2725690857397124,0.07766419980597535,0.11508476585273154,0.19259823221101455,0.018258706675247666,0.0470018719920274,0.9092899790869673,0.08956110033643584,0.4768923395664696,0.033843257953796856,0.024098257472066332,0.6682003075470053,0.997948670916007,0.0648107166167008,0.9726996158367465,0.11539838943523145,0.21608206664481305,0.9657755901436906,0.04726328976854532,0.02273539150276322,0.2607798685290676,0.03234990737903913,0.15515695179182346,0.03727526777033349,0.2338630281420526,0.07613573255003467,0.08074029787882635,0.022287303219740616,0.8682531178218029,0.02766451158576891,0.21721609292667904,0.9868244128441422,0.1270954733621679,0.2968981571635412,0.23516204444673355,0.02009773783953846,0.13424129726562475,0.05004090688043037,0.05902346188944009,0.15080895130989797,0.9999502482129228,0.0,0.9999722258936857
VPS35,0.0899939769624366,0.42170604588777144,0.034011644377292476,0.9745263521420751,0.0697356969769696,0.9822580156226143,0.025094111311076354,0.12710556633809988,0.8558883421740026,0.0681969564418106,0.029619926470066935,0.4711774503391978,0.7230095698042038,0.6370048358166361,0.08626431127306372,0.13255262441927576,0.7058219356404958,0.07765970276750266,0.8860353955414539,0.04175208528636851,0.1322932582698684,0.06753346807977748,0.17254472286611214,0.9671946707257708,0.9938184355830155,0.5294407370043975,0.04391144905544308,0.980739369249071,0.027229655335948795,0.9377923905940898,0.3004360978127393,0.21919115184920848,0.0193715227262085,0.34296746444543946,0.04263787763945137,0.785049772458058,0.80697944810025,0.6037293983570688,0.160223760708139,0.02325880296513317,0.07311843066461789,0.019236958335738373,0.30736541770099585,0.9684739493958264,0.24936738648642168,0.0332749228783261,0.26576643285663504,0.04257169015753538,0.04975894379359453,0.027844141581474725,0.14864083547242787,0.9811363608022556,0.04110827202215734,0.025442693173760838,0.8146586877221705,0.026499306278422848,0.9940923379149936,0.9982715861078276,0.21829385080410516,0.049578778119967776,0.9973248106626174,0.8968109219845841,0.03934066790519707,0.5498064616886019,0.6283729937240046,0.20631117920264885,0.054785975503276685,0.021315364498560686,0.026064662813794093,0.13276276591246156,0.9954253947696183,0.033921521779819094,0.04600362450331713,0.11837817798122213,0.9549244354725815,0.9777876756978295,0.6937830726919958,0.9966285249150793,0.9999645221878222,0.0
