,ABCA7,ADAM10,ADAM17,AP1G1,AP2A1,AP2B1,AP3B2,AP4B1,AP4E1,AP4M1,AP4S1,APBA1,APBA2,APOE,APP,ARF6,BACE1,BIN1,CLU,COPA,COPB1,COPB2,COPE,COPG1,COPG2,COPZ1,ECE1,EIF2S1,GGA1,GGA2,GGA3,GORASP1,HSPA5,HSPA9,IDE,ITPR1,ITPR2,LRP1,MAP2K3,MAPK14,MAPKAPK2,MFN2,MIA3,NCSTN,OSBP,PICALM,PLCG2,PLG,PREB,PSEN1,RAB1A,RAB1B,RTN3,RTN4,SAR1A,SAR1B,SEC13,SEC16A,SEC23A,SEC23B,SEC24A,SEC24B,SEC24C,SEC24D,SEC31A,SIGMAR1,SNX4,SNX6,SORL1,SORT1,SREBF2,SYK,TMED10,TMED2,TMED9,VDAC1,VLDLR,VPS26A,VPS29,VPS35
ABCA7,0.0,0.15092197235887578,0.02238335208916047,0.1912673605711028,0.06288006264472298,0.05958035209979324,0.024950893215738106,0.21053939143256362,0.04042011723096895,0.2537299634837103,0.06273409559808035,0.09856402592038309,0.019541772072708845,0.03207662328191587,0.04171660999168722,0.13068281426898837,0.025527081416861514,0.031333935668419334,0.03692791917583591,0.6969613314923776,0.12308707421224985,0.07665804283136406,0.38138910960811895,0.18849095850796727,0.9985208656701202,0.14188172567524768,0.05123899227072425,0.03320164773607632,0.04141013384835981,0.5500866667679168,0.07193781559947725,0.18272252962455138,0.054415134049451544,0.05601428269625475,0.05700423462423103,0.019939933012199644,0.03860530197582921,0.8161190504795799,0.6771773641249236,0.12125510394706233,0.019980679850648882,0.0732059305970045,0.10725234465118036,0.7543713733099504,0.11300537369792878,0.12144380628680199,0.039811860907021206,0.018978050269962958,0.10864827711685528,0.025625607571684243,0.08864533985707587,0.149710634395345,0.04636839020802209,0.04750068962674118,0.0646289126299928,0.02267123003890996,0.057677805377046046,0.26493464919873017,0.06363098729924085,0.8870925894662097,0.8560700261277123,0.25357177409996773,0.18632890200403315,0.15348668145406222,0.10797516653276755,0.03227642592389217,0.04725529789892817,0.04622677831477326,0.030533839781911775,0.04075420403424374,0.02415749055619891,0.028442207613158944,0.1978333039055978,0.1568945747132178,0.09142589262922249,0.5593414244246688,0.8274179516161739,0.2515725186633117,0.03974122197076591,0.029832036929014805
ADAM10,0.23102575999789737,0.0,0.24978444679392334,0.18801004634691282,0.04833643108435693,0.25054067564910865,0.11461016661316002,0.027723534330292673,0.07987576017535274,0.045726989930148405,0.052577463332121314,0.038542204838853254,0.03833253892346821,0.04361234092292357,0.053554097899683836,0.019091081145315703,0.11943618662849224,0.7852026735910601,0.10674517140303831,0.08145934193884613,0.19287603355930746,0.020793135589230002,0.034944891007429375,0.024992137911270095,0.3025776725753154,0.20451315910676607,0.02243474091329808,0.10416140705687842,0.05101774535904166,0.41604542542926737,0.01858854150659842,0.029837347869166815,0.2222570777001294,0.09753590156312678,0.5028246610335865,0.02818359359633505,0.12960953646958914,0.17514568256141427,0.01802600375097976,0.08180424125986326,0.02222776576198644,0.15475822125852395,0.0370865234981682,0.11893613658459426,0.04144685365513069,0.35220560258061795,0.19096884030565667,0.3283772252334892,0.07712927764903695,0.21683958845730975,0.5158430429667372,0.023264318479067368,0.11254925246431109,0.04120210877052391,0.03980457306183753,0.7213844408952935,0.08395977058121488,0.09053674926784311,0.19892270886773594,0.07962815305314046,0.06895731739831416,0.01834959536377978,0.21632311433808413,0.02253533388192084,0.023122463179012183,0.05542869052738137,0.6625445309957696,0.02557432627576593,0.05488056196701712,0.2140150129368597,0.020743420319881394,0.09404693576459892,0.019476401063785304,0.2902027986635671,0.02911080633218179,0.2912790346442201,0.43403549727298874,0.0200053899081381,0.06027902695540353,0.02346162841681373
ADAM17,0.02330356904544109,0.2299362917128057,0.0,0.01965782673807597,0.12103189009392214,0.08495732964955416,0.06391211313529115,0.017996322471967356,0.4837104622645735,0.021432918584261194,0.1239793878716139,0.07291641576467706,0.02277344978232293,0.22078534630728106,0.019572218754615126,0.22076851141625642,0.024842789671799464,0.058547069967014635,0.1764470553606342,0.31227133411923175,0.3084086624126387,0.058873281063795406,0.13435134212713618,0.02008144340286089,0.13614135164167362,0.365828694486222,0.029186215275639745,0.09843017123989864,0.2597281730454899,0.6458221632194683,0.04006128604039705,0.24458125173628179,0.07844312260002681,0.2158241351402209,0.0311700677409895,0.02117341579227164,0.877910807595007,0.040874804191990084,0.23014147906740232,0.09865534091584494,0.3143535618558575,0.1707939622684568,0.15966949934865207,0.021172926096589686,0.02629268295495728,0.018879263499397274,0.04703929107094841,0.1264052653537609,0.02023167179363348,0.2031727786177987,0.09714557682881948,0.06897651010562149,0.050354500770180485,0.2821547275271658,0.16228018303882558,0.2048701911667408,0.18358878014843089,0.10316101070945329,0.041962256574990774,0.13250880221683076,0.4349192132611657,0.030901347208900545,0.12192179914662948,0.043404577926435914,0.18906329432925104,0.021896812871988025,0.10577345602042895,0.09979467343397969,0.023073040694802566,0.08153223376204263,0.1664667536981366,0.05689680951448185,0.2768756789596658,0.06658352957723318,0.025222633629681895,0.5654695594351988,0.05136349490232024,0.02842571210143531,0.038170405512060177,0.05103443040413255
AP1G1,0.3036711670954471,0.19061923002802897,0.01973824395991025,0.0,0.18135648787493994,0.4074636679077291,0.12426730969563411,0.02272405479838828,0.10804056900649084,0.09555467831342902,0.021597687569020137,0.02027494519409528,0.026088814734631635,0.04487537436286261,0.02518077096356501,0.3099173427647949,0.02868120677063629,0.056559519893435106,0.0346664674281894,0.43748850509002896,0.35682433036330663,0.049069842642758,0.05387781445466037,0.8855780133491431,0.07105461047717931,0.5124827109880109,0.03210048522721814,0.13028146748172245,0.01811567766819401,0.07473911568132756,0.035304851922928655,0.05134272908938758,0.04503517922777354,0.022697073546949286,0.3699301408888305,0.02242573841262113,0.12556912449638127,0.15225819574016275,0.05241440673356894,0.024976819300625785,0.027259403906445632,0.16799959668640885,0.027958627697099968,0.044642790127229465,0.04081618958421915,0.03626930257875446,0.07889061065957474,0.32109031388956977,0.05307568430687097,0.24380524523695316,0.04422766814406125,0.0608783441114461,0.22079817412544978,0.27609915780236577,0.03959523897646578,0.06050533438045718,0.03156848811313264,0.2431387371956398,0.060089137669183876,0.031804098768028685,0.023662140857994802,0.08324087165254897,0.06999876657698051,0.19556554806434984,0.022663075785308958,0.24315777791847526,0.14426935592991513,0.01848204284228804,0.030967332502813617,0.13386931303123845,0.42576973302722215,0.1514312371453472,0.04058719458056856,0.03562361785892288,0.1257486396730974,0.0741587264451633,0.11908759699540349,0.027064119304446577,0.16377797474720435,0.9683953898780514
AP2A1,0.09333528168242684,0.0522400065328912,0.149828842306059,0.20994548653736037,0.0,0.9666867008071761,0.05935288867272952,0.06577535172949561,0.03953332671775399,0.08939322686596494,0.029632160120929535,0.2139768480748546,0.019853181997062555,0.026440862957586464,0.04331837761942839,0.030312346685768616,0.025273451459184554,0.09022296203618564,0.06209213721597737,0.027957072939135123,0.1184660654364905,0.036804076707985675,0.17324865164549766,0.033127526448076934,0.14580391788036912,0.0736264848470963,0.13627573541475918,0.022131364105594565,0.16143575223652035,0.029882512180542692,0.1740191994007141,0.11115685376771743,0.043464647279229274,0.22599107572676808,0.02669408930573006,0.13148362742478623,0.030023928671056643,0.04897087913884808,0.01892463118560451,0.06536577848474702,0.019340715872719284,0.4302985524175736,0.01968289129432719,0.01966417512451283,0.055476804845014396,0.021888907868483406,0.033361031295045765,0.048249530324311306,0.031301580960951876,0.01827924542057175,0.0618917162382071,0.054232768412816074,0.020834869803856605,0.01855765042981159,0.01980044179699464,0.03175566351146887,0.17238101516257492,0.07367884467076576,0.034347484597487,0.2711054162193886,0.045999711078991846,0.6685118797852913,0.15556821365406234,0.07343997802392399,0.06339291123041092,0.018092216660122628,0.4591039257014518,0.0377067508084529,0.022468270889777306,0.02200843226790284,0.11615840097379884,0.049484428544052834,0.02475443053043087,0.22599903178846906,0.04446142405399937,0.12277684676062157,0.45890300370492965,0.020237931059613273,0.32901139306141786,0.5485875288851378
AP2B1,0.09154182954557398,0.31899659139444514,0.10739843491750152,0.5049311585343155,0.9737466206629534,0.0,0.0895819602760205,0.09097975146711264,0.02318942179871094,0.14242753094488958,0.031435638124417686,0.5500243126093702,0.023169481630099093,0.020199006003828665,0.025788468371721003,0.025728301502110428,0.059163710036171754,0.05351079612749596,0.05527304950804042,0.03514615921951851,0.03525013693434549,0.04795025731347139,0.04636931057220148,0.03793777995803432,0.22426624980412369,0.019882629488055886,0.03093632526483295,0.029112732917438364,0.10170034321965758,0.033387966046029206,0.06044592630320925,0.15832001110600247,0.02487499704422507,0.021735858734232526,0.06730135989828048,0.11252251333549261,0.27826128464899513,0.05074405260097425,0.04952013299541724,0.10435654656963177,0.049924617355189896,0.027685514782380148,0.07111773605015698,0.04310749681916682,0.10310234545835645,0.03252995814044098,0.02529195646931464,0.5316924992429792,0.07752784740746044,0.0331275050791154,0.11089535098717708,0.0263847679231407,0.035214182862871195,0.03589496607037997,0.0539665191104909,0.1772662422815491,0.07841644011684575,0.03689200222085403,0.05689168120365464,0.2780945952247454,0.033371712385994415,0.05164988900097838,0.159550916489571,0.03478272617601831,0.02093829055116597,0.09127924674978037,0.5151165430319716,0.031790854583962656,0.024336287872554475,0.018079782569563184,0.2013103984635484,0.06159365081683734,0.031265883489165515,0.06335471327538854,0.044495592002660005,0.02581751597491522,0.5534036753542096,0.02125315285024718,0.046941672924266944,0.7260533753472173
AP3B2,0.027490241870186314,0.12580336851212326,0.07183612670163675,0.13515699413716134,0.057711413405598586,0.0822520446001053,0.0,0.02709149558025248,0.04318491347832942,0.26465530177739033,0.09167816206362553,0.023244334297349473,0.3629406976564341,0.3612054335085764,0.07476683190149164,0.13233243105642406,0.34787973241476533,0.26308205389658645,0.020210566506879867,0.03484112349378932,0.21299452295871546,0.0587669099732501,0.24047954028380195,0.7741898705050998,0.13188581008660938,0.02189582614385554,0.028216270274192715,0.034040777373864975,0.018572168795902826,0.07633202511707993,0.03691913126511928,0.0213238670873801,0.028760973308732757,0.05314770333041582,0.2933539101399634,0.024071253298038147,0.02864057211949311,0.04259482493468661,0.045910684303562974,0.07539830670207033,0.041367477161227545,0.12233461418222362,0.05489707689472707,0.12063246531815604,0.05529378852149328,0.0925348646780564,0.020483186197340623,0.1514084155227455,0.01843437386371125,0.01861284485258495,0.036625918288048225,0.03367263418564629,0.4255943292816013,0.13967341559879604,0.037497292922124184,0.070188314567381,0.35684637010078635,0.08372524034713767,0.02585547469048014,0.028730389154085823,0.0725866311880961,0.6022322871962109,0.057371742970949,0.03971180542204242,0.03727304825692334,0.02489627430616293,0.028433824670334017,0.055284250557080035,0.018978124484794197,0.07324534948097638,0.025144768399349662,0.021176972951224986,0.02106828171801577,0.20089914381586294,0.06859996277844795,0.22956720434843303,0.7946314493678728,0.03467422660028176,0.21138645060029612,0.02784263834004107
AP4B1,0.23640521846613113,0.02607450833685855,0.017995220885213218,0.02195234604751657,0.05064762895157753,0.06326416516869282,0.025107242678193614,0.0,0.7717008655019542,0.018916486493046347,0.032574584517998884,0.05597486898054963,0.025939653042529105,0.018591589502974532,0.03537373082445742,0.06456704199237184,0.13135338121391604,0.0193974321014846,0.1605493495009324,0.3755482862767604,0.2953021155908528,0.15956248659805955,0.7730191227091383,0.06007765461540801,0.4918913918081448,0.03710738154919349,0.07767561369765348,0.01930536588340653,0.06658504130702902,0.1130893322249116,0.0532627201777674,0.24053393506755025,0.08945628260401284,0.10889909969914933,0.05893848271561065,0.03457848972435642,0.024297091807602998,0.08539465903461917,0.021164743845168258,0.05481434512694315,0.03008847649613542,0.024825771608189093,0.05171663972961097,0.15683694096388998,0.10457022029149682,0.3183884701820683,0.41602924870080116,0.02058869284965019,0.13872404829640805,0.018730037215884184,0.590334473119326,0.46012962956236086,0.3711766910345717,0.22348895908423802,0.025331885444639057,0.019407742620268592,0.8603657227363194,0.041527405641854094,0.03822929440577459,0.25797599939601246,0.042993144352339877,0.02059106403980872,0.11806053105481358,0.33920453880037904,0.053755309917507134,0.06792219643731237,0.03833276243375396,0.42595870931535373,0.1452864875126835,0.025397354027148624,0.023950164064561318,0.11314002582521489,0.06955138445756678,0.024616552855741106,0.09918278453049657,0.019769795683733906,0.6753730414130169,0.07421979021294556,0.05585270405210723,0.027960733513235785
AP4E1,0.04688063686237385,0.07581165639283018,0.4848926461326889,0.10049087800022768,0.036345723991736904,0.02239977238188711,0.04009470966616045,0.8656116197983657,0.0,0.03083199561296798,0.16935851513149,0.03664938090590635,0.25242626607209007,0.01978981998335867,0.029043654703816753,0.024565424130403444,0.018908807287850334,0.019928950215186904,0.27691048179253147,0.25287944763487324,0.02629113841242051,0.1666728031899005,0.3860021241829578,0.15063089191377635,0.9993934173560863,0.4553550484798798,0.5598008558672221,0.05999117115623611,0.03884150571003649,0.1934457915897403,0.021369127620132967,0.9291357571505947,0.04003673580379268,0.162899378232598,0.16629900625571256,0.04188004849668209,0.3346707832367345,0.060820203107648886,0.5329241994760912,0.5104364447124752,0.11337312949726781,0.08820779523716196,0.05744575634589646,0.04710900572889806,0.2852021337228156,0.02061710553736703,0.02271642603064346,0.04847031380033996,0.15560190725409567,0.019519624326819508,0.02670613809139603,0.01883972576510281,0.02394883950397632,0.3195176163936127,0.0572575604731502,0.024736793511661755,0.019804892095509535,0.5016865103822069,0.21282292889909324,0.1178641604160939,0.02167380511102901,0.3552825291693865,0.042435994273254125,0.22597512935544428,0.2508825198357618,0.09289423325161832,0.09070431545135836,0.021551844895732343,0.02557389192159698,0.14400014832841965,0.07437012248655886,0.023416084018651785,0.035482473637162476,0.04274055250871858,0.10815982846143225,0.08021032633974978,0.08830612913778929,0.11170721450052236,0.05835164022737879,0.13043625897604594
AP4M1,0.4270111345753175,0.04702943917735384,0.021700225816932386,0.09921448894442997,0.08331906679316557,0.1230107768679572,0.2519195329776125,0.019109771371800213,0.03200029069707668,0.0,0.1137896387026478,0.033528926703669144,0.019355518937552108,0.1517842293211995,0.043348983845317206,0.023953114868709994,0.5059353793647205,0.1133075223571109,0.25549467808642956,0.16893233569680635,0.04599694821780584,0.13986117780798457,0.03849857852942365,0.09804938182124874,0.03358199701860114,0.21949551809270273,0.01991791105729441,0.02855918400446709,0.14433016318634967,0.2332974902597225,0.06980302059956363,0.07766202074865697,0.020829546824669216,0.0735561988315832,0.027790619030609545,0.09107395619128507,0.0929715900577823,0.03475610942754649,0.021111320821983626,0.3372755838437509,0.05190547923759223,0.04636782393218228,0.03773468032983959,0.19866095412751955,0.027284997910373754,0.04283858492757907,0.020422338044257804,0.02547655687529808,0.0278693416249155,0.3081807786562323,0.04145201204242757,0.03178143167950845,0.6457337291992876,0.05125939898536022,0.057859824180535695,0.02774767786468668,0.4964701937194255,0.37061926151174174,0.018885055977471824,0.6926742808678252,0.13607408884790057,0.6581274237241885,0.3061856926856654,0.07064469586556132,0.07610485890416253,0.12900458876012447,0.050205690666579206,0.160393146445337,0.04170733879161515,0.09439495406947233,0.07230273954675587,0.02099595196674961,0.0520162963833385,0.03641256714084196,0.07771555743357546,0.06198931056181652,0.06080993088784624,0.03258381095272943,0.10293194755181828,0.0830627812545611
AP4S1,0.07026404280997603,0.04674991738521357,0.10789869591210723,0.02113935798649779,0.0271322627877977,0.028070397493339283,0.07165621438542323,0.033272245396335894,0.14454791367547157,0.08938589343945565,0.0,0.2823133804644313,0.5688235850308218,0.16814682225643485,0.027182879711220423,0.05571333729311741,0.6555061955862251,0.10591161841930256,0.21692980209040597,0.02539678678092579,0.18283228034064888,0.1108667882118379,0.04738149162195246,0.018247983916951743,0.5958819005597855,0.04440779904036803,0.0361199427778649,0.10369091264886929,0.04612026768748857,0.021960840308145553,0.022123732781534084,0.13133608689297002,0.09324866452510515,0.08202203678662244,0.18277489666621502,0.08749581813919777,0.12292440878353084,0.14001118874855237,0.05380657740953942,0.029031984511077608,0.03589768420203996,0.10796770253169058,0.025181128353424235,0.03829078699856211,0.06227469264039738,0.7125310899780124,0.05775550693868206,0.02138622637041253,0.38425588631582464,0.24657112476734408,0.03098358540019051,0.10810316989719215,0.1776506330064909,0.0199780076727881,0.021827316141673773,0.03741321534308805,0.21381126148125534,0.018897667865101043,0.4206499157297864,0.9579098893093073,0.021422561527838387,0.02229677266625354,0.24883238450401773,0.5885081475390977,0.12633799916347496,0.025092156359434195,0.22787760705146534,0.021872219957876415,0.06674680148739981,0.3734596198847454,0.02157416484087103,0.21317052935396757,0.024697949345025474,0.29248623322114253,0.05166926030653459,0.5826815226262757,0.0822857668335617,0.3255529071658909,0.11059127022743458,0.3329295099792027
APBA1,0.14081180458195167,0.03843776808791202,0.07646844560394177,0.020250132877585116,0.18087434307941494,0.437835792668229,0.022920835832980577,0.06690869090045952,0.03753781684841778,0.03284831750502798,0.36341988535951797,0.0,0.3505587046086784,0.026854745564285933,0.03598984240832253,0.031001122153006704,0.3803927551317169,0.046783177747739026,0.10970500313615822,0.16965566935897725,0.03451739338547402,0.02233482227260336,0.06103782693989889,0.4149298613124299,0.04833402378137114,0.08389159899490872,0.14622162606997838,0.018911255841587562,0.02857645888933753,0.03624803217854976,0.04679345930292625,0.025195188776528904,0.17385938792355052,0.06583235817649716,0.01805652661364728,0.03939121764732282,0.08834288993752881,0.0420307409034453,0.022498402058171794,0.04730364362508314,0.25945497034033843,0.04899117536837345,0.02426580474459166,0.05286260297085206,0.7503984383184783,0.06176846273639411,0.24281203122915568,0.1441372992009133,0.707743786539984,0.25537547720075565,0.23562440496451498,0.07249164560537283,0.33392996473196046,0.1917533259141216,0.022671521195183376,0.14862055519153314,0.682117156377585,0.07542034378264117,0.055594141232468156,0.5226245326598276,0.020518974392475554,0.07609833236768923,0.03379597758305775,0.40847157222587605,0.08525920612806925,0.035885748261694314,0.2972318785566346,0.0774239199701921,0.04857651540508747,0.5576627102525183,0.05605117747963102,0.19966721051810965,0.04907053223451931,0.1759102609888257,0.14889827508214729,0.14816369541795796,0.024709010911146263,0.22213840265134752,0.05335530259898743,0.1251147440755975
APBA2,0.019858540292259405,0.03748216292729991,0.022815628669090385,0.02573908526453765,0.0196544034926657,0.022415630774275403,0.30216755611783586,0.02720816824337191,0.25610101180654476,0.01927223821350499,0.6613840030749022,0.33044523413561566,0.0,0.20188113346159428,0.3218631203301902,0.28490296558179723,0.6116804637997653,0.09521914470246386,0.16193504086118116,0.08964844249552582,0.05412858113496448,0.13006879810767422,0.1199704929969687,0.044511387469995105,0.021573743432128305,0.018747745411420894,0.04469031934760255,0.13917897379179708,0.04649666775893189,0.12483330203055354,0.13209375240004315,0.06859767904770589,0.47434801150055095,0.49738556794650635,0.2238363347477111,0.16041701823750018,0.10487718535793249,0.020424978480070338,0.5934484814502325,0.9265133926977357,0.06876569084390752,0.12551183929980372,0.031551898063781655,0.05240567742640471,0.022312196726534457,0.3552792903381968,0.30018246259255005,0.4073107354939303,0.023090660107482425,0.05646822142378127,0.07097068750871169,0.03419985397942015,0.024664755432854523,0.05015251425767196,0.06723238389781423,0.030259251171213246,0.0253005359357167,0.02078749388440419,0.01903679391904279,0.18006444813451736,0.02154612660380998,0.1329582997406556,0.018845201281757634,0.08492146903887755,0.022397747274157553,0.04458726296972384,0.10140669492277221,0.3027192631946565,0.1118575324276574,0.05671699245072704,0.14068247699062966,0.04832047391840501,0.13779729964507817,0.12240789858968984,0.2422487704556238,0.30429542999465203,0.2843412321188749,0.19323657317315682,0.06446626034149984,0.020529434836134137
APOE,0.03598215660408234,0.04268321754396422,0.2271554151722849,0.043633705337677464,0.02547417377557559,0.019905749725914558,0.30435984298012586,0.018676213022140058,0.019812816488760734,0.13670103342325374,0.20356623501967108,0.026629151341212833,0.20420832090320984,0.0,0.3597963294670495,0.034917491844897716,0.02902964305816267,0.020572539056044822,0.059674076054697545,0.7950579005067867,0.10049615556829378,0.4314491760329538,0.2498955029677199,0.055764492927932875,0.33521847985539965,0.31941493101928714,0.026082991440041874,0.02975461442256496,0.5207944395865202,0.025593034511412167,0.02476450049242354,0.06597080278389407,0.021756425615315177,0.03174001471345002,0.026191040366509388,0.027720602951403068,0.08926485909982795,0.31854178291080093,0.2336687134783416,0.023725019682801215,0.16267780184630456,0.026814725051666977,0.11486864098828091,0.09694061010068687,0.27619272707148146,0.027254055027663007,0.20763865496498332,0.18242583000500684,0.10291968569180808,0.12008285752126445,0.054458708154497416,0.03912313841715916,0.09781577372875319,0.09782788760769573,0.2595141959571135,0.020896787555594206,0.10879194115203081,0.32295205970458657,0.060511347833166335,0.33944229877688464,0.03305821260234747,0.03396149403159751,0.033179988762265356,0.03236627198164991,0.08080952499569707,0.03148376687662271,0.031049155735290823,0.03118373203188369,0.03504103669059383,0.029610490667001874,0.3737891429709164,0.37409272024011353,0.059972716654428854,0.08101215328793056,0.03536510603847727,0.11401347968420662,0.025744800624276972,0.052840702285810864,0.03423634918528767,0.20774418775800826
APP,0.05708564346683832,0.060964761179353656,0.01984784102726455,0.026164538946588257,0.044789610210893886,0.025835876035189224,0.08163544633783207,0.04344346910280358,0.031403793664776525,0.04679930962089477,0.03027578538481252,0.03923389390242215,0.4413477653806336,0.48454504806738213,0.0,0.02353915667776064,0.02038235593098068,0.049908568573595984,0.1401228731263905,0.07997444835122224,0.03784357829191995,0.03221407767675393,0.06264262865487834,0.2397036158010623,0.018016098576807388,0.029295291685360124,0.03138203564815707,0.02050165984095335,0.07182308389288367,0.057359234936171,0.09222919145627538,0.01914121426118951,0.06039414709272429,0.04618874758402508,0.11148145170022795,0.16965949976440423,0.2015660872134044,0.057024415748555116,0.022477580805949474,0.1850050627484979,0.03195046090373614,0.03677139187093419,0.02248754970773662,0.37938175508869604,0.3692661373316567,0.04246781484620496,0.03939786471309181,0.023235426228297565,0.17047234210577847,0.022977132704852243,0.02331662772771059,0.037988684197727884,0.17916986674176108,0.09282800276005686,0.03241448297710513,0.018619669465510795,0.2579640610666204,0.04946711336168017,0.12520571571381744,0.050874534005112,0.23977096889829144,0.11474084996745869,0.2630817961882435,0.43559198399151616,0.11339424862776182,0.03177140584633852,0.0505158636213425,0.01806764010365121,0.03265057413848971,0.02102209246714068,0.18593481269861287,0.071350492732065,0.17044996222274295,0.112460780341717,0.030185350088877738,0.03144874438579899,0.5581918048241099,0.4254918691358223,0.1254282841278657,0.08632656930740053
ARF6,0.1830999007443295,0.019053052655492078,0.22277570449714146,0.2832979480732107,0.028702233209026557,0.02452701582451627,0.11338042659267918,0.07551961846115189,0.02458863066119159,0.023531414765868994,0.06137210258930371,0.030502887005672635,0.28265796369701635,0.0347112682804219,0.02268049515717886,0.0,0.034342182927567015,0.08194972347166908,0.019632434411901236,0.16965936493952335,0.07468672672982145,0.30888754751410485,0.06375151608974597,0.022751711487661336,0.04809616136141263,0.4768479527675441,0.02428575266674792,0.44951821147972976,0.03793806751517586,0.24282903094145858,0.0258420916952984,0.9655447824299441,0.24744999273128754,0.22372647584336577,0.09640553285270007,0.06858968504852923,0.02263197569106749,0.04132935084286144,0.15402168128188695,0.15239282440390958,0.5668387896590751,0.2545812406542529,0.1692838564934393,0.026136082748953265,0.06410431645865895,0.06525774449712171,0.03793283302405703,0.031760518510051065,0.026175895924166966,0.02550592321114669,0.8248010040183071,0.7936479564040234,0.022762131213566777,0.028611242180153672,0.1757835639136518,0.07176498448519929,0.09848959234189933,0.4281843900434055,0.2490185684365159,0.025238001992757608,0.038608156389026115,0.09807742654517754,0.2336720993436426,0.14599174343016086,0.7528149984907346,0.1364069229600074,0.33753929314200554,0.03554783958456785,0.08902011962673302,0.26673406855385623,0.11621479747543774,0.05206888714817904,0.024433218343425874,0.8442470914773842,0.08428093996361652,0.022667980964790547,0.029169397748837957,0.7838075302071515,0.046751186247918824,0.039886176831522534
BACE1,0.024647293296943786,0.07330744419075422,0.022989016102270925,0.025250229404079248,0.022646147190605783,0.03945109835948748,0.15937394216426048,0.09962041406804892,0.01868165543320283,0.24100543054834053,0.4548060345789327,0.19397524370963187,0.3442240619686355,0.025758887173639312,0.019513346661503363,0.029359524584310803,0.0,0.08524354167285252,0.03342060524695101,0.20943986401768502,0.17414195165891555,0.02246584699999596,0.02553523188947666,0.10286799111239321,0.9995661167890324,0.48831631113633234,0.2947586863537508,0.3917473768278126,0.06300136612441821,0.09700084376047856,0.24242428473218866,0.035997997004553306,0.028202328362553375,0.08397218944232357,0.01875729822340913,0.1337825924405483,0.023013119574452037,0.07729597104673887,0.018715583879847137,0.22785170095393942,0.051893123688990746,0.13059015502731794,0.10420889847937535,0.07496795626223367,0.06248744799481607,0.10834192297403895,0.6279185683866964,0.03632006566962222,0.041226008216945186,0.16526039435769482,0.1465718613144429,0.036482159166642734,0.03912266130604792,0.09773235820750002,0.09933918187457992,0.029078521865615138,0.028238708258384666,0.12172418890825988,0.05801064838410835,0.08901316275188734,0.05412068556225539,0.22902855430789362,0.032475726285168496,0.1660669460584692,0.23895036575828868,0.29427596868519146,0.07379249370279718,0.08980624271346799,0.05372975355844746,0.049968076196640045,0.02830075340596109,0.15063840817837265,0.1607603709363617,0.02765479895604031,0.13603366496462868,0.13533782287479643,0.15659414235526137,0.5445812080385684,0.05121719380286712,0.057645773281438766
BIN1,0.03839606715025582,0.8693741747662306,0.07003145267482311,0.06363301002282754,0.09454419302670539,0.05335656341815997,0.2965358136390767,0.019838461240918193,0.020248302703715252,0.1298973900698226,0.15959894141275024,0.05221109593823727,0.11988375355770767,0.02096618100287366,0.049521077983978735,0.1019343030543156,0.17920968711806295,0.0,0.02549105503420509,0.020140298078659965,0.5210528517805385,0.17422623468893234,0.23103779569326166,0.017996157419716538,0.03891401360389824,0.0484733857468635,0.04981652450338189,0.12500693172897318,0.07903851234776585,0.15081861077481715,0.073667493809141,0.11339549371008653,0.03621594134589398,0.3825300813082365,0.1303612486806556,0.027354265533253954,0.47836769446551297,0.17261483143307071,0.2670121202012203,0.03732250803361705,0.024729885338891415,0.050507588254653575,0.054308694013170636,0.11873576355767104,0.34295133583297804,0.2702679008682744,0.018375881607543915,0.15271664894272832,0.024859508427502862,0.08504431667684267,0.04728104156591947,0.028862237915891317,0.08940287325617387,0.02152228665321362,0.05118232334294269,0.1999298093312837,0.16900648296889945,0.06509701082638061,0.04789541673772594,0.02130744191166337,0.13694755112204948,0.16448848988061354,0.08696841717847573,0.06578865414320359,0.0615127495522017,0.02219600490487512,0.29092647399597676,0.21563131826106044,0.020266067993301374,0.6339910703677611,0.19351613593710143,0.11779622265403442,0.029877336496925273,0.05424261407832087,0.0239746543989155,0.03215273229837941,0.23575618107077304,0.1288415872782086,0.4419251338453273,0.026059166323638226
CLU,0.05062393906892895,0.1423106691271083,0.26943323850240825,0.03863671627819928,0.06899422810662431,0.05855799094064165,0.020482133896045356,0.31300711196564995,0.4272841852021578,0.34095635125483903,0.39944493894104843,0.14778318664670415,0.24121334360818197,0.07565206582823958,0.15306241414140329,0.020006375841446253,0.04841785004836976,0.025987632354891092,0.0,0.020373667108312926,0.1892895298798529,0.054152097606937864,0.03632252036080705,0.0709868299445453,0.21937744928432223,0.023822635734861635,0.10208158853631916,0.10131651159101003,0.049917007446176394,0.023203111809797592,0.04529659200376857,0.1684877564708818,0.23695532376967549,0.025702742813314455,0.08890910314241884,0.06574201475844818,0.04332425606422039,0.06457300848075317,0.019250277953520144,0.018803581147366917,0.02180702324231679,0.05432151340806813,0.03191658022837283,0.09816007031960315,0.3887581589376415,0.0244665595781084,0.024880588404674945,0.03862419135044955,0.035193311439654,0.09804029697772158,0.2842260881080623,0.03144683775125932,0.07855784970970972,0.03417127860024186,0.05987104739140281,0.0983960330578075,0.10410538719144746,0.020461726645102443,0.03741815144070781,0.235557086709098,0.031005675307652476,0.03296601371887498,0.25511994149645734,0.05696510657927454,0.021467032604523723,0.057852621997756405,0.02517945766976092,0.049031094659727235,0.4388914003123201,0.03828626392166815,0.13150279925608754,0.02145548407926175,0.1544552700747646,0.04395617752763829,0.03226322939994547,0.05430140714395179,0.11757260481468287,0.06942066596771737,0.03956123540243898,0.05116838017351291
COPA,0.7329762869801468,0.06466330201921959,0.23309555049028752,0.29645876109911673,0.025377600753478842,0.029850028071901638,0.03053196266719791,0.3608570990418671,0.18984151159605228,0.11573808552092722,0.024945193665179496,0.12330190742795841,0.07312044591176227,0.6511750616826967,0.05567044360398836,0.13027570983916234,0.28476202804974904,0.01959363716236956,0.019667449901730413,0.0,0.16297291018534793,0.04164554055008592,0.19399358273584444,0.02025443780084399,0.19927515441016797,0.2871770291393041,0.02438321974058519,0.04631156937614363,0.0669160323364133,0.37415196028404973,0.17479335893166031,0.03250320048298437,0.023744894630386953,0.03271452186383492,0.0359523087466534,0.02903698785357691,0.41222262887084915,0.02093303488401799,0.6637291860464316,0.03045233231382071,0.09479130329403916,0.021892093319288857,0.5515489726803816,0.05951421191160761,0.23278883239474973,0.05795584052920027,0.08471184526672909,0.31902888308258404,0.038636942572585944,0.2220835781907949,0.06023997465801494,0.3133395344859799,0.030011296186424244,0.5562737966303006,0.179093852229275,0.03963680968035417,0.4172963422252089,0.47493744851065955,0.05024994399659032,0.8682384164697091,0.055625013567309506,0.06617771335763294,0.03278572493531828,0.020018110849772702,0.020352825234099595,0.05924762405161434,0.03817890095727982,0.12947448334041176,0.030110249147511,0.32214835296629524,0.02379194652468834,0.08090100352888457,0.019706920689354045,0.026091329456261962,0.08623882920938485,0.038197719048064196,0.7375038987172049,0.07626345242526959,0.08736920384424614,0.5514950336759791
COPB1,0.17436455973131124,0.1832071392965881,0.31760398932592854,0.3328269884470013,0.09970966813333508,0.03240423474987675,0.18118781705285314,0.3917055672831165,0.02641240856208177,0.04377169019133158,0.22224199478803128,0.03404944495000123,0.054449778569888314,0.10049835219112471,0.034371919206783313,0.07562594450239213,0.3233283319799041,0.39619965263327894,0.13157290727248508,0.2205730450480061,0.0,0.24987265197462422,0.8316941662180204,0.5936899526868733,0.87917276831455,0.9815907108612179,0.0644389516076201,0.019153880556145843,0.19441319750179098,0.029022955963138117,0.10870108729350889,0.03789987295183005,0.021211800977017286,0.35841199579082816,0.06041747186148341,0.0202333522059487,0.0680659032061995,0.10452371029804892,0.35209103787412055,0.03205806780155126,0.052934305504978206,0.04428997592970485,0.06440360301757478,0.02160271685905563,0.020909454142753706,0.019916383631157657,0.03699738220939225,0.1841650625485506,0.41688882689796614,0.5060881013596384,0.04530863327479927,0.06915602505502454,0.043857440099638316,0.07543408248754176,0.2718047244028644,0.2627702676637237,0.06139147971071513,0.07834004816757603,0.1322589895452309,0.1956248795051438,0.03668835346915193,0.0688973124629449,0.19557395497717137,0.32737695885432616,0.2473024428180046,0.07220556523984699,0.10075687348153087,0.06547772122997023,0.10152905837149058,0.11969691478612357,0.2532980816510513,0.20724101963792954,0.052261293576133815,0.018041763103098418,0.08011037062345885,0.022590854144725024,0.08802205920546814,0.023059872642113656,0.029120397790525755,0.4524934008918704
COPB2,0.11160748254957456,0.020898874959575174,0.06422047733034707,0.050448007996728966,0.035730061357920936,0.04470335124444536,0.057548106942334,0.23545339371589782,0.19275680031216494,0.14098862476946927,0.1460931789400385,0.022522684028791134,0.1468381976613881,0.488007793981611,0.03080323821708097,0.35917958663575467,0.024638147387552094,0.1509136614314561,0.04760517100596974,0.0503018427520283,0.2845973355640647,0.0,0.019665106988487564,0.10204455956502806,0.6209188018939737,0.02850755852359812,0.09779000255281686,0.2874234542096343,0.024802901193851687,0.03337155417240472,0.06127993410092226,0.2626946229338232,0.5756175745890748,0.019956350473313036,0.5471590332758696,0.05092837832739571,0.0618726221874981,0.03921698941513,0.26359216691550497,0.4596322802144328,0.028544791750045945,0.17491956462081376,0.11077194693619798,0.018203148039360885,0.16935673048289665,0.22232817986211925,0.043459492942994324,0.6041768504079876,0.5964259259929736,0.05346025025670072,0.03626598386018383,0.026661491958534008,0.08462327487166513,0.026523839368506455,0.1749859351667302,0.024670717888593575,0.10630899768406502,0.09134537847023368,0.383320536295841,0.04922493963273109,0.02314683946638457,0.021397995137094478,0.028270158478903233,0.13589967039223758,0.038580205811641524,0.04986259125720306,0.04998562657464277,0.06943638832125282,0.07148870269601917,0.027466532770852013,0.1698878591587234,0.35206229238737696,0.15378577445142752,0.0904574864663782,0.07904036713295572,0.07411527323081896,0.4889928749050179,0.037725627826963294,0.03839588742921977,0.061771653817590144
COPE,0.5525164512578922,0.034325740098266354,0.13705509129916543,0.05196515371744889,0.14124677358929244,0.041130239821108,0.20263237710224072,0.8729537943108344,0.39405484753329173,0.03690759513350192,0.05185003186354415,0.059343164789654866,0.1205872211504388,0.24850600270708192,0.05327337605967197,0.06426393539295144,0.02866070778012639,0.17435471200053218,0.032217954842733085,0.2641591095157245,0.829667998129935,0.019560012413317292,0.0,0.1785224559080245,0.17426500780313167,0.7170830953767631,0.0367794580632663,0.07832863627414283,0.05169786585343181,0.05959731386319969,0.028470213932545046,0.04725738347872735,0.022765513311981657,0.043182381162885794,0.145909985676229,0.01889478148362532,0.020928478520723427,0.03171377639938572,0.07417494585545152,0.14915476731059085,0.11382305060451199,0.025605481226225753,0.474459977964267,0.16214012977472678,0.03840611282120158,0.04141507790025741,0.03786342737724026,0.3758895362054293,0.2744045933250048,0.03283408837420716,0.11937412957004837,0.08125606154703661,0.1820843522294664,0.14974534193835354,0.03195573106384548,0.08119844915633113,0.0994418238686998,0.13570228645560253,0.033263168327784816,0.027632995542441002,0.9620800289502732,0.09188552384993162,0.022346903382683355,0.030347767721334643,0.024540793662491477,0.11512339927381272,0.028619509095019754,0.6213406213625311,0.11741077224001553,0.21931447485844222,0.11827023313838475,0.16283937475674176,0.044775596977042524,0.024425825671498983,0.05555800734536494,0.2812440075592916,0.05482479986663075,0.021106805072435928,0.28181743370791656,0.11640045758394513
COPG1,0.3161671008889927,0.025260060243433146,0.02024305709621017,0.9003888482383263,0.03225429056992245,0.0358958242569764,0.7548850422615941,0.07619121850970838,0.17260999559361961,0.09834317666904106,0.01829077462973766,0.4474487541010348,0.04714198568380389,0.05949307379335329,0.2008668301062442,0.023118842985431206,0.19653592636667153,0.01799543703042305,0.06038159692046571,0.020804960311507727,0.6538652545890641,0.10164310839268308,0.20188379437528597,0.0,0.18937559195543818,0.035596211684475916,0.13215541393159605,0.08305955589396288,0.035909559917469205,0.030755541224631238,0.08132221959850885,0.3785889387490559,0.07512793827072782,0.07457873212555906,0.3636403770114032,0.027924062559049622,0.019209021975678246,0.085693407667348,0.08114811501995156,0.04440108379667494,0.03678809952453686,0.04636649982776556,0.05107618472944159,0.3537753205159568,0.10082138938004513,0.31966076847462904,0.04410052451672175,0.4502583890574337,0.15203281537155713,0.04942938003820639,0.06278471523556965,0.05507048278789553,0.7052176721925975,0.058674051290480894,0.06196124485028375,0.0442355887053326,0.061528289657495815,0.05834293144824203,0.13841755817062243,0.1488421874629411,0.024839193808339575,0.06013831148705518,0.4633196554924777,0.1726668486647915,0.6007607291151699,0.19131415552705647,0.03216674866696437,0.022130039251629798,0.06684833713666699,0.018922899677943732,0.03125896524669637,0.15939773403927798,0.03905233394866867,0.02794130149262778,0.02915978896389282,0.04989156266960853,0.021711744530279103,0.057024820218370076,0.04274772927301961,0.032474125755598666
COPG2,0.9803125933281304,0.11241385636075604,0.06699975146132961,0.04178654288872051,0.060797869953267566,0.07658011344244693,0.05875460325193233,0.23621418307007278,0.9620418261401797,0.02607479795346649,0.27241766316765037,0.03309854271075922,0.020170804076652633,0.12750474200825634,0.018002481228364273,0.03361591830074381,0.9970355502580409,0.027529400262656784,0.07043073766860132,0.10841721495646066,0.43754170984893465,0.20626903092177626,0.07835565067305662,0.07631205956946341,0.0,0.20380089744713112,0.07888718937240267,0.032116626585067275,0.4847671076617595,0.18779480899947548,0.049300842907892564,0.30397326360039995,0.020785420427855885,0.266281208738179,0.1837848576842707,0.018718151776858268,0.024212567283305068,0.2004273223102436,0.1102007963798005,0.09153936525410293,0.26562843380546025,0.04561726887369014,0.2529622024223368,0.04831961052868861,0.040680314729715214,0.042269402667213005,0.13113953998632025,0.1872474858794521,0.031778042691616125,0.03661034554622146,0.1102944035322693,0.13106441022613008,0.02173594421965598,0.1733043611455771,0.0922351476557495,0.2754462670458669,0.11321287687674808,0.030055360345998438,0.055814454511385066,0.38393270357886916,0.02468246258876914,0.07103136863965923,0.07957480361351393,0.8799913375895259,0.06144750332915037,0.09485081433877032,0.021391238036045434,0.02427656667483053,0.02248228122357667,0.03674648640322175,0.02662928120761559,0.026105772013642947,0.02509255264359618,0.027073578341824743,0.17746785796148723,0.4588322148309549,0.2283128156943459,0.05332464420570778,0.05737591779206933,0.046070784256517845
COPZ1,0.15351521193796183,0.14631829958055032,0.2757378209948277,0.3556085087428683,0.05469369657141199,0.019407283105705435,0.021065075855101232,0.03676446643132193,0.3444910411918339,0.1472253658265436,0.04257799039121995,0.06706350976118385,0.018649060962637312,0.23418435934429382,0.02600368870982421,0.35942503930599773,0.641020849121143,0.03834363555004899,0.022026486256974148,0.29049392806174307,0.9489621431879518,0.026223897506999105,0.571975534093673,0.03150747834665931,0.4143676530919984,0.0,0.01807895052884946,0.028042678130065266,0.018953653630903636,0.09945847859188613,0.07419374371130623,0.030355773522582497,0.1643996015182327,0.0386922636727441,0.018809126360514183,0.03768786970668784,0.021520037338958457,0.09835451953794991,0.5790382781899184,0.05122101473695535,0.2786533068490039,0.2733172369746967,0.44116359569381614,0.2986835412418208,0.07243030765546273,0.21581321917905774,0.342249512220591,0.3885142715136219,0.0776128275125362,0.29324390881554724,0.12169147323619706,0.023164450862598395,0.020621742126848464,0.4210076475884531,0.05018762027189577,0.05002188279629215,0.21261009725010177,0.027324101747358182,0.030135321870032608,0.08498834368650661,0.30384387997386925,0.4367047633401865,0.672232135407562,0.28811313433954827,0.14759706792628724,0.019366721831810197,0.040660995771032396,0.11707385895487005,0.27604883416265225,0.03333879467348162,0.048398642798152675,0.02084085417890317,0.14368580119835705,0.04132599289122056,0.031367949784116965,0.07194447322614614,0.06520286678530929,0.050577072975581165,0.04595510643944741,0.09059820692768876
ECE1,0.07268918446973512,0.022895740585514638,0.031141068391928317,0.03370615965921053,0.13914042681271815,0.030581927412444265,0.028676699625455458,0.11335197575554101,0.6913750144796899,0.02003969973465945,0.04229244490490702,0.17516620035645247,0.050016601764310935,0.02726562586642883,0.030927888875942187,0.025249427523738942,0.6626671313183939,0.0488918019931332,0.09088928634195087,0.02667886843849359,0.07470078142136115,0.1068151224647261,0.04011193101664758,0.14685136376434704,0.22400618696926194,0.018105962272913223,0.0,0.05474474555288484,0.2821968853229079,0.496563284490141,0.02030848155091856,0.02708870758567059,0.5642026171874489,0.6446365280135798,0.018141219473999902,0.03677656826343315,0.0634505632226989,0.2436726724196164,0.018937817866045613,0.03642572219226899,0.04119486159556305,0.5416856535562995,0.03142073084597603,0.22707257136099046,0.08856164573700805,0.6109814246021442,0.24708169846225694,0.040022863494245685,0.15642047087778516,0.23070916123451793,0.07606723259924796,0.022437910976650488,0.33728813515467965,0.03022767574262194,0.12140338441251547,0.03643620525583897,0.01835198859688245,0.2565050058030958,0.05734415134809655,0.15335462663851915,0.07331696940934257,0.08312980865612384,0.0211660993902043,0.06763185516546454,0.4384912062639584,0.06764979289995217,0.09083465076560768,0.07819378658075468,0.04196658814175229,0.8828012811715199,0.04216724774249599,0.03231940333143303,0.018222916885438138,0.1655173501692846,0.06301959634332267,0.04154615639351871,0.15878886990337138,0.16228091535044611,0.030492213564385123,0.1106274626857334
EIF2S1,0.04003259865565556,0.11560096598540286,0.11632932913746907,0.14427261500249794,0.0220600896012754,0.028460543330117008,0.03422861227717956,0.019635610123596853,0.06770447023350452,0.028978843337676048,0.14256128471416182,0.01897504645963979,0.16622761560618673,0.0311270785716001,0.020362289298263607,0.5443072703625975,0.7650530576347626,0.11529642932914926,0.08664000918418606,0.05903327722589873,0.01926281140208041,0.30504761768897176,0.08927679375439326,0.08676311822773435,0.048997842477822656,0.03139539588989605,0.0531876822967916,0.0,0.08255824971923513,0.8104159844544792,0.13430569207794718,0.03342262900458474,0.3892300912380473,0.12016206611095441,0.031228340370593587,0.16522285735480874,0.05263721363559556,0.039468234678182015,0.1609275089225276,0.03794159762295545,0.09880846732182573,0.30187976962665664,0.03568217141680699,0.5945926513938844,0.06751144555958498,0.04669115887357991,0.10216372773104944,0.15642005094767159,0.1050308569724748,0.07086074248617773,0.026404299540998554,0.03653565696355304,0.9428792134827935,0.30960369906243396,0.3259298904067151,0.17217408613381915,0.023059640824067917,0.1093307719991718,0.04225440240386664,0.03342977991108367,0.2604241549689218,0.038548565971921064,0.1911843239330579,0.027059071067860114,0.2341193893292724,0.06195739829933261,0.05273055178701525,0.040300790046934314,0.04444478308764158,0.029854404661370352,0.44379166169608314,0.047436828281749915,0.048499845114752214,0.3992499896161903,0.09991321376127212,0.021475034507349503,0.07673856944758287,0.03183943535535152,0.0589162109572233,0.023298345861961375
GGA1,0.053067403041399924,0.05417156095250903,0.32042876550965566,0.01812240231007915,0.1552328018871615,0.09346193282952825,0.018574788289712478,0.08936146161335487,0.041867521212178536,0.15198885577336657,0.05503259511973886,0.029411802536450857,0.05063571183076423,0.6065110581032093,0.06660628048556913,0.04070214317107153,0.10758850065364933,0.07372160189819375,0.04520046524026636,0.09246910460463202,0.23130431541515595,0.024985899411307556,0.056632593184344784,0.03653966017581167,0.9440807215867851,0.019204153830938972,0.2635551667282863,0.0820451095811907,0.0,0.0974738315386814,0.024244452906422777,0.026015457862805968,0.0401611494686097,0.19867898025015215,0.021835750936266097,0.019457849912033864,0.06408149637826367,0.039428649264446336,0.11240220767212318,0.4603015058509116,0.03447932653360779,0.019339831918562193,0.6712426887589683,0.12995167751154058,0.4990304171810805,0.12117026969955998,0.04294153852274135,0.02027461149349666,0.02576961317736617,0.03752600177292571,0.04300565263788948,0.021486842266457896,0.17310015303620854,0.13977052688116182,0.368171603510072,0.02354945235244928,0.06115125605996925,0.22647916648071975,0.5271848293389756,0.03126348365742891,0.08742875601463364,0.0748213393731317,0.10068731448545043,0.8557530255195306,0.24463039812800028,0.0647365510503678,0.11579942400882134,0.0684250838337923,0.0667589755755626,0.0404116915534681,0.13152877223189882,0.037492926708183716,0.24727715448112972,0.049584373620970214,0.019247624838734143,0.0998482453785328,0.03783188805719854,0.1024810168169414,0.5060067826635343,0.01994027162402822
GGA2,0.7060118442922848,0.3663325966683521,0.6241953404823226,0.06849230815019913,0.02802597391581181,0.030352250268591077,0.06585045331477832,0.13393698658855732,0.1849773847795228,0.19326801885491887,0.022230478550605108,0.034922912686714325,0.11870420226262544,0.02529604730895107,0.047840435870249456,0.23020297176034782,0.1522264891421512,0.11149311889519045,0.022067293535636766,0.4757178683641683,0.028567710705455787,0.0315990229314776,0.05749420052353916,0.02936506771548452,0.47832774542486645,0.11934667857233397,0.363825509760378,0.6974649505895227,0.08167529360461265,0.0,0.09484008899537795,0.5933101522978331,0.8675361147195446,0.12429608196358322,0.1635336556106509,0.05574314760749519,0.5810166653370955,0.15071793421054283,0.030177299336996356,0.05288737596542684,0.052893293437192686,0.03676622617349423,0.020485402094058608,0.0647263617344027,0.026703403060699495,0.09165539430365353,0.02182872938029704,0.26469956592947363,0.11179314603970437,0.03733783549565029,0.03561051855641155,0.33215733731526365,0.021709692456214576,0.030262277181712885,0.3833245576957562,0.5621149409590288,0.11905904584275617,0.04956295118788521,0.1641416982977984,0.05382556240278222,0.06052597245380027,0.05279536345485713,0.018152716171377533,0.06720448195462653,0.06985121106302399,0.14407315831401837,0.022024361122509255,0.029263451866028283,0.02664403751841712,0.06919821338050773,0.10861554456758205,0.14557907288186459,0.08448376793295152,0.09799843988003079,0.04824975438786781,0.0328716816737133,0.49536181224286185,0.052692605129820456,0.38535647171204856,0.04006953116479164
GGA3,0.11199273536343927,0.018641544134074258,0.04434747222053052,0.03722124353015246,0.17607513580208103,0.05857585516966293,0.03773254303946407,0.07054474714401461,0.021842922551384692,0.0749309593556032,0.0231653879553691,0.05093314822206468,0.1640542434884129,0.02567978015144624,0.08780166330385272,0.027024797904086465,0.5629846960009054,0.07130277971938807,0.042294833567124226,0.30117228659107603,0.13146548861668267,0.06501548876272763,0.03002866828102843,0.08768496961006794,0.10439908939435852,0.10855380940070501,0.020295394035450942,0.13980248826889435,0.024433723331783355,0.12021319788171649,0.0,0.10224365918544749,0.46049229939655717,0.0499106402249449,0.06201099230110015,0.01912249797458281,0.20497783716583237,0.028073483417475,0.31403383043566296,0.08278076065623678,0.27064993412082494,0.32244913411130227,0.02182670701149312,0.14378414663447653,0.07076277630357697,0.8534747543379947,0.10861115486141387,0.1710618234481124,0.21869487678165955,0.04438031196723182,0.07238710749804995,0.034116372545820076,0.2561869563662119,0.11712624334467397,0.08706082950815075,0.02625724257953759,0.7628508804026725,0.03890615029317084,0.03096318343318315,0.05996523505433253,0.08883069485399754,0.6075969141698923,0.0615567152095043,0.0391158235567058,0.022817118777580667,0.022536419786952488,0.02809700076724246,0.03694839579148711,0.03885608887076354,0.15189311387774912,0.09146203017999037,0.12115543714671537,0.018825102920695978,0.03277954510730162,0.09604904471878248,0.6633212805723754,0.21458377245421364,0.1952708220126312,0.20173594434911327,0.03527542919787079
GORASP1,0.25349927818532497,0.02906836947187984,0.23675340110330492,0.04835599897008781,0.08998068288535417,0.11696463491351207,0.020962329356510514,0.2996192192898516,0.9218441213082603,0.06935124575584903,0.14834912819366683,0.024788351138016956,0.06661557995244663,0.06368621560502181,0.018957660808801548,0.9605746187657709,0.04412077502103557,0.08749031970326543,0.11299325017117308,0.034991476203445844,0.0371274448428397,0.21732823408119278,0.046129805661495146,0.3138546159604862,0.7153644494096264,0.032307381041951695,0.025669166040129806,0.031267827772294046,0.02503436657824565,0.5990889596155181,0.08277040125618171,0.0,0.031724225426036465,0.05452779359157793,0.031237608931871937,0.08311462141780099,0.09747376942256582,0.23442071977768753,0.06678632440772689,0.4777454944130086,0.17803393121983985,0.02461187311937351,0.06219645049566966,0.04222664619411726,0.0560101241832366,0.06667879131024224,0.05359451138183325,0.0810301799052609,0.04062050828494022,0.42529884106037913,0.21166043808622625,0.2976081157698215,0.13318938583708567,0.10228417907032605,0.7425156430396117,0.10467868668311676,0.20120449949568445,0.12552914275591728,0.06156542591586857,0.04749749593135126,0.02982769623130833,0.019414677803381877,0.05975306812543467,0.504368181456309,0.026730808426022174,0.053756979567638995,0.5626362621085484,0.066168032069443,0.04468143538653659,0.029337229588345226,0.37540149457272404,0.03216997630156542,0.24445178326592362,0.4333810123854248,0.05830547117809788,0.025519050602185542,0.4292546323710989,0.03592569058706298,0.06569021802709288,0.025145897927923273
HSPA5,0.0707340392210577,0.22745341801041125,0.08421360014318784,0.04520317535926735,0.0411038347347985,0.02412799818005565,0.02821473169095303,0.11709791601332617,0.04161652411523072,0.020771069156637137,0.11537347531024604,0.1790054201015514,0.5153396416796725,0.02190743788358704,0.05371753752125921,0.2729208597829866,0.03346272644462472,0.033980371606506445,0.17295247356647095,0.025098629140111645,0.021339350756455433,0.5508841497091489,0.0229755822691418,0.07298243005990956,0.022843986981275932,0.23776782977018848,0.4852074617175668,0.34847697214930684,0.03874362784272497,0.9091163089002597,0.39514581642197666,0.03292828157327702,0.0,0.819324291657713,0.21273044679599679,0.06575126300865829,0.021868916262060275,0.7371751427278329,0.027307613414346576,0.06609388084700714,0.03944225886531727,0.350544551358699,0.9506530156932814,0.14905130239732617,0.032353753923565945,0.019875575651610834,0.02986387812563626,0.07279734704287197,0.05443242926488693,0.019524900222921547,0.019265988013649645,0.045438852109403315,0.026156129216015404,0.01999688581434581,0.018985144149999092,0.031078662307670438,0.2448986654615313,0.03916715376542034,0.6447255008583661,0.1537790001149176,0.023266343742233075,0.6107499946150972,0.02598843701998394,0.12167552077381326,0.6683759279683176,0.07780291236024274,0.06255618530462735,0.02042068189813391,0.04027728001284983,0.0950805192698571,0.030047062821350248,0.038883102692736655,0.0544916295768627,0.03449729742551652,0.08744954768618395,0.2567070389214342,0.13723507983466,0.11372336276659747,0.1588869512578855,0.027046674895327444
HSPA9,0.06699818609761066,0.08916038376381308,0.20726290802646663,0.022372453086960318,0.17085252385759359,0.021112005001702315,0.047567480726570625,0.1289334367239189,0.15651838325332249,0.06560360165276787,0.08982309573504627,0.06162334475765817,0.470892328080878,0.031174319481435155,0.03986051909600516,0.21286856701967347,0.12797259887362752,0.26636123460006406,0.023967850933967586,0.0351511193225887,0.3337374005823785,0.01977534298761095,0.04209956896614915,0.06628954254375673,0.6491604879878842,0.04221752309326381,0.49315545359146357,0.09832605075657368,0.1575561190979536,0.12460181721772162,0.04376033884416905,0.054286405378022436,0.7592255021581157,0.0,0.05406351084451754,0.1010875429325798,0.019938172842818756,0.03438023022268819,0.0992415994928553,0.02819243862006585,0.3556722764283768,0.6918867796143704,0.5340365398687708,0.10769849471199656,0.04984556346549114,0.04325974442657788,0.12957617039391367,0.02097461506149455,0.132292776249043,0.06915766522493513,0.0363014467296321,0.030512568738566562,0.19404768213472906,0.035968096375204164,0.0923118157962524,0.023192400916793036,0.04646987811894935,0.03469087231859498,0.050469600273698546,0.06844041118530886,0.25557892385280256,0.31458445772151555,0.042321711184975436,0.0680693497959763,0.028810235581637915,0.018369728482704215,0.0250428024774376,0.07507612182244684,0.19669146803250578,0.03712702805666452,0.06773186315533104,0.03293139391958576,0.036417498581618794,0.029429841152363356,0.04780958611276737,0.1058300568475272,0.11478813027646605,0.19944645363779498,0.12708894100747212,0.06887765461226901
IDE,0.06986814771213024,0.462946199713317,0.03112974822117949,0.3334099281696797,0.02555309001671941,0.056225336102510105,0.2391373496656231,0.06763978537340067,0.16512042325972084,0.026980153193630414,0.2148712434735507,0.01805396501149159,0.21901174548645114,0.026039139548904543,0.08682290147554805,0.09539868696956495,0.01900605866223458,0.10095478630296505,0.0670512371425668,0.03957144096136687,0.05931776629517078,0.47157772535655323,0.14232444363074706,0.30986407288761153,0.4857920772596115,0.018922381668192385,0.018122402006345507,0.029611023476849414,0.021445504442262796,0.16954294216245577,0.053878360751766864,0.03145627940918593,0.1910041221526369,0.05505506230883201,0.0,0.018578339027330016,0.05111358491126796,0.021423215189086037,0.3851098783551062,0.04595695378924963,0.22188294630922337,0.2060227789840964,0.32263065150592873,0.06843946180890953,0.07216682843119493,0.13851598313916275,0.031972804617113756,0.030000222782218346,0.8795538643984856,0.10152327426647559,0.0541364939836267,0.07374194289021163,0.11945578412664754,0.1627751500509692,0.2744144427501325,0.06247042440341422,0.021114740978270843,0.04825526219651619,0.034067028915230266,0.019457443470168676,0.13670304793212665,0.021248684266669773,0.1268599230855503,0.06688090743535849,0.03220760611643205,0.027196211259298463,0.4116228490360538,0.031177917304289846,0.05099896153956937,0.31432138184864444,0.3241754982349585,0.046861010775005096,0.018511095855519584,0.14374831695170703,0.9017996408695617,0.018345824857489017,0.025954391025465498,0.22036067762508596,0.026756230123401756,0.026780925318131654
ITPR1,0.02091551738590285,0.03066619837981172,0.02200153371751404,0.02333844696881275,0.15781178004368107,0.12581200778301954,0.02498379222158063,0.044361831584917924,0.05086055444123542,0.11516737496785841,0.14378118680170343,0.04573752858556337,0.24506044490366596,0.030460206331795043,0.1910575878142914,0.09212847388823908,0.3705287600079888,0.028145490616493542,0.06675351843782583,0.03531100456192785,0.02076182674766609,0.05925127377273602,0.019102956105524926,0.029839267290898367,0.019437824206448996,0.050580360583960884,0.039158231478281624,0.20783860991372774,0.019647160689529694,0.0742001777908844,0.01923358039031099,0.11983800164106206,0.08193965693868763,0.1526172496141262,0.018722422392782233,0.0,0.0651999707228664,0.07354226545880252,0.026863594386957165,0.11867334882618112,0.023053124352933448,0.01898771259019035,0.0823112515353724,0.0797370281999563,0.2379370002903452,0.03712878737579378,0.10278172806845283,0.05200130706680307,0.06745936667939263,0.02065492654308712,0.030819322549845107,0.0647793394435826,0.061261562242496126,0.034746414909974196,0.040874797518816244,0.018138998327890156,0.027069371975023283,0.025749328081278697,0.3232435849832335,0.05262747927648278,0.03666520772168332,0.020975377931094656,0.22355065464342153,0.036730371720359915,0.039588896044151715,0.02412723523974017,0.028071876286695097,0.08627542055804081,0.06858497685009815,0.026443045023592213,0.280845632919131,0.08748824259771489,0.040153642717400594,0.028267923091072657,0.044450453974582756,0.035497522585455125,0.05363815117201085,0.024867467428068838,0.025295292555329495,0.02641285261428325
ITPR2,0.04748159082092277,0.138397805434915,0.9190991293801679,0.1323339368168525,0.029407358726838324,0.23658361407185366,0.0284151511325166,0.025860003903913333,0.3922815418977006,0.09375330249971509,0.16426324341965615,0.0938443595288178,0.11736310040828914,0.0981417786775889,0.17122273940073895,0.023008600930781276,0.025500093740128762,0.4116281642785352,0.0391012034069937,0.6189529831914098,0.07374420068201985,0.06195301447273787,0.02113553310008433,0.01921343327023996,0.02973989837369087,0.022400326217214293,0.05957179647753342,0.05124022345513095,0.06241054508615846,0.6802121650710428,0.1857377050788731,0.11296395562521028,0.021975927138272584,0.020138965450642005,0.05541631347084301,0.055460767591626825,0.0,0.018615767026971486,0.5666462163295038,0.034642316850925024,0.04553433882646276,0.0923369972822234,0.034893492946779216,0.3227247420010807,0.08433368298902993,0.09524934021970509,0.02205952377881807,0.1845082005100809,0.17357883415331682,0.03977871587548399,0.0222331158213741,0.02541531552608088,0.0599221672824045,0.12180713112692232,0.24599014542637243,0.01864208862181136,0.04609939806228843,0.15929980597489762,0.02789560534112468,0.16657032521344883,0.020630408220448954,0.125998542546503,0.06990106317937375,0.8415123896863387,0.035833244087185086,0.037384798149046675,0.09450400665505486,0.019624045678792945,0.04350840973050674,0.03127148182715847,0.05953293262818437,0.10562240128218932,0.16782075697277543,0.027774307535038862,0.08448500683001016,0.033183733438245225,0.035854379141551596,0.024264936861691153,0.02131463149435019,0.04843117716289062
LRP1,0.9501252034001569,0.18525779233215495,0.043188076471313036,0.15857993920674315,0.04669479167304431,0.04681797711045788,0.04170371464975238,0.11427856307387305,0.06581863071283706,0.03469713921557488,0.18659265215295884,0.04315846155327816,0.020580448511355934,0.3576150202686651,0.05187917251701504,0.04353868838995174,0.13455865605557205,0.14761850603518578,0.05523966545398866,0.021644346797501383,0.11424837431967137,0.03901065406159374,0.032740591017870996,0.08512499188629352,0.599166094095931,0.13785456029853876,0.21390746575459169,0.03846113789623127,0.038547536343098286,0.17884086290383686,0.02741159609894797,0.27962583710181094,0.75331905315087,0.03639156434465275,0.021688769777047538,0.061086430693695425,0.018610695282508003,0.0,0.15793477988713317,0.07104094840410338,0.17006521046838588,0.03361483847931661,0.032086017916374505,0.23213733947055734,0.023930180987241836,0.04227651244191011,0.1647999277282593,0.019151131387162894,0.03183436378983792,0.17871911210177552,0.07314543845361227,0.06522267084729519,0.456277451426522,0.22516549316179524,0.0676043660866056,0.21956682937332966,0.07933183750320068,0.035599345395639706,0.053377416602618764,0.38536353539195434,0.024325382025531455,0.07511079829714616,0.5678584076310279,0.022876053573965213,0.10817540121349287,0.07200199577421999,0.0412069210954516,0.04484401278877129,0.21182943836128423,0.021424966349398257,0.020549385675307383,0.019622365599967922,0.15910763997925423,0.068919412690263,0.050439134857688105,0.02292074974207476,0.028746694382258055,0.03253481871695778,0.0718812766207683,0.03616687219445052
MAP2K3,0.7118074108443958,0.018019645744711904,0.1734013101939769,0.04405127147896874,0.01871223787300017,0.03868347393561062,0.03805389722008636,0.021095655420793696,0.40214526810476936,0.02049693040313199,0.05076661452136186,0.02172498842598075,0.44845562222757657,0.17124251696495932,0.02125693759072121,0.1188694990653346,0.018827521431678516,0.1489897695765982,0.01888167866231703,0.6615601113086456,0.25369656430834175,0.16988469262768266,0.061503012143318166,0.0618246599649378,0.20245152507765948,0.5713773648307956,0.018714067415250044,0.1049104627565518,0.07832534718921022,0.0285352873880628,0.18088092527653357,0.05775885171930332,0.025458130873466194,0.08294284199736257,0.2872879699656438,0.023890241327708377,0.36858763693058094,0.10927573752472214,0.0,0.0339377201329852,0.09696326922984035,0.023546528314149717,0.051660637625020114,0.350606248448865,0.1423827269939341,0.02004096259494414,0.12531818901399994,0.167111633904719,0.33070746806374945,0.11801073187985968,0.03780022416317971,0.046902954301637455,0.05939148115180123,0.08115785093647944,0.0543341940964999,0.022599248577875028,0.12173761148415845,0.058342968418241756,0.8805759904399874,0.08429908816736753,0.08011871164795192,0.04718149274544609,0.7887180981936436,0.2551707004586199,0.15279518727958763,0.038707908173404075,0.01965257008065165,0.08905802369250126,0.035851712587712505,0.018092506525742916,0.028578127929425216,0.3302879595730951,0.1244039330455008,0.08808674906372849,0.5319307620899247,0.5305734086589344,0.45019659884626645,0.07741631875813147,0.06789310141559374,0.32013658775619785
MAPK14,0.18156188808234106,0.08220742115370702,0.10562646194485009,0.02494992470588023,0.05978228082324211,0.08813130100962883,0.07053453048498258,0.06589348669925883,0.5519624127523162,0.31792616990079603,0.03087278521289776,0.047619856969281484,0.94042664002742,0.023914176390936376,0.14821821525372758,0.16398469893867823,0.45431341233299627,0.03475508735978018,0.018681975058281706,0.033654218802482073,0.03259084111476361,0.43065640892153845,0.15838381673290275,0.043298979756586795,0.23149829532604718,0.06187828350880234,0.03441161136067572,0.036394370809458544,0.4109262217153451,0.05658436665141247,0.07397942620441567,0.5346945653548452,0.06548029635670144,0.028992852294367998,0.04790355703503156,0.08973684362739753,0.033938084186340416,0.06882066716036453,0.038332767062451034,0.0,0.03694496953132465,0.021138756216476408,0.06219060712732048,0.06169371710817296,0.38462498255038513,0.07902258067094547,0.018198067205389537,0.046749355422154706,0.8438768737527457,0.021010148969809468,0.15084665320651827,0.03431434104195857,0.7280103986972878,0.575223124620943,0.08551111194285448,0.12034526987197706,0.018812840448335234,0.6975868168384757,0.098352147686046,0.09887723869635183,0.13933394247163328,0.11408686480778957,0.19354823152473022,0.06999792427864227,0.030969925526762577,0.04880310501616512,0.0795447704329323,0.034936053685839345,0.04431804795831793,0.041247943207415885,0.05217002196775148,0.3206808737225572,0.05682030604644994,0.06810593047940043,0.018057637014960715,0.08449319317045521,0.034155702623267566,0.07815403331670623,0.08146134144115942,0.024947883664821258
MAPKAPK2,0.02059119913915653,0.022441036641762516,0.3768459185554788,0.027694047613631784,0.019295340913558254,0.04684094292336407,0.04107980032457085,0.033640156622362555,0.13099571211449704,0.0526732135729829,0.04048911798177941,0.2881795425844125,0.07601710765234782,0.18705752728036978,0.03072893639562023,0.6494062909567606,0.08060789251991189,0.02425558928399603,0.02134876011817663,0.1375228869887952,0.05708685890428716,0.028673911390946098,0.12927661551763292,0.03710878429105425,0.750871642128198,0.4413830858375917,0.03976785953502263,0.09612467555882863,0.034195119101781475,0.05928948118048711,0.24869307205323785,0.21811216056363142,0.040494963308928204,0.44276951388502883,0.26666941190541243,0.022371944119208596,0.045899339600314205,0.1758664878996117,0.14180748295020865,0.03805709346332481,0.0,0.04609125566686914,0.032915432429657075,0.032534099139903724,0.021248403179669466,0.22746638407512157,0.027346135643055502,0.02501626878319024,0.13334215300766564,0.02788559537291448,0.17520156192009853,0.048033715991370005,0.2058863766300581,0.08320782161738516,0.055132592139054394,0.29807563611509014,0.9195682894376671,0.5279815913565777,0.020049066478096983,0.01941841829364738,0.04825547097449378,0.10494053147999101,0.02558364128991544,0.09115895032079063,0.02314250652439929,0.02033241379197958,0.08965564339496396,0.18509573056448395,0.03042810477287001,0.7946035699465912,0.024731704392605695,0.0674499713055301,0.018501580842477813,0.030337821083243455,0.12708311367915803,0.2394309067695726,0.10274924917078465,0.05801086495717918,0.36210190526766095,0.13026357810521688
MFN2,0.10914695575403335,0.17250656776506923,0.20687988491249787,0.18521041686539327,0.41033814881263997,0.027056444272586928,0.12279399752004873,0.026741561706853347,0.1019732883087181,0.04745864516364217,0.1474338850594571,0.051974252478195405,0.14704819271279213,0.027714666613250994,0.0352826296687983,0.30951693834577026,0.2772959993347913,0.047963246085306235,0.048690102331987055,0.023011516201289644,0.04767185616849145,0.18232832944028765,0.0263904456831668,0.047373213051165354,0.08774491534179826,0.44308783647537847,0.5075446083970764,0.2975375231750366,0.0193366268206123,0.040026369037980174,0.30306190462127996,0.025505763550827242,0.38597268350820424,0.7990226074687078,0.2528558087644238,0.018873148721608137,0.09518079194233477,0.0341960282069272,0.025227956440532474,0.021319510250155032,0.04654928390850819,0.0,0.048013279331249346,0.04044012995531674,0.022503587848248376,0.14982859357881492,0.022593527289311167,0.36584614389410985,0.14353557575762116,0.01897413345118585,0.08891638124107877,0.050372368360122564,0.018449563770753966,0.019464045687110382,0.04028100187288924,0.03110846664578367,0.18488152000561955,0.5229575513142349,0.5972482861345466,0.2457230276673718,0.041773455610399,0.022452325447561722,0.03441260296577679,0.542730680439234,0.08273584633462415,0.03252012998583075,0.058030031866557495,0.02444669406656492,0.08748498139859907,0.2266047176144993,0.3131900316194664,0.04135202304531423,0.06969748905721404,0.0801661921612307,0.18845372900235968,0.03892936087544041,0.023129946787587712,0.03540784372592713,0.027832867283280566,0.07110534500117592
MIA3,0.13828183565753613,0.03546055687244071,0.15167314863699802,0.027126690252384445,0.019449961815346178,0.05739435447483647,0.048630408365329794,0.05692717196624178,0.05570169697710546,0.035312705512978604,0.02565002841711224,0.023840757663107066,0.030965770581640618,0.10735356878268085,0.021678269254047908,0.15931913129988245,0.16405674374118104,0.0457544936978323,0.028441775285404997,0.6644072806643535,0.06137005073642367,0.09417506402378312,0.43926341959802706,0.046471676887788166,0.6167482746940648,0.5418216453551046,0.02904573196341761,0.03292489532427266,0.5432435868141586,0.020469852572136932,0.021255796424075313,0.061356284919300445,0.9207627573972759,0.5266142163042103,0.3059934337445794,0.06021245589009053,0.032775736233082824,0.03050246436485883,0.05818669160136979,0.05743561854126391,0.030940831713374632,0.04306011434274277,0.0,0.018144105224708846,0.09245072071597313,0.019582480495443123,0.0344972559190434,0.2413148241518393,0.7619486641519441,0.03640379035863075,0.05870305728312883,0.044446113671973014,0.04846638557116239,0.08307362095305125,0.024916423188383677,0.19094916995627112,0.17774662583690326,0.18111262296988104,0.01835335133593291,0.7144522926639172,0.6114638822312124,0.021043076932887376,0.06688170854656265,0.0303386311869506,0.6655765384325226,0.1689810084460983,0.021150472863850533,0.057610957275045394,0.10189696090043118,0.042706294971141916,0.026660953268534106,0.16166762673269539,0.3793113111758827,0.047657073787854144,0.14144883191786498,0.02090431573951545,0.10725755145659016,0.7389576497101773,0.020330715747199576,0.024907827100226453
NCSTN,0.8306630129807917,0.09718029453456192,0.020903079623696218,0.0401141679377371,0.01935266399407919,0.036087503038264364,0.09059339885908084,0.16749004153343397,0.043674375544400804,0.14696162991077455,0.038231433673072336,0.04704441042943009,0.04788497295286574,0.08374899040909076,0.2265936590760843,0.025344281629770805,0.1001664376412809,0.08237692302572447,0.06567101030595833,0.06329168532903003,0.021246400605484612,0.018171891038970853,0.13572679331849768,0.25302665208441677,0.07444571878025256,0.3308364260797504,0.14838395226004017,0.4145233256465733,0.09599023885201312,0.06008635965448405,0.10049588327274273,0.03998326399898699,0.11717170022846525,0.09713919010714199,0.06196205411682105,0.0551294795545038,0.22944320457277356,0.17056160849198546,0.3941161210409459,0.05362664281196007,0.02975463734939596,0.03555249812398355,0.018135520024781686,0.0,0.021737746030879662,0.25257151711432557,0.3855021533738223,0.10900262101336211,0.02699427398178348,0.39978954347897844,0.049813247029696445,0.021466094664658684,0.0813484949202628,0.037182242312781486,0.14444553238936741,0.03344078054227887,0.6682581935181084,0.30391482304739076,0.19051843210874284,0.03335216263763549,0.15719483226557615,0.1257801179007567,0.14507401854431198,0.019691896361365997,0.2383856558636011,0.02231473778614758,0.05144393257608982,0.023985076301976146,0.45322715159821286,0.42409795772803865,0.11687056245752517,0.06302503373592112,0.0756386013712612,0.023636972930269385,0.06766435097278192,0.021029952203070044,0.2502949787217668,0.19885495196515052,0.055573563187718174,0.0215875600385554
OSBP,0.16507734012911135,0.041325935838342376,0.026646082851099852,0.040481498083022247,0.050929915269221165,0.0862579416524554,0.052064098793562226,0.13615705193494954,0.30708662273907217,0.026912413565906526,0.07206505238494523,0.7504506844172031,0.02244333840392417,0.2895318001986221,0.28441099434417444,0.06659772554024007,0.09634702849099672,0.26868369444268114,0.2706047955033601,0.33667963886078706,0.020977614905997182,0.15709345517800608,0.03911135193161676,0.09522345483299006,0.06718267162040659,0.09169520335048358,0.0774354516245293,0.06226831215170422,0.4404880931640439,0.027306140833266275,0.06338216997677618,0.059265655090547785,0.032086409866012744,0.052676083151092394,0.07591284825249774,0.1646808100786399,0.07967651085106792,0.023722421111117182,0.20001048186273293,0.37886776004263023,0.02108411380663547,0.02221999462663315,0.10192620381448461,0.022252590050124324,0.0,0.09450232594200834,0.5846021456155016,0.19196905442102208,0.02049692612283329,0.15760854072204758,0.11317687260589358,0.03991134695136067,0.03896272695970987,0.05186735686314232,0.02595758063775078,0.6785150926527584,0.03826067889422126,0.5727357005499901,0.14479584187631142,0.15414746016818254,0.2967475345183976,0.10352693622924267,0.034434354048867494,0.03399076157080157,0.12132993669398141,0.1663465465559552,0.03317641491711741,0.11673842821188639,0.02615377626961159,0.06415609246733817,0.03530213218290374,0.05545923267207678,0.10713968908092263,0.049838878749823776,0.03493317588176039,0.1446813847025639,0.39276571688141604,0.5062376366261835,0.2552085960604427,0.018143713965094302
PICALM,0.1647448603923697,0.31842026779949884,0.018872438924762387,0.03500485152837221,0.02139832860158659,0.029884101317760002,0.07986813794477153,0.4031199597009792,0.020592787566997305,0.04023842946143943,0.7818555266757583,0.05877754418440613,0.3435135749662014,0.027023186790317944,0.037436663131899674,0.06431237121596256,0.17853666326158593,0.1947094590859007,0.02310217580579095,0.06751036906742994,0.01987467757845153,0.18786866021018378,0.04080422372571712,0.26930121189151235,0.06755399507077013,0.28047101158242616,0.4732937875441767,0.042437740715459756,0.10167228536823578,0.09353169582078283,0.7438877855987818,0.06732225551258857,0.019766802223594938,0.04369950573856547,0.13719793150717746,0.03223277776081624,0.08411690148338684,0.03982881809361589,0.020339184875863302,0.07379772309649564,0.18821297087839547,0.12426437386544271,0.019614186939230158,0.29747303659522156,0.08852431758706508,0.0,0.02415726773920006,0.03715114938063907,0.050242538674736055,0.8297104994945437,0.06082671855262964,0.07856829535122235,0.17507337299913087,0.08081755695697562,0.49462989427583265,0.027464788382594512,0.21718880179540867,0.22723429095968772,0.18181532077756085,0.07398603380972095,0.07301099540861383,0.09477891144383511,0.22706681323339606,0.9243942094065566,0.8661789132523526,0.025114381305558063,0.2624517346679511,0.0862549813557226,0.03354073063411172,0.15006427231342648,0.027468356013974606,0.026375742627501596,0.028900402906767948,0.22726581592511536,0.05426260589374864,0.0832682032809157,0.05846215946372216,0.037776116683021284,0.215044024056353,0.022848788724222264
PLCG2,0.05018848375071109,0.21298866983876583,0.051426099350159224,0.08425940331023243,0.03285993252165436,0.024814238217847263,0.02048148984433933,0.6217377030661811,0.023215172592952648,0.0204798915671271,0.07124407100457165,0.27422159931691087,0.36007020097184067,0.2449005676570133,0.037579709819036286,0.040531837192480664,0.9256267929878473,0.018354791870557805,0.024062267066861917,0.12202774365716845,0.039171118359447074,0.04413787588138003,0.0402423477174417,0.04489721034334564,0.4101517719773026,0.5411480781337702,0.2285150947634218,0.1006221881204347,0.042757201846803414,0.02232881912723829,0.10316574896038722,0.06032720700388661,0.03050489213126932,0.1594623380923543,0.03379483587301699,0.08502157065473978,0.022134831834245017,0.1730924301015413,0.19444830550844674,0.0182087093821256,0.02743658659842975,0.02257946349602955,0.03736183381130108,0.5495031008182377,0.6434108408843779,0.02489840653647173,0.0,0.04681198470227566,0.12642972364669017,0.14571192340521213,0.1296751690161932,0.11516883618835214,0.046195276731905044,0.0581293142967051,0.16869539818779597,0.019672444941764042,0.1328282372394748,0.03248784801943,0.01833184712295517,0.06131643319736104,0.018964932457609548,0.08279675164925387,0.029173997109244506,0.08885753599376138,0.04034202443483887,0.3617851142737666,0.17666466398609082,0.13686854299015858,0.026370698305866396,0.030978504497831356,0.18514795146429755,0.5358626332641212,0.26161446826542345,0.22651196411408916,0.025701439874675654,0.3175036166801973,0.021593788865444784,0.08768799381439779,0.03487721736884095,0.03693924758672511
PLG,0.01911006116585165,0.27150693294345407,0.11609199409073175,0.2616656642828026,0.041671291044428314,0.3524865755739761,0.11721992440203534,0.020783062543876924,0.04625532570434288,0.024523472224199476,0.02150659926009225,0.12375373252613572,0.3608001325712698,0.16129747955378848,0.02217800293024251,0.030861158867912866,0.04335250549928223,0.10758788477588449,0.03271299602002213,0.38494208486042786,0.16277693634029,0.4800180788027642,0.33043190770365044,0.34896339734401166,0.4505950624913317,0.46087864618101443,0.035257447628496905,0.11889695955100638,0.019953138805897927,0.2492797866121684,0.12399790401205751,0.077315614731507,0.064216609352825,0.02088322629844665,0.02932781080100863,0.04093867951977219,0.14500531962273208,0.019022336042587632,0.19989282453548296,0.04312670760431305,0.0240299609335929,0.2681344034819662,0.23030743718030008,0.11555502440440016,0.16236963951983488,0.03610769846863801,0.041442260853683306,0.0,0.21261800471487155,0.03383381396618619,0.051400191929323484,0.1693073868219116,0.04222275418439367,0.04499140776477997,0.05869351173602333,0.022642651722983735,0.3340040855710022,0.08290015032958775,0.4685047137586133,0.20957046016049918,0.051703187939981854,0.22340427041165944,0.047865131377785995,0.48639111201467977,0.22187907304119134,0.036769154683214074,0.15008129998417374,0.02771761377222772,0.06618432679655303,0.12353677946498218,0.11719619716381995,0.08929320419927098,0.09241194371229233,0.022581225260533053,0.16425680990150515,0.02258193978459621,0.1558725569577477,0.024736869620793557,0.035062715964868825,0.02878225923630325
PREB,0.11049298709219714,0.0598324924698182,0.019883965822373763,0.0435884204894255,0.0274175705553363,0.053150289012544254,0.01833409436428045,0.12785102696395936,0.11565623416977786,0.025498286037898915,0.3226512550238889,0.5055268316731737,0.022220266363417566,0.07896524989617132,0.09693195263941821,0.024738191473245956,0.04557565198672274,0.022836954951997612,0.028778504179458358,0.03789403508011466,0.28549479244012643,0.3729670111261215,0.1905384584779344,0.1009007037761301,0.03854385202875153,0.07432178017486522,0.0943947653555272,0.07130903871719678,0.02377220604323261,0.08924941646794106,0.12555700533647807,0.0364457802195132,0.044341129207624626,0.10353637868028771,0.7534449244149654,0.04511706662360165,0.1122225685818403,0.028389144985108177,0.3136819298100484,0.6571566173275504,0.08872469187516882,0.0927448923668876,0.626991999251428,0.026192216393652767,0.020029860083971614,0.04356353819453515,0.08393192615156643,0.16891361191136536,0.0,0.0521701794363459,0.02570198608701537,0.023518255784404356,0.3543398432930071,0.06700454838488729,0.02539563303059861,0.0410262859779647,0.2215496989446872,0.03506647837059306,0.07627523495433051,0.09042433871653041,0.08274016880610603,0.11019011156158802,0.0807229263331319,0.036185331822924695,0.5654444218558713,0.07756712249697578,0.02145557280106252,0.05903642884400779,0.08513081409489631,0.032081911316543525,0.036973644355547876,0.35654670205357647,0.0473339519877183,0.0729572095546454,0.028467191051171778,0.11870854117497669,0.05042253103567483,0.05259656768335336,0.022505319399658903,0.027578475300484136
PSEN1,0.028156633759924936,0.23085817903423475,0.23459921471333908,0.25609674391830656,0.01826545414955413,0.03160868940306763,0.018598076858275962,0.018882882922058298,0.01962940661788789,0.3075837409314701,0.34102198329440925,0.2744484942627036,0.060478940935319817,0.13242925462335167,0.022520645192689762,0.02609243081820781,0.3439977785208329,0.07603881325206215,0.08022017631585268,0.3448539116411032,0.5618607864352518,0.05316846719659112,0.03399952728225044,0.04929542034164312,0.05897357651116799,0.4490791965552794,0.20352226702525408,0.06794840797241761,0.03678370593154516,0.03990112567078033,0.042364182011651305,0.5043477543010789,0.019554810863992036,0.07777998653852805,0.11419321590890938,0.02027556085055906,0.03958565590206817,0.17934809104717417,0.17316653723660366,0.021095867965066146,0.02770595682931011,0.018948559333748515,0.03898888073805527,0.5432717988570944,0.1681844104623235,0.8827529013842865,0.13955643756035027,0.03652722472763074,0.06792141367434601,0.0,0.3350638729114463,0.03221110859476654,0.568697841917099,0.05991100466207513,0.021273604386290435,0.4638832122818451,0.049935493267469606,0.023715089165034148,0.020609856186607607,0.06694045392187396,0.29293313994097725,0.05673836683984745,0.043978424165626646,0.5476179504716487,0.018177434479918837,0.030333674518817157,0.036004364319592724,0.06255228163211798,0.07421823603474247,0.04182435075306407,0.0792599027274934,0.02361345078360586,0.04006093080327614,0.34529118402550085,0.06855584881563144,0.10417088163661142,0.39618818625413477,0.02489578658836371,0.0295530103266679,0.05679320818243438
RAB1A,0.1448594741852341,0.59816784182527,0.11827752455340669,0.047265198328218454,0.06203890971215979,0.10528788069225209,0.03732025714111564,0.8189046201345974,0.028031324471714872,0.04319809537844569,0.03484815579684983,0.2822341273101369,0.08267470441578889,0.06130377045137467,0.023104757241247553,0.9014910827001361,0.335200098904628,0.04605293495203077,0.237533253549068,0.08393919735899466,0.05004591324943939,0.03743318118072622,0.14515463761851588,0.06656444201631775,0.351488985714205,0.19577940296760546,0.07510893049958557,0.02658493340295406,0.043833362195787824,0.03934633289157351,0.07201519891718161,0.28194189393544894,0.01935975846710572,0.04017662067010616,0.062056292600853206,0.029371345994722152,0.022443557642394064,0.07855853374452595,0.04665396047957631,0.1751916024953417,0.18813015868494268,0.09229985995598572,0.07008484590071874,0.062017368492684,0.13108149165980085,0.07116047211293737,0.13628582835285485,0.061785722337159135,0.028784179993899442,0.3737674124101427,0.0,0.6809711127212613,0.16990068734998415,0.07642174800174695,0.295831155118711,0.13424177264595444,0.02840028094744063,0.11492526908351469,0.029009731233774774,0.07344911934651543,0.02139812834898025,0.04215382127805576,0.08670219436960523,0.05063538499130538,0.09298066666598716,0.4000897157508726,0.15517057001463982,0.1575293640892243,0.10248282623357119,0.04507240860354704,0.08668941832838369,0.06225528928405712,0.026068718483847276,0.07247544301558463,0.03197763670361004,0.28559671340286374,0.05902315852871309,0.8545622968542621,0.1039566457041894,0.0887008275147715
RAB1B,0.30840666251586835,0.024151754865053696,0.08818071063396388,0.07167623369624682,0.057910727818316014,0.026654881308595686,0.03554364516321356,0.7560656035089266,0.019005662295161367,0.033853192976564875,0.17326550152235495,0.088569302479367,0.03837741777568184,0.044729180314452034,0.03859632530073223,0.9121109324961486,0.054112541117636255,0.029265086494689153,0.031018983859884754,0.59281558913005,0.08668752058697657,0.02780409755059555,0.10478300301605997,0.062073688251690094,0.4886671694448276,0.025324591461138867,0.02268253649974746,0.03857932810759166,0.021803095873955444,0.5031195939677099,0.035321498413230554,0.4493934099689062,0.05130873628635395,0.03412658779679547,0.09567423172503978,0.06190652924992933,0.026359549466092497,0.07523407994276614,0.06585176906410094,0.03757547691013634,0.05270318649120251,0.05486525107806113,0.054132311319442565,0.022602904078710913,0.04489976204209231,0.10387215689860083,0.13390597432836712,0.27089496965812376,0.026146209410151642,0.03438073458037899,0.7384828889071493,0.0,0.10318366519040477,0.14040654231752556,0.06476889719355906,0.03923586571348626,0.018098214804001745,0.22055899863518208,0.03417619280665911,0.16330495235474554,0.07047076383284244,0.12971428583435504,0.05659458068702187,0.0330452104334716,0.2461823822547933,0.05505852790552833,0.06884527799009701,0.02293266467084831,0.056102249222996003,0.030196765849187606,0.09539610042180233,0.15036658511595857,0.09663307226543315,0.11160920722962343,0.07188913719586466,0.051304570806850365,0.03767687263493202,0.6542686905727453,0.06030414847518624,0.0428432193246218
RTN3,0.04977245722636285,0.09044686594160671,0.045897731694010416,0.1650334597027169,0.020259838010634204,0.03047589307056001,0.2826914064011125,0.38706527928607654,0.023323499118580376,0.4756647807867876,0.17196493261808415,0.25048998150586016,0.023910506261505506,0.08272186467043992,0.11216531430255507,0.022257459577235617,0.04547029042585104,0.06409175107046736,0.0543896260400473,0.030600139946706146,0.0400380066815561,0.06707467495963576,0.14738541688540896,0.5313543703676932,0.023578799416647984,0.020714374559228674,0.20769941185733548,0.8312124009367834,0.12043517439797385,0.02141498115524527,0.16262077422140525,0.11521018999778664,0.024870652923351427,0.16594222825319282,0.10186613226507475,0.04453650594603835,0.04984482396591883,0.32148021959903317,0.06224529177701687,0.5849926453334406,0.14390586428899305,0.018368874353964813,0.045387722993643645,0.07972354233897408,0.03547484774391701,0.14707533213174312,0.03943091575919627,0.04058699352882282,0.4068502444601144,0.4088029787111831,0.11403182945952366,0.06926895855488815,0.0,0.9919875043742015,0.01804847114454275,0.05702430740614469,0.7411155988940301,0.020391019693153458,0.13629250898804526,0.4023338179711166,0.06771261210267289,0.1938604445850022,0.11632524519449762,0.029340850598110153,0.07999224946100553,0.029956473102573135,0.02141063776157728,0.14070361813721732,0.16569314756714307,0.02828869401530881,0.021589519537799837,0.12166546233686235,0.01987225345669021,0.06012839199567322,0.12932646573416434,0.4076421641847854,0.05669208370998357,0.08090891527954107,0.05185880424142731,0.054432989891215276
RTN4,0.058700540138065894,0.04098952409770955,0.3027328932988096,0.2683162459725083,0.018511242077010992,0.03329622209288122,0.1252967444233476,0.30820905061863557,0.3419167767935331,0.04940586523038584,0.020227650626416224,0.19067079893713956,0.05139712973104391,0.10082032990935406,0.07754555741824194,0.028984320742408226,0.17036227544822388,0.02111236118335418,0.030972354676100454,0.7284196189214951,0.07741607806102888,0.026117140813818742,0.15602519109869,0.05617898548756319,0.491130051243716,0.5796466878975742,0.02885200150988484,0.2666902619697584,0.12439500973009986,0.031115387904377238,0.1007385744140288,0.11063989892809734,0.0199609452188191,0.03728296194124265,0.17432455021962276,0.031206116695214826,0.11320424449879932,0.2094975141080493,0.10529608993870053,0.5650161854090436,0.07738314077609351,0.019373096743131476,0.09068076598300556,0.04054355953620796,0.05171757194168978,0.08562883975808709,0.05446627986664833,0.048492139875666605,0.08744599448129552,0.057499549404553985,0.06814863521095371,0.10883511994069352,0.9975828731449179,0.0,0.06696690931548528,0.1007738272815801,0.21591821602481928,0.17660538734354528,0.13945077787474408,0.13895666888495636,0.19267720282871684,0.15315015801724435,0.11991049237909569,0.10534123787984716,0.031972091906646426,0.020543698368035677,0.03559328072131389,0.07987510948797233,0.018821203718437957,0.11451553119699677,0.06943867946105081,0.05901056592249448,0.13909492326392478,0.02765659099848053,0.14029370114294196,0.02494313801479936,0.9675264248326085,0.4123275809780928,0.17656826826810681,0.06639233855605398
SAR1A,0.08406356534207401,0.039372660222407846,0.1703125047123484,0.038968439881652286,0.019635547039571558,0.04759339237581312,0.03577760928802713,0.026658863857662977,0.058786443641381844,0.05507524810708698,0.02229529206755885,0.022617440595177264,0.06867057701309699,0.2658233157192334,0.030199235095813428,0.18309666205329203,0.17120802770136417,0.04551618112384128,0.049540209820590285,0.24994138069370372,0.27843182127365496,0.1588910589468724,0.032205089034916784,0.05869095484655137,0.22536505995106113,0.05920036105071505,0.10195858205468601,0.27599174032390456,0.31482661654546784,0.42211432205427685,0.0756835049514303,0.7793441267950288,0.01896003933271565,0.09888288791508354,0.29098921176460224,0.03557885237661592,0.2211045411823143,0.06415799404817651,0.06546751853984796,0.08333942154207578,0.05181677043643511,0.03820142549501537,0.025340029459443386,0.17803286863867931,0.025859194143898846,0.5267034340781339,0.14820391958918575,0.06397559827400386,0.027217618583593166,0.021123099484792837,0.2412713114341906,0.05439681949999293,0.018056447227371934,0.06631876611908927,0.0,0.023279817264853033,0.08384444003153511,0.019692852996612734,0.2035029513892541,0.1795398634930805,0.505121492514013,0.04787848667768835,0.09276657106626902,0.1790237184445322,0.16951077537467465,0.020466850756485962,0.01941021623815348,0.1380133563364217,0.07650382567838494,0.027001324951471915,0.7996628705394366,0.018539816575727907,0.13152012272338628,0.2769520780491193,0.05862714036021096,0.019436416781947283,0.1799293826923377,0.04168707767410214,0.11812351275968752,0.10939266771722729
SAR1B,0.024427773436870907,0.7897488589102942,0.2598889995009461,0.06555141548592242,0.031672419894928805,0.16444129500423882,0.07205089750258996,0.01978544253699961,0.025662463254672384,0.028269303071651253,0.04354077382666072,0.1726048051870674,0.03200037732717785,0.021219488633124978,0.018592856434169025,0.08332065528032717,0.03638813057614171,0.1860447450652732,0.08573705655556824,0.04913803405898675,0.3256622947452946,0.024973589720580214,0.09443470083858875,0.045881216562124356,0.7919975409057615,0.06545074685067481,0.03603921095248426,0.1760547646020861,0.0236473576566187,0.6996587153783954,0.026154380057505866,0.1303490685154995,0.03216999675048588,0.02402184544246899,0.07216461970525272,0.018124282596489107,0.01866722615739451,0.24181747101198608,0.024082762562545285,0.13641940544689882,0.3172521833667841,0.03141048205891328,0.25572932528601455,0.038098028574889836,0.7543305333269731,0.02895409714202837,0.019708692928971414,0.023554609257543643,0.052732928457714254,0.5063408902151798,0.1326078115583005,0.03740996359828787,0.07370110259634756,0.11505213801794359,0.023826840306224888,0.0,0.2271268281557326,0.9966301790481524,0.045710198247941015,0.6851031353480918,0.029719226275659805,0.15101642484470743,0.03276246926790806,0.41920611953513714,0.06406122085358067,0.05188966880701906,0.06724649054409301,0.08733275027181554,0.02823344858737429,0.23277119006897293,0.08460816766489725,0.02014939400909825,0.054157004133738286,0.018296002351602145,0.023294431070216066,0.059046644535439556,0.33810426899503354,0.08717156123997767,0.1279901186594133,0.019972997986665818
SEC13,0.06676751083485488,0.07428476732250182,0.1666601903803467,0.030042738438553315,0.12618721967403823,0.060796185185718936,0.26280470098131253,0.9023936327701783,0.019713795341331334,0.3889252823011261,0.2289582555527468,0.5953344600513192,0.024838666468635175,0.09834805352561019,0.1689733512075229,0.0907239467424428,0.03166219657930625,0.1175441483634008,0.07193192631247149,0.4985117072475162,0.05717919130378959,0.08773828742258043,0.09064977344580967,0.05381385038804842,0.25268354129133586,0.2527844818164589,0.018292955058659265,0.022288496405557606,0.05212000040146826,0.11351001670430638,0.5900853959184897,0.1879290900859678,0.19915580639979305,0.04525570993147209,0.020964848505122764,0.02466325797910014,0.041450778134492806,0.06799415292235371,0.1430164127340127,0.018740602608444668,0.8388543952384404,0.1400868970813063,0.17019131594087322,0.7034043116246393,0.03606073199147962,0.19945097399338726,0.10429019292552917,0.33407835225126,0.2824239943672592,0.04475600137899472,0.02650007795442675,0.018075825126623986,0.7860110740550711,0.18279229644873612,0.07563263671818256,0.16359759155055734,0.0,0.024612356414128976,0.05130907046299335,0.09559747166741749,0.1876579794647691,0.021330522585405888,0.18421613502606574,0.042261826413778084,0.7103022057346845,0.02836578127223128,0.042808594655074625,0.018403678545176515,0.2622959434623516,0.027457188993040074,0.030230500996894616,0.36418540399312643,0.02081289592386832,0.03245830606401138,0.036682348422785845,0.348978119309929,0.1487101717774344,0.17266923229009776,0.3314664967188459,0.02120906790859078
SEC16A,0.3030490337283793,0.07322986874273958,0.0869545086729635,0.17611702235520071,0.05593478821460358,0.03139656908535084,0.06396044102345855,0.04176437915496604,0.3990770836994969,0.25121133855717626,0.018871465433945838,0.06265399653852637,0.02046026740454427,0.24715597574034728,0.039310008289368134,0.335221761860144,0.16682562440310872,0.049079090524620624,0.01977480542662473,0.4997237046179492,0.0665429057045534,0.07047471192225782,0.10979709092956634,0.0483023312094717,0.03708229196012205,0.02755370708691167,0.15723023953596268,0.07907101813430172,0.1493860643354566,0.04557452086168642,0.03325773793313985,0.1067201637615579,0.035007866865077716,0.032813282569210005,0.04376150474854835,0.023346092080883105,0.11378245677589188,0.03194543852678175,0.06021693564082478,0.5403800965268357,0.3537401344165421,0.34185486411352867,0.15379633078483695,0.28672131840133946,0.4305571207399693,0.18384237187236344,0.029222838613781645,0.07605368078790882,0.036303812937424663,0.022682704871357505,0.0803742445591079,0.12596922724161136,0.02035959986887037,0.13450097333602057,0.01947241458948748,0.9777414719508892,0.024164484962414294,0.0,0.46684804212396386,0.5663877068344606,0.02674015649880192,0.07711440794356192,0.45434676025852716,0.08411765830794787,0.6737083632496668,0.09514126058612579,0.13410659004880174,0.157186993269249,0.1038732345520116,0.19747969391099163,0.07111023418697426,0.14700540653507002,0.023858631820826155,0.02113120632600999,0.027889983334005043,0.040580412865621356,0.050214222417036665,0.07271355943330435,0.04870534453064278,0.03860079476421395
SEC23A,0.07803537559119482,0.1783614829915733,0.04145460150829024,0.0561301263470544,0.03176138828916805,0.048009709912303966,0.02493469418869918,0.04136225401797766,0.20580552539228925,0.0188117821715889,0.48203635141484336,0.05271567538395402,0.01901277223980157,0.05856944377253411,0.09432939328963585,0.23901058399341646,0.08120714937129052,0.041520823845998305,0.03252861932129396,0.05703997881642587,0.12569192895589382,0.31639623336554196,0.032758296217529674,0.11863765125587294,0.10145945932560946,0.03205169397087466,0.04937328599737068,0.038572675005119156,0.42080723085208904,0.16605026463031491,0.028910634065558816,0.061591345354750845,0.5774018110044419,0.05069781891695826,0.03380441336265981,0.19792767095620709,0.026883071236435553,0.049149344280033536,0.9409836750164295,0.0900190821233698,0.019848709186630814,0.48625267082310514,0.018357708404865242,0.21947307526825538,0.13202163591993518,0.17917316909361683,0.01829708820585672,0.5012706284358124,0.09455566652675597,0.02038977526121657,0.027352541012894915,0.030621004057107014,0.1592461426359737,0.1279584680908714,0.1876719929746079,0.04101440832767867,0.0531185351469696,0.5615170798639284,0.0,0.28470624523859966,0.05368769409908994,0.6239257191387835,0.8855155381008123,0.18872915125344664,0.03508645525439407,0.036824219949866795,0.08459122329418008,0.049041939536999694,0.02363025197645175,0.025376314571136656,0.023224123155901878,0.06296283383998628,0.05720566402332545,0.24859693226683455,0.05795945736098601,0.033641383722806485,0.029104346537598507,0.12680478714002105,0.03147379164575061,0.1272904245916351
SEC23B,0.8331708341172327,0.055567125885724905,0.08758305313446926,0.02754943274125379,0.12956944950695445,0.12469659513335114,0.02513088733034731,0.19462252969273242,0.07944485945400327,0.37988299359791006,0.8836620677208918,0.28613995910835577,0.11153958923440875,0.19303156414814532,0.03624487308321635,0.02341233802935618,0.09298181341061286,0.0201678922879163,0.10027089537098764,0.7778561026668859,0.11847178515235672,0.03749337693675383,0.02507241155823502,0.08647093231565267,0.5840147999430321,0.07186621303506005,0.08142688119807284,0.02790520147184935,0.026652324604473896,0.04324885115479465,0.041618526788904035,0.03894275922102987,0.09164823474357489,0.05244144518829828,0.019128232023119834,0.03561478057194831,0.09395079886135409,0.19521386652825487,0.07203886481417537,0.06544227591007075,0.01900524609129421,0.12434877385743351,0.4856821236828896,0.030379583258432735,0.09390318607966949,0.05514961827479372,0.043407415975975666,0.1406088456688695,0.07941130301066479,0.047274239365335285,0.04822344934783729,0.07958450480553206,0.28876906411681363,0.08674991900855045,0.10820504059276094,0.34071816355956436,0.07149879845127773,0.42903606154485574,0.17364602816546004,0.0,0.9909120507504223,0.4105693864335352,0.07619600299438987,0.01971071002251765,0.02586496964177986,0.5755094648259635,0.04314995369717367,0.06856288089270483,0.038617552807220006,0.01976972676827823,0.7922463134532867,0.35626198238890944,0.05009835756689133,0.0429644635288486,0.0681787416873089,0.11836297119830291,0.023984310925410483,0.02710521571809096,0.0364496105871773,0.05722746538277472
SEC24A,0.9310949625260111,0.06274396744576323,0.4020476922796763,0.023159399358149313,0.040360666155840635,0.03008568109799835,0.061692960141646686,0.04611030625942908,0.021523806759188996,0.11271965575287686,0.021587971055228472,0.0203335497683665,0.02137718640211839,0.03209685674240231,0.1615649951497229,0.03745292883356087,0.07216645294396494,0.09969259026662597,0.027665166242560497,0.06219670487553872,0.035444170309282465,0.022550409990207465,0.9477336953596626,0.024040463312468202,0.029055102816620767,0.3716553216256502,0.05967369360419138,0.19450934918779914,0.07240153235397088,0.05937829916454338,0.07093618990174443,0.02950628181847584,0.022779872642406107,0.24592284950173124,0.12831042246385815,0.031387166753874846,0.020336595504398848,0.023621459625877524,0.09289550593382608,0.12075479113811771,0.04326014289345244,0.03774273025281599,0.6003963626038159,0.17194322223825603,0.25361500250205943,0.070208717254649,0.01884534082788705,0.052307337926676224,0.09998100369691566,0.23320459641854227,0.02087436125671359,0.05467667022672194,0.07321649174344479,0.1675247322949729,0.44577195051458873,0.02775125169511572,0.19199725728297276,0.027534934849012697,0.052443534032701265,0.9988031895466117,0.0,0.062163561948333154,0.1877904485808627,0.04646761180055018,0.0689814817822721,0.025384148572832006,0.043109006010088394,0.02398358260285925,0.018034702126284906,0.18929155720717716,0.05258983916562406,0.3123672740037128,0.021895997766412423,0.02473782249249639,0.029133071493218934,0.021392157835946835,0.05270374044103329,0.1722120915640771,0.034782454262147905,0.03708199203177417
SEC24B,0.32115516477526324,0.01831458656990691,0.029917332039237524,0.07165000303173111,0.48422727880943645,0.04241644834216676,0.4472104787920678,0.02074363342751488,0.30902781051813194,0.5213249155786632,0.022383073148471686,0.06690550906704114,0.1172691092003762,0.032442054323858105,0.08148585554614751,0.08842016904990746,0.3656082642468347,0.11201802989676968,0.028699286307999162,0.07264878049901723,0.0626700730490441,0.02093511623525988,0.0823481907201437,0.051946506980825376,0.13188838822531432,0.5005105070746739,0.06443405356993562,0.034438012340122136,0.061151808070426195,0.050573444400664,0.4241128846239752,0.01934663565137918,0.4955684354006893,0.2861342863817896,0.021044688679773164,0.020218151155707766,0.09984622441746206,0.06359354244047784,0.05071361654079717,0.09605474424028028,0.08367727688591015,0.021749114762333606,0.02092763221043726,0.13041672655422276,0.08878680247381347,0.0871245615635325,0.06720098362904812,0.21678668981310745,0.13089393625560986,0.04947804005034231,0.036707620528370746,0.08744633362538583,0.20814254893524672,0.12835494812020154,0.04421005828038724,0.11032213689420055,0.021279388217722836,0.08239691517572477,0.5738500019981648,0.5934624873609496,0.06031859384239887,0.0,0.28389124926617365,0.08395393976203405,0.020271386509584627,0.15205824746700317,0.03613679851037112,0.09270252310882401,0.2205529004233176,0.08184373541824644,0.211477497173611,0.09983365026249981,0.09781414996222185,0.3339481593070869,0.18354390455352745,0.6584425409549822,0.8677168144499249,0.06706005515278489,0.07013421218142657,0.01867515253825204
SEC24C,0.27342544219987047,0.20378345116885,0.12412143258654086,0.06690494102819575,0.12758721330870293,0.1231099914563398,0.05252264910722566,0.14863327638357218,0.04275495836418028,0.2692192700347391,0.303156902986954,0.033285334882475676,0.0188471233170011,0.03311412382815463,0.19365909517346677,0.2366027775188761,0.03938809842355245,0.07175266545314513,0.17121108153384,0.035937112210690014,0.19424050333267187,0.027507876961730664,0.022343445011902798,0.40796165933164974,0.17788090869851347,0.8050980171931651,0.02079102727310348,0.1595343199995841,0.08804127766344831,0.01815789861523171,0.05424292438059035,0.061550263472617155,0.025626164124087934,0.04338996834561721,0.1297472959762701,0.14829211617794993,0.06443877683325117,0.5102836817877193,0.8957542617167502,0.18134694631791046,0.024963485017505112,0.03269160391591852,0.0701055587012183,0.17377138787957874,0.03389778712524535,0.23578358164072952,0.02811038169466889,0.05068930561337705,0.10500082340441994,0.04186336586497292,0.07432511975534728,0.04771826074070865,0.14100082614643672,0.11539550651423167,0.09073823674140429,0.03094624131525782,0.2077907978876943,0.5736709962596439,0.8999669680917961,0.11367081271620305,0.20704055943666036,0.332843117827311,0.0,0.7309949765251177,0.6727897271485656,0.033733825045291696,0.05574411622197854,0.04901640158770972,0.6059457376534619,0.057558562298429254,0.023419507672328532,0.13685339867463445,0.02553315897448667,0.022125840058476984,0.2287109526631478,0.069793412501056,0.35121853509817874,0.17714949667664584,0.02011466477175387,0.10072412231344716
SEC24D,0.1599531412022942,0.021688148761489636,0.03849686207212159,0.1336779124593811,0.05341925143882473,0.029400346279556327,0.03360237695511454,0.3153310661269606,0.16577358639762985,0.054462087648999666,0.517376161336413,0.273396143794849,0.06837166183928566,0.029665724760550703,0.22561329691534052,0.11080355591594225,0.2157813737221769,0.04760022625021227,0.04080380541366759,0.01998662950096475,0.22974196099047944,0.09310551917264888,0.028112336129321177,0.11458041142184078,0.9842938697459378,0.2756821857934501,0.04952497457152334,0.024745158031746484,0.6294432729364368,0.05760217530532036,0.03260745020125395,0.3812794394581225,0.08792709609933547,0.058169473439902246,0.05620100509094195,0.029643732502656638,0.6318144616299487,0.021841531556161427,0.2481807310002584,0.05565453097950757,0.06598080407204979,0.3265880569452663,0.028580284850219156,0.01957777103932347,0.03058055768756876,0.8387409745543836,0.06399149378131042,0.3938048553134815,0.03646820130118827,0.349110295269637,0.039902784204232745,0.027966060407408632,0.028621969096808367,0.07971274125042652,0.12833354987644863,0.237815783702237,0.038986755893862406,0.07937827252413882,0.14474680966686443,0.019898855840832466,0.04209864367542487,0.07426592436287914,0.5664161580247281,0.0,0.14785267535030838,0.05168753567637457,0.03643367706686674,0.04197476480818563,0.06930685369356969,0.11173880323913488,0.13421067150338525,0.019975046151195025,0.04339973628667273,0.4239616095804035,0.07541442851835692,0.12246935082402405,0.940650490434898,0.10768353199411067,0.07005117770357477,0.11263502437424637
SEC31A,0.14620659948661655,0.022901217301249187,0.1887299344764424,0.022430289149713255,0.05539056535257156,0.02050290980627555,0.03498575572137696,0.061180002761791606,0.2497613869640763,0.06932254739221051,0.146331986037309,0.08093388577134247,0.0223553953814712,0.07918762362139004,0.08833576083141774,0.7479492295560672,0.43524961666289286,0.05222466279728464,0.02078935474499105,0.020712500953697265,0.23982315351918784,0.03656908582679096,0.024453418032088236,0.5264355632974652,0.11972367636379275,0.1902928983674199,0.3326653009460575,0.1893198005404822,0.19923416492072887,0.07169149509657954,0.022203177889653876,0.026881653423459037,0.6158395932732397,0.029060046852649138,0.032235907114678435,0.03408951841576619,0.034115824023591715,0.09695936050652547,0.20055316452272948,0.03028206844809082,0.02268185159234989,0.07251123120428021,0.6919674853706858,0.2846459413147749,0.11400187778213774,0.8706433191266711,0.03762890601531091,0.24559298491924197,0.730401789653459,0.01816472792453324,0.07800210451766199,0.17044184814335078,0.09221456859322273,0.03138874177199745,0.1612549729188284,0.056204948453265936,0.7563312146159998,0.7793117117929177,0.035410965548835965,0.028611242790838026,0.07234147191002006,0.020424871304464885,0.6614559762561216,0.19875421738605853,0.0,0.05589980156153585,0.4395213585834823,0.06309120346520421,0.10615920811152901,0.0206739957010333,0.0433457701332367,0.14978960634196,0.03441763592418303,0.43883699186994196,0.03249607752690917,0.04173179627485234,0.0734830629516779,0.05664413848088008,0.022675902959065457,0.040145047509720984
SIGMAR1,0.037610877366168624,0.05710918628739331,0.022187830289235475,0.2540419473665197,0.01808700189106611,0.08063285110903484,0.02469073764484673,0.0873804251412314,0.10291567645683444,0.1282223006143902,0.0264244936202287,0.03665148862161105,0.04699520967754349,0.03242722536511695,0.03029186732401561,0.15312844423484928,0.5970824899680132,0.021839187442797496,0.05009507502949299,0.07631217298518275,0.07752927954194347,0.04948568838704328,0.12676035121487259,0.18926711490969536,0.25586331916828886,0.019674533760530914,0.06265527532601023,0.05947067406042478,0.062374060513001,0.17027807140344348,0.022261389874001693,0.0587675170457098,0.07959177106925032,0.01840380786370725,0.027988096294869293,0.023183048667392826,0.037151378367954284,0.07193075006899886,0.04577683733569694,0.049949669462792494,0.02028952034583859,0.031996286939292455,0.20385729242285,0.023088489750857703,0.17681241095496986,0.025750874495889302,0.3422398755203736,0.04001312009736845,0.10988528150611075,0.030294906578407325,0.3570496236620353,0.04914057724808965,0.03272797729689611,0.02063587497481749,0.020577180890664674,0.0495390219013166,0.02994377707277201,0.12772077306691654,0.03905400876999815,0.867862877153621,0.026335593190606015,0.19637082873473344,0.03494488587035627,0.06599271077810628,0.06027421419062927,0.0,0.12270818996876338,0.162521802839777,0.29040683963964214,0.23367955691659223,0.11846056025743357,0.04590352042206616,0.02970773128332003,0.3708886379682584,0.06682360521465115,0.030753548418126483,0.019935900504520744,0.043242513780795785,0.07076605162472105,0.030256849363629185
SNX4,0.06332353456747335,0.7267479505497633,0.12608404762056954,0.16085511862448273,0.44569611499646333,0.46857602882975474,0.02856644105789471,0.04589577848439486,0.10651538329855613,0.05191510248200657,0.33886532986603995,0.3442129844495152,0.11880787699008896,0.03263299433112847,0.04798229565507732,0.4168515107974912,0.13500647038035038,0.2639522615769675,0.02440107456849814,0.04644628343731181,0.1168629377488545,0.051453259766919855,0.029897550655346168,0.032753763701458515,0.024322093282835286,0.049997366726584225,0.0873878973240456,0.05281396511332298,0.11697150813668333,0.02260776123483559,0.027850993499885818,0.6847829400832717,0.06673731120301912,0.02612042257639109,0.5100497449818117,0.02680146435992375,0.09872225755860302,0.04243679396914627,0.020122890881597584,0.08679705404637882,0.09228078425101101,0.05856930217174767,0.02162100471056731,0.06319951897693761,0.034588579381881174,0.33343826959170114,0.1805872956941484,0.2027147555650321,0.022610322504440387,0.036859736834921046,0.15038043814799099,0.06278265715800459,0.022238017789029015,0.03735878366252155,0.019528724318517245,0.06643451731604524,0.049090690312396684,0.2030631423899231,0.10131203157425309,0.061605162771921594,0.04894989508197412,0.04083258721427228,0.06192494651555214,0.044375960983551024,0.5400373686211861,0.1309806409507979,0.0,0.07160242876218106,0.09620078154313959,0.7791774162729523,0.13104167634579345,0.02515982588681662,0.07925625157168434,0.16223764303672844,0.03665623852306825,0.34009548325335276,0.9935526168837266,0.08351226003912894,0.018525613260054995,0.024217049427462476
SNX6,0.06771651816086185,0.02695508565894316,0.13605617858319954,0.018553759565251675,0.03953474264971608,0.03234203875190927,0.061073283900502456,0.7239253087342536,0.022317849003745744,0.20045287115113183,0.023165388682463907,0.09595006934806706,0.438650415562131,0.0343851888877969,0.018069694763774742,0.040393363196021145,0.2059608189081156,0.23123841054360228,0.04801950915227631,0.24239025246546322,0.08181692135961072,0.08023142472009268,0.788251096370663,0.022657372659600647,0.031573707974691875,0.2124050649082782,0.0842482129856389,0.04300280861094141,0.07646631023327782,0.03253922382798864,0.03852091459334862,0.08636666071633026,0.020780416726520454,0.1009635135071697,0.034727756511970895,0.08211344645060141,0.01981287306948834,0.049887529493807,0.15343630194939528,0.038455295599202646,0.22627100400606684,0.025118941878390345,0.07438345967174662,0.026117119063790373,0.15200960836809493,0.11652262797914276,0.16197945112883538,0.030908658828125688,0.09329079475868886,0.07202437337001824,0.17782136977146648,0.02295278630910337,0.2463028817570111,0.0998324850523444,0.18675040436722623,0.09696905027259294,0.018511052649981714,0.2871646825498187,0.06038909401079547,0.13335892263139043,0.025689833529686956,0.14011508048570895,0.05863935977496797,0.05781160133430503,0.07996639779736918,0.2047128836465369,0.07963347460755321,0.0,0.1289123458230946,0.06874821087067756,0.2860736237817219,0.09781927536736686,0.0932594862548032,0.14461649489946585,0.019739107722251698,0.06360936063773415,0.054545662952204074,0.042802146447024764,0.028285798393643476,0.0778126760121742
SORL1,0.03677638539694774,0.061237326525542375,0.02391160053355406,0.032567932559928514,0.022563865342657276,0.02423582744328968,0.01902326281232696,0.2422701322281028,0.026881998207538976,0.04412871316003463,0.09011619142932108,0.05379054673718523,0.14041135800128082,0.0381441375606383,0.032290492997482184,0.10977786354296858,0.0914999426902188,0.02023938838288289,0.381639516908448,0.03522286033894453,0.12496570285869088,0.07779057302930502,0.14725593451857485,0.07269986755363679,0.026864606396694107,0.4869790129142337,0.04224219309828963,0.045861636965769836,0.07020898345997385,0.028445889031805158,0.03924893565183202,0.05159032693351148,0.04322909541144712,0.2734838376337304,0.059194415046130135,0.062263947960609585,0.045933932265518534,0.2453701375999979,0.044261308463804334,0.0483002480083827,0.03128514377872843,0.0932081895372907,0.1348896109816985,0.6755270070745096,0.027194574916706085,0.0368453216742628,0.026825928993632744,0.08500680851044178,0.13952843144410032,0.08153542988370358,0.10540037029259439,0.05369726793396295,0.2691590710036168,0.018913490704272645,0.0898702098164161,0.02853747277203017,0.3914540112728672,0.16139135482213465,0.024685820736603956,0.05468976490541533,0.01804376892832661,0.338886410928278,0.7343515196826527,0.10535592780046052,0.13470710149047163,0.33835014790277673,0.10148426523329919,0.11918907225111808,0.0,0.19382080414801306,0.3030839775242059,0.039012974712986606,0.192859533661043,0.23987325994752742,0.08881192176092646,0.07515039435373791,0.17661894686921628,0.08050626716972639,0.02943795180766481,0.03345939769911112
SORT1,0.04875933910867416,0.21113343866237586,0.08544319513391808,0.13068882261359613,0.021656072916307403,0.018069486764312956,0.06774610898794481,0.026818660652622884,0.1527257298624332,0.08919175342532727,0.47368800682922096,0.5547530876645106,0.058284749761774717,0.029886830861029313,0.020651114902624945,0.283432511387832,0.07138827051704018,0.5152273686649179,0.03410990979230059,0.4605523945268059,0.1237130081049684,0.027007490382181858,0.22946862754146896,0.018886739655880266,0.05696125073942859,0.03707088440894006,0.8139049461941222,0.028884721894671058,0.038470357308293866,0.07421003615786814,0.12845532148235328,0.03002996251601722,0.09254934305424041,0.03854488295813062,0.3389906154982643,0.02482456099557013,0.03057447076405675,0.0213004071398838,0.018111957129840435,0.04092057030525689,0.748141537229083,0.19904391140023056,0.04494263456597109,0.5348684135154811,0.06393139827366644,0.1620420318540657,0.030042337628314385,0.14311043207254698,0.036204669735077986,0.04062123323173172,0.04184918566080985,0.028198014228410742,0.030079964165232002,0.11450506928545334,0.02708479554986972,0.19693002396862927,0.028433087794460906,0.2668228085276763,0.025794198574505926,0.020379927680381806,0.21863823607829685,0.09434903428510344,0.05901959769707316,0.15545136198166767,0.020769882782086555,0.21762996672223262,0.7127142199939202,0.05755470795376545,0.15761018706864185,0.0,0.02900259874743513,0.02409200472641856,0.03301916101791909,0.043831508444282956,0.07342155225571804,0.13677846421982207,0.06050709779084663,0.24835849907016688,0.05218742444176857,0.049855837573249975
SREBF2,0.0258894086389035,0.020754831012423307,0.181224000859116,0.42321934930489097,0.1026109484778522,0.1622061986125459,0.024747449878539187,0.025143948632740717,0.07873561329869944,0.06982074363629463,0.02208863655602536,0.056519187190964236,0.15017827082691868,0.3979367526109712,0.1490501983812789,0.1242649102460715,0.03347962468640376,0.15711194943893883,0.10016749848612005,0.025100165395263493,0.2697786489395005,0.15988196717426653,0.12505542983585427,0.030786115365996923,0.03420019007842983,0.05793032747373748,0.039391602233266126,0.3924837627801941,0.11950617429594818,0.12105340337689313,0.08125035870726108,0.42463415749875827,0.02994133074310878,0.07343928275015181,0.3575421368501072,0.19509074336270554,0.057405720671960356,0.020485439784992704,0.03125178450937552,0.052195832324235504,0.024423165049035335,0.2798790997485939,0.027411356410514582,0.14666824458315747,0.03547782561630164,0.028063157520079127,0.16791624349328974,0.1379453697247195,0.043336389590220604,0.07647001248903425,0.07770170607557801,0.07823810433848949,0.022180369307649966,0.070374984921218,0.8147547236247182,0.07665817273427634,0.031734084540179744,0.08807555065142886,0.023572618674551692,0.9581056806122108,0.057317428834649915,0.26478709543805995,0.023621516643975656,0.19529234386508426,0.04502574179755293,0.11381683526327427,0.11787820697812298,0.21300894714933888,0.24756063198290662,0.029144867887138774,0.0,0.07425919272820049,0.03999641669552706,0.29659743467374367,0.052007513640965786,0.055381282777669204,0.5962064477678545,0.03595712229082498,0.08753362392134145,0.13022114325059395
SYK,0.03307071310409211,0.10685920552480013,0.06537094444225268,0.174578691537753,0.04955996224895104,0.05936365260552971,0.02126779960881438,0.1748457562991854,0.02418384447748056,0.021157717804234196,0.32746112740173383,0.23786008378026005,0.05402154140543519,0.4665221330240996,0.06803337744239167,0.05892807417746139,0.34555724765490364,0.11211351476203675,0.021158048928847255,0.12096686745432082,0.25895834836951315,0.3877682388691402,0.20221323730215587,0.1749209642490651,0.03470236971768521,0.021710264882424665,0.032140261407281455,0.04822924134214493,0.038089882052483676,0.19136772586454465,0.12024119436780366,0.03489292095605158,0.041016816597093296,0.035934620299060464,0.052777186296186884,0.07626407290458655,0.11363989877011593,0.0197120557463622,0.5595438364765722,0.3783384589329494,0.0705410890036235,0.04217805093312935,0.21700669099081538,0.08220494704917798,0.06092602888119584,0.027740753525405188,0.5634536224913658,0.1169654836510207,0.6214412666695612,0.023939968047693543,0.06222229034459158,0.13485827563611874,0.18294732655091953,0.06537396234513702,0.018594447568522333,0.020163612054150758,0.514902654204994,0.2329680421028391,0.0746509098786942,0.7120942211722758,0.4364882469516743,0.1363412361041875,0.16824324142273944,0.020620952240818887,0.18949778961124694,0.04820718032720794,0.025293668225791443,0.08888971077906838,0.03850113614610317,0.024722996039564283,0.08254069581482255,0.0,0.05578752180803756,0.10669880228010081,0.04921183752057547,0.04823402109932741,0.05205382212640064,0.057739417906073655,0.03529754838854283,0.12874411426518356
TMED10,0.3934271292374268,0.019654565351286596,0.38231254599129805,0.04422517234468437,0.02500602151525671,0.031240450098751687,0.021259560385948274,0.1022589974626528,0.039415609806910196,0.056599899578587486,0.02676269360128811,0.05512723130367127,0.18078565952250852,0.07083440926543812,0.168216493673161,0.025601481165341326,0.3966012855198897,0.029895808916632124,0.13961729398320946,0.020297271321363622,0.06062156631313206,0.17813694461722115,0.05100709384166234,0.04149675905417032,0.03294643028001592,0.2527861129497655,0.018227765081872297,0.050823762543321736,0.2766152198156814,0.11020150395586467,0.018847247066359124,0.3487769005219133,0.06087436073230361,0.041289960177723045,0.01859685462597296,0.03819962367915194,0.19469943741550813,0.1872086218514321,0.21702096739584845,0.06431336856513706,0.01853625635056688,0.07489361279615563,0.5424304589979713,0.10731400935770548,0.13037898883944707,0.03126000938570208,0.29608260588340674,0.1283235610047672,0.06633353318945018,0.04275133527362177,0.0263567737959968,0.09248511666553072,0.020423491866246313,0.17392005694684187,0.16624024370423734,0.056334278267574506,0.021474539032887714,0.025891458778398824,0.06962546673177714,0.08077845998563583,0.022778619257125744,0.1407693721680354,0.026870905292862488,0.05832619343328848,0.03811412786626305,0.030992954716151485,0.08467449401164946,0.08883858668121844,0.19787171076041687,0.035526224041216636,0.043622955799105405,0.05768001535559552,0.0,0.1555959177892967,0.1851198773786079,0.035823856351970024,0.09954798908365259,0.020184330043007778,0.10911286634633915,0.026700071958579902
TMED2,0.2770909207396926,0.3338614470694318,0.07622901221938157,0.037060063087442904,0.219517706474608,0.059930610438471275,0.20548916674315615,0.02655343990665258,0.046768880383367066,0.03728407676117684,0.43482131326378426,0.20200183030929983,0.14556279837105435,0.09251634496715254,0.10313078120392112,0.9066328678304076,0.03362655395561972,0.05179400283055585,0.04049187047585009,0.028781789328804274,0.01804691072241728,0.09464927922467307,0.02514610568208253,0.028335500100060196,0.03659559930865488,0.0510490436303912,0.1576283456704164,0.4010602251136426,0.04990079581939118,0.12045795942353184,0.03240629205997149,0.548431409634251,0.03572253586167169,0.03133801956229266,0.176347158170391,0.02697573288426807,0.028117149349424567,0.07227306490825049,0.13105704130675275,0.07375469308218567,0.030646205641809844,0.08117272296937038,0.05429566305851868,0.024971604739356695,0.05341061783319369,0.2883829185756167,0.23213021452663443,0.023424279565534074,0.10845194142717067,0.3721941577408428,0.07098159550353599,0.0989007481737349,0.0775832310016964,0.02852598210667138,0.3285853525110599,0.018293219555612767,0.03567111375369331,0.02194134064498814,0.3211079234767633,0.061281143789954695,0.025933012700985036,0.47475521864701764,0.022569660647920726,0.6777230286881625,0.5398904539456731,0.40163235429977595,0.16242937685203288,0.1255556005503194,0.2236420897163015,0.0467014519254152,0.3383269041083354,0.10404167047557196,0.14273856811147392,0.0,0.038113237543699975,0.05655753292749843,0.02349531770250823,0.09533271748972721,0.19751677980753157,0.024441430543323026
TMED9,0.14557503932611976,0.03000848026780586,0.026130073999094706,0.1390960084765047,0.043853797862373776,0.042660841440323935,0.0693915561277271,0.14482295174587723,0.12856274175134544,0.0812769979831084,0.06326172981781025,0.16920055957476943,0.2963346581588732,0.03756868925890682,0.029388033605589402,0.09765105195063113,0.2954953049189818,0.023670265340312455,0.030535112359839585,0.12681209320332296,0.09112868549094223,0.08218789604560059,0.061547417425350456,0.029582465173293788,0.5727766392947221,0.03612337262166061,0.06102581103763474,0.09993731627883025,0.019253408707826332,0.05459187287565985,0.09286929871976,0.06699876543203054,0.0945755755268653,0.05395467760837032,0.9471729804137697,0.04044673286453823,0.08784483571507562,0.05223242979755891,0.7727433788194074,0.01806192466310704,0.1311615949147417,0.19108453523935554,0.18125624311721625,0.08718377125055037,0.03651173588204851,0.06129754498700122,0.025788367222898977,0.22290204168963532,0.032579304085903,0.07152711078708388,0.03166180492215974,0.06526550997630193,0.18938559281208875,0.1598725622793544,0.06415914226157032,0.02322941239399387,0.04102932901225412,0.030849912790211945,0.0665273374016633,0.1150249550804147,0.03124884315874551,0.25888261046064526,0.2780935943183668,0.11051267711011492,0.03457751318789852,0.06989278602939814,0.03662138802004759,0.019601456723770557,0.08432873142030708,0.08074388909605566,0.05531582870755871,0.048394400712432645,0.16836283212354683,0.03805819272686478,0.0,0.21339221935683697,0.8826526092803157,0.028191708924311498,0.02134289030082292,0.08830304016814199
VDAC1,0.7185539673112916,0.25804216219158643,0.5478396073460838,0.06830675547387074,0.09811096998167632,0.02444068387382362,0.18300938373572662,0.019963842849576682,0.07816913315751405,0.056159446009124966,0.649271421004549,0.13444627072841694,0.2881401140444529,0.10828595355349388,0.02883139291329346,0.02255882656697701,0.22767080386650254,0.029488947502262084,0.04395065814336503,0.04187602214361642,0.022438513531197836,0.06589430214312078,0.26468959837970757,0.04588358935533773,0.8743420184799292,0.08416219414469682,0.03719662967713749,0.02106079349474303,0.08391973920284398,0.03294254549806424,0.5186608395687169,0.025502416249700087,0.2225893157444677,0.10622412926165822,0.018340589213425046,0.030927150247537893,0.03148057311977672,0.0224847818299307,0.6552450494850588,0.07764509534358996,0.1938966685646924,0.03595084922149494,0.020934151892878446,0.021252006284693193,0.13138325883615462,0.08213085013183921,0.2508055667082445,0.022744375896879564,0.15463419817147325,0.09100615015621692,0.2134509996010047,0.042863367419086335,0.48125336608850416,0.024558815044979303,0.019375765305855046,0.0513624873119502,0.37349271425562114,0.043821602444606214,0.033595015782754575,0.1836023951787607,0.02146678731224676,0.7050784353226882,0.0674010763757741,0.15658286205677985,0.041183980705708695,0.029490020840913293,0.26220174252655,0.05109978717976816,0.06184655072869751,0.12509662308720912,0.051994148035489504,0.04270733300477111,0.032314264959485195,0.04987983695813822,0.1677621371985168,0.0,0.12710657176713086,0.029849735308006158,0.11142276024533505,0.16982297116660294
VLDLR,0.7097661830410076,0.20867447949384274,0.03932679675126267,0.0703069118363088,0.18780347168648917,0.21358141909570172,0.40769559379889575,0.48521297421781207,0.059208606125436776,0.04208731372773896,0.06160932126877837,0.02258846008085291,0.14999398125793084,0.023394106225502392,0.21334850041184328,0.025723778508006723,0.149786587793799,0.10080883861961697,0.05765457715599584,0.566657433230394,0.05824467145626423,0.2191782642775256,0.040943603171226375,0.02048889459501438,0.321256866631998,0.053559566414756676,0.0776430452562047,0.04814533208503192,0.02975036585810282,0.2719931809326351,0.09764970645915257,0.2311910441334832,0.07778027731477619,0.07449283516692866,0.023633562929997395,0.034835781501591896,0.028976457808682975,0.02492678647499547,0.3163408537472488,0.028422886477806483,0.060221992267469215,0.021323100998595485,0.07128974339063573,0.159518671034229,0.19069702317117515,0.043634728714424593,0.020360541573885265,0.09965090728807514,0.0442125813545478,0.1797450348574101,0.039630203402494235,0.02856572814275359,0.04611451801256682,0.7882280454315351,0.09960439377005695,0.1431638787749097,0.09582632809259362,0.04215510261414238,0.025855704575911614,0.023643426808476354,0.04130277913410997,0.6554888848124715,0.18059177876938132,0.8606986555976135,0.05158532015564019,0.019320765680063624,0.8870238673603694,0.03600081137942182,0.08288844258867167,0.043262319136994756,0.2937665778824835,0.03643226472894129,0.05478280297578799,0.021517149984380528,0.5102578254596729,0.08051087339970127,0.0,0.06669769325449258,0.3567289155330942,0.08578236812276922
VPS26A,0.41714692207361015,0.020055160397892548,0.029256181280311523,0.027247013319914224,0.02011294734017816,0.02096080120910701,0.034021971439519426,0.09636558093814511,0.12412723000114875,0.03244911616169358,0.4423328784784204,0.23525572935154834,0.2162457856702805,0.05565541814599585,0.3486294985082466,0.831877297375923,0.8644236164560611,0.11108913821513362,0.05858930075901403,0.10246553731597342,0.023343018143337498,0.03741582929766851,0.021282693544978037,0.0564574734996305,0.1073384506157249,0.06242712599884792,0.1430574744448854,0.031168403198254594,0.0969858055966248,0.05762943465238861,0.1727645670868918,0.037931100587602594,0.11617771974988424,0.2366895515040652,0.2528609798774154,0.02377218126872761,0.02417585018498167,0.032450055619494995,0.10465580579848215,0.08038230519998661,0.05664250543313698,0.034673566587272935,0.8179918609642651,0.2706125017298916,0.5333797590065227,0.03980264845614625,0.08397120634441084,0.025661147734234852,0.06806165440997146,0.02484619801323427,0.811018357853632,0.5353763029026221,0.10318063264702497,0.4389635240203162,0.04301349542894793,0.08104896107596325,0.21655196865328083,0.09308246556405232,0.14605470461692033,0.031403894675263215,0.2109366272909299,0.07921432803129451,0.19688366400289917,0.15781489343944924,0.06085899347406026,0.04310440694466585,0.07884396530119717,0.03894893698261507,0.07272487005971649,0.26487977685527503,0.03643952141294587,0.05429016646503612,0.01999514472943599,0.08952291099525893,0.0277203524655343,0.031097543923793235,0.11414792802179057,0.0,0.35059697371905213,0.046141939097179015
VPS29,0.05147279895548591,0.06640240159717607,0.041870371227901146,0.18966512033042202,0.33051336956249333,0.045621470380168026,0.2236216795124226,0.07444829200761709,0.06717747226026313,0.11176187596683064,0.15886255403252303,0.058473760420620136,0.07436798610514198,0.036716124885545404,0.11770003739125626,0.0523041758850354,0.08325955475028048,0.4164565453892881,0.037204942007675545,0.13304552714610723,0.03069080346759591,0.03973482659934384,0.3565677180044563,0.044543985384895346,0.13326921177324247,0.05932329514550183,0.03034813152083415,0.06015031092504167,0.5284075214810569,0.5139364607568547,0.20015996550349238,0.07839908279016176,0.18222300054748125,0.16471603438857285,0.02813609888869182,0.02453466625059503,0.02147650561708271,0.07714764757215062,0.09779902728989504,0.0912526431708554,0.39077837150071437,0.028132224202180443,0.02071913185566088,0.07075225585024392,0.3061093912852112,0.28196511340606334,0.03551064648870185,0.0394806577269914,0.024169076489237166,0.030308301479629818,0.1039722966732121,0.05648180656770838,0.06626201430365034,0.2108040130696504,0.13991588129917987,0.12956657530354754,0.4729056877480829,0.0622978649676484,0.034038779508128184,0.04947560796790357,0.038778235415775145,0.09060587226169925,0.020371154450149535,0.10384120214442809,0.023343575130884413,0.07597266842560685,0.01853459504397078,0.027545722044240512,0.02919765167794888,0.057272012503740914,0.09844966192231736,0.03531004605017288,0.10390639218084788,0.20410469691531968,0.02140781597436217,0.14189346660054392,0.7629632467382054,0.39621548204586127,0.0,0.6610960351089409
VPS35,0.03465139278097691,0.023805997482935843,0.05629042628753886,0.9776523067376854,0.5242813348595734,0.6686574452186896,0.02785228991465827,0.03092691675431722,0.15477117228477855,0.0859881956101997,0.48110750944121594,0.13895551716169893,0.020768344801275485,0.24579330773202818,0.07891883459396408,0.042857811989033046,0.09458720280390348,0.025561448470557257,0.04607187793112134,0.780766375970892,0.530093179047721,0.063217732670933,0.1346657359283365,0.03289057547274925,0.08901298935019963,0.13133127601207642,0.1043572637983457,0.023251259051519278,0.019932902953215516,0.044009848574213084,0.0346002716319792,0.02610989167563133,0.027530333256556412,0.08015252460412738,0.027849023643130254,0.02529596639035208,0.04929524947274426,0.03683078017925048,0.5190126313788022,0.025369617666127556,0.13251067455247686,0.07098221265185813,0.025941590732998746,0.022346995999117665,0.018153010142883327,0.02342513811664708,0.036977034478873884,0.030870809976388244,0.031135426647293796,0.058378841176259785,0.08535257114256423,0.04002700830413141,0.06798041846859171,0.0717737252936191,0.12303693423656305,0.01993386079290555,0.021738673644101286,0.0456030956510842,0.15551472912681488,0.08962471433387642,0.040901741046681546,0.018792261786069152,0.11559157557887542,0.1767548463058775,0.043351020209913944,0.03068301511660526,0.02415017790647642,0.06921759342182833,0.03261271390922092,0.053027316039605074,0.14283024159681781,0.12304615292812361,0.026145282053008152,0.024367449447540688,0.08723794740511177,0.21252844986947902,0.16987574768958744,0.047480799324991184,0.634132018757317,0.0
