,ABCA7,ADAM10,ADAM17,AP1G1,AP2A1,AP2B1,AP3B2,AP4B1,AP4E1,AP4M1,AP4S1,APBA1,APBA2,APOE,APP,ARF6,BACE1,BIN1,CLU,COPA,COPB1,COPB2,COPE,COPG1,COPG2,COPZ1,ECE1,EIF2S1,GGA1,GGA2,GGA3,GORASP1,HSPA5,HSPA9,IDE,ITPR1,ITPR2,LRP1,MAP2K3,MAPK14,MAPKAPK2,MFN2,MIA3,NCSTN,OSBP,PICALM,PLCG2,PLG,PREB,PSEN1,RAB1A,RAB1B,RTN3,RTN4,SAR1A,SAR1B,SEC13,SEC16A,SEC23A,SEC23B,SEC24A,SEC24B,SEC24C,SEC24D,SEC31A,SIGMAR1,SNX4,SNX6,SORL1,SORT1,SREBF2,SYK,TMED10,TMED2,TMED9,VDAC1,VLDLR,VPS26A,VPS29,VPS35
ABCA7,0.0,-0.0699367937137241,-0.006610765962457738,0.07925308547362002,-0.04316063669367332,-0.04262617942434145,0.010848774777712261,0.07068775255552412,-0.02469661461078889,0.09264859511800316,-0.03543398892631552,-0.054785907373710925,-0.0025234312035337294,-0.017797834037711374,-0.029889429971442612,-0.06261287749362923,-0.008046698325380769,-0.019483809567798892,-0.02671548944224538,-0.12524439708643234,-0.06112487394466451,-0.048139360653767456,-0.10527108586323285,0.08071393214679227,0.19769730793723178,0.057317685791794366,0.036347595073507766,-0.020569869041204333,0.027958373643382512,0.12190231335379462,0.04823635206273103,-0.07299910979303308,0.0356132983003795,-0.0341564600211962,-0.035282087724308436,-0.003846835213199892,0.025030816005454096,-0.1736769492990091,-0.1226044603860612,-0.06235496985966236,-0.0034478658263538417,-0.04751289279411875,0.054259140705349304,0.13975833642921584,-0.059476874862128694,-0.05941651854743104,-0.026488050801540892,-0.0015438674632558664,-0.04785711656347626,0.011464708468437303,-0.05561245789594022,-0.07981052811658072,-0.026269007216621457,-0.030629690093267884,-0.04029065687855355,0.007817413567694982,-0.03406405607866566,-0.07917948903248205,-0.038266385064864746,0.14020670935156446,-0.16509079961158327,0.08128829509522775,-0.07556719686805109,0.05853558075724129,-0.0558832860419131,-0.018946860948745866,0.03264797798114752,-0.03444233018041009,-0.01836425867376347,-0.02572824147878306,-0.009307727787998323,0.015613068093175518,0.08917677484275069,-0.07602655566558648,0.05575657514538607,0.12343250244850082,-0.12235621831595378,-0.09163758366709678,-0.02715357563977227,-0.01682121583548888
ADAM10,-0.05681529691192108,0.0,0.06978322571350525,0.06385021011031894,-0.027543682781749734,-0.08104032765030998,-0.05153536978657783,-0.009490583538226625,-0.03748340432880885,-0.024779743974516634,-0.024623380079195383,-0.019512030836885397,-0.01885781416326752,0.02224178645975932,0.031636075128243166,-0.0014677238798412582,0.03657600765101892,0.1473859168293141,-0.05509426324732487,-0.03320718172880392,0.06263079737991992,-0.0038265099105360884,0.0165767235159928,-0.008676344872220762,0.04834204067994448,-0.055905649365038945,0.006158938311136988,0.04913089889363045,-0.02850237166333303,-0.08630043596140154,0.0009113713594360625,0.012284864221732755,-0.06943132885408461,-0.04190174958481569,0.09628781429417935,-0.013663799623841072,-0.054283462836341626,-0.06297191433920996,-4.728226691545973e-05,0.03968185408853151,0.005645816628326638,0.06080085348508788,-0.01741925695898268,0.044276127200684426,0.02139847856705745,0.08097397169104605,0.06732490815221384,0.07532523914747673,0.031137270171091337,-0.0699132050830591,-0.10994592255154964,0.007526248872411588,0.04229522860479099,0.021185363141080608,-0.02013712806211803,0.13308530671672,-0.036933481290315776,0.036547445411354795,-0.06181279390797842,0.029175178780384035,-0.032402648625794776,-0.00046067296405865183,-0.06592966802610879,-0.004773437145732542,-0.006165057782210982,0.029900362364425535,-0.12445462730275456,-0.01034354362371039,0.031754855269675974,0.06704732903869862,0.003649925007511912,0.04691919746844504,-0.0022601162709206175,0.08273070978602418,0.013104817209884581,-0.07359576429312661,-0.06667665274833655,-0.0027747553282559735,-0.033917192897407744,-0.007156905107055846
ADAM17,-0.005579996364923276,0.07250594409015593,0.0,-0.002368460939584536,0.05660139750255052,-0.047060132597870855,0.03602948005287272,1.2751030194263697e-05,-0.0984888046301214,0.0047876631541253455,0.04719032725939028,-0.03771683031628289,-0.006069260578453262,-0.06938891144340263,0.0025096853244529773,0.0687609119638198,-0.006262966165890635,-0.03534484248911753,0.07506250043957795,-0.0702271560186819,-0.08087987850015924,0.033023555633576285,0.05400080297964137,0.0030126837964576676,0.03415708606544532,-0.07585742594474798,-0.014060211381270895,0.049308519099188715,-0.08120494823433332,-0.11268484697984223,0.023241533216501766,0.07073594805597293,0.040339332013581586,-0.06646241109449079,-0.014050829815207281,-0.005140101588639096,0.16075423493563748,-0.0225489401135938,0.060957232579667564,0.046594635269239404,0.08742606474648942,-0.06640409198357687,-0.05696154670444133,-0.0038316465384631068,-0.010047360018320798,-0.0012250029258628042,0.02712965283824129,-0.04925074844509399,-0.0025560675625651928,-0.07043697474744193,-0.04977891033153416,0.041598660399590454,-0.02414112080573052,-0.07914205789298613,-0.06041464735839265,0.0738363609809277,-0.05976288643949034,-0.04121498468808269,-0.021479549085569344,-0.041412261441932795,-0.09007649303249085,-0.013026417168775152,0.05115082304519561,-0.019551972618819812,0.063542901831867,-0.005355658933022664,-0.05159911306194867,-0.053789003326970224,0.007270264090431249,0.04073530472693167,0.062298082469717075,-0.033498204165368785,-0.0880063966405315,-0.03763194839544205,-0.009545229074089936,0.10479863972225784,0.02010679614036917,0.012450706902835057,-0.021739884137665116,-0.029517650216567968
AP1G1,0.06395509657901138,0.06342518579202396,-0.0022643474794943525,0.0,0.06686864904094748,0.10049313184205146,-0.053597225698966876,0.0050828905118767195,-0.045205444067107026,0.04485042222016714,0.004118683131365784,-0.0030216013482828362,0.009158287916346533,0.022817222920591698,0.009579066511388916,0.0767959739461827,-0.008666361211851702,0.03277812195682789,-0.01964626647457518,0.07839454071603867,0.08261433502090075,-0.026623824382991716,-0.027404552846758284,0.15503881499531583,0.021687594468201902,-0.08513809960296244,0.016105315733887633,0.05549382048999352,0.00019205537493842105,0.03474792504224592,0.018676400489521506,-0.02550998179210016,-0.023741719172569026,0.005567541576083749,0.08267993691019544,-0.006649047691283321,-0.05298804078839845,-0.05827919503630002,-0.023066248401383875,-0.008359549385938934,0.011038674543636495,0.06296406668750044,-0.010506606386798085,-0.020622880865308803,0.02086033585347599,0.017084089828594273,-0.040354176045351124,-0.07406677117249703,-0.02279007967680797,-0.07334110711980171,0.024910941809888384,-0.03596946664858302,-0.0594689146717906,-0.07492044791312237,0.019868620884359936,0.03357195494573173,-0.01313422430497783,-0.061428004285825635,-0.02944210922465553,-0.010904067540359969,0.006451930775940582,-0.035959609574987124,0.03411914350968108,0.053279412580756094,-0.005633565872220074,0.07307075078966395,0.058703017514072364,-0.000791130028656714,-0.015217073313637364,-0.05262794874121237,-0.09226071403655813,-0.061162041536416564,-0.023169294691300486,0.01856372210289054,0.05442953532644999,-0.034675126169834446,-0.0354503898545153,0.010620343248912319,0.06369530996479561,0.1944607746562034
AP2A1,-0.0324604467221359,-0.02549934911905921,0.05043263620777175,0.06232039808897036,0.0,0.19033391023354418,0.030178584427191457,-0.026727809493905044,-0.01805859918201162,-0.04004794876715572,0.010511884714969359,0.06223912634258901,0.0022599062633156903,0.008892853130141608,0.023501114448188195,0.011958546267246973,0.005878524150272047,-0.04351572263095895,0.03494393433853043,0.008795420292436453,-0.04498863355625986,0.01761552786373322,0.054875673182229814,0.014967042985612357,0.03156310094216211,-0.02875598652115618,-0.05443880735534644,0.0052080462171960685,0.05764662133940864,-0.011345065951647247,0.06142078675947827,-0.042153229645042006,-0.021257965616142346,0.06051006787663989,-0.008972205277494564,0.05813498822395322,0.012583452113528322,0.024592437953893712,-0.0010077997368070747,0.03111494612886504,-0.001789807754058611,0.09093580834906735,0.001993285729308178,0.0018654295891968795,0.026874195755047778,0.004429703236148864,0.01544776816722214,-0.021615539710701254,-0.01078073091906398,0.00039226431262742836,0.03210133244069569,-0.030270065259903476,0.0030338276895182648,-0.0007326916921181207,-0.002235428869175011,-0.01449689570235982,-0.051622513300281885,-0.029349781799353825,0.014569319767434431,-0.05238072630398447,0.020782454518454316,-0.09842220437932743,0.05193843663941135,0.028132872875653105,0.02909094333404043,0.00014227112325296073,0.0945481074508374,-0.02024405089847302,-0.005785419843200855,-0.004735616185789622,-0.04578637860267481,-0.02615645550130347,-0.008417134035262924,-0.06828802107350121,0.022948762322979793,0.04454019247235844,-0.06339134279667338,0.0028481610333692727,0.08235339788873054,0.10243004497379596
AP2B1,-0.031024991184674684,-0.07260673098732301,-0.04057946069675522,0.09063848947702934,0.1841979439911848,0.0,0.03969663632904846,-0.03262294354551866,0.005598749400889486,-0.05089443160957931,-0.011385804365733054,0.09375124866045728,-0.005616847964245233,0.0025839970039783036,-0.009254606886792076,0.007921318285231566,0.02018892487779915,0.028101862311541336,0.030565120233953247,0.012968377762218349,-0.015086867855949896,-0.023450663787636758,0.021274708882973822,0.017735540446801402,-0.03775633453331833,-0.0019372802860303966,-0.013592831518543713,0.011740920033047681,0.04319802987492544,-0.01339844494399289,0.030573220185642583,-0.04946265931368205,0.007501037106508867,0.004085615192219172,-0.029487001037179713,0.05153733361226518,-0.07071245222084077,0.024661534253941957,-0.019677718811260413,0.041583293752263786,-0.024674396952101,0.010439978563967098,0.030032448515204174,0.017873652736915078,0.04099484522628115,-0.01299777657346121,-0.008219740808961713,-0.08479682529964976,-0.027999579049433856,0.014444895295670272,0.04650490768117423,-0.010055839565587709,-0.013503266006627664,0.015788795559455393,-0.02509254708780337,-0.059361325708997124,-0.031562363312806097,-0.014271083751150009,0.025321211125952266,-0.05128282432940027,0.013171040274283416,-0.02207808105362202,0.050917415715159536,0.012577309307224373,0.003338188779167056,0.039155514919196305,0.09685345570312061,-0.015037230358234541,-0.0076152770117101,0.00011760390408469587,-0.05895240867510034,-0.030928137963460126,-0.01414243235141721,-0.03118084272635447,-0.022228092771506298,-0.007830953789284204,-0.06741322294232685,-0.003902060074891835,0.023982951826402216,0.1175529785006502
AP3B2,0.008360544653114905,-0.04888771191310623,0.03289498847646221,-0.05118435181010988,0.030923318424374433,0.042031252129165246,0.0,0.00852072212431645,0.02061024433479239,0.07278997936293441,0.03596194400546227,-0.006186967050559269,0.07907506657249824,-0.07933445461366866,-0.03949172824937727,-0.04858331930985673,0.058427658932714364,0.07840377579193918,0.0033123127910902523,0.013550664631250658,-0.062291985595940444,0.030103409107939814,-0.06575193890673725,-0.12812095399985904,-0.030654140366253812,0.004028783196678918,0.011935639107837993,-0.016503369076490266,0.0008199845021129666,-0.0336937443145241,-0.019030762472112907,0.0039039216553237795,0.01151773448129541,0.025078252279192664,-0.07106463039619122,0.008394330231618112,-0.011699847262224302,0.021635830002900487,0.019251126995955867,-0.03553731817691593,-0.021242716624911773,-0.05084415687739374,-0.025658659999810457,0.04233972624919651,0.027454718584192232,-0.03889650027472882,0.0033115102267366405,-0.04952439403875375,-0.0004877843577054653,-0.0008519024353306011,0.018745386789252895,0.017479920070690096,0.07672124305994797,0.05142000467386666,0.017650007377314123,0.03610989735489784,-0.07421395813844447,-0.03291517609486893,-0.008343893137737864,-0.008544861049135771,0.03195231490408569,-0.0947013009285755,0.027686036388316064,-0.016025535989970523,-0.017069953428026512,0.008091839157702688,-0.011836494074508395,0.03168342717443125,-0.00142784607190911,0.034454045834050005,-0.008150649631840071,-0.004273402808210352,0.004263505385210802,-0.06619166736926896,0.03509816443832759,0.06259774548944494,-0.09066250249787372,-0.016346636138091158,-0.06888289413682795,-0.011185185702934539
AP4B1,0.06695807075030154,-0.011066036839190335,1.4309415633715e-05,0.005966374816296317,-0.033663206057384924,-0.04245674002159994,0.010473245478894718,0.0,0.1465675591116307,0.0015434809625005598,-0.01577016645367451,0.034120645133343216,-0.0105836779185065,-0.0009587055012829614,0.02270301607793788,0.03737901599209755,0.04496376668893312,-0.002497628671956496,-0.08034754930636048,0.0857088492721793,0.08899628561540025,0.07055575009314634,0.14818329455862966,-0.037618527740266826,0.07066128858244362,0.018355845688833566,0.04857624299442595,0.002235510796384244,-0.04196358667780521,0.053335294258501434,-0.035541213870627156,0.07877220599577675,-0.04949490423778317,0.05223944702995699,-0.03441192786394082,-0.02325000235633283,-0.009278562445874468,0.048805912691427415,-0.004065829614243547,-0.03371122822084849,0.016054605435254832,0.010139232917287232,0.029815731407320124,-0.05991196780152245,-0.05381045084764056,-0.09018795071812899,-0.11242326105847321,-0.003684628634050018,0.05199763710797484,0.0012391002090801331,-0.13772359412714738,-0.1282807206810164,-0.08850837300898651,-0.07978736187009297,-0.010059676867604036,0.0024293739499339616,-0.15560270238832952,-0.0216737526097703,0.02142138660358509,0.0644937715673085,0.024262211209350952,-0.003636147570591012,-0.05636597678728375,0.08061719193172699,-0.03172991548161427,-0.04134880427820811,0.02414000571165719,-0.12410041931745223,0.07149316013339976,-0.010213187550752815,-0.008558185902383112,-0.06120834654428898,0.04569067937441796,0.009957909348571386,-0.055605086311043786,-0.0026583328462677037,-0.09852086609222724,-0.04404310546861537,-0.03699287041531639,0.013882171668568819
AP4E1,-0.020820801143258464,-0.03889909313753772,-0.09837046953739623,-0.047227153623545584,-0.02024311865516384,0.006485086638947858,0.02254702646150945,0.13044850581399176,0.0,0.014762830001811916,0.05554952374976613,0.01889635247415449,0.0733416671741294,-0.0024646367174346396,-0.014277022241299994,-0.007985621714376402,0.0009661283077547608,-0.0030192950871014987,-0.09267649243745511,0.06372399203367173,0.009821153111415962,0.06419510766859078,0.08924251580135625,0.060818962891085605,-0.18081432656029053,0.08391640286549382,0.12016388721273995,0.0344375587832165,0.021738108025789862,-0.06292544278945494,0.004955167258825006,-0.16169177165539905,-0.021581232921250075,-0.057890884005691486,0.05948468876646456,0.026838298349232906,-0.08905670221833424,0.03368080837192959,0.09008663963999501,-0.10521507055291651,-0.05269541327965548,0.045612777151078254,-0.029239212441279902,0.02284157729312084,-0.07965562179768529,0.003449834825192145,-0.0065134916567637395,-0.024344515226821198,0.04914441075736542,0.00222745307019889,0.01134997597190351,0.0014042565679295732,0.006632647893465438,0.08363089905940738,-0.030668530449667622,0.009081788997499497,0.0023368521801101845,-0.0897671980804509,0.06624008274763847,0.03875215718853638,0.004579078924371777,0.07988329245842457,-0.022285644081017714,0.05960295188322902,-0.07250286758233385,-0.045869002848389316,0.04682900753208191,-0.005505053595983915,-0.010273787497155448,0.057165481039981834,-0.03850871282158453,0.0075602655806876915,0.020165502169883675,-0.02463401601153237,0.0521568294572942,0.038312827196192376,-0.03085863689073822,0.05115215618281973,-0.034228074778357175,-0.05755850813840499
AP4M1,0.0730295762912094,-0.024043472706659564,0.004470966297236834,0.04380941949611778,-0.041973343905262264,-0.05511819070228466,0.07445222162045842,0.0012844064028393284,0.0138028748345251,0.0,-0.041971091598567795,-0.015438629603179805,-0.001759267892655777,-0.05392588113279629,0.02465107454062506,0.006859843698949767,0.07132062110337503,-0.05245334211227556,-0.08352411749445217,-0.04916441131755164,-0.022899764085470085,-0.05482242618557317,0.018456699940965045,0.04460572946628454,-0.009490868652699035,0.05608673012097695,-0.0027550807973311152,0.01220544417697081,0.05702283558489273,0.06427716071795468,0.037167469359762735,-0.035082554543930916,-0.0036698913964947543,0.033593246003208045,-0.010367426232242138,0.04902470004709781,-0.04328388322172688,-0.01685538356816731,0.003330744181996814,-0.08091703196098828,-0.027761573397380696,-0.02501812951201404,-0.017310970676640912,0.05603417506730198,-0.010302838899738882,0.02070344015373597,0.0033095184781591993,0.007917615271102931,-0.008917123948687298,0.07971400182969476,-0.02255500080014189,0.016217938133118757,-0.0975645538247207,-0.026074548809378213,-0.028939877521910455,0.011567445338150465,0.08870420023920225,0.0726959447099734,0.0011429770099350316,-0.08774887783710877,0.048418570557673395,-0.10213378597736673,0.07503531805147622,-0.02864377087907576,0.03507143619619275,0.052080775539948714,-0.027379142179973233,-0.06541334210183707,-0.023112184896457184,-0.041911404914115886,-0.03526384590079164,-0.004140855457560975,-0.029662918342030834,-0.018720199054634203,0.03937195960874277,0.02945594119875503,0.021874743162626744,0.01512262973039731,0.04817826589354103,-0.04090916350069673
AP4S1,-0.032398451614737256,-0.027713559901259923,0.05111814261148767,0.004666632602923435,0.012779626152875008,-0.014303182139541168,0.04266713606500483,-0.015222350907762023,0.06024548959117411,-0.048684927967890146,0.0,-0.08598621493078958,0.11673669752240844,0.06589618657086616,0.013333412863873888,-0.03181340628492418,0.09546823498076207,-0.05846962059120931,0.0898055400360228,-0.00835468709816664,0.06868378565715155,0.0558605637762277,0.027346071630702566,-0.0004275413536842687,-0.07544023111286419,-0.02217732991617683,-0.022001649934090203,-0.05514555669984522,-0.02891938033809088,0.005404756896621859,-0.006458547748082695,-0.05630979505150864,0.04907522319296281,-0.04210507880362334,0.06760478139461873,0.055394166035997304,0.059328915118431295,-0.0631923970794549,0.026789606197630565,-0.013836979262405317,0.020865239736860726,0.05612822695184248,-0.009069353166271025,-0.019372105052089576,-0.03611518964177189,-0.13191281025059606,-0.03580664054648579,-0.004558644695366513,-0.08145964402327563,-0.08353141917409113,0.016967869425714478,0.06093353768023013,-0.060705876762517194,-0.0029932565791416384,0.005479196207921462,-0.02276149171509649,-0.06964492953562762,-0.001223688520419036,-0.09820286164398669,0.1506893886994872,-0.004655134629285278,-0.0055796776805216285,0.07919225573978417,-0.10173831616117128,-0.05590838853885364,0.009832899627408898,-0.08329113038388421,-0.00645854855136911,-0.04219457362744477,-0.0973663677932209,0.005241106444969457,-0.08200773600371021,-0.010159523600572406,-0.09344483079336625,-0.0326219161576576,-0.11539595495858858,-0.03191617035627886,0.09420751223494392,0.058332107752991205,0.09810985107650128
APBA1,-0.04466793319446345,-0.019582580029405598,-0.03643175169349661,-0.0030528480222440438,0.06747203938080636,0.10501922321774622,-0.006545622042935138,0.0293687508542577,0.01827447750384332,-0.015968929526775165,-0.07667461803600155,0.0,0.08234569941346472,0.010031034545006262,0.020045250504642613,0.013526095955216715,0.06439040210352394,0.027529080893684135,0.05619763185889531,-0.050961829924055145,-0.016367527094518358,0.005738697374347034,0.030918963862327366,0.09472539583332923,-0.015634816747084182,-0.03418257373118558,0.06126383321221256,0.0013631718915595753,0.012587344093724289,0.017023378909768135,0.026875867827517854,0.00819298268621714,-0.061922489441938934,0.03192223380621826,-9.572440561160503e-05,-0.02404950986151071,-0.043310664510488546,0.022531017459368526,-0.004816807749140135,-0.025107139311864753,-0.0773939496146373,-0.027409169739685484,-0.007194272290660559,0.02478809391041037,0.12752543463261545,-0.030664509126491088,-0.07566729502847358,-0.051066159603512525,0.10055270567855072,0.07569578863400317,0.07666483829754901,0.04171924411117038,-0.07259998103449462,0.06385856543741485,-0.005846079390145863,-0.06081805429608842,-0.10965156166784554,-0.032364374736169224,-0.02778283929060243,-0.0771448534166398,-0.0031265015742720165,0.034119370983936054,0.01578033816053138,-0.07556350981496632,-0.039256863376923405,-0.018275969916775804,0.0838856135454107,-0.043923583832916016,0.028315844665270342,0.10549735350485405,-0.02962510370966237,-0.07088881154016907,-0.02896483819956639,0.06565426136176952,-0.060217408397042226,0.05344487983805353,-0.0058132842114998915,0.07052829103183053,-0.030526897402841063,-0.054400192356115776
APBA2,-0.002113357252384243,-0.019440759984873084,-0.006021921637262647,0.009504663857966443,0.002516548041822972,-0.006463070005325895,0.0859344176510401,-0.009357488595733944,0.07285715623520225,-0.0018691901491195676,0.10692632550848687,0.0845853933229456,0.0,-0.06599508029441888,0.09410764973219211,-0.07671711982273699,0.08388684038882106,0.050161713898472,0.07134902830801093,0.036507109980592534,0.028637794493686138,0.05600955171678808,-0.050327973252502316,0.024842452882765702,0.0029214487387898783,0.0009216415669624648,-0.02639776191755852,0.059684939569559795,0.026721612612778212,-0.04988103453825395,0.059290834992288204,-0.034003033541141994,0.10153444570504944,0.0970859378833882,0.0682141312511278,-0.07187168018598335,-0.04955896619058458,-0.0034345355483370752,0.09482718566622327,-0.16897812877111887,-0.037556621473718604,0.0560514331660808,-0.013914562097631224,0.025252897097890543,-0.005648439595272437,-0.08380811536725641,0.08562351334550555,-0.08570267421438049,0.005393008706349015,-0.03142312467355761,0.03983628838352112,-0.019471179008343692,0.0072690919565743285,-0.02711480224649276,0.03481769432016903,-0.014762899918220452,0.008244966079722851,-0.003285050733531251,0.0014137884151236685,0.0481222374765,-0.004404450158545822,0.04953627462699865,0.0011908002012274799,-0.034700612045809945,0.0055480370496722034,0.02476064361371032,0.04990580083520691,0.09383397298315287,-0.05470306085518801,-0.030440938256304836,-0.05666991158746136,0.0284290771045853,-0.062224159210358385,-0.055754114723292954,0.07837966352826577,0.07738914415676013,0.05663379345029464,-0.0678080047081073,-0.03696371981219225,0.003666542601549843
APOE,-0.014824364757642107,0.022804420675262147,-0.06847260969033332,0.023551183977639997,0.0098488020746367,0.0029570977943089776,-0.08574659884666995,-0.0008430151920140737,-0.0024350161288837274,-0.05698312296046793,0.06002953958875977,0.010247729817699197,-0.06563553835171836,0.0,-0.09845401232427314,0.01686592770258058,0.009178021960289539,-0.003908613119776277,0.037426404866839125,0.11560520827662206,0.04520751114877774,-0.09880054936740232,0.07233509448702223,0.030986022145992508,0.051919908425828894,0.07037918007066116,-0.01063789337295154,-0.014048616867951667,0.11081674988302627,-0.008712859101381084,0.009099097507061569,0.032800437090003416,0.0050305474675461535,0.014087749072559696,-0.009455741371606131,-0.013489990047665894,-0.0445488957309705,-0.0853567316133925,0.060578830221752644,0.007273023023764727,0.06326889635697362,0.011057810986035387,-0.04704842998378184,0.04018834401856707,0.07755852367958622,0.010408375394698204,-0.07185007107059624,0.05878485700030464,-0.03858775286445055,-0.05300878790257484,0.031783735664205635,0.023465780274737103,-0.039851830403197425,-0.045296428772781186,0.07460205368848964,-0.004215315348031995,-0.0446071044099094,0.07215403877029623,-0.030570313413383822,-0.06423922914459533,-0.014840652022294613,0.015117005970899386,-0.015646985576915986,-0.01280879262837352,0.03866409302469031,-0.01510519294159846,-0.015268647974535627,0.016621522691123856,0.01931268673728059,0.013000130250917737,0.08964826444301142,-0.09664719701474377,0.0356514480016239,-0.042917744406555894,-0.018917706821354238,-0.04729074851823795,-0.006710023333279637,-0.029217207785127836,0.01832169695838276,-0.07197061280416017
APP,-0.021643895555203563,0.028199462635464956,0.002153054059627734,0.008595714963707025,0.02262765793106592,-0.009207474283696681,-0.03710821458737424,0.01735571842674797,-0.01226296309850307,0.022646115042811815,0.010559781067820403,0.017803372796064344,0.08136943020105981,-0.08559379397341532,0.0,0.005917292147896321,0.0020762410544478624,-0.02613581026989129,-0.05723046925789453,-0.029224353976166836,0.016611529458711624,0.013778804338953631,0.02806065799173047,0.06547786372789759,2.30203193591756e-05,-0.009420772123855494,-0.013882982556522976,-0.0031625451494828164,0.03399929424508347,-0.025228464761864904,-0.04148057509547836,0.001339812407549948,-0.028279960521203174,0.02045769427910375,0.0411735148169625,0.06392117897268304,0.06057534609741565,0.027360886502375628,-0.004260353947049494,-0.05628388106046244,-0.013716511402443616,0.017288889687574437,0.004761793948744997,0.06930884468511007,-0.07693285918773322,-0.018826266333792786,0.01892532562333128,-0.005344332306786861,-0.04420528263940385,-0.005736382034763468,-0.006391477864733512,0.019619067369648423,0.04827970606749412,-0.038095690283629184,-0.013268148567807166,0.0008447510421354238,-0.060176978866081844,0.020095684566231037,0.04345292924179241,0.017986517362241817,0.05883426109466741,0.03944180373882781,0.06433981900007762,-0.06916877732257767,-0.04164683136425106,0.013347103481724592,0.02530621176827153,-0.00011789697531883692,0.014996022657337252,-0.0035220340125550046,-0.056448250294576605,-0.03456753570386035,0.06004199011000069,0.04592719625643029,0.012566520137831957,-0.01207411823143371,0.06737854129644527,-0.0843732785601223,0.049640181002503586,0.038571793856684716
ARF6,-0.052626626564158625,-0.0015185415050345463,0.06847016324887442,0.07998735605429116,0.013364527453657578,0.00914753489467947,-0.0529877129391908,0.033167365397979764,-0.007961421014362062,0.007314693731130313,-0.02924474447025186,0.013943998711915678,-0.07699326011733228,0.017019357607036177,0.006868265640203101,0.0,0.012541521836078666,-0.04560213233148538,-0.002712623728502834,-0.05253691989984531,0.03741706484675895,0.08552683133565521,0.03304162847692997,0.006407074868682368,0.016035958960955887,0.08555348731317051,0.0086655466992228,0.10444237946883064,-0.021001978277638837,-0.06982086313163828,0.010409907238830781,0.17982804659868995,0.07550366330061081,0.06730699198687494,-0.0437642626597794,0.04280202951737291,-0.006284756273583778,-0.022760239772702983,0.049920512542237734,0.05927815521737553,0.11541076295087259,0.07994053441815713,0.058417429606513284,-0.008761720714496641,-0.0339958538913968,-0.033061758006839914,-0.020892715873492333,-0.013827262853216109,0.00814105766125234,0.009508221608362588,0.15534757689815207,0.15849215491188207,-0.005435770751151785,0.012210310100574424,0.0626123361719125,0.040048468712099154,-0.04237931516660418,-0.08288346949897334,0.07104720964211032,-0.00672996579321614,-0.018837548583369373,-0.04167302320141037,-0.0707151047206556,-0.04793601709565301,-0.12719261408777888,-0.057243200923542355,0.09160720541971058,0.020803551174625966,-0.04767469696412614,-0.07681254012161871,-0.0511838005878163,-0.03073245115751811,0.009020745773946197,0.15682995531156535,-0.04440997810779941,0.005779707549613544,0.009143023487818907,0.13997477163140953,-0.027576065564789747,-0.02234839953314907
BACE1,-0.008946079411837572,0.0500554956576413,-0.008249221425633948,-0.011939684079305735,0.008689938167896755,0.0308384799465682,0.08429069547825734,0.05277387169944049,0.0012740598353357788,0.10059356581827833,0.11608329122118625,0.08780296209513186,0.11135953701461561,0.012250538572430717,0.0031876821210037403,0.01658912191734678,0.0,0.06195722210889529,0.02554356320158236,0.0769759631737562,-0.08153705350257963,-0.0080371853903685,-0.011921282125627966,-0.06479781935360378,0.24545237489571417,-0.1144949417766566,0.11688006539951448,-0.12951463690808374,0.047109660560677544,-0.05706889895221151,-0.10633210574370171,0.023107479726775293,-0.015917807813384303,-0.05202488307444908,-0.0014047880438941658,0.08675127253003878,0.008918942637163623,0.05346901518633457,0.0011642860516928083,-0.09541856249328595,0.03914709669727626,-0.07605214478284975,-0.0592912907727452,0.0451155840837859,0.04403777869973699,-0.06184266674314503,0.16303438414752566,0.022648237981195193,-0.023956631111792928,0.08386177560561865,0.08288103922254261,0.028473559397204147,0.02389600966335591,-0.0604234518151787,0.060572754196552586,0.01808885124841747,0.014488560885959388,0.05979265367340262,0.03934856500391788,-0.04305603545061914,-0.03615307369882802,-0.08622239501433515,0.020147330532933678,-0.06773944737219027,-0.09348839659495918,0.10983308566875657,-0.05356501698344538,-0.06626382861828077,-0.04261358487567216,-0.03586107176273143,-0.015930866387584564,0.08403435527050782,-0.08950883152923751,0.01604414253834523,-0.07827894880971076,-0.0694622465980673,0.05659310354583459,0.14631319369472714,-0.04002846273923115,0.0435282805197452
BIN1,-0.014219544580853314,0.13240617379264977,-0.030560167333411475,0.02964400636085783,-0.04222711016091569,0.02817809665258064,0.0742497356132907,-0.001924336087256564,-0.00261370976055238,-0.0485651834072292,-0.046670008167608225,0.024642032380377394,0.04371220639651498,-0.0034247238385451536,-0.026340861983691774,-0.03959634435622576,0.04067136229265595,0.0,0.009404918621073987,0.00218094343207301,0.08946686662361607,0.05681367547799327,-0.061123163774577265,1.3056812450140043e-05,-0.010885367266220075,-0.019448284493180652,0.025799547626811196,0.04905634544413799,0.03672802566746486,-0.04811051207138515,-0.035828813681475585,0.041383236533399446,0.016314972474151833,-0.07467091625181638,0.045333485742879695,-0.011454525973933491,-0.09106903265602502,-0.05616492736165613,-0.0564363373219559,0.016898602387941934,-0.007636159972800498,-0.02529578424873478,0.024059225683204972,0.039737965563758984,0.07496721904868141,0.06450763403452756,0.0005165182470620837,-0.04710950019751453,-0.006093163339358792,-0.0375643461383194,-0.024229582804039588,-0.012458544772163346,0.03296995550430953,-0.004086046061453978,0.023922430031749486,0.06310204536312905,-0.049602630817136506,0.025900054893922785,0.02152118110029177,0.0029177652700660903,-0.04498387706342663,-0.04824271001779819,-0.035998169538784534,-0.025096315933177266,0.02753593406489138,-0.004950796466229834,-0.07436183202054655,0.06996670909614304,0.0030080589440214796,0.10152320790357532,-0.05800311136685288,0.04826669949512638,0.013007870533564548,0.027317564796231698,-0.007010481530015748,-0.012654818530027935,-0.045293259671155585,-0.04800839908744014,-0.09156658005176974,0.008980595919507882
CLU,-0.01847099057264018,-0.04688931289470647,0.06148482554947273,-0.016832479799051354,0.03212419122927597,0.029034737365054707,0.0029716969311352915,-0.05864634196106727,-0.07600403135225085,-0.073262039490383,0.06790878660148866,0.0476560527181081,0.058902491453229414,0.031066778659533577,-0.054643254989085975,-0.0022313861799522373,0.015885229784601145,0.008909847742917906,0.0,-0.0022768282254611665,-0.052821937248676336,0.025099042619149324,-0.014937924974898598,-0.03138026332738589,0.035497711560342184,0.0051690765598162505,-0.042429381206201,0.04111579028460092,0.0237401493127883,0.005216393036484746,0.022003124239029743,0.048486887298026436,0.06087886689083612,-0.0073304465612712534,0.034177669445365155,-0.03405844147185202,0.019957103782064573,-0.029018749780099672,0.0012374750921826647,0.0009665641726953106,0.004370458150491363,-0.02569089743445371,0.011723945632421594,-0.033620724277647625,0.07521109333887636,0.006388618460448379,-0.007431153637732162,0.015331929525274696,0.012026854312082771,0.03901601847312191,0.07084371830745713,0.013958859478004846,-0.028608570513050647,-0.01392004701842276,0.026145970056440444,-0.04082917290799571,-0.036065377963361706,0.002415658464897062,0.015185861314214965,0.045144543848407694,-0.011011846528645744,0.01195590349877672,-0.060573292233976596,-0.021066992764419496,0.0036923570378156927,0.026439019996157814,-0.007789390153113766,0.02532657068078265,-0.08793512241695177,0.01641344755822853,0.0451158783262959,-0.004141255169026784,-0.054538194194978046,-0.02086701092233363,-0.013553324733142068,0.02300645185748509,-0.03015244352196383,0.030579315121552177,0.018665025729546668,0.024240360395254422
COPA,-0.12082173786318968,-0.0394329463615061,-0.080261952283872,0.09371597155268216,0.011281756432896459,0.017188467861433784,0.016962641801220896,0.08728782620520392,0.0729171582370135,-0.06016967593905672,-0.008814805849206494,-0.060298260942210614,0.0420516243724696,0.13389218612701667,-0.03893264362144574,-0.06029891677377606,0.06679237314475403,0.002882832185006776,-0.003176800825096505,0.0,0.0684417483386867,0.026547437669213168,-0.07438844238028994,0.0037115147180858342,0.04732471481423964,0.07767534049441968,0.010078943433724594,0.030779838260171666,-0.042903674359499336,-0.09756987516022148,0.07895695614147384,-0.01707418901338186,0.008511923023145674,-0.01719212432946125,-0.02026820174304533,-0.017309722361178084,0.11212766356293934,-0.004721776123569968,0.11675635888681228,-0.01606541748873737,-0.05409954352921425,-0.006287998258962962,-0.11707492640116579,0.032634550759448745,-0.08304684447267206,0.034360579252044256,-0.050665835786716795,0.08828441149267247,0.019141727967726223,0.08395656591014844,0.04025024887198455,-0.10939042975759201,0.013608185083065839,-0.12466547808248502,0.07252687626479556,0.02593161133916026,0.0998511702852038,-0.09997237045898263,-0.02986821295854121,-0.1313304047746072,-0.032169045043499156,0.03633260581322082,-0.017765349976539335,-0.002687432752546724,0.00359780408362827,0.037661457541217205,-0.024452517257385453,0.07150951581656058,-0.017244954548611507,0.09604702408849229,-0.008513492589677834,-0.05041735237451357,-0.003080931794519232,0.012029792533846544,0.051763890860883024,-0.02174340541095429,-0.1067056596114943,-0.04574687506442167,-0.0531426228685139,0.1317534508251554
COPB1,-0.05091210810854425,0.0642142599741919,-0.07981076252448667,0.08527064246922983,-0.04982407636143719,-0.017265013885823625,-0.0673257810946266,0.07825574436800273,0.009702989775666623,-0.024197704520520755,0.06256812176786813,-0.01672088165718074,0.028481392733449344,0.04520690365922491,0.01910710663692355,0.037079250867074726,-0.061086196907675944,0.10210653064971087,-0.06363416900485462,0.05909318891193039,0.0,0.07695574430889951,0.13958190334550158,0.11590182901601652,0.09372137643910639,0.17307003146880617,0.03708433470325116,-0.0017467961151823109,-0.06997597659645148,0.011837637860002756,-0.052798426288343525,0.01861088469361084,0.004359196729319748,-0.08271676429227044,0.030907586720963533,-0.0036585288232934116,-0.036736297991131005,-0.048798455535204295,-0.07302516641033306,-0.015235244340724718,0.029889994478179895,0.025135788550875796,0.03181251579593896,-0.0042476893227901755,0.0039225351199103295,-0.0025441498607577414,0.02000358420980599,-0.05905725590255886,0.0770658375762346,-0.10621793522934411,-0.02641317988447858,-0.041130796446652504,-0.020573386916124967,0.03805040354603988,0.0761936588230422,0.0818032476738461,0.02993284504545106,-0.033973798461003256,0.05151002767928193,-0.049825445578772866,0.01740727689833781,-0.03237121749287248,0.06443279481032145,-0.06975577990174048,0.07115876731101821,-0.03809000073704335,-0.049438034097756274,0.039552182049895385,0.051344406005029236,-0.051056769468932145,-0.07510635238023612,-0.07371525994792359,0.03148580734326093,-8.577455994822349e-05,-0.042501727947427924,0.005642941122387971,0.030422677660747563,-0.00665406083615211,-0.013684484978448434,0.10301295947152969
COPB2,-0.037783871968910324,-0.0036969997633326504,0.030707739022587086,-0.025895100618044894,0.018383794426613462,-0.025288672086369115,0.03065970318578937,0.05846282513698581,0.05976515674706221,-0.054588913655042634,0.04795205763972771,0.005524493501670027,0.05249123491114634,-0.09310147524693459,0.014934816093630253,0.07986686843669216,-0.005674075363132457,0.06110084524796121,0.02849287333132217,0.021599414607273795,0.07251771016232321,0.0,-0.0021371465349958292,0.04552250804013339,0.06631091795347313,0.009637242766179572,0.04690764808626054,0.07941561398586576,0.008396492729096679,-0.014436999155252676,0.03335238916342273,0.06796738506698943,0.1051060914877152,0.0024163517691862388,0.0971547052207626,0.03087778006456534,0.032064405693223254,0.019896786685315537,-0.060338882814201196,0.09302066186155752,-0.011933136476818115,0.062483704860711684,0.043407734336086294,-0.0002614925135758729,-0.057999619813578165,-0.06340202567973603,0.02311761490866764,-0.09800074308305971,0.08701227051571674,-0.02800860792640333,0.018823850563423394,-0.011140651846470622,-0.034187034755043214,-0.00953252015749179,0.058337440360744654,0.008383857429969097,0.04146078655796029,-0.035514498410834656,0.08074042174846326,0.01886558387788155,-0.005770163174001703,-0.0038707508941935435,-0.01086526057184165,-0.04309268400114117,0.01821756129127012,-0.026117007138253528,-0.027143568800422724,0.03901982944410808,-0.03818119781426305,0.01039344662926286,-0.05852233601499752,0.08858242332922575,0.06177447060972243,0.043546396426662436,-0.0396753837820943,0.03371155942264989,-0.06823846295921641,0.018811808642818645,-0.02037546447108299,-0.03260334897280259
COPE,-0.08790859185083484,0.017039676761920357,0.05342448013490404,-0.02835867666524556,0.06093059681398991,0.02440903379559107,-0.0712486938566791,0.13063595034155287,0.08839628509886382,0.01955313189705456,0.024975429070750507,0.03166796479088162,-0.05018225958146064,0.0725207579037611,0.03235953515602586,0.032827801251176576,-0.008954269420412901,-0.06993848739264552,-0.018042031764446572,-0.06439333438734679,0.13994205052432804,-0.0022737901392701192,0.0,0.065635951214132,0.038377466905625296,0.10724789651552354,-0.020621428469770737,0.0419375642430601,-0.02967822122919434,-0.03007855024156123,-0.01312215046485091,0.024273292179016265,-0.0062480091806858306,-0.021882341598387697,0.055097084428442994,0.0015343897275138423,-0.004114061616701577,-0.01535372256365651,0.03187016262652967,0.058242430902622676,-0.052315751809405474,-0.009799792092308865,-0.0938962009041403,0.05371887655825489,0.019963855605630944,-0.02106725996053308,0.020705976497880824,-0.08234419359460467,0.06383711982262723,0.016329557437200964,-0.05567197626541311,0.04637063575385406,-0.05611858576852567,0.05779737071843723,-0.01492760721584473,0.04348373026459094,-0.042356828256681724,0.04767961524994208,0.015367695829870028,0.00848512251395045,0.17244304145059794,0.03972846149558643,0.005534363809826931,-0.011424206563318776,0.00784430230378411,-0.051752206889420116,-0.01300937188396124,-0.1328603883365742,0.05609281655123962,-0.06971714875116077,0.051364913543301735,-0.06568703559367202,0.026914084861858333,0.008560385827854188,0.031889389068082453,0.07445662718462916,0.02115614265682018,-0.0042912847361122625,0.08524268466319522,0.053491995327675845
COPG1,0.06350386279167684,-0.008402893930314976,0.0028081678038662885,0.15115868256903353,0.015657448580212605,0.019171708046848812,-0.1308030660763321,-0.03124601771105962,0.05675846429505949,0.044522786908974925,-0.0003678964151413693,0.09140944404559867,0.023338055221032994,0.02926904316317404,0.07114237223882038,0.005997490486326947,-0.04585608770530033,1.4075926575105974e-05,-0.03570928626973684,0.0030270253163932324,0.10948101716064271,0.04563222825488699,0.06184024487149707,0.0,0.037661417316359545,0.014362104106108418,0.056012179022976956,0.04115465812298824,0.018196673161265647,0.012546384205975128,-0.04144412855133817,-0.08044600842084376,-0.03645615522832688,-0.033871644198789366,0.07998112881899473,0.012959086471141239,-0.0016813703758663397,-0.040633330409110734,0.03200913630549574,-0.0226159535856097,0.018597831836776244,-0.024970843391361665,-0.024466847471629704,0.0729366330429486,-0.043713457098841405,0.07504572949251909,0.02356391736358172,-0.08441002930314545,0.04531858555218686,-0.02601569526395514,0.0339824650850362,-0.03211627031215147,-0.10313955667756534,-0.02946515545915247,0.030625352900982485,-0.024131690836158633,-0.028327288775244618,0.025480810378657716,-0.0498651266615031,0.041062327985806786,0.007407931370120213,0.02739508873221225,0.09069004500831991,-0.048880380390716634,0.1026460236964115,-0.06363051721724798,0.015364119380581708,-0.005891200471227029,0.03635155705202136,0.0012443040861420203,-0.013764461845571844,-0.06122137640969749,-0.021506059633959664,0.011627621471314733,-0.012736384146146175,0.024133045875298385,-0.003320735928348353,-0.02959615590994641,0.023357210196985133,0.015471862728028895
COPG2,0.2628704511312115,0.07912367160979139,0.053807113557728714,0.03573496975261216,0.05580254797579823,-0.06897561513292093,-0.05289033029710111,0.09918906808464169,-0.2851765702126749,-0.016009841610942467,-0.10970838333544254,-0.025498040771877208,0.004638289329549793,0.08288310130958397,4.2270225264769634e-05,0.02536845871737371,0.29355752954662023,-0.01983226379279687,0.06826755039264278,0.06522922951850092,0.14961549353499415,0.11233624736077626,0.06110758211437827,0.06364818693178315,0.0,0.0913515358090088,-0.06893822811547982,0.025856498371142164,-0.1706575619678844,-0.09783141578810929,-0.04626815129138273,-0.12303956350496915,-0.00610104014548208,0.11538377707500348,0.09857882512947869,0.001977370331795578,0.012873133557698431,0.1100497925888288,-0.0657239464786023,-0.07000324321842966,0.1275816616027636,0.04146285666970127,-0.11189422346179112,0.03699193679639146,0.03423014898313139,0.034377898970036125,0.09091655008966157,-0.0950433327398355,0.01958369126972518,0.030752956710810114,0.0846874846950821,-0.09886652281664474,0.0069113481798751064,-0.09911291205986392,-0.0691332425696109,0.1334252096173188,0.07289122864829499,-0.018579289890294486,-0.04547218693957099,-0.10848191605082652,-0.012273110151324028,-0.05289089324442795,-0.06173072524075727,0.2034468350598899,-0.050123763205366746,-0.07331046659111554,-0.007706315188544773,-0.014416309337253757,-0.010257161243514366,-0.029831596295126293,0.01648186563179566,-0.01685928743120622,-0.015515725645778683,-0.018236368341212287,-0.10732972155027017,0.14849769601951146,-0.0812999564024718,0.04704448568241203,0.053191070301099444,-0.04185634170055618
COPZ1,0.05500629634753848,-0.06604195038534452,-0.08624615150173352,-0.10124853053342434,-0.03669318230145305,-0.0025543532542716997,0.005016996250557424,0.018596850378804836,0.09552358309292763,0.06828478328254253,-0.023277096351590882,-0.04023476944774094,0.0010560983424589125,0.08108845394931052,-0.012485112465983057,0.09768313849185609,-0.09883141838742343,-0.025573681066380877,0.007174797859960225,0.07727164374992383,0.19940797620915607,0.011783394373510486,0.12325096239325106,0.017518228609525396,0.06593235602360378,0.0,-0.0001689473348728966,0.014270119278234386,-0.001669056774215407,-0.05003421200891602,-0.04736002280030335,-0.015009530622577039,0.070876087444223,-0.021955367035957157,0.0012923464651408507,0.02669281195404297,-0.005599381682452098,-0.05416938096348532,0.10718682454915637,-0.03203223959960481,0.09411123102806102,-0.09428401237535147,0.10419195876857039,0.08238988842118063,-0.04267225171066756,0.07644683897298025,0.1041241351397291,-0.09607985190388223,0.036946934189734416,0.09489020475203433,0.06467787310896207,-0.008741785422841318,-0.003600113255135207,0.10803307955470792,0.030854936183165302,-0.033530839311135145,0.07290459050057385,0.010908055922100974,0.014804283824682135,0.03604075872088708,0.08687195007917474,-0.10005105072520702,-0.13546168126439145,-0.07585046088793106,0.06379729690414614,0.0022860118008928235,-0.026387639552886446,0.06723778048090746,-0.09869760681723745,0.018571301837458438,0.0302790450957645,-0.004799482647986231,0.07290480639043402,-0.02693574231138474,0.017899419759002572,-0.040322663465207055,-0.028202159753798185,0.03226763513360592,-0.0309100637331837,-0.0527690279560957
ECE1,0.0270335969748804,0.005638641004744882,-0.012389046127783084,0.014843571782477416,-0.05383566799570038,-0.013890018670935554,0.011519137305571562,0.03814110913615169,0.10600884702847715,-0.0025995761918009602,-0.017896956985594244,0.05588629531768718,-0.02344303369775114,-0.009498933493532135,-0.014259133489077026,0.007668002605400633,0.07819042440300614,0.02629229120699272,-0.04564232932030431,0.007770632850820195,0.03311429719526537,0.04444937605822684,-0.018366427085733324,0.05294914894922,-0.03856090833591895,-0.0001309349968350764,0.0,-0.028018148659582714,-0.07431070945692156,0.08603003756196177,0.003078571543881831,0.009088489885140254,-0.09852031435946379,-0.09931550260073238,-0.00019205494820193596,0.019995022818475008,-0.03102117353512241,0.06746172512363464,-0.0010102905405758682,0.01664141005726528,-0.020397099211531787,-0.1007545181072017,-0.012264804568930041,0.05631668523530253,-0.03805718406126209,-0.09732683473798948,0.06958212905621655,0.017270387663613496,0.04347205330335372,-0.06588940615745854,0.03723158746498659,0.0059195943726163104,-0.06652877622227021,-0.012092512291657786,0.045608762071519024,0.017838923007970926,0.00043057693289198106,-0.058025435587942376,-0.026057201065060386,0.03942209865255585,-0.031066608266262893,0.03311226597555545,-0.003694410937369221,0.026137879818688065,-0.08259612911307533,0.032364919095334045,-0.041351146709030034,0.040350550126897845,0.021970615578734195,0.13688965000809633,-0.020149645522402074,0.01487555787601073,0.0003396661026540835,-0.05810046770047432,-0.031662722885133915,0.018659223766296563,0.03812974197557848,0.05524689042636664,0.013394946065495007,-0.046256965987718245
EIF2S1,-0.01571523901968003,0.04620453580091769,0.0446302469323647,0.052538190273567244,0.005290511270912899,0.012324131850955497,-0.016360937994881978,0.0018030487853933144,0.03120770340979679,0.01182995547650815,-0.0460782290796748,0.0012773593385828853,0.05444685176696168,-0.012885880306947373,-0.003336632697867654,0.09493456235385202,-0.08900067227171299,0.051353830631157844,0.045432962329423406,0.02437636957360843,-0.0016022437189414185,0.07730173098749167,0.03836811349195964,0.03996288419200572,0.014856556504570904,0.011360391817705134,-0.028780659772693038,0.0,0.03962802406033607,-0.12088137814508378,0.054576715018378526,0.014165038114812456,0.08435648522838816,0.04460090063629255,0.012761242722966484,-0.06654991795578835,-0.027034230116367193,0.019527833594793653,-0.04640458739589871,-0.01809330005086805,-0.0439738654294896,0.07852370898356469,-0.015498822706489591,0.09136757259437897,0.03219972005449457,0.022091183396128214,0.04524173967712484,-0.04992706635701554,-0.035831176588342104,0.03453401353796478,-0.009988351657306471,0.01960761336675438,-0.1398561061198368,-0.07471299356811814,0.07588920345484113,0.0614172760835986,0.0054714012173832744,-0.038624087222337664,0.019603128680626542,-0.011233994376974228,-0.06447571584614921,0.016661266543339142,-0.0584575738077984,-0.00814827553930055,-0.06363910009472702,0.030976012215962363,0.02783200315190763,0.022436624336326882,-0.024120506902068486,0.01212169047271437,0.08907790662156294,0.02544103244731957,0.026819238046333002,0.08997376382613463,0.045051968568844296,0.00402359101874672,-0.02539529562214062,-0.014082851439707087,0.031278166358250384,-0.006553245960189742
GGA1,0.02145155786657131,-0.026919585524856533,-0.07381545358387097,0.00018260573734933715,0.058810401098918386,0.04553817429287914,0.0008163919229426919,-0.033990752197641874,0.019783752196841285,0.05550547194861718,-0.024267872569828673,0.011845517482388851,0.024480943228653282,0.10208064409730708,0.036024589252415105,-0.019171905011146538,0.03251186466026525,0.03861292530415109,0.02634531084776939,-0.03412358476035464,-0.06446037047593471,0.008208025669062199,-0.027268583571180453,0.017745461132182852,-0.09847623921611487,-0.001334425355780101,-0.0766602421082041,0.039797875273036486,0.0,0.039505012838060106,-0.007823654571272877,0.008446183035240107,0.019718128741965414,0.05808686641830259,0.0044859640513872905,-0.002250507168125277,-0.032260552024899365,-0.019586176646101468,-0.038366974483943106,-0.09099655632803377,-0.01647802725996942,0.0018442951522311495,0.10433518944441844,0.043935158740234896,0.09402046515006601,0.04553049530645374,-0.022287014464831133,-0.0026446519130701607,0.007120528257861077,0.018369424562790306,0.022936575405507614,-0.004908524726170189,0.05029210918933843,-0.05121367499751623,0.08055875357138566,0.006985688666794549,0.027483021210465686,0.05651439061968905,0.09201348720180257,-0.010053375812787077,-0.036240712771333214,-0.03171764083213639,0.0415552760101281,-0.11324572981117507,0.06522280693717458,0.032244960194181736,0.04946432294358371,0.037716074380607784,-0.035412910621550525,-0.019534065262679676,0.050072128053370885,0.01927569175310022,0.07596715405854629,0.026336763657969803,-0.0017343502829684089,-0.04024392186505576,0.012882200912363743,-0.04422065903211391,0.10284381468284091,-0.0026187686346101306
GGA2,0.10502552175890012,-0.09152428133774038,-0.11501812564928746,0.03709819643014084,-0.012996406168958044,-0.015859958198166428,-0.03766849760029533,0.04851084481461603,-0.06430565541740005,0.07025538893528806,0.005092779287238617,0.017988778209600428,-0.05131412208387391,-0.009012279491112643,-0.030016214931163594,-0.07156921351502643,-0.044224951450190564,-0.056795126191296896,0.006500191558434416,-0.08713886080595223,0.012244606883523116,-0.0158472419473455,-0.03103255826518876,0.01373883302333617,-0.0633899229691608,-0.04491859959129304,0.09965632303671491,-0.13631788492054017,0.04435965655482039,0.0,0.050239680190559945,0.11004176355922801,-0.15757231173339362,-0.051261108544388395,0.060278250487628894,-0.03690271274292871,-0.11886867492272017,0.061894486311054236,0.01180841324462608,0.029655644937212646,0.030894911157977278,-0.020565816163318054,-0.0032970045552190934,-0.031249871397176446,-0.010676055479278116,-0.043218607676372006,0.00551761960089811,0.07243857190990283,-0.04192914514649047,0.020484206563670643,-0.020119720561209354,-0.10031196344479515,-0.0044495765278166335,0.01403892398261327,0.09214750306503412,-0.12114183058064014,-0.04861553149092961,0.023955981010012145,-0.05965293525746035,0.0225856836261546,0.0309346946293505,-0.026689211191494082,-0.00024187872296663822,0.030128320701815293,-0.0359752001125326,0.060408554899878474,0.0058351305171141015,0.015194284149755112,0.011727667162249385,-0.03690630028013653,-0.050437691432702186,0.06397131433487553,-0.04778288789963582,-0.050297486100685,-0.028706707710641443,0.015512677242003078,0.07538666452193844,-0.030140871918797617,0.10139400715177671,0.023041645724035976
GGA3,0.03606758335033363,0.0008388385900730251,0.020588524744484908,0.017305206500870578,0.061064852627161874,0.031408595306088805,-0.0184648123761815,-0.028055375539350034,0.004394818000043503,0.035257022859270765,-0.005281694198709192,0.024647795691004858,0.052935705419672206,0.008168305403698154,-0.04283211893413542,0.009260780239517437,-0.07151414867945972,-0.036708209820299605,0.02379577683131559,0.06119926602810926,-0.047398048638440306,0.03177337836691552,-0.011749662183881446,-0.03938709604840258,-0.026018587741980893,-0.0369003710943526,0.003095021604005649,0.05341466582131502,-0.007624393852298528,0.043602014355928816,0.0,0.039867817587627925,0.08935668605442118,0.022892983202608214,0.028358944588022492,-0.0017080850793243058,-0.06305132367460348,-0.010775129100959107,0.06224023699263649,0.03682226444906109,-0.07236013082920931,0.07918101248297213,-0.004258982651430296,0.04520682835339402,0.032672681442625987,-0.12665686279267863,-0.0459366461126548,0.051122404467994514,-0.05147931937756236,0.02204589209722786,0.03609654595754546,0.0173174227978694,-0.05902859766043326,-0.04527387502243749,-0.03743764240882202,0.009569097097739811,0.10910796024986343,0.01575888833583833,-0.012144774729477819,-0.021582488185268853,-0.035690082895975035,0.0923521998969623,-0.028537170319367387,0.015248410923669303,0.005373338167935197,-0.0054402854395329825,-0.01118398868506677,-0.019568212931003925,0.020055224735877713,0.052132850531446534,-0.03936303939903503,0.050246297329966445,0.0011909675027183975,-0.015088508184004298,0.043022664299452326,0.10186695110929685,-0.044409596363829164,0.0608460111541794,0.06536762808948511,0.01678298227022585
GORASP1,-0.06254975281037155,0.012957428823928429,0.07180688356726851,-0.027086893636078257,-0.048025537983096736,-0.058230462253459944,0.0043406548080233845,0.07125613853765358,-0.1643372221636642,-0.038136365404497385,-0.052770082186440526,0.008610394934593615,-0.03478918446485269,0.03374261409853682,0.00158538312825443,0.1833258011004878,0.017809248143532873,0.048587066188393396,0.06009042655262087,-0.015165661099525309,0.019145730811702916,0.0741997517532867,0.024906602893939315,-0.08761145562053999,-0.07928879187229416,-0.013401437585235817,0.010470600947793299,0.015886795936823152,0.009432386538014707,0.10944166086782313,0.045686502101387645,0.0,0.015501481304778346,-0.028558351627966296,0.014320125051381104,-0.05015087162077257,0.04847957933256778,0.07634204164361309,0.030200384407858244,0.10347504098331181,0.06808245315127144,-0.008924646091586991,0.03180654081337194,-0.020537756222264652,0.030884229444791567,-0.03428577822607911,-0.031356286849038774,0.03801521763307555,-0.018129923067415343,0.10043478638866614,0.07662876265980911,0.09492195335308441,-0.049035202130362,-0.04789446393161558,0.1315462087443116,-0.052553102284288965,-0.06341192618641385,0.046882755460689526,0.03190839607791222,-0.0198514721185336,-0.01266995634631852,0.001857487209456202,-0.03189062089748636,-0.08789697023406225,0.01027345799150464,-0.03065997756322594,-0.1193960107908819,0.041029309988928606,0.027213690972325687,0.013123261298700204,-0.0924055476506811,-0.01700112281938952,0.08438950445107972,0.1048583735781794,0.034156691719078744,-0.008921279077435604,-0.06996004732157118,-0.01916713256126713,-0.03839249857513366,0.009525394044618218
HSPA5,0.02862096681979315,-0.06868596710114151,0.03840773278689839,-0.023644236051433204,-0.02271575381863406,0.008282437331996845,0.012011169280941154,-0.041992703267283944,-0.020572560261864728,-0.0037416690572472633,0.04313503714994922,-0.061037046639006054,0.09743254697074823,0.004853761297591838,-0.03138579289734813,0.07219352656915692,-0.011506422863561353,0.017965803164924504,0.070763875827809,0.007091090343239091,0.0042060600436453046,0.10762021279358462,-0.0060130046684586215,-0.037238427188621144,-0.003687524976216845,0.05935373880502021,-0.1064559005075323,0.0887362589024311,0.020653367271471646,-0.1469836774350554,0.09604097687750734,0.01453909150639536,0.0,0.12871095089268852,0.06391252970217796,0.03959299909323839,0.005110333729097975,-0.12790982647345336,-0.008876692336080575,0.03354291417601441,-0.020869000972877805,0.0883931795572338,0.16131889968731694,0.049512741291422864,0.014832243873213264,0.0024053343723678235,-0.013527790996573256,-0.03302194651123355,-0.023237791280637358,-0.00213036482541336,0.0018747734964822383,0.027069440449827873,0.00827795962638866,-0.0026546300681561845,-0.0013430094493537537,-0.01489944462159525,0.06521052629556244,0.01708632136731625,0.10780291459798591,0.042658150075166344,0.006029135777497561,0.09955683193546132,-0.009045470514683768,0.041519702308434776,0.11179815844693622,0.038802335256385816,-0.03405193677043756,0.00368137822164092,0.022573744994797643,-0.042927568714142356,0.013047081789075371,0.021202715108529637,0.03159657021588685,0.01761006667975334,0.043524886120486425,0.06873399195590925,0.038177609699789956,0.04927162708783565,-0.06246603830350594,-0.010886238507473842
HSPA9,-0.029387391757677763,-0.04437729055242161,-0.06774576435670747,0.005935983394330004,0.06922280267414828,0.004829591406974195,0.027998294536646196,0.04744910244339655,-0.05907971045764539,0.036667408431300626,-0.039620364183546926,0.03368638932244837,0.0997385544119036,0.014551938690074063,0.0243067601595501,0.06889798195180129,-0.040260973521830494,-0.08802942353677737,-0.009122031529892436,-0.015333135018100913,-0.0854434197810779,0.0026487575285303153,-0.022545494281107803,-0.037040157896133886,0.07466067722595841,-0.01968362730348539,-0.11488863762659678,0.05022759145141587,0.06513571792753085,-0.05119096091293207,0.026341954197393613,-0.028675651345556892,0.13779440520742836,0.0,0.02893017896295826,-0.0571445167126516,0.002881143948719998,-0.01809129934992023,0.03992454795252553,-0.012217887438875733,-0.09425175991252349,0.1345049203326414,0.1026639394171174,-0.04426441249594328,-0.027763011060906496,0.02285661508760578,0.0584441502188271,-0.0038073838329663054,0.04603663305305836,-0.03817750835631597,-0.020663399085077812,0.01642609997272049,0.059633425864305936,-0.018719422576147764,0.04475752425664364,0.007388085989379755,0.02377213257449166,0.01541104559003667,-0.026753893045686195,0.027645212077178644,0.07198807956106236,-0.07714415912353013,0.02267081130765914,0.03038838388776639,0.012277491106338786,0.0005844394542757088,0.009535745592244994,0.045335889496970934,0.07557454489717588,-0.01958438674028985,0.03662448505534156,0.01776355177402126,0.021375767577165687,0.014222908132022868,0.028396347829850097,-0.04675240622460523,-0.03700902687350611,0.07072711364735161,0.05941128104882412,-0.038993087709144905
IDE,-0.02985159411731488,0.10028246910836967,-0.014084229476735481,0.08668708696717724,-0.010093593358224623,-0.03427745738125908,-0.07802124510242188,-0.030737143057337987,0.05969781482961052,-0.011128183125617258,0.06255851854080235,-9.933651779176221e-05,0.06891379323945769,-0.00960505592849801,0.04810756753126145,-0.04405457333133901,-0.00106907709688759,0.05255578838961873,0.04182429663839817,-0.017776313437775297,0.0313960668681983,0.10472996251014546,0.05582383259209799,0.0860100388884281,0.06272719616932466,0.0011393796409095035,-0.00021847945304383042,0.014132427224654211,0.00494677444966327,0.05919581320235876,0.03208933586106861,0.014140085300100497,0.06728637898137446,0.028449601290512314,0.0,-0.001021662268302418,-0.029103243257961296,-0.004774168851723976,0.07728519096239853,-0.025263085649199848,-0.07471032816070537,0.07291403017077831,0.0795270555361478,-0.03206829412707433,-0.03751948903744296,0.05403098316922612,0.01617329522769029,0.012513685747091788,-0.12792676308728304,-0.04878482599824999,-0.03210879961289113,-0.043843983565432475,0.04558350980320498,0.06111792536527958,-0.07773538627412808,-0.03615238922210339,-0.003906990177871163,0.022893679748913404,-0.016180627061691603,0.0015680906176526702,0.05210047829901354,-0.004004055370592629,-0.05242012619254426,-0.029475535664226764,-0.014952315179093014,0.011310280911476818,-0.10100510986404179,-0.01687822718821701,0.030852267087196152,0.0833051096729907,-0.08534879971327049,0.027813616759066496,-0.0008502282912791839,0.06146763522911162,0.1721614735892215,-0.0004968044385585203,-0.006970747400137112,0.0729147144663648,0.011445940865231572,0.011182169754818552
ITPR1,-0.0026277635607161055,-0.011489327923923764,-0.004159798288376049,-0.005628376889863322,0.05280239751331895,0.04836925415679767,0.0074407185250926385,-0.016766675007180275,0.021745914088073172,0.042485203773205076,0.04138495828048201,-0.02014939143365977,-0.058621786756487375,-0.011063317922490542,0.060298940700089496,0.03478605636352374,0.053302002821093264,-0.010721313948641,-0.033649639989781724,-0.012257052137446768,-0.0030004478332653454,0.026873400818615317,0.0012551515440155107,0.011251371202255648,0.0010158502737206566,0.018999985660773495,0.01836438772938449,-0.059503260475883966,-0.002003623750443268,-0.029258906784526188,-0.0015604491260457613,-0.039980954192663364,0.033653404091541675,-0.045370031288047466,-0.0008248534686112995,0.0,-0.029124466417852993,-0.031689158210895255,0.007247375629018293,0.04207869217451852,-0.005566959810446422,0.0012259612502931916,0.03130563516428513,-0.02896591723801186,-0.059404880020287716,0.014949807305385022,-0.04060011265481662,0.021153007768282276,-0.023691796054667404,-0.0030536228552128426,0.012551890364300669,0.032044401542793435,-0.02335281635919996,-0.01411405612468128,-0.017505583816214046,0.0001946969854484581,0.008063295428740689,0.006657431442787442,0.06501757190289408,0.017531747907313204,0.014263353202804429,-0.002981270733324278,0.05629851194366156,0.012789685756134804,0.01639796996128617,0.006478051853280843,0.010196710502425158,-0.03965069953617226,-0.032197851471936774,0.00823040333896089,-0.06456838136273078,-0.037644393088319496,0.019350468603054016,-0.010363216435223055,-0.020837951027368552,0.013882366437437186,0.016958670028468504,0.007120501569336748,-0.007929311098263619,0.008712777054203105
ITPR2,0.01962511458323265,-0.05238961113653768,0.14931982849212064,-0.05148207882498292,0.013118082090973366,-0.07617243404563964,-0.011903193893459224,-0.0076799630438502235,-0.08282163327653719,-0.04305300476575541,0.05087441055272009,-0.04164904439673069,-0.0463957267596349,-0.04193389436986204,0.06558662759572943,-0.0058625122663342535,0.00628978115149573,-0.09783541819783471,0.02263120389820514,0.09113038272672004,-0.03458035750113502,0.03202980134573458,-0.0038626536149789156,-0.0016755174170842758,0.007590675981273502,-0.004574604033871229,-0.03270146903494593,-0.02774353107984718,-0.032965681257537155,-0.1081737073817117,-0.06611329674657966,0.04435963890271219,0.004985564658083551,0.0026255117241831727,-0.026969030225496435,-0.03342815964782179,0.0,0.000869180125962043,-0.0865429836930444,0.016282747098402807,0.024142038731060307,-0.043701075062178935,0.015381452676396394,0.0697135539942959,-0.03883123989794854,-0.04030796952128026,-0.005294516830189021,0.05564187954161285,0.04829407618963452,0.020277550704121898,-0.005648689414177829,-0.00976971324296219,0.02630723360973616,-0.04853947423042117,-0.06851896972592267,0.0009464438322037422,-0.02147714350172228,-0.0486831474211256,-0.010274812950589296,-0.04334194046025631,0.0031303237353210076,-0.04502664090288095,0.03311422471868371,-0.11350021965523262,-0.01641793494717538,-0.01862761670929891,-0.04471242394721559,0.0024647095545424374,0.02416177966369622,0.013586542845881691,0.03003770040493417,-0.04864778408403939,0.06450603613690746,-0.011428610353547364,0.0414940478941739,-0.014340052196131606,-0.012203324682387308,-0.007551795321310708,0.004522869461970375,0.026015604115023447
LRP1,-0.13725679261971355,-0.06126028283929436,-0.02111230560363382,-0.05707504056564721,0.025842028369298577,0.02677789891168395,0.022187652080332198,0.04071977268450373,0.03157287709659785,-0.016899364041787046,-0.05462007400145581,0.02183963969995469,-0.003240994025946274,-0.08098796784745116,0.02986097829639834,-0.021400633433937177,0.038008332804455223,-0.06081980939867635,-0.03316983494085043,-0.003868212145794486,-0.04630145486210148,0.020034036707849492,-0.014530586102528354,-0.04081524859703118,0.06540935666803085,-0.04460892729429655,0.07168378906817881,0.020200227742506294,-0.020174110657894467,0.05677546851230319,-0.011388631970465713,0.0704121168107554,-0.12578344095815877,-0.016617788817148888,-0.004459397505956083,-0.03666229637323858,0.000876121339510368,0.0,0.047545987003251654,-0.03487630529967984,0.06138481424125914,0.016478715428865528,0.013525738660256305,-0.06045869341383843,-0.007066842219886881,-0.020436978498214457,0.06090332016570421,0.0014266044810373128,0.011676287097366126,0.06198073812174721,0.03844761861753929,-0.0372765918233564,-0.08132555961121674,-0.06680107680265401,0.03299755082661506,-0.07143147573701968,0.03455206566721783,-0.01471852376674617,0.02593766235729722,-0.06458797848957058,-0.006957631127030168,0.03276155748721121,0.1010285132211371,0.004953539613333147,-0.04421310923707002,0.03606493747038619,0.022090600945677993,0.026329767349686763,0.07191351139098619,-0.004312536066256129,0.003316431929577391,-0.0023346016553566933,0.06329372876766075,0.036192851875609125,0.02753985673483648,-0.005695621426517482,-0.008335760708194397,0.015123377787109087,0.037956295747307446,-0.018402619890224594
MAP2K3,-0.11852075416368936,-5.62635153920781e-05,0.06981218718183635,-0.027631605560607665,-0.0012953756437828446,-0.02613530834595419,0.024148514352193923,-0.004149335511243477,0.10329719102331482,0.004084787527185882,0.028323717614989224,-0.0057111090117567265,0.10945599369479062,0.07030724481721623,-0.005687429425185972,0.057414991219091674,0.0010123549282716234,-0.0747541221173786,0.0017302049523244371,0.11699893461770916,-0.08475348941367938,-0.07431547500222674,0.03689352864580546,0.039328778143816,-0.047782707500200174,0.1079706669692195,-0.0013131256025221884,-0.05871642259884549,-0.048339121866501314,0.01324941730444275,0.08046681023349254,0.03407160351486932,-0.010677441505171473,0.04485800501012242,0.08830212760105545,0.010256193458476079,-0.10670451762852433,0.05815811731185448,0.0,0.019440914704625535,0.0549910482674751,-0.00864372799958859,-0.030396239835614042,-0.08924893101252658,-0.06534427873086766,0.0031335727536211076,0.0644659742207183,0.06532589143915998,0.0804259582672133,-0.06091626187075654,0.02456949695511529,0.033694279043790826,0.03218986221663075,-0.04650708622680238,-0.033537693376967374,0.0074529638277109934,-0.05523851577511869,0.031307614241379005,-0.16922779226543472,0.036105397768664726,-0.043030440435240805,0.026762097958697613,-0.15377287834538006,-0.07229153183744727,0.06542898346158903,0.024072016523596442,0.0028607712988867936,0.05730250156040792,-0.023190658920828514,0.00017737606280982844,-0.014151793506509313,-0.10598277372265325,-0.06792220138669355,-0.05270887938273825,0.130596678597488,0.11605438526814914,0.08073402035334493,0.04633671766819129,-0.04445193319882459,-0.1019021802922085
MAPK14,-0.050485049710562904,0.03954796196762884,0.044693616427111775,-0.008387173023998861,0.033496090273535506,0.04625677414668556,-0.037335544357318944,-0.02881426409264832,-0.10104379607502226,-0.08311352776291094,-0.01225261521034998,-0.02493227726483825,-0.16335813311827638,0.007069647131473751,-0.06293003224129382,0.057101106651019216,-0.06948795885328173,0.01874695301988504,0.0011318668910737012,-0.013483323633277878,-0.014809419477189778,0.09595442271468341,0.056468855671031846,-0.02327313994193363,-0.04262543860414098,-0.027024350316810806,0.01811564005445654,-0.019174322866581116,-0.09602177707038527,0.027868666437517432,0.0398712287058246,0.09777307811422296,0.033792506251140095,-0.011497400130237706,-0.024174909473303953,0.04987366051330527,0.016814431909220582,-0.035729794724327205,0.016282469501248426,0.0,0.019253309788361053,0.004335435057059025,-0.03005151041809089,0.028235221286115265,-0.08764108050120592,-0.036755880660193155,-0.0003130316586570531,-0.022511787233565332,0.11626621600027051,-0.004066086922661931,-0.06126822831195682,0.018922399556488542,-0.10858257582278699,-0.10653863887295568,-0.04005461061855542,-0.05386616939962942,-0.0010463896637506597,0.10404682308230127,-0.04216495103811856,0.03352737688130006,0.05036745369220036,-0.04395373701670062,-0.06231879136885105,0.029216785787070557,-0.013338762498616558,-0.0263625231251771,-0.04116536352286125,-0.019523883874522613,0.025479677422783297,0.02114147452673409,-0.027521368610883203,0.08758483476381397,0.033062172348589235,0.03674013795914825,-0.00010694665440202129,-0.03813045763360045,0.011706851028286936,-0.0390709008209319,-0.04253912095085489,0.00878734997756029
MAPKAPK2,-0.002679837832302917,0.00540163659516775,0.08050390617631757,0.010632027864615576,-0.0018496855023228112,-0.02634932208201887,-0.021424679567614003,0.013173435083450402,-0.04858150451800484,-0.027374253871193042,0.017736884020207268,-0.07377991802965012,-0.034854850515986156,0.059039065709178135,-0.014722583594552538,0.10672412431858429,0.027367976380681912,-0.008132449292415132,0.004913127916768797,-0.043587803660958,0.027892079099811548,-0.011816983297565547,-0.04869321017521356,0.018372524519176467,0.07457708363403373,0.07622121273017562,-0.021315641706842123,-0.04473663724533733,-0.016692309992265706,0.027871619683484606,-0.0752168103243478,0.06175687604020275,-0.020183092636224947,-0.08514505627091434,-0.06863182516157915,-0.0063342257858759335,0.023932876850007414,0.0603708705903456,0.044214225252210235,0.018482973513598525,0.0,0.024510597099887937,0.013893776376652407,0.012885900160944909,-0.004051853399950183,0.06345840297842345,0.010798553001741984,-0.007396738393705367,-0.04176732924513724,-0.011049729145019744,0.06344485058355025,-0.02777658623334243,0.055419475596803304,-0.038038872322047876,0.02732915216896291,-0.08083928565719344,-0.1412432203030013,0.08493402170985317,0.0025108009626738175,-0.00140369848174176,0.022592505020128717,-0.04016497093394508,-0.008373480907319722,0.03374667154814759,0.005918821957093758,0.0030711853634156523,0.042847520871239594,0.06926279339383543,0.014179326066282678,-0.12721812267290325,0.007812578688112535,0.035539819052393846,-0.0007670885902775555,0.013646980006418487,-0.05273182397553295,0.06437783609587704,0.03130984800681329,-0.029682859212325923,-0.08889896127411599,-0.05302649995139507
MFN2,-0.03653862608091289,0.05755603302750091,-0.060499731727116986,0.060003216328780896,0.09298417070691102,0.011030751194470495,-0.050737365450965015,0.008231653513223604,0.04160708055055692,-0.02440819328808937,0.04720824479796339,-0.02585292113870282,0.05146903337925377,0.010209417465264905,0.018360734319777784,0.07314184620554819,-0.05260622972502502,-0.026654901227093325,-0.028575442468330367,-0.0050126384501665115,0.02320759573817533,0.06122113396278222,-0.009024754181473953,-0.024407444652392144,0.02398053928847225,-0.07555357857293113,-0.10417826408918128,0.07904093716349718,0.0018485203336725516,-0.018357087965394793,0.08143651928430412,-0.008009837574831329,0.08458383914921053,0.12022387537192857,0.0662732992082569,0.0013801769825854552,-0.04286429327898126,0.01603512795538491,-0.0068762822699706,0.00411795608192443,0.024251380978159678,0.0,-0.022471414332154407,-0.017486375600903017,-0.005392696025887974,0.0511836773645729,-0.005803095058069696,0.07489728686350457,-0.0429857238819122,0.0013275752218717463,-0.04285321356051719,-0.028838817248508022,-0.0005360504760057296,-0.0018923318363809436,0.01935169462022345,0.014282518817367931,-0.05463578956180379,-0.08362401986985905,0.09862492051246038,-0.051203061045070636,0.01903777584959515,-0.00484517225285644,0.015315022972129198,0.08190855925023927,-0.03628151944330407,0.014759598496112835,0.03057024921164705,0.00853266865377888,0.04312306752650297,-0.06519298339609973,-0.07637346520952361,0.021930951547279785,0.03715399665937137,0.03933702771665825,0.06392553762265459,-0.017775260664680534,-0.004339737063544727,0.01683778274338462,0.011442398149656524,0.03570753585562495
MIA3,0.047022011474300136,-0.018582252392570036,-0.058482769554934824,-0.011283186689384418,0.0022968424139886605,0.03575886903194318,-0.02885415670049358,0.02727815551341692,-0.03005619160099003,-0.019032234038457517,-0.008596078950915466,-0.007646948468554132,-0.014398471307252927,-0.048951329024118,0.00569876952711732,0.060232219446976,-0.04621725708949291,0.028569203102206786,0.014695184253150521,-0.10517327876061193,0.033099634883601355,0.047927995637813046,-0.09744377303644132,-0.026949745497023496,-0.07292810742517045,0.09408897498491421,-0.014290939156193455,-0.01758075564954468,0.117845273275586,-0.00331638497033165,-0.004936186667976541,0.03216893601389228,0.17395681194137347,0.10340892610060032,0.08145728711347869,0.039716238321099696,0.01700154745140846,0.014831928361761636,-0.027249592873207055,-0.032166431376565635,0.015491391835893186,-0.025323163489105627,0.0,0.00021047881982271175,0.045599920402917875,0.002207673671143372,-0.018774302297356615,0.06983559834241417,0.11298334777612774,-0.019882262919559274,0.03536533106325309,-0.02848321410045848,0.023848409611387095,0.042366226191041065,-0.008757416886290295,-0.07329286958119954,0.06039320047689776,0.05737172813365098,-0.0005205646509204285,0.09856782081731978,-0.11017792230317043,0.003861621029183356,-0.0353732752976911,-0.011848962847748645,0.12023334059187897,0.06594104378622405,0.004694204169162628,0.03696933888296652,0.0535399907839702,-0.023590387048019138,-0.010774904337597152,-0.06792010091241443,0.10425327539161423,0.02856285934428094,0.06230351440467902,0.003869574658915303,0.03582389157094462,0.13757002451445896,0.003605975584392111,0.009359405756782006
NCSTN,0.12805160091581638,0.04993641421751165,-0.004159207578115247,-0.023415187666845284,0.0022725816804923956,0.02250014659586793,0.05033863769762212,-0.05795115766660669,0.02482409179338689,0.06513288719594883,-0.019412429683129347,0.027856299535361208,0.027627211309942192,0.044207755079717755,0.08769567042705978,-0.009551131546281988,0.03718080984027834,0.049888576026839146,-0.04455406185042455,0.030995465051939952,-0.004672581994047868,-0.0003052533274477127,0.058940252318707885,0.08493786948633619,0.025490206006642303,0.07866063495525902,0.0693771125644549,0.10957460477308872,0.052465347917692924,-0.03323323541170368,0.05539476709434579,-0.021961007021560047,0.05644846790393491,-0.047138288037719134,-0.034727210184112636,-0.03885186511307815,0.081468049818565,-0.07009295718177526,-0.08459061391861566,0.03195264181815441,0.015190214097912425,-0.02083369742629085,0.00022252940072152777,0.0,0.00543017609856776,-0.078515995126067,0.10496658057109315,0.04911966290596085,-0.00960620864192118,0.1043380319244254,0.03209207626186894,-0.005829634586944562,0.038847270168895665,0.020900250599444004,-0.06175669451101521,-0.019281249817118443,-0.12158904892367035,0.0772159631540882,-0.06828150812328564,0.0134216526870203,0.06070206487102772,0.052568020288345306,-0.06102172668075708,0.0021602866805362593,-0.07696171224206134,0.006373453478729297,-0.03259565910603514,0.009532498779462896,0.11833227078794141,0.1034925103338825,0.0559756199256238,0.039681034287545006,0.04703810797020347,-0.008381819375073677,0.0412870906651707,-0.004254427671301291,0.05845465591866753,-0.0752120694055802,0.03562022598132229,0.005538427484626761
OSBP,-0.04848991121058418,0.021474674083648965,-0.00970449807992015,0.021074902022093462,0.029132118947581363,0.0459195095517382,0.02904466467713309,-0.046313875161068906,-0.07702995929476456,-0.010656147278879542,-0.0322024517198462,0.1275184605836298,-0.005498576696069189,0.07591434372957875,-0.08661584051535717,-0.0329751920012346,0.03229338894823709,0.08374576182628378,0.08868661895373486,-0.07018424160287329,0.0038394320414355558,-0.06024517243447461,0.019490610703580023,-0.04529672094057167,0.020987998395075584,-0.036251422354253986,-0.04171687276959888,0.0343610067491439,0.09990304159657498,-0.010102553743250031,0.035624226099553326,0.02938542555158864,0.015046587072817107,-0.026307623965213973,-0.03615321389259572,-0.07089941762287909,-0.040378233264946384,-0.007290158633945584,-0.05510901903021081,-0.08825092304599773,-0.004250096731690766,-0.005717003375008721,0.04289819716586622,0.004831810261372261,0.0,0.041705309353743863,-0.1147549789937728,-0.05898246388974917,0.002742551565073052,0.06003625724128566,0.052714246475692984,0.023565404970458132,-0.017429700526972552,0.027278630720171306,-0.009277758821696442,0.128046091100585,-0.017854405604972277,-0.09301053804153914,-0.05291997573661383,0.04332795393084463,0.07301439573571272,-0.04178652806144529,-0.016252002416750545,-0.013591676452529296,0.048737502220551815,0.061547630937965676,-0.0167742299704573,0.05702686066728644,-0.010570835346232972,0.03290304600633585,0.01743187620405177,-0.031619155861178576,0.05255970026487102,-0.028128604035754495,-0.01817683581530973,0.052780417454221656,0.06386281369260009,0.10334294813768774,0.07954070505441198,0.0002350228411926728
PICALM,-0.050529294624791686,0.08476604363116881,-0.0012342155868553001,0.018003995711279277,0.0050089190942278795,-0.01518692484368829,-0.042923258547976746,-0.08097030875975259,0.0034799605832858977,0.02233667921118653,-0.1226927207727921,-0.03198490406307926,-0.08510217496914116,0.010626984378991232,-0.022109678926792924,-0.03345184750119492,-0.04730523605339666,0.07516840533027211,0.007858070756541248,0.03029072996185056,-0.0025976200051112974,-0.06869624919445784,-0.021454671437455015,0.08111671978272335,0.02198742395828325,0.06774415186878652,-0.11128598657331235,0.024590397639504318,0.050465139338316665,-0.04266030004777113,-0.14405295559663187,-0.0340284378569005,0.0025453024124448627,0.02259226433329964,0.054308230439656345,0.01861182353784743,-0.04372096738678858,-0.021991814230651108,0.002756688412954197,-0.038607453112652956,0.0694331735395111,0.056601348686586256,0.0021664198248254715,-0.07287639547724062,0.04350349346755201,0.0,0.008306553572750437,0.017888163215403128,0.02277515404165283,0.15046904149552803,-0.035775037745162885,-0.04612694493902063,0.05605684224358383,0.04079463917566866,0.10267288662941695,0.012183449445026676,-0.0652567671735932,-0.06273678019532436,0.061951015017058554,0.028975580883804742,0.03541280867337047,-0.04126848491443921,0.07060158345490578,0.14122225004429537,0.14766647071961947,0.009170038523235167,-0.08268312488625489,0.04935549515104651,0.018412865860979392,0.058922195389710316,0.011379169257768829,-0.011082002374917405,-0.014158584422365155,0.07741873039157866,0.03178103095790131,-0.03965647166397028,-0.0228178360107388,-0.020419865408538122,-0.07663162988801099,0.006743957834384721
PLCG2,-0.020425890928753274,0.06390682105876816,0.024785238968191,-0.03856208540410409,0.015839085432517074,-0.008708710886171443,0.003313624029396665,-0.09152261672460929,-0.00595778542121764,0.0032376945588555145,-0.030198847885675558,-0.07156690199667184,0.07883927145487897,-0.06651954504285283,0.02015378269099828,-0.019168319384873754,0.11308244393456612,0.0005457639751373436,-0.008288199509180557,-0.04050041256607003,0.018519775721975027,0.02271265425789764,0.01912073153430102,0.023095472995769327,0.05272698525024441,0.08366785943614514,0.072144058008081,0.045664724334801815,-0.022399378588551223,0.004938554640593823,-0.047374834269314145,-0.0282193887780948,-0.012980331678591132,0.052382216077583615,0.014740637611667095,-0.04583271066885048,-0.005207390515675511,0.059426521881813306,0.0514248959862601,-0.0002981450172938017,0.010713673696794934,-0.005819021373467144,-0.016705770957409268,0.08834353385454988,-0.10854236941623628,0.007532095948894037,0.0,0.021471783850100328,0.04024788472476382,-0.054525526580189033,-0.05383781162862502,-0.0533286098047884,0.02017560669108036,0.028645806021685614,0.05628105011352243,0.002330250605943735,0.04623902113858527,0.0124213399962697,0.00043633009964776526,0.022681318068668067,0.0011883902664749405,-0.03423745309135411,-0.011422418170914904,-0.03292814001456491,0.018959310079399525,0.08366678923041039,-0.0621906606030435,0.058910671519893675,-0.010220148800632609,-0.013133880438763184,0.05998830499544239,0.10637976023201624,-0.07834943694874393,-0.07009195787793292,-0.009207373631594008,-0.072641986599493,-0.003160354670422583,-0.04026065400410499,0.01745584396688728,-0.018505494269237067
PLG,-0.001367205705884957,0.08211165471621033,-0.05167191398357739,-0.08128085816683842,-0.02545208011943899,-0.1031735045058949,-0.05691007270957016,-0.003444758753192752,-0.02557201595831159,0.008895252896619597,-0.004415250841822876,-0.055466408624356256,-0.09062265290617466,0.06250005132513155,-0.00653581130255631,-0.014568612680419752,0.01804027851662492,-0.05716372657703232,0.019637835164316712,0.0810440437191109,-0.06279050956437503,-0.1105724858550782,-0.08732419838810838,-0.09500933115826878,-0.06330011358081418,-0.08866095719312607,0.020563535253445325,-0.057872258571839884,-0.0030524280345252943,0.07445790749600215,0.06054698638432607,0.03928920987061143,-0.03638768398854438,-0.003918883207011774,0.013097724147087882,0.027422893266849102,0.06284756358744473,0.0015985851238147588,0.05984406091732807,-0.024623064823777217,-0.008427639490545539,0.08624803182260223,0.0713628875501127,0.04747576105303284,-0.0640683456843903,0.018627456672529345,0.024658177037519137,0.0,0.06016634164675724,0.018187840853098113,-0.03199234859265757,-0.07524783459363779,0.02092815032482679,-0.025583844322912178,-0.03292150468321468,0.006885067455147376,-0.08275508838618299,-0.03756963608122187,0.10012706311710567,0.05474394281677575,-0.027577660304689118,0.0678877197034322,-0.02674947043313989,-0.08921633850879264,-0.07194359006672758,0.020557194629167764,-0.06576468333699718,-0.013866937371013799,0.04059536822881247,0.05525768832704576,0.054188477259361045,-0.04946286475101605,-0.05210341489632498,0.006743019567840392,0.06877914962808893,0.00598924104560437,-0.0449722645613923,0.00908047364948978,-0.020208418861488872,-0.013835328760755132
PREB,-0.047384418727597924,0.037949844557437884,-0.0029983285791559565,-0.027962493269745294,-0.014192881795450203,-0.038089500115948145,-0.0006267047996161916,0.05435179353378289,0.05771692029559696,-0.011200925012930456,-0.08821193059769492,0.12211128209709746,0.0063758589514067605,-0.0458700884718742,-0.06044291538129647,0.009590207209355082,-0.02133534870497983,-0.00826646894292532,0.017223207252337627,0.019646418783316397,0.0916110431123156,0.10976487507983804,0.0756902766708777,0.05703136126191456,0.014582855354143042,0.03811919135841818,0.057872338132409114,-0.04643662355741231,0.009188705038027578,-0.04818613984448708,-0.06816779363365406,-0.020949658914018753,-0.028629368782154024,0.05297907776005327,-0.14970530402767823,-0.034340317908085796,0.06098818355317114,0.014628578605752106,0.08237532425758994,0.142184040825494,-0.05320685362668339,-0.05534425346155877,0.12908482090712572,-0.01038087004212605,0.003330738852091401,0.026516385092465365,0.05167745073524431,0.06726959095810305,0.0,0.03452335560947979,0.012031930528628334,0.009561076108132793,-0.09057495655086957,-0.041369353226252674,0.01059260264530145,0.027791475422313732,0.07668826486701244,-0.018028667226604175,0.04351907313552151,0.03874068399964156,-0.04506410837017495,0.052673054447462335,-0.04642863484510346,0.018145879825451378,0.12491655096699023,0.04770216436489558,-0.00583802815979267,0.043147491327417485,-0.054519695390837744,-0.017957728741324754,-0.022638521572966662,-0.11239175422945902,0.03388940691053143,-0.04733369488272358,-0.015226094732156387,0.05753232201626655,-0.023161846792980875,0.03457868292975986,0.007544616192966121,0.014055536210747017
PSEN1,0.009044913275757736,-0.06789550784005008,-0.06583547185418052,-0.07170176940499196,0.0004114845567137492,0.015657431901391308,-0.000872122264328546,0.0010320222573086172,0.0020844426105778007,0.07978404684557329,-0.07207539673466956,0.07324637066688582,-0.029601199535322607,-0.05020885592724053,-0.0062497358434309295,0.008924806681430432,0.05951006377177779,-0.04060742156788927,0.04452021859701974,0.06866086744829406,-0.10060884022601978,-0.028153135639208786,0.015427430028124826,-0.026087063203917068,0.01824682275255174,0.07800797752236296,-0.06989221932816192,0.0356614487392539,0.018888175558560635,0.018757615860434645,0.02326089822246988,0.09247354737879192,-0.002091333390273883,-0.03500747471685854,-0.04548968182235762,-0.003526745215030205,0.02040420575130161,0.061873754682135546,-0.04971489200490034,-0.003962108236223289,-0.011215919071391823,0.001361945689188043,-0.0181000140689892,0.08984144781905552,0.058096738653619216,0.13958942278307077,-0.05578407705090746,0.016203121524052823,0.027508402112897803,0.0,0.08709779660608091,0.01661816862212885,-0.0907770998533136,0.030081017848066372,0.004099032734499278,-0.1006341230177942,0.023481468524286023,-0.0059197842529654,-0.0031969699956227266,0.024915960672116096,0.070242403690355,0.026112941763861124,-0.021735518232351567,0.08442619252721624,0.0002514535162422791,-0.013349690019778556,-0.018423018978495003,-0.036099977818137764,-0.03945835795013879,0.020950123971511157,-0.03771738499190028,0.007300631819418198,0.022283430847877102,0.08692961743093923,0.03591338419479038,-0.04246471900153077,-0.06204810371750599,0.008252738479930147,-0.013361086670408936,0.030483762218176468
RAB1A,-0.041742783328655775,-0.10158483483439373,-0.04426623299298862,0.023170770781413056,0.03203802405933329,0.047959300717544416,0.01825785872088469,-0.10913370602991153,0.010105184427763024,-0.021477919873025855,0.013929400238759337,0.07057949369870635,0.03570316621882306,0.02864213017136231,-0.006625105613108696,0.13873049255503067,0.055956362161306936,-0.02491973610967737,0.07691014136897709,0.031317790308144834,-0.02380273705761247,0.01800162196301963,-0.050040740903477765,0.032419966010340306,0.04780656422133989,0.05058727511523597,0.03757445705615457,-0.009813268318910778,0.022438351973403655,-0.01752864549692236,0.03623534265613707,0.06712635925632292,0.001750999476294268,-0.01802697634138439,-0.02848525626263271,0.013792269916054352,-0.005407789979298915,0.03651632762495196,0.019077323413872645,-0.05680059971589875,0.06126995136315529,-0.041826542763647494,0.03063082895136965,0.026290560148029142,0.048532657057166785,-0.031575728546382534,-0.052404152817723544,-0.027116372384331348,0.00912127606530715,0.08286575481265301,0.0,0.12595245539711206,0.048744914753680625,0.03461294523907918,0.07135694548616964,-0.053047619026706065,0.009906248248213317,0.03906817459604311,0.010719693475284803,0.025437877805149386,0.0037965425934867727,0.018315684961371856,-0.03694814770934872,0.020485288880683464,-0.03825482165811015,-0.08529518069819692,0.056709491563744274,0.06172054556593436,-0.046534746805865834,0.021726678660028167,-0.038150212847817305,-0.03218000909011814,0.009767009324998686,0.035707301886935314,-0.014488241525801273,0.06739380684654188,-0.02030682811622188,0.13641602027722274,0.04615382885314417,0.04070629765284236
RAB1B,-0.05657819013183145,0.006567617912968627,0.03493703764012594,-0.03159831210399739,-0.02853222064126115,-0.0097942671093145,0.016079570017379006,-0.09600447992962509,0.001180797210108108,0.014585608857166773,0.04724338958481344,0.036274238007921726,-0.016481611245527345,0.01997169505714671,0.019206552943119435,0.1336764080847367,0.018155808669026847,-0.012101643986801011,0.014312376424385521,-0.08038618587607226,-0.035006837749515865,-0.010062208813982867,0.03936494922949756,-0.02893758825721346,-0.05271049702251828,-0.006457512437734848,0.0056422543641017715,0.018193830185421436,-0.004535163164995411,-0.08253890383357498,0.016418351097229694,0.07853215213517176,0.023877895213939012,0.01353427945157684,-0.0367354716274758,0.03325510536830244,-0.008833513754244498,-0.03343746926472483,0.02470909836780422,0.01656812491294664,-0.025334339065222068,-0.026584320921285497,-0.023299659216201248,-0.00451048153694826,0.020490876027204737,-0.03845098974763139,-0.049025058525315336,-0.06023640233051557,0.006845522660797976,0.014932435109255524,0.11895595579801624,0.0,0.035050663347895944,0.047432615374627,0.02861206692399941,0.018807736730288335,0.0001265331696305522,0.05157305161850769,-0.013625763111915545,-0.03879985543378526,-0.028747752437115217,0.04136945947529007,-0.025161330344497555,-0.01129002313798744,-0.060437524001407304,-0.02593297207164212,-0.03241909160037816,0.006222609022408264,-0.02826998982861348,0.011502487316683708,-0.038336746352030125,-0.05353327700481806,0.04290844410715437,0.04476253486501441,-0.03345502994174013,0.022351785045109197,-0.011835851810083094,0.10354355112869643,0.0296075732776455,-0.020566232086278488
RTN3,-0.02440851344870607,0.04837594753614325,-0.026574981214933322,-0.06847447373539083,0.003748192882955857,-0.01723856995355983,0.0925037680944097,-0.08682069739995016,0.0073101216038462934,-0.11500846067790423,-0.061691339006235475,-0.08273841153715959,0.008064851665059691,-0.044456677710294906,0.061950453656414016,-0.006009203811480415,0.019971377764024564,0.041976306336050796,-0.0384473823746072,0.013107235611495049,-0.022950933821411917,-0.04047184108669093,-0.06244277105734218,-0.12180673244753279,0.004829691914435542,-0.0034857005667855018,-0.08311493156942985,-0.17009425248572738,0.06090466906543007,-0.004798808845670631,-0.07335294396074679,-0.05317378885522568,0.009570813900877315,0.06440198328205995,0.05006015380349436,-0.031765392913745534,0.03117709588886865,-0.0956165493712635,0.030940594370934996,-0.12461378742397648,0.06625244733430095,-0.0006476831765634543,0.025569886567602236,0.03939588731954135,-0.019864806906430953,0.06124776787306126,0.024310464992909023,0.021958601087511995,-0.08499957924433202,-0.10691350880572814,0.06034171817141946,0.04594148678343278,0.0,0.2505688910324275,-9.922458285152468e-05,0.03672051984372511,-0.1325261653924139,0.0031591743249693126,0.05840380333698402,-0.07746575252924547,0.03654251736296272,0.0665960446700698,-0.054824944733137676,0.011886471486086292,-0.042827752180002454,-0.015343763131194151,0.005413426719411401,0.07203928544717449,0.07502766795427895,-0.013166141923748981,-0.005347060148314485,0.06258736784466913,-0.00323913641679692,0.03810885399905011,-0.06364981557045571,0.09812445743421515,-0.024264605009438975,0.04594066749236877,-0.0338605231691069,0.034546646882942664
RTN4,-0.02504137116024738,0.021320228390590022,-0.07665503879416434,-0.07590264109701085,-0.0007964712799298736,0.017734920493695655,0.054549872133289184,-0.06886377878631511,0.08110026188374167,-0.02704408935208016,-0.0026764259902180582,0.06403356208777779,-0.026469180437946202,-0.04446010929827911,-0.04301040707240924,0.011876824178480435,-0.044433037686023774,-0.0045772744134041235,-0.016459974319261127,-0.10565132249704498,0.037348371156544935,-0.009929264780087935,0.0565850057147826,-0.030617702691479412,-0.06094031912053869,0.092034043239877,-0.013292414834017269,-0.07995068269048644,-0.054570070031415514,0.013321907832428391,-0.04950175341502607,-0.0456975362061721,-0.002700520068682511,-0.017787698615725187,0.05905692821520891,-0.016892138733397136,-0.050614316586753,-0.06910465475037415,-0.03933204228663914,-0.1075798494097802,-0.04001151346853375,-0.0020117409602749365,0.03996750074046268,0.018649178514732946,0.027354880468240434,0.039217740122508796,0.030370052419570612,-0.023618779885839696,-0.034159004440088264,0.03117214147008622,0.03770029462905354,0.054702063358893986,0.2204677058621022,0.0,-0.033883445426672015,-0.04899641673578726,-0.06256143066260043,-0.053456629642325386,-0.05202171730293658,-0.04115049327118171,0.059918187072665836,0.05211042919758201,-0.04908061924655154,0.03884358947663393,0.014264648330788205,-0.0035031888928585804,-0.018772182048626327,-0.04502281895388684,0.0012803705207098824,-0.048861809070374754,-0.035476414423818776,-0.033499439008833926,-0.0610476049652246,-0.011800020017427727,-0.05852058550534915,0.007954524717979918,-0.13285693590093467,0.0938657599462618,-0.06699785411667818,-0.036006073313198945
SAR1A,-0.033192963478876264,-0.020421124331733414,-0.05896601672458881,0.02028385153741725,-0.0024487017169254064,-0.028402146932894973,0.018868296573021283,-0.008749171969035888,-0.029969164446753467,-0.030246729768258263,0.004936899915351718,-0.005907168918573197,0.03424997341425781,0.0737876235848809,-0.015095037942544135,0.061370508180289086,0.044885283444355766,0.02700443916537788,0.031154399743270143,0.06193752985445772,0.07536286588841756,0.06123262914364238,-0.014726843053871187,0.03206794603989584,-0.04283389742660251,0.0264875979522126,0.050519821923654507,0.0818337043116301,0.08649828276570806,0.08811347948482257,-0.04124844529190285,0.12647712424829208,-0.0013767295865664885,0.04285678095718442,-0.0756915133588691,-0.021112301348222985,-0.07199715095596843,0.0343978835881289,-0.02858161295895179,-0.040757025370613785,0.028967411041364303,0.02073098522311683,-0.008325099118009428,-0.05552881847826556,-0.009375220932994326,0.09946296877771411,0.060127460872395,-0.0306265099178398,0.008813640503334748,0.004280373584976616,0.07831926764485934,0.03325079597562148,-8.797581349004317e-05,-0.03414394848457635,0.0,0.0071793175203865986,-0.03741945801782209,0.002022701208143835,0.06336978781704013,0.04726979277977428,-0.09455578139544639,0.023160354085662242,0.04238364552387819,0.05210564733901357,0.058777000892576085,-0.003430482499875043,0.002096326851449078,0.06321837302918404,0.042119482510432606,-0.010466889769766867,0.13703015875339206,0.0008469309257158608,0.059687217361568484,0.08213524321315592,-0.032998028912240115,0.001895843276399559,0.04495930121380025,0.022443115602294575,0.05460027993144614,0.05090049278633537
SAR1B,0.005906840409272532,0.12378348232630278,0.06609677954691173,0.031434734794582433,-0.014564665464793715,-0.06162550374786278,0.0354049940290059,0.0019378839299692564,0.008139609029361094,0.011088419867309976,-0.018809994136287252,-0.05636346345195491,-0.013319329875951687,-0.0038239594577647172,0.0008814609726013411,0.03600279314083099,0.012293855585754777,0.06533167223627195,-0.04462062815462445,0.02031116719313647,0.07420951467613911,0.008071047263828532,0.03934564973026281,-0.02317545471128768,0.07582091617614475,-0.026400540395092337,0.01812310582667169,0.06074258025788991,0.006879461473365736,-0.10624374741511675,0.009669867485976594,-0.046342821710722036,-0.014008451363398582,0.006488374399793205,-0.032286123263700686,0.00021536180038950103,0.0009121154269394706,-0.06829518838801914,0.00582549758315503,-0.05027088455006097,-0.07858804030749672,0.014033183815164905,-0.06390363802378869,-0.01590083901689874,0.11867390312712295,0.010824961990609337,0.002283304175190911,0.005874575652658746,0.021208732948966566,-0.0963820199501503,-0.05340091903231042,0.020046558227616525,0.02986092792574342,-0.04528360216378435,0.006584664173333432,0.0,0.05920749638484315,-0.1945630018299311,0.021201184428764504,0.08349761299358474,0.011091731492287779,-0.0478136289404999,0.01389828647782591,-0.07088270189416167,-0.029477394190778168,-0.02614533933109563,-0.03393014131240444,0.04421587577668417,-0.011810384043653392,0.06486016509883717,0.03778391785047936,0.002912349746397519,0.02953828012487125,-0.00043094513971053986,0.00652918599879594,0.027097033230027642,0.05526858257446043,0.03929551463307455,0.052380089178657795,0.0026199943686692237
SEC13,-0.030163129884991407,-0.040256937004557715,-0.06269450480234666,-0.014412041168664205,-0.06077885865153175,-0.03839850374068072,-0.08527304327147242,-0.14545827146299273,0.0024544335291447135,0.09964701350780245,-0.06744741953073467,-0.11908796320046731,0.008717409931071275,-0.04742148373898925,-0.07358556499531771,-0.04464698234229995,0.011539587008715475,-0.06018287703829094,-0.046189523450401,0.09165294677017918,0.031821814440526106,0.046774746139597416,-0.04491395054123009,-0.03188110878469171,0.04854162389002174,0.06726841010016979,0.0005126283864574123,0.006341458342082789,0.0317174004598085,-0.04996572378258801,0.12920933584420305,-0.06553042081417995,0.07184981391122303,0.024465832622653016,-0.0040889246920821085,0.01045225301676519,-0.024256010438027886,0.038713496494978655,-0.050598065152625174,-0.0011444103360540889,-0.16091239502235793,-0.06290954276526374,0.06170776243089338,-0.11750794102656652,-0.019391981753015815,-0.06794688722198915,0.053095494387306895,-0.08274674222799545,0.0685835447228161,0.026355053843106782,0.01168637824163354,0.0001580503879282543,-0.12629437456862116,-0.06775965938166179,-0.0402194250503339,0.06938484033303857,0.0,-0.007539748729104057,0.027983800306161093,-0.03590272424536274,-0.06407289084935332,0.0042873173578723235,0.06654265732910075,-0.019880845138165047,0.1283167382154138,-0.01304918735428726,-0.025906267881429242,0.0007324310388062108,-0.08896988884361345,-0.011716084715000652,-0.014547114243209149,0.10149070695147812,-0.004520529886151223,-0.017572720449328186,0.0212106665306874,-0.0870684523538747,0.04388790034627422,0.06785314569648548,0.09728791209495076,0.0048329007674024985
SEC16A,-0.07448809452153479,0.042322531160252426,-0.045935365790766396,-0.07161130627812293,-0.036712367923297996,-0.018445730820891123,-0.04018060534250977,-0.02152531540844803,-0.10016865167782114,0.08676097262926002,-0.0012590438210807833,-0.037343446038585165,-0.003690071671957296,0.08149404517476502,0.02610713279033101,-0.09276843353675054,0.05059492646973021,0.03338589656259031,0.0032868709304518704,-0.09749164267072001,-0.03837206508407623,-0.042567065560537735,0.053713653268177224,0.030467426216524065,-0.0131450507156151,0.010692955730552567,-0.07339465367747651,-0.04756011927177634,0.06929250891834529,0.026158041814540664,0.019827007019104195,0.051472974398884284,0.020000950622054717,0.016850705429229552,0.025455200415698116,0.009168497473546486,-0.058413822249963006,-0.01752051062126733,0.03046744303971251,0.12089581840173945,0.10280108580138243,-0.10229737047628706,0.062279312562565615,0.07928188603191884,-0.10732553911763053,-0.0694001423606051,0.01515345318272122,-0.03991051304694496,-0.017129660812459997,-0.007058926463194537,0.04896524999791795,0.06843970571909799,0.0031985275113177716,-0.06151205567754284,0.0023097459999748297,-0.24223800386146405,-0.008010340873524051,0.0,-0.10618303329001533,-0.09285537305871212,-0.01089053511182024,-0.03974457678443598,-0.10742111743252447,0.038729386311989064,0.1315414966015619,-0.05196842084075009,-0.06581853815906064,-0.07727013588927628,0.05880220117445245,-0.07472993480834343,0.041565945756639876,0.07020932048011194,0.009309760034043728,0.005070072772804947,-0.013817860869794087,0.022929559958253375,-0.021916746830972385,-0.043085857549912836,0.032212370242971716,-0.023972399352003675
SEC23A,-0.03277727325640441,-0.06517397289792835,-0.021797084648358337,-0.03125110110321409,0.01659311831971633,0.02979919969879889,-0.009274067237176211,0.019370650512435042,0.06730018205233883,0.0012420324331154668,-0.09199735006909832,-0.029188045332565707,0.0014459669065274917,-0.03143737936864291,0.051399233881168536,0.07240366348022101,0.030315815400735007,0.0252586232685254,0.01881342048283203,-0.026520264535216026,0.052971718680493086,0.08811305418535607,0.015763110486782476,-0.05428760383652085,-0.029292754450212916,0.013213535328298371,-0.03000923985845566,0.021978159008085328,0.10272116636095587,-0.059306774141068656,-0.013912406548567995,0.031897182626414895,0.1148983479611488,-0.026635090848524105,-0.016380889471759776,0.08152736911199432,-0.011225149028996618,0.028112181797050686,-0.14994739905282423,-0.0446082586392736,0.0027670022599085406,0.10985031597878338,-0.0005145194144841836,-0.06383387358123098,-0.0555996135337813,0.06239758426387978,0.0004846626468711475,0.09684629585133696,0.03764835392537224,-0.0034709835327425484,0.01223287217777644,-0.016463696538388806,0.053839230451093296,-0.05450352191080409,0.06588642710058605,0.024033850716880956,0.027069612081936673,-0.09667993325956743,0.0,-0.06099989218074975,0.027646262967084424,0.10743941623323203,0.1549214402500938,-0.05558971304421004,0.01738298484612666,-0.01992568303953119,0.04543173222727814,-0.03138356665323595,-0.008086734132970829,0.009213175719206825,-0.006904635788122328,0.03706629128660683,0.035188579317833577,0.08128287766609682,-0.03396753185564007,0.016019868287248357,-0.009274295415123653,-0.05585285264696283,-0.016359418985904775,0.05770032883375273
SEC23B,0.1515345313699014,0.03881474855110329,-0.05302609274807564,-0.014604018236245667,-0.07527446543243027,-0.07615168036029957,-0.011983783132283808,0.07358712416314689,0.04967966802873811,-0.1203162928999442,0.17812352249116886,-0.10226399927337382,0.06210222725288898,-0.0833554873268334,0.026845537140242678,-0.008653938439945564,-0.0418563951603619,0.0043209710172472755,0.07057014849655412,-0.14713680615516314,-0.06465333042990866,0.02597807232962449,0.010981930989063748,0.056407226127283806,-0.08817777702823526,0.04058943274129955,0.05728677847750138,-0.01589232917070394,-0.014161452455102868,0.028333038623687686,-0.031196202999247077,-0.02503960641188549,0.057368398821589325,0.034727582454062066,0.0020030911742196064,0.027738650447552915,-0.05974670671626127,-0.08832890394916439,0.04036703131348906,0.04475593922818151,-0.0019519041473503127,-0.0719611339992015,0.12292767771907394,0.015832209210969988,0.057439115905399435,0.03682467565698893,0.03178923631055048,0.06681208722879825,0.04228838200692,0.03413336139530616,0.036628098785921964,-0.05915399154685523,-0.09010624407357219,-0.05440043300577608,0.06201329847637222,0.11943310545175538,-0.04382179591807723,-0.1066782009247172,-0.07696911565279808,0.0,0.26817244222826103,0.10945744498781505,-0.0486554559662403,-0.002575161499432011,0.011876824727802446,-0.14705483834279828,-0.03191437206527447,0.05321048127421619,-0.02875408534875396,-0.003184641600992517,0.17824519608529277,0.12263942415008905,0.039204579648873986,0.03177390408795045,0.0489897414685469,-0.06269677566589499,-0.006981431975323305,0.014277105260953714,0.0261116488970816,0.042044354880962684
SEC24A,-0.14457563225689718,-0.034929565064055305,-0.09345478977241853,0.007001691126726652,0.024199278531935955,0.015847364563246757,0.036309534355964124,0.02243075285506724,0.0047565311649172435,0.053792812354920366,-0.004458617999585123,-0.0033581793122851172,-0.0046055603705872535,-0.015603293280010689,0.0711516106714992,-0.019627037200162917,-0.028477537108659225,-0.053978063742587665,-0.013947787679162413,-0.029202741643312536,0.018302059514954096,-0.006438047565384956,0.18084049308631592,0.008245510358297693,-0.00808324693579385,0.07927350178030865,-0.036579512789858465,-0.07390587068934464,-0.04136395216809916,0.031443809904392994,-0.041800088191565436,-0.012949091928611886,0.006569846017860418,0.07327311060658884,0.053926307882748555,0.018285682000276693,0.0034964255903998714,-0.007709779635022359,-0.0389816200767666,0.05447917351666368,0.025455314062871666,0.021679421953864964,-0.11133674391123434,0.05801875480722085,0.07842914429934057,0.03646670869071359,0.001349585201365487,-0.027271297393835138,-0.03985786049836379,0.07797047903853263,0.004429464161036786,-0.03551299165211743,0.03444078333210959,0.06418231699209478,-0.1005121671638807,0.01285521746641961,-0.06336748971923752,-0.010137883094388855,0.028265279185752733,0.21729191261951214,0.0,-0.03135248809004527,0.06642856599707743,-0.02188176797775781,-0.03621834684445155,-0.009746367118524394,-0.025830761947149155,0.009109140802947288,-8.134193253790918e-05,-0.0681595056312425,-0.029996878389818783,0.09361433146928509,0.006027728134341127,-0.009350917549649064,0.014149364543787287,-0.004511305896289692,-0.021383862196599556,-0.06701777764650363,0.019741349990139257,0.02112947752702855
SEC24B,0.07300868626581228,-0.000509307042312793,-0.013860834159307429,-0.04002234272088669,-0.11753655486662304,-0.02724410742568112,-0.11036937578207709,-0.0034476983517284644,0.08510252846629328,-0.11637401205015413,-0.005480894226380929,0.03758551763159123,0.05312371176164345,0.016300591491743163,0.04891989199692633,-0.04453071389708095,-0.06965488374057671,-0.05936991182903493,0.015531087563078319,0.03382644002920755,-0.03490619004036115,-0.004429305122461316,0.04272932626422309,0.03127285940593207,-0.03572616547703153,-0.09363633695702361,0.039985936038220274,0.01958687117558923,-0.037127906613639745,-0.027822705359561287,0.11093055250844011,0.0019469926721321744,0.11126164691932065,-0.0805306825175841,-0.004250434624677271,-0.003919811948052231,-0.05157970741430644,0.03723225964049932,0.024864431773130795,-0.048758530649611394,-0.04641259153781959,-0.005658678241083293,0.004002099465625618,0.051530084027709026,-0.04603408964158323,-0.04358419301947574,-0.03987649341900424,0.06885157708915433,0.0477799832383545,0.029727673847807595,0.021915953482416966,0.05241281664124627,0.06437204172993151,0.05724738670790431,0.02524934017337977,-0.05683371911720309,0.004348626478058964,-0.037944621550401174,0.11265611605203979,0.09095969836258277,-0.03215483616491327,0.0,0.08261615093546613,0.036926630153891714,-0.003240860108314693,0.06477167305036502,-0.021085370975899225,-0.05464163806608755,0.08329348277128605,-0.043458676301234976,0.07446914915742521,-0.05384957726581652,0.054777138070213054,0.09747337344789567,-0.07370539210775037,0.12178999034659106,-0.11608137479059126,-0.038673247376848206,-0.04234351105303469,0.001116524478636791
SEC24C,-0.06314892936597537,-0.06781940974725567,0.05064110479773739,0.0353322927289384,0.05771050873686324,0.05846066811798002,0.03002199768965473,-0.049726851091047373,-0.022090108952854254,0.07954968501874035,0.07237876746473544,0.01617416934365838,0.0011882015899304015,-0.015698364975791232,0.07424970238115389,-0.07030771752241026,0.015143810326145103,-0.041219363986406535,-0.07321276458157164,-0.015389328672819646,0.06464523896621625,-0.011568223814696795,0.005538321504348708,0.09632536402138644,-0.038796544299058724,-0.11795745231358021,-0.004150971264271148,-0.06394167400142257,0.04525972574121421,-0.00023461050046422446,-0.03189341314849036,-0.031101950115580184,-0.00940571334710882,0.022019707875527938,-0.05177468780719415,0.06887266562957021,0.03529474737405972,0.10682797026623864,-0.13293039244258772,-0.06432206619153304,-0.009002861245182524,0.016642156120575055,-0.03410983839913881,-0.05565572977751769,-0.016658515975912492,0.06937629236064083,-0.012378263601760984,-0.025242014991831842,-0.039185876415505715,-0.023022966802982114,-0.04113542955920787,-0.029660427944087134,-0.04930752587649734,-0.05016804880290833,0.042992164213745326,0.01537098821471072,0.06279900666519728,-0.09542192534196604,0.15114327236207079,-0.03762022706219154,0.06338920827089965,0.07686897994451844,0.0,-0.10668109712361823,0.11674473226705186,-0.017039672953718315,-0.03205232878742202,-0.030601995534187947,0.12542034728406254,-0.030773681004953007,-0.006957692932550723,-0.060046768931771084,0.010263184081823026,0.005791988248720803,-0.076151555719248,-0.034317143938769154,-0.06219141799719222,-0.06485283590208751,0.0031736532943169877,0.049128602586289975
SEC24D,0.05731219655946599,-0.005753058204239454,-0.02267960930267883,0.0646439030276853,0.036624740496957076,0.016919191476906993,-0.020360376679694363,0.08332897327967577,0.06922052351069162,-0.03557929764254652,-0.10894503877196937,-0.09074281446250672,-0.04056792619993916,-0.015056581421165791,-0.09352321415200478,-0.05584023016011519,-0.05965594671206261,-0.033668617525927806,-0.029833390764826807,-0.0027275828812869,-0.08199818076940568,-0.05375570028726776,-0.013394636995509801,-0.060828913762980275,0.14980870342112199,-0.077385855708125,0.03440878401085772,-0.01044247308616313,-0.14451137204731648,0.03423884825783983,0.019966830048879815,-0.10043682925938129,0.05058354360176925,0.034581715828964334,-0.03410951748328892,0.018331765492239756,-0.1417381078740859,0.006136928991949391,-0.07321944176927501,0.035331969258604545,0.042510861839309896,0.10428351686049944,-0.013386873772084614,0.0023085071294629447,-0.016322884285751835,0.16259014347031872,-0.0418083775250737,-0.0986387749998871,0.01794387038139352,0.10477627020009729,0.02672144263740334,-0.015593122398050911,0.012525134679623892,0.046519064776699925,0.061925602075133084,-0.09184917009906536,-0.02198274485926683,0.040308215110975744,-0.06354277394678404,-0.0023328605505970683,-0.024464553933275762,0.040255041619332195,-0.12499191334030545,0.0,0.06514753070372799,0.03375150126666813,0.023258333311324927,-0.030224605437531936,0.04652296129666732,0.057688264238863446,-0.06460046459538513,0.0034847227966378846,-0.03045980855998038,-0.11858318392610749,0.04786212460755374,0.05790309196750772,0.14552762294494945,0.05813557385255229,0.04611863006898235,0.061537742223637996
SEC31A,-0.047210182219257144,-0.006411081974196536,0.06359729608382785,-0.005897638355690106,0.032677204490129036,0.0038746223212807332,-0.018712516656208412,-0.028298531452327743,-0.07265222401326782,0.03758783825569294,-0.051656681857473304,-0.04067638400871138,0.005596437323197783,0.03921503694938593,-0.04858675657878836,-0.12784206153605662,-0.0710389319395999,0.03187437980540066,0.004511597826360288,0.003150681332602338,0.07217371389511229,0.01960820494916587,0.007935710984111237,0.11021589551080985,-0.03184611036588884,0.05616066767415781,-0.09381780805686601,-0.07037012248008526,0.0718135331014242,-0.03527557155377845,0.006070931419342694,0.010128901712112988,0.11752121918636554,0.01205522112499936,-0.01492962610764568,0.0202796812482801,-0.017690295133590408,-0.047262112998037516,0.05717889760917386,-0.013918023531884378,0.006433256395328782,-0.0398564366173847,0.11720614002993181,-0.07096123618777815,0.05050260279187666,0.14668969375564297,0.02077041925108783,-0.06863126430552524,0.10658220399760261,0.00026925889723796316,-0.04305569551621684,-0.07202305500120183,-0.03893869134341512,0.014740061920542046,0.060272538548146744,-0.03295722836315364,0.12242130576167866,0.1181251437270053,0.017144416485513903,0.00928349002095799,-0.03493897302140848,-0.003048368796802607,0.1180207459814265,0.056211422825726866,0.0,-0.0313329067857603,-0.10401232720660204,-0.038929908134883326,0.0535008685551818,-0.0036684331501960475,0.023638749520196293,-0.06366808229425729,-0.019292230398635646,-0.10399754127968598,-0.016765943680543786,-0.021308753821338015,-0.02721113265739017,-0.03158984928303038,0.006654671611317408,0.022647342632833595
SIGMAR1,-0.014984765841956075,0.02910915388643994,-0.005018148062307232,0.07161389295072672,0.0001496107512593812,0.04254714021498993,0.008304357883766952,-0.034523664716388486,-0.043030062853809246,0.05225528167639028,0.008505308861828159,-0.01772826065831595,0.02338262005283044,-0.014342670798627203,0.014577462191755671,-0.05386352041870275,0.07813234313687452,-0.005365076937692175,0.030243426552930396,0.030876143093914465,-0.03616767324578234,-0.02631661081224725,-0.04901390972888967,-0.06396265885736342,-0.04360513764346312,0.001883941461643694,0.03441589476173082,0.03206629147741351,0.03323744300091773,0.05545340768108775,-0.00575429061808225,-0.028299352057590512,0.03818549756773653,0.0005372346692298053,0.0105723816445542,0.007500227035442872,-0.0187902601488281,0.03609160638882902,0.019694140405715287,-0.02575182142897195,0.0031250758690049276,0.015179116581882701,0.06017834210250103,0.005501488674608178,0.0597063862395987,0.008528012312073832,0.08580938476182974,0.01835915519771638,0.03810322616240042,-0.013382661192251812,-0.08987271733878835,-0.028931844297139787,-0.013060112198270501,-0.0033889155425566955,-0.0032932615305910724,-0.02736622080409631,-0.01165510296189097,-0.043689597456166344,-0.018397996263964995,-0.10760914912998666,-0.008802037811275101,0.05703629272697292,-0.016126542620792494,0.027263315283781835,-0.029333213183631312,0.0,-0.05269210327187694,0.06607263069371871,-0.0832336202031228,-0.06801171008135933,-0.048691669664757325,-0.02542901486731694,0.013937200722400431,-0.09003329428609264,-0.03529156441036169,-0.01265575611223289,0.0018233757910790954,-0.022498273846081735,0.037540799969909035,0.013677939094543044
SNX4,0.024905444834997233,-0.11686635535706877,-0.04663351129249967,0.055493160528212945,0.09590123602381041,0.10151211512652762,-0.011716751571119996,0.019440911565535266,0.04237336521427786,-0.02649707338761453,-0.06949163990236382,0.0784871393535373,0.045457714191030535,-0.013983943380723582,0.02665921488243766,0.08314301704904661,-0.03675396791683446,-0.07772778358990708,-0.008594377383521253,-0.019336364160495733,-0.0452789245666567,-0.02638145952981128,-0.011884259380970498,0.014896836437182055,-0.0044212367058021895,-0.020975619700957217,-0.04241284622970607,0.027790285923722593,0.049179391457278926,0.0051666100969161195,-0.011410170798220069,-0.10629670368634597,-0.03232270731831102,0.008454822248435655,-0.09106848399138132,0.011387159408548557,-0.04350398448879831,0.021323273649104316,0.002257527337702584,-0.03878629127102757,0.04205383013696757,0.030324681855898854,0.0041321083182451175,-0.02713879068681173,-0.01569557964704339,-0.07416839166509187,-0.06152224521323763,-0.056650911232304216,-0.004497955667480862,-0.017813834872754918,0.05763475536494635,-0.034885904656924274,0.00444439454432753,-0.017516094066561735,0.0019411331716061337,-0.03425559643313088,-0.022318387877165006,-0.053371827852131536,0.04046149504131093,-0.022525866417880895,-0.02250106125858312,-0.017909057952513324,-0.02925936683531917,0.018121305503688064,-0.09392237944804992,-0.05082423559339277,0.0,-0.038816563796280554,-0.04547898864502802,-0.12271507642784871,0.04968304533461947,-0.008710446730193229,-0.04048836691926683,0.05899344292559548,0.01825464871179359,0.07413609484316097,0.15151738272706747,-0.03854603339704977,-0.0007648055550902816,0.00752457607578249
SNX6,-0.02432833293263933,-0.008993518089111729,-0.04501229828887353,-0.0006924823585489918,-0.01901299769769041,-0.014593263336780182,0.029040099497661617,-0.09254102715897182,-0.0046123405379163256,-0.0586173553957189,-0.004989425514683894,-0.038053148307574496,0.07914044358674545,0.014095539140684258,-0.00011500181405956954,0.01748297881265401,-0.04209992484793805,0.06771727305756112,0.025874332913285204,0.05235966876140613,0.03354186209917922,0.035115515521269146,-0.11238105930743929,-0.005288980775530651,-0.007658309298640639,0.04948908642793165,0.03832137920282923,0.020743779012558496,0.034721571700288036,0.012457106237206535,-0.018485380837698927,0.03382252327171334,0.003235624838978737,0.03721977790459233,-0.014090726991744894,-0.04100038882384159,0.002220487742421784,0.023532885523456826,0.041870222649538595,-0.017033124702977662,0.06294506270562523,0.0078372547869495,0.03013236485599457,0.0073488484803962695,0.04940785970379127,0.04099390623989104,0.05396134799635209,-0.011060545107136315,0.03078125663681812,-0.03232104309911823,0.05808182678622876,0.006200168222079362,0.05476354463259657,-0.03889887180129581,0.054202767239163355,0.04133385456897146,0.0005842604919100146,-0.05801727554956932,-0.02588014699586006,0.03477556526624236,0.007347253267098168,-0.042973132873254556,-0.025866453816504577,-0.021804862016183285,-0.03254988529200204,0.059010423349312606,-0.035941723408173684,0.0,-0.04999670206834739,0.030106451651990676,-0.06732793226370218,0.04181831106780874,0.04180252565453549,-0.05147899950288769,0.0021911180077385317,0.026961917229020506,0.017811275589727636,-0.019855598431156272,-0.010900604610226178,-0.03503073851647505
SORL1,-0.013552249997744056,0.028846197858220575,0.006356324435339207,-0.013915863367902957,-0.005676834512748429,-0.007721264868411279,-0.0013673053609926796,0.05569853073547447,-0.008993082341842056,-0.02163809700855958,-0.034055745831697216,0.025629523101412734,-0.048202346577522884,0.017110856904562818,0.015282566490003322,-0.04185853988999518,-0.028285967925951234,0.003041673080336662,-0.09385843834135361,-0.013192080272838037,0.045491267054089665,-0.035898922124561194,0.04957046920685388,0.034096467176917736,-0.005692776986833348,-0.07589634614569835,0.021799778180329094,-0.023298875967584932,-0.03406063133976361,0.010045388430965637,0.019793516075736522,0.023437830981158772,0.020728578229642688,0.06482243711624977,0.026909884441758927,-0.03478421385831861,0.02274205624741481,0.06715167249028031,-0.017703655723347717,0.02322417064142631,0.013462801287107909,0.04138156483525519,0.04559193277145649,0.09530899975102897,-0.009568504452578694,0.01597803461912192,-0.009780571090783188,0.03382911532127794,-0.04063519934951512,-0.036909283945817176,-0.045751574507616105,-0.029428951485058058,0.05958840764645592,0.0011557347370420423,0.03772935228513458,-0.011534794825215626,-0.07414826711798715,0.04612723437199233,-0.006967159992393558,-0.019633365282587006,-6.854570696825336e-05,0.06843881889232992,0.11075754546818356,0.03506535432646027,0.046735306410777354,-0.07766477607320035,-0.04399575623852745,-0.05223475189044496,0.0,0.058097048656501234,0.07220837776005541,-0.019554859193944736,0.06500875846320768,0.06888583304446229,0.040376630181648394,0.032018570033792784,0.039906662973021576,0.03636082750155575,-0.012399134781177216,0.015252582290154611
SORT1,-0.021035291358972284,0.06747771186633811,0.03945729095535987,-0.053320706056422404,-0.005148115419531699,0.00013210671993141014,0.036553147436367506,-0.008815378777521098,0.055438603169326924,-0.043472108492894214,-0.08706491650536963,0.10579204069163982,-0.029717687616653016,0.012760779151425173,-0.0039766207766361965,-0.07471859323373195,-0.026372218435369535,0.11373442846846415,0.019409358819428377,0.08140209271571185,-0.050117414362223923,0.010826594622102734,-0.06825835614973241,0.0012930440434179183,-0.01834314954662633,0.015821841161895406,0.15048072950137653,0.0129721557569144,-0.0208153697718773,-0.035023217330454645,0.05700426006273449,0.01252195593058412,-0.043671953392592104,-0.01861059322500235,0.08050017350650482,0.009850921179737423,0.014168053821381522,-0.004461485691068515,0.0001500186673340935,0.021349218798359357,-0.13382253548117193,-0.0693104222047186,-0.0222559021601458,0.09235067200481227,0.03299675904122451,0.05664757380686177,-0.013925169146215834,0.05101610448559107,-0.014828622408718795,0.021711190317604736,0.02366586898969739,0.013266040700756852,-0.011585086750654278,-0.04886438849585464,-0.010387580415245947,0.07018177198219896,-0.010817848291060516,-0.06494696512982477,0.008794120223679045,-0.002409107495415966,-0.06363449927531009,-0.03956110411380123,-0.030108228048450224,0.048172454837698664,-0.0035503019966319138,-0.0703087586673771,-0.13152197945351626,0.034848025540105104,0.06436569992712084,0.0,-0.012352539397596023,0.008125307174592332,0.017467212161075475,-0.02459617820562759,0.039192937863614774,-0.051374324238159436,0.022593819503989095,0.07448104990150749,0.02997585699495626,-0.027938423244978264
SREBF2,-0.007532332246178673,0.0036358852937370153,0.05972805057533866,-0.0925217047369952,-0.04926692313251127,-0.06554689003147149,-0.008559021985326301,-0.007311538190238319,-0.03696449568168541,-0.03620391420560476,0.004638788427508693,-0.029404830142964068,-0.05475917296045302,0.08710011757195907,-0.06308389243615586,-0.049280653291264284,-0.011596052172920545,-0.06431692522113419,0.052806594398165305,-0.007141785221446678,-0.07297252291028453,-0.06033944415662834,0.04977716238042715,-0.014157722418892503,0.010031159801464724,0.025533139182742564,-0.02192426543089939,0.0943553072162655,0.052812279286099974,-0.04737596778132478,-0.04260218086289609,-0.08727217633566785,0.013137934030157415,0.03444840619079756,-0.08163379002004312,-0.07649322844383721,0.031003825423482675,0.003395980737665674,-0.01184702054624699,-0.027508322500284448,0.008134334776825401,-0.0803688123231842,-0.0100616898528473,0.04943988100914805,0.017303210048152984,0.010828300948818887,0.06295371704702865,0.049518661178426605,-0.018503114110463913,-0.038688864007555966,-0.041131395681093426,-0.04376351334177695,-0.004656967355062092,-0.03511640196623556,0.13460471580703368,0.040466965019595645,-0.01329482420317088,0.03575602985991549,-0.00652335758201264,0.13346297916524225,-0.02771977034818964,0.06709894129274467,-0.0067378039983286035,-0.0533942282860548,0.022644177595571982,-0.04982275844706826,0.05270550618763083,-0.07713673402547606,0.07918362503514369,-0.012226541150656748,0.0,0.039792080762179785,-0.022810782198867938,0.08323102447182366,-0.029055210990514235,-0.027419262481880362,0.07807099225333419,0.018125467079428283,0.04463573729642504,-0.055200520497652936
SYK,0.011724336765357411,0.04337016187690647,-0.029801589080936424,-0.056914512995162904,-0.026116337525993145,-0.03190939326972377,-0.004164088818046617,-0.04852347782104267,0.0067340613845291485,-0.00394484695666634,-0.0673520227634861,-0.065290610130469,0.02549067539104253,-0.08713253592596992,-0.035846821542519135,-0.027457144021838766,0.056759932959724764,0.04966332838880523,-0.004497850022085285,-0.03924580975110482,-0.0664590805137307,0.08475033913617105,-0.05906870815066078,-0.05843209831194975,-0.009521343439438609,-0.0037555253656329436,0.01501914253736785,0.025006061704288037,0.01886527197651285,0.05575738584923962,0.05046165694343728,-0.0148994282020763,0.019811593382122135,0.0155039246247726,0.024685631651045644,-0.041382586095629496,-0.04659356065495619,-0.002218304476232488,-0.08232792622845593,0.08123388635252035,0.03433658392704842,0.021414935268353488,-0.05885319730368519,0.03252188608428457,-0.029123733887869433,-0.009785482284946806,0.10359243223973418,-0.04194260968689789,-0.08524039458721387,0.0069489483900327526,-0.0321941437901648,-0.05670678083873979,0.050581190570109215,-0.030769615004498502,0.0007719805206816645,0.00289435241931758,0.08606890211155013,0.05604290390100279,0.03249554166876726,0.08520936318520153,0.08027311972163705,-0.04502314310446339,-0.05395814298710275,0.0026726441911504176,-0.05659369610761137,-0.024144425345150086,-0.008574374449902954,0.04445766968426593,-0.019898334203342943,0.0074627929132897045,0.03692418220238034,0.0,-0.030164146396052496,0.04617243979687535,-0.025530836419555107,-0.022256536919765455,0.018120299725733674,-0.02856018305024018,-0.017309018890931834,-0.050902628674465926
TMED10,0.06500270849677744,-0.002027920430318057,-0.07599968584994408,-0.02092827940345549,-0.00815787947292721,-0.014163433350901573,0.004032669491754472,0.03515997429903061,0.017435271764490688,-0.027430493741055266,-0.008099324978852277,-0.025895470076740732,-0.05415733419885505,0.031199520917494228,0.06043895865806455,0.007823124933051305,-0.058685464964322184,0.012991942389338765,-0.05749808674707788,-0.0023279572650813534,0.027554429358968433,0.05736970024350548,0.023492924770328646,-0.019924567325674138,-0.008505713849528205,0.055374790402352284,0.00033289229690352704,0.025588018872795045,0.07217031743691102,-0.04042678315524258,0.0011610128186693893,0.07178936208440746,0.028658109079054812,0.01810978196020164,-0.0007324904902489193,0.0206484984206819,0.059971215827648944,0.05837793232137344,-0.05121572305292755,0.02976592356381323,-0.0007193944075597041,0.03521636195686941,0.08768819048600399,0.0374215908448215,0.04699258366404057,-0.012135662543223487,-0.07406014589894039,-0.04288664095239953,0.024949085464539857,0.020588293808398554,0.00948488304260096,0.04411980579334122,-0.0025410385836964907,-0.054429308764559634,0.05281038621312534,0.028495268075066044,-0.003721251227858058,0.007213466317382211,0.029945118787197612,0.026440744487596396,0.005017196589909301,0.04445621770515541,0.008952186691628396,-0.022676693945501297,-0.016645942495476487,0.01284524976085677,-0.03868761320452335,0.04313823665837661,0.06421161015096073,0.015572733738042622,-0.02054632126064024,-0.029279974930482462,0.0,0.055181795881417195,0.06006812790477841,0.015015034791643884,-0.02879903977969124,0.0026982988635973117,0.046136138452896804,0.00956016558280425
TMED2,-0.057962051782886714,0.07764001717505895,-0.03399014410838599,0.017538179614462402,-0.06922393976582639,-0.032661116417998036,-0.06548289610633964,0.008014710604108476,-0.02227684293236773,-0.018106268434707994,-0.07791651279952241,0.0613923638428228,-0.050754424756333474,-0.0392831571552742,0.04835379575351274,0.14225435955919144,0.011002209679680802,0.028537019101385782,-0.023009735523182195,0.009507138063957614,-7.851160036913656e-05,0.04229845592030873,0.007815370182608805,0.011267243559836505,-0.010456245602884223,-0.021398514568806894,-0.05955660180979773,0.08978522172963775,0.026169408643954867,-0.044508382731704446,-0.015384456210882205,0.09329825447444969,0.01670580211167544,0.012603136832904142,0.0553874904067133,-0.011566189417357023,-0.011113085814539483,0.03491480141327461,-0.04156943119409451,0.034596128632923974,0.013386185325628012,0.038997721795047936,0.025127647139856654,-0.006974441612093797,-0.026304095142558687,0.06940463034822723,-0.06929718907085007,0.005805090670658296,-0.03644683435408159,0.08400493729237492,0.03626821291981215,0.048139795511713206,0.03126847159643365,-0.011003875712866965,0.07600922464339485,-0.00043481875980346777,-0.015129946422660473,0.004108832697216932,0.07234726557855507,0.022413320512212485,-0.008140675314232005,0.08274045657213369,0.005284129199458565,-0.09233671497953276,-0.09385291492004999,-0.0867898390790443,0.05895819289937763,-0.05556338658702696,0.07116563794252304,-0.02293546964285534,0.0784111603371202,0.04687715304100864,0.05771578064247585,0.0,0.01925406046153306,-0.026325709702905167,0.004571175774535858,0.04201314613840106,-0.06597913584898246,0.007754054305164954
TMED9,0.042591306796567974,0.012322427769308485,-0.008638316214540415,0.051522926481926745,0.023308670065972963,-0.023328768779686013,0.03479007804080447,-0.04484155219191799,0.04725807724217584,0.03815504449214975,-0.027253992588232443,-0.05641829245112519,0.07149025091693614,-0.01734939868410887,0.013256293490393773,-0.040361153178163356,-0.05378421469107661,-0.007337716266881258,-0.014974201349513622,0.040988782372646415,-0.03897879054677127,-0.038613562317807465,0.02917083458006662,-0.012365719410664808,-0.061660048756719696,0.014247546137158822,-0.03251958407484372,0.045045268974019025,-0.0017266915313285745,-0.02545220210097186,0.043952095939654996,0.030450374789987102,0.0413704663764946,0.025211528407608787,0.15543456238157632,-0.023302213980419803,0.04042718359115213,0.026619193213335036,0.10319742762992695,-0.0001009021370957612,-0.05182502410477365,0.06349777757113388,0.05491729398775564,0.03442166448546112,-0.017030990731869224,0.02854675994249712,-0.009120730750227337,0.059327743501941727,-0.011746929831903263,0.03477281229506221,-0.014744540397182765,-0.03604934953293767,-0.05232682150266835,-0.05467868181268894,-0.03059646091692015,0.006600726948095259,0.01829781140712397,-0.011219965503794569,-0.03029238606404226,0.034624794935697374,0.012342114830710349,-0.06268701903587437,-0.0696098947067215,0.03734132525202309,-0.015159997786017494,-0.034086553617150905,0.018279332882879657,0.00236957696578749,0.041794289164676646,0.03661797016934194,-0.027426040619919958,-0.025971072730639796,0.06294906468605835,0.019291623267190045,0.0,0.05996072083449547,0.10102592649685445,-0.011063085578529207,-0.004441027396606642,0.04130410469407887
VDAC1,0.10596224233255015,-0.07777049503655659,0.10658476158873613,-0.03688762347337136,0.05084017607411448,-0.009236363349266584,0.06973108467050845,-0.0024091964006072984,0.03901268089043916,0.03208001537391553,-0.10834477746773746,0.056273083376627196,0.07932684842148038,-0.0487403736962365,-0.0143139413521063,0.005903174225250883,-0.053635879009061964,-0.014885578487435274,0.028565655869401484,-0.01934917256651017,0.005815994959666857,0.0368717971442865,0.07654251793625438,0.026331894526118685,0.0958738807123526,-0.03607007626025377,0.02153709012359176,0.004521119354380227,-0.04502720304444071,0.015457009093335408,0.11695325845218761,-0.00893800715059184,0.07342113116121278,-0.04664846800361387,-0.0005040734471410911,0.017446262669466486,-0.01570128313325838,-0.006186870947352454,0.1030611598347082,-0.04042982944351661,0.07110494814508725,-0.019842520802244613,0.0038331564470220937,-0.003986166738592638,0.055576498221045725,-0.040031295313815184,-0.08086829953766625,0.005805899993831418,0.04988207141282765,-0.046207074118179293,0.07707832731636359,0.0270673009834438,0.0906569709084633,0.008352574140522614,0.0019755242210897843,0.030785853691512363,-0.08441164930787962,0.02092392508943035,0.01605554909535574,-0.0497993872736138,-0.004422335153073049,0.11640903350392019,-0.03525332324911771,0.050768722968984194,-0.02165339094803152,-0.013737161693893243,0.08342828145808832,0.032768197504933816,0.037246505698424706,-0.053942280127429076,-0.029086507710770537,-0.025443635498013213,0.017683501261903458,-0.029643075430096904,0.06738505315992145,0.0,0.03911435074890587,0.014024122506385763,-0.05500870710612929,-0.06725621544782559
VLDLR,-0.13918592960039577,-0.09336487403752149,0.027097550209913543,-0.049972528489524735,-0.09588100783250711,-0.10536081497495155,-0.13382680621217252,-0.11831471222032491,-0.04163763130122396,0.031568380934014435,-0.03970780252327222,-0.008110802862597726,0.07692428915672676,-0.009163985205374951,0.10584566998080304,0.012374203533618885,0.05790522727887971,-0.07059778167359575,-0.049609488559814355,-0.12582587862327121,0.04154929134494834,-0.09889910962703576,0.02881930841543649,-0.004801224259502855,-0.06955343552629754,-0.033429347528559035,0.058318319565817185,-0.03781230021659138,0.019099078961369878,0.09953616791955404,-0.06756216015652886,-0.09287767806022039,0.054038827774449696,-0.04893152666404682,-0.00937206693222891,0.028240889762987633,-0.01770558422970709,-0.01199838693702425,0.09500309029512384,0.016448173029969156,0.04582390447925939,-0.0064193634596990375,0.04702337093471902,0.07257400782483751,0.08910746520924046,-0.030521628978119417,-0.004662019705088594,-0.0577683812182388,-0.026610525084933466,-0.08946566833614507,-0.030775283889885485,-0.018992404068838092,-0.029706045653361244,-0.18485790125446136,0.06207935000797853,0.08320615746411208,0.05638116528802424,-0.026501545994169907,-0.012316713225587785,-0.0073480310997207044,-0.027776863619852793,-0.14702301102748308,-0.08465781756819392,0.16907819473624283,-0.03664056543490609,0.0026226043668541262,0.22594031729115205,0.028684315282500795,0.06151438676969217,0.031435510326183316,0.10974208144834498,0.027449512448497387,-0.04494357396610182,0.006820540232783172,0.1504448253799081,0.05183031023226133,0.0,0.04877363116078582,0.12922486636364464,-0.06033729706766765
VPS26A,-0.07274392446794861,-0.0027113665227575575,0.011709408953901148,0.010447266456346804,0.0030062215856989953,-0.004255805694781959,-0.016838275708065127,-0.03690984942600022,0.0481644972531943,0.015229669341044732,0.08179079390436791,0.06866880025173108,-0.06427211830251524,-0.027845361958035518,-0.09249328971844863,0.13219986045620155,0.1044699914034981,-0.052218995232431634,0.03510943179197774,-0.037644172896536286,-0.0063417155974993256,0.01902600066386224,-0.004079324081942611,-0.029861166342089074,0.028086059276217164,0.02669110038935533,0.05896615139459071,-0.014632692022914253,-0.04575108270807277,-0.027771287161829066,0.06459704074774045,-0.01775710696773292,0.0486684930854093,0.06525605940349796,0.06841085605382644,0.0082746756905298,-0.007646032074020965,0.015190785626845324,0.03805048779667916,-0.03830758800523568,-0.030315914481645626,0.017380699843917973,0.12601394889838746,-0.06516334149995234,0.10062379602492788,-0.019060747965555846,-0.0414450736439855,0.008139687899186874,0.027723146277079135,0.008303855624933926,0.1442710391624527,0.11594640494777818,0.039248469722913,0.09114121126847108,0.021625420674359276,0.04128325478922598,0.060829330907204285,-0.03635663410217905,-0.051762241309873724,0.010486255758090592,-0.060749245883228276,-0.03418119331241326,-0.06160548635890733,0.04713439529441439,-0.029683623249072907,-0.022581854442810457,-0.04011111894311907,-0.022314453458817076,0.039112795156458234,0.07231534450805982,0.017779785213636476,-0.03019145575351961,0.0029385525206795564,0.04374514574413832,-0.011496734283359435,0.012968125021060487,0.03403603010657284,0.0,0.08946852084783835,0.02503037848990144
VPS29,-0.02037965443013408,-0.0313350309383801,-0.019330579806869277,0.059240438495116676,0.08218350554828546,0.02473074309975141,-0.06708528937097433,-0.029310893821448938,-0.030471388867890543,0.04587340851467807,0.04788210653896068,-0.028101238255808715,-0.03312561951213686,0.016509219623613482,0.051449996376757554,-0.024624091884692154,-0.027022384642126536,-0.0941661841293328,0.020261487708461392,-0.04134528620923719,-0.012330910415642691,-0.0194836878772291,0.07661339139394527,0.022281227876526824,0.030023927544048118,-0.02417385610983953,0.013517071300150722,0.03072710257725385,0.10060070716663691,0.08832815838750813,0.06561300491370535,-0.033628549258586604,-0.05833667195534755,0.05182633733311405,0.010153319073092767,-0.008712093811214277,0.0043295887778956,0.036046404073080886,-0.03451217310154132,-0.039433614425061186,-0.08584367835030551,0.011167246545415238,0.003122944595292678,0.029178245197198954,0.07322442625160153,-0.0676303783902512,0.01698946223641343,-0.017126880852499037,0.005718971225677167,-0.01271072078797262,0.04614962864258768,0.031346115948365685,-0.027350532264293858,-0.061505673615157755,0.04974196965705738,0.052028807682724804,0.08246100566069278,0.025699122898998703,-0.01433449112556859,0.018132649753263074,0.016918988995894734,-0.03538426154153725,0.0028503394931952597,0.03535241325313375,0.005912112330184278,0.0356254713398033,-0.0007524589437836664,-0.011582453129796486,-0.012610234621794572,0.027517119429654697,0.041396793907286476,-0.01729984493211519,0.04750412679771187,-0.06495281491037257,-0.004363433537585455,-0.048092751026264965,0.0852602481109524,0.08458959552384357,0.0,0.11374961507236828
VPS35,-0.01295284166156661,-0.0067838052184257345,-0.026928199841883056,0.18555843661525057,0.10487413384970583,0.12436725612524166,-0.011176272821711714,0.011285123753396279,-0.0525723257922577,-0.03996394290899685,0.08262587658267025,-0.05137846317935291,0.0033711878978707594,-0.06653557803322575,0.041016605284953885,-0.020474449382762803,0.030148392159784054,0.009475475611220698,0.026997260317984065,0.10516782697271566,0.09523496661464283,-0.0319862806085571,0.049325812818513906,0.015142536842676423,-0.024239738264780594,-0.042341185216746166,-0.04789130412032816,-0.0066050282237942685,-0.002628196734467539,0.020593884265823342,0.017283600578009692,0.008560173952122064,-0.01043069906004512,-0.03489852819189708,0.010177017039236421,0.009821584816782945,0.02555079368988953,-0.017930634785048662,-0.08117139569540364,0.008357451833145558,-0.05253424298206855,0.035754179338775324,0.008316252315332182,0.004654648143807192,0.00022198033248603625,0.006106417374457667,-0.01847895274033258,-0.012030212790247805,0.01093115525501695,0.029753279857574817,0.04175994937990232,-0.022339504679936374,0.028629641090595327,-0.03391313448373327,0.04757600598059867,0.002670028408009189,0.00420276886376534,-0.01962207843048999,0.05187171143067961,0.029955222706444018,0.018579079897946153,0.0009572588793874774,0.045269886455515794,0.048397408724628284,0.020642922529961267,0.013317283520382847,0.007595418298164909,-0.038188899359670854,0.01591523468457741,-0.02631304673301364,-0.05252487788637483,-0.05219727766238929,0.010099349374515156,0.007831736668778726,0.041636672075920346,-0.060327939564869884,-0.04084362083139558,0.024280185024610067,0.11670455847667557,0.0
