,ABCA7,ADAM10,ADAM17,AP1G1,AP2A1,AP2B1,AP3B2,AP4B1,AP4E1,AP4M1,AP4S1,APBA1,APBA2,APOE,APP,ARF6,BACE1,BIN1,CLU,COPA,COPB1,COPB2,COPE,COPG1,COPG2,COPZ1,ECE1,EIF2S1,GGA1,GGA2,GGA3,GORASP1,HSPA5,HSPA9,IDE,ITPR1,ITPR2,LRP1,MAP2K3,MAPK14,MAPKAPK2,MFN2,MIA3,NCSTN,OSBP,PICALM,PLCG2,PLG,PREB,PSEN1,RAB1A,RAB1B,RTN3,RTN4,SAR1A,SAR1B,SEC13,SEC16A,SEC23A,SEC23B,SEC24A,SEC24B,SEC24C,SEC24D,SEC31A,SIGMAR1,SNX4,SNX6,SORL1,SORT1,SREBF2,SYK,TMED10,TMED2,TMED9,VDAC1,VLDLR,VPS26A,VPS29,VPS35
ABCA7,0.0,0.015377770922204603,-0.009433551418427583,-0.022863909335117203,-0.02166971045513745,-0.02458602426182904,-0.016324415444490495,-0.027963919562774355,0.02445652575630799,0.018119793186535265,0.02377632527768132,0.023571411632191844,0.06324214750019154,-0.025291023689939962,-0.015844098810007118,-0.014394321987840466,0.03146745716860617,0.056785467877059015,-0.016232555262387073,-0.019848392703389738,-0.027580558453556912,-0.05805999041804465,0.019570970412057367,-0.01771879364686435,-0.004092900450832775,-0.05220319917948957,0.0169945226011434,0.008559478525314789,0.020773645529781004,0.010517319789025845,0.04169443315387739,-0.0031616524987283304,-0.025841583451556096,0.008179759794559536,0.054090714398852525,-0.00971790443730088,0.024660068811916565,-0.019784235820134083,-0.034305040121908985,0.01753657956030926,-0.0033309997217714714,-0.0012606665315881874,-0.005473896734276349,-0.00710627411552819,0.01475003057324758,-0.007831233038761492,0.03709419366389445,-0.006357244497978153,0.01922506101820748,0.0166146949002812,-0.02578231114472355,-0.0327334819815908,-0.0185216560096435,-0.012385886925169945,0.0175609784913978,0.01379615502532757,0.0193922307159031,-0.048760543855009254,0.04656980722462515,0.05510493011342954,0.04463461000281312,-0.0017121731610591883,0.031167453507133923,0.012338977831422659,0.0504327013183279,0.007656462544991143,0.004152119487843766,0.012572199869472547,-0.03178038731897987,0.015689255976599016,0.00930499073091047,0.02875163674440455,-0.008243849954265544,-0.031455722118098564,-0.0071429694966144725,-0.02166056566063997,0.018595711963797574,-0.04968147769733873,-0.048344224034989614,-0.010886578309014964
ADAM10,0.015817477264491585,0.0,0.01735899223521796,-0.011557451502610241,-0.027354056038676605,-0.019671490245686207,-0.024956379374673886,-0.019319883387976605,-0.0020072999029711394,-0.0049298081617538325,0.006444246443650755,-0.04335553009147715,-0.07985398750618913,-0.004188530280685768,-0.024872854768045335,0.033139702380797983,-0.0401194704676867,0.0846797884973211,-0.008662604628853854,-0.007851103762084624,-0.04546979683400177,0.011686982537880499,0.007985896235051299,-0.0052107888980422665,-0.006781668687122625,-0.00740902612388494,0.009827994216878458,-0.004594336970795935,0.031947967084895376,0.02862264199408503,-0.023824784460106052,0.004210199487905228,0.01903744425218262,-0.05362048571424089,0.015031589642047651,0.0067832173366369035,-0.009520687746796678,-0.09856175156228633,-0.03618161946345947,0.013053635168583098,-0.015017344740904593,0.01881597167097432,-0.05417554619166396,-0.034349026156087786,-0.024003161617095804,0.021187955662267978,0.012319582931115753,-0.006532969693309804,-0.004228071580894806,0.05325084895676963,-0.017308200329987262,-0.006146697457143282,0.011599102536522223,-0.029314889984436904,-0.0010975000455310702,0.03233746246316067,0.005386565305007987,0.013610212584287261,0.01788723433090334,-0.006043406601248755,-0.010029572276458907,0.04685124642784017,-0.022759702586716567,-0.04122879716162906,0.017487662808717625,-0.05968534323785354,0.00901510698749709,0.09287063320524742,-0.037548597157353154,0.03480563767557234,-0.009314222968223944,0.014304294098516978,-0.0259306785578422,-0.02572800027803918,-0.020959268591226574,-0.024812872349023938,-0.060749422615798285,-0.04539082318192297,-0.05060726557188264,-0.011896708238451688
ADAM17,-0.009416620492623583,0.01684614459404218,0.0,0.019927394672313737,0.004178295958602219,0.006882353977624849,0.007240974029202667,0.009955946977480009,-0.02669451816795937,0.012667771299894036,0.023529519064896445,0.0401417492251386,-0.053169547853304355,0.0174937731459226,-0.0249472240199329,0.0102983247030482,0.002941042108586396,0.03502262842293521,0.02256771446512415,-0.042771527436623095,0.0015094396415988344,0.00042050056311813673,-0.03066766499287159,-0.015923466711933506,0.03641984650043117,0.0009091289169191708,-0.015538199857421803,0.01552296886910868,0.012276074034258485,-0.02058484316239951,0.004857379399739841,0.013226696488832242,0.0332339438484016,-0.004284824859982655,-0.00851218270406721,-0.02063840261338694,0.033512731722408894,-0.01843745015913162,-0.008180470152678969,0.031875660478983,0.007857366767869498,-0.027239258624577795,0.008454979283305467,0.01909663252250101,-0.031160420488427223,0.02349485879975477,-0.08495584811987891,0.023077533399355064,0.00590794691741007,-0.01285756471577767,0.07714058490179589,0.05348891784217846,0.018035144225454085,-0.014265159141734537,-0.0154854256763175,0.006992258009001508,-0.032513655917464905,-0.015636864516377625,-0.017403367159081008,-0.0387666514440026,-0.0034483765714841672,0.030429161717220255,-0.0007368675541420448,0.005679138015215573,-0.020459428628728252,-0.057582716348405755,0.0221067567468471,0.012016344629627473,-0.010134099700025438,0.03782476409365475,0.005421905121079208,0.0049230178321185,-0.05740032051415908,-0.03226951911913539,-0.02766051502364148,-0.012767278970827842,0.02168326337854121,-0.016186143860637416,-0.01463190282622262,-0.0065627094967937215
AP1G1,-0.023590973659244528,-0.011593474851896796,0.020598047331844907,0.0,0.06205710802175022,0.06108290464680241,0.027104075847501286,0.04607705078580738,-0.03843524061769136,-0.020633011017616453,0.004279502003940905,0.010138672878638896,0.008073270131411263,-0.04860458908946936,-0.029693487431179937,0.054290499619884344,0.040631040175721125,0.00867045450859036,-0.008134190886104132,0.008413942791047553,0.058885321524928216,0.02329189492618334,-0.009421333652876103,0.058048266338786916,0.022717259021752898,-0.023094314412471437,0.00999813717193525,0.01339054765590225,-0.08460243753503763,0.003417868532031644,-0.01576209828467125,-0.006439773723000735,0.008811945259802762,-0.019906428689758244,-0.019762190693125823,0.0698751005903867,0.01856603032448562,-0.011675700203073899,0.012698513097873291,-0.05008539214254133,0.017500041181327523,-0.043012796607510145,0.023214100567935294,0.02716502857923618,0.04091914120238606,0.03832646318397539,-0.043741166180667916,-0.025421448920777967,-0.012909905423601459,-0.023000953932005224,0.07885493324567189,0.024959393580425534,0.02894530588987943,-0.01978110414641223,0.015144577376778646,-0.004180422266039043,-0.0142590065897329,-0.02134458419001209,-0.03241556382030799,-0.022830990652205254,0.016236745206646842,0.037154060234620055,0.02479246186604774,0.021543885219660663,0.038820978084893924,-0.019761280778172265,0.06128935966325133,0.04981061058358267,-0.031299511117791286,0.03575047183079093,-0.0011787583219980294,-0.010802171694371402,0.022196961826438044,0.04404095018919011,0.037176691045674747,0.03233903831168787,-0.012396991240826457,0.02012382484736726,0.013518434267171071,0.029401446728626122
AP2A1,-0.022330287541553223,-0.02740432487927087,0.004313408192698608,0.06197797227177424,0.0,0.10546999004490333,0.07025075685891945,0.042393027636602056,-0.027887738665114584,-0.0034681638011256045,0.00022948761993777617,0.04373220285538194,-0.016937117836259886,0.03485700207783146,-0.002623564936957808,0.04494496454494211,0.026867917266626788,0.013404756656130876,-0.01012236711574268,0.026389140729329314,0.017586206786191463,-0.022318581964384913,-0.022577139188889067,0.014290670167849058,-0.024331376731276638,-0.026886792272359718,-0.003314555556538988,-0.03449835675597473,-0.021550167875105632,0.0016023816925480603,0.0159518354755351,0.0017480227418670453,-0.022457519912880274,0.004321875006477989,-0.02684457940252038,0.04842041764183189,0.0008359933765632126,-0.021083319580144474,-0.029896915686516916,-0.02120032589829948,0.02833136614850949,0.012509929819176155,-0.024855815410185285,0.04331865694965562,0.07964192083591326,0.02456155684686667,-0.034474043087248434,-0.04449660111019376,0.006446816311415522,-0.018895587625944225,0.029128649178157346,0.028613955871539084,0.017409159384251922,0.04482625653076535,-0.0012864010602759136,-0.037322133340584165,0.006690725148691669,-0.024021193803420923,-0.04600084747061385,-0.014054058605498349,0.03539714289863769,-0.007338370028347789,0.03960370544740959,-0.020655965999818712,0.02508611326825313,0.029119592988692638,0.02391532960937175,0.012341140055705782,0.0064111696215739975,-0.0027440086877283504,-0.010931616819044265,-0.020523020038040452,-0.002391185062398796,0.010880455097575698,0.03570552790359997,0.058536838017278936,-0.0029581442224724053,0.04694181731399596,0.05944934946576899,0.037110466671823265
AP2B1,-0.025707819623114764,-0.01999725424363355,0.007209316581306772,0.06190150990501723,0.10701992351178169,0.0,0.08143588025138783,0.03732137354649639,-0.032882219590548156,-0.004023887347900826,0.0034989805268471584,0.0470526193197629,-0.043461649470254056,0.0434886791308489,0.02282953183871577,0.05643983119273142,0.02329665918230443,0.020108587017463982,-0.003357932413061278,0.03016069801211722,0.01910231504983988,-0.010825685190293564,-0.03175229780364138,0.02186600704200299,-0.0208815695355729,-0.031286977476742105,-0.017305338023159082,-0.06157476387889971,-0.02914893379013281,-0.007473038042373687,0.014721588450865719,0.0039431383260841914,-0.036800748170751664,0.0028403345299220454,-0.04391054665020713,0.058369629984616436,-0.011346341034309194,-0.025802377173442213,-0.04363909747040118,-0.008373340652536587,0.012495266123578434,0.011843715553260067,-0.032214020854515975,0.04317263289415091,0.061504063633967834,0.037585474160312354,-0.03025304123681861,-0.048623803272384435,0.012782209771657362,0.008880361126063004,0.0321846802829229,0.033920999574344524,0.013830291706264135,0.023064148695556456,0.0008081775338210939,-0.040556810164548845,0.027658567328483673,-0.03112261289894415,-0.046548426719228084,-0.014512684414879587,0.04825126209263573,-0.025901407070081796,0.03544284485738353,-0.02384378610374655,0.025336527047448584,0.023367476564511776,0.030713104679371668,0.023427580938011224,-0.011279608765109686,-0.00048014451354630786,-0.005932836417476708,-0.018375104818598754,-0.0028564770300185637,0.0012128841444104374,0.01584614675111546,0.05459380756236297,-0.00440771167560958,0.04711950563166736,0.08326635253264199,0.044932410619321635
AP3B2,-0.01678554100078757,-0.024947983697812513,0.007458901076232836,0.02701076795934028,0.07009830311727422,0.08008230434613561,0.0,0.023605236768194877,-0.021617867126563405,0.021787692112358637,-0.0016748058011223227,0.057481714053765426,-0.05226246722206444,0.03721989874955782,0.015217788229785473,0.08377759618209835,-0.005031843806793082,-0.022314542455858125,-0.013735483567298212,0.015209503152763357,0.0036789006808149952,-0.012530352505786227,-0.04805211049746534,0.018437703784458574,-0.031893995791895315,-0.02075225516431226,-0.011409065967510235,-0.01819842534770323,0.0072352551293848304,0.00798648183674854,0.0482304193622575,-0.0006434813439035324,-0.04528322341693365,0.02341454965786433,0.010594763452092785,0.07282971556312577,-0.02401800573910817,-0.0002446243041303699,-0.012784477965685092,-0.009204333618365942,-0.013926610330050698,0.04049770688533641,-0.012590877151305769,-0.012538186496037364,0.04226741183008251,0.007038414046986531,-0.023084756034769997,0.01423307465800543,-0.002119336447655128,-0.014226975607428928,-0.007804502200919164,0.038270460649482585,0.00877442363560079,0.02185912733054462,-0.015381576353720392,-0.049378787273374636,0.038536617118389516,-0.04642569946224736,-0.007996140172374561,-0.02733387825359855,0.020120341028826257,-0.05122631118623023,0.015340577826798034,0.011117345451881347,0.011697877770452315,-0.008218187992450046,0.02164371774228676,-0.03914844151647699,-0.02988558466842793,-0.01299533227810431,-0.02846290069028457,-0.00015915140929326926,-0.04340895035277919,0.022658025028713058,-0.0008062376123512973,0.0181721160140181,0.04076074688927269,0.02235176495383273,0.07280870668540575,0.01694678403953453
AP4B1,-0.0285835798565157,-0.019199028104199795,0.010194860874371594,0.045646540961207745,0.04205056182760762,0.036483731929998285,0.02346546862460694,0.0,0.029027218478047654,-0.053892546348948585,-0.030594265999988924,-0.003575853534223743,-0.04757885675597101,-0.0018899154498975396,-0.046267742783184324,0.017490957117479524,0.018922988516845592,-0.024817551093174035,-0.034920840749830095,0.009828131528576797,0.06431720452199416,0.01937349520953502,-0.01994303517972422,0.016396569340449547,0.07899645351004224,-0.0012852575820074665,0.03025548940649082,0.041597428951651506,-0.007102337934475755,-0.02055399378782509,-0.032014487458935405,0.007759463115926656,0.03889693098632806,-0.016617214600348592,-0.02448508720794172,0.02462182076586023,-0.015142046482204921,-0.03216721662410912,0.04167569583296889,-0.0026064087925653508,0.04163584770391657,-0.008724954957657224,-0.011582150487822908,0.03361725720245401,0.028737476643850263,0.0041953046009537516,-0.01902932434457038,0.010148668848119472,0.006902680535700641,-0.02648750746724467,0.04187367018290579,0.010306012002843661,0.060170505518595055,0.06764696403433376,-0.0006524733073351392,-0.011826560812056616,0.024207664759079293,-0.00415009465602374,-0.027292410738882767,0.002995440091105805,0.032697164335792284,-0.07859294372755989,-0.01694640773093918,0.027209617834034014,0.049592352078483996,0.011812329763366344,0.002521132542527045,-0.00640410275843561,-0.002030542385616587,0.008169666899755583,0.0022441485281837247,-0.02223317291021332,-0.019495018595373573,0.024246496756613355,0.04784292878267914,0.03344237576587285,0.030560995705133712,0.03896805611537028,-0.02185981787881124,0.013296077877014574
AP4E1,0.025267973994418737,-0.0020162486561313172,-0.027629810004871577,-0.03848663020483172,-0.027960681481683052,-0.032490758208771606,-0.02172154927645152,0.02934016186539585,0.0,-0.05653226734387936,-0.05698552898277452,-0.002171503414526299,0.003931828403872692,-0.032476318780527404,-0.020095077267628367,-0.027613574841527003,-0.00585169051302954,-0.014871063269144067,-0.061341557508159644,0.026333986284668466,0.008374462451428656,-0.017078513030948466,-0.010300602566979386,-0.03953974727355022,0.03800147341541137,-0.007162481290577634,0.04619723598856056,-0.016236691260535126,0.06370139421108634,-0.031018866747978782,-0.00827196233342727,0.006881079715638854,0.02625292927882723,-0.012225663717545755,-0.0008200941893240485,0.013131288735039376,0.010780544032707142,-0.02556125675739914,-0.014974106830773635,0.06210418269209921,0.0035696296748087618,-0.0031185024772691547,-0.016615905792351508,-0.022843311210065182,0.01888775518831974,-0.012761281604262592,0.07194058029287537,0.027774589552385612,0.0034504083926616053,-0.010224771726902856,-0.010681811585099314,-0.001553355542117415,-0.004182216853630931,0.05125240962058547,0.006726725393580265,0.0023705847997700777,-0.023164705981935204,0.02602164377829908,0.042671313079202786,0.06364551666414657,0.06648507849843646,-0.11199660428467785,0.01923228191596481,0.0360732565948635,0.0026680291515564203,0.02150139463315321,-0.015258119742404016,-0.022767228052153473,-0.006286971530846271,-0.022784305915246654,-0.016390711984480714,-0.029275961699197293,0.04146736727661065,0.006706961367369261,0.023757438932416275,-0.007355463064668037,0.0329642485254809,-0.017446791017104318,-0.05401390264575171,-0.014764294957293785
AP4M1,0.019280562286661296,-0.005099794150341254,0.013503514838213406,-0.021278141492046147,-0.0035811692999474253,-0.004094824889229903,0.022546544126218815,-0.05610177308496196,-0.05822201123361321,0.0,0.054410276007765615,0.013304022365748274,-0.02331070413142738,-0.034908871536623885,-0.01827617666818868,-0.03352668959074014,-0.029195128520721925,0.018426226362505037,-0.02503471244630027,-0.037495953857838216,-0.046197674924636015,-0.00851974801198743,0.016546258041374537,0.01793746490882399,-0.09821013278880508,0.0006809579333811454,-0.05956935160867042,0.018885049225003933,0.015167631958789058,0.07779248568455073,0.03807651751037462,0.0076231710858277145,-0.0320232582079689,0.05354508125809707,0.03177824290960471,-0.03310061900995532,0.004609777493436336,0.039761579299497626,-0.03764897402481407,0.0073973882933351855,-0.025758539487292224,0.06066355973841295,0.06232753790636768,0.06067044422849536,-0.015611866326174203,-0.06537920118244527,-0.06853417872463734,0.032509508785967756,0.03645037626762953,0.026202290618446828,-0.054687931429710075,0.0007318846982911096,-0.017897908498310452,-0.022712840656826955,-0.03923712674670945,-0.030315475098259364,0.025655137983962132,-0.009730654702024577,0.029709858791046966,0.010062406482840193,-0.04385274778689388,0.06172636098993803,0.04339009704520912,0.009587461132881466,0.031458619240856765,-0.014215653269721741,-0.0022052702223705717,-0.024872401562388197,0.04000361587332618,0.003907477062391198,0.008622721914675195,0.010745602796504267,-0.020963628374704345,0.013644139482990203,-0.046243414893807476,0.011118944498251357,0.037434243260284925,-0.039733446537731525,0.02703317525964289,-0.035699827030363174
AP4S1,0.025298198025991765,0.00666612054580384,0.0250806078436473,0.004413089262009275,0.00023695338053904852,0.003560487303598177,-0.001733052049314532,-0.031846837880408575,-0.05868590133090231,0.05440756935759709,0.0,0.01172248344243048,0.006575694431083448,0.021616277865049216,0.010168000903827551,0.007091885880610545,0.03518522469294432,0.05265032278236616,0.03908822323554471,-0.11425793437083229,-0.039667005885381745,-0.061906755910527494,-0.0050509603235043415,-0.0066068129173623156,0.005556799071227049,-0.06929860870777296,-0.0050544883971319985,-0.02660807364963105,-0.012684251213508512,0.020451095741948082,0.0405230660326126,-0.008358343348554486,-0.06239322461737924,-0.030052423692771772,0.031274444980195625,-0.07408920979699407,-0.02802779091601486,0.005523655822051764,0.009753208774992025,-0.006188881902541923,-0.01661587993139353,-0.012985702068815804,-0.0004973311353231548,0.048791925105528405,-0.06329168301523445,-0.015070678729931066,-0.020240428870103685,-0.015363583056333415,-0.02196097490564001,0.009481303721746659,-0.022166542842922656,-0.0007738403999856103,0.03579191556428878,-0.01735926924248676,0.012740659726291185,-0.013651972408198407,0.012849653843460245,-0.0400553389320806,-0.028815938133244914,-0.04065054538815353,-0.05862474928519002,0.02064491261444352,0.07133248499403261,-0.021013820000589576,0.059785762514494765,-0.07062780476638442,-0.03184055431628637,-0.016085903826185282,-0.010077708667910598,0.042277223088461185,0.09346253443467413,0.023850906930217797,0.007191954070942283,-0.001934515646441395,-0.006534911877142877,0.04625715774152011,-0.0025247833598273798,-0.016113009363703832,0.0056521062834627165,-0.017836127267441933
APBA1,0.025361941776619316,-0.04535211840371381,0.04326865103523651,0.010572620498601073,0.04566222356774755,0.048417657681428104,0.0601490696837092,-0.0037640731570422227,-0.0022614228003807716,0.013452822642483573,0.011854184514866275,0.0,0.05329840750602494,0.00044693692961413284,-0.007904466221035427,0.02833406399475748,0.05108170121962694,0.03125050776670672,0.019639715805938433,-0.010377547646557484,-0.015357038256201097,-0.0639918946169994,-0.04422751494020636,-0.023017268028279008,-0.03182532543767133,-0.02235366135221189,8.056997798446042e-06,-0.021339903004338787,0.05067143021609977,-0.04950992466419782,0.09910551394210511,0.0027191111660535166,-0.04891476151930356,0.04483551328303602,-0.0069078762628971,0.00866511660073288,0.04302435033671252,0.026834478564087123,-0.037746168067659146,0.015423689770884638,0.001044795468896166,-0.022559042632857462,-0.026052263581385026,-0.02100748448650175,0.034572377039887456,0.009826721720478717,-0.0532992961352069,0.0096328800181449,0.01802696138247428,-0.03696873373763656,0.09679534700665453,0.11492295500783645,-0.017747605815251248,-0.005009353463538044,-0.011241158579366046,-0.024675318321858142,-0.03821406573522967,-0.051808416889735115,-0.009820403314229438,0.012318987688919977,0.06659320519702372,-0.04880070752998644,0.010808291165510603,0.02576141438737706,-0.07032027822210468,0.022991357336485784,0.0490691746862778,-0.05463239275781973,-0.03412735491997405,0.02424274674421206,0.013842446713266066,0.010084025450188664,-0.05706679722782028,-0.06801452750986166,-0.013834912602961415,-0.020055142770423463,0.07031137488410542,0.004973188284488756,0.025117102008259944,-0.0035152259345025486
APBA2,0.08367978661613323,-0.10272277213229059,-0.07047856866926346,0.010353044080561959,-0.021747646114151923,-0.05499753463559751,-0.06725214784140117,-0.061589883459493844,0.00503538697176627,-0.028986974516100574,0.008177314945266414,0.06554374907534527,0.0,-0.09997288747062719,-0.02518530624977249,-0.08325237208563185,0.14500359385094147,-0.015247529793977635,0.04008694253619256,-0.038868988990585135,-0.01790386559077603,-0.10037874335600219,0.04359861006324946,-0.031847386949685315,-0.04160930963955623,-0.004920350977737417,0.0284633898532241,0.05536366449013057,-0.09233051211960902,-0.006815436575316792,0.09339551700994178,-0.06344982500125892,-0.05392299648103255,0.07515734029863001,0.09152422554540389,0.012725882140734062,0.08539722436497503,0.06390381781667794,0.09889981273449354,-0.09210040626215685,0.04103112237171465,-0.09353357252427863,0.013958234418459786,-0.0486572462574054,0.07060482730495761,0.033565755024963756,0.05728538576319665,-0.06675868184720991,0.014243147279566049,-0.0757819353092036,0.010864155879729753,-0.05080697518354454,-0.09920108684595536,-0.031115091301733185,0.04544345630251867,0.04729397707863381,-0.09191006264834121,-0.07237916339710455,-0.008872876798007781,0.06674833285405375,0.0388671547933518,0.06206794789506063,-0.006619046803901962,0.016070565316045872,-0.06106529345491856,0.16002941021592176,0.027650271137409584,-0.07238035393281447,-0.04328976713569723,-0.040018744539106484,0.02379520070966049,0.07095077614099676,0.09040113025438871,-0.022922197247656234,0.019659682407250138,-0.01212673565136443,-0.038396994390897284,0.03723949035590281,-0.03161210659052276,0.04029552937193363
APOE,-0.03327655075391537,-0.005357839786212896,0.023058738209600606,-0.061980317228676356,0.044506221044484456,0.05472316079760439,0.04762657798128332,-0.0024327399951728484,-0.04135833358329402,-0.043165944349603504,0.026730553730504734,0.0005465390873680088,-0.09941231235868085,0.0,0.17384145779485344,0.011198071388183559,-0.024900191083855525,-0.04093039511590642,0.17652850353564786,0.011803193952281736,-0.014312921282311215,-0.0744148189999505,-0.03577668583572027,-0.08201153374125257,0.09694398015844329,-0.06432748807751419,-0.014151070726479966,-0.04835863949507186,0.017518039761897166,-0.09388591206992172,0.0037244106061080804,0.012126027572347098,0.039348162632316365,-0.005482548301494079,0.008533124635231638,-0.02957663977952426,-0.009950390628053323,0.04527689692445118,-0.08147886274834,0.01309877452294989,0.04006741082282928,0.03334623694244745,-0.052838243873451,-0.006008344882953136,-0.013701623150888072,0.05965572129829074,0.03179527167498789,-0.06109130357364071,-0.07125173392666373,-0.050769631924786694,-0.06601333798564209,-0.11106518695252356,0.02168582494354306,0.07253207495416972,0.014633559827224397,-0.02921796730235856,0.08563611942097848,-0.05563352895003459,-0.03316140396155767,-0.14789389990021393,-0.003579298218993882,0.07349158340751864,0.00722571370539699,-0.11340146429579717,0.010370383956934582,-0.04410774141792502,-0.09503779162839066,-0.02412200592301304,0.1159883454498496,-0.07939860348614085,-0.03896508214775512,0.04886631250893442,-0.13923748578389078,-0.10390984436998742,-0.0019285790840668563,-0.009982579573110797,-0.04190755352744736,0.03475524741561803,0.07722584116387912,0.05254710412319353
APP,-0.0177209252516718,-0.027045851163721338,-0.02795253703125801,-0.03218730998657443,-0.0028475375687389117,0.024419620978575515,0.016552846328909705,-0.05062657980760384,-0.021753686867553024,-0.019210458938133404,0.010688323094253747,-0.008216644368167821,-0.02128884658938456,0.14777477661438057,0.0,0.018628315083813917,-0.01297411414777809,-0.05886296587682962,0.10533811325908705,0.055266959929586634,0.03783811732226482,0.010179042194120894,0.03013238364470338,-0.005448083010076125,0.010322885153432174,-0.021550011359248715,-0.04877733546128216,-0.10736986835756172,-0.051512789758029934,-0.07539389519333307,0.004619121414745043,0.008087212312321871,-0.04901443777199474,-0.022858374800327298,-0.04452010980274202,-0.05752450950411611,-0.0291462564643887,0.0939363131654947,-0.08281004470151679,0.00016581484855564548,-0.04640443977189813,-0.021496431637291615,0.01694777114640221,-0.02329410363270432,-0.02868961017311094,0.037000744821957504,0.10421176937222562,-0.06912862088031305,-0.05141566324196429,0.0389735403661661,-0.02713115440973159,-0.06532140030311197,-0.04518257984951573,-0.06038467737466274,0.017017785528475524,-0.03619852089438035,0.06759109957769263,-0.012770191924366051,-0.0073686150271116075,-0.03580825125166141,-0.005576500604961845,-0.008148560838685965,0.015206748131731875,0.0005535328123034215,-0.026758256949402665,-0.025989192482193172,-0.0067963102475571,-0.003395879087908107,0.00892511937540155,-0.05175382066952912,-0.020177008585893507,0.011452506267388356,0.0033063016965627183,-0.026435183036901316,-0.013669502969312249,-0.028708929463428602,0.000928498182108311,0.008092904616158237,0.09709534231780691,0.028134700349990084
ARF6,-0.016824755706612165,0.03765844003326201,0.012058805427588411,0.06150154355697534,0.050979713328973476,0.06309084175018323,0.09523306114451961,0.020001038849863786,-0.031239532678686146,-0.03682830816850956,0.0077906633521237795,0.030780063762671454,-0.07354280919557969,0.009947842265062226,0.019467593865171457,0.0,0.002878059584178433,0.01591950987021294,0.0007207543798692806,0.0642503483753519,0.009677307571004283,0.004068063131429791,-0.02278076809513051,0.0396857936057186,-0.004424929435223632,-0.037614134993122515,0.054789283795227676,-0.04214110923952427,-0.0006193662302541568,0.0087572083808713,0.014671175592476951,0.008562870938530582,-0.10150806916082675,-0.05381615577291143,0.04747666320962696,0.04089897019954277,-0.0571595828569674,-0.03517654207774748,0.04795563464430517,-0.04633546349021269,-0.042660455799497884,0.007582774496451738,-0.03067411625097337,-0.12444051958774266,0.07764493062160001,0.039711731813263505,0.008548729792699068,0.004297240992995038,-0.056819420313451816,-0.02462834287883027,0.007291439175034283,0.05165667641811287,0.015201882708786202,-0.025161888345763796,0.06505383865197722,0.01840242877336335,0.015507441091887808,-0.06836718149900646,-0.0153294362830902,-0.06095919070156357,-0.0738399752410759,-0.0029511198429314385,0.0020236030280846007,-0.016583840030036424,2.7229986537574183e-05,-0.0867545031059371,0.008867165635144648,0.041854782441793095,-0.13722672452855061,0.08541933178384983,-0.061300546283301026,-0.03760780288780909,-0.06401977535618428,0.06714806815537694,0.04723110685879146,-0.03603505554469931,0.04527407650436277,-0.01509797681247361,0.054504289354381535,0.020291575323539892
BACE1,0.03222830731672609,-0.03994727937657998,0.0030175692270208803,0.04033094617149397,0.02670352793007669,0.022818787003062405,-0.005011933428261988,0.018960378244654203,-0.005800715106462107,-0.02810087086223333,0.03386813803354278,0.048623284262797536,0.11223819075210745,-0.019382358904622456,-0.011880499752068289,0.0025218431622617064,0.0,0.032946322725123586,0.01863013820584552,-0.019226894944727832,0.025314961581872842,-0.04456098634236072,0.0022294187333996044,0.0040696024534049805,0.05393907961829047,-0.044677562427039415,0.02256774184645019,0.0008187055845498396,-0.04828944162267601,-0.02913522802966058,0.018656562250347758,-0.006397621395466235,-0.040747665715239634,0.019049974159018435,0.00796318656025574,-0.01443540236665058,0.019947642583722246,0.009207178074858439,0.04454486525040879,-0.011042084025535142,0.029159556016776687,-0.0580858930147871,0.0006796120305567687,0.026961245298956694,0.026710477892835763,0.02705762563210646,-0.015894886767690942,-0.034203302492066705,0.027081859318016738,-0.014982638988440827,0.05075798412594548,-0.0032223219719389154,0.001761347731679699,-0.005422269693378172,0.05308602911645306,0.028391182881483956,0.005026565622734572,-0.06996887037179413,-0.025060756821000625,0.02878684096860434,0.03726465235202254,-0.011390425876031823,0.01692987519276041,-0.0020949002503505166,0.03369999508719708,0.0520598577640929,0.00012799959463116978,0.002781156156362693,-0.03991681314179464,0.04234960175153127,0.04363557636743736,0.007325958555220124,0.006392308799201974,-0.02488481354193321,0.01747046788035272,0.009883564599030644,0.02499981049119694,0.0176668270874047,-0.0007351400785154365,0.031908687871685576
BIN1,0.06285940950177105,0.09113160546533565,0.0388384579285445,0.009302069415813427,0.014399612856145112,0.02128813938597684,-0.024022785882539296,-0.02687654491677033,-0.015933069506068837,0.01916915776939233,0.05477586851614866,0.032150909108763705,-0.01275612081466205,-0.034435558442614825,-0.05825810819018988,0.015076662994626159,0.0356093618013831,0.0,-0.013525415709595586,-0.02683825413586739,-0.0701698543721474,-0.052849227161820465,0.01579725304808065,-0.021136752095496147,-0.020884823931773547,-0.051735530877347925,0.010451750212671496,-0.04088683700419256,0.042602318455693254,0.023651161252934778,0.010025658927944239,0.014447689456848652,-0.03302416563947261,-0.028381673829954678,0.0040457082706239576,-0.042900015420947846,0.02499200843982682,-0.12042292468910426,-0.06364625054883835,0.04003516830078811,0.010826799600920551,-0.005727876583191305,-0.07438553203548535,0.027298676294492393,0.015967896700392677,0.027666450560170214,-0.04107698679503957,-0.04754616719097807,0.05474385480088399,0.07031729803920952,0.035810069901603146,0.0318702582624532,0.0024118549425672232,-0.029179274545410985,0.029334990206589553,0.05175423548276548,-0.007950046931101405,-0.034946394797620385,-0.003425005399662804,0.0485046658321263,0.03622801800442352,0.05606754994577391,0.022706114629571547,-0.0711165540424764,0.038508409989315116,-0.004376953890585091,0.012918510015942465,0.12459127123606438,-0.05367564829129352,0.09489697420813893,0.0397541772423861,0.004688677092399435,-0.029685351466137995,-0.0859158922049399,-0.023675184478289476,-0.00444268026438357,-0.035950080943457245,-0.05066695421692293,-0.050327030055235145,0.00046316200454836134
CLU,-0.017401727695070736,-0.009028386438323373,0.02423668451731117,-0.008451318360160356,-0.010530436062513642,-0.003442710394562867,-0.014320287185363038,-0.03662449070430596,-0.063647978992148,-0.02522212228671522,0.039382796753386386,0.019567879639424177,0.03247838731490491,0.1438296497271645,0.10096530515101766,0.0006610513778396516,0.019500498274990646,-0.01309854366252992,0.0,-0.00957334072971399,0.007298726080201403,-0.01027195323038299,0.012620105511084388,-0.0022881916278665853,0.033848269956090186,-0.00827618721676546,-0.016905156502983933,-0.0039286485975946325,-0.04098411943727875,-0.06862920324824644,0.017836044522678937,-0.00875946367193207,-0.003617406144187502,-0.01009170104272374,-0.019983961246447073,-0.047009220727917876,0.00012100221932500196,0.07119270567622189,-0.014045067031611434,-0.05771394530981512,0.002865343375026765,-0.04254257776923716,-0.02083270759296901,-0.03701672283783601,-0.05240001612427319,0.038144455891472945,0.009124325116823514,-0.0508870167217467,-0.05087423698759453,-0.014531293854123589,0.04007150361639477,-0.01598903576712088,-0.00043749700614785915,-0.055587391775614364,0.011939401897173359,0.006582273584262575,0.022376093121819745,-0.020978129629516038,-0.03761003336490579,-0.08038710539831202,-0.02853449948910508,0.08208970672136762,-0.05299935452950732,-0.03888570604273314,-0.057838423337436336,-0.02328586194706814,-0.00039375030074993944,0.0009386441539989712,0.02703471016633913,-0.0034768673521907312,0.02717809011277313,0.05506717714560322,-0.06562825892222858,-0.08329635797758853,-0.012411544481118704,-0.04246955323693502,-0.04317273225724353,0.02235003239516327,0.029380347084754073,0.016300435540199897
COPA,-0.022851195582285686,-0.008787603816889918,-0.04933083838400891,0.009388317359090945,0.029482725278758715,0.03320840626981712,0.017029461154985194,0.011069702977504876,0.02934435239167454,-0.04056967520300919,-0.12363034969345853,-0.011104050044855306,-0.03381994310607735,0.010327881157242392,0.05688926306009748,0.06328510667825588,-0.021613091412779117,-0.02791288690711629,-0.01028114824876409,0.0,0.05562924703010603,0.06559553080754242,0.06631910429920021,0.07643615663000623,-0.04302635168704304,0.020507776216862512,0.0357271810738727,-0.042036119713643995,0.010052371505877167,-0.02567437890484716,-0.0667405679080892,0.036547374081071664,-0.025158729751434718,0.02780250300139691,-0.07500276568577141,0.029541913524311323,-0.009650766315376013,0.08375117431968264,-0.06431714402718434,-0.04050047147248171,-0.0009794161829540168,0.03490901178405685,0.017421540816286222,-0.05470792141861422,0.12250590211292531,-0.03270854226596219,0.044584031552424415,-0.02717063650532155,0.006568212807442125,0.0070498923116297275,0.012364255930318657,-0.0016702375657013995,-0.02907216278038428,-0.01603489276673116,0.06480601586565075,0.030312170673836115,0.051426280467203975,0.041036116276939455,0.04388898014516026,0.061091288219606577,0.024844658148455497,0.035274947011780196,-0.036763269788625916,-0.02702414876231565,-0.02842469558025269,0.0905133249194443,-0.002944688176720194,0.08464072528376029,0.04880353161255531,0.033089310808025504,-0.08150057581691134,-0.08063119592673795,-0.014474899515141328,-0.0013728035777309934,0.06292316391438545,-0.06987526246990622,0.034766144962724635,-0.005474262687376627,0.049346941212587196,0.013893316206252686
COPB1,-0.029249792907975868,-0.04688122183598605,0.0016036723618612302,0.06052452842580982,0.018098838656739183,0.019374424244373578,0.003794373677880878,0.0667311062613691,0.008596091319701864,-0.04604403758978495,-0.039537054054023774,-0.015136668405017146,-0.014350022880161264,-0.011536554645543049,0.03587818029481703,0.008780449117714305,0.02621326790621747,-0.06722599312030599,0.0072204011478279395,0.0512435652627487,0.0,0.06044243879033025,0.043892511885667757,0.046579565153966,0.08452532497971002,0.007974260749477675,-0.009831577282033736,0.041013858253538094,-0.08200108201415236,-0.0518718923791385,-0.038909435714401336,0.01604601237069846,0.035328255949788175,-0.02718183684426381,-0.04424178292938029,-0.03397114275712035,0.004121941985625391,0.04935564999605237,0.0005083801856487104,-0.02860754194515698,0.018565161650743574,-0.05614668113844267,0.06394892537896417,0.03522934411231531,0.02542036099218341,0.013816511134770441,0.02462037598034967,-0.024917565550823056,-0.012692055367595564,-0.00652269498742384,0.07339956025983112,-0.035396068478418516,0.022276347944550263,-0.00739301034921475,-0.000252241331012607,-0.02408871440201563,0.051661667558266185,-0.010347728346275823,-0.015564903105055285,0.015451563630696257,0.023431619781884995,-0.04456316555734104,-0.018179289761527776,0.09427509991331616,0.04553770620841194,-0.008140186362368943,0.04868357340802337,0.011597537007263393,-0.011208735220642654,-0.0011364774841214266,-0.025135913554292306,-0.012563742434056764,-0.014454217297448335,0.03277289556233246,0.0504339482444282,-0.006825408312548368,0.06266727249721682,0.01895184748432965,-0.009582928068563768,0.014850057421082896
COPB2,-0.06123667271855563,0.011983762375320003,0.00044430516339761617,0.023809159883895262,-0.022843361696609773,-0.01091975969122492,-0.012852872810796669,0.019990517171108703,-0.017434480930226492,-0.008444907882491613,-0.061366000280921415,-0.06272817970437705,-0.08001334462619783,-0.05965160866483806,0.009598926994737383,0.0036708340861807283,-0.04588952625770731,-0.05035471912488514,-0.010106067170580789,0.06009319470698297,0.06011140305193513,0.0,0.02019513122305476,0.07110669032923438,0.00948112000876235,0.08171776712093483,-0.036455157316206376,0.027348094820938588,-0.051673728580648504,0.005163039586923209,-0.07903145429809959,0.010973172881774563,0.03472722057538019,0.0014689172184062106,-0.0692952611276803,0.017296597474619275,-0.03244243287149845,0.01967199511741029,0.03610286897982826,-0.02085218208947438,-0.019467185866350465,-0.0007244893588991395,0.03667912912923786,-0.0007047493035584527,-0.03965969934715456,-0.0025457566701975573,-0.02616500204243605,0.021758678082443063,0.018247645531329508,0.049688717988217175,0.031132826277720706,0.008958097784708921,0.004535503867007546,-0.055239474822970654,-0.014434611870658986,0.014342209304667402,0.03566901490717523,0.05363812446751062,-0.005596828973000151,3.869593690639732e-06,-0.029307580070780014,0.002567640132753573,-0.09009819973113645,0.02275504013745808,-0.02827230527066294,0.006592403406509761,0.02767517246053679,0.04045142864217022,-0.0026980338669778175,0.008140324969497386,-0.02080338336069115,-0.020945629139442618,0.001187184183776793,0.030384774015527295,-0.022934553548813172,-0.02868027883029859,-0.00677887526182397,0.018550557405559425,0.024384379036787484,0.002911630400855829
COPE,0.020751394950374875,0.008232178274751333,-0.03257585320911686,-0.009681707189857915,-0.02323071834064151,-0.032198315885187824,-0.04955068908110096,-0.02068748116656247,-0.010571142022269686,0.016488011055152896,-0.005033430062902725,-0.04358434910821871,0.03493764474930933,-0.028831228488694755,0.028566009251789374,-0.020665491794748,0.0023080793497167176,0.015131550174264121,0.012482237546555584,0.0610787308547608,0.04388394188075172,0.020302381753403348,0.0,0.014848545360110639,-0.03869412326683005,0.024416915684551788,-0.01681458157804493,0.032582914758828206,-0.018245294627496224,0.011400479521768734,-0.017840088187952116,0.02010955570674575,-0.01709990846581871,-0.04185263686024874,-0.005309545470674805,-0.1649326021934564,-0.008173668550924693,0.025827838428481905,-0.04219690446924013,-0.05425701258620079,0.011532937026840256,-0.005255117650478151,0.02188581734995453,0.015553041729166352,0.05314532122065559,-0.036382553887446746,0.06662734426437256,-0.0749805727019791,0.0008182480799748489,0.0415386356485555,-0.012147314284303174,-0.07048873007069098,-0.019204513093122454,-0.017849748917266886,-0.0038422825354196906,0.0008490438023183838,0.04863102100578867,0.0192071035169856,-0.004301704477748139,0.06273306945256608,-0.0488534387951539,0.04551790215885667,-0.03028523721253262,0.031660047064439284,0.02538125108382608,0.0220888197268224,0.012691578714430255,0.05490878820809134,0.010568879443848994,0.015664486567780113,-0.01916179634088726,-0.0024744219801583855,-0.026657928700504447,-0.010704934769043477,0.05313377560970509,-0.027775938177166035,0.020707043583628876,-0.019642465543923147,-0.05114364267317628,-0.022376743267831244
COPG1,-0.019192449954207342,-0.005487264740225056,-0.017278818543352843,0.060938273232140884,0.015021304683527009,0.02265107467714065,0.019422511864049006,0.017375234754788207,-0.04145285969033941,0.01825958371243969,-0.006725791832525819,-0.02317144577493593,-0.026070905520886027,-0.06751484969775677,-0.005276198559832796,0.036776786795381405,0.004304001424239246,-0.020682423741512884,-0.0023119752484535216,0.07191368188770478,0.04757425063989107,0.07302509081049312,0.015168590975765029,0.0,-0.016571481672845938,-0.027616995449634654,0.027809036726010223,0.041412116202312395,-0.0633898999685796,0.02630394479217477,-0.02930582631116547,-0.007975705149571065,-0.02903951543261661,0.028826007728522684,-0.04840614993692498,0.1263619598904641,-0.049285461637911435,0.08688482188234754,0.0034055279887765305,-0.1078531959731492,-0.023476272025003277,0.025356343044693728,0.03064296815855679,-0.007983682300270361,-0.015144416386333338,-0.059186581242666424,-0.010527247308110417,0.022824633997047313,-0.007469672187983361,0.022413923326276997,0.015309610996441245,0.019019534053104074,0.05502287763712959,-0.0738571009354763,0.034283697394015024,0.0025526988639310096,0.10214625367304314,0.011038750719646353,0.041464205961249785,0.011739374586957249,0.017777743466850595,0.03086938014086311,-0.03870374300792636,0.007696000836029072,0.06511071303384418,0.021038756513345424,0.03318838782853152,0.04813777892814761,0.029253797101408244,0.056631157246479304,0.050762609471422054,0.0015684338393099997,0.0071081467400969794,0.02419163709106559,0.023792852271595874,-0.018435535033169727,-0.009468849886985787,-0.001109151285998739,0.029067418473822985,-0.011947508486581325
COPG2,-0.004813212662597293,-0.007753478838678738,0.04290640550960759,0.025891929889732587,-0.027767024599038105,-0.023484973226303905,-0.036476662677011454,0.09088514152869481,0.04325423599255334,-0.10854097247977879,0.006141630835538664,-0.03478402328359986,-0.0369811509854419,0.08664685820556221,0.010853907423400342,-0.004451974462160004,0.06193434571910434,-0.02218715404600912,0.03713084788916809,-0.043949587990724306,0.09372835136550359,0.010571311911963342,-0.04291547698996157,-0.017991565046114592,0.0,-0.0510557918259818,0.04032662811193944,0.038103278658285035,-0.060503166883963955,-0.0908250780465366,-0.07931227754276172,0.013909785134493566,0.0759392050567403,-0.022538263810383558,0.0009624128177083924,-0.006521463274951368,0.009571578238374762,-0.01673940240402979,0.0897439056284378,0.06862179020155107,0.04205852623415486,-0.08906592432625643,0.03229112496426227,0.03853661374833814,-0.068669590308004,0.06516397194142386,-0.013393587800085392,0.026450918262442707,0.003196069173462929,-0.023810558831411158,0.056119348493939486,-0.0727889346363034,0.062284719208499206,0.02316314337370244,0.0696677107303092,0.05686793113531965,0.047668090843238926,-0.07239934047147265,-0.00734908467085284,-0.03132304075894403,0.04187230763603264,-0.058267057846492505,-0.006634759028756359,0.01699130701982464,0.09600765828451151,-0.04292681758318344,-0.0512366693385871,0.012353233548446882,-0.03052314119895459,0.03507992053956931,0.024227487284696234,0.003855892939667367,-0.03685820344910767,-0.012620301289866664,0.001316962623307094,-0.01458122495114025,0.044591595838498505,0.00016352127538520685,-0.04723046189017122,0.04211775238796431
COPZ1,-0.05593590320442879,-0.007718107630035461,0.0009758861649160251,-0.023982984901226412,-0.027957048582986192,-0.03206123206600429,-0.021625249687571946,-0.0013473025613839086,-0.00742816218888603,0.0006857208604804168,-0.06978678600898049,-0.022261032027974588,-0.003984516814709163,-0.052386361322458136,-0.020645347069353972,-0.03448157235404215,-0.04674198590430322,-0.05007827465198792,-0.008272149301100018,0.01908659782388113,0.008056830532862427,0.08301859938860635,0.02467455926117014,-0.027319559860576687,-0.04651946200481064,0.0,-0.059768323746700894,0.03971479920431953,0.008776714471083625,0.009236847691232517,-0.03149245366224227,0.0059407194386352285,0.035974379563760775,0.014405083032773531,-0.035276357905375595,-0.07957634900062478,-0.005788244889943804,-0.01818102801360824,0.06963077536982093,0.0018722859956501535,0.007554102883114307,0.0025441532007551824,-0.0018002664721881495,-0.014625370103989394,-0.006865370977106625,0.007163155275659516,-0.04373046937322059,0.008943332523297019,0.037225929103395165,0.01811207847834541,0.024282702686234593,0.03338464550699455,-0.042752761191644464,0.003313887264363946,-0.060632532823959036,0.009042078903065699,-0.04971211458193508,0.06411125566551483,-0.05208383466489909,0.0027471454779618614,-0.06640672187776687,-0.007573280213313045,-0.11806396360218352,0.011558687424286491,-0.12922032079317394,0.05066806610144562,0.012817537076175549,-0.028778813030794444,-0.007809602475550692,-0.036277346008142225,-0.048083103425257415,-0.013048807524537227,-0.02100448302041146,0.0030807460172521148,-0.03351920487282985,-0.020052141851793097,-0.004390814421808163,0.050377132064682306,0.008201450351159486,-0.000804940732976109
ECE1,0.017590500902302013,0.009889863505394015,-0.016112023756188917,0.010029815675499456,-0.0033293030843802945,-0.017130592561766883,-0.011484752066937949,0.030637607229881885,0.0462817285034025,-0.057946292126664675,-0.004917015610235068,7.750782913134481e-06,0.022265984541133682,-0.011132344657616434,-0.04514071756215671,0.04851849342466722,0.022807700219456137,0.009772938610778648,-0.016322360087701406,0.03212065589673362,-0.009595612348761032,-0.0357761488222547,-0.01641422438837858,0.026574121511561757,0.03549419072870903,-0.05773601124122066,0.0,0.008045444619143817,0.042202602242627285,-0.009599511688427697,-0.009802761520263287,-0.006033813157653104,-0.00915063352525564,-0.017578327450589036,0.017650441100002797,0.06656080552171423,-0.012385458117889244,0.013019998658170818,0.028034121183361793,-0.03443032356253448,0.011923502280610631,0.0017526240183883585,-0.029987404738693536,-0.05869590902877005,0.030525155646191526,-0.03375917562843252,0.03438306160834092,0.027577116388269252,-0.043807746036995866,-0.061619327757057814,-0.0013289543739640145,0.02391100111467852,0.049747145252615074,0.03306540713903642,0.06388114316150435,0.03336042253040849,-0.01724115354304449,0.009683082247199874,0.033395913948104414,0.0025621712349508997,0.011168001992800035,-0.008806449211850495,0.023347316084681134,-0.026788117112731408,0.0277251080113211,-0.0023664964194377988,-0.036940671673760604,0.009667608980700102,0.015516022609923498,0.050638660271216156,0.029121280386607648,-0.028064913277991092,0.02094902947548993,0.016086915500243933,0.07126914912990188,-0.008140442846875586,-0.003359133154841104,-0.016368686566860052,-0.046995560957486145,-0.017895963922659668
EIF2S1,0.009911450561598279,-0.005172123969253471,0.018007144596446943,0.015027712416287888,-0.038765653931671806,-0.06818922103709162,-0.02049396637798581,0.047123531064391176,-0.018197502424018193,0.020551407694007276,-0.028957328450664014,-0.022966004435792737,0.04845078134932951,-0.04255906627788392,-0.11116126529176144,-0.04174825442360212,0.0009256393712244607,-0.04277010720148334,-0.0042435333393008486,-0.042279413003810766,0.04478172292009024,0.03002495490704807,0.03558319239323584,0.044271177157133156,0.037518752560623925,0.042918916266542366,0.009000584732952356,0.0,-0.021861841245311146,0.04233410063306644,0.016240435298585387,-0.019689203357733047,0.09138055406375428,0.030402320679897534,0.08081135236189176,0.022651481430877887,0.015850237080735678,0.0007082839332958594,0.082619409798533,-0.10059180862745273,0.0527535612948132,0.017286949809069262,0.025989005042065912,-0.015069337583620073,-0.005809130632122893,-0.04302157677500693,-0.04026023752583573,0.05205634592719676,0.009514334073512438,-0.0447735306963201,0.005275465095058701,-0.04976078812700767,0.05023097897122909,0.019673790439259393,-0.057805146574187255,0.0026610910733777648,0.0617585231455753,-0.02994222398438028,0.026054623720417794,-0.0004786911728091739,-0.0094086460725596,0.04491756161348008,-0.12776177823320545,0.07379330749421639,0.05369828982050177,0.008656941692009841,0.04214951716215867,-0.03745238789580013,0.012646748280705696,-0.011388251301309832,-0.013933563049060942,0.09000560685502781,-0.12552855952118994,-0.007527024872704921,0.014298145800012443,-0.04364945877059331,0.01576623958593307,-0.0005738715587255449,-0.12099120671407392,-0.03180637798150727
GGA1,0.023126803359465174,0.03457819247691031,0.013691232415977916,-0.09128310211831121,-0.02328157417419073,-0.03103477681313593,0.007833557512406882,-0.00773545115294961,0.06863982530052132,0.015869170057774468,-0.013271587400512815,0.05242870665530357,-0.07768446515726635,0.014822330867848964,-0.051274225595559234,-0.0005899196461152496,-0.05249032092514588,0.04284528508248149,-0.0425611173648655,0.009720482839310169,-0.08608009426699215,-0.0545428798838274,-0.019156617860027515,-0.06515184082378997,-0.05727658674069027,0.009118876301830487,0.04539132751759248,-0.021018403001140235,0.0,-0.0019761367860283248,0.03966564367707989,0.0241741903005674,-0.011074000515071625,-0.002434326851461837,0.0032095665938033477,-0.0604556057867703,-0.013141415509178933,-0.028460358801145804,-0.04799560713273553,0.06189887806762127,-0.004713511284069519,0.06975523794247188,-0.07420557594070547,-0.045437682213687734,0.01245533449403384,-0.07495177865045044,0.0009886093454813483,0.05787370503663789,0.003459314325207054,-0.01775825317284054,-0.022755902718595622,0.09194245684452325,0.015636514954410798,0.07685377254261803,-0.025741722369243825,-0.008512317237857503,-0.040669632253867015,0.05372968261271247,0.031887301816072196,0.03150831182159686,-0.0019790353586675714,-0.076136466606905,-0.0006114908753516468,-0.025780083040577696,-0.0634655913579561,-0.004203861024868858,-0.05040684164690143,-0.04514718450474135,0.03876281354605394,0.018457437755429778,0.0073316577409700745,-0.036775637446618645,-0.05344580777162759,-0.05146847748168482,0.010548476207589983,-0.02140281031352513,0.04807186996678747,-0.03339894929245151,-0.05094817453848976,-0.06817391000459616
GGA2,0.010888276611565587,0.02880845401782025,-0.021349208646081887,0.003429367623213687,0.0016098256154806945,-0.007399022040481671,0.008041033472472628,-0.02081765043256844,-0.031081669210405803,0.0756876909170492,0.019898749912027853,-0.0476375505385843,-0.00533253594290876,-0.07387246663572175,-0.06978649653313683,0.007756435695613861,-0.029450769122134502,0.022119405317058576,-0.06627619158683401,-0.023087155543637702,-0.050636819315925376,0.0050678633441165,0.011131206743911838,0.025140776315723975,-0.07995690537293192,0.008924508598522006,-0.009601386901788541,0.037849007146951275,-0.0018376727603293622,0.0,-0.0026571765028855256,-0.01075708808176992,-0.016830685586642483,0.018580950941460308,0.05813985964386359,0.03492219051491299,-0.019392247651409577,-0.04162781390363259,0.031524814065409495,-0.023496527399467483,-0.007974700056716567,0.06574286735496544,0.016238167694051973,0.019318574504972645,0.019504837669782043,-0.0389628085705745,-0.03048904106902542,0.02265416966027616,0.02436592006988367,0.01737221334683895,-0.08996812888111384,-0.027538955164563103,-0.0011313336953077111,0.01010518602354328,-0.013880559210684642,0.0031609116687141845,0.009316251508976804,0.0025080363650648485,0.019108967971211956,0.009777647201616438,-0.05325511506567762,0.056986011451677705,0.017967832062156727,-0.022351754537987694,0.054417486809933004,0.003400333859201313,-0.014591033030786184,0.012317431618459796,0.0008568727705271624,0.002689554245465564,-0.010746577487933721,0.0014899190307280667,0.021074019079176786,0.062156182323581416,-0.009467168948233337,0.031233125437113658,-0.026523234253647436,-0.01728610738728771,-0.003133292925593807,-0.012485035998003966
GGA3,0.044016131320534,-0.024452256531364982,0.0051370758067729155,-0.016126957807011667,0.016341926378955186,0.014863172881316911,0.04951731965418452,-0.03306448576750007,-0.00845214003666296,0.037776746942064766,0.04020603422122237,0.0972377058323971,0.07451537135290401,0.0029882673821011543,0.004359877844091012,0.013250771228913745,0.019230455441629126,0.009561227066543205,0.017564138954030667,-0.06119840582086843,-0.038731916538584425,-0.07910412718729155,-0.017762163194366565,-0.028562189732132457,-0.07119841856015476,-0.031027498092123417,-0.009997996834259868,0.0148061296556132,0.03761364403134229,-0.0027095684833207197,0.0,-0.0246377890669056,-0.049071721354639476,0.009336471437117183,0.05559349525311115,0.012363343394342018,0.014020962616274116,0.004072006274327149,-0.045843236690559015,-0.029329848660453493,-0.017646924762621228,0.008491739697875847,-0.03873587771364413,-0.043663234223309616,0.011225960857162355,-0.004310932300138356,0.03072290501107014,-0.004530510012777154,-0.022149576569563977,-0.02164444287342357,0.0012514426056585688,0.04133553443337557,-0.017504434954912947,-0.0038410086684393303,-0.05173417501825052,-0.06106689112512615,-0.005811503989669779,-0.04802627238003692,0.0070746410583557,0.00046597137025132296,0.03783913236612572,-0.04613997140215561,0.011040496147487278,0.0491880646417297,-0.027257990970021132,-0.015682645856263114,0.05659495275821427,-0.07893672163755559,-0.04258544386762886,-0.03507086044559267,0.012129111727622365,0.06618353069350548,-0.03960739552591466,-0.03603235968072372,-0.009882116229059617,-0.0028356469070987297,0.021081416231898825,-0.004654681904451071,-0.006931301843540834,-0.02187720032397705
GORASP1,-0.0030261754556040557,0.00391776888217716,0.012682693911970862,-0.005973862213212178,0.0016236254183544167,0.0036094833634334063,-0.000598988143356357,0.007265961089685505,0.006374716863114082,0.006857237288169694,-0.00751891756421799,0.0024188560544484337,-0.04589828342928924,0.008821178826047762,0.006920858394441177,0.007011998501995468,-0.005978918851921752,0.012492382689415679,-0.007820814905113846,0.03038453295480805,0.014481960307978147,0.009958124831923357,0.018152962475227966,-0.007047787386567591,0.011321305837835494,0.0053067114824125105,-0.005579593897286263,-0.01627489526314677,0.020783994355931344,-0.009945362760374166,-0.022338186269528302,0.0,-0.0010732173495294904,-0.002965067570141215,-0.01967356197288518,-0.05902159504223531,0.002737615836649129,0.0062470735129900755,-0.018899642569705142,0.03182652440770894,0.0031163930996825156,0.0018730246383081002,0.017449385896900056,0.02178921934052773,0.015929007177929336,-0.010726480731645472,-0.01801283329529272,0.0004443087075826822,0.01615980119987837,0.010265408270157182,0.014584609488499519,0.004783568915235595,-0.0010504620506507,0.00829791912011374,0.009735954953159801,0.0076164756409295995,0.006776527834672923,0.004390524127865058,0.00023435257417521487,0.015638184289304802,-0.011412639260494996,-0.0019222685547712476,0.009842404778670794,0.00026813095816164594,0.003630750069604163,-0.0039025556909611007,-0.015270095657742533,0.019656388905312554,0.009537175928482371,0.025544802972342025,-0.014076906213498719,-0.032710050595097205,-0.022836380371978004,-0.005889618833164782,0.0059543435067226,-0.010865721087683123,0.04165792346597019,-0.014806707049318281,0.0009910336863528366,-0.0057318987361400925
HSPA5,-0.028314293528846072,0.020279228142746065,0.03647948034616355,0.009357568663777089,-0.02387850841151814,-0.038562600944747324,-0.048253213115304006,0.04169494153793903,0.02784124921422254,-0.032975065485202626,-0.06425089558741913,-0.04981150225282399,-0.04465259167551135,0.03276718784406634,-0.04801664170855045,-0.09515456351078419,-0.043592672668639046,-0.032687776039231065,-0.003697246460285721,-0.02394372604817307,0.03649968080092205,0.03607630154395684,-0.017670362467605418,-0.029375123902672794,0.070753639750515,0.036786323402751515,-0.009686536819568237,0.08646701825073684,-0.010899040258160204,-0.017812888490979333,-0.05093122312964478,-0.0012285542057060305,0.0,-0.014222572665835383,-0.008160988679857687,0.054146022801125765,0.0758063880642342,-0.03553407773849349,-0.03125672133990604,0.023816290503931577,0.0488307071811929,-0.02181351871898792,0.028632442743099205,0.03323895651330347,-0.02653373159946946,0.02978792902505157,-0.030584781926135205,0.025349829668877936,-0.01576995661872468,-0.04251828249179738,0.04622427616126065,-0.033922680469931125,0.020536158685039153,0.03523755812485792,-0.059415742721401266,-0.003892551169449387,-0.0541116024388245,0.052695949475860315,0.014224918085775862,-0.035278244232452974,0.04502227158258219,0.058213685104024436,-0.018651594277910886,0.03365005249815004,-0.001303072072410176,-0.04085028488093312,0.03712153100914543,0.017992230365670596,0.07270033900206842,-0.059476128737987466,-0.048581857415762666,0.023983455235519077,-0.00913014376806297,-0.006401201376139025,-0.005871785841732733,-0.00018128767010809496,-0.050620857007360194,-0.005940108443819378,-0.08360791810160029,-0.003048054286666574
HSPA9,0.008709702718161164,-0.05550724765219801,-0.0045706294066682335,-0.020542852952396492,0.00446574352115774,0.0028923799125308504,0.02424660213403226,-0.017310213901961004,-0.012599681530038882,0.05358162796051366,-0.03007443175666064,0.04436985589890256,0.06048117623965887,-0.00443683576088598,-0.021761522632580643,-0.049025033524215125,0.019805295462377148,-0.02730031748113266,-0.010023552731434824,0.025713612458497518,-0.027291150393140104,0.0014829464797268444,-0.042029156183642065,0.028336813617446423,-0.020407009679929766,0.014314790981299784,-0.018083025484286523,0.02795629435631179,-0.0023282991518630996,0.019110702505176505,0.00941698241451104,-0.003298506969452083,-0.013821473149078976,0.0,0.007015810652526793,0.0930132618109802,0.023432948368238504,0.07445254578250902,0.044006439116264215,0.017023752108951084,0.00759350668976274,0.038497781143930536,0.04574488062430367,0.019704501672967452,0.00047070286141530446,-0.030867887073775593,-0.08899145387139377,0.061354849244380116,0.07706387046892312,-0.01417701204148314,-0.021489457593789917,0.00930097361181091,-0.03289221311650226,-0.008107572670826926,0.02291016808585732,0.028649080851110256,0.026920071273012474,-0.03807256706382706,0.04111579216864955,0.026031703131989655,0.04129198741137972,0.02718206351340078,-0.022369608904210726,-0.03313898210089885,-0.014325769390835167,0.11084613013466363,-0.03283202587721167,-0.05021038465058266,0.04915213894420321,-0.005170037310169704,0.0009624576773669761,0.004304539542986219,-0.0179522744625671,-0.025482798670767002,-0.06209126430796464,-0.024946560410085153,0.034902352708525895,0.010252473570167947,0.06380657997258771,0.019127776030611825
IDE,0.05865138399318629,0.015845889625477876,-0.009246484307285537,-0.020768027799893108,-0.028246909864137144,-0.04553522142276612,0.011172467691647751,-0.02597398748586599,-0.0008606837884580031,0.032383140852642336,0.03187133859026029,-0.006961505775480702,0.07500283070928886,0.00703220853562831,-0.04316114153497616,0.04404313061531447,0.008430757374915243,0.003962935665186039,-0.02021304056804366,-0.07063976434415167,-0.0452343576775682,-0.07124008965180426,-0.005429726518323151,-0.04845736811653232,0.0008873870299063658,-0.03569815337200823,0.018490211257214596,0.07567248736009702,0.003126072509879732,0.06089413421007821,0.05710126532488155,-0.022287357260024492,-0.008076286453911473,0.007144480008152285,0.0,0.01698068850529436,0.0219248104059974,-0.04823084686647498,0.05469473454295996,-0.006304973617694471,0.0005839816973308115,0.021026150498670525,0.01839155736015711,-0.05219717664736291,0.03044159780564386,0.011910819191437123,0.022168835672989374,0.02899525976386225,-0.01583020613590372,-0.04530465190053238,-0.09684313523186444,-0.08221621270762794,-0.023613267955797972,0.024312593732680816,0.0024129806627731054,0.01281050291876281,-0.004845185615043616,-0.08819140494991552,0.0395272544610819,-0.019962493066335702,-0.038925017960494995,0.0454970264799654,0.029466366190763347,0.016555601443765087,0.05915541617218312,-0.04712537499186455,-0.018239778375625404,-0.04128835769366674,-0.06428521786311875,-0.021211714757456757,-0.05461408176588258,0.055207079302034806,-0.04200023121418491,0.042745600707620124,-0.006483974456044694,-0.01638848417978085,0.01475430286643218,-0.04692560094373838,-0.051322347796709966,-0.0008206887559218562
ITPR1,-0.016084222556903918,0.010914889670947286,-0.03422028980818808,0.11208681262444394,0.07777047899676631,0.09239265597956785,0.11722989043821425,0.03986842138848771,0.021035805250034026,-0.05148694298009833,-0.11524910419160629,0.013329226619052077,0.015918472488589235,-0.03720526365604359,-0.08512586195908939,0.057913827595556036,-0.02332816062542133,-0.06414337533887657,-0.07257800450112449,0.042470022275746595,-0.05301733166321874,0.027142728516143824,-0.25745363318660336,0.1930845554342287,-0.00917843493939936,-0.12291868998524788,0.10643311712939295,0.03237681680827607,-0.08987960106691847,0.0558309298388504,0.019383383435251585,-0.10206067154541712,0.08179135504441853,0.14458044029062148,0.025919534517479137,0.0,0.035078178500616855,0.0025728559544550746,-0.011313536658257265,-0.09197096727953413,-0.03754477962711061,0.07864078851533653,-0.02978466144924508,-0.12664154599721308,-0.027822726707108694,0.04908190013425699,-0.025081557327511037,0.14812179876891274,-0.040875981213942855,-0.08079927448213484,-0.0341578252052312,0.057587022071727806,0.05098486930976855,-0.0653709617664386,0.03917618032766013,-0.0006484693806513071,0.019599901070518056,-0.026351665604578092,0.16531975740063978,-0.07717608618467375,0.2700893703298362,0.046810427031006165,0.025895652710336392,-0.05501202669631611,0.07417099974243935,0.035144933662044776,0.10261459167134424,0.016021648010143406,0.030819347957775158,-0.0725901766177134,-0.008052728236096774,0.07838075248894791,0.13433206732238812,0.06725580647762971,-0.0639065484470268,0.012514499192226282,-0.1960547694661611,0.010542650900020142,0.0925024695779013,0.0688242337488647
ITPR2,0.025709695932986734,-0.009649996282497126,0.035001982162342404,0.018759719276680662,0.0008457933881644119,-0.011313098043108405,-0.024352407139142853,-0.015444315175227442,0.010878466402878147,0.004516647115729882,-0.027462917423103594,0.04168886470358664,0.06728719992793428,-0.007884440704302494,-0.02716855789367132,-0.05098402906715025,0.020305719737934488,0.023538063304312337,0.00011767670884541992,-0.008739385008691768,0.004052143260910109,-0.032068706678224854,-0.00803682928069654,-0.04743787413929565,0.00848559580063914,-0.005631914031682145,-0.012475141890583774,0.01427080613440826,-0.012306708457287823,-0.019528853109216364,0.013846713062386707,0.002981914525444514,0.07213098323763692,0.02294387724480146,0.02108059940741109,0.02209592769848787,0.0,-0.0036665673017293237,-0.0572136378953475,0.04211217434775497,0.028245578126485003,-0.04933318656369121,0.04962671011322147,0.020323119741075146,0.037991066706191484,0.04395650031588238,-0.0436298816505888,-0.0032424932774410093,0.008902188704746893,-0.047944516734344654,0.0690324204747037,0.0007949408133708206,-0.04696506176879974,-0.00795782308308322,-0.011636998220443664,0.013319398984144994,-0.09585634534813763,-0.013159250422010904,0.021194719612725257,0.004922614455352234,0.05530242887611582,0.08743124250293843,0.053671622336763404,0.02658913838580466,-0.028866477976443285,-0.00948864213398138,0.048997132811472326,0.019864476282984867,0.01620825412345207,-0.0150723334201231,-0.054060823519207685,0.006690093725407716,0.00875926584646367,-0.021205261493039338,-0.014785516691068921,-0.017288467793814564,0.001813044538751632,-0.035651948638997746,-0.03828094240369334,0.010978542025658523
LRP1,-0.023705042957136498,-0.11481167360184785,-0.02213107342443038,-0.013558418201750253,-0.024514286166690328,-0.029566794841624253,-0.0002850515228087872,-0.03770651327337008,-0.029643399724122384,0.04477325141299485,0.006220183865826589,0.029882554362187157,0.05786744618167926,0.04123122385533572,0.10063200507873393,-0.03605928059975935,0.010771400226478921,-0.13034595213226172,0.0795703900327301,0.08716232141231324,0.05576203342784861,0.022347824341321366,0.02918600091645563,0.0961101190814381,-0.01705522870071006,-0.02033042073259593,0.015071732200534258,0.0007328902509726003,-0.03063084281408606,-0.04817824823002296,0.004621639967594011,0.007820204553613616,-0.038857951910115436,0.08377959133901107,-0.05329553265390447,0.001862556642910599,-0.004213844174313186,0.0,-0.017063527568386697,-0.07566532987772367,-0.0285551026081097,-0.0025221920388098537,0.12708975176133952,-0.006036858770433829,-0.024731729592157824,-0.10831848974269993,0.0008504557307016068,0.04323549526780453,-0.051796211138890526,-0.07274835612518518,0.013207498902517932,0.012858591314813927,0.0011909988872288223,-0.055251279310735625,0.045075701280448376,-0.020432410544210175,0.03880229785032705,0.030726496936500765,0.053147728806580856,-0.017944215941858004,-0.03286984667652203,0.053127369892818285,0.027541700705215562,0.03247562604978228,-0.033155301365646046,0.029996778635364416,-0.034728266515164134,-0.08336891070753069,0.14436354674089683,0.008361069942639925,0.04269443978033289,-0.027650930401094162,0.017189389670890853,0.012394200146120516,0.034911814051503544,-0.04705463432734919,0.08089342320523775,-0.006411708984033827,0.07528820174837181,-0.03753446420925291
MAP2K3,-0.04240463502200633,-0.04348100442041254,-0.010130101933580927,0.015212930907444643,-0.035862501355756,-0.05158865673296477,-0.015368825956871546,0.0503987403844784,-0.0179151589626354,-0.043736304537382614,0.011330734530790487,-0.04336420193837266,0.0923925411262764,-0.07654705053805574,-0.09152074896495108,0.050715123450857644,0.053762220899484764,-0.07107144305649894,-0.016194730896049687,-0.06905554640619944,0.0005925490052090495,0.04231189611302495,-0.049192744721303756,0.003886364992652213,0.09433144671945982,0.08032728584005225,0.03347904853789461,0.0881957329593027,-0.05329101558279841,0.037640368420812684,-0.05367806795899994,-0.02440782150757333,-0.03526242785319288,0.051086817016493896,0.06235127944855433,-0.008449409071001262,-0.0678347618749709,-0.017603650994742027,0.0,-0.022263414617277145,0.02352776767124656,-0.02455166451566286,0.01205165160015342,-0.03339017042241218,-0.042001926780213514,0.011143886655213027,-0.09224029736653379,0.07640580804613366,0.04355467867313785,-0.048527467564012654,-0.032465314958656594,0.0004108853916280447,0.019946785613521888,0.03444466550113444,0.06369320251254174,0.093880345972017,-0.02276984193503309,-0.04720106503809169,-0.06944891889411892,-0.04201472489077797,-0.1336860143744806,-0.03997032208922628,-0.10601832004337737,-0.04351801491029936,-0.029148576718842623,0.06783415089532295,-0.10458541011522296,-0.08892661638318117,-0.0827918037099459,0.04277027319558724,0.03360559638705339,-0.016398518693143946,0.0020340121633293452,0.08201174058882156,-0.01642617571892711,0.010170445748198689,0.021889451714916124,0.07918718885796926,0.022678620850360303,0.03825498763723994
MAPK14,0.01975155672772917,0.01429368079651029,0.03596630194180062,-0.054672904015089424,-0.02317169325204343,-0.009019412761617492,-0.010082102019446398,-0.002871973293945826,0.06770202083382909,0.007830119631673741,-0.006551244103765827,0.01614536296115476,-0.07839782806149224,0.01121282932783976,0.00016697867387382566,-0.044649068043254726,-0.012143157881909623,0.04073474580724843,-0.06063616495075602,-0.03962168454710058,-0.030382061877901396,-0.022267595506168053,-0.0576338168903619,-0.11214842867287259,0.06572258176246605,0.0019680453108830475,-0.037465221735033624,-0.09784286136657086,0.06262335443465991,-0.02556266073410678,-0.031291938477878346,0.03745119542823306,0.02448183413637153,0.018007314343012996,-0.006549138380746293,-0.0625863673475712,0.04549476750601143,-0.07112657619807752,-0.020285831646237023,0.0,-0.009522622119583997,-0.015802721876511872,0.02993384638911406,0.06951415836914086,-0.030959713598595527,0.04051789776810315,-0.04782936822236591,0.04364876461262556,0.07293726768775667,0.03542993549994544,-0.002243945949405049,0.005767132161879876,-0.04724316635366691,0.03632848226565242,0.008104001778048665,0.024679874506958507,-0.060252622996969644,-0.01476589981534512,0.013931578482007975,0.03536727893492206,0.03752884955107219,-0.07863261311297895,0.08544119271268943,-0.005757014241355832,-0.006418756546328867,-0.01860199693244958,-0.054151192491722,-0.00773104987392369,-0.027593532914174237,-0.003408267544682522,-0.0312133523554876,-0.0585550151647581,0.030571237744392053,-0.007617115972595417,-0.0777118071616363,0.011422498686934441,0.06847131346627199,-0.0410119746991952,0.012886386462367252,0.01461853644975016
MAPKAPK2,-0.0032957609607666655,-0.014445428449134433,0.00778822137303099,0.016781269149193312,0.027202412283755403,0.01182359868724635,-0.013400741455599536,0.04030231049424532,0.0034184451258166032,-0.0239516747034663,-0.015451106989715708,0.0009607612533700152,0.030681779907933915,0.03013009440665136,-0.04105081568968251,-0.03611179249159864,0.028169956041983635,0.009677164385081578,0.0026445531775522568,-0.0008417144846271157,0.017320487192629557,-0.01826205550938435,0.010761829160540937,-0.021444403747507536,0.0353859851052179,0.006975421695319929,0.011397660339805589,0.045075751883662286,-0.004189119688112677,-0.007621516601429221,-0.016539270413833948,0.0032214646685584333,0.04409481392498437,0.007056034688726487,0.0005328743274227727,-0.022444152889730118,0.02680580912138055,-0.023579976453614954,0.018832433116510026,-0.00836529419325667,0.0,-0.009464151652264706,-0.01194961800124825,0.040591007426515995,0.042234798381990936,0.009865023597676194,-0.031317934079838274,-0.024207415734587453,0.01917868483238404,-0.03205796380013515,0.02394570232621629,-0.021071059765476477,0.01753244045310739,0.0581675853422558,-0.0006684714907074913,0.010988638004238374,-0.01017144769180765,-0.006916485145203557,-0.029366749013644444,0.004274327145374906,0.015713202250890144,0.02366280617741089,-0.01334240642732768,-0.01734144368726547,0.017326158213660955,0.04408347543969102,-0.011051856054911867,0.007005432566447861,0.03526328799481006,-0.004054331729071965,-0.005254159878685739,0.0005072967643145473,-0.026303578701559437,-0.021674072415184296,0.02987029105139842,0.020635980172574092,-0.008022080721327034,0.028567663504953336,-0.03202505955680498,0.01720822904802902
MFN2,-0.0013080773489292884,0.018980865895867994,-0.02831448313859879,-0.043254919304498644,0.012596412331769174,0.011752878119396966,0.04086635754074396,-0.008856820037032136,-0.003131869347991707,0.05915543256793593,-0.012663500811763574,-0.021754893320227522,-0.07334774549132088,0.026297116998999823,-0.019942551602935787,0.006731375055084994,-0.0588475011659143,-0.005369004468001124,-0.041176698754146604,0.031462061338496876,-0.05493353564085076,-0.0007127391053892704,-0.005142575893136257,0.02428977849265488,-0.07858522710508319,0.0024636722136161674,0.0017569229822422341,0.015490365343025407,0.065014037231569,0.06589125474389057,0.008346340151839772,0.002030470677771619,-0.020657241207558446,0.037515100996985275,0.020120437672018165,0.04930075972037375,-0.049098668480805054,-0.002184187342206132,-0.020609086649046007,-0.014558232745913974,-0.009925074701132948,0.0,-0.02512657091092779,-0.005447307492884001,0.017758105937389117,-0.06850453164702097,-0.0008498617967347912,0.034894586793443615,0.016599697256853306,0.017169501152533125,-0.10620815483807931,-0.010833576521241756,0.01627853262373048,0.0426139273384115,-0.020490910828465218,-0.02299344171827443,0.0662866257543097,0.018372096486587882,0.03785246590399085,0.009034719388103983,-0.01311034185960503,-0.003669560845337357,-0.0126929512302715,-0.04124235544397067,0.03374608022443421,0.02866295096153003,-0.04094081916906596,-0.018087743912401102,0.05496745803936906,-0.020471667176735764,-0.010639572269256247,-0.0016697692935862985,-0.0325573868644782,0.009457940850486036,-0.005369523500242927,0.008887621532825588,-0.005241077077318957,-0.004042089471813648,0.02398919555211389,-0.022502139564238605
MIA3,-0.006017949932375621,-0.057904382790325976,0.00931203652901782,0.024734802969110525,-0.02651787860284498,-0.033870372064410174,-0.013462020642534689,-0.012457261986528306,-0.017680735698984946,0.06439697731797635,-0.0005138694093624212,-0.02661953865606217,0.011597610056308168,-0.04414977044949989,0.016658876533430365,-0.028851372331069273,0.0007295199648027432,-0.07387667745892613,-0.02136447424702321,0.016636231277991614,0.06629266540710041,0.038232822470021764,0.022692367313489514,0.03110187227503022,0.030187786964469214,-0.0018471204950027875,-0.031850893074374866,0.024674690338664346,-0.07328002676985823,0.01724387738446836,-0.04033959895516767,0.020042511764341676,0.028729215213988538,0.04723149445221064,0.01864725581768724,-0.01978414053460858,0.05233169475292428,0.11661140683139738,0.010718725284422227,0.02921850932235655,-0.013277762117545718,-0.02662269344122417,0.0,0.0650031601592893,0.0008341956630373329,-0.03048028548294279,-0.05152763244783904,0.049557293253129936,0.004511212005753025,-0.03768918216988793,0.0011474744471016542,-0.05225879183860078,-0.02945667560610467,-0.03347441508429235,0.02004279703630811,0.0036014129373278907,-0.014167994402359477,-0.01230367086329576,0.046113600088501926,-0.0007524631097106488,-0.04216334432117026,0.07484586324742654,0.08559049833224175,0.07145852851602341,0.04621991911683518,-0.03623038199478,-0.007619225484833004,-0.01964065173262953,0.04388704177325157,0.005128569565796124,-0.043540768630293596,-0.03927054243949788,0.03815580860901297,0.08905543829499177,-0.005180938659446737,-0.011255510647273427,0.08950520291181749,-0.04922669293422308,0.021729328485506395,-0.006899629588139474
NCSTN,-0.008025837660663615,-0.03771542552504179,0.02160654662953572,0.029734675615646865,0.04747688223341354,0.046631567246388894,-0.013771632852100138,0.03714429472506731,-0.024970762985088896,0.06439603551283894,0.0517906682457603,-0.022050861299302112,-0.04153191785320355,-0.005157406620348736,-0.02352207156055488,-0.1202410270380142,0.029731205336326137,0.027852033916297574,-0.03899787150019182,-0.05366795489102397,0.03751744312511899,-0.0007546549845859843,0.016566425681270237,-0.008324447049198646,0.03700991574049301,-0.015415646534237472,-0.06404526261470746,-0.014697811215552869,-0.04609583580887774,0.02107508943006692,-0.046712221532458104,0.02571047591181944,0.0342617220971471,0.02090023117404551,-0.05436756476839162,-0.08641659874394794,0.02201588433644501,-0.005690336696750599,-0.030507853543817926,0.06970521058664697,0.04633371645801485,-0.005929213712397358,0.06677761680215057,0.0,-0.00998276758947781,-0.018505584189345437,-0.0864151917769547,-0.029813357758990165,0.07580750275749429,0.03797667105524726,0.011406853357482942,-0.04186810746892633,0.02592192125606786,0.05166547370261928,-0.019928831244011534,-0.029090628708537195,0.026561208272047835,0.0010504146099404898,-0.04012397226045467,0.03647368818346056,0.021536290141088973,-0.0029860211107900643,0.08905897814459729,0.005435157942552597,0.10852269290930426,0.031974988468928725,-0.024716182979092068,0.013903914733204657,0.08000769337240961,-0.0020446758939881415,0.050188665052136504,-0.03319576218771906,0.04291917476599621,0.009797596530606533,-0.008901811270134893,0.09984502757400998,0.029494181662504882,0.019046140057071493,0.016998561149661383,0.014246286032042728
OSBP,0.016654546257132728,-0.026349022121661517,-0.035247096472525996,0.04477865229992477,0.08726506240479184,0.06641508875884003,0.0464138757719461,0.03174460594991405,0.02064165763410339,-0.0165664040652852,-0.06716479209530024,0.03628041249492008,0.06025045408739097,-0.01175817738997605,-0.028963142451182346,0.07500590180974198,0.0294473146162004,0.016287503067174334,-0.05519069039745583,0.12014710585289043,0.027064615292159602,-0.04245752525690174,0.05659394718173963,-0.015786874624794618,-0.0659326409777139,-0.007234530601793849,0.03329879627275739,-0.005664493919745422,0.012632589646652344,0.02127297152115121,0.012006864603623475,0.01879094504371214,-0.027343342852282376,0.0004991418009215958,0.03169945394755126,-0.01898069561705229,0.04114515627675757,-0.023306277189941813,-0.03836663408812635,-0.03103704590309954,0.04819802040809197,0.01932428015107964,0.0008567534109679605,-0.00998027319958699,0.0,0.006593094126338531,0.01985533901349024,-0.06393888378990004,0.008640466124996467,-0.053807018572659536,0.002191463756894172,-0.017145416685025026,-0.037501572255523564,0.0763275385260145,0.024886076744361,-0.00476290793458194,-0.030076216028723773,-0.025905465184480204,-0.009641524250485124,0.05287405781425566,0.012557425279190286,0.03565446701603009,0.04665765813654672,0.0007753955225953711,0.013429677822843537,0.06850816746302503,0.018480045240145248,0.03807837976180576,-0.009566215373319404,0.005032631852911561,-0.10778668042599196,-0.05644843999514018,-0.015665154298506578,0.038370422590628984,0.09752313371331998,0.010345061801405207,0.04500555650602544,0.007165238908715509,0.0016168308321027102,0.028238631873726407
PICALM,-0.008331026306843726,0.021913592520561645,0.025039251970716377,0.039515886155087845,0.025356134246981684,0.038239433817655384,0.0072819126494114384,0.0043662970755302755,-0.013139746642975193,-0.0653644346611694,-0.01506802443413821,0.00971583445977951,0.02698676476186774,0.04823347633893277,0.035193298497676447,0.03614345218831207,0.028104909761317222,0.026588186409379926,0.037852476982262746,-0.030223584059081925,0.013859482341491033,-0.0025677374953122284,-0.03650283569224441,-0.05812933390685547,0.058948402095263544,0.00711179430924063,-0.03469692231886128,-0.03952435299255195,-0.07162215935795627,-0.0400372782898163,-0.004344159534751441,-0.011921904673195503,0.02892158300981639,-0.030839865798083944,0.011685692202223888,0.03154730581696455,0.04485272256001813,-0.09617218597317474,0.009590685425302881,0.03827003169507941,0.010606824372754373,-0.07023514081906493,-0.029494118336221658,-0.017431017646599378,0.0062118040780963215,0.0,-0.002219316941733681,-0.05571577302296639,0.0024617970322465405,0.012354776603577892,0.05195356814994652,-0.02413633394966902,-0.04467337410681846,-0.027104149813387508,0.002982528450455442,0.021349074224625484,-0.047952657863553926,-0.05509660847365612,-0.050706660434199746,-0.043196858855289934,0.03540968736872405,0.02136600739657227,-0.008697377915433053,-0.013562650264433748,-0.034025637622176155,-0.024052962775229992,0.04703176994868336,0.045854241685242096,-0.09754059428146836,-0.027764249182891384,-0.055661049180433755,0.0296641638429127,0.0016402891621843452,-0.01811289369660998,-0.04160871890430278,-0.0003088871615047108,-0.05515464252386451,0.023192058956529007,0.023135742053745856,0.07283028174418806
PLCG2,0.04379402106434735,0.014140379378021298,-0.10048062338695937,-0.05004997548030577,-0.039496617215833675,-0.03415867285989922,-0.02650552877187111,-0.021979291099650713,0.0822066906466226,-0.07604131907948547,-0.022458655020786995,-0.058483513078326915,0.05111387123711785,0.028529852925947556,0.11000357666029643,0.008634812752535323,-0.01832274256516303,-0.04381011344582744,0.010048567660259298,0.045719833674112184,0.02740840914435502,-0.029288358735742957,0.07418676864425555,-0.011474332934259169,-0.013446273727788841,-0.04818362724092879,0.03921788746760019,-0.041048312536295796,0.001048408922956206,-0.03476951134201992,0.034358751240252935,-0.02221830618977946,-0.03295548199333057,-0.09867210847211885,0.024137718874314363,-0.017891054419515596,-0.04940720277109286,0.0008379905732283551,-0.08809965024991495,-0.0501357010032387,-0.03736980957794293,-0.0009669944754831956,-0.05533464220108702,-0.09033386055150652,0.020760906377595492,-0.0024629741754805296,0.0,-0.07695681370942847,-0.09013756509305805,0.034434571103346426,-0.09534419775045291,-0.10763528830345598,-0.01688861692137004,-0.0022147035128390665,-0.004723839096163172,-0.0527051344596294,0.0659294619940682,0.0220262139271089,0.044169591815918376,0.05070591870928003,0.043984674460987805,-0.10627659990977179,0.009969369880896788,0.061433759064467235,0.04114305365763426,-0.020300927011631418,0.021955979386474537,-0.002890902739928794,-0.03611662284792856,-0.08327600783490646,-0.016537788981628547,0.03865034499522076,0.06323939444669394,0.014374931912751411,0.07022781415490549,-0.012964110716797705,-0.03859725312623505,-0.015667547642496064,-0.04967041482860752,-0.015494271484901439
PLG,-0.006755318731401099,-0.006749067036889641,0.024566680148940152,-0.02618073614624827,-0.04588413636234582,-0.04941387561245964,0.01470882406014278,0.010550363828367647,0.028565966387127686,0.032465409028842714,-0.015343505334140034,0.009513409083513703,-0.053613076330848324,-0.04933832793685558,-0.06567740297148462,0.003906691219337149,-0.03548698680330352,-0.04564144177008336,-0.050440390799788605,-0.02507801507765185,-0.024966795249535736,0.02192172935092434,-0.0751433837453473,0.022391566930229364,0.02390087578565808,0.008869165777283498,0.028311087040743935,0.04777060016903731,0.05524021062174001,0.023252572802119956,-0.004560266568730978,0.0004932666853682887,0.024584725722453477,0.06122982838720219,0.028415047535824366,0.09509735940019289,-0.0033048622199606755,0.03834386631390764,0.06568223243223564,0.04118057877306439,-0.025998258063523544,0.03573565840723436,0.047899671829841776,-0.02805042247972505,-0.06017305980603741,-0.0556527632458073,-0.06926520443800412,0.0,0.010236494593270987,-0.04119187259952155,-0.016780780884540374,0.05564889141965792,0.02474787755555919,0.005250882817341094,0.0018100953448724265,0.016763022648122874,-0.016201426751420743,0.008995487333897285,0.06432509109874232,-0.015840088953381286,-0.008471375696967116,-0.03313827918461004,-0.0019322963202830414,0.020053740959717088,-0.007494640068838437,-0.028611744037088997,-0.034190867050789345,-0.06895398315597205,0.018193914294387645,0.018824241159852158,0.007836605678492847,-0.016193300849836223,-0.009681664317478588,0.03904350100666387,-0.03939957686388851,-0.027440249238756764,0.056613860172440134,-0.03376978695019142,-0.007340405462173627,-0.037732434618935974
PREB,0.020197988054538336,-0.0043185592614217025,0.006218091690230851,-0.01314522634178176,0.006572710036258118,0.012843085876280896,-0.0021654222091671968,0.007094790615571599,0.0035086110474457383,0.0359895106132526,-0.02168438680714918,0.017602161584566036,0.01130921326474432,-0.056893666982940766,-0.04829664635121138,-0.051071619410536305,0.02778068917285004,0.05195683296362177,-0.049857765942139316,0.005993824408121091,-0.012573396237749983,0.018176597676076316,0.0008107565075470309,-0.007245121293903144,0.00285530618160403,0.03649996043793624,-0.044465384858640704,0.008632346576842595,0.0032645815247403015,0.024726869297049744,-0.022043066840434812,0.017737664154607403,-0.01512113095077744,0.07603760340432739,-0.015338094425483895,-0.025946639944523352,0.008970869189955091,-0.0454168396118062,0.03701858380436395,0.06803516364330492,0.02036470380281686,0.016807663690094076,0.004311036019036614,0.07051867756547658,0.00803965979167976,0.002431220056456359,-0.08021162567919356,0.010120797029868202,0.0,0.0676394180973186,0.0014295815463112517,-0.0023441458225600155,-0.030477451179017418,0.0030385344186719004,0.00873232683968788,0.04074065327448383,0.03888648294249631,-0.03823505688653638,-0.002503632514892485,0.08052893053437023,0.04095185662239474,-0.028605575477880386,-0.04020788637156616,-0.025255367877525206,0.017952071501453355,0.10647625147275336,-0.0188963051429891,0.019558251378831798,-0.023505375193873884,0.025147773140550233,0.004279974073195516,-0.01103497794593223,-0.025190891334704268,-0.041949805991458124,-0.06471526812075822,-0.0038176322338853257,0.038174988620927566,0.009013308140217568,0.018720463836813084,0.02624366648395292
PSEN1,0.017848353544218813,0.05561455844391799,-0.013837086673856325,-0.02394728380048714,-0.019698129340636944,0.009123458021974213,-0.014863485772659668,-0.0278373766768057,-0.010631235806276366,0.026453222802131943,0.009572579768883859,-0.036909949882105074,-0.06152583635946863,-0.04145127646670869,0.037433186397491255,-0.022635152602691017,-0.01571514013246202,0.0682393490470716,-0.014561449090106574,0.006578163883064153,-0.006607134077307358,0.050609139777070544,0.04208458814730334,0.02222938280969422,-0.021750613379985243,0.01815852399740265,-0.06395190827971067,-0.041537200203640864,-0.017135750955450103,0.018026311746151297,-0.022025126226146396,0.011521314869252132,-0.041686448243609855,-0.014303019021298073,-0.044884153605496024,-0.05244279148119771,-0.04940172099505687,-0.06522401163734808,-0.04217334215171007,0.03379245238285525,-0.0348065208555341,0.017775845400032568,-0.03682735539506097,0.036122206168346535,-0.05119232252594842,0.012475912730954023,0.03133224973732284,-0.04164284521642258,0.06916163760113611,0.0,-0.02758028842090246,-0.031012858957134036,-0.019440534568100205,-0.06629737947507137,-0.012962227342304374,0.006336665208464588,0.10064173740482431,-0.005705286145067925,0.000730946873667938,0.06930042399629588,0.027788920460720956,-0.04988846503326728,-0.05440569304846658,-0.00962459218577693,0.03736811464591252,0.027138586738951663,0.01928286144759596,0.07527309878365275,-0.059286878277977705,0.01356443184843424,0.02712185309863544,0.020150117920099526,-0.005728597405243175,-0.04845310198842269,-0.06572375214493513,-0.011583476466260009,-0.02053604925950847,-0.01043924407860322,0.015895496781399926,0.008206589544227432
RAB1A,-0.030080474977333693,-0.019632288421563598,0.09016249578487297,0.08916539470325491,0.032979341692197836,0.03591162897274848,-0.008855444128306484,0.04779531155826081,-0.012062354796155507,-0.05996362535347975,-0.024306137745439285,0.10495917691725774,0.009579544899391964,-0.058535946173218556,-0.02830168323767921,0.007278108871661675,0.057821767543983396,0.037742870295131105,0.04361069470100552,0.01252988966954051,0.08074889024012367,0.03443870141462583,-0.013366206811640698,0.016490382664665036,0.055676457650120276,0.026440297078416504,-0.0014979719389084253,0.0053153722636939535,-0.0238481130573149,-0.10139054710514875,0.0013830567036570611,0.017777786214325436,0.04922053786087829,-0.02354645418220938,-0.10420202002694137,-0.02407828809192324,0.0772526328297249,0.012860621625216189,-0.03064270264675863,-0.0023244424362259142,0.028236399320077547,-0.11942287057430818,0.0012177381087446187,0.011783662294500192,0.002264421409151606,0.056978349697334445,-0.09422111195843456,-0.018424600537635165,0.001587564553812828,-0.029954071252097456,0.0,0.14732119055467163,0.017028506323218628,-0.05451314619832084,-0.011624282649561182,0.009720022266283152,-0.09158954772142432,0.01508806085999071,-0.05669525440526919,-0.005423172357015772,0.0622918220313702,0.0020544579038895647,-0.0366495863985786,0.057713129047598795,-0.10023366594891432,-0.019169904210243126,0.1123658714712586,0.045253530013951514,-0.03252871355679002,0.07302573323040533,0.02189635177681166,-0.018215510640987205,-0.033882221019451327,-0.06844893787434347,0.012802317710825843,-0.03008555598013552,0.03336171373830902,0.0174276423424634,-0.029163188865805607,0.0029838909269731405
RAB1B,-0.038004206323041266,-0.006938050675343712,0.062213326956765035,0.028085238414089247,0.03223859882739211,0.037664409687966915,0.04321210743391579,0.011706081149248324,-0.0017455595684859146,0.0007985749270451891,-0.0008443956882212202,0.12400789549486524,-0.044580901496752784,-0.09800438746948151,-0.06780724455967788,0.05131075067367322,-0.0036528559653552033,0.033426580898409004,-0.017316346104528934,-0.0016843569220944743,-0.03875027139649035,0.009860992651637436,-0.0771834545130612,0.020386518644212634,-0.07186227402206505,0.03617368018851734,0.0268205688214782,-0.049892676203551506,0.09588544222450464,-0.030883951002042196,0.04545997830147911,0.005802451603572136,-0.035945374706380304,0.01014156766810985,-0.08803216482005469,0.040395839046304095,0.0008852615477118254,0.012459809104423993,0.0003859266457354685,0.005944877710554166,-0.024725480044359257,-0.012122107053589308,-0.05518827973687619,-0.043040209542687106,-0.017629809582103886,-0.026341615723490894,-0.10584863271221256,0.06080216573648427,-0.0025905006295878223,-0.03351779779328162,0.14660265564870503,0.0,0.027082721354927484,-0.01815717442860017,-0.0231039272509628,-0.011593629258789881,-0.11482920002935561,0.065215829882105,-0.03442756166162408,-0.015002538556893414,0.008551959750049583,-0.06411156950266622,-0.019010060599373244,-0.001664609446828848,-0.15243853728792295,-0.009151143896867662,0.048517820385312195,-0.03380441590803519,-0.014041707585372858,0.0732238908120888,0.05984874093853929,-0.0531142228100494,0.003284173788912306,-0.02913694688934149,-0.005800223314826528,-0.0006678950148310145,0.028545459857739673,0.022043623989455922,0.027387852826701913,-0.042187500940851476
RTN3,-0.01904180852821492,0.011593349687750816,0.018574971347829317,0.028841055274735503,0.01736860642728563,0.013598242503035027,0.0087730231213345,0.06051923986771799,-0.0041615897814123275,-0.017292755634281867,0.03458346211032324,-0.016957867785407255,-0.07707807411658449,0.016944643348231703,-0.04153178078607799,0.013371132836509356,0.001768062600498632,0.002239992042587756,-0.0004195637774382365,-0.02596104308579784,0.021594971364223843,0.004420987589862695,-0.018620731788599635,0.05222463497078933,0.05445102028205062,-0.04102031701746443,0.04941141673138072,0.04459745847513726,0.014439942151082345,-0.0011234791987971007,-0.017046792750185055,-0.0011283108832062941,0.01926908014065123,-0.03175840581530386,-0.022388702627225095,0.03166957537790972,-0.04631275552246135,0.001021923223749198,0.016589981500490614,-0.04312319563377497,0.018217536303604072,0.01612911104460629,-0.027546101396507306,0.023596476177675105,-0.034145853376253914,-0.04317265694177908,-0.01470664390043624,0.023943597769724982,-0.02982405145159095,-0.018605047933653283,0.015005210434287557,0.023981769216391256,0.0,0.035566758612623005,0.002683443530427856,-0.016431128074217656,0.050660922094238565,0.016007507950099347,-0.006840809553636543,-0.028091246554838984,0.0007951781164688636,-0.034042606061156624,-0.007049016132289246,-0.0028752978953154457,0.07226573558518877,-0.03724318224771325,-0.015125471278878875,0.0015141946083951975,0.039661927778637515,0.03786111781303182,0.07058421174908992,0.0013972803011105372,-0.02444068981907137,0.004403873142046914,0.04671523629560717,0.031781171585921385,-0.0052396075964527885,0.012486550427090114,-0.035390917235006446,-0.025694487678645194
RTN4,-0.013508077564593898,-0.031082137096890474,-0.01558558862045725,-0.02090843793347755,0.04744142222260285,0.024056194470954473,0.023184703713700152,0.07217655842308725,0.05410097153706918,-0.023279381104691643,-0.017793157367940113,-0.0050775148547431434,-0.02564623156142149,0.06012078482641095,-0.05888088562889231,-0.02347751420088178,-0.005773932508378675,-0.028748013267543355,-0.05655060471871758,-0.015189690023127284,-0.007602702718391066,-0.05711909926800931,-0.0183596167211915,-0.07436394568266223,0.021481275316799546,0.0033729556324030114,0.03483943249879192,0.018529536824057353,0.07528851559933514,0.010645270008954941,-0.003968057230445036,0.009454872182666578,0.035074026985845906,-0.008304136963752628,0.024453564904913964,-0.04307485851688729,-0.008324498098489584,-0.05029065667462652,0.030390161531047878,0.0351768744373379,0.06411599138554806,0.04479038482471683,-0.03320683329101103,0.049890566504290364,0.0737238161416796,-0.02778650125306386,-0.002045846952289507,0.005389169347786776,0.003154207142626338,-0.0673065000856359,-0.05095711575481207,-0.017055923468274115,0.03772961229766704,0.0,-0.021874242770766102,-0.03254419901294627,-0.026879309852065637,0.017128196705711633,-0.03482918501372068,0.0008803808698603533,-0.007002394517813211,-0.07639416635417072,0.04032661356433067,-0.014943011133802303,0.03221168708496539,0.03449328046585084,-0.06957270407221618,-0.06915847722932889,0.05969483041503668,-0.0459997589000937,-0.020308593536526538,-0.04028941599614385,-0.006320704766688594,0.03328486239295948,0.06634290566591018,0.0758805171984203,0.02850457351923844,0.04484834284707586,-0.02651484598552198,-0.00036228685874384813
SAR1A,0.01842720064783912,-0.001119621859112842,-0.01627848392323014,0.015401833913535931,-0.0013099232065900631,0.0008110366669361336,-0.015696896509759334,-0.0006698149363863836,0.006831855835714453,-0.03869380087689286,0.012564861808254708,-0.010962884008799237,0.036038611796801144,0.011670480734218442,0.015965953067016578,0.05840177249775453,0.054389497722056236,0.027807600330525102,0.011686588353670608,0.0590666571779037,-0.00024957849595498983,-0.014360882834418559,-0.003802463156868783,0.033212536176612496,0.06216391026013859,-0.0593776257424441,0.06476108194423193,-0.05238262381170266,-0.024263048417789323,-0.014069010400596067,-0.051422642090068964,0.010673558615720138,-0.05690174378866543,0.022577515438589386,0.00233511862681312,0.02483735210487295,-0.011712482783567353,0.03947586719541066,0.05406900053164514,0.007550118028898673,-0.0007089448224046578,-0.020722336182574214,0.019130089959659046,-0.018515867668343282,0.023127420953260775,0.0029418931211742483,-0.004198526146395982,0.0017874552385933275,0.008721682084204312,-0.012661480738672331,-0.010454757672930299,-0.020881274390730658,0.002738890909386393,-0.021046372210678052,0.0,0.08103703313861316,0.016112362594648752,-0.04111602369241487,0.021293824410344237,0.010623584073374213,-0.011175899650471124,0.0406744354831963,0.03733330780769842,-0.07175270694731228,0.04070352487641901,0.03336688961161597,-0.07391076991292828,0.052490805888256976,-0.008804761380764333,0.08261330672301496,0.021053439086678276,-0.050219717954947674,0.029334197598241914,0.009486713395568998,0.022333314531584516,-0.023669742180667377,0.016116259920175662,-0.019624324149298444,0.03157106645925489,0.02960474037988624
SAR1B,0.014214333251466127,0.03239146070364092,0.007217154881542672,-0.0041743917473598055,-0.03731587937148836,-0.03996274198696954,-0.04947788677844523,-0.011920880135728396,0.002364004307506741,-0.02935393629319909,-0.013219620107829429,-0.023628398251108677,0.03682648840018694,-0.022879500079532444,-0.033345743179395294,0.016221313546720996,0.028561174853731535,0.04817050910984133,0.0063261411564417445,0.027127007121785965,-0.02340250301879085,0.014010378167961397,0.0008250183109768859,0.0024281289443836944,0.04982324241312785,0.00869447140497905,0.033207083378973365,0.002367763127262183,-0.007877952120063002,0.003145768221612682,-0.05959920180026865,0.00819865316828218,-0.0036602955115666454,0.027721475292310553,0.012172479725912276,-0.00040367369690789766,0.01316286416552808,-0.017569789844855275,0.07825060621607383,0.022576412616560904,0.011442770440684735,-0.02283175038267111,0.003375121236615156,-0.02653830124112168,-0.004346110154502898,0.020676599532522655,-0.04599519506765455,0.01625338522774281,0.03995361053285087,0.006077478067072572,0.008583666639666756,-0.010288412628278754,-0.01646673241874374,-0.030745076606726596,0.07956852476928014,0.0,-0.020444299272105438,-0.0202675170014051,0.011133025357335964,0.012495088928340139,-0.024993234387039594,0.07220650122018756,-0.03385841121190616,-0.0720631259978059,-0.012748900829907287,0.03854987849201068,-0.05231856215849585,0.06254850332989845,-0.02367293899556925,0.07136983343056451,0.0002755610869148871,-0.023694401744776404,-0.004899034060927909,-0.021080989198626127,-0.02236660281216033,-0.047807279982922016,-0.012970857808699516,-0.020624426238503347,-0.013290821447384355,0.02216289043215946
SEC13,0.023423432296010505,0.006325441766402838,-0.03934311322301316,-0.01669231830087874,0.007842503964582196,0.03195034165670612,0.04526876514366903,0.028605996764354238,-0.027081573695912957,0.029122634538244128,0.014587112703320915,-0.042899190920361346,-0.0839019145450236,0.07861543975925396,0.07299505234633659,0.016025269818777776,0.005928137583409288,-0.008674797949356569,0.02521166609016679,0.05395408039858083,0.058839834787369,0.04084879539675524,0.055398909516021916,0.11390661364326372,0.04896059124381044,-0.05603914039224725,-0.020119623359796574,0.06442133995825922,-0.044125548682151586,0.01086950840435262,-0.006649324220601512,0.008551652023150363,-0.059652211780751134,0.030537690432360418,-0.005397313396042945,0.014303726378850279,-0.11105573096300574,0.03911638775673141,-0.022249865092244497,-0.06461632907472468,-0.01241722142488558,0.0771641318513482,-0.015566076868118424,0.02840679102141631,-0.032174075396351656,-0.054446139285089144,0.06745177895221664,-0.018416160685284618,0.04470756798020264,0.11316056323294758,-0.09482128452180923,-0.11946361200507538,0.059520623874655024,-0.029769698965631208,0.01854690029072043,-0.023967711399349386,0.0,-0.08409178763531948,0.04776862097039616,0.05338251151331911,0.05251374805084125,-0.0737183166697289,-0.09386242998715363,0.009336932343409713,0.1784747648852401,0.05019642567997439,-0.01797705864721204,0.028277336024306748,-0.001285877188635029,0.011068176136523368,0.043648709426339125,0.06771949969520694,-0.12072136162195446,-0.052125659112570485,-0.010998718428367596,-0.03483808331107014,0.04089220873752743,0.0009644892820436604,0.026093832813921664,0.007506186338584956
SEC16A,-0.052552263847745743,0.014260802499001433,-0.016883120289186843,-0.022295397043818305,-0.025123275948043772,-0.032079087137942434,-0.04866129244154196,-0.004375848880455228,0.027144506887143892,-0.009855949991828991,-0.040573123707288355,-0.0518950937730202,-0.058955250910792296,-0.04557089962691368,-0.012305562236525541,-0.06303953640349005,-0.07362950898312949,-0.03402453345192578,-0.021090368826454205,0.03841541742487038,-0.010515941640452022,0.05481025802707821,0.01952314723755217,0.010983646525571388,-0.06635194063947017,0.06448573214920574,0.010082477739316083,-0.027868720554832943,0.052015679068541085,0.0026109746272827846,-0.04903068640056525,0.00494378170896988,0.051833855551737425,-0.038536499928167586,-0.08765841273836067,-0.017159455762080472,-0.013603522645096676,0.027638500162483027,-0.04115468562548908,-0.014129486061337982,-0.007534027971133301,0.019083077053343257,-0.012061619475892283,0.0010023865412368905,-0.02472716911673485,-0.05581865872253378,0.02010730443657037,0.009123692813378378,-0.039223310411730966,-0.005723932848968899,0.013937775702617403,0.06053916849155155,0.016781015355678497,0.016926536241760177,-0.042230219839864226,-0.021200934635851924,-0.07503324155180707,0.0,-0.007396252251162151,-0.001793414850518474,-0.034738877708371016,0.0024120160948680257,-0.008082590935245514,-0.006728275921668858,-0.08363788159039175,-0.004353580667644363,-0.0011692415149050473,0.005046408650685032,0.09907337648021859,-0.023687236437925425,0.018285608064044404,-0.052646397229052656,0.08174391088723858,0.022336341565389942,0.033822547608658576,0.023916163555440042,-0.0559152443770508,0.015878794006799164,-0.019600572350010614,-0.04815677376458895
SEC23A,0.04859629626583764,0.018146718217247112,-0.018193328722194653,-0.03278362205951507,-0.04658256049506077,-0.04645439405990436,-0.008114867351845736,-0.027862626552307805,0.04309819470977,0.029136196655216735,-0.028260942391367536,-0.009524257881586352,-0.006997601826029774,-0.02630024200613671,-0.006874889890012553,-0.013685710902333505,-0.02553389491298308,-0.0032286941208132655,-0.036609767533114713,0.039780536558251166,-0.015315296615408584,-0.005537403123483715,-0.004233546814964605,0.03994623177243428,-0.0065212089066533,-0.050723375412772415,0.03366842703283375,0.023479758409225962,0.029889153289540647,0.019261135978437167,0.006993093681816348,0.0002554985789466033,0.013547585381039808,0.040294392420621286,0.038039940874459006,0.10423079263738295,0.021214057923201402,0.0462873134255981,-0.058628505322288645,0.012907514339303214,-0.030972302601615494,0.03806796888956941,0.04376992371664476,-0.03707270174523554,-0.008910550671013309,-0.049738808950221466,0.039040307419711484,0.06316873945986179,-0.0024867316957444753,0.0007100333608298042,-0.05070871379023964,-0.030943222044614988,-0.006943490586348057,-0.03332541821920497,0.021175893574889176,0.011275699720687631,0.04126849874387444,-0.007161228921542362,0.0,0.04227085742900907,0.059760770784346294,0.01732492265804307,0.03154752587003536,0.025432795850767975,0.05640180924465942,-0.012722238597450763,0.0010957281756265882,0.010834105691318558,0.027411552981702763,0.0033300332123896415,-0.017130271250955936,0.011692945355261797,0.005482577315209464,0.0036797087211484954,-0.014681276385086699,-0.05420708545430209,0.023594662545282242,-0.07906015879564372,-0.03389503930871717,-0.03159221263825074
SEC23B,0.05930435531949951,-0.006323159196181995,-0.04179598607114903,-0.02381362514774071,-0.01467765537651165,-0.014937122630366288,-0.02860880282227108,0.0031538293897144256,0.06629614725294224,0.010177275513350528,-0.0411166436269118,0.012321802554526454,0.05429034492735199,-0.12096911385096343,-0.03445564576553859,-0.05612776798090324,0.030249227994876657,0.04715704267013553,-0.08070065238716632,0.05710732700735601,0.01568009999442614,3.9484521013878735e-06,0.0636733551753652,0.011663927925557689,-0.02866527945105332,0.0027592068242374944,0.002664005070273803,-0.0004448992154777974,0.030459191902780597,0.010164275548606804,0.00047503058463812896,0.017583385182500525,-0.03465105704308853,0.026310913981959033,-0.019813233800702396,-0.05018240071111149,0.0050814692255848,-0.016117554726474567,-0.03657987856674766,0.03379413544236856,0.0046492487543517225,0.009370820077585416,-0.0007365960340442925,0.03475580877371319,0.05039632757951577,-0.04369984962324746,0.046221698586639326,-0.01604267624424113,0.08249121125398005,0.06942665409566416,-0.0050024953787834265,-0.013906614724453889,-0.02940619040714956,0.0008687609577422314,0.010895735165925737,0.01305169923494068,0.04756334299050603,-0.0017908285378517906,0.04359517843595786,0.0,0.07874484458537298,-0.0857096242926108,-0.009050802725079863,0.04015254743718146,0.04277387954793815,0.10358602817779297,0.013447854270332718,0.028999987174235235,-0.023681105795156608,0.021210690982953105,0.009539844099685396,-0.02117537657746971,0.02354329464124112,-0.027726403174665255,0.00701933766472094,-0.01637947941189816,0.05768139905299134,-0.024874493113529787,-0.04462367814494734,-0.014288412412474534
SEC24A,0.05206498001962814,-0.011373982145421322,-0.004029663675284829,0.01835597936577242,0.04006830433283337,0.05382768483668693,0.022825042488232156,0.037313456057983446,0.0750624072850073,-0.048073341912826105,-0.06427026725664131,0.07219497509627164,0.03426437040810737,-0.0031732183036634787,-0.0058158991052679335,-0.073689897119961,0.042441936286445596,0.0381755627717482,-0.031048365509768593,0.02517232924477033,0.02577249910149579,-0.032413005002766844,-0.0537445170836653,0.019144954132002137,0.04153335257403658,-0.07229237078675152,0.012585782059977754,-0.009477879461865337,-0.0020735982817130507,-0.06000414099312954,0.04181011252665318,-0.013908493164681868,0.04793080871124262,0.04523524704669519,-0.041874268750242666,0.1903504922430236,0.06187504265297898,-0.032000014361913076,-0.1261550207453031,0.0388671567972567,0.01852497171084683,-0.014738550567574185,-0.04473598896069028,0.022243157650006205,0.012972828585789882,0.038826451087557175,0.0434576718007107,-0.009299315321919799,0.045468138423705624,0.030174483709482103,0.06227907468651968,0.008592116320261566,0.0009022149131044188,-0.0074895220237514454,-0.012423552551027391,-0.028296192172552508,0.050713573459592744,-0.037598182968597224,0.06680230085415935,0.08534929901602958,0.0,-0.09585079179517088,0.012136323839704552,0.04154070963611078,0.056294328007104794,0.07223166393921804,0.08921775861444341,0.02622302767848872,-0.0014969407637516338,-0.04250605781087838,0.013485823880247128,0.049794617518388366,0.017872947569492346,-0.08919308306195002,-0.027679320276713333,-0.005216794380043648,-0.01760360489432309,-0.005922515138138894,-0.023020408614543034,0.02827212712839839
SEC24B,-0.0023152493401346706,0.06159243892737419,0.04122116155222513,0.0486923784156509,-0.009629605239430884,-0.0334962742150133,-0.067366729362267,-0.10397168069532045,-0.1465815399760273,0.07844301896947437,0.026237247906784552,-0.06133089375341768,0.06343128589524366,0.07552935802762262,-0.009851721925506205,-0.0034141246759596955,-0.015038835182618662,0.06849022203777579,0.10354599595976507,0.041431711184018796,-0.0568206735514386,0.0032919225863360657,0.05804935334996925,0.038537339280067966,-0.06699915176856208,-0.00955741785243517,-0.011504869095315375,0.05245372606849925,-0.09247831562394254,0.0744327867063161,-0.05910083409825235,-0.0027157149027912807,0.07184367971112923,0.034519915630399585,0.05673846085774822,0.038244169762689656,0.11340026727594801,0.05995797183451258,-0.043725253296328113,-0.09440529460737593,0.032339643031039374,-0.004782235677315413,0.09205892850498171,-0.003575152262359791,0.042699633578336324,0.02715845752203049,-0.12172473782119132,-0.04216995196244786,-0.0368180165922961,-0.06279780103732037,0.0023811375655508208,-0.07467015125092384,-0.04477591850599745,-0.09472047019853562,0.05241564862257035,0.09476718020804957,-0.08252826776412532,0.0030262680799830184,0.022450326306429527,-0.10769202471322419,-0.11111477911132335,0.0,0.0358005601638039,-0.12964093768989957,-0.014922246914599454,-0.045774881931101956,-0.0015388483583202782,0.15530532343264566,0.1166819869954583,0.05378908550160629,-0.06925018002612923,0.019963082467500715,-0.029222121670848877,-0.013532878563439217,-0.0093770929331561,-0.054493145653121494,-0.13052090685835402,-0.0683830759234562,-0.002385356596205401,0.020180004558867662
SEC24C,0.03721949915171619,-0.026423598100585595,-0.0008815334400991293,0.02869415777212416,0.04589483567344272,0.04047816719416413,0.017816123651369854,-0.019798317302895965,0.022229227047253042,0.04869600878304721,0.08005928440446197,0.011995803165071295,-0.005973800310566482,0.00655810037203829,0.01623628648368406,0.0020674593114549424,0.01973999845632997,0.02449508449637333,-0.059038362924835226,-0.03813289277175006,-0.020470402229889103,-0.10201186610464925,-0.03410870636079236,-0.04267032053706726,-0.006737371415231918,-0.13158095289927538,0.026936237342278607,-0.13175898477460385,-0.0006559281873580956,0.02072577685684957,0.012488894590239549,0.012279776320728459,-0.02032818272809766,-0.025087929134779734,0.03245190820923367,0.01868394657097649,0.06147680250715232,0.02744975624478951,-0.10242234726769424,0.09058995962581014,-0.016103573559006035,-0.014608264163626662,0.09296999107891045,0.09416694845225142,0.049346034323212426,-0.009763132594686263,0.010083888289753144,-0.0021715308370691836,-0.04570251124513231,-0.06047944010822695,-0.03751245072048805,-0.019552992953916878,-0.008187839654011188,0.04415648787427249,0.04248689775928744,-0.03924346553021209,-0.09279791821309435,-0.00895564593919005,0.03610237547397893,-0.010042923859375698,0.012424599523752449,0.031616147012979066,0.0,0.010369699986693596,0.10026757749244183,-0.09286916703960575,-0.033837700169928014,-0.001356209171272641,0.04943901617553084,0.0016218429049976288,-0.0012558652175630564,-0.07651135082708158,0.14635983203318356,0.10179991821433552,0.04562439611224087,0.09505934230213438,0.036300020967288,-0.06725704002386543,0.02837544557879132,-0.004698777548189269
SEC24D,0.013662174813021146,-0.04438104120228,0.006299458659478773,0.02311901380172422,-0.022194479123254524,-0.025248694820717243,0.011971375419155635,0.029474369296387325,0.03865897596972304,0.009976490919829136,-0.021867584215686575,0.026510227121953563,0.013448004723858209,-0.09543054877112124,0.0005479805861770697,-0.01570971115775829,-0.0022647911337986743,-0.0711341702868146,-0.040162909296431334,-0.025990168400430624,0.09842783110795995,0.023888211437267323,0.033061098108703176,0.007867006224745898,0.015997921907477702,0.011944160682122847,-0.02865587048620785,0.07056148594909196,-0.02564023935325347,-0.023905520679615513,0.05159012667780199,0.00031017560929953226,0.03400476609328705,-0.03446013997129994,0.01690557978037711,-0.03680195156025969,0.02823854151700532,0.03001074103719678,-0.0389811217648764,-0.005659544998395179,-0.019406391805729322,-0.04400995381525324,0.07196855002071448,0.005328493101526229,0.000760368397451655,-0.014116169314860358,0.05761543647314998,0.020895805854343193,-0.02661668524373886,-0.009920126295832344,0.054771222040478074,-0.0015874993169437846,-0.003096671382898019,-0.015170934706932504,-0.07571262264870085,-0.07744356270622306,0.008558981776318439,-0.006912283769485002,0.02698584542270089,0.04131023111134419,0.03943125535338804,-0.1061531127517161,0.009614742140997876,0.0,0.02351416057293252,-0.06456726304121006,0.1037788659610801,-0.06291880581941875,-0.05412554809609799,-0.043183085737518556,-0.03244838432731124,0.027991636304261477,-0.006015995060209363,0.04875999366772568,0.02279804402221488,-0.01221703121291509,0.09637065934563822,-0.025922191405069798,-0.06368804803439183,-0.039065990194640715
SEC31A,0.06142312808330651,0.020706544879883566,-0.024962803213490984,0.04582376781957624,0.029649124309641173,0.02951140223282989,0.013855719213283609,0.059090250388629646,0.0031451010993059736,0.03600749402177901,0.06843410905717988,-0.07959822262194155,-0.05620826658660618,0.009599367977168965,-0.029137928101821604,2.8373281829552582e-05,0.04007501467993386,0.04236841306687235,-0.06570987883083791,-0.030069896813171442,0.05229631765533273,-0.032647226704760494,0.02915397577916562,0.07321092330074976,0.09943097708990066,-0.14687807690618462,0.03262298590796675,0.056479421696557695,-0.06943127479286948,0.06401829650625804,-0.03144703814915119,0.0046199373186374265,-0.0014484433953157883,-0.016386072555357935,0.06644444312730366,0.05457910153631959,-0.03372180722582788,-0.03370165373844604,-0.028719816105060247,-0.006940874029150257,0.0213275449639561,0.03961045504469556,0.0512031771988346,0.11702855586254378,0.014485897523179211,-0.03895449811762905,0.04244312311076213,-0.008590007627427612,0.020811044806916375,0.04236576924942956,-0.10463343170137011,-0.15990977420254407,0.08560985213917782,0.035972178167901575,0.04724339132697494,-0.015070373456465383,0.17995907547946427,-0.09451480333418376,0.06582850673569568,0.04840633565754221,0.05877740073828526,-0.013440141370881956,0.10226123114956023,0.02586476426841328,0.0,-0.03377207346435852,-0.030472939812628008,0.06394127219903507,0.008272305749884426,0.0306784096610065,0.03907110169301619,0.02428147423410885,-0.0007381525070497051,0.05525508920862226,0.044183282075474464,0.058023709549863335,0.029384819644662094,-0.05412314977002788,-0.04917356808943675,0.007938099170157859
SIGMAR1,0.008954305134117954,-0.06786214632545856,-0.06746461221657736,-0.02239873232826939,0.03304820080641985,0.02613596891594599,-0.009347212035184814,0.01351514515753772,0.024338549855235096,-0.01562442669264738,-0.07763089283345381,0.024990297693807374,0.14144564378928542,-0.039205468860603915,-0.027175507387932618,-0.08680369258062773,0.059447125282468684,-0.004624263896744368,-0.025403325168337848,0.09194596229284761,-0.00897673356263364,0.007309924256340508,0.024363591118244134,0.022715773431566097,-0.04269023557411107,0.05530246881142383,-0.0026738703271245944,0.00874335893136912,-0.0044162046092854025,0.003841238041548977,-0.01737357797821655,-0.004768402055535827,-0.04360258210818308,0.12174790075071028,-0.050827997419078674,0.024833561341219394,-0.010644006684505476,0.029279043093410104,0.06417955810456402,-0.019315540049738913,0.052107284926206095,0.03230661274741096,-0.038541150107952955,0.033110497688833604,0.0709587887215415,-0.026442587394055497,-0.020109936962281583,-0.03148988889033009,0.11852667365541529,0.02954507969196173,-0.01921590423790201,-0.009218062531922479,-0.04236645536416064,0.03698893202474635,0.03718851170598314,0.04375808560137545,0.048601956983309096,-0.004724190858233219,-0.014258325756168692,0.11256639952322044,0.07241981068708535,-0.03958957832908225,-0.09095070571846778,-0.0681985986260956,-0.032429612071532145,0.0,-0.04211865894235535,-0.015942933000675685,0.044422378758152734,-0.015204486382562218,0.021575407196293635,-0.015734686753836227,0.0180683058993859,-0.06255118075901353,-0.009049740200581418,0.002045119153588256,-0.005710771786992639,0.08155664067637006,0.05210862835356947,0.04698790979674223
SNX4,0.004507818931412318,0.009515326031365186,0.024043727968999153,0.06448910173946813,0.025196010696094603,0.03188918367236059,0.022852345282935296,0.0026777727827979356,-0.01603326533740538,-0.002250048993120486,-0.032488703885889,0.049511771403078886,0.02268726057603593,-0.07841895688551527,-0.00659706805997942,0.008236143168918743,0.00013568422797473648,0.01266998083416171,-0.0003987604159019763,-0.002776849543639185,0.04983785341660873,0.02848736830833714,0.012995031363620447,0.033264922057573844,-0.04730136153688737,0.012986964883963776,-0.038746472532704544,0.03951839626994286,-0.049156756118959505,-0.015301309321087387,0.05820235091003977,-0.01732041955019054,0.036782046699128546,-0.0334758428324768,-0.018262516867102004,0.06730979870032704,0.051022840304551766,-0.03146721150746537,-0.09185701448152819,-0.05219731990523936,-0.012126926107286577,-0.04283708855611722,-0.0075241158954137645,-0.02375907928315235,0.017768868184770213,0.0479976069432907,0.020190196543581247,-0.034932510977073894,-0.01952689223462089,0.019487777460647147,0.10456063214399347,0.045368919954912094,-0.015972656632894038,-0.06925786008278342,-0.07647045823834989,-0.05512949228431149,-0.016158181837274098,-0.00117781738053165,0.0011399891517321701,0.013566052114481955,0.08303744293343726,-0.001235498896025335,-0.030762969412952736,0.10175713874520773,-0.02716384695899966,-0.03909916003960944,0.0,0.033508412440112455,-0.06469226122067988,-0.027339104655776162,-0.03232283134111246,0.058297805889974234,-0.012828176763927073,-0.01798645313011105,-0.005941293375443767,-0.017469677836073758,-0.023219005182931574,-0.0059604612650885165,-0.033827279674216476,-0.0034503292154785792
SNX6,0.014181880212738399,0.10184908012212994,0.013579227507345451,0.054456412218009474,0.013509417084310166,0.025273945511129322,-0.04294764051420039,-0.007067441991258817,-0.024857476339081096,-0.02636779405829234,-0.017053877919004493,-0.05727641786952499,-0.06170626830730944,-0.020680644093429148,-0.0034249631496216936,0.04039336846074678,0.003063176798639965,0.126962967510617,0.0009876840429232977,0.0829312724015232,0.012335835321457884,0.043263512369092295,0.05841568309514078,0.05013168680109417,0.011849480740229562,-0.030297157001934496,0.010535917838852887,-0.036484813991888014,-0.045745704146044876,0.01342111599539781,-0.08434664773917434,0.023165746632306448,0.018523409624523035,-0.053192855302539345,-0.04295310833764904,0.010919487929053642,0.02149299806047536,-0.07848834948572465,-0.08115193992563184,-0.00774291640517599,0.00798686574744585,-0.019664084627502694,-0.020152385431597312,0.013887088932485725,0.03804180475952582,0.04862209792548206,-0.002762149169718799,-0.07319896902963258,0.0209996557665934,0.07904174905335261,0.04375343495145044,-0.032844035322326444,0.001661406295380451,-0.07153219032437741,0.05642806043687489,0.06848114783002103,0.026408167413515028,0.005281801356951546,0.011711617318321743,0.030396544020409297,0.025358958200096985,0.12955637694297756,-0.001281091083954496,-0.06410063817329101,0.05922214181251105,-0.015377545819517547,0.03481607171508518,0.0,-0.02397527293464178,0.08647077789497234,-0.02176282577780448,-0.021901085011501405,-0.0010084258761762287,-0.035558745707471744,0.009455859523287747,-0.03037914646490392,-0.07259038151688209,-0.04924684875555366,-0.030110651429532394,0.02662185451694114
SORL1,-0.03715751119387711,-0.04268126824954899,-0.011870055707345655,-0.035467420932762735,0.007274170758866967,-0.012612597300080474,-0.033982199377715704,-0.0023226347288300953,-0.007114645510412804,0.043956208133518915,-0.011073996366672558,-0.0370845617850151,-0.03825240329014406,0.10306943363698803,0.009330020835012135,-0.1372677689237391,-0.04556878466858121,-0.056693287519612466,0.02948517237297548,0.04956271611256948,-0.012357320241166665,-0.002990888361563806,0.011654172438165737,0.031577184885511735,-0.030346792023656335,-0.008521632933218668,0.017526637243304343,0.012769573541951648,0.04070988098687266,0.0009677199793942518,-0.04716445439951474,0.011650035675713058,0.07757776422206732,0.053971821059495995,-0.06931751807862314,0.02177125316014605,0.01817694999781651,0.1408716197408117,-0.07831038836837327,-0.028644305668575832,0.04167053984847995,0.06193838581441355,0.04667365045734643,0.08282677776581415,-0.009905757711777811,-0.10720239071551227,-0.0357672604879734,0.020018735701328845,-0.026158584230699403,-0.06452681446296818,-0.03259803902342661,-0.014140601852735704,0.045105849975499844,0.06399672052756207,-0.009810572877991058,-0.026864031195041365,-0.001244698480299643,0.10747847789629218,0.03071300719448693,-0.02572724464172374,-0.0015004381048008754,0.10088838351856876,0.04840475729807105,-0.05715432297611381,0.007941349508552962,0.04441048487667608,-0.06966957204591111,-0.024850117998742545,0.0,-0.037142115000762595,0.04034226986198063,-0.034308101538560315,0.030648967505382704,-0.01874981487555773,0.04260279426017484,0.03528960070136971,-0.034740915641114874,0.011434830907759532,0.010556113563002617,-0.038067030513024576
SORT1,0.016914614683368356,0.036480898257668766,0.040852265087705494,0.03735477817416821,-0.0028708072562036654,-0.000495056529186158,-0.013625405757549376,0.008616790504061946,-0.023774965978651124,0.003959038624283188,0.042837227982859945,0.02429095982354229,-0.03260688147273566,-0.06505800309607392,-0.04988653332230397,0.07878769157158963,0.04457929995819866,0.09242278197242577,-0.0034965714229431427,0.030985884547195353,-0.001155316181343993,0.008320834371498135,0.015927257044677505,0.056366222442370835,0.03215988538486036,-0.03650074520500732,0.05274395960124053,-0.010602954307934167,0.017874268678471535,0.002800825179189875,-0.03581561282167222,0.028772814603295286,-0.058521553288024,-0.005234686243749267,-0.02109016567404196,-0.047283559587034694,-0.015586104968038725,0.00752315743004543,0.03730322558262171,-0.0032623984242877513,-0.004417717409839896,-0.021270601458012132,0.005029259453713999,-0.0019518022841516992,0.004805239491786495,-0.02813697052380911,-0.07604501846655792,0.019098546129109713,0.025805894055649894,0.013613054360108446,0.06747965323285471,0.0679943928366231,0.0397031360892122,-0.04547250514479213,0.08487877679447278,0.07468029349155257,0.009879001645599985,-0.023694702859861885,0.0034404051914562954,0.02124801888926647,-0.03928589279188482,0.04288484421837615,0.0014641964214281349,-0.042046783499964636,0.027156444184015936,-0.014016119346585193,-0.027148599296765042,0.08264309820057188,-0.03424829526749707,0.0,0.053962404737157556,-0.05203312882672875,-0.037305749633918174,-0.01850598651030701,0.019776675948162438,-0.03657479511013511,0.05063385848700864,-0.042617075905075935,-0.017363781351529578,-0.016856880551593924
SREBF2,0.010165811793024813,-0.00989302071459064,0.005934145447100007,-0.0012481176239440073,-0.011589623117073415,-0.006198856116749872,-0.030241795564107752,0.002398607249396514,-0.017331984023316895,0.008853276776473497,0.09596631521561022,0.014055363164331503,0.01964723940998116,-0.032354137074489656,-0.019708975401747965,-0.05729713558768193,0.046546924433212795,0.03923519373030029,0.027697436544220168,-0.0773398301222376,-0.025894113917023984,-0.021548917917765018,-0.01974364821733993,0.05120045174596924,0.02250767448650033,-0.04902584348792819,0.030737415563856903,-0.013146144296429563,0.00719491076761583,-0.011340761797251202,0.012552242528605258,-0.016067687153242628,-0.04844105877126115,0.000987517907888718,-0.055026920542738514,-0.0053154705116312045,-0.056650809645496784,0.03892924426397272,0.029701769900712834,-0.030276808547171335,-0.005801606851413311,-0.011202555055497368,-0.04326834077940511,0.048549342119547256,-0.10429208080926292,-0.057162228329984674,-0.015303637799367168,0.008057070884117681,0.004450685167430781,0.027582885092550843,0.020503832128060825,0.05631728071453415,0.07500760687618235,-0.020344149231868537,0.021919897273877043,0.00029219688512694585,0.03947978357942365,0.018535855646489578,-0.01793459728538603,0.00968436756409796,0.012630764628613478,-0.05594959444842748,-0.0011489468748232556,-0.03201684572928053,0.03504790624170818,0.020154934625439925,-0.0325266170152648,-0.02107748890810847,0.03769632550462597,0.05468367014614873,0.0,0.015612136792439545,0.041562560945165646,-0.04668625207281579,-0.0011906236939994413,0.0421102806519898,-0.026885754576543814,0.022646841483185267,-0.006463616193060447,-0.03041491928023805
SYK,0.029988596557489956,0.014504947715010279,0.005144049401297918,-0.010919663823955707,-0.020772732617280035,-0.018329324320596342,-0.00016143821723073703,-0.02268696697904141,-0.029554871806769856,0.010533140886557445,0.023380490195311673,0.009775311213104355,0.05592896262878461,0.03873746899243678,0.010680098433053264,-0.03355938372087396,0.007460744710555965,0.004417848354321942,0.053577309974146954,-0.07304880010100624,-0.012356425448583098,-0.020713445832094148,-0.0024340662678933,0.0015103009865017822,0.003419909920048693,-0.012701963418063648,-0.028280562026200776,0.08107243568522138,-0.03445489153697467,0.0015010742331344718,0.06538975432201724,-0.0356446877412422,0.022830672877883807,0.004216552277697032,0.0531046796382854,0.04939415356446196,0.0066930352871793376,-0.02407031929067614,-0.01383702705341114,-0.054225207932476434,0.0005347792556009522,-0.0016784825748219587,-0.03725705293742323,-0.030656869016183266,-0.05214415432865388,0.029084213354744853,0.03414586002673102,-0.015894688571824134,-0.010955309570647725,0.019564347651004548,-0.016284411748095667,-0.047716099766577605,0.0014175837474637346,-0.03853169431073402,-0.04991800087180611,-0.023986721305247573,0.05847692745644494,-0.0509494308226864,0.011687422875172392,-0.020522420312437135,0.044524803143619354,0.015398240043658293,-0.06682673361291422,0.026368243554149934,0.020794520997494712,-0.01403291655812059,0.05600788313710589,-0.020250542567771784,-0.030605735736853698,-0.05034006245311644,0.01490492504917436,0.0,-0.0613017087022634,-0.05945790211382182,-0.04289078561951564,-0.0236306824662652,-0.0537688355253397,0.0020912359022071426,-0.037141780667297127,0.0029646977402541176
TMED10,-0.00978244068532931,-0.02991487513617786,-0.06823569434695234,0.025527912549471895,-0.0027535256518263643,-0.0032416859787357463,-0.050095501050487524,-0.02263196292642139,0.04762642123800362,-0.023378526671149362,0.008020827859534074,-0.06293666627235002,0.0810731504414448,-0.1255744897214407,0.0035078480533249825,-0.0649940704385088,0.007406261547657719,-0.03182191060557122,-0.07264446824852554,-0.014919323077968467,-0.016173052042911484,0.0013356744584633097,-0.029833802537644186,0.007787127095869072,-0.037191820634952175,-0.023261386916521694,0.024016616053145937,-0.12863814757666756,-0.056967596810615355,0.024155189417671894,-0.04452045919635351,-0.02831160188665593,-0.009887993051767864,-0.02000662549445342,-0.04596351979461423,0.09630955880445678,0.009969702431911866,0.01702378535540579,0.00195260902526113,0.032208739329736835,-0.031546477734531946,-0.037233467442191866,0.04118374500867047,0.045094138301053695,-0.01646311216227354,0.0018296549795264962,0.06356176662945028,-0.010811606610538168,-0.02845249102623986,-0.006327900727212022,-0.03446086476037206,0.003356632640476873,-0.028209944013904496,-0.0068772722203960385,0.03317269105123847,-0.005642339008154473,-0.11859831141942312,0.09000148353402193,0.006234522241258002,0.02595901738116165,0.018181904169672625,-0.025643588860416965,0.14543530387637876,-0.0064473903014569366,-0.0007191898420442687,0.01833288659474141,-0.014021208907865118,-0.001060812405102505,0.03110609985983896,-0.04106134356005332,0.04514330217162401,-0.06974228237785776,0.0,0.11601257637593539,0.02139655809370401,0.09977107445121611,-0.08103380290683607,0.01383399095096919,0.040832644496695464,0.012541461194611643
TMED2,-0.03468514217325347,-0.027580746674500452,-0.03564646483518139,0.04706576514509967,0.01164259186659858,0.0012790461062347615,0.024297867929643786,0.026156175497112844,0.007158037430330156,0.014139156813638896,-0.0020048007305205817,-0.06970253861858813,-0.019102319710130756,-0.08708204485202806,-0.026061972950334435,0.06334608630929575,-0.02679182907699926,-0.08558235547349749,-0.08567702026470768,-0.001314827074188585,0.03407523765109844,0.031766195511811944,-0.01113250525603917,0.02462707379792862,-0.01183340350411798,0.003170342471846869,0.017137495853252162,-0.0071676577212576335,-0.05097793624306044,0.06620245354413981,-0.037635936628138494,-0.006785018530544249,-0.006441970044924456,-0.026389317669027825,0.043469004748823835,0.04480702963295625,-0.022427702962899237,0.011406196727363383,0.07315844245230982,-0.007457237018155141,-0.024154788035441487,0.01005095227782663,0.08932073636154714,0.009565660330299522,0.03747145156906672,-0.018774280385754648,0.013425817141674928,0.04051498130359125,-0.044028449526340795,-0.04973471299324353,-0.06469156962072566,-0.027672500236891277,0.004723351216515166,0.033653028273547846,0.009968939168054334,-0.022561417270654322,-0.0475852784225805,0.022852460829138756,0.003888288945480863,-0.02840803669482035,-0.08431426022997147,-0.01103529430601579,0.09399874258508337,0.04855867255110747,0.050026072106283404,-0.05897603947246575,-0.018268072628871573,-0.034759035468913804,-0.017682895159770326,-0.018927632734653962,-0.04712015493918744,-0.06285789487616301,0.10780322328841453,0.0,0.05030199925033651,0.06174387629302521,0.02608692314066062,-0.001587385549920509,0.02809330172295567,-0.0005366732648099655
TMED9,-0.007531931911966619,-0.021486213220612282,-0.029219178739176756,0.037992943845946314,0.036536070898834136,0.015979909862441806,-0.0008267856690546788,0.04935450179081196,0.024246639327607303,-0.04582590269565843,-0.006476233088394218,-0.013558358116951677,0.015667154719478063,-0.0015455858997262886,-0.012887285861746952,0.042608687778465576,0.017986898312476258,-0.022552145929580075,-0.0122080961060173,0.05763078803942139,0.05014536747810334,-0.0229289018233248,0.05284006356628989,0.02316209462447096,0.0011808566248290827,-0.03298585621057318,0.07260389606700685,0.013020192308045724,0.009991125783564812,-0.00964258889256808,-0.009870604541022138,0.0065596626523569575,-0.005650816296531803,-0.061488700046422304,-0.0063054100976648155,-0.04071416218451918,-0.014954139910110525,0.03072405535913966,-0.014012275136246942,-0.07275421477035064,0.03183361323710263,-0.0054567007230229714,-0.004969172466618496,-0.008311081807411911,0.09107419753065635,-0.04124236639740175,0.06272314889647655,-0.03909689044297572,-0.06495221419062865,-0.06451254124153188,0.011570532491944662,-0.005267843238189114,0.047913484943468254,0.06414394162964217,0.022442442360079633,-0.022890706033469838,-0.009601672964721994,0.033091085842854764,-0.014835174995447453,0.006877452368174817,-0.025021252706980867,-0.007312160676822133,0.04028612673345036,0.02171123478115045,0.03825303204725085,-0.008159432879168926,-0.005770480365509475,0.00883905966493904,0.03842184743691567,0.019342879534922162,-0.001149148066441502,-0.0433608734815218,0.01901316260540673,0.04810265158567669,0.0,0.029478295629787744,0.017791276579633128,0.011645172534737947,-0.04277183003048124,-0.019633103765750996
VDAC1,-0.022589826704239153,-0.025158011703797674,-0.013338948826257784,0.03268698244565487,0.0592421972518417,0.05445146285693875,0.018431084984938572,0.034120992266707624,-0.007424675293520556,0.010897834518995151,0.04533954894828631,-0.019438912024641753,-0.009558132806835434,-0.007912504879476952,-0.026769561180226276,-0.03215220389970595,0.010064237201263346,-0.004185574490258785,-0.04131571941409045,-0.06329697773150998,-0.006712000843198287,-0.0283590611474648,-0.027319761671840866,-0.017750172788950854,-0.012931033789153496,-0.019516877545982268,-0.008202040313768581,-0.03931262611767963,-0.020049844876942863,0.03146331545639874,-0.0028013118749624834,-0.011839181761017352,-0.00017255389404600039,-0.0244337990762805,-0.01576254517897079,0.007885498077626065,-0.017294059722254913,-0.04095661365627984,0.008580798325674247,0.010576641441980068,0.02175139417089631,0.008932961366486945,-0.010677174446578145,0.09219792170990061,0.009555123622037946,-0.0003028130621851652,-0.011451884225661091,-0.02693110832909146,-0.0037896300034170553,-0.011245434405580384,-0.026892941221401144,-0.0005999455623829561,0.03223922762691778,0.07256161710913576,-0.023524802119948052,-0.04839145864050206,-0.030079775771959062,0.02314257776331132,-0.05417518857637138,-0.015872563258579254,-0.004664153802987169,-0.04202762996796787,0.08301731941243097,-0.011507159549893904,0.04968541215583069,0.0018237192998147918,-0.016781523339013216,-0.028086403900058864,0.03147765841452361,-0.03538060435461789,0.04019806249341606,-0.02362793682634937,0.08768607081339308,0.05839735500470409,0.029155324899129302,0.0,-0.03457618258971291,0.04893150179698145,0.026996364492573036,0.013590618788212919
VLDLR,0.0211010739982258,-0.0670177854263203,0.02464884353325658,-0.013633666548502066,-0.0032573909605018657,-0.004783304072780696,0.04498173251756895,0.03392662623955321,0.036204226267954095,0.03992035082995371,-0.002692594875586004,0.07415158372367349,-0.03292873332182367,-0.03614199845976828,0.0009420066228505978,0.0439525216436613,0.02769826843811468,-0.03685178544040397,-0.04569785402591727,0.034266101980964275,0.06705216467624023,-0.007293143634856589,0.022160263067913834,-0.009919566997364687,0.04302698311504286,-0.004649896600060557,-0.0036825591563216776,0.015450052495618122,0.04899817169660206,-0.029071280716739784,0.022659886909733355,0.04938663060270214,-0.052424540795839775,0.037194923645794416,0.015440270225459952,-0.1344131354776009,0.0019733202232159607,0.07660965336093081,0.020094223824259592,0.06898330033141034,-0.00920020848410713,-0.005731642501917315,0.09238214913904413,0.02963327733810098,0.045229105789133875,-0.05883089642107126,-0.037097040149233776,0.06045574641914337,0.04123160892598367,-0.021692162939454095,0.03244720234338639,0.027899044635465022,-0.005783119057038,0.02965786353858532,0.017427912029825857,-0.014285387356534947,0.038415771073246334,-0.05887068495311861,0.025657054066919517,0.06081789748563538,-0.017124559180340025,-0.10952714025791865,0.03449287713028267,0.09876337584118818,0.027377581488554986,-0.005540932094878714,-0.02426826553449887,-0.07302108685433728,-0.03371674016070411,0.05329334907724624,-0.02792465778757095,-0.058496355914052396,-0.07748913732580333,0.026845456233200563,0.019145700955632543,-0.03762059738385567,0.0,-0.0386284629221783,0.003292296290410522,-0.03071209355526859
VPS26A,-0.050863369084728056,-0.045178816074321775,-0.016600996877744266,0.019967595539172052,0.04663686091479464,0.04613541227112573,0.022254853317334188,0.03903020077520783,-0.017288229480016265,-0.03822965669568773,-0.015503952319735448,0.0047320422284446145,0.028813790373306496,0.027043264016384586,0.007407918386637419,-0.013224273391749345,0.017660107005719555,-0.046860004749037905,0.021344367869540658,-0.004868023531266155,0.01829542200811658,0.01800665140488298,-0.01896582255556717,-0.0010483471996227363,0.00014235771735589863,0.048133841358852424,-0.01619031185924448,-0.0005073824111155256,-0.030714293661997287,-0.017094395958472664,-0.004514054841815641,-0.015837591339672923,-0.005550324617371216,0.009857720399223517,-0.04430624193402918,0.00652128221223641,-0.03500992938714353,-0.005478516253211252,0.06558584927519635,-0.037279051936051744,0.02955998653076971,-0.0039882588641636,-0.0458415516673912,0.017265103146159578,0.00649682860638327,0.022319351255613046,-0.013586348641467589,-0.03253583892046695,0.008783234001616059,-0.009948872870227955,0.015292779019567396,0.019438115184348407,0.012434396576380532,0.04210082287711003,-0.01914673267864236,-0.02049387424736662,0.0008174952924430381,0.015083608273654783,-0.0775656739310203,-0.023662941230680978,-0.005198078534030848,-0.05177369566793036,-0.057660600971813934,-0.023968545365734336,-0.04549608040181594,0.07139474064883704,-0.005620744816247787,-0.0446957808009082,0.010012739888325142,-0.04047012135137942,0.02122228482229364,0.0020526744483098354,0.011935509461483336,-0.001473836208845712,0.011306520027698648,0.04803480795385626,-0.034851886919040974,0.0,0.05202913904835739,0.03520227066816844
VPS29,-0.05340853449755074,-0.05435445026092738,-0.01619373502681266,0.01447428383523706,0.06373411609937009,0.08797487737560486,0.07822610015316236,-0.023626208455011875,-0.057755848119167646,0.02806704356267892,0.005868559783404123,0.025789248548313343,-0.02639402050776497,0.06484206238671837,0.09590596359582977,0.05151565133938477,-0.0007929765076633369,-0.05022665791561602,0.03027732559090287,0.047352479193454214,-0.009982620372875489,0.025541308482507234,-0.05328718627807671,0.0296466935423262,-0.044369485359668316,0.008455965284659491,-0.05015955420753139,-0.11543299484317873,-0.05055822339012853,-0.003343589860045365,-0.0072534911327596955,0.0011438643219682874,-0.08429986293122194,0.06620164075422069,-0.05228980662002336,0.06174359963956199,-0.04056449111105995,0.06941790855983569,0.020268766048228793,0.01263981677820336,-0.03575813872236535,0.025541626513877543,0.021835362319238064,0.016627609412213754,0.001581942760067756,0.024025981755310365,-0.046478806404902,-0.007631487319827481,0.019685311361461785,0.016346861520887546,-0.02761456672888447,0.026060610840010705,-0.038030278533544015,-0.026858932108252437,0.033238748707679136,-0.014251135315789793,0.02386608476328153,-0.020091480135378505,-0.03588421734825446,-0.0458073637765611,-0.021802441707639633,-0.0019488090870754611,0.02625061926329322,-0.06354528793419825,-0.04460443994661698,0.04922344230261174,-0.03442203337576713,-0.029489246976993278,0.009974306045588395,-0.017793058873429028,-0.0065360521334015724,-0.03934007827775379,0.03801512566126435,0.02814654104569032,-0.044812204576678644,0.02859751163037527,0.0032053335570686745,0.05614383676100661,0.0,0.055920015426557335
VPS35,-0.010788710451721154,-0.01146201878176145,-0.006515405800034747,0.02823913965563384,0.03568891504830392,0.04258541831097149,0.016333066389477836,0.012890896203170084,-0.014161693489272585,-0.03324893890058303,-0.01661245605512858,-0.0032376840915843397,0.030180125889898136,0.03957810793289791,0.02492881182091229,0.01720427387437173,0.03087530354769947,0.0004146464706210379,0.01506856400184237,0.011959154413959781,0.013876710553889157,0.002735771093814407,-0.02091414333371046,-0.010930982977353369,0.035492734050364405,-0.0007444722347674625,-0.01713420643451591,-0.02722089749240806,-0.0606866897374717,-0.011951264813492344,-0.0205369566041777,-0.005934671380185579,-0.0027568569144214316,0.01780245240335315,-0.0007500687516256439,0.04120899962663572,0.010435665482871122,-0.03104465879243986,0.03066979016943551,0.012862506023790904,0.01723586985364259,-0.021491599985485617,-0.006219449453742046,0.012500615044701277,0.024784599419086124,0.06784561267100923,-0.013005899988841479,-0.035189738107401815,0.024754961915754346,0.007570682968797119,0.0025345346698563242,-0.03600994638024779,-0.024767930462156886,-0.00032920337807972765,0.02795945745721953,0.02131749200819114,0.0061584967128286375,-0.0442805118402407,-0.03000263853304205,-0.013157275863086751,0.024019427960205054,0.01478935768836454,-0.003899364354119809,-0.0349652243700332,0.006459143867513408,0.03981626660764101,-0.003149503186816955,0.023388044227874553,-0.03226559702559197,-0.015495142906288336,-0.02758917314592495,0.0028168582327903866,0.010473917066385015,-0.0004823300034199255,-0.018451832723730917,0.012914400847186093,-0.026822287231444236,0.03407518291741462,0.05016252068340914,0.0
