,ABCA7,ADAM10,ADAM17,AP1G1,AP2A1,AP2B1,AP3B2,AP4B1,AP4E1,AP4M1,AP4S1,APBA1,APBA2,APOE,APP,ARF6,BACE1,BIN1,CLU,COPA,COPB1,COPB2,COPE,COPG1,COPG2,COPZ1,ECE1,EIF2S1,GGA1,GGA2,GGA3,GORASP1,HSPA5,HSPA9,IDE,ITPR1,ITPR2,LRP1,MAP2K3,MAPK14,MAPKAPK2,MFN2,MIA3,NCSTN,OSBP,PICALM,PLCG2,PLG,PREB,PSEN1,RAB1A,RAB1B,RTN3,RTN4,SAR1A,SAR1B,SEC13,SEC16A,SEC23A,SEC23B,SEC24A,SEC24B,SEC24C,SEC24D,SEC31A,SIGMAR1,SNX4,SNX6,SORL1,SORT1,SREBF2,SYK,TMED10,TMED2,TMED9,VDAC1,VLDLR,VPS26A,VPS29,VPS35
ABCA7,0.0,0.1660085390837045,0.13965774822380542,0.04585469075569567,0.02998499294786139,0.054982364130950714,0.05273407223961244,0.031616572328185155,0.15148190345657006,0.18353364523041696,0.07741237546025072,0.4711075406364724,0.15300807195325739,0.028302625649653176,0.05277067335056746,0.035285383334732676,0.029725470286639633,0.04973075654484118,0.0330877983124432,0.025647264648960565,0.11435758611178772,0.020344836515494118,0.17480432610842017,0.0907916770948149,0.13144226110762755,0.06630010941780459,0.45360853362631154,0.15425188809902818,0.1554017679665525,0.0618920144986319,0.03498215805491865,0.01985276308212654,0.11336738910672402,0.024739935021281904,0.14048123172805063,0.21040102456509321,0.04782596321486589,0.021703498972416264,0.478786791264911,0.05682530303974946,0.10246212057732616,0.08356366011134181,0.11790165367021149,0.8127127457974582,0.0426620902366577,0.034520613419660895,0.023332632179904104,0.17477456003184944,0.031238914818155435,0.03971524955987094,0.03849269950914873,0.22898622274156957,0.137227814290829,0.3033121486423951,0.08279007849711574,0.14116381791169824,0.01962764600330803,0.01915904127529617,0.019112294413168168,0.1563007511059446,0.07935291128099749,0.09337704413559564,0.02041775912986731,0.07130152760580795,0.06634166003917225,0.7406084801161529,0.038399060647993075,0.07042644963190818,0.06345968524245463,0.1283496977120416,0.05449533066646091,0.05246886153873539,0.030783754540303625,0.049367448977582336,0.02398857335275005,0.04605571311884214,0.1941931108519147,0.026935657963672706,0.04092948603719872,0.23865655839094502
ADAM10,0.14718232025966388,0.0,0.2396655760146646,0.0675637173032926,0.04636991967474263,0.05627063750318488,0.025172606774678485,0.17469439115728314,0.032043100202173845,0.07354061194541996,0.06252507202721072,0.49433067813405446,0.26841232546427335,0.048344450917674885,0.018093317051028998,0.02175384568168031,0.9305931102963523,0.9344338751964264,0.022692449422839576,0.030607925092149015,0.022076394511343772,0.03913332206224963,0.058888982496713496,0.09443582756805317,0.25442025472220825,0.4826326602717636,0.04838962986028089,0.39659471020022335,0.018810102613932882,0.027681340553017512,0.14256316685756354,0.02897040125209747,0.03342914160169722,0.13222810004041516,0.04092459821806917,0.11003700814097533,0.04039237720971449,0.30685670644273577,0.6186691291094357,0.30267206753643955,0.020576204499964834,0.0577995334547168,0.12598611083029823,0.030838117195444943,0.09235523586398345,0.12103808578667755,0.380950917356369,0.08713941966108571,0.030399808379899158,0.0212791948402383,0.08832273455697932,0.09154961298478848,0.19963446034487792,0.05295945773890012,0.02226731012782105,0.02848601358634726,0.04387610896418161,0.35620767338597314,0.07964308732579478,0.3526970909557883,0.08171384447644953,0.028979030841167756,0.03957113763981664,0.13140766403916992,0.3153817795195456,0.151768831838395,0.1917317826312061,0.08189853383058873,0.1093054896232817,0.5247816735860624,0.712422488947902,0.03250203244103415,0.043698392549170954,0.023600064692846888,0.04694493028329061,0.08538666522156019,0.5954245096178727,0.01858915795716047,0.09098267235788968,0.058769392989615934
ADAM17,0.09741115234070208,0.1765768793868763,0.0,0.047049197793800665,0.09254335906497399,0.03837600262481687,0.02300623580392009,0.08310034484024856,0.11935504866284793,0.07276097970533328,0.1216190276152264,0.17820689375453017,0.25602452101961837,0.17017766644399138,0.12067530165394452,0.02528473784348671,0.09122404879840197,0.06105190431281228,0.0346903078147156,0.08111599853143923,0.04040756849828576,0.02824038170444164,0.16051834320671426,0.8992183482324441,0.2378889188020653,0.11746477292944413,0.030177607082089834,0.22523664377049846,0.19885496354146728,0.08100221828067053,0.8025867099360062,0.3379049158322983,0.11416304496438354,0.08786536434509418,0.03621875186218901,0.019563941087492535,0.043332959266515786,0.08787681992197642,0.35910003033164356,0.06913257899151112,0.47137092713537465,0.05102637504199339,0.08205281858010238,0.051954935326169516,0.041241947723270146,0.06641393044345506,0.029035700401530848,0.019496323434995324,0.14408805281079795,0.5570129336722924,0.03258694959201044,0.7212480965984696,0.028234607487487646,0.06690509344744477,0.03799544885234604,0.05550832621381107,0.30891379324601265,0.795846202187144,0.05227840359504749,0.0605728038485463,0.05443423423298069,0.7777806665117623,0.29222181047445933,0.30179675154529345,0.29904348644674056,0.1739409633451797,0.15101344121847055,0.07533935106398078,0.026791194532445634,0.11897070239001989,0.8447169014541102,0.16659279632912505,0.17494076374866052,0.09517565080276819,0.8555011108415786,0.03036382748689837,0.1416795590018034,0.13182829033361115,0.28621221405259595,0.04498027177978732
AP1G1,0.04803835197046928,0.07847655404622352,0.06189451190085732,0.0,0.09925129283590411,0.1251502062009903,0.08008098708824327,0.049748202648469,0.025409686881314893,0.08110611934314364,0.5032754078032714,0.0938886580928041,0.018582593833043823,0.04678033110751512,0.026889866839246948,0.03315276000820453,0.3297720643901647,0.02569207564021726,0.02122724249873071,0.34591229605931856,0.0929008941931418,0.052248888902844376,0.04420929970804929,0.9538724943101894,0.03478472150532389,0.40969900188801794,0.021041029570480957,0.054293414928086856,0.047502453062576964,0.02697884405070964,0.7136965730262473,0.16531507402155854,0.023207608669199176,0.05796872878112554,0.05291456822487208,0.030106308695327384,0.07935333394940763,0.028191889759672403,0.12492305483759385,0.12515676114108534,0.0516090188604026,0.17373490786924972,0.059391831314523864,0.028250438873428946,0.08401140587574404,0.08282264179011584,0.03174852862356761,0.18302804553383792,0.05137972573876831,0.1187922861496166,0.12245393829495842,0.07136674476725202,0.4179752000980332,0.41342153191787584,0.019732969962345602,0.4797441169798313,0.04047806314215914,0.02901027860001628,0.019855864921061627,0.3222192221507064,0.10646168468762893,0.41122445922411077,0.019968945314409743,0.018745895089636064,0.14921305626051054,0.26997415704874905,0.04853953077117495,0.10189961817853291,0.03520455139191553,0.0523988986771436,0.043353518400950995,0.05960899872622795,0.027010843349927826,0.04572881937630365,0.10891233019153437,0.024092999722981,0.027237684456742718,0.044370110426138885,0.0980596203571534,0.3711459936166069
AP2A1,0.03237850019984837,0.05709578372788304,0.17251358851450288,0.11574893258772367,0.0,0.16261384087769948,0.07620305767598835,0.059906114586045084,0.02654455497248828,0.2148106876159918,0.022041429470071424,0.10332600662964027,0.09045823693944309,0.04216433857926647,0.01800485960017769,0.027591804985708603,0.3825747729512989,0.027716852723236072,0.018982020542424857,0.022105534002833632,0.06523276893091057,0.019884563615808145,0.023905167055593594,0.08823573986147676,0.06041802850842963,0.036005984822135156,0.020000196285110832,0.026926182284703348,0.0657376095539521,0.048821279268235394,0.02046560939215056,0.11225773316010962,0.022493819751997168,0.12090377025768685,0.018061002776700776,0.0750522187426093,0.037288248172532894,0.02122411525611014,0.16600491130022477,0.05394116649999289,0.08069920942321276,0.06450725375854618,0.15259770682243617,0.039768395965827645,0.08785088451057003,0.030962375352629818,0.03515388708501916,0.029612147524319392,0.021406855225494008,0.025661722483033583,0.0793948528081706,0.18255654319710554,0.5343462533201262,0.0719626919309406,0.021893676644567935,0.0940455148878631,0.02329985993709801,0.02252260945169823,0.08789840298699636,0.5627973844859173,0.027287088613469394,0.041683843057663685,0.1401022034694691,0.1814585652347027,0.018090005393321305,0.03396295922638401,0.2340989930388418,0.09633949270886913,0.018684829043499884,0.04342431896622713,0.046240531597431495,0.027979851146635988,0.02511045120086775,0.039350142729552146,0.033629613142686095,0.13816149620181434,0.027478291648127734,0.05137297651487093,0.05361200648527646,0.09419963187790595
AP2B1,0.06450359434689372,0.07175007976191662,0.05209515548180861,0.1472851413145982,0.16135776715874595,0.0,0.047442226009139325,0.051768010157849986,0.02738347539142298,0.1534175031287539,0.03356790018891092,0.14102433587026617,0.39980321059014623,0.053503608086607105,0.03144733360588953,0.020770183729941022,0.05684896131384516,0.024699019461384964,0.020371163653710944,0.04925181366777216,0.07273191019468134,0.018985055773971526,0.02185164715819591,0.1477810338602578,0.09109155038176026,0.03330119328189384,0.05413595263438632,0.12364756364152335,0.02988855117654648,0.03964730251817517,0.3048590583951715,0.05420666465723519,0.03229516059177868,0.02315456715052617,0.05833229623822317,0.049210660653482875,0.018404223221338653,0.04138543303495923,0.15452872976231422,0.033000283988106546,0.048331662665553034,0.0328639073769415,0.11613717046823949,0.0284321605476828,0.23751678748285912,0.023872442315291578,0.040937894605423,0.07999124049913293,0.07307758253487598,0.03094840279160513,0.06311176360353637,0.024007012917887254,0.24374543851584968,0.04918097618190149,0.03039144579486563,0.1879576006352298,0.09349154901195325,0.02841780698423975,0.06595508878849564,0.218620692453045,0.02028868258518868,0.029915727747632296,0.10187033025011678,0.22624005813819487,0.2474397863770408,0.1898989398904435,0.16130967446968225,0.026029444160653482,0.051951541463828604,0.1104792495954904,0.06489720052971962,0.021590558489169548,0.025538685395287964,0.07333241120344687,0.10259145866380799,0.044271327922788206,0.01933177857973645,0.05023890116337432,0.04509149194382987,0.23007194703431755
AP3B2,0.05960072034446804,0.0268039893792197,0.025213835195040477,0.08760395155571762,0.07306238901802177,0.04626260313649592,0.0,0.054253918165114046,0.032869316658373754,0.024394301717776866,0.07200344008368012,0.1522227773435526,0.029437662332865544,0.1663036122571515,0.03386868857363931,0.14168332749014215,0.8067367789240715,0.09466325397927491,0.07561739370120386,0.024202757225942468,0.045751980984526076,0.018540443157332758,0.04556226814330825,0.030361760238841195,0.08720643116732073,0.0918264336639824,0.06034848706748743,0.05088484660971947,0.07263114653382384,0.02011741777718172,0.21932899767877553,0.01805181430021423,0.026296876033762195,0.16581938800589385,0.03909526771956798,0.02628219734395225,0.041601377234527843,0.09653469360992559,0.02803777241821743,0.045588722453076755,0.13104782697955558,0.0497718113512792,0.04745627290084022,0.04081951484583795,0.04203639057322193,0.04096785216935354,0.03816567885041669,0.01884663000267484,0.0433041997591427,0.020870813811945874,0.13614090844070262,0.11079301986265176,0.02616265826329632,0.0648575902855678,0.18883872241171454,0.09708482526450496,0.021120844703496042,0.04554806648573364,0.025043873676972795,0.8110200273938846,0.12577381295661813,0.5275115159920886,0.04707953865355455,0.2040097953067828,0.024670371980665618,0.01814006537755659,0.036255412559830925,0.023503253395367907,0.034033705199763814,0.038831686058838216,0.6987513570949453,0.022291937575812402,0.02204926272352523,0.018349661063091167,0.032556770654666355,0.3843765332817355,0.021226571805886264,0.09101705321121108,0.048385817588925455,0.03537340194901969
AP4B1,0.03227685359623075,0.21401428546899243,0.12343561478458194,0.049106362964384545,0.05329220681170552,0.04686085830177637,0.050220614266082673,0.0,0.04962199455471116,0.07852586796627703,0.10244595101496236,0.06678944218322373,0.0205313194642588,0.03428922221662312,0.019293999883390082,0.045872113128913025,0.16655698364634833,0.13808532178567073,0.01905539265073183,0.01876044196809503,0.11784613098917623,0.022263858518818066,0.08319784802984144,0.03594246875781151,0.40904511558987267,0.3936412422776113,0.0902836673749052,0.05660877026854177,0.060071843775602145,0.021539250906088995,0.02146297481237089,0.07325445078502861,0.019064846702161055,0.1316228493979185,0.16232773480803517,0.02223931894303509,0.0946888540819678,0.10948276676608813,0.13500489490412168,0.6935986439495302,0.3102664599338174,0.05410823266335333,0.06368931231793543,0.5490649327885485,0.11354239072852065,0.04840745828558558,0.05062503166158242,0.578812630776891,0.09291264129454573,0.09232835230463236,0.054345790264176984,0.3098322855672885,0.05883914124147499,0.018944510772217107,0.6364745560833733,0.0681120158234885,0.06169997127076538,0.24094648445156103,0.021876935804518573,0.046497390354569026,0.0406387934437644,0.45065621725567817,0.08937821051680726,0.11389264177318655,0.02558638995086928,0.039233072090290866,0.05779324754225613,0.1246577293612603,0.14251071852711172,0.050448367434782405,0.7032819004278215,0.060077675878989704,0.1063300399816188,0.019315964649448174,0.02910665273080254,0.3435794660993265,0.19237677956759716,0.060025557055238425,0.09647988911069613,0.050647454800956636
AP4E1,0.14450697626868725,0.032743776184531975,0.16829446741219942,0.024793668426120186,0.02501927030705029,0.025724720120903495,0.030477123444977012,0.046784570928805023,0.0,0.12173260152252952,0.022819842815638997,0.03980084570030312,0.15825962827957515,0.05165248531047972,0.045569790273505904,0.34691442952086565,0.06208709189385155,0.0350831299805205,0.024869338522560368,0.02254863694092462,0.11403632744276751,0.0411839286550413,0.018791956622377946,0.05381992504653683,0.8740676369636081,0.8195400701794142,0.07436432072288639,0.4817191615476715,0.3509297866786067,0.12784878686124235,0.03814478073181824,0.02593607057846823,0.04383868062677158,0.035109223197678854,0.03723850457139097,0.02873998863993857,0.022985681611834546,0.07515446301086165,0.3413253976032385,0.20558167984245979,0.10861349518467671,0.029829625440554546,0.0490104062994209,0.5026463744615092,0.08922034004817317,0.13356747066828778,0.3561442396769894,0.05584869306916347,0.12451989480737778,0.19444602931342073,0.021227164102278845,0.23280880166999493,0.27264573635673334,0.04146336705429196,0.02454376124114585,0.01954805533909235,0.32490021627738774,0.07631834885911337,0.03944975997477344,0.03138427563336368,0.02330768930652484,0.6167001429515105,0.3452181974348884,0.08262410816266201,0.018832588576293878,0.03146288594992052,0.03503582498563103,0.020627140878750595,0.7586597236112547,0.08080599492439716,0.08478320173652337,0.05555758352765804,0.022644971874092222,0.02808922712610041,0.051223736758320176,0.024648611105955516,0.27491156003981293,0.21338108142430412,0.08548510077694975,0.02074532677604336
AP4M1,0.10895225432392325,0.05630508267974038,0.06630864808197434,0.053827054305314516,0.09778838207033547,0.07677802385083381,0.02211955323994762,0.05328376340358757,0.08095497531228994,0.0,0.04128407114376124,0.018373549965224254,0.4651251329977953,0.034005419623021844,0.30899908861100345,0.9105833438853727,0.1236235046319231,0.23723649596249385,0.02003364846874654,0.043281465893215604,0.6520951621952437,0.02688274511986213,0.6924606581431987,0.030116785202816902,0.09836501844100924,0.029233371236955952,0.49702113696307204,0.6457664963329065,0.14651366003880584,0.046909347596403056,0.049835890792269535,0.5876695895807452,0.030033161786724875,0.024289487732722544,0.0774295387624002,0.03241001973954539,0.0851081876461651,0.22791302431970342,0.7308994863143392,0.2219003134576666,0.023804866158449685,0.0384446509476588,0.043331923159883684,0.3775610742435247,0.24678130206193158,0.05402828018685596,0.046269707234898136,0.3732014643947774,0.35863686352282426,0.12571017106794202,0.027112458766921345,0.18618462179967554,0.042682273266861324,0.9868547887017457,0.18139054514255787,0.4175177887802548,0.15653867988057743,0.021111956763457937,0.025938054266477398,0.07066119693735266,0.12425376077888821,0.0261846772324476,0.03380349838613133,0.4301724134236137,0.11114522352452905,0.13725338424377814,0.038361191050265794,0.41040503389721805,0.06696116282407202,0.2409849163295257,0.05045670785543422,0.04088435154844418,0.1470826747160198,0.7501843451270378,0.01920970310185118,0.08248750091395597,0.021709146976869518,0.05667075930620029,0.033606117522613554,0.023456668071795753
AP4S1,0.05235531951377655,0.04729789091730977,0.1002102471730565,0.2263556941932913,0.020446196931851453,0.02672069119396926,0.04469716916413185,0.06180391230211309,0.02147069788571579,0.0398890703086427,0.0,0.20458820508750974,0.8339554459503347,0.24783328133060742,0.12233488401642577,0.17039875103258273,0.9930059346288779,0.04936619357164444,0.22165934477074592,0.47284044515291146,0.021690132149088832,0.07065347388087984,0.048127133824535484,0.8767354837127607,0.5790427440041659,0.9240599955563702,0.24674845438124485,0.07830909558102865,0.13745890914913433,0.01833891993281895,0.21742565238224126,0.20875152556817575,0.04689185394220371,0.15992737945239813,0.5903003640617109,0.026652539730125237,0.02577831541549786,0.1089149516899691,0.04145926442078145,0.02132639158448619,0.02324206467948195,0.0629666524514579,0.020200664797424123,0.09326762977078161,0.0344391725978566,0.04816935976368538,0.04440519590086016,0.1704704601343134,0.9910123878508919,0.1112083521452967,0.0650649090153609,0.09154924588619687,0.48387848649451076,0.5094294991556868,0.21479475039473744,0.05129581871022457,0.13625315530248167,0.5208487074699002,0.04846865512590677,0.06095076380313774,0.17059657420708366,0.7999900873074786,0.04403554646480731,0.022297542457880053,0.0465150794457791,0.08934042232365774,0.09595323779890771,0.021900651606029484,0.03529538337086115,0.02688336334168598,0.18611841033701262,0.04870546154867541,0.0848875173590255,0.02664722041626398,0.025346584075974253,0.21842261974913768,0.2552031954638961,0.10633135564179703,0.020157602883413797,0.059214949503744556
APBA1,0.4732071888241008,0.5595910129219768,0.278247421810305,0.08730919395546542,0.08322976523777897,0.11069699384452243,0.12441079154464099,0.0639969916833961,0.04065621305709026,0.018500633463116214,0.4134029618267098,0.0,0.47218206320062683,0.054101882738392955,0.048110587796282474,0.05398208233706114,0.5114573483873311,0.08555235169099283,0.04594047359543553,0.056297404947262146,0.061146959768728144,0.17399318471648972,0.2664459782930578,0.10823918573713377,0.05272967508427096,0.030520749562210004,0.059884029115411054,0.035213264233452626,0.01925121383983782,0.12312790756516591,0.15918053320299783,0.03661910340846666,0.09566834926054582,0.02205192804086515,0.0900060054969091,0.04869189006715066,0.04480617557985513,0.03804305098086313,0.047392370590416476,0.21489122260957502,0.30203457692921176,0.019763161222864,0.04716583192899235,0.8030632057342754,0.03840305275302006,0.02323384383047273,0.019769363875828835,0.02394252380356053,0.020844811200289404,0.022736967175620744,0.11565770618897722,0.1835306223922553,0.026717960114671917,0.4424348886346137,0.018314346363161597,0.046623222523853515,0.0969219737006159,0.13117162300775373,0.039713132239721005,0.7618669939870425,0.04783587735561901,0.12510364256245057,0.3845966326354318,0.5895013568976871,0.04250979900088357,0.4136975991860718,0.04514933241606078,0.7864670194845074,0.0211516856065736,0.23025681701320633,0.1069939210963646,0.09740192614441884,0.02514342650126871,0.022738072886706494,0.0547852882555123,0.06371285778586741,0.36713345574724626,0.027679041846426663,0.050741151259083066,0.3595430225947875
APBA2,0.09259716504734691,0.16693219578481736,0.21550313437506866,0.018410268249717577,0.052289190369722224,0.16130472275879718,0.025062305109323897,0.01979488862685037,0.09896182404948958,0.4566489478022434,0.8590855244085325,0.25198868654910855,0.0,0.019816133784151365,0.04610380411318356,0.02461750088298179,0.3335370234635919,0.04107022987435187,0.03354017169790974,0.11874539418353221,0.15286110973635098,0.019831624399697385,0.019149365147286917,0.11054097280230267,0.21515928494906333,0.0710346234462367,0.03568470877140905,0.04489801420187107,0.24390210570999668,0.17000025031379373,0.17753497698958923,0.2404320216865027,0.13826399916109125,0.16475214535455135,0.23528673699753458,0.08819495515339895,0.030479874890747716,0.07932153085877021,0.05115206652527512,0.1307298885256396,0.6732674414485861,0.1915611311472718,0.17170908724973657,0.26289290912268853,0.14898491295445673,0.25864747612410327,0.13494189266604678,0.1196864479267762,0.029205355617411166,0.39522932955036216,0.21614577288969145,0.46516895179495216,0.10885615831738402,0.15566580064660243,0.02534793485626972,0.040673782313583796,0.023555763338967566,0.2977206511091588,0.029954468671442476,0.5216911149955235,0.02868377905197548,0.08008242798603366,0.2847521286561972,0.3260831958087767,0.09848587645777217,0.1074429634341834,0.08066631962567761,0.22446042388796464,0.5436657558655718,0.0835759080415054,0.042529324064009597,0.042839898782985025,0.4229210443079844,0.08569097287118217,0.7930282787020583,0.24582700612186675,0.19315335545384918,0.0781996240592177,0.09120459136672694,0.07863052820509234
APOE,0.02826926582449114,0.051280784016777964,0.26188140607236554,0.044603732418195687,0.03767215546634717,0.04653171591455067,0.1338764734837171,0.033462878064662395,0.05285170829682628,0.04151312002535182,0.49329055991637266,0.05382430579655865,0.020457191407695415,0.0,0.5773084811660263,0.10423386881937428,0.05037543242590581,0.04393601537196192,0.2705805266741728,0.04525275915604871,0.02308082426850253,0.04250930390850599,0.08636151205444732,0.10123005737964434,0.7828879089063003,0.061975248739146324,0.6219738320353813,0.0340407817909787,0.019227674543473967,0.01907804744680459,0.1962477134968347,0.12082237799703494,0.23065224144180096,0.030521820342964346,0.08359944951853064,0.07954964729323484,0.05971901928528598,0.3771994404769165,0.1413077364684324,0.02943241490067183,0.10493761161171175,0.03305658637521615,0.08849499456020272,0.044857631395754015,0.04192132602189818,0.03514359466436527,0.02657965535372717,0.021350000204614337,0.0489076588922205,0.04877257552095533,0.02299278928197643,0.020230111826787727,0.0410730444867578,0.18477158115031297,0.04422275345629488,0.1284175824434697,0.19740108939856274,0.08696501572288921,0.04973380950483262,0.024495189779970606,0.22766412128108607,0.057881942330300445,0.025109523544164312,0.060452079180688886,0.31676038399004064,0.035568046321626814,0.10800476348941422,0.0300327276261817,0.022636317854842835,0.04747243622510746,0.8166120154475335,0.7486767033214546,0.09071738577427947,0.06878295963156439,0.06778828262907419,0.03178876255267122,0.04833228233882612,0.033553148474068956,0.0823117142523604,0.5257307342565988
APP,0.05395109019691557,0.018102552717378553,0.18686391137919767,0.026588396343376914,0.01800274587891695,0.02958806352972137,0.032095598082118454,0.019273222651607122,0.04754436673840533,0.576550674509971,0.24166572273429124,0.048991992125132534,0.06417241745302321,0.6020134202774483,0.0,0.07330532450639046,0.36866414303695927,0.05675793491948088,0.056971990658116735,0.04507741959031554,0.21803800178605845,0.042843520618932665,0.23393643708623663,0.08119117210132056,0.26963241608840555,0.048360187364286246,0.8508625356382559,0.04261559361459235,0.036516260188449036,0.1751462962824359,0.07164242937997499,0.36431492939976,0.15677465745817173,0.019220428117896114,0.1693992493461364,0.036145230595395914,0.15201646487377937,0.03677016349749018,0.19557566839518845,0.22921824303885766,0.3368763127984964,0.03436441169037637,0.03850530364411279,0.10685560288132703,0.043766294984435454,0.03468704297804411,0.2547180590589965,0.16207380457255416,0.08218059561466268,0.25084437680956834,0.056728860933282596,0.04259309714875668,0.07585458614438888,0.09698746120227979,0.04067159018948724,0.12137803214872626,0.1128003028830438,0.05169107156349791,0.07036907256199108,0.1620943617345338,0.14857392969628197,0.48027379483597554,0.07452875441838712,0.4399449747656583,0.029611854632103078,0.5134688866546866,0.04821639079478812,0.021278971817784823,0.037319313889694436,0.060708760006175096,0.04010558403881315,0.07751641910615215,0.07217286561566942,0.041893381108436906,0.05426832017919516,0.020900327206520325,0.028750821338377704,0.022562032859661067,0.3306953972285348,0.14163773809213087
ARF6,0.03385383664879072,0.021744105945623284,0.026638445524067057,0.031064275575452528,0.02549582440072838,0.02023328903157976,0.10403383955998016,0.04200545818225311,0.31803029111764275,0.9787562444125766,0.2943032775713571,0.05038315541381536,0.02661608793304392,0.094389791784541,0.06562199746931525,0.0,0.07861511816453902,0.12559517944916243,0.0476183779917641,0.796492357806561,0.13732687343190586,0.7443615559809242,0.047737852379226745,0.15160243774270582,0.3873084304880494,0.032836567446610856,0.09678703067099736,0.037500646520611795,0.03353097643882102,0.032351338410168254,0.06485222224772984,0.023145110055481973,0.020306512040544015,0.023224578615791684,0.11110280205405974,0.044737659460031456,0.11513461011253046,0.15065802657982497,0.04410442420596125,0.07534972314931287,0.10493377090981162,0.05931089531650774,0.1118591304321548,0.33262906532847947,0.021261942901705855,0.7219885526701604,0.03684442183028214,0.3853286531988326,0.08444617954237214,0.0772848410686421,0.03382676627866733,0.03653411094009487,0.11288570552625564,0.32148554701276105,0.022566842655997274,0.17383067937931415,0.032063543594417834,0.03362543325516323,0.07957188962741339,0.6344295734471508,0.11949927762321524,0.2196949283586123,0.050361547508273756,0.16268948347931936,0.06918043247255369,0.8769436252246099,0.02278653528024371,0.05657596759252982,0.04188263130195773,0.031932064166202215,0.11456043851727396,0.26864003176664225,0.09710807477912485,0.04992894820318391,0.11557986299408797,0.049460907903745514,0.03456167015696653,0.09876670122548596,0.03384361406477554,0.08700472766438638
BACE1,0.02396338379121562,0.4990295043973608,0.056896863414015605,0.09834167857451856,0.09466237193299165,0.032033575666312875,0.22607267326465838,0.06373130195556181,0.03733119948718593,0.07840648938647427,0.9540068280971453,0.15441332375032832,0.18402084634629065,0.03252576929373732,0.11219397121443084,0.04454979178413941,0.0,0.31657679425287905,0.05670060296091353,0.04257479922726777,0.04071531858858949,0.03576754200895057,0.6763135234081121,0.049196282889399603,0.0450099839130638,0.41182085307156135,0.029347215516755194,0.07383439351169845,0.021405252653407026,0.045767122916054344,0.054168717204685635,0.6051003073522286,0.027221245962638092,0.02966365268850402,0.29425666152121166,0.022526906639734137,0.11730281918411119,0.020725157488725433,0.04057050666807982,0.42530272394900476,0.6670984440730557,0.201858428839276,0.13763534858407683,0.3376483132391917,0.7620830929710423,0.10513519452526553,0.846749900478774,0.15543978131252356,0.5245080873197561,0.39695286206121866,0.1443477368382654,0.10286695334372255,0.09252315655392682,0.07204138210216318,0.36514087337988993,0.2048972139722704,0.2659602820848107,0.06456605651371927,0.07055734365809142,0.17458320835686572,0.05451068816733308,0.053894978186767785,0.051371628527172246,0.26847947252316356,0.11743571894929768,0.09165528412217497,0.1789865496644299,0.09134716469120822,0.05848686355666487,0.04514848639950423,0.2762312916305716,0.3334344544611642,0.03037175265361181,0.037330339895100324,0.028585507053969977,0.018463481771490965,0.03631298772989954,0.06037785371669184,0.09310296479562821,0.08680776859005503
BIN1,0.04764803260786533,0.9414231259095949,0.07528403703535118,0.024893060017699975,0.025774612019365803,0.02343993196998585,0.07538365982243257,0.11940013921625293,0.0346447875599171,0.3965685769098949,0.06754972094346015,0.07999421020070246,0.05134041428865293,0.0424039243758973,0.05290486992848337,0.13029621099496302,0.806638168373503,0.0,0.021256486674700724,0.019324983976025983,0.08033610229509601,0.04847434346145695,0.06073896549072902,0.3451630659862125,0.2406769970772532,0.04755024862183575,0.0682063892905152,0.07060937994917432,0.01957482724300722,0.274326085943131,0.04798619809307469,0.2959685473651162,0.03359049877708106,0.017996459861250248,0.05896880296449614,0.0841763189298781,0.22962718155671943,0.4376356634196697,0.09434365355815681,0.10184951385221383,0.3543751187774791,0.15842800369846807,0.7219316324282912,0.034846270876090164,0.2012042527951946,0.5991623185066279,0.06940189589739232,0.018987168195151435,0.02300947344952544,0.03165441680259704,0.01972890481708593,0.027676897432254644,0.14895620370333765,0.31004132855276567,0.40069189614008854,0.3214646166810789,0.15317024412430308,0.5411034457099085,0.11227911822839387,0.2319789543430396,0.053730709759260684,0.05429669210561346,0.03452590592878219,0.06480674216924405,0.023233886479785932,0.049353391826831496,0.16308462662616116,0.9765214228374653,0.10172409988844151,0.25358804956106307,0.16494943054512728,0.04327316327353402,0.07603105166106301,0.06926517278403482,0.13725457052588994,0.22662305526706986,0.18997367730010306,0.15450691516240422,0.02987540197281436,0.035852011683717766
CLU,0.03514664934494298,0.023604045953911326,0.043606122134332646,0.021392903699129134,0.01893637694005112,0.02026770677730855,0.07407063584831713,0.019122375661856917,0.02591275138125299,0.021034202342214606,0.5401058693167172,0.0502573993802536,0.044649068474155715,0.33576773388240544,0.06213951566046723,0.05613156913443742,0.1538009002820407,0.021791923080211127,0.0,0.191432673351362,0.074379559083366,0.17170121784752973,0.018044245273614073,0.027219851193236992,0.021091234169917393,0.4182796824373642,0.022747956411617518,0.0635730020745181,0.020310236170746798,0.1400482011151855,0.023586620187415825,0.046814590088269464,0.14152370887675497,0.2021773488722624,0.045212141845372866,0.038816660141033264,0.24608803402505544,0.020141967697488657,0.06564313719846174,0.04581985999745154,0.33500647100227254,0.07638110316540057,0.0960951298225036,0.05572450428840884,0.13853189746693123,0.026203377490840358,0.01963045466330215,0.07880300028994879,0.07492317850357416,0.02603799111583694,0.019392625485149157,0.09999263921026479,0.040027117303654706,0.12400622659199831,0.02028537969835205,0.021401429137515873,0.07693388153299219,0.06662036125888936,0.1182750012049561,0.10572615424028624,0.11896169705641833,0.05166483326563609,0.03702468706134688,0.38443478022279876,0.04600825841455279,0.05656208741981627,0.0344736420499395,0.2601905104020247,0.3724543833784457,0.027093937357934535,0.10030550597754181,0.7152647375825816,0.11106286601105174,0.060132420635530155,0.16925602403488055,0.08059825399772148,0.23527679633950943,0.17268414984795932,0.028732876676648377,0.04629831374184336
COPA,0.025342680676522993,0.031058004905634064,0.10614518998910158,0.28756570528571124,0.021385405801035134,0.04212212881459899,0.023256421963832555,0.018706600073719954,0.02249914298107109,0.054880688133763726,0.7654438278511939,0.05408739609772509,0.192988721131333,0.043985429581457756,0.04293950941013851,0.8214086916295075,0.07617880502899724,0.0193380695595326,0.14779421563076153,0.0,0.2958423954085283,0.9039033876740638,0.04516268667969508,0.955962305577299,0.08685102186159542,0.04755808928218774,0.06277342834810215,0.09977361099640088,0.07396173523064588,0.02320501457432211,0.019818507878821254,0.06005912713541966,0.05427113092298333,0.18082426178293542,0.027765906425446747,0.021040383125557286,0.18232562175690156,0.025820394302179566,0.20256959630881202,0.020925264945325754,0.04741897322401722,0.040334813460797134,0.02994388640475491,0.19992321246144829,0.33825995353597244,0.09263413988023425,0.085446962947909,0.025968141840790354,0.02409067955983782,0.07929257160276852,0.04298885974507573,0.14607864949186783,0.028905658848177942,0.01892005986631385,0.10332045414861736,0.09633778225474725,0.5649234182216023,0.06014390481480693,0.09367162620242998,0.04301892201932973,0.736016990907771,0.4823109023114082,0.029344062618428177,0.051471897386313914,0.43232603512648893,0.0551383405466722,0.3188163965222338,0.35069848046110036,0.10225545127975076,0.05044324720905208,0.6311734489373138,0.019619190753831405,0.16941222661946528,0.019427561669522947,0.03365082836202952,0.02267805293416052,0.07609993211417476,0.07975629317580046,0.01840973120949915,0.17952104713956352
COPB1,0.11209601658389462,0.02230934735757357,0.04798417333902067,0.08467034179798501,0.05459456197793527,0.06028819390769673,0.04116394645137565,0.10852803505325252,0.11663893186278462,0.8851532577573481,0.023209710336435402,0.060158744949512184,0.2715363894115666,0.023029555345945918,0.2036041918154931,0.1517075520904108,0.07299163664565916,0.08419245340459604,0.06469444978544815,0.3111038294862702,0.0,0.1717540532350574,0.41043907063872065,0.7974305507029829,0.030427296239731883,0.9845101402325842,0.8775433084159182,0.023135781006839166,0.10013243853046762,0.0986532033229877,0.05727333998044218,0.039365401866181565,0.04323602429514775,0.027301875875320628,0.028039970031170737,0.03393986888429419,0.0995027047411661,0.042727819598900034,0.04639108920823003,0.07799535123120772,0.17326881130512442,0.03717591290119896,0.28956526213918876,0.6954326665378024,0.03036598476090197,0.020160977288435075,0.12897827085264496,0.38498766870379286,0.02800082540507683,0.10190426263099184,0.018614383650017653,0.07385911127163947,0.0726333813985008,0.02418332984912814,0.02492974794201783,0.03121863234696641,0.09517208890363715,0.06619418738367247,0.0809498619256977,0.11095361769896318,0.1807825498487033,0.035281108374940556,0.019903573578297504,0.2951489526778553,0.03986910298419477,0.04687345687223139,0.06918148633653011,0.2850539004151151,0.0709852509189914,0.05992861366015501,0.020833439154146465,0.1582223289261711,0.09112720125859625,0.32026479726029333,0.019478795465838104,0.05695865262979352,0.06315281546145501,0.6735871763343207,0.01890978526723764,0.0490742386860176
COPB2,0.02037394074908179,0.04148101435073773,0.03150744550262134,0.0502607108772749,0.01964393658662204,0.0188644306359689,0.018487603370294318,0.022148421199815346,0.04244076238510397,0.030741929122250256,0.117617779118681,0.17732689754463454,0.020516337950420526,0.043026522320897015,0.042507702227133175,0.8125578747785895,0.060273386844798396,0.051230153754763134,0.14572325323316396,0.9265435269113939,0.17999014262564383,0.0,0.0626903656362863,0.5537166792760893,0.03887998853500435,0.8587280749218628,0.027236706109598073,0.23043570965075602,0.02198933537358052,0.026445824885568372,0.08634039651483402,0.044879972938190044,0.07353238780546403,0.021721973754445026,0.05599819227274956,0.13670814210268134,0.20178798861177977,0.07707601050007556,0.029351645765345987,0.049885407005034715,0.07096158343191301,0.02333558938637895,0.13266200782754367,0.20907615258523551,0.025077440321495465,0.1292848427549336,0.018027934812720577,0.13180374318821464,0.03154313716340435,0.04019671536128592,0.03924703459755757,0.0347468045427369,0.029343461677801996,0.019777457773099985,0.07678081650546323,0.052023093513050796,0.48178592549348825,0.03252377352974005,0.11768341951539764,0.1651550697605862,0.5719647572876377,0.09283709308958522,0.3233457855961749,0.05102254957832791,0.07737257311714028,0.7726016677591585,0.08011256704256788,0.08863840515045329,0.04247549428753966,0.020039247705490565,0.2501680288440743,0.0683558676391252,0.02139672782484457,0.018416442423990733,0.03161604325779442,0.11445547392498193,0.0416438825530004,0.5591214964262795,0.02084383968323949,0.04219807034320261
COPE,0.1563542288122979,0.05926749326433351,0.21889913302380615,0.04045126415570592,0.022721599766937262,0.02111800583554871,0.03958349645499223,0.0730378430436674,0.018766410583379925,0.8816251509695171,0.06436388388307641,0.2347041069374683,0.01946337118696085,0.07984741005434899,0.19867870749826838,0.04810169156093246,0.9794039246779338,0.059860622293904445,0.01803607844395836,0.044290386999299686,0.37270342231775117,0.05788990973275739,0.0,0.4439374184563569,0.06001190275266158,0.9860717020107529,0.039223190923888956,0.367434512803628,0.23435971212412673,0.12903316519734967,0.01875513325128909,0.2605135040771907,0.031012130583199262,0.01865625638879502,0.04249195712672634,0.15988305314871507,0.09228301243860172,0.09026835586740255,0.1247209118981826,0.04201480991731023,0.07646336101743834,0.026005241318769697,0.14361115418734072,0.2535156106952516,0.1118321213054953,0.031542976341224625,0.02945349389950667,0.028215271674534803,0.02301080812747669,0.06615843156208359,0.030708923933237115,0.32170261686059004,0.021147197529056496,0.18020975668401057,0.3033239639905975,0.8867728378985988,0.10543929903412917,0.06309987544670119,0.05265467322323404,0.06976985348961685,0.027442816537627382,0.12196068318326478,0.0320074116412221,0.16500595742347712,0.03877529436278107,0.06606646733333589,0.16705044464389074,0.031166549230532952,0.17808017742578391,0.03494859027861719,0.02194362342009958,0.09341396491526383,0.44523577941872977,0.56635024995156,0.028997100859907914,0.04457511673834052,0.05092387328322293,0.30667786376899264,0.07141595559843486,0.018145356776568453
COPG1,0.07512879858009783,0.08508469026420717,0.936203524488715,0.8671695927213515,0.0612091625299011,0.09290517114676083,0.02716678785186396,0.03235848567521541,0.04834021492531817,0.0326837120112108,0.9615078527253266,0.08765193769242531,0.14689860738847005,0.08313127642209413,0.06621918438549793,0.13388125335788742,0.08326729670685412,0.2855145321750549,0.025047151394864298,0.9193560502403924,0.683876969133943,0.4158171869959313,0.3791341798353211,0.0,0.14640000697452699,0.07409213383306261,0.09623549500877007,0.059024043106821085,0.08511931528256256,0.03898508191963164,0.036948719855836525,0.14150031702292903,0.02133068547876781,0.11908514747603587,0.18631664013984672,0.07028918304708925,0.16466680033262293,0.0320075724555029,0.134889617097745,0.018526880562298273,0.08762165399189836,0.11892790121317773,0.053216624675429994,0.1416672144245812,0.10051948858689358,0.12395456712404837,0.04967034797656829,0.05737998447080916,0.16476578417412882,0.09185187349307851,0.018268338566610535,0.06414263524462269,0.1532433349559328,0.22265665666903195,0.13514985380217454,0.07218747477440723,0.1352008647461935,0.024186230642238578,0.02709510964051307,0.04342627707525977,0.0341251533003868,0.2304385997711286,0.07019666126598764,0.6222115806875982,0.2895934429003722,0.043428504791989564,0.23363426011757887,0.11430846806236956,0.189651697062891,0.0817983637307721,0.42379705669323264,0.10113331388924085,0.07716880582218175,0.04081539928085011,0.07125185565173686,0.22321940312500785,0.17222535378595913,0.29982239657243753,0.023795965832765522,0.5603218377615187
COPG2,0.09917811924685241,0.20460436192301626,0.26169410200705573,0.030684808869385016,0.04420791190509704,0.06057622704493167,0.060447764283843526,0.26406259417704486,0.7628827784937449,0.11938778346888027,0.7420495873547396,0.044877358175938395,0.2813937106707984,0.6221179088356119,0.18221032205815182,0.3114758164104277,0.06974278351742776,0.18692764889382804,0.020340561698557805,0.07229817434115945,0.028269382162198497,0.03439923753772978,0.05324257256648982,0.13743259786388118,0.0,0.024867691382694845,0.03715376318339667,0.05817148038728495,0.08818839635001507,0.018098993332800916,0.2066840894078112,0.08474061901024997,0.023304867059263917,0.03998832699653854,0.060230205323737615,0.02726147087016819,0.12017345242162382,0.2958680178517043,0.021906989516013997,0.731688644898022,0.7216560280766606,0.19893636791226177,0.18139359798804552,0.04752054786110932,0.8415888284651655,0.5726189410591178,0.051664675621593374,0.18988260590410758,0.05855027185809234,0.0812283338995796,0.020339814340623198,0.03802366032420739,0.10066445917661039,0.057925569253097685,0.025918961193623306,0.021480221917948447,0.17246038713781467,0.04274101370291492,0.023877173420328232,0.36702215434127594,0.2056323585094479,0.15169050131412715,0.0257580084502631,0.21714691287051754,0.10067235514192814,0.06637853991448514,0.10264579053611327,0.3866578706944509,0.30432733616199115,0.056028481285269695,0.16889223203500545,0.09617430304361317,0.02004602416795333,0.1378711369555958,0.40581127624262286,0.02370412232280162,0.023492248996411745,0.03407427886624124,0.02349559561412091,0.11500564966703654
COPZ1,0.04773982858927374,0.2903988229073938,0.10092425521085352,0.19324211248763784,0.028192074355365655,0.026838337251169634,0.05400980615331357,0.19106808787318483,0.5495637765575593,0.028972487106570816,0.9344509628432439,0.026639157726612545,0.07011425687640452,0.04547147064622486,0.037066296277827836,0.028999469743948257,0.6798792700045343,0.038364239942692606,0.17937237733025077,0.03810157306626552,0.8936332267454492,0.5656175962515572,0.9236018319065983,0.05995062744319667,0.023883098200879596,0.0,0.04347191556684576,0.1091602762422805,0.020727689639207496,0.05072660557502435,0.21156117714719933,0.10366037105249573,0.022153545298301026,0.039220854714414305,0.018683304047423962,0.035845422332089164,0.04833951012065456,0.024223576640553968,0.9184789707545907,0.02865939030364197,0.020601515706158677,0.044054767871540404,0.25996631962036393,0.018217823507934848,0.5057505710973237,0.4247562119738448,0.05122840148406733,0.04846365769634839,0.023085763272411252,0.12181459379737511,0.21767235460088452,0.056162748957058826,0.24400140972720946,0.026334186633724242,0.02809182429734084,0.06206223059554309,0.4065111750768493,0.18561714389375183,0.032044320617544676,0.022040008305694622,0.026031956366520878,0.03164852800451885,0.01935370051104557,0.08032872778478098,0.7053473770149009,0.08195481241620471,0.024271219596137324,0.04066859394554244,0.46581816529001846,0.04553308674226212,0.1645742945307004,0.2600668990484925,0.032563978748184515,0.032078700874592254,0.17778202917751432,0.09906471711706301,0.11726823059951547,0.4491250697720767,0.2589859676860146,0.09775260730927604
ECE1,0.323891087800058,0.044340894505309834,0.031007303967922128,0.02043869553080937,0.019462970612714018,0.041099335025944456,0.045719949146146056,0.06879741518330727,0.06278789996572497,0.6242911207106072,0.3548925289877219,0.0504217592183068,0.039242744224711794,0.46495002976153,0.692653181255683,0.08408067449700739,0.037437581105953945,0.059454619342453226,0.02159461353295459,0.054603854062390364,0.7628520660625605,0.02555749575994188,0.03645942683763808,0.09239356721420931,0.03735757650377682,0.04957954826100479,0.0,0.40084933372884,0.09789181955789392,0.031418015674872665,0.09741666805287909,0.6501123110016173,0.0686380460736358,0.03637374208033571,0.0219821777818937,0.04487927581125225,0.5109355572374571,0.07165335225569357,0.6536617696629508,0.3576413879618314,0.023156979969754885,0.02282411517974154,0.3073760926357454,0.12887215368558844,0.4653286907195165,0.9558267529584018,0.14338276361271107,0.36910529944532305,0.08509555583743621,0.10894972274499584,0.06760433068809006,0.1541446187933682,0.21189391981539113,0.31083709208350285,0.08073904236807361,0.3493876219778491,0.0354099905432412,0.04473403321999126,0.0334127612597878,0.1180789296583512,0.024669840630493992,0.03922785134312741,0.0969391786361414,0.07387802924036292,0.6724786665449614,0.05179903906818627,0.7221815719930739,0.11244258086990626,0.05724230309372581,0.06481618258795933,0.02615000787715263,0.1309281625897408,0.18408041052732552,0.38958379279269256,0.4086082653234625,0.031454461926674775,0.07353302094526248,0.12954611557760892,0.0727970965097341,0.0437240894810367
EIF2S1,0.14649932345744698,0.4273970810233723,0.33426252347676744,0.05015069462995315,0.025305581888143993,0.09390108472731128,0.04463546674578654,0.05285966384533289,0.4796008102957796,0.8716390714008467,0.12558053777361922,0.03455140908746687,0.058569690799762056,0.033531216805839786,0.04096448638559426,0.03854910262494465,0.18449898375424897,0.07222869847827397,0.055178717445773365,0.101018549691045,0.023048537014711483,0.21234111632915562,0.39170215685567006,0.06689643410447692,0.06871360319139853,0.18096763939154853,0.523275505160388,0.0,0.04041555724621663,0.07731519335116206,0.27356548620294097,0.041107440891847875,0.2925165054330635,0.3137738668507255,0.05043455030245047,0.024265588434962983,0.024079701182386455,0.021665499286553407,0.10153585376007894,0.3282742234602842,0.02647808668750621,0.04277035175556278,0.03600494791538786,0.052806224605154446,0.2193559063440675,0.06750008293816674,0.034349046168369785,0.07462814133123218,0.18547760409019934,0.02237092593619296,0.03332181693668464,0.617901268515725,0.04370038889396318,0.11878140271118397,0.2469636987548708,0.6322418843191585,0.024841080214298785,0.21428093791971053,0.04552613255460805,0.20743584826291467,0.019162979338574134,0.03012714528996241,0.22055270065599636,0.09060101523905356,0.06377765983655587,0.7025878591254149,0.094089488944627,0.19203316455121502,0.03881041213567023,0.18959166344672457,0.035750482757892034,0.2774694513234792,0.051955339368968574,0.08208480793326532,0.026432880553261564,0.03831964280290782,0.09054640555617759,0.1843742282359756,0.02639354828292015,0.027489238905359988
GGA1,0.17337475367404748,0.01891479509118107,0.3516918738332597,0.047768779760905204,0.05925777056528965,0.02872541406266829,0.06755331006116419,0.061435058364741106,0.41733029277532807,0.29385283555286906,0.2997631232360733,0.019322571988464304,0.5098392536829509,0.01930417375103919,0.03742278302220923,0.03625394330694095,0.02482738270044008,0.019747821498607036,0.02021359053363549,0.08398952192752467,0.1119376045427964,0.022186970884644264,0.29898158008239634,0.11461397201267225,0.12679330333329233,0.022004055506906203,0.14146482658495035,0.043266152192371135,0.0,0.042091228094810224,0.068310008963227,0.18474488479791762,0.09329001872526198,0.0660741774147488,0.028044894693413886,0.05982037832622417,0.13916000989782895,0.031034416959157585,0.35994293011098677,0.022044482917142616,0.06411254283645801,0.02090170562165389,0.6822173250109499,0.5095112648485847,0.033258286539394305,0.23944685331491408,0.30764789416840393,0.08178989941725483,0.028595652926235598,0.020964293209543124,0.029316525449859136,0.05248687197806683,0.03691659035833681,0.02475040080963495,0.34831838307763635,0.13514069530298783,0.15869763979982268,0.019975953966229216,0.13849314368458457,0.05640884295171272,0.03830406776528997,0.05577929558142989,0.6575565463368587,0.02763807103357626,0.019845235437116585,0.41852982302479835,0.43724417373236124,0.05282725158540451,0.058830752621507484,0.026321304348564147,0.022274561659768786,0.029538703085207684,0.06850754671534977,0.27956678889191644,0.09202712420983315,0.0344930093804566,0.0849624157059847,0.06108413707120158,0.019528192018661038,0.055799840295953605
GGA2,0.06507914113589783,0.028994106916166145,0.12064337876471852,0.026888192876836855,0.044462283476526004,0.036906836247350513,0.019967202408140063,0.021557578965683433,0.1444099255001207,0.06661842339323087,0.01849487983750401,0.13210055667248694,0.3433850397228833,0.019128195669313904,0.18248631545801958,0.034503661303332475,0.0962769982227083,0.3307068964406938,0.12670645900715527,0.023671062070136868,0.1075750556778966,0.026750688002807554,0.1549491565030438,0.044928152544790996,0.0181246490005421,0.07594326259965564,0.035426321554909525,0.08526963146180815,0.041595850401570864,0.0,0.03474279122870937,0.029381354459533188,0.02124406260922274,0.04740366623360652,0.026345358434572055,0.033557618823077694,0.0973106080636098,0.06290511292563836,0.2779896338132934,0.1150217667790208,0.37339836188158415,0.13390961625924477,0.03489170050970913,0.29912786350672044,0.24013513332951367,0.06137445681200126,0.09450723791383014,0.09375300437075916,0.1724703479542909,0.04622287157348538,0.030749748096338663,0.10242436300555041,0.03153061782738472,0.09632114412805644,0.2408125172096232,0.5410463150712521,0.08447137665305342,0.14741636069300454,0.066488312824001,0.2554968519497402,0.04614033659432284,0.4061647403446146,0.19427680017255955,0.3912510270765933,0.04699758530057767,0.04415458285562356,0.04997742335325367,0.9813008944908622,0.05940482965552213,0.060886798979025075,0.07712524805382691,0.054285223478584124,0.026313155659127133,0.5271738969700345,0.09163511066774874,0.2102429385043925,0.19641908206459338,0.06100676598080597,0.029884022865015094,0.08899785352656102
GGA3,0.03246651665290903,0.12794376266764987,0.8692145875921219,0.5368523743893298,0.01986781467663477,0.17590167859326886,0.1380667946392035,0.020921837240343865,0.03564644553806453,0.059096934429365935,0.33725336367704695,0.1264131068700854,0.2526042405400961,0.15487029506025854,0.06004797638492415,0.06058943889141912,0.09752663324868865,0.04470171344997718,0.0223826294273332,0.019661423768491997,0.05097103228472335,0.07165793406435844,0.01870660462190284,0.037207083268280004,0.22657408384333827,0.3108460932252622,0.10322140710166224,0.22340781277111188,0.05541311183643805,0.031525957760148854,0.0,0.8889357807380217,0.05588282580698025,0.05745037501906588,0.02230072315771036,0.06989704550804801,0.027969422359565427,0.02057521848892791,0.04352519401184387,0.1514382525399267,0.3158078960153581,0.09054886484565719,0.09185383638837992,0.13225958442483587,0.7946979826047404,0.02848932616064874,0.08131070267901994,0.2639687049859793,0.07916520044314411,0.09229297633281183,0.11746854496226965,0.10773537240767733,0.1253787999324584,0.6894023560673795,0.020710595998548596,0.02491280617677649,0.05111236674501432,0.1322575430732569,0.04228144748513935,0.025095428915319858,0.03579846105137046,0.08591670037044424,0.01807657278731769,0.6590619816432904,0.10136688776877317,0.09802789121863434,0.43722210598230343,0.03139111515378729,0.8369564763942813,0.049342910275956324,0.3049879389009807,0.3646127119028733,0.02736653847243645,0.07798972461607503,0.034410605005054835,0.3691798219241911,0.04566365431904793,0.11431916392806286,0.03805627088487602,0.23979443424364832
GORASP1,0.019688270851662734,0.028614407392223786,0.43730641031399065,0.12730564699656444,0.07845412380096504,0.043552558011896905,0.018039988512959997,0.06245846476268333,0.025360699134432105,0.7800333888215186,0.34684384219738257,0.03445949223595592,0.3721410195685027,0.10435022904867178,0.286598170281155,0.023007045186733268,0.9575476924561749,0.26846187353345885,0.0399674087133611,0.05647413956141255,0.03718266695052818,0.04120128719029205,0.24299672803893918,0.1532466734464819,0.09508122318937982,0.15068104678170935,0.7195996401593509,0.03915845830127597,0.13938702074611622,0.027694875932713404,0.9069782009007618,0.0,0.044352830097055033,0.02270227399439961,0.3327854538270538,0.027208487711013585,0.0865301143883761,0.06796288091550962,0.15225244768899032,0.5716637274391541,0.04629251003235903,0.05007765823700297,0.02402678268984116,0.03327949237815934,0.08722730929676362,0.0675505113833422,0.021402558330477484,0.036088365663702174,0.023133088703446002,0.02536532475105762,0.025303935538658784,0.11832765994208681,0.10566555718593439,0.13258070514942213,0.06335406816309685,0.8874563032641775,0.09369751260381134,0.041267169132931214,0.122544280320654,0.3297523235705335,0.47446438262709956,0.11412158845272902,0.21252739846161828,0.026491191747537283,0.3019016854521305,0.0691660174825434,0.13697774161572898,0.09151487686803278,0.37354750437610384,0.05964074596865391,0.07760926811975061,0.20600814586178015,0.03218347734453727,0.08288730813162154,0.04821465913237217,0.6212112333322894,0.22621358362815713,0.16989646812597664,0.03305529080316911,0.031811202496596684
HSPA5,0.13108351392500195,0.036743905682313296,0.19851354871430535,0.023402143761252932,0.0222064810440939,0.031299453828711216,0.026017435881412056,0.01911647037638379,0.048359735285807295,0.03741508091750328,0.07433328372822823,0.1089829895475738,0.29690805059588526,0.27712580243037604,0.17698327845439787,0.0206961619541644,0.039445329656463794,0.036484257810389255,0.13795175391833894,0.06195388623151689,0.047039546989798085,0.08112764512783728,0.033588786634757374,0.022202856609364035,0.0250356873616037,0.024375813294314336,0.09666612497141114,0.37140489604797833,0.09728098334568182,0.02139119440406757,0.07143873762979089,0.05224511675569886,0.0,0.10618674020395433,0.03078285583362212,0.06795598751948166,0.018629028549530077,0.04397349995604399,0.13154784022145724,0.09298318818396269,0.028602558787633885,0.03230109163155031,0.21432783868796434,0.03558818957457765,0.0993893661308725,0.07397529602282062,0.03923792348947259,0.03619861580670537,0.4648788602058527,0.03498869748126811,0.036268004592770915,0.03770872065436609,0.14622880236307453,0.12028717617711925,0.022224439156870234,0.06306681712575488,0.11980387731815077,0.06030383812251705,0.21210404359484641,0.05818331439616945,0.041013675271691745,0.04344334182818612,0.06059979451373306,0.05222027194352103,0.1400445452363686,0.29741950450325966,0.02356704504610207,0.23621234282862297,0.15906649606740408,0.020133235767350773,0.026250503677604196,0.5436053322538514,0.05973386779180576,0.03758671746343941,0.382981679752986,0.02141390927313818,0.07534340554241242,0.094144459610446,0.24875615780938531,0.24552885782446765
HSPA9,0.02486243691647125,0.15295742390119138,0.12717257500260792,0.05579988976789177,0.09780513695698269,0.02249574604127175,0.13806670670275684,0.12672066199333365,0.03607142140000812,0.026899065105901326,0.3268583789750688,0.022111885961560537,0.3135059355978541,0.03081512528117291,0.019213615380190122,0.023719252983509017,0.04366008646486194,0.017997085272873057,0.17158878972410713,0.20042821014642365,0.027614215461972468,0.021737892750464394,0.018706937297143834,0.15594730941493729,0.04663776850750649,0.05192234795738137,0.041411636331626936,0.3443700243548365,0.06289573073411843,0.046277761151943986,0.06765914610755791,0.02328470795639268,0.09533641075596362,0.0,0.3031700071333467,0.020610250291744972,0.7171200277162598,0.06503622630290783,0.041191292844771396,0.04746175380161924,0.26332640347629926,0.6568292379571455,0.04929891793988827,0.27311065087295944,0.10384008498721702,0.04710741845055832,0.09484474887277204,0.03667760916375469,0.6445024931844596,0.03239787438440241,0.2583514172257335,0.10478313691716226,0.0254746226556109,0.11561434353288075,0.06686739115534475,0.08304726595329937,0.023466953953353346,0.265738310893487,0.021326391675471904,0.03536478330437738,0.049427119495775905,0.055590123504669464,0.213774575503574,0.05787877561884854,0.025051265810951354,0.7668659444113255,0.027239866409863617,0.058141534442537356,0.3116678986178568,0.08046297748675256,0.08497033986161116,0.023036602963012815,0.1527627217922534,0.03861638824116145,0.057850808948840045,0.3398439756538424,0.0334814594319825,0.05824078390395188,0.33107440609983374,0.0663184481118525
IDE,0.12956991086233077,0.04153273713390459,0.04094809963776021,0.04816486135701822,0.018048369874870657,0.04820098534484965,0.03503397090465544,0.13917134660540859,0.03673618082014045,0.11150690059852947,0.8532670672868105,0.08400961448688749,0.40103510762063765,0.0787864402666588,0.14927667126546323,0.11507013080370021,0.7776748351637514,0.058978089052392636,0.040181356209134676,0.027655652635791072,0.027652136233092324,0.052754330122211125,0.042947185109500526,0.22324292199993884,0.06989645979005603,0.018889113292522047,0.022510032793711603,0.04958777681517804,0.026902085260092527,0.02554513825980163,0.022683790731952393,0.36694029040474907,0.028906113044949177,0.2662055734419096,0.0,0.021908681395227583,0.22039856813618938,0.02307352575287922,0.046677162764018676,0.6477531036131733,0.05398192314187056,0.42740456372036684,0.06722631793818529,0.44994942896431955,0.07468772158674407,0.5866380003832665,0.03260027881958511,0.5704984605499821,0.04302714048575747,0.02812042450515544,0.049413399805089464,0.15127992564408135,0.02180696068273413,0.03925350425842963,0.05250216283571724,0.4427489551508451,0.13467781542043644,0.05670660472573664,0.05786912815572113,0.5773205357297775,0.915012256836142,0.47381349461607214,0.5239886482431477,0.07220505084351152,0.13656001362369125,0.020448035586318834,0.01940280917880322,0.35794310859779294,0.05184467783883356,0.15676752950361905,0.021975877808414163,0.027671729492155173,0.03763191568531531,0.09030084243096616,0.019201266379431953,0.1659554135585189,0.0246460599692305,0.19271332256785026,0.06340549482480637,0.029122573595650476
ITPR1,0.2759494060794758,0.1548032782901527,0.02022309670006659,0.03134826542469141,0.07347085292405463,0.04865080019901231,0.026433735235347047,0.02268290059307103,0.03098888017632516,0.04326545747327069,0.033196444387495895,0.05533155278241301,0.18449638130524246,0.09652065527072769,0.039003050645204596,0.05389535696056022,0.028119426519089177,0.11012435997864096,0.039729864350775655,0.0216190625686913,0.03722066135945582,0.17041742355330824,0.23272905320734352,0.10247619576517165,0.031302296397595235,0.05117636144901298,0.05997280123755306,0.025485122519961174,0.0651247733880277,0.035434747342200645,0.10016114975876285,0.030007258394962696,0.07197685829619666,0.02093876292369949,0.02271754135086899,0.0,0.047745820525421846,0.034041994927286365,0.12895178589031056,0.018263152339329382,0.028443271620200807,0.02868409090394555,0.4110595108611775,0.03954856051017108,0.02620874036456768,0.025119199083441235,0.14362017569423094,0.06744561094943206,0.05322727824672816,0.025657449001640974,0.019862783954037115,0.026418465302853054,0.06591899687346772,0.044155475392034224,0.3536204462434371,0.028784140481242296,0.01957461412627019,0.06366300855115814,0.08789509040352585,0.0384654742258268,0.0464146465496191,0.04651851713710855,0.07738290309341848,0.0629335255442403,0.06478445237334869,0.07760133308703394,0.7158571396098187,0.04985218316694193,0.02808796853449106,0.026016879394714466,0.01928969263521992,0.08578907384327857,0.024202044299225504,0.039094742548064706,0.02883103226252181,0.02716116451957127,0.10110278212210785,0.0730393300060479,0.04482533638828993,0.025659357044474324
ITPR2,0.048949673313917905,0.04337450655400049,0.054206906905213084,0.07655508738520994,0.03442806069544371,0.01835903461737477,0.038844181172124195,0.09286903818402069,0.023266772580232284,0.14163896965539916,0.02986960570429654,0.04569901444899952,0.03687390148083712,0.06162360988622854,0.15293568882551428,0.13480660219704693,0.3925241423324397,0.2659880451415052,0.21114148544371153,0.20576437919164936,0.10547610669314823,0.2070949590262381,0.10496489556720402,0.22633120290813638,0.17119269089880354,0.06951847283210334,0.6983055310744544,0.024446324982517875,0.13131320266418703,0.09470510323394592,0.029935089775542736,0.10321620371516377,0.01859235111588987,0.7255519835571396,0.25500273745208163,0.043514059490989083,0.0,0.022731383127211787,0.2680834995197164,0.1387212625310616,0.06443148752436226,0.45627959724975237,0.16152609364092171,0.05531126949529836,0.544360370480976,0.29283023402643615,0.08535415288935815,0.04395998542612721,0.030003145489188983,0.05278871079150543,0.032830453884843847,0.05572043714729079,0.038394929548330736,0.03209370344340587,0.08390385928236843,0.0743030886764545,0.03732726112478993,0.03485508689189653,0.025518236879266538,0.0719252053041927,0.04160814522890723,0.02284543813482912,0.19646004810005155,0.8110735580156272,0.03753901567984737,0.08697967334831311,0.029071093358474697,0.14737691348505677,0.3179831927921063,0.07741045968801312,0.24552601352225156,0.05252239161054525,0.27416688713578846,0.03163573357667473,0.031028504463584326,0.023875484871241043,0.03476607837138121,0.26891097818652515,0.019566077160119013,0.02275474999526186
LRP1,0.02187856643970916,0.3853094369430232,0.1335117208557918,0.02809909482631718,0.02089582536026648,0.03840610705827686,0.08683560417983427,0.11054621827565131,0.08259928774903375,0.45729595937247075,0.2190329964608198,0.03920323152548813,0.13606739777383034,0.415332437569067,0.03733071616060713,0.18609693739407954,0.02330774697169762,0.5212054189597659,0.0200240120856744,0.026568261801321904,0.04477793264268517,0.08047529707144539,0.10562763798302441,0.0356208209957915,0.4617463702856378,0.0272985862191424,0.09558853505171053,0.021953642592049613,0.030814005887852488,0.06297965210763898,0.02106687502729689,0.08117412450114916,0.0424904000172257,0.06725191439834186,0.023591368942194595,0.03235963054875954,0.022828309444765903,0.0,0.2713021200920306,0.37865509081616316,0.03530754969608157,0.05498664043881258,0.13912947182331156,0.07546072763929138,0.04125038746958991,0.2621769889754414,0.10880323476841057,0.03819567228979708,0.06342875720858783,0.038958863894361116,0.0830579905532016,0.021324812577962232,0.019774728835011607,0.1807316161449611,0.06241856972505072,0.13619250387780674,0.022104056663352523,0.05798913049293944,0.11557709856034748,0.1403314872332762,0.051994649904762595,0.06766038292290347,0.08123254956741421,0.04403633987415795,0.03582060127018592,0.08889187657334366,0.018488036048754812,0.1515066515862208,0.4357140563944914,0.06677153751911694,0.8362200155011885,0.048950756561121876,0.12394556023931738,0.01979757218991767,0.27894196394206805,0.027160746883413547,0.09506407395562701,0.3482186962335585,0.19042400181127397,0.031733652473932915
MAP2K3,0.25667038679076726,0.39585963637248955,0.3007629916101234,0.07351078823481408,0.07974344447518154,0.0761734760027367,0.02424790681509906,0.07942942658011067,0.19304795166984456,0.7216129182248694,0.0426356728755356,0.03725171367741318,0.0511252629386918,0.08715742582301153,0.10906534985973888,0.03692788680644149,0.052241774543821506,0.06674558748437849,0.04380285656809821,0.12362948904008489,0.037014531173790347,0.02587562464251052,0.08530885842311606,0.10238665259330114,0.021408741554844363,0.9228857551551504,0.5156079016663101,0.06926520002047365,0.1723050010270057,0.1409622290067662,0.03804195035653115,0.10622797545933683,0.07312694696070288,0.03323608223201166,0.038069148058715176,0.06803186997145098,0.14111056045653847,0.13781016192940948,0.0,0.5006347446895794,0.04951764666180131,0.03188972537506826,0.12698950909886833,0.7157209768065806,0.21736100579808637,0.0807540752944845,0.07749454752642816,0.613643518733299,0.09627394191646707,0.17741057107332744,0.056129820578715406,0.028937272663566323,0.047151156976611666,0.08931409732817454,0.04077706612306725,0.020377731529888463,0.40745299172441923,0.506355861393705,0.07485020251637839,0.04944040208046469,0.7460946017797528,0.28354213077609586,0.37203223018109616,0.3368229616107282,0.13802961326317031,0.03246331602627772,0.5518360461149499,0.7933821174752274,0.033892770795176955,0.035374153050493545,0.03333554521552052,0.8975157893619505,0.037852420270160766,0.098413743719933,0.5658831981201303,0.08573793729340361,0.022202204482919232,0.022701856109091458,0.18392098314864336,0.05675387543199384
MAPK14,0.05581635767824769,0.3347174415254317,0.09067896819391545,0.11158289267643098,0.0461107972515973,0.030293484565378833,0.04088457628492511,0.6390751171357821,0.20930973723987975,0.39366708349216195,0.022658339321616414,0.20676039325004214,0.22457944949209913,0.02924056771315123,0.21188451015034157,0.08062111429485891,0.9160768577169507,0.10663162923959549,0.04157799476939871,0.020983801478773923,0.07750588771919767,0.04854301442208171,0.04347549219220063,0.018593066625373505,0.8577451569754345,0.03329171844511564,0.48149546587805386,0.33610322135474224,0.021738673788097292,0.10441352124434823,0.18635296085674385,0.6477096281432616,0.08031092939794915,0.04607819394970489,0.676564824815787,0.018226367987908214,0.12885226039345973,0.33339874553528387,0.7774803668118494,0.0,0.37626181767733596,0.03135566153873396,0.0195614827327254,0.03504822338895149,0.02601428687851691,0.027466816087923816,0.048871945872303375,0.1398182196522664,0.02133498423227276,0.14826482762751234,0.024422378782479395,0.13401605373837672,0.046048075150622717,0.40002433912443863,0.05885296669021498,0.06470864400095148,0.03450205743912419,0.05197305983653369,0.027745149554356884,0.09954073690409784,0.04051026674804318,0.04983212900828247,0.3729454640050686,0.34503804347124434,0.038248071768956844,0.06101688145301773,0.07291941151801849,0.039949073391234734,0.03445357225438084,0.03140197979381194,0.32224983107781807,0.08211855550071644,0.030373562323142134,0.03583162248215081,0.05925587822092079,0.05889052544512629,0.5709916440147766,0.01900204734137278,0.0702391308884472,0.029423964121154975
MAPKAPK2,0.09774092312401135,0.02066802375101038,0.6553433997373349,0.04773356408956098,0.06428417367094261,0.04163596198850183,0.10284030077584232,0.26867899604670353,0.10779834842252735,0.025760836846036486,0.025343865006535526,0.2819380881909246,0.8921714627471049,0.10047305783961315,0.3017789414816086,0.11130250291102717,0.9821260327115303,0.3659891884749662,0.25479328746705865,0.04766062236979052,0.16730706378047763,0.06730487198495685,0.07943926896979923,0.10271416010670507,0.8407851426895026,0.02147715011127697,0.02395788345710211,0.026454638529477943,0.05800522696971834,0.3201114944550779,0.38563103736546045,0.04898115298987267,0.027251673068984107,0.23901980223398483,0.05484050817220955,0.026645298252161678,0.06043317727268527,0.03372607583089308,0.06621937977721462,0.36573471854633294,0.0,0.22418121757497786,0.019918761219569155,0.2321675579762697,0.03831701060283269,0.0332641671376338,0.3224408763651342,0.02478501028509985,0.07816434730907547,0.40920800230788607,0.06910999346902688,0.17870921772463197,0.021790071102021125,0.5445336975408098,0.022758491027802055,0.5962129086164863,0.13347270591432428,0.2207991454636943,0.02480560890270471,0.18077962949002474,0.054468074776128125,0.4360648092033779,0.019556793104624676,0.10617823255221345,0.025530281302722297,0.40083940631548887,0.034381618923337236,0.030091494500415678,0.14991036154136522,0.019646328287844753,0.27689553976791037,0.07670342994395458,0.030965127375248223,0.06712486498863417,0.2521010053414073,0.30700467757082817,0.04167356431154252,0.13128113619237627,0.16044691807148243,0.054113994901742624
MFN2,0.09419850038956082,0.06855867233361769,0.07131398106932899,0.18442298224445444,0.05984045972776198,0.031768114698371305,0.048248001012893484,0.05669240444918096,0.03150542377311158,0.052924906359479953,0.11291128042016972,0.019911715472664338,0.42329675326956734,0.03478944183181386,0.03570361265226912,0.0708221151967338,0.7283597885513883,0.20321586271533476,0.07465145399610716,0.044366284792929936,0.03978333831908159,0.023760291588111326,0.027419720027755452,0.1766042332594024,0.3364505418230748,0.06558579756978744,0.024301423975415303,0.0470215699438209,0.0209764412879055,0.14371331965578543,0.12623923906470627,0.060037876517091714,0.032245749668360114,0.7217121503294462,0.5473974492570765,0.028082731898738427,0.5100471664291069,0.057279805323329644,0.04095698186196489,0.03312197741782187,0.2834306913466973,0.0,0.020126665175076438,0.10049537143900383,0.04568134407316181,0.01935833511999673,0.04138637830566549,0.10571367831356487,0.117977927367972,0.14211969453011597,0.098320976123023,0.029329518230071874,0.01843122011998419,0.022544031763352877,0.028135383090358384,0.249916217246022,0.03629258419154821,0.28987898969284187,0.020551856907456596,0.10247674018221005,0.47581660233537965,0.13397174781405122,0.23562320523744967,0.0467425120063865,0.17991374222096004,0.32117075338124057,0.02209745047711211,0.09888569482905414,0.047806979053699454,0.027568268451976113,0.04867573068426743,0.034898226161421936,0.020012320005408205,0.02373284285382492,0.0557876983487261,0.17505395567324444,0.12312159886525494,0.03427466233414748,0.08173465146237192,0.03703739068615181
MIA3,0.10510876834157534,0.12472920801463837,0.10185600144255219,0.0522233854387549,0.10488464918514286,0.0836541606506039,0.04061552011608994,0.056414866614105434,0.047036143468012416,0.053053663046062266,0.020888607881409723,0.044258525506484014,0.27348091286772525,0.0804296370137925,0.03613750430239985,0.11124671571353524,0.3901914348482647,0.6982920991475288,0.07549388286430696,0.029457719337838268,0.25627654219336676,0.11522660020122684,0.14063124051401016,0.056983634289898756,0.221726077144077,0.4296059012491974,0.3733984186319312,0.03503650302683811,0.5535279897968514,0.03261749518884748,0.09988217654428443,0.02417344375416319,0.15805762823356853,0.04556953021126937,0.06525030987158105,0.2694096644588779,0.13564908367729622,0.11427507284691431,0.1951181766287599,0.019479791216615618,0.019842833510350488,0.019821937016431253,0.0,0.04829888501134565,0.15452253124454826,0.10910106413094063,0.254107763544509,0.2980883575198068,0.05743240856662793,0.07861901987191831,0.04344854042481448,0.09339698243657688,0.06816374640325742,0.03508417911035535,0.5269990026101313,0.1863528494040596,0.036013727139643646,0.027867989841038925,0.626469316790829,0.019149229565350152,0.5363956156025047,0.2710758412224712,0.46491144607867496,0.018040207064372253,0.02443797783165393,0.0226675659313407,0.9160705994712656,0.07739020941675107,0.9483075838247648,0.4630694964974716,0.14406885153577897,0.20867895113541482,0.03228449327801321,0.05069700587931967,0.05169493811305672,0.04056628570693948,0.14694135876302977,0.03582527465081711,0.05034902920597459,0.17123696736492341
NCSTN,0.6170927901406327,0.028777374919414477,0.052350040435697576,0.025583130448285023,0.03168292666371227,0.02495422415881399,0.032870199763527924,0.3349662270197423,0.3465654518501945,0.4465144556602434,0.11383491523245556,0.6027001403209309,0.3185432273858642,0.03816493909974684,0.07621871860029529,0.24677097666989695,0.6860074279049525,0.03169419865850507,0.04192542103445373,0.14364899423969207,0.4993894869453292,0.13714652350822484,0.18681378943680577,0.12452316247441889,0.04591757834926515,0.01824159585255926,0.11907188112847433,0.04462534868310915,0.29503414025758623,0.17867324704450108,0.11469552669816253,0.031198518807863368,0.030137261363011963,0.1730641410653876,0.3207496314702534,0.03183479100057615,0.044324548536427116,0.0559001316703523,0.7981315958246994,0.0313618904117062,0.16296384303585731,0.06714440561274759,0.04280213689273512,0.0,0.12609365414600093,0.37300217569961513,0.028217996505387224,0.054760322628798604,0.03652995887523001,0.033282098888498084,0.05294546077075742,0.018525723032570014,0.2055755777176898,0.9691100994899047,0.10229350981947015,0.1884775827638536,0.2034599763951746,0.5871434763360056,0.020480805362230847,0.2221633119266063,0.10384950656605246,0.02624533476959242,0.2813546078644899,0.67138319596899,0.0297307017127826,0.19329124735626682,0.1977874356244654,0.4105482603074754,0.19648166198060463,0.019570951802658557,0.10836954436807951,0.33557763508521526,0.06695549857231342,0.028914723990049497,0.01815083551779004,0.7715633176686099,0.17243945611858208,0.08164751955266904,0.022984644269370795,0.052200228419969984
OSBP,0.03995442452899337,0.08977171645826257,0.046067779728538434,0.07013673305272591,0.0648052277346047,0.15194566786099578,0.036342881911664626,0.09375568240445047,0.08213917625598591,0.38134493578646966,0.0410155822867709,0.0361945903945661,0.2273431343125339,0.039391559028317355,0.04023376909701688,0.02120561632728757,0.9874890114900418,0.1866186465826117,0.10184161313329827,0.3058448945955478,0.029338427064821575,0.024360920288924972,0.1073895596297035,0.1091736981954299,0.896808892443821,0.730540970100953,0.5410267151940601,0.1960601714188317,0.03078765001566308,0.18594283650439603,0.8280740754529616,0.08829866543810228,0.07782967527680242,0.08921629030819743,0.07110552490596278,0.024444559533348842,0.44162835088159064,0.03754104584398643,0.34207747771313574,0.02542848862247572,0.03691878039314287,0.039912273265950135,0.15073894893985149,0.15799669666552182,0.0,0.01984584699095476,0.07968819413672572,0.20801187297842214,0.28766562950323077,0.09040574578474904,0.06752254867348081,0.08391260696740006,0.10917948238129135,0.12716552512753262,0.09886060292451657,0.09239939885917765,0.38225207637865494,0.04687029681326518,0.1477959128577613,0.12860616816219805,0.17199667755987208,0.3011603310189694,0.028233684202529592,0.7390746285296216,0.0918824217815389,0.020218722327047352,0.30082668673971247,0.08112170381680385,0.049628669552977504,0.10578188268412916,0.3197368698740198,0.05560507491789101,0.2861771512416155,0.13353448227025555,0.09390234227467054,0.04439791859472887,0.07465641052324071,0.07412401379232351,0.07872066250008748,0.026296585458927213
PICALM,0.03353239402544699,0.12447115087533721,0.08272517071715209,0.07244675159423887,0.02823787727127504,0.022770811127803228,0.03641447431854435,0.04482406785583213,0.12843529940426238,0.07139461098732007,0.065255896212181,0.022956603383363684,0.43791172506326337,0.03416750622082126,0.03325850552767472,0.7397263467422583,0.2923850785603376,0.5968253446226788,0.02494062697026403,0.09098178684661967,0.02008341712108027,0.11667402937264727,0.03172292491761718,0.14470114891249158,0.6956620767686805,0.6794228047300307,0.9800549761797067,0.06587114392948841,0.1931824501866991,0.055544171610859165,0.02950809772315812,0.07137308612933636,0.06275544378571753,0.04452221494629872,0.5841630983336915,0.023835459090423252,0.2512066701719048,0.2168121137336963,0.11881327915741942,0.02712787692062626,0.03292553712175007,0.0191922860640973,0.1131317132142621,0.5148978200617653,0.019913528957057242,0.0,0.03895993898123976,0.05843762395351274,0.07642162981096709,0.029892293399500763,0.03567093267115468,0.4160781188113469,0.1686854550415412,0.4861198332140477,0.45407513631918794,0.4737390090710985,0.02011338004542336,0.03776736483162399,0.022614846075143687,0.03821783928423077,0.1636182796241634,0.05091641187923484,0.03425214126816264,0.04706339227774564,0.48836062573938427,0.09240399907362307,0.17315707633122954,0.026484996714094988,0.5059660731480079,0.0732024163259956,0.033990033441907166,0.3132089001930682,0.024908289425761915,0.030734591302229535,0.08736360200094538,0.020212499655769007,0.0970509345486014,0.37272793625718176,0.05121381260005749,0.021228395021853155
PLCG2,0.022930185585281145,0.3746036411007965,0.031147902250890695,0.029804156335194707,0.030986266296684734,0.03517039060709773,0.033761937494646094,0.04571638625440058,0.32269885947713006,0.057339816674348947,0.05718298824468934,0.019640855088267586,0.20799625961485155,0.02592046170605202,0.2098315092111748,0.036705199062161166,0.9952799209890663,0.06714423879208897,0.019371630505099456,0.08116843620448534,0.11635948134745266,0.018024687553546425,0.02926423115864605,0.05284492907131519,0.05718261674894689,0.06644428181539577,0.1696577852111806,0.03344210454119176,0.23421062930365938,0.08005142714346472,0.08764074079436734,0.021472898833051802,0.03521211844052108,0.08334875815673945,0.03211516658890167,0.1017835895874105,0.07469190295022785,0.09088273530148132,0.10856116432858753,0.046441851442285166,0.2949840983921722,0.036948701023223285,0.25292466016804077,0.030033584454714258,0.08091745549147261,0.038277897487118434,0.0,0.8792982904526235,0.21639797988841383,0.18070031238249393,0.0312774039087287,0.0314311717731759,0.15153088419915828,0.06647586367531405,0.29461942767706584,0.03121919293151046,0.02291066347289227,0.5077548704736381,0.018817688322663874,0.09082414214291352,0.020494465767741107,0.04457900328341629,0.36086612202751434,0.12350165914825317,0.32935356259129783,0.030314825358285065,0.024022173487634357,0.19575655750297302,0.027054685872606652,0.061701150964309476,0.16830260950073658,0.24245083252905592,0.022475182411910544,0.24263068525100573,0.06060237892181789,0.043511541464484334,0.13248095670208454,0.04522677080908939,0.018208664081189773,0.2713294068723474
PLG,0.148953593691924,0.08464602362510788,0.0197084032522223,0.14158035558392057,0.026826021256622548,0.06021165277384561,0.01869387315602989,0.46001991022245964,0.052548489366477415,0.5596967911967307,0.2835734041042864,0.023403136223209598,0.17698094130544173,0.021075954629009776,0.13340235736159167,0.3712726153365873,0.4342107618241584,0.01894955932210619,0.06250508880285133,0.025538318613567645,0.33058887828402733,0.11182498245661938,0.027905626363103793,0.06070918953568178,0.22575846076117936,0.06117467867657474,0.4334443445192845,0.06939179481311909,0.06787386090081332,0.07815944588674789,0.2875600626391774,0.036263838462025966,0.03261761150570532,0.03437137554796093,0.5315614327219631,0.053005656904536284,0.040261385384363205,0.03503665545356091,0.8154923381965468,0.12409142058616719,0.024386730852109052,0.08235942981742304,0.28911965971216197,0.06278135151930095,0.20755031872089869,0.05616381431123572,0.8717038524687313,0.0,0.22328510177562735,0.023278746792291284,0.04207507359282673,0.19709062679681538,0.07373237810594055,0.03216939336639876,0.7826132815101614,0.09816145215128509,0.45487523368642346,0.06737990568962231,0.03509953572250701,0.11688638764530528,0.08196636718190639,0.08371298111592819,0.02274147006687543,0.18794449929570164,0.14201209525181663,0.061832597136658146,0.019892799808581708,0.11384043001481775,0.3809314848643522,0.08520528909785188,0.06574279556993079,0.04694255027441515,0.37084738645281085,0.18132729435066308,0.08012156695193422,0.02752849338378391,0.3621564512315624,0.020158901337388443,0.05739866765971139,0.029801195977578594
PREB,0.02988140660560348,0.03004435802324675,0.18357384392299106,0.0451484563220346,0.02066848128306567,0.055700151369752045,0.03713334894032107,0.07767260558392756,0.11210028268681213,0.5372717824491273,0.9991113540810501,0.02059149280760077,0.032535823028312545,0.04526814172639045,0.07098481767027727,0.08194941338865129,0.9316026378622687,0.022785066117786305,0.05963451907201597,0.023750157351352042,0.02714724922662117,0.02997200157133936,0.022853320050749932,0.18049009787468312,0.06432480105155834,0.024485797990870032,0.0949066773499165,0.16506077908213887,0.02692635700887897,0.13528877877129333,0.083343592511486,0.02315414623360557,0.32485080254876697,0.53942296455926,0.0415711971897077,0.04348564046842624,0.028475567164045652,0.05480357758973963,0.13671105994320565,0.021095827039342766,0.07241448635644011,0.09020482918934418,0.056329807302153284,0.03979396763732959,0.2848602318441792,0.07249739133981876,0.20957949323633918,0.22167070409542278,0.0,0.032521268512349495,0.05927208656441508,0.04252769073281091,0.02747746789159158,0.5890818088246657,0.01810508222604144,0.17679710304814286,0.18106353536936337,0.24838512245953182,0.10682060562522316,0.23192553843143318,0.018811997763485862,0.05557027760875376,0.025209763634804955,0.08135313911731987,0.02238514992891083,0.9767486792077863,0.03860002973730102,0.029828243215211585,0.05422909553894174,0.03294153484148534,0.9716135037981959,0.1831127490823542,0.06735452716832878,0.4266269034602026,0.029376359759506403,0.3202175757128826,0.22818057739826808,0.05364425032168103,0.08809020767417271,0.08182818154509851
PSEN1,0.04184184368109955,0.0217653310989524,0.8248612313209087,0.12204435164062341,0.025002119565362378,0.029803749922331275,0.020732769123178913,0.09654509815038993,0.23492316772557972,0.25032757365286995,0.2360764444979949,0.023082127333598216,0.7467178504622969,0.05220411610355295,0.27609991492948754,0.09354533626630082,0.9374912638287906,0.03375198491635248,0.025749890142283082,0.09188164637862,0.11590601866840895,0.04197269686880944,0.07772938719370738,0.12735947022611963,0.11682771809530573,0.25095794643755953,0.16333703228966906,0.022841647128596248,0.020994674799591533,0.04726007893958004,0.12583712192902813,0.02683870277767308,0.03460094346983427,0.033365235324525025,0.029585264124810117,0.025127275767983494,0.055149893207679886,0.03964667469780289,0.37921867944194015,0.17378622258629775,0.49739551865323406,0.138403004217494,0.09583735244092692,0.040009441782492744,0.11451555999921209,0.03170815153703623,0.23962115084730606,0.024236778200522276,0.03573779556407012,0.0,0.023910385472306783,0.22686246068448174,0.08054771864791826,0.05856495246082406,0.06549780811947614,0.06681579646769711,0.022362227620951487,0.05436262615361244,0.018121240736680574,0.035162360467768806,0.24011140259450928,0.02000056519162141,0.03232029724755722,0.10053983751609197,0.048629038785957895,0.08499579926032427,0.1289640805384948,0.036183497346567714,0.14430991188900819,0.11357766533314857,0.02454355155608919,0.030313692034729642,0.18968711846816452,0.030557063053683282,0.14192532593307586,0.03406354599598784,0.03783330431419362,0.33717011267045366,0.03939523675025438,0.042192642279178835
RAB1A,0.04254413033217786,0.12004223213207472,0.04107052446629326,0.14070977826343994,0.07763509321626821,0.06220718994972431,0.1399763644559759,0.06007764460301928,0.021802001651285825,0.03319098087595566,0.12848780419519693,0.1446936407995757,0.5238125665511735,0.023773283971685766,0.06415059976365219,0.03852667298369466,0.6029724919184097,0.02006730234947749,0.019436963719985288,0.04984794747096804,0.018708265289690135,0.04305401202603,0.03412329138967359,0.018351095520975393,0.021192232329144422,0.5373399335457448,0.10175478609240861,0.03683149629166518,0.030366240932887943,0.032221388358966326,0.18765117119717942,0.027432158446885877,0.0374043909667302,0.3289762508981151,0.05924585222131695,0.01986229589955951,0.03498435803127234,0.0942555468764724,0.09792199158302257,0.025577895170771726,0.08572450570264768,0.10610587997012079,0.05220200063133335,0.07904038460140551,0.09011644481597472,0.040471198884962555,0.035185398074926426,0.05093590510402546,0.07753786884453874,0.02433781229851381,0.0,0.40002632379080055,0.08253425276445363,0.029048084261475222,0.22167533025232752,0.13191243191169588,0.023310060388083004,0.020889454636845446,0.05009000231119937,0.11071466416450583,0.053628698769001525,0.04064215618831295,0.059834932400629835,0.02324651870184317,0.030699659242419994,0.05312501641094065,0.055409797279347674,0.04709397890792809,0.03684565610615314,0.026717788208437673,0.24904623800358416,0.02902458689169588,0.019897816544709387,0.049442266377293376,0.03097495859444696,0.03132249861629636,0.031832477862020724,0.2843834802865064,0.48620935359732065,0.11538652179483407
RAB1B,0.2008651695477602,0.09153714611058827,0.8488062087451096,0.0619946181914371,0.12366800527690364,0.02279204952233796,0.0842621371468147,0.24980991034894143,0.21501908804380399,0.29631952966439096,0.1430426188434348,0.16139600322453182,0.6976167217051298,0.020094143496131325,0.03981611763971358,0.03659247572228975,0.27433187669905323,0.027466259847213095,0.07876000247451684,0.13871340198321197,0.06908461075469163,0.03318002279029773,0.3177398131720314,0.06995081286839878,0.04114693784644304,0.07520803642378295,0.18600139026714485,0.5809197050075978,0.04673311658383696,0.08712913796939979,0.1191112807240255,0.12398917167344635,0.03418918101493279,0.09254409983364262,0.1461096388156975,0.024746133452890992,0.050877310059983645,0.02097063319139867,0.03261100824315983,0.12333577879881454,0.16732281755013134,0.027518226728009538,0.09420432973673812,0.018606959243996624,0.08622410218819013,0.40223275345604753,0.03156472884837701,0.20523295737824881,0.04336482287945051,0.17430097020717447,0.26535392607969416,0.0,0.795356048490456,0.02438181700973524,0.7158055334161538,0.08348017548440334,0.07976906610763432,0.040850383355664134,0.06042273515855575,0.050107475952417664,0.23741584872286595,0.021154784181109776,0.049667228340541075,0.03114686415061826,0.5524139706521355,0.061549727308469644,0.20530726089561557,0.12832507222698128,0.10514895321539884,0.05652707059376855,0.09703721528934264,0.05962637737236249,0.08379093536970553,0.8715689624870281,0.1610120207211544,0.058924276078147576,0.020363959154428096,0.8222505059049554,0.04313150733123025,0.024879018703708598
RTN3,0.12748025554739115,0.20889810384251015,0.030629842727420184,0.3441183005358165,0.3663766746980944,0.16827778772983695,0.02483364048956215,0.05403618691054865,0.26354723924296203,0.05359682386900715,0.7706424247502571,0.02628611442782452,0.17209060894668143,0.03986035383457074,0.06987394127936339,0.11767814719761402,0.24890129508304631,0.150020404902572,0.03621115655503892,0.028828425271524884,0.06993286602442017,0.02863377660260173,0.021202625727631486,0.1832653646177609,0.12427736048422594,0.4278448799242903,0.27203578546428603,0.04319771352992304,0.03460296485740953,0.03019117274962607,0.14540140029911372,0.11465235307897688,0.11703988693728391,0.0250020870673895,0.021821938767025362,0.05432523896947135,0.03665085849285277,0.01962775351222956,0.06139871336539754,0.0450487770015771,0.021744423861660696,0.018380839202607965,0.07062603838260141,0.2904932608285823,0.11694881859040972,0.17069477531613572,0.16044544900961144,0.07804558345863154,0.028008433653003074,0.06975140087380964,0.06593536457523676,0.8138070780280776,0.0,0.051952630395401114,0.08929631461133275,0.1887238725698422,0.05997688586970717,0.34628223755132076,0.07047058230872899,0.43173220519892114,0.026529705847799605,0.07348941388702923,0.07716106571049938,0.023545152090571977,0.13513117877236588,0.5386027455532626,0.3936956237986273,0.018949189830732842,0.04376626009391505,0.10450032725656946,0.03530783059877671,0.8313080722663619,0.029028337224358648,0.09613808555236879,0.13875869793713844,0.03418074067865677,0.38287771640890716,0.2644614368408137,0.05538280928555285,0.029223707549136235
RTN4,0.21232422893400468,0.04776860990797045,0.07075402251136365,0.2589694043505502,0.050385182720018365,0.03798711160474158,0.047970165113195885,0.018766900544319478,0.037238386499094646,0.9951509600052882,0.6734508083694358,0.30822478315577245,0.19963191425721272,0.1347756718886636,0.07380371489341385,0.2579623285833739,0.1360891535343779,0.2382005450065974,0.0814956218390865,0.0188040010083314,0.0231945633077186,0.01947759825995547,0.1456503308334299,0.207039810429468,0.057874332176396336,0.027792334802415566,0.30514402126532514,0.09448378220970786,0.023246800582896267,0.07140593104790728,0.6435545453310052,0.11573071586394805,0.08108493464067293,0.08646808465745037,0.035961244927309025,0.03531746071420913,0.029080482466044038,0.12188267379103139,0.1089566321813488,0.28908705280701863,0.41361386620441726,0.021474682299790562,0.03300407164430631,0.9762789690123196,0.10974383078023085,0.37876451735849936,0.059257242703985184,0.030724547616957646,0.5066743041454573,0.046211236938761904,0.025766594400446045,0.02367324216535902,0.04600725893586653,0.0,0.24033002204675047,0.23008823888084948,0.1038812067884924,0.02091311127196422,0.037980526107119814,0.07443452752609932,0.05440922791345284,0.386040768570837,0.1203968906843106,0.6210418363286175,0.031669572209642324,0.20545305635534997,0.050469204938574035,0.7583542486072959,0.03557495940649507,0.02041277191892664,0.01980051844849961,0.2763960299886274,0.08279772660594079,0.8352717302080604,0.0956429243959748,0.14487908116810647,0.11591347060598022,0.021498559250914723,0.03578545513109355,0.10288173295319146
SAR1A,0.07142992376172934,0.02206415750391961,0.04111207800877932,0.019472291198597343,0.020974158897817678,0.027158644825786293,0.12439734238104504,0.4891975790214625,0.023958823452259588,0.2616387835078849,0.34376639411129456,0.018280542974197626,0.02712919433436268,0.040543004667167544,0.03695556465980692,0.0223596218761838,0.8091569634891221,0.35014918995643807,0.019846417390963534,0.09217626195649964,0.024212266577087683,0.06572843531055717,0.2719929473455843,0.14139380796376882,0.02648432449295033,0.03084017430080194,0.08691441304363443,0.2085465683893319,0.24458976899996984,0.17694734313397514,0.020752987107274423,0.062020011301174266,0.021436920644817545,0.057791120386538414,0.0492884981696369,0.2134857533220294,0.07004369087363117,0.05282312426479477,0.047879580386743524,0.053289082789453004,0.022367979559640004,0.02610263910335245,0.48833823165389295,0.12010987287340875,0.09490246703051945,0.4000685519212166,0.2720197560302618,0.7600418817234504,0.01810258644744359,0.05375292571893554,0.13924428066650824,0.6709207431530733,0.0810081250355411,0.27299343257920355,0.0,0.18228608687562353,0.26157827778381265,0.09363681473163513,0.03505375923210699,0.050662095687732805,0.04478957144806231,0.10028624766015228,0.02526962833334725,0.018311198599558362,0.16467006975335072,0.5517496665437643,0.46860486234865406,0.15089113872773344,0.05393179023526213,0.06472691720871909,0.02873529900320385,0.04334164005993906,0.5446438547258884,0.9332816581212855,0.035336939873779775,0.3118270386742932,0.06049021318224447,0.14086473858253856,0.028618035091788157,0.04569005183050856
SAR1B,0.11934071237916084,0.02809855324846388,0.06344935095621658,0.354811481349478,0.0674885670720156,0.12101249678587406,0.07213287198128755,0.058262879066753995,0.019442201416385085,0.6027885440281301,0.06666852654346714,0.04285051489641447,0.0483400052157829,0.10973551375682307,0.10019092979166785,0.16434645570844317,0.5580943834885569,0.28896142333308594,0.02077593886798548,0.08807758706560745,0.029924067325134866,0.04694633319762287,0.8634623730710929,0.07600069745474873,0.02176291396530635,0.08139477876226865,0.40133981908798755,0.5633231774703412,0.10434583366980452,0.41233584140999024,0.025143240425084777,0.8850334892629268,0.0518566754738438,0.07145367848725988,0.399328126673097,0.02626731413109561,0.06391173244546974,0.10742424562982535,0.020933583341351585,0.059064894243205525,0.5303699947778698,0.17443087344594282,0.17713888208462206,0.2366987500467624,0.09069244311964757,0.4303119325602602,0.0308380006003752,0.0964513332872678,0.1741044941595114,0.055492769984025865,0.09134095382415154,0.07988720592294739,0.16978987604506637,0.2690522875610228,0.18742764085966995,0.0,0.12289951609296738,0.20422839893317915,0.05260874954717417,0.5501680689839898,0.048507079115341835,0.22837677970137024,0.034544724255832146,0.5598460689089719,0.1465444123997103,0.03274540873720402,0.019831460415292906,0.1648741025014854,0.03616818232756708,0.029137845505079137,0.044636044870782744,0.024480244160349423,0.11917752892022587,0.46241155714662874,0.5580952125557561,0.07590091274347692,0.0287531081567327,0.09389798542145968,0.10011403779901552,0.048211484309883576
SEC13,0.01954861890393828,0.044435798902179184,0.43741650120823655,0.03759460172765867,0.022289392892176088,0.07157039532462993,0.020632309594235825,0.056024692307159174,0.30899379915219854,0.2529606753811349,0.23703591689498704,0.08970053486004852,0.02533447515230109,0.18002115744031053,0.10064732414345903,0.03237462912529152,0.730605538253991,0.15211869151576793,0.06379426460386915,0.5514060424628646,0.09001769764460542,0.4261789250280904,0.10700296936664992,0.15823397215669005,0.21936774380847698,0.6566283294438086,0.038230378979866246,0.024678854904809186,0.13064903880087064,0.07448359639343007,0.05520598391794044,0.09999531469343208,0.0964713926247948,0.02309128646441138,0.13376137427865714,0.019313683587251954,0.03551767114599103,0.021718952829363463,0.6479371079420305,0.03382325866844188,0.12907648740069486,0.03342200773804105,0.03651461730864592,0.2828020452212137,0.4102401367629361,0.02011036041993619,0.023034262229587255,0.48753659423443513,0.1954667988894315,0.021853339083515538,0.02237384997418893,0.08144257563553414,0.05947005533499158,0.12715115097027446,0.2973534393379554,0.13329376819007469,0.0,0.21219915933079092,0.16028951394543653,0.06431807001236581,0.029826698995040677,0.06162980881329259,0.22840851094287729,0.20996897115780289,0.6941192651121917,0.07226866510366826,0.45924363020806086,0.7448959983107107,0.06062283570042012,0.06889824928856413,0.06142231497416358,0.1694540276863909,0.019508786195162386,0.018473673855141252,0.05819234050267298,0.03064279102225277,0.7828844132883067,0.025434515603711367,0.02736928272733726,0.153559171349013
SEC16A,0.019084808645174214,0.35481046914218695,0.8992322005035975,0.027575251234722892,0.021606747770586722,0.02616104424980398,0.03934891914567388,0.19493503418780586,0.07236730576894966,0.021936218756152343,0.782941874436187,0.11664133291676278,0.4822718832326774,0.07954175437885257,0.04753821079530657,0.03363735108291606,0.14013673035894952,0.5208917533084811,0.05522792037080579,0.058149264092104316,0.06208983093341379,0.031170839166711,0.06254092124946631,0.024680753187447894,0.04673593587807066,0.30666874507664993,0.048773455379093986,0.19835121542183096,0.019743004931827065,0.12156806097694461,0.1470698040324566,0.04211906210265923,0.0513899394656511,0.2239673390287671,0.055471901599846114,0.05145826698570481,0.03299409566093014,0.05170798492810222,0.7382002685051131,0.049528908707749966,0.20527844732551478,0.21292584099826697,0.027914004589220297,0.7287304506182767,0.04761347022117937,0.03729055509399123,0.5137378359783874,0.06893038122596594,0.2600386109487103,0.04771135135945441,0.02035951614638607,0.04079416164562669,0.3288956396552491,0.021248892642236422,0.10015671041041511,0.21696663919281148,0.20509936928940908,0.0,0.021956781643542957,0.018369963027251322,0.061700078942777285,0.7827749156861558,0.22713350904919893,0.04051727916497002,0.053266814239710115,0.08508904824494966,0.07165100990794601,0.09175835243929524,0.5245030203193458,0.028229863226135396,0.4145934118661715,0.14978794946047122,0.03440295384886286,0.01903821071840586,0.02072606914473653,0.11922378598480123,0.4465984321302054,0.46258448098632576,0.2693150843359338,0.35866250633654373
SEC23A,0.019248810457785624,0.1038898712194982,0.07693909624426794,0.019980754942070203,0.08402719652917522,0.06383762351949553,0.025048518898782846,0.022210665722712398,0.044137539815567714,0.030835463572332526,0.08131260711860945,0.04343846085420242,0.03833295535536027,0.056049340808705564,0.07964092843377804,0.1041887600170394,0.22950107035466039,0.14875163620554724,0.12157927913810053,0.11930559315205488,0.09754117640255856,0.1409807021249275,0.06367981123137072,0.030269073117862803,0.02609943422781088,0.042696492892631346,0.04027967173645459,0.05207369365459381,0.1540138846149868,0.07285870029998202,0.0525686914674127,0.17927788223691676,0.22572627866736555,0.021692699551548945,0.06993197710418964,0.08599113683157682,0.026338804821695122,0.1307035347728472,0.1434116286077415,0.029411340340353215,0.0260275869696765,0.02064153587782794,0.8018513742570368,0.021471790051138792,0.2177131527821427,0.023509227292071597,0.018986355921472648,0.04036452810436865,0.1520324446504093,0.018127659968827037,0.04938028730527257,0.07534289463966327,0.08722625211353725,0.04792982725134366,0.04110621247497577,0.06653248128241891,0.22196841032161754,0.02280491702069047,0.0,0.019753580405225835,0.09726923423791635,0.2350304511129238,0.1534290788253511,0.046445681791198644,0.03457018551642086,0.06221214992788655,0.08755215887456616,0.18745210131050474,0.1537522676898554,0.12069814324508282,0.04334011706371066,0.09286664192533312,0.050047894966139816,0.1776807626954513,0.0515265647490614,0.03218095036557912,0.06415994688097407,0.05089485716691601,0.12073549127943362,0.1501729915147539
SEC23B,0.1271550545441622,0.31730543113851023,0.06833318082737352,0.2275207509238242,0.33394349325659267,0.1335555091314319,0.5936503499867589,0.04094524859376075,0.030000594881281522,0.08986325643577958,0.08038926211624285,0.6494659739009947,0.7068401007213055,0.023741390855053574,0.12663730446295912,0.5861968475661582,0.46229729871324915,0.20167227357999806,0.07721880363119411,0.04041705961854301,0.09446633815507999,0.13101632302445035,0.0651499532196257,0.044199627048678275,0.4122408252393197,0.022979649229994507,0.12818940619206573,0.17479212824724752,0.047567647248134885,0.18552795874291036,0.025182578837736534,0.3144344693839638,0.04760955505209434,0.03268420053067466,0.5090791876982006,0.0328484669445062,0.06077695067946192,0.10714095909773451,0.05991432619756938,0.08604206753921305,0.15396939689230438,0.07697169869436934,0.019099491606303316,0.2701584362545501,0.12193424826440555,0.03649991384609834,0.08544361284394623,0.11125857871793612,0.21974850276692778,0.03161403020413559,0.0769425333628444,0.04780421434198896,0.37164003244480814,0.08033675339651329,0.05045615389377783,0.5319883122060023,0.05967297594666178,0.018352465028407036,0.019390754802556306,0.0,0.02215905515165095,0.1537715910266127,0.10616078919498467,0.18380615117813,0.049361760481070896,0.07478002389461329,0.04136522047705909,0.23002588485492517,0.07369058103177391,0.04862400011784829,0.1859318382827619,0.03256007802520178,0.28422843560644184,0.7614707262607187,0.021867175055810834,0.5479757300206741,0.0463507659401571,0.03613890841399184,0.03939172275994377,0.32844445835484387
SEC24A,0.06305791066770683,0.06996129276085154,0.05645196342739699,0.07569695229845821,0.024389968809151865,0.019646179045613082,0.07951089065085988,0.03487229867279773,0.022486034914622966,0.15083897718090594,0.23173874263052657,0.040935076892246854,0.03031990736404259,0.1598654268946431,0.10481218274069849,0.09923021628818594,0.09042419076362343,0.04712299953235839,0.07770293408407201,0.5915550056196931,0.13190548460223672,0.3925170029033533,0.0261888161509922,0.03320035287181949,0.20104308497961268,0.027314770887736237,0.024528998020369713,0.018997476284768618,0.03285351842521554,0.03854113126669809,0.03453871382235359,0.39576112155095444,0.03411466762950955,0.04162014339509254,0.8315890218709205,0.036419218058174746,0.03584859171094328,0.04244076612895643,0.8440157066768994,0.03602414004217262,0.04703133409429091,0.27516714939178155,0.43190661093212585,0.1084281327509418,0.1431464810278736,0.12828588508390543,0.02023064753097485,0.07199020420363542,0.018739835504678688,0.14719924523065886,0.0405960018689262,0.18728040594100123,0.025272912443348696,0.05382741257160775,0.042204867250348194,0.04492175904853597,0.028093965480037654,0.054393306119283655,0.06493095816985243,0.021873273100017833,0.0,0.9188941018501355,0.37086217924039705,0.09443512275278747,0.42989446358224165,0.024167773893147487,0.06389360487055248,0.02436088227868414,0.032887977426790976,0.0406935425452364,0.024931460901122273,0.7654688213695563,0.35836198237478306,0.2672012132678462,0.23454374568195663,0.4053727669091755,0.47712414800988595,0.6075625599669657,0.16474805727474734,0.14420802207397826
SEC24B,0.0815045761111013,0.028594720784302977,0.8703598057220451,0.30294866741106136,0.03510618252751831,0.026989706033067842,0.3459722213878792,0.3430360258635375,0.5476687308891439,0.028287069138429145,0.9418215223110646,0.10656361243218541,0.10888887124558752,0.05258802946195377,0.37966588105356963,0.20782260269006902,0.10157311669247436,0.05169461371960874,0.043334055340485365,0.42942824528715473,0.03354394204238388,0.0797336284703917,0.11487463808988489,0.2510408140157114,0.17527069177807095,0.035987283949443845,0.04132338784880625,0.029192263540892573,0.047995440869667366,0.30469908365198567,0.08988584111579406,0.11370450646847555,0.03785815382485842,0.049754735650252686,0.4299288747528783,0.038778346449120524,0.022264994522961164,0.0576667616675024,0.436211563442328,0.046389935154665364,0.38243681254814893,0.09993217448649103,0.25776990587489235,0.02741388898771844,0.2944659128767942,0.048715359806416315,0.04376451758334004,0.08259886529673652,0.05522078340384329,0.019698543136778303,0.034757876334327246,0.02105880551077136,0.06875458128999998,0.4518838747675488,0.10284557577289893,0.22928596744155536,0.05860094378119456,0.7581197733252517,0.15526609680111447,0.1597223346918205,0.9520870164068461,0.0,0.032395426296884765,0.01954050435233848,0.08213359884105993,0.30067656825136924,0.046080132786586174,0.1753679656649086,0.0289364236549326,0.026763117445543057,0.08560109975034372,0.020582977421888023,0.019606350325335607,0.04745422624392877,0.12846377599671988,0.030545814751373374,0.11624521072657112,0.0961620520134395,0.13532584608794104,0.03029500820626948
SEC24C,0.020394330279670334,0.04126792985782325,0.44957403705653,0.019850813356413265,0.10725228868330175,0.08131372906410805,0.04231357008747114,0.08349919631458251,0.35716848040070537,0.04097402178223411,0.060644249836743123,0.37527427302699917,0.5163843751078276,0.025055612376144835,0.07157542435514175,0.05331108604333809,0.10773295513208625,0.03532147830458354,0.034490905824405754,0.02971172618744032,0.019908601547287658,0.3089317478031054,0.03290071574358788,0.08302056079307668,0.02733892383424724,0.019832058987592074,0.12427443869459517,0.22904850095100135,0.5896763317895523,0.17531834155632312,0.018087204889516643,0.2518815323474874,0.05466986930098574,0.20298978193476938,0.5597038475015462,0.06476658807591358,0.1835142962798287,0.07557185689107807,0.6440028361935988,0.3786508042561721,0.0195897976826475,0.19557050634450637,0.5225929072622624,0.42697879117550047,0.02917931317078721,0.03508302494871927,0.41129827863338164,0.023142074270344544,0.025882176011365082,0.031010976542319473,0.05161226002350888,0.052412151340684006,0.08063156700598885,0.16089468431312925,0.026151599235661536,0.036529846584984496,0.24807933511635424,0.25549113987171057,0.12269529652844645,0.1264391828191796,0.5234670708025294,0.03403184553560478,0.0,0.049424070329293114,0.04038317933638213,0.030105901863360054,0.16551773838729333,0.24594155397454473,0.024110728887857744,0.034642440179576794,0.05897413457565138,0.11347185664970966,0.03225266441295339,0.10579298156834203,0.028934291263975304,0.05587759050441342,0.20654563601542508,0.28007305970452945,0.10456363275918366,0.05918018603243058
SEC24D,0.05708913258744178,0.1065562626281106,0.3195895157068584,0.018586946824041033,0.10035086637955477,0.12080209431880946,0.11622887222722618,0.08073768851876,0.06672797777123636,0.5243954916242842,0.023026249626893452,0.4088300522130604,0.4108892982078925,0.049783272666685065,0.28317565258167504,0.13017390322978994,0.5963935077087655,0.05519157302602528,0.21027838016120518,0.04469540158326276,0.2044603686134731,0.04261950642608532,0.12999450706636256,0.5679779312271984,0.20906232391938837,0.09567739615762372,0.07138317848681953,0.07251638174521072,0.025257447823432633,0.2403316204207578,0.5945629473793871,0.025598764320493596,0.040964224577283284,0.047164784697751115,0.060699609218893634,0.0454860614993383,0.6094877405112816,0.036892375234351904,0.42445377477694163,0.24009321020275834,0.08361535490156606,0.037665433067861305,0.018034384687511933,0.690689144487673,0.6355830909499651,0.041746990378524515,0.10197296955440645,0.15381280115244322,0.07113785854484202,0.07008265376595578,0.0217277380075419,0.02929148547864282,0.02272733669571665,0.602924955614654,0.01828736063718178,0.4697987330843588,0.15973443334318502,0.03706071590215648,0.03662708708547278,0.15923116208028928,0.09338120290170335,0.019400309965045902,0.04222629256403052,0.0,0.022149465687951085,0.4191050293957184,0.7346656096083598,0.049735822084353114,0.5059031090225763,0.13463114915967497,0.04173464854202749,0.17361925625941696,0.2178787040862364,0.031189304291011882,0.11890548498483329,0.1734081196318001,0.02026523789014559,0.08539374245284242,0.022903858785578123,0.05651981256098594
SEC31A,0.06498575750269991,0.34845178082098494,0.4525233755299228,0.13185491815909123,0.018074846941175792,0.1789740002853802,0.023762196632160407,0.025129309991798323,0.018839683031861294,0.18177427239814326,0.06467222192693754,0.041850493943119564,0.15987433143733362,0.3072431411705416,0.029080508186599335,0.07370857849424556,0.3599959691100963,0.02339887570498875,0.041718943731688114,0.44896725971531526,0.039718208449642696,0.07442798331347225,0.03998507948366369,0.3716979160239287,0.12971842554427415,0.9206065489847356,0.8060473509946867,0.06459647392192108,0.019710861239146893,0.044583007636003515,0.12092957761403153,0.3535823340897269,0.11720877440778998,0.024793232287072354,0.1437235786594358,0.054904988504804034,0.036474046579956,0.03446056488402418,0.23931222320453566,0.03823766211176361,0.025643707102377712,0.1490175278797663,0.0248300866897438,0.03286941221571069,0.10168666641226345,0.5179963490344006,0.36998511821526064,0.16088726102214573,0.022731855381775266,0.04506235350798981,0.028618898853823908,0.6000429833805807,0.14123762573373858,0.03462332521912938,0.19747048354375019,0.16993253752645898,0.7252571679643607,0.05605855666237291,0.03199251729506746,0.05436474666274906,0.5871779100816775,0.09176939142807285,0.040148425113234326,0.02298872124547621,0.0,0.0627111111514747,0.043374868698359895,0.027225688396894522,0.10612651511194125,0.032636072415970684,0.04706749753179188,0.018073194794398627,0.03234796867461005,0.5027910942412621,0.08999911838126631,0.04148447528951069,0.023676981664377008,0.1433596222403769,0.07029176301141779,0.13231925851106488
SIGMAR1,0.5904306618655413,0.12966568595278735,0.19741461066053914,0.17848272553601574,0.02901926247029093,0.11124220386792216,0.018105231587331693,0.034508678005735746,0.029535070765359477,0.17778920418092797,0.11924335839762777,0.29949005764778563,0.13816071436635957,0.03250755768663664,0.3619487023864143,0.8172174594497884,0.19627185174683354,0.044837581092992386,0.04445156599818839,0.04912664931484493,0.04164588749075377,0.614028258129152,0.059291893060543506,0.04284731786093741,0.06790861319715048,0.10367992704791983,0.05235508424299641,0.5783187220344025,0.26969110486376335,0.03797066004974796,0.09415363888809512,0.06430908852442918,0.18277868632956476,0.603346041952063,0.02019604172346683,0.05534853117752888,0.06862938545460331,0.0683015834823291,0.03549646792069822,0.052784708716455436,0.3106241372270083,0.19760388954211772,0.022277500980633115,0.2167129615636586,0.020069703860790572,0.0796586175789657,0.029184883412382255,0.057363004437409416,0.9637510804065917,0.06392709481438673,0.0412512218300803,0.055894554388239585,0.43518878009088896,0.21369791755175957,0.5109034159925975,0.03174956421756568,0.06370834991769796,0.07564809979484473,0.0472462467936226,0.07125046166089168,0.024375132754081826,0.2662842517049852,0.02820370278959989,0.45196521150055285,0.05410333355816828,0.0,0.05810603781438943,0.052607803089749064,0.052445650347888166,0.06642039369891431,0.15781665767524258,0.1375956947261562,0.06385308848667509,0.22395306961986539,0.19304325823096982,0.2111661840202882,0.02842687597688646,0.06649841966220854,0.15472496016374881,0.12719878659899045
SNX4,0.03628567661845454,0.18521631929640892,0.19552839956334006,0.04316828450139862,0.1493184829931399,0.10866433483182794,0.03216884179520602,0.05105996187694374,0.033843088587367516,0.045239015734933156,0.14669818284227332,0.042086441367094926,0.11205609020139837,0.09541838771683382,0.043992437260826224,0.022709731807081773,0.5050155621633478,0.15238514986643284,0.031100467386848806,0.28927844702592637,0.0635721914662642,0.07076447615479921,0.15983469926156915,0.2612026803630418,0.11857640278190446,0.026105757754919325,0.7946551219198675,0.0868988519783757,0.3271286997217652,0.044630118738278504,0.47671412838148464,0.1394759030423339,0.02264555055404565,0.026249799382828717,0.019352599491108496,0.503942245563081,0.02775145360123879,0.018430426783020922,0.766184702622009,0.06718196797073382,0.03333403427154387,0.021446842847492046,0.9104334932246875,0.2564395796076645,0.3018893316721186,0.16229881292422912,0.023959758141376377,0.01989811578526901,0.03877706261174737,0.10076575485655795,0.045197591815792235,0.1982543877864745,0.3621353044160916,0.05523303133601398,0.4952678709808419,0.019858043428781492,0.43023305261869926,0.0702411689237067,0.06725950254147602,0.042456279670384685,0.07225491712084582,0.04658817451033589,0.14463498446156078,0.8265559559707369,0.04116889405101472,0.06288527649510775,0.0,0.09955638646423765,0.20894189468842356,0.03646012755562558,0.025746589073049903,0.1258743354333651,0.028587026465097923,0.0445896338924382,0.041622534527436895,0.23139613086528393,0.2843018142138818,0.5840982758890054,0.036095053016888444,0.04917877631710623
SNX6,0.055292140361398553,0.0677232045388679,0.0760215328577261,0.07045873497989125,0.06018141845665289,0.02342052167975052,0.021884770450740536,0.0845845503158454,0.02017655751964156,0.4827830494608352,0.022458010293214023,0.581830325968225,0.2707840222615819,0.027403921167995903,0.020581164162757376,0.0490159804947182,0.17448638603792,0.931257292998849,0.14162036036996345,0.24338361062105657,0.1899917934582369,0.06601661017253012,0.028958203468576603,0.10147312180259792,0.3563910318091029,0.04411089969696875,0.10423738002364588,0.13635738001984474,0.04157456576066379,0.9048108739557463,0.030075571214643868,0.07750984058946171,0.13369004322187686,0.04648367116957989,0.25341045981238725,0.0376738172731026,0.09914813350195459,0.09856069921247115,0.8618871274821335,0.0349700177856881,0.027759029216146102,0.06623596017518718,0.0648675786538055,0.4098848300076121,0.06876267320672637,0.0250620534383247,0.1504357249930806,0.0935078966611288,0.02822800789412285,0.03078352256810114,0.036145664746412745,0.1010099684406465,0.01880323698905273,0.72292615317212,0.1263625078580529,0.13389599208376257,0.5868251002068372,0.07507608391195605,0.10482454479537164,0.18986537013567895,0.024168432708017048,0.14132784930822354,0.16489415758574005,0.04878935600775414,0.025399093368479637,0.04971756574567732,0.08249509946038402,0.0,0.19420423587733052,0.25881892256835476,0.09103693784953683,0.37309069904641406,0.11265026891272442,0.122055907464751,0.5346521202030752,0.2589243061468084,0.06829743576737617,0.2606513224267752,0.12044824235842211,0.04916055595646206
SORL1,0.05496051401649376,0.09857161974566257,0.027724970751076064,0.031658476531240376,0.018519719301045585,0.040850923832619415,0.029812438217229703,0.10701455305286721,0.6586841802157319,0.08263794254346149,0.040792859099042844,0.02074903312086365,0.7137022529986767,0.022049340344472725,0.03384851821412934,0.03989025093871545,0.10847783331191896,0.08955930448813425,0.23018543750728857,0.08871420917008178,0.06158398029735686,0.038135438504094614,0.15551138653540011,0.19184830062712255,0.3317242540116889,0.64365877299081,0.05934459212512002,0.03616269331951734,0.04861031767858766,0.049706003760337625,0.833731496669937,0.34511694200119536,0.10912837078219166,0.22962526888609938,0.04783670572647149,0.02546409785561825,0.22992805825142393,0.3033444199361329,0.03787880344651863,0.032250258924660866,0.12555164274733666,0.04004741221271935,0.9259900138726239,0.23062009149914753,0.04753586524381014,0.4307134232800639,0.026474316454144654,0.3466154023119314,0.05199365636532786,0.1032152178716323,0.0314907182608587,0.09501918205243025,0.04077515144214713,0.0365639937635698,0.05287505703900344,0.03538548033509819,0.055527170519918574,0.46418415805704943,0.10099345150513118,0.07225420351712993,0.03390808271430202,0.02848280242839629,0.023356678526629395,0.5644962726216285,0.08932389392842681,0.053635896682040926,0.18988833731665508,0.2282279919017711,0.0,0.2746862483400693,0.0180178085808274,0.04297391491922464,0.029042682800274982,0.06955269922589347,0.07471718917601242,0.37134431684359187,0.7963557064514215,0.047271829633072165,0.07648094561886422,0.03014095518014844
SORT1,0.14445379624523033,0.6561582605760944,0.2008332142769191,0.05319061137042605,0.04070013378169585,0.09783517449133437,0.03750544347513347,0.05188016310205238,0.09221900313189431,0.5037535919538991,0.03241336943601775,0.2630996231010002,0.15180290207763414,0.050668727300065046,0.06393025043977324,0.034502599531434475,0.09746491966513315,0.3211374478474551,0.026751340984055162,0.05595999066710694,0.06565639251889345,0.02015515633816728,0.037993942688147174,0.11098932485166384,0.07413711537190776,0.06740902710839217,0.08763075152634249,0.22938365031052055,0.026405426013179422,0.06256029328826024,0.060178480713418685,0.07212752878726161,0.020092617554690093,0.08635992195881934,0.19463811175219486,0.02544941124307854,0.08192700896214586,0.06865235778059692,0.04681155788227434,0.03287454374165806,0.019815280112083906,0.02739290093074897,0.596386129325444,0.020074907552734247,0.13629151831349923,0.08554762317333689,0.07310279810774817,0.10712486647463589,0.0362464850063101,0.11337444774769519,0.026096184650889545,0.06558466474221417,0.12499945303508493,0.021082881869473238,0.08124582834548821,0.03158550075709388,0.08017735094814059,0.029995612275060313,0.11116422248406627,0.05843272414164353,0.050456736494977214,0.02858068991440661,0.036379109030879375,0.21971843332292407,0.03428158931865517,0.08886517445239256,0.04055655313411619,0.4599127381041259,0.41455946971153546,0.0,0.03839871395503579,0.11219242816963404,0.022724792896985674,0.023612807877763316,0.05937466649792621,0.21043202685262483,0.5323004327365444,0.0361062003647993,0.023213554227112528,0.05486571083355321
SREBF2,0.047668287970427436,0.6404205194277445,0.8949542175255484,0.0375512726552081,0.037018880668291586,0.04827239141243087,0.4507059429840718,0.5281614276437219,0.0728920083326988,0.05917126976040425,0.2792769013180527,0.0865535172374108,0.049042903325707245,0.6964214275714792,0.03585869147518872,0.10228068687957875,0.662690171414528,0.13930094573673252,0.07175579425179929,0.5295258319927929,0.020491389165982622,0.18482182073236822,0.02163059068419355,0.42245529036181456,0.18016067477724554,0.2320713627949609,0.026391722319973783,0.03341461390017816,0.02148019580427897,0.06167171054200094,0.29752245045207965,0.07312073803559584,0.024420429348530264,0.06925587928941841,0.02161023322258492,0.01898666868307988,0.17708401170723415,0.6758493700716659,0.036962519052032725,0.2501445488146309,0.2217816023649373,0.0404160370966501,0.12791767822035366,0.12204861305773211,0.285553844672977,0.03228027909978653,0.14907171609207115,0.0618098808861589,0.9604053953784206,0.023226688953574593,0.14692244103732854,0.08711125671010944,0.033308968205240194,0.019863949236194296,0.028398404539406168,0.04312567106770714,0.05577023767394447,0.3578560845882447,0.03594497966076828,0.1778999871772329,0.025288148815438467,0.08060238151227,0.051595489530171464,0.043543418899427984,0.04246850228381541,0.1622690068716808,0.025277470741222743,0.10164570176583945,0.01801758610365653,0.0336152497979782,0.0,0.020565104785525482,0.04071456004262414,0.0905617711430495,0.04270620775383688,0.09630473123846661,0.3109169442055821,0.03479506361782389,0.07854386215312587,0.3314666334164536
SYK,0.04733300737946696,0.03173614905997763,0.20619048798681025,0.05049397981119799,0.025435735807767507,0.020765800524580554,0.02139259141287566,0.051524719979434815,0.051110227752566705,0.04771286379439668,0.061698473655753996,0.08289142522610767,0.05087914291092778,0.646723238466005,0.06573426702164596,0.24665780451373756,0.7750746631807348,0.0411669140350926,0.5088426646974056,0.01950633371364881,0.13294254783106485,0.05937944079978278,0.08691183058155466,0.10567995256185897,0.10608192136586246,0.39798826124168113,0.1444158543888237,0.23490868172890259,0.02747946161614066,0.04693109347172218,0.37833587119411477,0.1996168816625415,0.37060740171431955,0.022409386249099505,0.02699502751335078,0.06297173515572123,0.04632323093565766,0.04284811598233399,0.9683104364264974,0.0726852392224811,0.06939951333828835,0.03128285869659723,0.1935763238259629,0.4143032776474059,0.05422165711486098,0.2761339271247148,0.22544172942253374,0.045987149410078955,0.1762935619199275,0.02797842509672123,0.026335322932046736,0.05686588468770869,0.777822267956099,0.3161315071556387,0.04343598636352684,0.02439770210105825,0.15182974830361584,0.13891663682221636,0.06845291769864871,0.03268580503258415,0.8268834992134008,0.020547463524702447,0.09706769155757919,0.2038913702449272,0.018065955318968624,0.14907240044684267,0.12044413251483872,0.4594484679490475,0.043766903763770744,0.08586916468082742,0.020643815015350644,0.0,0.042893645402157114,0.13175899257727433,0.034080985966756655,0.021478193622754393,0.19871452617869856,0.019400811259616183,0.06510406300961648,0.16572621194690215
TMED10,0.03133141722862736,0.04763147611743491,0.2915632930595908,0.026828954186333673,0.024266382180669833,0.02466809358315686,0.02171627750112363,0.1056671985847905,0.022952861021805104,0.2807815305977719,0.15580779044124488,0.02540335153109054,0.7461890026165856,0.09584453389282685,0.07332442428263572,0.11401955718139369,0.04622863559007497,0.08483437489920169,0.10004266685033456,0.19419099166695938,0.09768166905911749,0.021475482663629277,0.5325895377959682,0.09851567661445136,0.020521052849323415,0.04093467460057316,0.27509110143921806,0.055353246330625314,0.06654465760754225,0.026229319760662905,0.0293145207927128,0.034652374151416275,0.056469821922365784,0.15793609376738407,0.03986723178684055,0.02357475212766963,0.27941251735777267,0.12187626934024957,0.04987616911689151,0.03117056870966179,0.032043819785213874,0.01991620478800156,0.03430889817671194,0.0930304727511756,0.3667142533234743,0.025576840206398093,0.023017426495787963,0.4723085592956207,0.07887395228614211,0.1776218336943962,0.019720880787711583,0.09683240771876565,0.030086575137288563,0.11320380086887365,0.6896001635092188,0.14996543995965836,0.01964091363869816,0.03670066754908141,0.04639420268957161,0.38852151555716496,0.5502385410118773,0.01982824546601793,0.033056501129707934,0.3476123646200796,0.03330649886196381,0.08098020518228224,0.03017370315596155,0.1742751148037987,0.03148419520254445,0.022563219023360226,0.04697523088398022,0.04855976439653103,0.0,0.920818303192328,0.6469593668092195,0.09000758304687856,0.31693730811160525,0.04965204341595888,0.034873639107400836,0.051018421677997076
TMED2,0.04566014180233554,0.023472362626130686,0.11723910670977283,0.040834508410563346,0.033700818115066415,0.05601886233239266,0.018285579945247696,0.019163101417568405,0.02740391901206352,0.9007421573953389,0.02961241287791767,0.022313241669899102,0.11965872582321824,0.062278923053923955,0.03861407464456296,0.04905059563675816,0.05804589220321127,0.0659594996457477,0.04962748110325566,0.01935823546444969,0.27427707384503547,0.01837764976338477,0.5395297957142134,0.042465362628046004,0.16119201073696204,0.036802339613865184,0.4558196919550658,0.07589841568707276,0.20786597036053023,0.40942444201142614,0.08237684976634782,0.08364544240813884,0.0336646870546428,0.03600134322847878,0.08522280585830828,0.03385099245405667,0.029903413223384835,0.01957767320221308,0.1409545180795329,0.034306309455989205,0.06284710172671158,0.022778637637425336,0.04995252129475485,0.030672744342007487,0.13307599458287098,0.03016298527196685,0.23614651103718245,0.18102736492639337,0.42897298808146955,0.028439568284696397,0.04103234878848016,0.8577738583709852,0.09005576999052171,0.8913806937587265,0.9425498656191754,0.4722092661241962,0.018456899096387414,0.01901845355127471,0.12293807720889384,0.7868435176274725,0.32734607940613697,0.047833701033000164,0.09402613141171616,0.03301791662965881,0.4395387576192236,0.25693649514315403,0.044452101356476224,0.15217645781582387,0.07359149234900174,0.02276053573547236,0.09787259763466806,0.13703624382088128,0.8526724241507426,0.0,0.5830685654338608,0.034453090297358,0.16286872925870788,0.03329217829979237,0.018768697854281126,0.08017748300099531
TMED9,0.02371933263378754,0.04791910775742675,0.9442115824551686,0.09411866000836032,0.030339917402238143,0.07826627747948312,0.029984249891984123,0.02809996186243273,0.05042105811836946,0.01955226304188083,0.02831196730747791,0.052367624302801105,0.944799129030271,0.06465160643505342,0.05090781552989966,0.1205328033707267,0.03915310721393997,0.13819838557173056,0.13056253798721223,0.03353183842982352,0.01943523050819852,0.030737075993442553,0.02922040976426622,0.08067458761714398,0.5232366745727322,0.3081800829108918,0.5187524154059564,0.026298886249635167,0.0798288854060999,0.0811567287994976,0.03629956516149508,0.05056274185752605,0.29299325624945005,0.0543898899472962,0.019205707418949988,0.02683786546667312,0.030003724054095817,0.23324974761320524,0.8119251822912923,0.05764143759588046,0.2461171881885884,0.04926485802885676,0.05318547891035181,0.018179501572418603,0.1000845738070612,0.08814439922801036,0.06276706859491318,0.08506322264065531,0.030033262622559405,0.117303308942471,0.028526945961165912,0.16807894194895653,0.13875045962430374,0.11761256185142563,0.03697258583227366,0.612839549436315,0.05867753059871277,0.020795514382486502,0.04456816906673232,0.022176396888731763,0.3145109145202558,0.14094937724413031,0.028519807289307936,0.15443203053067417,0.08681981955293466,0.2414105250551018,0.04298944983459724,0.7025383727571715,0.08423138311841515,0.0529222026574299,0.0463186944815521,0.035513351604942844,0.5702878933148919,0.6272478451697635,0.0,0.02223324871677756,0.025939573787227145,0.6554511008368522,0.10909916210712055,0.01806199745393657
VDAC1,0.04485768677623875,0.08972013103861799,0.03360058697044006,0.023570164166657363,0.10250868629154854,0.03864016529118346,0.28298431350563236,0.29756668598580066,0.024615393592700624,0.12361730685264495,0.4132741217684756,0.06135936470401996,0.43216838779828837,0.031326068783741036,0.020748957502341146,0.051245976388692736,0.018807672675370205,0.23398925095042208,0.06804477909179259,0.022706921146767863,0.05586921538566841,0.10683564161732642,0.04568784777966904,0.2779308335957484,0.02466068687008435,0.16020062795932233,0.033900473933696426,0.03825843762595328,0.032742482513311286,0.1818100058622073,0.4489002738099011,0.6832717709930805,0.021027029156995565,0.30817768507394466,0.17091707658393937,0.02561254489595893,0.02353118563840461,0.026409068976653054,0.13184969009550782,0.058028432804502296,0.30711555257339596,0.14182796699797254,0.04185823621641116,0.8993349211159516,0.0465168530072549,0.020253146271291635,0.04510285527710536,0.028159916834952847,0.3618944212045993,0.032190417363472085,0.028950992140976683,0.061242779360055996,0.034425977553797116,0.1894775157247446,0.36919204026034136,0.08305640136532473,0.030945846790337822,0.12680965614781362,0.029844023259417613,0.6330045248912618,0.545324918055897,0.03157840690675976,0.05467712938304732,0.23855921665586188,0.04106295305865168,0.2716158293853105,0.2576430634227712,0.3777246435060838,0.4553569325418019,0.1738078520403995,0.11414103861184766,0.02177328372837498,0.08210993497752943,0.035681364403741096,0.022286313382032515,0.0,0.26059832488896467,0.03983439400879108,0.038674123590825185,0.032653968801059474
VLDLR,0.1630938792701431,0.5697772783892686,0.17970648462724395,0.02584933648795643,0.025220719938365044,0.01905502955549345,0.020609733282961118,0.15059751514212755,0.2404256225786531,0.022589767563759747,0.42672638204933183,0.3023372439865728,0.29790577678278746,0.044714201880183886,0.027423496162263236,0.0340787724066066,0.05530975835599427,0.17427454110156693,0.16157136854065685,0.07094891080454561,0.057844752482144685,0.038554239156023254,0.04941662668931202,0.18828616372811113,0.024000022909284095,0.1746083488684329,0.08107398092700761,0.08283895495289281,0.06974962665833206,0.15214589242924625,0.04713482388224695,0.22723200684237388,0.06077871084609806,0.03154802972755045,0.024327151800075154,0.07371563736510499,0.03247963707427471,0.07848362763878809,0.023268166110731795,0.4990931352797274,0.039803296850329045,0.09342160426629717,0.1417933986162545,0.21836166058012413,0.07404870706647271,0.09113478808543517,0.12851224013878215,0.35827280965748476,0.22743543656406792,0.03413040644040201,0.028572609463093823,0.02030353065135212,0.34626241371746114,0.13331597140989518,0.06192190844087321,0.02883479777961866,0.7468976354420888,0.4258399113031133,0.05136887529099758,0.0473940332060454,0.5666123667931887,0.11710351274386495,0.17619476486764357,0.02050774471244602,0.02324473680908501,0.02922960253270185,0.2796039231689026,0.07982386360069833,0.8281518736882083,0.39069276810293185,0.34356440230455193,0.20597601644332694,0.2443124530082688,0.16155226081427942,0.02551861638382121,0.2302288586360153,0.0,0.16088629309741168,0.04918109236068604,0.03270492166293499
VPS26A,0.02604102807398452,0.01857339025302993,0.16565947904288228,0.039582164493976287,0.041582925473691947,0.040973931487792145,0.06871856586747341,0.05231421925782283,0.1870003207090213,0.0715590599600669,0.162843153920741,0.02667652049209838,0.1063132316597899,0.03190138548501077,0.022043211091577312,0.09509648867894971,0.12114416556409285,0.14201692906570296,0.12198771843095109,0.07402585957130477,0.5934005804808875,0.45934560748621556,0.2860246593904869,0.3289799308319775,0.035807919627109476,0.6634972490600729,0.1470767247958537,0.16305422156295524,0.052088361352324176,0.05281139099350494,0.1209725078479901,0.1700184854089699,0.07346742629146329,0.05203215331078034,0.17606169401710411,0.0561963801374758,0.21130466869576384,0.2616872296824983,0.02389781225949007,0.018930005032281164,0.11816110067963397,0.031070826375664495,0.03533256589511957,0.09684816195384117,0.07335034343063639,0.3401009484766098,0.04448585451293376,0.020143673464528673,0.05345785451691891,0.24126668835476536,0.18048873721258685,0.8005508349256119,0.23839404378845155,0.021804176066650974,0.1457215951077225,0.09453959929329857,0.025089142603629565,0.4397117879919928,0.04231829377006879,0.03669580857133822,0.6978165012172686,0.09654224536482083,0.23591287437165243,0.09870383761735109,0.12565453489531314,0.07168277895232979,0.5743003904077469,0.3342027861964476,0.048967351615059926,0.032767467888694474,0.035821237655562055,0.019423578877954217,0.04433738553032143,0.033173957605744445,0.605174216599701,0.038085083052897685,0.16033701197861275,0.0,0.6348829150484474,0.068839722570646
VPS29,0.04267960005595852,0.10906273866934908,0.49812596346625837,0.09821812554511011,0.048858299936632814,0.0418224206760352,0.04572165770122059,0.0986840077792038,0.09594067179780606,0.042717392478259245,0.021215932762936155,0.05335010290916314,0.16570894064266672,0.08908204382795255,0.3529429668552057,0.03650966530700261,0.3062584878530351,0.03139853133683509,0.028150841395449985,0.01844766029307027,0.01897038510755487,0.020965661835954816,0.08287773276220245,0.025142631185205547,0.025033668796590823,0.5431839814250754,0.0987265003846386,0.027213605991671785,0.019520446500034497,0.0300264246352984,0.043655121762089924,0.03614943508840394,0.2324559861184073,0.35752619132471986,0.07150243380648805,0.042000085347409455,0.019610266981253344,0.19376951367127176,0.3820502835665564,0.07686813360555339,0.18830983626548656,0.07847793654444923,0.0570836088801216,0.024638348786196567,0.09575361345701039,0.05679449401039371,0.01823715691961617,0.0672428749935702,0.10937799546802879,0.03896556940921595,0.41590543787122675,0.0477634180855463,0.06143504130385795,0.042092549066409884,0.030935366847313097,0.12788696862343027,0.028567296074262127,0.3461087310311501,0.10872748253806835,0.045039279758785286,0.26397580570445917,0.17787606518366195,0.1156795351468616,0.024387454656616084,0.07696855109597023,0.23144971691515231,0.039676203370381455,0.19556479245506092,0.09945281335995217,0.023136106867565325,0.10377266133746797,0.07996187888190096,0.03528770443174726,0.018882020394645597,0.12785610847242523,0.04116107857750898,0.056780052676562255,0.7734000507665137,0.0,0.5285758672911816
VPS35,0.2559446851657124,0.06581186153411976,0.05731686875996971,0.3574541871388091,0.0799900382465175,0.18452643344560876,0.033635282150280686,0.05043854428162245,0.02091877919912365,0.02582646708242034,0.09598702826767766,0.3838992933260708,0.1321210580153117,0.5617712084157499,0.1447296251948391,0.10117936404297025,0.2661071458235348,0.0378350249239884,0.04373618775687482,0.2060613576990909,0.05128395861585152,0.04294417658012885,0.018160123919481786,0.7287865331517467,0.16553575522189773,0.17804176403188665,0.052348373731289304,0.02820247100104074,0.05441203682452974,0.08781633721792081,0.3349768877402025,0.03419431474880981,0.22070883153705484,0.06775095206926561,0.030241792363668526,0.024863218830031987,0.022799206731497927,0.03156030849242374,0.08608181278653669,0.03014393453192399,0.05791712497744643,0.03585288741654789,0.21022605089433527,0.068401434603977,0.027503729197658304,0.021515894590788124,0.3394247547013373,0.031647654039469765,0.09779708633079363,0.04107504148994042,0.09874723231665083,0.025683523368072253,0.030298869383525998,0.14580793902809525,0.05229686084081178,0.0547774830269428,0.17988149723057786,0.4407774573239634,0.12956431019318174,0.4465520885486493,0.2188287341485168,0.03240602940291251,0.06214389921941846,0.07356757487378504,0.14492157965820443,0.17904545013632475,0.05517882176873003,0.06355266605300938,0.03287087121642822,0.053045696208713966,0.4710895282301062,0.2191213222047074,0.05100095366535702,0.09522977290675518,0.01806769243516877,0.03389276608858339,0.03522769727523009,0.08114873742491525,0.5100766129836916,0.0
