,ABCA7,ADAM10,ADAM17,AP1G1,AP2A1,AP2B1,AP3B2,AP4B1,AP4E1,AP4M1,AP4S1,APBA1,APBA2,APOE,APP,ARF6,BACE1,BIN1,CLU,COPA,COPB1,COPB2,COPE,COPG1,COPG2,COPZ1,ECE1,EIF2S1,GGA1,GGA2,GGA3,GORASP1,HSPA5,HSPA9,IDE,ITPR1,ITPR2,LRP1,MAP2K3,MAPK14,MAPKAPK2,MFN2,MIA3,NCSTN,OSBP,PICALM,PLCG2,PLG,PREB,PSEN1,RAB1A,RAB1B,RTN3,RTN4,SAR1A,SAR1B,SEC13,SEC16A,SEC23A,SEC23B,SEC24A,SEC24B,SEC24C,SEC24D,SEC31A,SIGMAR1,SNX4,SNX6,SORL1,SORT1,SREBF2,SYK,TMED10,TMED2,TMED9,VDAC1,VLDLR,VPS26A,VPS29,VPS35
ABCA7,0.0,-0.05607815768875522,0.044341839324757125,-0.025336873574149373,0.015066340756218464,0.03314109112543456,0.031034077741179195,-0.014985108145685034,0.05554124615934875,-0.047462793497160094,0.027601848104257174,0.09731815000900167,-0.042941800866500256,0.011567411440279033,-0.028394590740811177,0.016218430125111635,0.007325672190935631,0.025122666518478422,-0.01718882919218178,-0.008760100394478037,-0.04826230461490904,-0.0031771435836476128,0.05785978566286584,0.03723873672325247,-0.04484024676014864,-0.025173193591181024,-0.08160132836822262,-0.05594186188764718,0.06095260034698772,-0.033378555060805545,-0.015136481725174422,-0.002303811453435193,0.05271469034472881,-0.008269488887324268,-0.05238082857161585,0.07588390666393725,0.025830642854551392,-0.004996840716921734,0.07341632872355776,-0.029293657279995736,-0.04443546581870317,-0.04341460188347045,0.04645733802364536,0.11193066784711289,0.020518966499005357,-0.015971604404713118,-0.0061974020739399525,-0.05642920367784511,-0.012995452726380299,0.021722100734336176,-0.02215655667727409,-0.0654776051043022,-0.051914405264729874,0.06722569852438062,-0.03587677578458249,0.05003279284882567,-0.002122289526417733,0.0015101663771391626,-0.0017282616611103488,-0.05184123286958183,-0.032535801128270786,0.03944805611967829,0.0032026705475374827,-0.029891050454044575,0.0333401592188295,-0.10914364982846785,0.018015704355920256,-0.02904387586718472,-0.028884707242407714,-0.055530490187107345,0.025133823581795594,-0.02494856176473978,-0.014217470147732812,-0.024005147330317278,-0.0070635081117189765,0.023540865347585097,0.059115351971751114,-0.009457602941317839,0.02223957310071366,0.07332114918989743
ADAM10,-0.05964540159249914,0.0,0.06150715426038948,0.03841929213927043,0.029894139243283848,-0.03599719897933657,0.010199130555251706,-0.06747760374886913,-0.015356236893689467,-0.029524546911691183,-0.02492908581280522,-0.10598755928928223,-0.059811817005874596,0.02705508050430865,0.00016415230095317933,0.004839286090787248,-0.09990295031785947,0.16942631788783433,0.006938748532469662,0.013991295814560097,-0.005495311018755594,0.02149616167692097,-0.03088505367813103,0.04062039032951461,0.06605596309349886,0.07766380349469465,-0.023237652812824187,0.09268802557097344,0.0012821278484280315,-0.012219001554722945,-0.05201842247583161,0.0118796711932587,-0.018341326745463925,0.0572102161795413,-0.02152866388765066,-0.05756464328743122,-0.022661497024400935,-0.08832319380259962,0.08943132834419854,-0.08282687168519716,-0.003542926931260844,-0.03477391769885396,-0.0512902934121278,0.012025844232165886,-0.04208936337806705,0.051231146659875965,0.08718707217403053,0.04047918208200769,-0.013135613746308812,0.004864219958350166,-0.05019924250100342,0.04262477146545988,0.06671049531920055,0.02518901663036629,-0.005212759809118649,-0.011411592052637485,0.02329358684058627,-0.08505099093106584,-0.04613170226223037,-0.08084543115402955,-0.03531789806456455,-0.01186195870706129,-0.021361850758530646,0.04683974423579228,-0.08435371130460649,0.05240205211799096,-0.06296504449801796,0.03444497787837671,-0.04467006983955302,0.11615551297566959,-0.11442974457580349,0.01454879391635327,-0.025113543521660633,0.006795515454743069,-0.025271608304748876,0.0420735767410658,-0.10702356282434226,0.0008180671868587946,-0.04749123223863192,0.03367805593925739
ADAM17,0.05454661241886186,0.07113715375710714,0.0,0.03203922779219016,0.06080208303537994,0.027470445930139163,-0.008629368268606838,0.05099273808768473,-0.06005591940731355,-0.03387936005110014,0.0451277330638587,0.076170708342704,0.06769832193290315,0.07409468111592364,-0.06323705297665261,0.010039997306813193,0.02980161419272787,-0.03729453743694058,0.022800693052171056,0.04673161291772572,0.025307239378420183,0.014362077197771588,0.06819766878397002,0.16715337368697214,0.0740704509351632,-0.045325075041663596,-0.013949142859343044,0.08277578173096023,-0.08470973367849552,0.05034120957556757,-0.14735080310377968,0.09369747207119483,-0.06510973213941028,0.051845179161288696,0.02115900524148362,-0.002987511404023652,0.028519612663281055,-0.053243517206512055,0.07890831996838653,0.042365681122562227,0.11606527032217488,-0.03583304229773744,-0.045580741376863985,0.02759918791560083,0.02423802908406575,-0.03985291963356644,-0.014065873328900167,0.0023298757677817773,-0.06269201342528087,0.13874091360382343,-0.021236829133884853,0.14313171255581067,-0.013633206201042209,-0.03562089774488568,0.021263193719233738,0.03270095902835867,-0.09370865669607262,0.15471806083762185,-0.037882973353035684,-0.03468550495151622,-0.02959356987548424,0.14760359547699198,-0.09494020233998805,0.0811085284878859,-0.09523799136720022,-0.06493669715649121,-0.06463799925653194,-0.03755819649551435,0.011067369048272338,-0.06547262792048326,-0.15355940711676622,0.06629892293307403,-0.0778049097454638,0.04952902803939128,-0.1707195999506923,0.01602415790932233,0.06204156643002083,-0.059582318322273266,-0.09981259546906637,0.029996619249037983
AP1G1,-0.024116538110215854,0.03438175732603798,0.024790763440339637,0.0,0.049167060899901645,0.05609863084253558,0.04141879866385714,-0.025914660133543186,-0.008198481111012158,0.028333770967466254,-0.06927488538525728,0.04132646514209119,-0.0005933783348497126,0.023392283693447664,0.009991696871081014,-0.013996504644461916,-0.044605307092781474,-0.008301047586442971,0.004423225846991567,0.07731909210761727,0.04048702754734275,-0.02652590403958586,-0.02084086970508519,0.14690403462556148,-0.01367944683450773,-0.06427300659454953,0.003258128023191006,0.0264682254818012,-0.02518910998314151,-0.010279706961766819,0.10369193249025785,-0.05187513702258329,-0.006718816884955293,0.029285844226018935,0.02540594729010283,-0.014231344898667949,-0.03774748577566758,0.011412087834520824,0.03665074431423639,-0.04813315996505451,-0.025169748370907012,0.06283340189858759,-0.027535288890988847,-0.009002348946086506,0.03538522788891854,-0.03625754069323341,-0.01292874765793791,0.05494435909769996,-0.023710005313489577,-0.05066971096862639,0.05476481835099251,0.03208229728469993,0.08387512646654842,-0.07371670026704828,0.002022539644056865,-0.08505110147259135,0.01893561737983696,-0.010928149568027077,-0.0026799337027240758,-0.0694409075177386,0.0374424476950439,0.07916760801799332,-0.002513504752008269,0.0008366531641545523,0.052883584190028005,-0.06183347139045162,-0.02253696351124433,0.035508400449603,-0.01448552737678823,0.02801960272533856,-0.018905661886660447,-0.02664780617263671,0.010223045636845287,-0.02108659728698057,0.04339120001371841,-0.0069019696740501265,0.00926797389592669,0.020275254753713643,0.044570452742286354,0.08533922719418703
AP2A1,0.013084636971651038,0.024409378158881265,0.04292578737314442,0.044860715779950065,0.0,0.05879599653291339,0.03648568647496674,-0.028069990544130383,-0.00843071584604891,-0.04444891687558256,0.003267493277518551,0.040018704003061005,0.027568506550824632,0.018989151310791364,2.339457376620021e-05,0.008914647149082147,-0.043550215943623356,0.009193682395614803,-0.0013111866310553137,-0.004414270634414413,0.02870801024721095,0.002246322108807012,0.005963610950526371,0.031742604718884966,0.023159084177892843,-0.011497067741038928,0.002010332665249022,-0.008722524870934485,0.030880693768155915,0.023309175787157375,0.0025353405979640278,0.03841153709102406,-0.005377141581570953,0.04445366424093966,8.783296023575356e-05,0.03663608160360807,-0.016653783519108054,0.003822783734709027,-0.03885405103699168,-0.024262490281315583,-0.033050041056801246,0.031140810792414257,0.046397714338146955,-0.014505458899982542,0.033265786371074454,0.011538829938644472,-0.013931632469381158,-0.01022023715367452,0.003543492034690372,0.00841313267016402,0.038126965861283967,0.05104638974185774,0.08630518290672512,0.026591017283044062,0.003918327843453523,-0.03435191987165885,0.005472429668818221,0.004677349377045508,0.04027884602367106,-0.08273993212240038,0.007777724625677607,0.01715897984421251,0.047021996861163644,0.045166696825087393,-0.00012515533639021598,-0.012241330056808835,0.05650109204047357,-0.03129191957195778,0.000744353751043024,-0.02100069167741075,-0.018534856632786274,-0.008854116105490818,-0.007647558163592651,0.016101215377932087,-0.013387966793527011,0.04575860243248332,-0.008636370262751656,0.021560164870184334,0.025781530451910253,0.03893794017561183
AP2B1,0.028895222300828673,-0.029508335749291365,0.019470220336363298,0.051386561452881764,0.05902732476715794,0.0,0.02434863897179889,-0.02468554630834337,0.009143962752092552,-0.037826218790960035,0.010119177899230135,0.04790896666771121,0.058786195528060456,0.02450069952280539,-0.012741259068672451,0.0030003681639487255,0.014789679780889393,-0.006760120009394688,0.003043736401749464,0.021896323522663613,0.03133907640781785,-0.0012141881725361973,0.0040928733891119,0.0430333077748495,0.03146589608291981,-0.010232028565765834,-0.02125511135796452,-0.043327336500009285,0.0119793255819342,0.018456166191780702,0.06139088374237808,-0.022768564995529903,-0.014191127939523051,-0.005708089569425283,-0.02542563925609808,0.02566967673021317,-0.000522404431403595,-0.01949060680244539,-0.03761222521799943,-0.013348479855960224,-0.02159341402476664,0.014574787370059851,0.040157432942555506,-0.008363967333827271,0.05701445760013506,0.00601895733125971,-0.017206325937776597,-0.03130528034672575,-0.029238477813717738,0.012928396280330257,0.03217353868279744,0.006042807366488741,0.06005294016709164,-0.01920547714558267,0.010536859592322255,-0.050428078473764286,0.03592967384015932,-0.009575637419967592,0.032863844657479734,-0.053252978609273124,0.0022492330126865916,0.01037652183814653,0.039384254708018554,0.050378590035333785,0.06191714420471321,-0.04804712719752243,0.04738856371888319,-0.006738912371896534,-0.021097073097211733,-0.044462173325159,-0.02546452306112468,-0.0036634147721450595,-0.008068320523044497,-0.029389556918103608,-0.03834651122643793,0.01964858775972549,0.0014703680690626763,-0.02117544473964887,0.021709986252704528,0.06285059290450809
AP3B2,0.02779204785503277,0.008587398694539962,-0.006282125791830238,0.03896882061208092,0.03762273251918889,0.025009047898492374,0.0,-0.026504896326871506,0.013504307013883991,0.0052768639838789945,0.023447044484647538,0.05121729711159057,0.008474784064255537,-0.053322249910308935,-0.01483963913210168,0.0461703395426351,0.06923446336563013,0.037330291355020626,-0.036855530632246114,-0.006558928707666155,0.021296067061896864,0.0007001443863971004,0.020276130674355432,-0.010544563524179224,-0.03140940437580323,0.02842333556059986,0.02403943859782976,0.02341089459152343,0.03437762709834894,-0.0026626252462892772,0.05421399518753914,-7.600729637577286e-05,-0.009434338047984415,0.05421397671416682,-0.01710563225827431,-0.009841878828575812,0.019785543765233324,0.041177519961032236,0.007628043637256723,-0.02111853644817014,-0.04584858559597903,0.025451247538845905,-0.020946458759795165,0.01545584371933181,0.018056570480834477,-0.018107627304361662,0.016148095323938263,-0.0009827841167009527,0.01861501323327015,0.0036227732403379042,0.05461284277454065,0.04035506180382354,0.00823977809415421,0.02529957210126093,0.05121421039347062,-0.0361405330235019,0.0034987781112597142,0.020121431074313956,-0.00846067482998161,-0.10947691284393296,0.03877472080569788,0.08408021653328342,0.022014685837091746,0.049284078994664214,-0.0071097433335745135,0.00016791980865011954,0.014898517231152852,0.005004087424573295,-0.012935907020011123,-0.018873941779782348,0.09505452986586549,0.004422852925098799,0.004806559046064873,0.00042030791603868493,0.013083998290215426,0.07675734371205184,0.003470831311467894,0.03483644710862294,0.02404041759104442,0.016050856559188094
AP4B1,-0.014451332801799138,-0.06118210895888075,0.03997627031481966,-0.026256183399105446,-0.031169970785891874,-0.02730433016582756,-0.028542527336703517,0.0,0.02464281339651425,-0.028065806361781097,0.03200019231105833,0.0329304346705519,0.002441547678259995,-0.015917925010177685,0.0017605699704277937,-0.021823937152041596,-0.03281933331295062,-0.050046925792348644,0.0015602861012673373,0.0010001227341502141,0.047353363436055465,0.0053102079422490105,-0.03647662407712142,0.015050365316479917,0.07437602763805515,0.06392287737562169,0.034867233036475404,-0.027854831934313717,-0.031840715111090524,0.004619137646826068,0.003854549470161337,0.03228101777271468,0.0015524140123274889,-0.051743241816256655,0.054445260189252526,-0.005920004975544065,0.04302258698408379,0.04787065381323054,0.03874688112820285,0.11428380364247835,0.07496662126306797,-0.029706195592493538,0.029576153100418168,-0.08285479715184303,0.043284583485449335,0.02352124196088908,0.02403739696724175,0.09599343758856288,0.03814005941589843,0.04409460109195574,-0.03124601327831409,-0.07250934106885276,-0.028436240858245667,-0.001082116583334376,-0.09891958978048083,0.030430974926536267,0.029392312972758804,0.06454358420021207,-0.005381959231435702,0.02115719021677868,-0.016985808854135646,0.08375515725570265,-0.040106851566222214,-0.03919084933150655,0.008543251426501143,-0.016714342876807845,-0.026941376321044822,-0.040459340598882156,0.046959863778032594,-0.027361389969510156,0.10281912629462453,0.027180149131344044,-0.04660541380323948,-0.0016145110864529512,0.011412881534508458,-0.07852719711022553,-0.05675194180518252,-0.027581130511370705,-0.04470167489555578,-0.026618884945777004
AP4E1,0.05692436891370544,-0.014797357915089645,-0.05003620287333031,-0.00882783208952137,-0.0099493146231958,0.010748746389884257,0.015455149221402755,0.02618935920305437,0.0,0.03926395063739483,0.004515959604478951,-0.020972554289593683,-0.044779663318725176,0.027850859083410454,-0.025065494625869118,0.08092903479005134,0.01875299991147292,-0.016816278843690084,-0.009330857540117109,-0.005711951253748109,-0.04938372707382435,-0.022093042282908232,0.0010814513985810228,0.025501405477049134,0.12921374406829034,-0.10497270828391536,0.03242131904549494,-0.0979589480775578,0.09165643728501344,0.055521614593430996,0.017554786309385277,-0.008778331071534428,-0.02551201154315914,-0.017862092439294874,-0.018335869825555542,0.013933808718870492,-0.006570317782156543,-0.039811417476349524,-0.0642418591363461,0.06677272092405782,0.04716425409450264,-0.014360420790762626,-0.024783483479641058,0.08414573307063243,0.03965923272341204,-0.05212837920618207,0.08146508936483349,-0.027699014769523918,0.048263376153785106,-0.0704820562927031,-0.00490724206507141,-0.0676266851069624,-0.07430968835781682,0.01868835722285542,-0.007320797319224859,0.00198311105586282,0.07987931029424586,0.036227969220446174,-0.0231174157683306,-0.01309804381560095,0.0056970466940925064,0.1047813947706544,0.08530812342104406,-0.03404819017364963,-0.0011807394149047335,-0.012695078289606379,-0.016210213642233413,-0.0029287254238677734,-0.11643589930733408,0.042829076510334706,0.03642272383233164,-0.026967299712743246,0.006222692310477766,0.010767929106504214,-0.026609756008795924,0.008013503542745612,-0.07124131333477356,-0.06325949042007321,-0.04392087528846666,-0.0038508169924469913
AP4M1,-0.0626853074632806,-0.03666168965143526,-0.036374211082443174,0.03931469423763079,-0.06759580666358556,-0.05729888325990284,0.0077822765436565255,-0.03843633484021459,0.05059689367757076,0.0,-0.020476338243028195,-0.0007180901108588001,0.09565398282400973,-0.021516341203779436,0.1077157346412228,0.19575549074486973,0.03839506120589216,-0.0895054144917972,0.003991327247454968,0.028846258668807842,-0.15105405598031668,-0.013727414719638625,0.1501977672653157,0.0153087831629393,0.050043987838238026,-0.012199796417916428,-0.11269505532212709,0.14788823446828092,0.07808138546691802,-0.03400417678592778,0.03080847325064778,0.1316465239371231,0.018811289158597626,0.010290092975273822,0.048113989919196645,-0.022595714995179927,-0.05495641401388699,0.09571916670828598,0.12381190862676535,0.08920190959900381,0.009179964152023917,0.027887391533104215,-0.02795153715988009,0.09463090350760943,-0.08790391095713154,-0.03586346277966138,-0.030007235065423733,-0.10599828980757066,-0.10373410501106807,-0.07257835021341426,0.015706930025647534,0.07837784971101282,-0.028220528536848716,-0.2331028424531661,0.07406329263738158,0.11042744220989736,-0.07292790540561049,0.005064105283460786,0.013805776114621594,-0.04211735715255257,0.05679910153689532,0.01158360892764615,-0.02117550218600941,-0.10244148776324515,0.062390685165458634,0.06171504493903114,-0.023762471589739025,-0.0982776239940078,0.039824167633848204,0.10037536624710247,0.030841875030392416,-0.025158360994616075,-0.07648529331137245,-0.15513745269271237,-0.0021270423643428606,0.051034692460962636,0.005814764681676488,0.03592540878308178,-0.02226268754427438,-0.009245259225465811
AP4S1,0.03804910750318157,-0.0323094403686585,0.050570325638598715,-0.1003275454657205,0.005186413311351029,0.015998980407912245,0.036092146775551864,0.04574155030181293,0.006073985575289375,-0.02137204809939961,0.0,0.09125211760969072,0.14519288323814514,0.09932901571580738,0.07141077931974275,0.0781356304611272,-0.17580444700451053,0.0343762025809249,-0.10401922155816289,-0.12956901833597528,-0.006507468957728489,0.04962037219691131,0.03308315076180915,-0.1804512119639611,0.12641621757134555,0.16642901574707625,0.0850599520938905,0.05148467733935573,0.07878934750939304,0.0007101674465872115,0.08311104247633906,-0.0841764604107158,0.03695111408078318,0.08193928113325738,0.1440114610026578,-0.015711186172246934,-0.012985273554429808,-0.06821723718200805,-0.02221268195493159,-0.005892291783963599,0.008761299060955957,0.04846643454825397,-0.0038139628832230335,-0.04869615069249181,0.021201930599977218,0.033451089987097025,-0.02993460577694911,-0.07682988041982455,-0.27562306630463934,0.0706421986005795,0.052140103298584754,0.05524386081595016,-0.13029855587864816,0.11809585883809011,0.0838361376928205,-0.03402431402186827,0.07077501802033456,0.13207233203463076,-0.03938387923096993,0.0390732535496744,-0.07003701934027792,0.16960750756696388,0.03149576384539332,-0.0063043767295044685,0.03321086850382326,-0.050009626884928944,0.055981599576762006,-0.0056651527330817105,-0.021059999892043046,0.015094150326779809,-0.07629871889309742,0.03195469596104825,-0.05775607324766749,0.01276245153419736,-0.011606244734892524,-0.09123883457020925,0.09261949738506942,0.05906940119890626,-0.00421103478120094,0.04393423376439179
APBA1,0.09710753178148758,-0.09943304351568219,0.06178641329923055,0.04332368498513353,0.04597991869434437,0.05482979697982513,0.05706817990288745,0.034072854081395244,-0.020418686136846203,-0.0005425322414004651,0.06605348104104154,0.0,0.07279915222656977,0.028332421767097167,0.02585335939372984,0.0265899579870955,0.057490056242980335,-0.03893935740700645,-0.026524169657031565,-0.02846127511607192,0.031281895853768886,-0.06163589971412432,0.07045157635030008,0.04143380384371431,-0.023552341057892796,-0.010040683987474597,0.02661012208714775,-0.01674638697539849,0.0018257589922147954,-0.05293718915736049,0.0516736892084165,0.01667741099753367,0.047470707303715866,0.005268000739882325,-0.040273134550409685,0.02906273260282859,0.024027440295749287,-0.02002490682207099,-0.01869764889546126,-0.06638588185060028,-0.07662829269837751,-0.0025916405466070986,0.023189014184975997,-0.11041821209188353,0.017950506351797808,-0.006226863873767034,0.0022423215287181333,0.006719902494065611,-0.003448229865945385,-0.006366400544488051,0.05557897413949067,0.058803059790640023,0.009698083068144831,0.07978920651324913,-0.0004132921634920109,0.022343952004727916,-0.04206757759664519,0.04938430965475319,0.022700002970305916,-0.11541731665226328,-0.021150713746912225,0.04684167423171324,-0.08725861091985383,-0.09077990034132417,0.021727494329299154,-0.07875681654010772,0.021874202205005036,-0.10825729000477773,0.003642792227342838,-0.07425200115688609,0.041088453243330776,0.03990764385604856,-0.008821435595947471,0.005499774209232845,0.02760804764654252,0.03180787768697914,0.07909518169597726,-0.010076682836365291,0.028098664467508493,0.08817424565493494
APBA2,-0.0572199878327411,-0.07493268142346238,0.07333162872987709,-0.0008306866896656438,0.042298683957654064,0.08984287171833043,0.012609981329519104,0.003373530927485457,-0.058219132045357204,0.09650684116304502,0.14034809571440027,0.09721533076891191,0.0,0.003281213444618953,-0.0330035557714875,0.010018431819513925,-0.06276650597267631,0.027085705476997932,-0.02341886759291575,-0.06423235257494107,-0.0753289622033788,-0.0033548996140938055,0.0020108574068874144,0.056021604920294496,-0.07656102918631212,0.03537661076849259,0.02005111962517926,-0.03057042541507616,-0.10098405240409704,0.0837938648270501,0.07288072885080547,0.08692393198752334,-0.07844837044798185,0.08040551785556785,0.08997114969094186,-0.06284559975803376,-0.01843299193035893,-0.05379138939421416,0.026975049054341622,0.06902060029682237,-0.15282789973559327,0.092268641175077,-0.07557417689055068,-0.08098813420552906,0.06941563576304079,-0.09375896096781684,0.0665738495601732,-0.0615765673134848,-0.015191583287496825,0.1270295830164302,0.10238305946089386,0.120899362412729,0.060727935425111686,-0.06528508782836973,0.010508978393810797,0.025501291512759896,0.008751794042497324,-0.09822644486892851,0.01944104240082198,0.12200215707371397,-0.013370957244977711,-0.04744646722436275,0.10163902433538467,-0.09099274290212385,0.058520914800681285,0.054233719867438676,-0.04825227437368952,-0.07523378958548532,-0.12283583800122051,-0.05698674867423851,0.02588066363677088,0.026847923276031666,-0.1269597259395837,-0.0501083523934456,-0.17099984028577112,0.09317475953723882,-0.07856774087723829,0.04677586023746751,0.05959126365680026,0.052941659282595185
APOE,0.011597754169076463,0.025503707378999874,0.06039078415313628,0.02464043648749013,0.021922464664072553,0.028174548347180015,-0.0596986453671945,-0.016549167405053362,0.027245432523864882,-0.016334042219233885,0.07224495669166178,0.028468353038230566,0.0024689067707481505,0.0,0.11034653631135408,-0.04347059874300995,-0.01518359717202388,0.02207037144729291,0.08294469415097318,0.023027131981064014,-0.006308050139540119,0.022451026166679183,0.038889448101795815,0.03998641746329053,0.11246368549988077,-0.02389668946243208,0.09648924480212996,-0.0159706962643225,-0.0018014745640446766,0.001568042177753312,-0.0575774461997733,0.04625508431495848,0.07603090892656371,0.013788756678003871,0.038526225418580286,0.04408759453303517,0.03192234842959643,-0.09145089593960921,-0.04127881342389796,0.012436959131716616,0.04520051512612671,0.016924191814456715,-0.03908690409059828,0.01932685719848932,-0.020149616977818818,0.016457116615835352,0.009338493056443513,0.004041968599555241,-0.02377932468873944,-0.02752555444029771,0.0071216894382275485,-0.0028242975499805072,-0.020457586326005466,-0.053515572360518314,-0.0208998939954435,-0.04766386140017246,0.0620948961787219,0.038785261424870224,0.029403962292573155,0.007087311368755913,0.05851925735834896,-0.027718862287965187,0.00846793545878503,0.026274723619214978,0.07967400850862225,0.015169124829866803,-0.04376996933277337,0.01076793112873137,-0.005195586664568015,0.026738777212419795,-0.12075786279364778,0.11511666662434224,0.043893152968875006,-0.0322042627339396,0.03320234699421296,0.014213064110617839,0.023457015146055245,0.0146828871098243,0.04187762379359173,0.10620883838325686
APP,-0.027810359559386242,0.00015115925249204406,-0.050348731415732824,0.010281306329051915,2.6383489512498422e-05,-0.0143127834208396,-0.016229779713592296,0.0017880360031782912,-0.02395326198952921,0.07987992961763837,0.050737428279692826,0.025376335225032413,-0.024258515228427868,0.10779335274862464,0.0,0.03360074742579776,-0.0482868994018499,0.027877396287118886,0.032144522726021134,-0.022398144234093104,0.06590203910569731,-0.02213419028657805,0.06513567509738688,-0.033843211935107476,0.06246391123647962,-0.01856808836630848,0.12031381503165184,0.02116943498776115,-0.018816635057300402,-0.06251018860718124,0.031232875346711035,0.07720090733601528,0.061576968445899126,0.0016816119732245185,0.056492861891533255,0.019891715755646338,0.05720602196491513,0.018752663682953613,0.047491904054818165,0.06715991807377225,-0.079028975303133,0.017596329382414115,-0.01790956453200217,-0.03762829370669806,-0.020700423123897898,0.01575948518368577,-0.06685146673458485,0.05321987539103455,-0.03570852343016366,-0.07590273580012936,0.0329944718515875,-0.02042867464727168,-0.03528431639375964,-0.03675807211269328,-0.01849041706071846,0.04512237667266672,-0.045248682762051955,-0.025062095889355356,0.038819106198308265,-0.05172440504859441,-0.04637841161777575,-0.0877258342787146,-0.03593156586921384,0.07678091394237702,0.012295614394498713,0.08582709529435012,-0.023031297871855306,-0.0034354231345306405,-0.016214364699399342,0.03290256649287373,0.017708702705509394,0.03364648622839965,0.03658225577988226,-0.019631023062334274,0.026862763152451678,-0.0036426991857583437,-0.010786285762914707,-0.005188479538603297,0.08484680090337769,0.055586242529281016
ARF6,0.017290912119390916,0.0048507306239525694,0.008701389422030659,-0.015677136536978255,0.010943578445069288,0.003668803071525153,0.05496553413952108,-0.02412649148841671,0.08418424964897306,0.1580194614134508,0.06042990305819026,0.028409766840277403,0.008015697678888187,-0.046223943714078265,0.03657522758163285,0.0,0.023360620713436402,-0.05254144308385629,-0.02944279003939651,0.13814801952573236,0.05696823060050375,0.1366679252471547,0.025371478346525145,0.0533232804525999,0.08016928141752358,-0.012223763268598772,0.04029621151055475,0.019587233164368927,0.017993008075622673,-0.016710578335281535,-0.03147169965601855,0.006283026012890335,0.003577658008653962,0.007063422121141789,-0.049000834438607414,0.028367278830396445,0.053522202794633406,0.06311066088834924,0.018470967818462934,0.03915155653378822,-0.04806237104078165,-0.03564677782756257,0.04804826806060467,-0.07210228392821642,-0.004198611852782126,-0.12611366815156796,-0.01831397290585844,-0.08683097132380582,-0.039596241316479444,-0.043222629552899634,0.019572099563880656,0.01823415334050853,-0.0496349107460151,0.07358533872590044,0.005552871163404068,0.05934406569707326,0.015063251638907973,-0.01605244780519457,0.046211863326590684,-0.10870663167451419,-0.044854821365075855,0.06654748727203373,0.028079343999578617,-0.05251444926907582,-0.03672325736791117,0.13744020211088598,-0.005950245928480335,-0.025866227974178035,-0.020477108919964,-0.01670978151227373,-0.04569658538861544,-0.07208706004472094,-0.048741877777755314,-0.025884786770769733,-0.05031514193235243,0.027037188394654566,0.016389809860656676,0.043676593144252165,0.018175364302923117,0.045395283098503256
BACE1,0.012860630298083698,-0.16489589995055282,0.04253049924534278,-0.08226959612266249,-0.0880341536907855,0.02977928778247454,0.13572360858088506,-0.05974430404597722,0.03212202527841327,0.05103612265081697,-0.22389186637876796,0.10114593543735632,-0.08269423212710297,-0.026585922247718087,-0.08655120164326842,0.038467154486295355,0.0,-0.13570779981055017,0.05737260590675011,-0.03761411834491206,0.03645955701512384,0.031332541614004304,0.19654609017971714,0.040030998404407644,0.03523382071158043,0.11883042581048549,-0.018826903186281524,-0.0628460321783821,0.00823331716226306,-0.04401766338438342,-0.04437465807450669,-0.177899856469685,-0.02018511886660076,0.022833023089669523,-0.13130418676116148,-0.011430693563849934,0.08908214026244951,0.00661535456814228,-0.027544575504115133,0.15975497149448578,0.2001593582540801,-0.12465791756239063,-0.08883730992460653,-0.11953797814092136,-0.20921395075421637,0.07790429115503197,0.2337799621539662,-0.09338271011007794,0.1652893027724688,0.16769752783762384,0.11044665022031742,0.07568114556003804,-0.07238798345361022,-0.05379601587845584,0.13611354070110163,-0.10583579430359098,-0.12494242471804994,-0.054646130090112655,-0.06972173569385444,-0.0962225595061718,0.04228833703518333,-0.04550333935331527,-0.04714725155028045,0.10976150806816422,0.08561545899679282,0.06475599022514321,0.10050157304012368,0.06114602416557331,-0.047340388733919596,-0.04435712388314466,0.11688264218038616,0.13092977133813252,0.024329386031731987,-0.03033193467520899,-0.01999161776567873,0.0011374103734798661,-0.02905230669886309,-0.05045901034929966,0.0795582511667667,0.07463839972008031
BIN1,0.026246955676362628,0.1664220423113093,-0.03167410478058224,-0.009111380143017838,0.011059839098263902,-0.008100435589439047,0.04355047324470849,-0.054217887083476184,-0.01714196087567822,-0.07080273722503963,0.026053423061758656,-0.0407702067273838,0.021236642132232062,0.02299773847795544,0.02973681306166265,-0.051488010582182824,-0.08076128881502936,0.0,-0.004895424881076249,-0.0018461971552579943,-0.04033247623945507,-0.02702905131027917,-0.031149768994114126,-0.07706825675923146,0.06324753848345031,0.019462250576204824,-0.03096883555536289,0.036176304817057595,0.00238083294578936,-0.08237525969366048,-0.023449704986244466,0.07493898914531474,-0.018157301210534257,1.5388474885358405e-05,0.030754989471867535,-0.04776321374544585,0.0746231512234912,-0.10212181466135177,0.03405525860228496,-0.04685952930546825,-0.08626344465271868,-0.0658421244788868,-0.12097945404446017,0.01451464271632602,0.06319667856382459,0.1098063664856215,-0.034214813276791135,-0.0013289200157965524,-0.006034967623443247,0.01614046705683011,-0.0027901962062698124,-0.01082633919036182,0.056638974352499386,0.07093574015787109,0.08454041267861996,0.07748916276698373,0.05704801054448412,-0.1020903924095534,-0.0563893527181395,-0.0656031193493376,0.024831884122930338,-0.02726692512268265,-0.017317408044158843,0.028995702372327178,0.006715241788830943,-0.02352913133200685,-0.05709962125571491,0.16515412375336797,-0.04202430656893004,0.08128626344328586,0.054472293927895224,0.02129794666713133,0.04053989412757924,-0.033738027809695086,-0.05424162827346727,0.07035197439623415,-0.06110923835314672,0.05503404752050812,0.014272696821647966,0.019101233279385045
CLU,-0.01562642216446645,0.005930771283492898,0.01685028399606163,0.004224647040862092,-0.0013725364208060544,0.0031736648240332788,-0.03741400675295394,0.0014708536954014678,-0.008276604656667613,0.0027473761849859677,-0.06859943579488385,-0.024165511001377465,-0.015977603547268585,0.07520801934716911,0.02983659426323359,-0.025106324026644537,0.029710027961415177,-0.0042598121073942055,0.0,0.056199821066749506,-0.03322005366020925,0.055786352409675395,7.0488548213886e-05,0.008459274871732288,0.0031353001593262915,-0.061984863106445846,0.004662995509398172,0.02898953837003321,-0.0029755144622089402,0.051740033036842284,0.005579170729611635,0.02052742766725067,0.054189819392811873,-0.060639779877470094,-0.020666468956443088,0.02037221298409125,0.06704853684023934,0.0027351022113135753,0.022918373123373026,0.021557071698566594,0.07316977331625406,-0.037066488206898514,-0.03736979909515469,-0.021774168166849708,0.04557680909740589,-0.008349992863037628,-0.0018904022787766806,-0.032300916112500515,0.031049149406935924,0.009169057595035201,0.001976241652165665,0.03851711748119088,0.017962375873266215,-0.03944506569379929,0.0025078557606937504,-0.003675876205779533,0.032845700868014686,-0.02901312291000276,0.05056102233466241,0.037981271208650684,0.0381506412348112,-0.02263711394945532,-0.016701004225908474,0.06691879423161831,0.02164535496712791,0.023302868495148652,0.01402654806466523,-0.05495258716971332,-0.06981838940493594,0.010148624842057105,-0.03599934391470681,0.10088435867797794,0.045081235222631556,0.026192267547810046,0.05260014807847675,-0.03457203093024545,-0.05883543731038333,0.050656494735253556,0.01145941595140315,0.02287855063326736
COPA,-0.009066588379952552,0.01361474543107083,0.039318007975692716,0.08407359542445214,-0.00526065570777694,0.02599242383732552,-0.007580293496417504,0.0010733468705904515,-0.005768152097067396,0.02260538171258829,-0.09728136857468948,-0.0295209342972573,-0.04989087689421127,0.023770425198374474,-0.02366877943240754,0.13411284941579357,-0.02217537280223303,-0.001828940971797962,0.06398180556338212,0.0,0.08012590373971977,0.1633691999159334,-0.02320783852317812,0.1608407424074658,0.03620221262720051,-0.01928366773314026,-0.028712510644486853,0.045351043993013956,-0.04026660621380666,0.007011343405066379,-0.002269013342632842,-0.029603976325302102,0.0320647807063325,-0.06540949517041747,0.011003003345168684,0.0046919087762056135,0.06623378887393827,0.009972240891559523,0.05103750354504403,0.003930064838486192,0.025129601743725284,-0.02325262832324259,0.012627525624269264,-0.055367310959641404,0.07950956656709302,-0.0424573552873375,-0.03933559078493217,0.008957370452874593,0.007096765395106695,-0.04272816452368531,-0.026308882359410004,-0.05434956582122572,0.01207146843255425,0.0011324358019400259,0.04281630990606621,0.04156657960790048,0.1051588326134236,-0.030379160399395887,0.05002443790253998,0.020818830266469406,0.10925993549952306,0.09289539313136161,0.012848714304259443,-0.02344600956554436,0.09487889349282112,0.025925519116806506,-0.0775277245750666,0.07164456173192964,0.04176408777195517,-0.029361710875101574,-0.10295602238113906,0.0020670758180418047,0.06442488539589498,-0.0018727678805559355,0.01597117580642197,-0.005947079723390583,0.035694908021065376,0.03683920444181053,0.0006450552631044365,0.06627919489465968
COPB1,-0.04882542465885621,-0.0052269340507508635,0.02081271156730162,0.04303203898135472,0.0334416096518473,0.03636343731855924,0.024057786883220526,0.049675332585769005,-0.04874602778187979,-0.11570653794421569,-0.004775773982552939,0.03171552957532116,-0.05719162673353421,-0.006364955822767389,0.06807158059966194,0.054058204155987076,0.021010412913612882,-0.0390552709479873,-0.03696792252469628,0.07832061658294895,0.0,0.062089643120637514,0.08698408873717298,0.11929116389396618,0.011567517316680839,0.15321005458467507,0.12920949969166404,-0.0063291331547157105,-0.048222490202032314,-0.04710615955443675,0.02689545385825626,-0.018649475050137393,-0.024785381694947973,-0.01096445174271518,0.010999733995035023,0.018675994349078868,0.046554820911933956,0.023494289960306447,-0.018531806194286456,0.038081822762527376,-0.05987914697794131,0.0204072310297602,0.07336469587848687,-0.09993894866419234,-0.012523007192500683,-0.002810675179187715,-0.049315851237089495,0.08236192851807496,0.010526074704315333,-0.04920540770316834,0.0010023904982499204,-0.034979090115852686,0.03530697386134208,0.006490760560636877,0.007590357789472193,0.013032218358418297,0.0421645285033499,0.03212320116527293,0.044378788664626106,-0.04349297773850107,-0.05289462607343427,-0.015980511239186503,0.0025876511464088953,0.06603383735465487,0.02036457398537185,0.021599631926833698,-0.03275259252938115,0.06374841249386001,0.03190521020305519,-0.033614767751392965,0.0033238432205570244,-0.053120295590945076,0.04441866355195566,0.0756742629074576,-0.001973968090800265,-0.0293187205057033,-0.030239816830193167,-0.1094510303134434,-0.0013569109257602213,0.027056711766703198
COPB2,-0.0031406627515832165,0.019978466599933967,0.01154111153462551,-0.02754816747132873,0.002556834401670189,-0.0013766109588984239,0.0007728413802890902,0.00544312074624271,-0.021308720867730058,-0.010274501297432792,0.03558263997827868,-0.06106032764289741,-0.0024888371676560946,0.022135174083356555,-0.022339688360965393,0.12671906902444524,0.01764271074555492,-0.02557420016245803,0.0606595480863242,0.1560342104708806,0.0606688345752921,0.0,0.03026052406010061,0.09150079348819104,-0.016632098503111058,0.10659982410234956,0.008976628320150901,0.06722822283629457,0.005354668612852076,0.010147997829120006,-0.03596259028421185,-0.021319708457307022,0.039321914076090446,-0.0048319827485664105,0.027802184449493204,0.06043320514318495,0.06643684898586152,0.039102333983982954,-0.009294060028460883,0.025611395535753076,0.034278856097240684,-0.00710769018768433,0.049039226483359864,-0.0540201244049445,-0.007747187454391926,-0.04939224193984741,5.440452489993345e-05,-0.04819415442590463,0.013073468237216708,0.02180357636598627,-0.022467711753375155,-0.015698391494646042,-0.011897086570810123,0.002029487634152208,-0.03364411216849108,0.024733347170995453,0.09256354095607335,-0.014084868098372557,0.05482079073512383,0.05269993943193575,0.0890813917319611,0.03885070681364526,0.07987204449089857,0.022202778585546753,0.03698550120316097,0.11160691977258042,0.03562487237051006,0.03376119313709273,-0.019306758549812255,-0.002901647924901726,-0.06289963788947237,0.030935205629133457,0.004521652516495232,0.0005482144296312063,0.013723342562961961,-0.04691302444950823,-0.01959069766603586,0.09592556600881873,-0.003907980802194895,0.022400983294411165
COPE,0.06120116682831776,-0.03071482269827157,0.05864058994525066,-0.023159905281350496,0.007263372094262619,0.004965373874035532,0.0239489379089047,-0.04000824473116509,0.001116110730254788,0.12029121012603894,0.025385366222396927,0.0746817567716907,0.0015962343394183684,0.041027678710718024,0.07034460738677906,0.025172106802330115,0.11842203445214793,-0.0315372998777873,8.201403713732467e-05,-0.023718256413785305,0.09094623545887714,0.03237985242929349,0.0,0.08766937977331273,-0.028045385015013236,0.16230805857174896,0.01813963629172292,0.08899592778609046,0.07869619507745226,-0.057592506129528626,-0.001000128928334712,0.0715920100671982,0.0160150712453248,-0.00100058199578027,0.022402813240034028,0.07017587302220588,0.04641907564976226,-0.046594946489327695,0.04069229603036297,0.022722274262813036,-0.03875024606928633,0.010782746034607913,0.0547485757455758,0.06322880544300205,-0.04705781796219254,0.014538033053114335,0.012457792053862079,0.011234385957249734,-0.0061114907657239615,-0.03815986781601413,-0.01642359969639272,0.08089554399000166,0.004195009502983078,-0.05577170490425822,0.07538663503053601,0.14610875224845463,-0.04695683323636725,0.03231619937314899,0.032797751930039976,0.033407636171943804,0.009602875668410981,-0.04895280358374751,0.015479831250723261,0.05247481677204225,0.020538938626832214,-0.030895992227908817,0.0585135373125397,-0.012187100461799199,-0.05769969253143897,0.019210149921226004,-0.004705530757506517,-0.041201542903682206,0.10326358059640096,0.10396124652298808,0.012419199491637684,0.024021038202685096,0.026080276673216118,-0.07713074009915839,-0.039903140628603784,0.0002449990208028264
COPG1,0.04239983433552387,0.043484059651214484,0.15471423927602576,0.1757280145992347,0.04161576562035139,0.05619720452391058,-0.013406521912331283,0.017769214938642967,0.028330271190454857,0.013197674928207734,-0.14904681866900837,0.04727863774757774,0.047869320087773684,0.04540921560901025,-0.03934321111125685,0.05694780509577075,0.025962760617036316,-0.083990767786529,0.010594710640764395,0.1769418131092241,0.13425779899670254,0.10539247870222124,0.09437006896063956,0.0,-0.05408050765776681,0.03118972374114525,-0.042881162919038616,0.034115736651172464,-0.04888864942398428,-0.023581950828151663,0.01866652011639529,-0.057265986189141124,-0.0053729682005820905,0.05778258169461507,0.06882832135819293,0.04574977230837562,-0.06927138886983746,-0.017536144245944234,0.045725423839443516,-0.000845039018475912,-0.04581438780991271,0.06151185726613967,0.029842011786566158,-0.051243076186937325,-0.04751976785717351,-0.055580490806699676,0.027847473220419028,0.03152424864303777,0.06217423589017092,-0.05188724639200944,0.0005113890197376405,-0.03531387119031615,0.06264052359907982,-0.06642845194054321,-0.054905964850897854,0.037550780011503686,0.05821431687869682,-0.008081471666743919,0.013327696600712322,0.023154181872332175,0.015714230517385727,0.07267327602158577,0.03995008118287722,-0.10684014731078895,0.08687650986069163,-0.022342003205379515,-0.07400682596883455,0.04547593333223521,-0.0640488792796416,0.047983119517431186,-0.09218244402206881,-0.04660878763308333,-0.04465432589866372,0.02210817128627782,-0.03916958681482693,-0.07613128375177972,-0.06347037733410726,-0.08217994256320843,-0.008556842177220742,0.12471186640773023
COPG2,-0.05279334028819767,0.07312063371453015,0.07089278790212719,-0.016920677254754324,0.03139631201175718,0.04249051688317337,-0.041294208178235536,0.09080214450621056,0.14843531997419662,0.04461188689521272,0.1079711249965689,-0.027789847130473118,-0.0676474456906075,0.13206439402046072,0.07508779156282448,0.08853399233872505,0.02362958609574692,0.07127571306950223,0.0040604766243713735,0.041182380421328574,0.013462116132629357,-0.019809510041999528,-0.031216892726938127,-0.05592199893376497,0.0,-0.0072397166210048216,-0.01877134287088203,-0.03483450838710687,0.051759648350583456,0.0001952117144327642,-0.06930605211088074,0.043672157924042304,-0.008447535838122647,-0.024560394210514664,0.03529297719168996,0.014193471658948222,0.06057005197713953,-0.09616714696252764,0.004442131909800791,0.14491717293082243,0.14160203887726838,-0.0830211941928493,0.06860910462812828,-0.024152448768688117,0.15405650263035858,0.12066813367304328,0.02993443351041433,0.06918954447356017,-0.03306692146785588,0.04942950158456046,-0.0041824861879840875,-0.021285291666165447,0.05118666066489298,0.030253382556487535,-0.00989097756259587,0.004861381673862188,0.06826613352046229,0.024615535528688635,0.009515110677419027,-0.09113226021475435,-0.06550530543844589,0.0612819091939259,0.010706894385195025,0.06673533086802534,0.05241373339850665,0.03451830033353833,0.04985047943876293,0.08522342956419017,0.08249007954619844,0.0368797534546978,-0.062118517854230344,-0.046714937558985974,0.00336076459361628,-0.05876536110106952,-0.10232534249253687,0.00806062317597527,-0.007364805549013226,-0.017671963982867772,0.00844546830931019,0.059559932980435444
COPZ1,-0.033875911930796664,0.09826256706579928,-0.049583494460169505,-0.09086975438117804,-0.017815002085717107,-0.015792656388816363,0.04271161729750501,0.0891992030388616,-0.13783086338002656,-0.01243062022558203,0.16247083466177387,-0.013541192342495385,0.03572739859541515,-0.03207396888808731,-0.025512257124400847,-0.015429381612972491,0.09108892147505643,0.025068741661678464,-0.0917540131826794,-0.025073069427663283,0.20379896491558225,0.14511914330127837,0.2064951618709036,0.03686336593629946,-0.008274906579367296,0.0,-0.026166848694702375,0.062254865799361486,-0.0051430313575357035,-0.037530326071805224,-0.08009583223744227,-0.05676826332580485,-0.00776284811480419,0.027382822090882362,0.001247506307450791,0.027001369822394386,0.03514725725250582,-0.010668943766766635,0.16205543574339085,0.015785297361262784,0.004523636148384245,0.033585984014319815,0.09291351891189699,-0.00035898047349667075,-0.12493422396188064,0.11877801287280887,0.033934077010500364,0.031727598029073455,-0.007878213924460087,0.0726622563200468,-0.10374095827221609,-0.03726723211519201,0.0927337639061609,0.011129770679537776,-0.013809716584105347,-0.03941136680495514,0.11620761754164995,0.07960650681149535,-0.022249907442831212,0.006252538161964638,0.010684177243025053,-0.017801529174600785,-0.002489396093249691,0.043844897909275364,0.16126542153111928,0.0460752738878499,-0.009521329418649967,-0.023101625203006064,0.11478199888651552,0.034320305937218167,0.07008370285243584,-0.08965363914411481,-0.021150457570300207,-0.018382569351680367,0.07978396526393644,0.05858159834928443,-0.06116718642617924,-0.1169729595863154,-0.10432918404683704,-0.061758214155569924
ECE1,-0.09534747187804093,-0.025528246393214417,-0.013249680183679053,0.003999614716296351,0.0027047429096926276,-0.02848499196030277,0.03136567005803849,0.042245593620717385,0.03696238860781487,-0.09970211017179034,0.07209925461116438,0.031160165071215842,0.01758259911427516,0.11244836501321025,0.14353455306365168,0.04416386581480533,-0.012530721281661272,-0.03463567256617826,0.005993267936705148,-0.03241517025149212,0.14923422197639855,0.01061061937036961,0.020038151092299117,-0.04400573593691843,-0.018629283374772255,-0.022720124008125127,0.0,-0.10232923397006022,-0.05492058651332997,-0.01739422177164227,-0.0459516815940082,0.12356191408870701,-0.04412927014211462,-0.021452504109499313,0.005724327092227945,-0.031199558425956828,0.12098104794056104,0.04381921173622835,-0.10156129742160311,0.09814870105529556,0.007319792378818906,0.007684531144197341,-0.08705837734511285,-0.049968783040601095,-0.10411191633582013,-0.19736572471445218,0.060298636430658456,0.09330470203852446,-0.04362140019414431,-0.05915986066167441,0.04555306908102956,0.06309488725459057,-0.07539204326795397,-0.0794269816694255,-0.04120235643918562,-0.09000285927797179,0.019371387950398947,0.025735849156832923,0.020730125024554857,-0.05207341786712437,0.007923389425474872,-0.02139687067538786,0.0511859894914952,0.03585915139564458,-0.1356132109233493,0.02760172955397836,-0.13383043284812735,0.04622488384025633,-0.030919603095424363,-0.041427179882899484,0.009801034218155561,0.05552281421182013,0.07577640827413315,0.09557041695970146,0.10187612152935717,0.016254053416854354,-0.039303911626057134,0.056057119789076015,0.04471361604862001,0.027598347991284515
EIF2S1,-0.05745913320049614,0.08950814461959039,0.06911484909172555,0.028561764759346412,-0.010315979674137441,-0.051041673886755116,0.02685087592794079,-0.029667071264672412,-0.09817110093333338,0.11501204167731599,0.03836134591993028,-0.017237893968199875,-0.023564386011243825,-0.016360941353188246,0.022200381105547475,0.018870619473135234,-0.03676929001081789,0.03556584680055248,0.032752932943029764,0.04500643636122308,-0.006425817889102501,0.06985368521536417,0.08641903385024646,0.030775682062845824,-0.030389299688676652,0.04751631746786071,-0.08995181335466317,0.0,0.02259613457362061,-0.04067972570185234,0.0688520875279973,-0.019995173531552585,0.08684513739983671,0.08390300407958405,0.026171213964051584,-0.008903876642467098,0.00783686788819083,0.005084400153822257,0.035049205854522675,-0.08298229089132927,-0.009862177316623626,0.024775354043438953,0.017107504699319973,0.023404962127582047,0.06472242957115727,0.03370215196822115,-0.015901863051105355,0.035098256842491536,0.05947387078163282,0.006098419462834117,0.01840312455574857,0.10816375023870246,-0.022554769835060367,-0.043498075386630246,0.06665728309785157,0.10636650264923007,0.008079500097837504,0.06508421717801166,0.02745957844189964,0.0611990527234847,0.001393277776752887,0.012394382099014552,-0.06965770776603508,0.036283433984408746,-0.03317954527920797,0.10789688439262221,0.04119745401119176,0.053853004610834386,0.017927637619503785,0.06970513204564542,0.01588059264460903,0.0704800413311248,0.029073106410610682,0.0375143451291065,-0.009710554963679226,-0.019390458977024228,0.03989038356799876,0.05910808763915112,-0.010588813595595303,-0.01150655297481095
GGA1,0.05767881913765806,0.001140702060876486,-0.0651633433165671,-0.025042345538150868,0.0336478468680194,0.01300161356710317,0.03632606147108593,-0.031243444984508248,0.08462613169286805,0.05594472823304102,0.05408605601389074,0.0017314441984187749,-0.0717149020270971,-0.0017002568806061555,-0.01818005086153157,0.015970510834644725,0.004437968292027023,0.0021564522279426197,-0.003097226244950562,-0.03681580778877487,-0.0451061524123684,0.005125925139464249,0.07040361762388035,-0.0406315080965316,0.04160104999777154,-0.003616517868233337,-0.04447821350098242,0.02081786181450928,0.0,0.021568271381581343,0.029101714124173325,0.05449023710191665,0.044304804701833476,0.03246709328986602,0.010292977341111752,0.033397298687777875,-0.05276506716775743,0.01378781963441933,-0.06076553601074053,-0.004832900936681288,0.0303133350223139,-0.003921106456367813,0.10537339020930439,0.07822354258969945,0.013765747618441992,0.06426343804736317,0.07038284191924819,-0.034504571197401905,0.010316146387752852,-0.003943293566259466,0.013410326587442631,0.02461395344772898,0.016784997895236676,0.006548337593062931,0.07180803602250513,0.046253908570935434,0.052619193081488436,-0.002374611769803093,0.057413495269749024,-0.02507834416858978,0.015442722014384984,0.025313405018313712,0.10906568783158939,-0.008673692211285593,-0.002333056201295542,-0.07509524148355111,0.08196998980274649,-0.021554920376581067,0.025647801677024403,0.009814363783058954,0.004527258982041985,0.010838692022208789,0.03397450355762044,0.06655407229743586,0.03888314411487274,0.015355215714587594,-0.03523645748892537,0.027467006088005598,-0.00208551656044342,0.02861946193176786
GGA2,-0.032038152484212726,-0.011026874257252859,0.03927982079810309,-0.010366179505701761,0.0257616073560146,0.020318057580957543,-0.0028538311368194107,0.004597405538970382,0.05199713486219776,-0.02471267355901466,0.0004944864321434212,-0.05092156447327354,0.060359362756888614,0.0015011357094790033,-0.06126038904154504,-0.015044658110091076,-0.024066456136783546,-0.07568041834341271,0.054627757929131784,0.006502290291335002,-0.04469301545032549,0.009853620585724688,-0.05226163917234337,-0.019879728143109548,0.00015914560885764984,-0.02676884234435468,-0.01428870864752164,-0.038015069962154736,0.021877170360136984,0.0,-0.01437723954744327,-0.011039443571341623,0.004421184598292038,0.024357226255039003,-0.008964220417490074,-0.01740038544036287,-0.043562678594113335,0.03250266734500076,0.05481697708003404,0.04627200984252198,0.08116851332471933,0.055380381312190814,-0.01525637077954934,0.06186594195169693,0.06308521767236289,-0.02916424176065656,0.038958787450570694,-0.03830946611088631,0.05362539982312828,0.02490809952930166,0.014940677816446606,0.04126992338870655,0.013261265545786709,0.03586773113284662,0.061570800291330725,-0.09114206351211514,0.03700567656496487,0.05055839620109209,0.036410399307251956,0.06301663726221016,0.019581855743100594,0.0793744988396944,0.061290149316678394,0.0712284431489581,0.02338012263302788,0.019194220210929983,-0.023407759085602938,-0.1562965057439275,-0.026233857984224375,-0.03232445853505119,-0.031943136227568385,0.02472483059240056,0.009642550630371133,0.09084136975185036,0.03933166608803993,0.06239669104174086,-0.057053282527414685,-0.02783071669660896,-0.013120224647728471,-0.041485155050000645
GGA3,-0.017067289285569807,-0.05514594163328324,-0.13506351121616111,0.12283514305906283,0.0032917134911996143,0.07939337368753235,0.06826047664452607,0.004506768100531359,0.019313124990658254,0.026302517672048217,0.0679817008283413,0.05839155037637776,0.061671542161136586,-0.06475216463203336,0.035956762895513264,-0.03328516524522321,-0.02850098408305441,-0.02530834743362853,0.006919839210380414,-0.002471962297412047,0.029976471652681084,-0.04102098763955735,-0.0010661362651341,0.018485608517386943,-0.06637424932715065,-0.06711148484154929,-0.044343407635047107,0.07558481728066585,0.034676404206198275,-0.016889437510598463,0.0,-0.15693211377339053,0.03588009768761664,-0.034419601801090965,-0.0059210087944472625,-0.04511411736255733,-0.013041709409326743,0.0040309643075524745,-0.019242966632234987,-0.06315289638416098,-0.08835713466445107,0.051634305502843904,0.04503663967651008,-0.04890873499722589,0.13930097251703263,0.012671541651522122,0.04143030325786423,0.07731840354492613,-0.040055975541384285,-0.05154304174928153,0.06336637317295737,-0.0499781720539101,-0.05572165777639202,-0.11477063902889532,-0.0036476567788707027,-0.008557463577440371,0.029002610509596818,-0.056055740521423744,0.027709157163552146,0.008597556159235773,-0.016736870769941792,0.04212425980441492,0.00014255687621862146,0.10957152414733988,0.05040858405053105,-0.043401454798507204,0.0976697271318356,-0.01316237736730728,-0.14030768581288058,-0.03129062102602069,0.07852190607711451,0.08758455970438174,0.012502012048540385,-0.03973794133486941,-0.018025631702550872,-0.09487212429246468,-0.02483846669650402,-0.0504186784523438,0.02283005032894272,0.0828559935573734
GORASP1,-0.002516009835141831,0.012197942792961509,0.08318388411262312,-0.05951997182718379,0.048302898893128846,-0.028519494535969737,-9.269130164184469e-05,0.036556499204396374,-0.009353943719989344,0.10885849681241204,-0.06668831566017507,0.01825302976113232,0.07124218933543217,0.05038336416448971,0.08608288538859879,0.006436135366521249,-0.11066906128940122,0.07833575393945771,0.024659636742074408,-0.0312378139290497,-0.020132329987704214,-0.023553866071555195,0.07391746695062879,-0.05492789116158617,0.0405096887098557,-0.046070012523792045,0.11548832299271386,-0.021260252860099686,0.06288686958105742,-0.012560665599653928,-0.1519979102334801,0.0,-0.027546263010318404,-0.0065900408760479505,0.08636585981807714,0.01310376775771378,0.045950276256060706,0.039337497497764114,-0.04675341899938157,0.1152246683905014,-0.02584754277037013,-0.03122840145128594,0.00754924508073209,0.014107772461255774,-0.041635313528442554,0.03585534487185551,-0.004518578438011541,0.01800008733323572,0.006446125073093559,0.010232378442776406,-0.010794403953001084,0.05112039461536152,0.048898103596513316,-0.04916261102914037,0.03209321202804099,0.15102461525739777,-0.04506808406544566,-0.02189442328616642,0.061968810816842364,-0.08051329000505027,0.08942102967409443,-0.048663815638816464,0.07278493806486509,-0.009018022912275105,-0.0849167633210148,-0.03306039419330555,-0.05450875573990116,-0.03808320487735927,0.08398566599074422,-0.03613853713270541,0.0365072177372391,0.0652827356703449,0.01682194927141955,0.04015458951243878,-0.02668363822287728,0.11922121509385417,-0.06939981716981025,0.060362593496825344,-0.017918126366584342,-0.01647741837102342
HSPA5,0.048580076807962974,-0.015891835305629386,-0.04877736838956161,-0.006505151285029442,-0.005705899486166232,-0.014999756732764937,-0.009708592345426443,0.0014834949437489392,-0.022939747601616663,0.013126007013802074,0.02470288984049685,0.04384228379068593,-0.05425539837008143,0.06988420097039082,0.05793938097420586,0.0030925467356442567,-0.01059602747514977,-0.016016389844840166,0.05493270484051834,0.028550912661281114,-0.022577932794895006,0.03665867179043626,0.013953158598211479,-0.00434882155423503,-0.006612191653690048,-0.005316122096763745,-0.034804975175799314,0.07792016984749003,0.043147261968706156,0.004244878402951326,0.029325170466615376,-0.02324469359290255,0.0,0.04374621630716766,-0.012140748554652227,0.03608219962857622,0.0008440587084282194,0.022123560534284013,0.03650950794939244,-0.03904675181453185,-0.010624738108139095,0.01496020149765682,0.05818120330912866,0.01321519425692843,0.038194821207073015,0.032407527011518805,0.017237050797812008,0.015256462937558907,0.08171080770337967,-0.016783485091603545,0.018803867694184108,-0.016473531848874248,-0.04948086907948492,0.039307587093647,-0.004475736228189356,0.02734944988078183,0.04407346856352254,0.027111115100260118,0.06918494131714936,0.025101459888068098,-0.01641705759884674,-0.019117112308481978,-0.028744462776801226,-0.021169268384858973,0.049521700156523026,0.0625591528177086,0.005877850228783821,-0.0532820312002857,0.04750811401818826,-0.0028223600568284516,0.007809708113425712,0.08675970153223432,0.029601950516195387,0.016073463431370862,0.07797773470359276,0.003982616990658177,0.03155471152382908,0.03663482313407213,0.0701376268798727,0.06846148950892583
HSPA9,-0.008142864293864897,0.052964989245198844,0.04150045215728877,0.030296630888837085,0.05040251434959131,-0.006446590313825103,0.059611230797775534,-0.052832862646781144,-0.017161223871159453,0.007671942925542171,0.0585307873160989,0.005198586627410011,0.05941784206152629,0.013542097031836146,0.0016906485237301535,0.006523859521932292,0.012806992998353268,1.450377002482479e-05,-0.06568147364684732,-0.06223067482050273,-0.010672040796561437,-0.004813261339000301,-0.0009314688404234957,0.0499719447414082,-0.020541053566790257,0.020036601209844032,-0.01807859056818723,0.08043663359076987,0.03378452487863706,0.024987708317780747,-0.030058324039618375,-0.005941843872644835,0.046742559312029724,0.0,0.07465099815527917,0.0038751983824000936,-0.12430427135550828,0.03425775813228252,-0.015742044328772915,-0.024243952950964237,-0.07104847667110192,0.12382425917928065,0.023953112504646552,0.06089837875241186,-0.04191895503423701,0.023344419075621417,0.0400576658793915,0.016611119956650405,0.10395049639612267,0.015842344366601067,0.0821795258125009,0.042926007894122806,-0.008413099341641897,0.0410614267429585,0.03021520366960564,-0.03588572795838254,-0.006376553120915425,0.06893264062846956,0.004778798598221036,-0.015309169457745247,-0.021583501422325565,0.02625963809377043,0.06580720357777951,-0.02485513875137409,-0.008198030157886742,0.11048566602473138,-0.009662588580981226,0.02447361358089636,0.06973929135660509,0.0410271748943782,0.035045591123486236,0.005609722825448119,-0.05815836429698982,0.017811658711079748,-0.02860869879396128,0.07978368409783139,0.014395306202133779,0.02743853189266739,0.08534706426666333,0.03445596286362886
IDE,-0.05471753092480345,-0.021144040211847334,0.017967816102846784,0.027882234763514452,0.00010564714276628622,-0.030462586251806943,-0.019953153984091483,0.05897476034137049,-0.018688439556574853,0.03805511479511092,0.10913018007599415,-0.042160959895138406,0.07053259959584664,0.040139584602081425,0.060252727900307196,-0.04801185815912329,-0.07813001891761254,0.030750806216130588,-0.023746912447904306,0.011105306700484192,0.011357907779841091,0.029379783206534484,0.02212451732643132,0.06314690737872194,0.031313475751338714,0.0009683764044026643,0.005117603280765837,0.02661680008785082,0.01136242481502189,-0.009755886141589131,-0.0054854242919437895,0.08260965867286509,-0.013761730711315258,0.07919380648688593,0.0,-0.00595904136028238,-0.07319734340666309,0.006924993604911533,0.019261540581408235,0.11845073897026573,-0.02882688583572412,0.10475401919786055,-0.03344880032065497,-0.0812417765918071,-0.035754247433506324,0.10849717754309587,-0.01485538228769961,0.1031603452025557,-0.021552806807300515,-0.012738821521799717,0.030875348359619345,-0.05586386219549208,0.0049306027261404066,0.017782758315617892,0.026012002435376037,0.08979336584856636,-0.05329742508896415,-0.029129779476852875,-0.03530663218907715,0.10090801857788856,0.13992327660524112,0.09294646633188615,0.10599900564337432,-0.031520048177511424,0.055382465400340024,0.002953353046083075,0.00186534461896068,0.0729873747112872,0.02522641748395873,0.0644962567544204,0.004681470940693485,-0.010381587255729914,0.020462078822045572,0.040664713511418864,-0.001671118756137808,-0.06052145820620915,-0.007711643772217669,0.061418470301924974,0.0359040932201725,-0.013304451272345579
ITPR1,0.06693725399785161,-0.04774092167936103,-0.0021422675156844463,-0.013188706802559739,0.03721117094860132,0.025970443921269598,-0.009694256789365828,-0.005414922703848936,0.01199238190113459,-0.01509148006944739,-0.010053583126205209,0.025691862313608205,-0.041603089074054946,0.038787956422935845,0.01791510942617412,0.023470740888524473,-0.005743491997471096,-0.04032724438989408,0.019767109212091936,0.003998830119393899,0.01628410792074945,0.05392738699910215,0.058522538139345305,0.03544360825589294,0.010633976557789837,0.017699105934435747,-0.023553459492923444,-0.0076467200709605014,0.031131885842395807,-0.015991056133491867,-0.03529320242904231,0.010583979667052724,0.034537005400041246,0.003471471642342696,-0.005031998263277424,0.0,0.022745450067114037,0.015051279403245221,-0.03456694131449895,0.00033771429151823894,-0.01004660372582918,0.011397104463764757,0.07505950627959068,0.014628925129906264,0.007835017146681424,-0.007188579761454527,-0.04556094644553762,-0.027927638055902624,0.022728374451944595,-0.008541175421996521,-0.0025282544990300653,-0.00814928599082891,0.028577255487212617,0.017314460176526922,-0.06739898162288785,0.009679713535130596,-0.0018140297357052372,0.027146133549968886,0.04091009905791402,-0.015438747200296976,0.018111006935653987,-0.019741424460112605,0.03324984294286003,0.023905092308944643,0.028857968649497367,0.02907085196019227,0.10039423272562899,-0.018990297266423085,-0.008882704324965168,-0.00886790446837854,0.0013787758911589971,-0.03249931325895125,0.006906952948823154,-0.016216256091703605,0.010231576973195567,-0.009031831101648343,0.03672584195057877,0.02947335574405896,0.02182059903701946,0.00827029516107036
ITPR2,0.02522052064240024,-0.020802915239649115,0.022636452958573722,-0.03872085352070405,-0.018723104268621643,-0.0005850142543802393,0.02157173707431512,0.04355794009703037,-0.006259254401410252,-0.04062793556473442,-0.009197369269009936,0.023510792507244666,-0.013506634836826747,0.031086795110096373,0.05702819042598192,0.049016660873402555,0.04954441477834411,0.06973956166355925,0.07201034321538737,0.06248325080693691,0.044930941652779645,0.06562108360758247,0.04284818587521852,-0.059402333837082,0.05023028382426738,0.02550102245701682,0.10109373013968102,0.007449707224079235,-0.05444289440444398,-0.04431323716972651,-0.01129311481035871,0.04108105218089966,0.0008942623583299329,-0.12325551369478875,-0.06841636940753665,0.02517648851079043,0.0,-0.006083475976756238,0.05484758736157303,0.052221372415777643,0.03140298261410172,-0.10100485190458514,-0.05370231111333486,-0.023228007427719022,0.09413609786862245,-0.07269532425412385,-0.037081123301928906,0.020718296490292734,-0.011754500224970613,0.02897571278846113,-0.017068918442500136,0.026846974391743595,-0.01827552374935835,-0.01229559162070806,-0.035349539926832395,0.03289482939752658,0.017460971019360293,-0.015553100620664605,0.009749498150473384,-0.031553940655394026,0.01770139846592829,-0.005444425375141086,-0.06268207925766588,0.11112898678963498,-0.018150038274222315,0.03480158805317153,0.01109191857256057,0.044831854895156543,-0.06978206321143217,-0.039588795446426676,0.061594253668815345,0.024382969644661624,0.07631556048126836,-0.01301442469932438,0.013100731920888047,0.006859594404329519,0.015146921744383788,0.06707302296448131,0.0022025768824968928,-0.006050839792917191
LRP1,-0.004791517391099092,-0.07962860334350186,-0.041504025335931255,0.011496899297062622,0.004220883839740351,-0.02143599692906116,0.044091618820943354,0.04759911752211706,-0.03724796914853084,0.06949667193540666,-0.04745318605946991,-0.01924371852200639,-0.03870996846354909,-0.08746369322600704,0.018359867282115166,0.056763766076294006,0.003613398970638168,-0.09373092049923423,0.002884947182810354,0.009239224243765424,0.02226906149746082,0.03793113011882685,-0.0422409326545488,-0.014768706239454405,-0.07832369140055084,-0.007602322862450312,0.0359608683464198,0.004746736596674155,0.013971692997209665,0.03247107257448358,0.00342804809892295,0.03453972615023756,0.02302003865934613,0.033360916463853967,0.006356862410674924,0.0163618636778615,-0.005974623288761827,0.0,0.05416004059271798,0.08267867899777159,0.016120598556943283,0.029979465090556094,0.048805050631362375,0.02933336955872059,-0.018898586750165307,-0.06789146297592095,-0.04242739906353995,-0.017107617410909014,0.02880906790024823,0.02031764535597886,0.04343131179276933,0.003914035018610918,0.0022253054321210303,-0.05063196695319753,-0.02783658009627517,-0.04706686296105575,-0.004809707089502553,0.027273743233544073,0.0526311860337622,-0.04699291556867265,-0.022093044585992823,0.030158049625766084,0.03739771569663533,0.018445993276119798,-0.016678216953608712,0.03467309439092534,0.0006212508150253163,-0.04466699712541008,0.07921444292586698,-0.03481057154170688,0.11836904777333136,-0.022342489724862778,-0.05063047093385551,-0.0021601592515303933,0.07024871563810092,-0.009817906156621972,-0.03842173734739687,0.07406956169907603,0.06435749285176762,-0.014405351495266843
MAP2K3,0.09787740495694391,0.11209757947789226,0.08551818986285559,0.05133465416618981,-0.05964474651431493,-0.057512146101397835,0.01135589182039037,0.05356467970657453,-0.08356516574278672,0.12497977455100155,-0.021482482601659116,-0.024981454009128438,0.026988858644656527,-0.054888235803575186,0.06464551123932899,0.023097785570178577,-0.020917563396206415,0.0434571019785893,0.0336093653435564,0.06574222375559477,-0.024421343930638433,-0.012534609095947589,0.05128839357385317,0.05353999209424005,0.0050300243407048265,0.16054644986685077,-0.11587935510023534,0.04549312934284134,-0.08560970368335316,0.07613860820412355,-0.022752137359608966,-0.05707392723777681,0.05281645222477274,-0.021313382786929434,0.024582535495756907,-0.05224353128748374,0.07489080150709643,0.07529934547365433,0.0,0.13127607638210734,0.0338432909332332,-0.021164659046039546,-0.06457274864041446,0.13436643675688317,0.08364875193295786,-0.04990709081722635,0.047361922851507796,0.13715252591966767,-0.053928005080443854,0.08767835375475644,-0.04448675393201022,0.015251230660613853,0.03182495264528435,0.04746392084196466,-0.025249939970411764,-0.003868881155925636,-0.11524959514348555,-0.12591588316154098,-0.05531903817998821,0.031173615791127235,-0.1422103946468812,0.0935862073568295,-0.114819509153441,0.09238708899245131,0.07108865197747623,-0.017445492547936516,-0.12967229476456155,-0.14577632629630383,-0.019131281328603752,0.024657937898179008,0.01849530171385064,-0.18548913331963024,0.02632377478693698,0.05481538508567449,0.1365642086420805,0.052882442365076596,-0.006571850745197495,0.0072554909000417805,0.08797862857910067,0.04093892746936055
MAPK14,-0.029768254513070698,-0.07913485356509478,0.0349977308364434,-0.0513880581500131,-0.028389729609492674,-0.015557949133898234,-0.02396414210550186,0.12042494016913816,0.06620583124232168,0.06863433986931583,-0.0043436788288329555,-0.06760774201596866,0.0526369841915938,0.01260538937448549,0.06968173268729587,0.03731811659818344,0.09247394453207297,-0.045578968399893845,0.024096628547734353,0.003858732504671081,0.03825247399302749,0.026328647841824374,0.021829746363997465,-0.0007542013687070923,0.1250801749007832,0.01192009898954308,0.08535960103205639,-0.08209997799030423,-0.005189954432531645,0.04898895843292813,-0.05691587783388684,0.1072160589691359,-0.0430564429755898,-0.025019848597472704,0.11522943177227458,0.00038905500142301835,0.05435121063369146,0.0876184850763354,0.10006347450305653,0.0,0.08623602414887545,-0.015653117123033237,0.0020323581052049873,0.014242560010844823,0.008846806148050619,-0.010507730492101854,0.024450015398248058,0.0511439208165344,0.004066037377731261,0.061024309689255415,0.008997098157763233,-0.0509696624469156,-0.023652139308126846,-0.07750444695933906,-0.028068442488783873,0.030794064193502564,-0.01619504781514863,-0.026139969153697096,0.012586939319411081,0.04092629473617127,-0.017828075442523548,0.024420691752488177,0.08761802959212085,0.07119578607583017,0.019376339473449265,0.027817378336405452,-0.034229868281631076,0.017058297229128574,0.014963813749418447,-0.015459259679591613,0.0725539622456983,-0.036346131784953446,-0.01408464420334885,0.016562064825374822,-0.03014639675289173,-0.030323950512954785,-0.09990931342853136,-0.0013026105851946335,0.03785798279301995,-0.013220901304387809
MAPKAPK2,-0.04574594624940547,-0.003429271294926487,0.09713395786869652,-0.027223239918455096,-0.03917788519727762,-0.025496757466912826,-0.05270685652670182,0.08002815318157365,0.04737543859370471,0.007155688039332264,0.0065431227889254425,-0.0790592984894154,-0.11807501662991907,0.04641181437242939,-0.0830688577248583,-0.04641079208471513,0.11737727022278684,-0.08500343384388702,0.08285931345712942,0.02499618141835759,-0.0609341153212954,0.03569971404050163,-0.03771503030639129,-0.04142433504895521,0.12381727380083282,0.0034606514844274243,0.006449257050823543,-0.009884928476825929,0.03297861974212674,0.08705837128131684,-0.08067238431887333,-0.024365579187592665,-0.011869012153456373,-0.07428123569221774,-0.02840968890724766,-0.011725299362756481,0.03311120177724079,0.017307186682208982,0.026133987704209896,0.08736386309922177,0.0,-0.07681231608691856,-0.0025032494236525327,0.059091527162344296,0.018464565672035874,-0.015499326612245814,0.07821752732754045,-0.0077743224894596015,-0.036245534473571206,0.09973954950967993,-0.04082516975332433,0.05988197386855606,0.00483965973246402,-0.0912738586075683,-0.005562427755389711,-0.10304074261475152,0.052271274921401975,0.06615938830132075,-0.009444350823764682,0.0574049582087307,0.024780800968668373,0.08801955131358605,-0.002175946160994492,0.040144774488341965,-0.009063029095711597,-0.08006992444429936,0.01581814807618775,-0.011098936959071751,0.051478098280955634,0.0024678079830960206,-0.06861714807448956,0.035101244817659825,0.014797937911979551,0.03244645930982982,0.0720142715831092,-0.07965902066899415,-0.020420289542699106,0.04975098919626884,-0.06347424939783809,-0.030272996514690873
MFN2,-0.04012790332697991,-0.030219066062409105,-0.026924041274103194,0.06101537406681648,0.033142607176280404,0.01545089482186948,0.026268665807977036,-0.028471454938527787,-0.012950758550752253,0.019516686012222742,0.0324971597194226,-0.00240063614375381,0.064002547869859,0.015602021383339536,0.016605873992982946,-0.03090450811259061,-0.06563201537945113,-0.05825071719267548,-0.03768589468909568,-0.020765762350563308,0.018644758138683732,-0.006645913332663117,0.009422304612281917,0.049934449432712476,-0.06517611574084937,0.02306832403506341,0.006078774977119144,0.02229504542686324,-0.0038299681001026336,0.05332939486274228,0.04232620946683006,-0.026429868237867568,0.015004500812045827,0.116229897527865,0.09268878995586506,0.011942272142857984,-0.09561676560698318,0.028897279752977966,-0.014673446712450721,-0.014237433434448098,-0.06896339416769608,0.0,0.0024763750609979153,0.03421487986020933,-0.02049148037363453,-0.0016533000178699305,-0.01848559528610592,0.039732179522048064,0.042221586929155154,-0.05428455276686969,0.046721253225744525,-0.010874931051335213,-0.0005526340295112182,-0.004520700332806605,0.00951826262885675,-0.06113638808953121,-0.01588631515876335,0.06731553666978092,0.003510190541881057,0.03789444771328331,0.07578594129007145,0.04505053946418726,0.06464469095089243,0.018984515155502292,0.056441810106149494,0.06496655199467888,0.004487558436006262,-0.033849993705819974,0.020579504049787267,0.010757592317477239,0.020818171137115732,-0.014177441015491772,0.0025973909496600565,0.006027748777305714,0.025999387224791195,0.05499525597684066,0.043186127982806494,-0.014001945082201588,0.03841977005879995,-0.017704505400645727
MIA3,0.04968868199799484,-0.051576885058554706,-0.03963058291355665,-0.03094075107333778,0.05714073867597988,0.04926175290377842,-0.025016817572098254,0.03280173535770751,-0.02586323822539035,-0.022635828116508987,-0.0029591930982031615,0.024855721313651956,-0.06066093137704609,-0.041696222655937074,-0.019557673494823877,0.048202748708401744,-0.054123239389763454,-0.12385158581272705,-0.04396536284289856,0.013049281452847415,0.07756259031604464,0.05305939643200681,0.055359619921815414,0.02803251306871826,0.062326646502714834,0.07384640958784529,-0.07968962264010894,0.017814255230021385,0.1190995132073214,-0.017000216767246917,0.04271983099938677,0.007393350219944264,0.06752417978517405,0.026017560969761922,-0.034247555138989735,0.09101032144664595,-0.05882708096983065,0.054436520805570855,-0.05180392261723921,0.002139063197116975,-0.0026006649376619905,0.002865556209199732,0.0,0.022314447628781653,0.05677957265091944,0.04852140663049772,0.07292314054752161,0.0775084132998135,0.029536177476694847,0.04389108112822877,-0.02752448554273947,-0.04341630981661064,0.03557219230496306,-0.015560916304141924,-0.09883361163452227,0.061603665850605574,0.018178883448555897,-0.01124210615750809,0.1349476471909235,0.001529767034101804,-0.09314808909743054,-0.07356020135770369,0.10226083025418613,-6.809758254046188e-05,-0.00823610912420993,-0.005458783952141238,0.1579734852619906,-0.03329149485068507,0.16316658546666002,-0.1097607417504078,-0.05201257732374862,-0.06432656539638934,-0.016564018247089453,0.02636402548154812,-0.028017054793374584,-0.021732320872786294,0.054988154854297276,-0.017325541779701654,0.02988848498770364,0.0669109155116679
NCSTN,0.13669335409874458,0.013807995911119524,0.027399366919953157,-0.011550271867854973,-0.02039745040178646,-0.011715245553648728,0.02107702533789843,-0.10492233387949143,0.10026463991730558,0.08750217073469058,-0.0431406441174421,-0.1351387646720079,-0.07422533928726248,0.0235408330334856,-0.04691825376428007,-0.08259204839747362,-0.08315520491652897,0.016966468326197755,-0.02925005053272823,-0.06533064119118562,-0.12064105007469034,-0.06673742156787277,0.07300126742188705,-0.054962221512758126,-0.025052341746027725,-0.00032577402351780167,-0.052225802727134646,0.027828134537238234,0.10095124123358315,0.07871364125768947,-0.05297184826495716,0.015775798487033064,0.01751238591658301,0.07552756909241583,-0.09497812437581854,0.020253146836119198,-0.02905302971457411,0.03735792069279642,0.12308335404826926,0.017116169915625132,0.0700971952185563,0.045206686800590784,0.02547893612718671,0.0,0.05816975470483608,-0.10149022310746873,0.01312636973961527,-0.03241853686325657,0.020414186385557875,0.020554800539967524,-0.038613568317165586,-0.0008640657788245439,-0.0776752595615854,-0.1929346584095567,0.05021524717521522,-0.0707283864847323,0.07673488189963219,0.1247047734421034,-0.004517259168359704,0.0751545278304804,-0.047327538366270475,-0.01077727911815639,0.0926452903232942,0.1200835770795279,0.015455224371163024,-0.06787686258244686,-0.07338607630902899,0.09088896241476067,0.0698796713580628,0.0027998630565780323,0.05067070522243669,-0.09134490358454378,0.043070456280590454,-0.013669304344965254,0.0002721543073541834,0.15474641394253436,0.0681190132414709,-0.044181343091715314,0.008037394908207911,-0.03471229500193706
OSBP,0.0222288571884589,-0.04286973319465279,0.021345428391162057,0.040273716527333164,0.0414959350616452,0.07084144533117011,0.021843147352343897,0.0486235736874333,0.04192020097915065,-0.07210367266303325,0.016662138849999647,0.019488539152361088,0.05643537971137979,-0.021771619349122747,-0.022896541393923834,-0.0042663677842153195,-0.12910335282635998,0.0655303824401932,0.054311564398682066,0.08322354733557437,-0.013410109079732026,-0.008490265203427045,-0.04819595130430506,-0.0452133559463384,0.14175243908683657,-0.1005750824672151,-0.09652729586817682,0.068264405344903,0.01575931490935872,0.07120153024917551,0.133836999895803,-0.04130076454882764,0.04489930280071908,-0.04611832994431801,-0.037079610753742116,0.009622399716259755,0.1044477315585382,-0.021350763934943763,0.06797220143579027,0.009431231178748084,0.019430226878615772,-0.024017308800491324,0.05751095998615195,0.051601292589578275,0.0,0.002593963607430712,-0.03925134072046857,0.06650612000126675,0.07698801604664392,0.048864395596871,0.042194650883837996,0.040984109833436325,0.049458830728221034,0.04766598967276952,0.04362017480636509,0.04236976632455105,0.09092568112699181,0.025103618449511297,0.06802392244589998,0.050644011797078205,-0.05526503669654857,0.07815520410637418,-0.012382955561714017,0.11390610660671728,0.04553443140355809,-0.002793249115901731,0.07904207144976882,0.03485367240806022,-0.025060800784991382,-0.0538390200569386,0.07707307436303688,-0.028526804366254162,0.08634153016629367,0.05314922580722202,-0.04509286946529359,0.02449232318000564,0.036847536161130554,0.03659179062577445,0.04386691227651797,0.010861384045789397
PICALM,-0.01672329710974368,0.050434092160794745,-0.03392184176660973,-0.039885015266864624,0.013911733239804432,0.007228287006260512,-0.021171576728692444,0.025537923947228557,-0.05325556270138152,-0.028432373563144625,0.025408400232903642,-0.0065340681733501976,-0.07367474464076133,0.01718657713838649,0.016847846486369174,-0.123858674836283,0.04646436093330056,0.1100493995708674,-0.009617145973552595,-0.0429528003061124,-0.002909015575106705,-0.052317578992563576,0.014391170913448718,-0.05111242876750632,0.10731361115482212,0.09241803638343984,-0.17686143351481795,0.03435649410037695,0.07110713730671943,-0.03181442796589826,0.011766931018003808,0.034376516311794995,0.03682075718717853,0.02482320779210922,0.10875210534374079,-0.00853293123542232,-0.07795805690920143,-0.07413289581888026,-0.03919636854957253,-0.010826859778543868,-0.015763886992486403,-0.0018728991199561012,0.04750109133078155,-0.08701602954975196,0.0025071226840304786,0.0,-0.01940367765726948,0.029458001427021156,0.03627637431610696,0.014526006398095469,-0.020853706267451543,-0.09009573628519006,0.06048221875943682,0.08763011191480265,0.08987051291851146,0.09298553523315635,-0.0028448793349376608,-0.018724710809017237,-0.006835692347229799,-0.018168433073318245,0.052094993258685475,-0.02570452632094305,-0.017141883309353026,0.02166288792382846,0.10180041263497919,-0.038825138863050605,0.058969442554648,0.008474526564138038,0.09302647501650883,0.040768695655574276,0.014987849718810783,0.07590698995430717,0.008996039941106624,-0.01323718720203892,-0.04158736812347349,-0.0030253981782750565,-0.04250356992329498,-0.08342889024353278,-0.029753879945560422,-0.004569685060495158
PLCG2,-0.006642669306244856,0.08786214945009255,-0.012255910505373295,-0.014558863592045845,-0.017194164440885746,-0.021152507980015094,0.019327360996161124,0.02671605777100917,0.0851965272515302,-0.024352663902183,-0.023275562731658914,0.002408639336748649,0.05355118950747247,0.00998325222604622,-0.07315986729307423,-0.018412231941738175,0.14273335374860416,-0.03510216708555859,-0.0022288145503116196,-0.04073651013089872,-0.052249425581829025,5.89906959336121e-05,0.012623830505510842,0.026214980208274088,0.027251653343548232,0.027028150026198388,0.05531316340353022,-0.016594295319482526,0.07972153196505599,0.043504928480864714,0.0393832418689173,-0.0044347524615006425,0.02004792289608958,0.043603371380413564,-0.015242726722766584,-0.055361453707448924,-0.04070680418030513,-0.04742439564545117,0.03807785732372335,0.02578887055616518,0.08143557435061544,-0.021436592591114852,0.07307943270877122,0.011520711132022916,-0.03883522285026781,-0.019862945441940522,0.0,0.14790271258405716,0.06681345047896028,0.07113105857992237,-0.017217380214970206,0.014408966875757679,-0.05862706371241823,-0.03088045704229755,-0.07539001964245828,-0.013807898381437004,-0.006313279675588242,-0.10137412944999791,-0.0013783561000158707,0.04073543836364378,0.0029970367444503974,0.022895479624935235,0.09103497624998329,-0.045612690130693474,-0.08669298357006054,-0.012387870971728752,-0.007321796548856189,-0.05672030790239417,-0.009881271636563294,-0.03650059944335774,-0.05645249134776552,0.06914422065083306,0.006294569690658625,0.07065191048698424,0.03241246766030301,0.023683548039966598,-0.0521455583461359,0.023323042366921717,-0.00035278316664496976,0.08335353118998752
PLG,-0.061196007637032875,0.04127315492208044,0.002053987767128503,0.06260086571426116,-0.012762220674645773,-0.03893834859309524,-0.001190133260010706,0.10794752561649316,-0.029308992211072964,-0.08703733046692111,-0.06044258266800642,0.007303366059634802,-0.05011493089962683,0.004371941962974724,0.05892804477363983,-0.08832522213228898,-0.05768605893892569,-0.001379446326212823,-0.03853192899699685,0.009385661530124767,0.08828922464850983,-0.05287240576904708,0.011518226827158334,0.030025807281713578,0.06373067123484734,0.0255684077613558,0.08659857490397706,0.0370580499904434,-0.0395431881201604,-0.043283795499070354,0.07436394790438804,0.017874272695715034,0.0179533910082126,0.018294458274020996,0.10709712862935106,-0.03433485083719093,0.023012000739633085,-0.019347779748086713,0.1115663425321001,0.05457998521132916,-0.008189527437068102,0.046617707430080424,0.07858956034026256,-0.028788184247662666,0.06657621897828918,0.03051048326245715,0.14964504751396954,0.0,0.06860108179098462,-0.007616282087056005,-0.02687729359836902,-0.06615241669601762,-0.03826993191834398,-0.013712827391230153,-0.12882272845900175,0.04406771474084522,-0.09875340119094948,-0.03491907436339792,-0.020784947162244657,0.048051267540993245,0.036087194212180526,0.039811278101850305,-0.006432778380425323,0.05737489189266364,-0.05870897017813114,0.03001795778485331,-0.002574212833626858,0.0432115892498559,0.08415124720646704,-0.04698870968630381,0.0320027655620505,-0.02419212138081438,0.09722801947607888,0.06226493841476194,0.04061349521693958,0.011467707763725868,0.08542828645322653,-0.0028871077942140143,0.03425415535090775,0.014476700226488485
PREB,-0.014141164101571365,-0.013438812303912426,-0.05545642712837008,-0.027105876693234186,0.004439880866886749,-0.036491294531129904,0.022619103739942793,0.04303552372992906,0.05124232683144988,-0.08546786355643894,-0.21757199583233933,-0.003760372658475509,-0.012405928671988597,-0.02580807127477952,-0.03967296417737094,-0.04041463131277744,0.10245277432533129,-0.006285726617711055,0.03716466294117303,0.007461383818148728,0.011321975830388931,0.014391302527379003,-0.006287210868071145,0.05942031980257433,-0.030561619550855023,-0.006370431326318448,-0.0406238796043999,0.06300830544785736,0.011862797643125336,0.06079450964703442,-0.03865640411203316,0.006422839576273868,0.09648209262936075,0.11487401136827956,-0.022451401489694333,0.028037798692552247,-0.013100234927140948,0.03269229374725702,-0.04401678520111455,0.0043539690851544565,-0.038311166750884536,0.04970701173528234,0.03005002803422497,0.018189783036342992,0.07733128435788467,0.037700252765773774,0.06783044869480458,0.06883440203783704,0.0,-0.017621139352583318,0.03809300306091027,-0.022655661901839822,-0.01132896347227325,0.10066747006089032,-0.00016419974162583943,0.06107968502091171,0.06462820758802862,0.0738558028939901,0.0570312893714284,0.06832168557827928,0.0010453467810539907,-0.029009703159852882,0.0093005570348583,-0.03576648327098065,0.005975154750436003,0.18201058673461534,-0.01974056337894723,-0.01152983679684716,0.027419013108370662,0.017987670979507916,0.17971656550320592,0.06145840922541292,0.03855635377599053,0.09284893593065767,0.013126093549690536,0.0858212190374085,-0.06942877050619639,-0.028151952000960368,0.04757224078300463,-0.04445138324983413
PSEN1,0.020362634457795983,0.004287085228566176,0.10572619714811972,-0.04990207761819833,0.009081048331031094,0.013900088333641637,0.0037922030889031427,0.042861714454631515,-0.06446561093039624,-0.05151417737512761,0.04803856617595305,-0.005980906725863906,0.08936542121266887,-0.025735375036156676,-0.0726471499394601,-0.0380044311959093,0.089545554305852,0.014482216481968463,0.00945460926614584,-0.03870005327918852,-0.04559392741189764,0.020676423330653303,-0.03381863866985058,-0.0427192427137261,0.03935566233883093,0.05061606064182105,-0.04746214157054303,0.005565795957443698,-0.003906313814874046,0.02432611762843499,-0.04285115942921615,0.008783009133065497,-0.017072131662622902,0.015081795992534236,-0.01143160649419361,-0.009076775049858049,0.027819379363004656,0.019862227598791943,0.061650236302666674,0.05629311006592887,0.09081898960426682,-0.05505512590321309,0.03846850108345084,0.015777823861890052,0.04228272998383854,0.01300483995681776,0.062209749761604385,-0.006583487175761488,-0.015180021233996555,0.0,0.007722869881562789,0.06111382956014324,0.03523714108494065,-0.024319519193331234,-0.028297359616719246,-0.029139734998383474,-0.004967352737608426,-0.025157528809684897,-0.0001994411734579462,0.014449256973133524,-0.056081528507821346,0.0023171136788691133,0.013952198492441382,0.035364490159888545,-0.02366002793648078,-0.03290124817293603,0.045281375048069235,0.013762289385203364,0.04595000999098842,-0.04858183237518821,0.00652618509589168,0.011301392007150782,-0.061686410371869074,-0.011721948838228132,-0.04954453302827375,-0.014915836376947768,-0.016428996066493267,0.07135631411897767,0.019866704608327148,0.02123969629829735
RAB1A,-0.019549161058994936,-0.041642787303423405,-0.015232158461850448,0.05076513748552981,0.038735057939084196,0.03255857957802836,0.053807019345220995,-0.02858725452792476,-0.004224552708274735,0.010493121481058253,0.03337270665975808,0.04914477055716321,0.06779324965734969,0.006267165620278502,0.029723233073069066,0.01619773104317115,0.05550902921775266,-0.0023563912208846463,0.0019180178642634353,-0.02242814935592,0.0008742282272652986,-0.02005396434324906,-0.013699708483416902,0.00039628536624754923,-0.0031343625144112505,-0.06801793337455313,0.03439786954867587,0.01580866762437949,0.012503773231125956,0.01373397414458836,0.04958440410055632,-0.00872085612202568,0.018003067338083524,0.07363613043851584,0.026078559265042805,-0.002528881237768524,-0.015424568614184585,0.039962370359125726,-0.029441964938224572,0.007811753689527162,-0.03498895547034976,0.044599469646414994,-0.022706066794510274,-0.027897641463818887,0.0343654156543537,-0.017572588843295014,-0.014172940615647651,-0.021867151979535118,0.030887113199720897,0.007268962569536807,0.0,0.07454189134650024,0.033728232472811426,0.009185698780197756,0.0544604764690349,-0.04256573282926504,0.0055691381942686476,0.0031590693835184367,0.02606093002697818,-0.03788418324946314,-0.020933933231001123,0.01690068070525931,0.02722489536431645,0.004820041892226663,0.011883710605781703,0.021351291354589214,0.02373848475896518,0.01791542096754051,-0.014348369440035882,0.009511914378171485,0.05602635918166004,0.009746103625431782,-0.00234601665582972,0.021212585198248063,0.011800889523398602,0.012180688393151975,-0.011842050534063089,0.06217400591339243,0.09150987576096244,0.04471944041705836
RAB1B,-0.06964888990759155,0.04262851917954358,0.12376652569224823,0.03585295285283317,0.06252195540962602,0.007372264788894608,0.04793334356832431,-0.07997741260819766,-0.07018703679895627,0.06312513098930048,0.04262840883120901,0.06268480314618047,0.09651124443790013,-0.002996361070700483,-0.0221865928613627,0.01819273216008613,0.045855806576141675,-0.011022746955216337,0.04506734083588545,-0.055857651942254456,-0.03677832515043018,-0.01689242916355077,0.08135104396778926,-0.03299115506148793,-0.01923046876613849,-0.02945749898647734,0.05743857110078493,0.11201624126042098,0.02766805721186566,0.04573568030672022,-0.0471478802140983,0.04979092662636721,-0.019014354869453364,0.046370671440419765,-0.056885062826942466,-0.00982704083644093,0.029248118122931332,0.004341787424391407,0.012168485218343036,-0.05335233065515605,0.06187206939013071,-0.012515185149436813,-0.043178859245310536,-0.0007526098755994615,0.0402416024162343,-0.09152764548607491,0.014299514623947195,-0.06488554525371511,-0.02214646524022877,0.06934717429411777,0.0898661143287651,0.0,0.136873499548816,-0.007013701612761782,0.11780880971163223,-0.03890298622610388,-0.03942734390131204,0.021060832096592454,0.03731566626666119,-0.02520857827276965,-0.0633055210860884,-0.004021180322498567,-0.02763047028340185,0.012481766089647272,-0.1101411052183844,-0.029330727440556034,0.06506899067664329,-0.04534868158396393,-0.043654125993057506,0.03358552189080015,-0.0412643024912569,-0.02978717751786007,0.04417683993859061,0.14492305397222024,0.060017405185555324,0.03175722649168479,0.003088799902531468,0.1347435160546201,0.025186163003667456,-0.009102837416937144
RTN3,-0.054037293651432644,0.06528548620288555,-0.011535850794984362,0.09172272606291641,0.10344004295558606,0.07169365887200707,0.009577221189245118,-0.030692330783982327,-0.07546899073428728,-0.02224120872135853,-0.09838728962965623,0.01011655240706885,0.04743803773360894,-0.021238428744975293,-0.0374987183436277,-0.048460050555440955,-0.042919772634054706,0.05642971840259174,0.02056630300352985,0.012140344037962415,0.03632689095826218,-0.012527426612760984,0.004128152898352435,0.05726534298909512,0.04525341492689087,0.07172836228469448,-0.06716132677226656,-0.022857143413678144,0.018463025769785122,0.014381054989530403,-0.05143871689855473,0.04660497957530745,-0.05588773237664327,-0.008893305166234143,0.004913054598275141,0.033721587664221564,-0.019483039279092635,0.002415559681497204,0.024847556691060313,-0.02422681714427485,0.004893252844578889,-0.0006223471216717163,0.03461889350407826,-0.06620489714482486,0.0475212546864378,0.060125688272913674,-0.05693389437116396,-0.03673197060791084,-0.010836826873458275,0.039126791015956695,0.03978995364200804,0.13393795567304045,0.0,0.024203578113031244,0.03928180443940771,-0.06032207047842422,0.030975735671548037,-0.08217039603242322,0.041300432595108384,-0.08687031330192975,-0.008689391153578694,-0.0348505130274091,0.03915508186520869,-0.005970069109252334,0.05487378769263618,-0.09348220907270872,0.08584729315326244,-0.0011314005478725358,0.021048683842829825,0.0513521212528307,-0.01579869359766109,-0.131325509859089,0.013171806218502148,0.04217614582621478,0.05435731941430265,0.016652216860804446,-0.0841122720507393,0.07096239116669371,0.03184070771399935,0.013353062162241766
RTN4,0.0792106251071934,0.027904619224494085,-0.03411920454697698,-0.09125403203186129,0.03607689706140682,-0.025954578556171226,0.03328737800231671,-0.0013221299661399012,0.02148506337585367,-0.20796163430569314,0.10094306172985737,0.0942178505272798,-0.057729075466729535,-0.06289130058069058,-0.044221131628989996,0.08132617018446407,-0.03610633915798105,0.08000184767902847,-0.05112431989666341,0.001289219578532826,0.007559720394456733,0.0024190790755799817,-0.0621268245161864,-0.0687437198176005,0.030276865317497396,0.009744995743633498,-0.08009478177766897,-0.04989947831574792,0.008153706145175039,0.044030345263711204,-0.11993316866222448,-0.05304172699623778,0.05025716252391677,0.04913416992676993,0.020058253467351198,0.0231280417159424,-0.014838114374274852,-0.06221503549844474,0.041949032136208174,-0.08986590759704918,-0.10446520232138384,-0.005762927963546904,-0.017142735649176455,-0.18614872352639864,0.05184359130985582,0.09861162660452165,-0.03394680277873687,-0.01489896012837934,0.10900427304993747,-0.030568276983636213,0.012266889704029789,-0.007769158651442903,0.02739819701330346,0.0,0.07551280568313139,0.07501409524707547,-0.051840353568964055,-0.004250685108865906,-0.025277481650832732,-0.039055491264550365,-0.02833394683005282,0.09517345151839299,-0.05871034481004637,-0.11044168614408655,-0.01680023081192712,0.06743055925354711,0.029015571625179537,-0.12397557529452087,-0.018213947790055664,0.004050361154540784,0.0025303775823861765,-0.0807098162921524,0.04853936375255715,0.15262306090951577,0.049619115409801996,0.06366478212306645,0.05320118918515158,0.004909790879432225,0.02187798941166774,-0.05580335513332563
SAR1A,-0.03987429653020653,-0.005447084499421389,0.01921118009832457,0.0023616456200734976,0.005014486955640653,0.013431718570146151,0.06356066083080797,-0.11400237877308514,-0.007938809965263523,0.06232613251754831,0.06759344436902852,-0.00046033895476967995,0.008765417760903822,-0.023167864012823038,-0.02098240881094133,0.00578879453932481,0.08617200267870512,0.08993542408996115,0.0030659772295994606,0.045978420413602894,0.008338806626509432,-0.03782720372451433,0.07921202293512555,-0.0535956985110724,-0.009337007275826854,-0.011405431329416961,-0.039191305359234305,0.07212819804401284,0.08433902075895865,0.07129424835147963,-0.003595456064875442,0.03266084463436156,-0.005397809762177321,0.034104102480320767,0.027675742783551432,-0.0849209319104434,-0.04023875736828442,-0.03226398024547144,-0.021049907643402182,-0.030698571597904106,-0.00600511229537088,0.011445286429921969,-0.10270252897057022,0.04570007654489387,0.044751271181367375,0.09539453322197845,-0.0781736742936154,-0.13202402000803923,-0.0001677097644020313,-0.0335500676463023,0.06860175211603284,0.12309374458427741,0.04194356589876439,0.07122822427986415,0.0,0.06332969719672135,0.07850168639980716,0.045112885949524534,0.02125947374503317,0.026628075303231632,0.021947541146986736,0.04585001488242186,0.009566367484612119,-0.00042278770167091754,0.06494551219505847,-0.10109051448151553,-0.09952677296842104,0.051662232544196794,0.027862517402236848,0.03936152213396262,-0.011684678154409753,0.02269851412253471,0.11995626737293143,0.16994178705893778,0.018502370892897465,0.08660788673695587,-0.03205102127694631,-0.05578601941905722,-0.013889219425387865,-0.027572375955925488
SAR1B,0.054858571225942475,-0.011763938750661736,0.029147153998513302,-0.09797330247150572,-0.04336974496048235,-0.06341659635234038,-0.044248911794762105,0.0345985255647737,0.00212155442392398,0.09167571262362818,-0.027062805211340888,0.02455221423844617,0.02098381335536033,-0.0521244221634554,0.050513879337074796,0.06103204943161264,-0.0661009265310654,0.0813237713349604,-0.004433404586519777,0.04403512358308287,0.014124403687995613,0.027433939607581795,0.15145481907629021,0.03616092147810721,0.004527290041923724,-0.03211134995129444,-0.08445669827891168,0.1135461655391846,0.053593739574869674,-0.1041138896155167,-0.008321376974705235,0.15162544306796288,0.0325395695899648,-0.0399588497053537,0.0942496767369623,0.012031895193479558,0.0369401412429845,-0.053817985400694844,-0.0031818913982786076,0.03322591755979643,-0.10974275237438483,-0.0725235205011882,0.06315287800785153,-0.0635016766117354,0.04288290143817021,0.0973714821530878,-0.014124867068442409,0.044554452087123574,0.06154500152366095,-0.03408342284638298,-0.052896142834206634,-0.040100637164923854,-0.06354191202978997,0.0698046742581367,0.06247662057157441,0.0,-0.0531963847360504,-0.0679142075951273,0.033969602538374236,0.10320320625095297,-0.023578225596633084,-0.06969131476117288,-0.01818970327448097,-0.09697619230378011,-0.06034736356583352,0.014559705783662901,0.0025227930189276482,0.053326457930458024,-0.017364325398244475,0.01442594952931535,0.022511159278020967,0.007785848249230082,0.05662819649380723,0.09721805949938896,-0.11148159867987256,-0.03996184868927208,-0.012077158100885811,-0.04351438106160775,-0.05200569443795494,-0.02879647120932937
SEC13,-0.0022251657553856415,0.022962061480371842,-0.07986994198026717,0.020858124964202935,0.006606691585314954,0.04320676736257281,0.004096306385883229,0.03195534268422628,0.08171644001660629,-0.05789472726756523,0.05383087173527066,-0.04420243256048011,0.0068863218729618625,0.06493456363063758,-0.048438723238742265,0.014813830756056726,-0.07461959608526968,0.05725125829108211,0.037881137633497625,0.10652920283325187,0.043698548572286236,0.09817778623193166,-0.04654506654649081,0.05360660733133548,0.06079276484213992,0.09053982587029026,0.017382271216639742,0.008247457266003047,0.05830124088404332,0.04042277775643642,0.026968402310437574,-0.04326746302223374,0.05014278251896669,-0.00678961564224022,-0.053494586708420104,-0.0021561746100248634,0.01875026004836491,-0.005258947103463298,-0.09063738398928378,-0.016709374681666344,0.053235084974116866,-0.018020642254667662,0.017820578011823605,0.06587979829784979,0.08799999482795788,-0.0028487099114109017,-0.006175609212848671,-0.09547521180477829,0.0622710372432782,-0.005555851076315377,0.006617895042059546,-0.038862778322423665,0.031201369700822903,-0.04612937544927352,0.07405546198580597,-0.050868637912247404,0.0,0.06613193689778582,0.06864419872112228,0.0310662885253621,-0.011407391854859615,0.030584591887432264,0.07227794437778014,-0.058494866299860046,0.12426727006227094,-0.032809715399673825,-0.09297749079311636,0.10877139576444748,0.02915613851102002,0.0390015047291835,0.02927177058120854,0.05699196079977261,0.0022423975480190903,-0.0006578077325472624,0.030619277525299252,-0.013897957579736327,-0.1270533532908801,-0.008502228711379931,-0.011837264337246585,0.0620712359993781
SEC16A,0.001609110215754274,-0.08520344282698795,0.13401330833000066,-0.012233357975483108,0.005738612686843747,-0.011702252142319434,0.023940772262462724,0.07131256424339791,0.03766364783953288,0.004085556838370476,0.10208608031287289,0.05273402385338836,-0.07854560941774538,0.04121829304642884,-0.02726511866304293,-0.01604328033601603,-0.033166957485720724,-0.10411964149643568,-0.03400495590571594,-0.03127533327207376,0.03383310370019086,-0.015182011566735461,0.03255355274357104,-0.007562793284579035,0.022277124739389642,0.06303138978947113,0.02346861951365986,0.06751721617301255,-0.0026738035097045665,0.05612474134575255,-0.0529714035889686,-0.02136137007247055,0.03134597902989474,0.07459116352906602,-0.02971283313761726,0.03279070587839738,-0.016973020820003307,0.030305969360626798,-0.10063562037703239,-0.027408564612993163,0.06847461488002532,0.0776007041602523,-0.011199677611744693,0.10880422701867586,0.0246908287582943,-0.019054727988475004,-0.10077554923801013,-0.03430872269021349,0.07231890982374291,-0.02859544321752407,0.0038149979009457174,0.02109672824584989,-0.08411446138969086,-0.0038438976185671044,0.043249588336913156,-0.06599816897080635,0.06720699867106253,0.0,-0.0060572465971282475,-0.0005132895304333487,0.028610359285224818,0.12855996782301007,-0.07326157446516622,0.018564179423645612,0.02940831663113674,0.037424986950650115,-0.03542523399865892,-0.037219764255879556,0.09641227105700229,-0.013093762963813108,0.08538296153361467,0.05439206742600381,-0.01831076868653832,0.0014214024732583034,0.003699920402862495,0.05176334063551,0.0925288805743665,-0.09394170423405791,-0.08409529737475607,-0.09404981534210113
SEC23A,-0.0015468457711439246,-0.0388198425273679,-0.027563064204288994,-0.0025199947012509087,0.04151075629754128,0.03373623789040949,-0.008455919062111064,-0.004994935690497073,-0.020188041900654794,0.009355906653416323,-0.025571116854087347,0.020361246487060745,0.0130583876977635,0.026248570692067215,0.03547415503191462,0.03879554964817071,-0.03554601630445446,-0.048308263172052834,0.04977830542662547,0.0432598411045727,0.0392622324093157,0.049636180180520434,0.027752282867322,0.010476673174583074,0.0072333622533813716,-0.01479834158442543,0.01587915858868348,0.023928155960498708,0.054303445145118624,0.03395181756417417,0.021994861195543156,0.05078614861279894,0.06719277199587845,0.004343678937815758,-0.03025099638022974,0.041509723322011846,0.008937189090072519,0.049125062093391327,-0.037138328721626035,0.01108607680425205,-0.00821082416053575,0.0033990500890020213,0.11292749114629325,-0.003310657254249987,0.05620015794732074,-0.005843145030590545,-0.0011509752684115639,-0.01715407382281697,0.04690908485559185,-0.0001904233484271911,0.026436354816971677,0.03139838470423775,0.03551292237292492,-0.019200971597758368,0.017120261760086675,0.027729257299745225,0.05859811173296279,-0.005088054772496279,0.0,0.0019155584658881338,-0.033317603882154455,-0.05765296820578412,0.05082124118642948,0.018258686832942798,0.014756555590331231,0.0249004184689793,0.03426078214610348,-0.04638170530328134,0.04534413398780908,-0.048027402463743034,-0.017771026464250227,0.034732486067724395,0.02442310334260694,0.05087757984710321,0.023371412222516375,0.012963193366043313,-0.027100310646312225,0.0220175998706221,0.04740485887411306,0.05237958706264897
SEC23B,-0.057849648800934156,-0.08481988074045226,-0.031464392180917906,-0.08141020572194547,-0.10631307348001429,-0.06815693823069496,-0.13641629260257315,0.024481350691569207,-0.01426097568803009,-0.035585580308371355,0.03162996187338628,-0.1290735656377564,0.10217047380709039,0.007888041792041453,-0.05893182887149114,-0.11378168348758413,-0.06116282514893807,-0.07007073793853855,0.04662100643113985,0.02244641117074933,-0.04797407119243334,0.05949097134910252,0.035244249828649155,0.02269267147057049,-0.08637466974282,0.005184765005525543,-0.04973126834176954,0.06648871689579945,-0.029573324003817642,0.07326232519770016,0.008508653105704804,-0.0822673631911441,0.03039469912598984,-0.01734916217447244,0.10779458773365602,-0.019530764824279723,-0.036062860914577104,-0.05468651312872989,0.026092927104943948,0.04494155127499963,0.06222314131348368,0.04574992028793333,0.0015960538772831934,0.06867240402724335,0.052166518484555356,-0.019362860567795487,0.04240966486107273,0.04944371396550612,0.07006324203742662,0.01720040919006645,-0.047913453796031305,-0.026445534298813748,-0.09313031808305584,-0.03698787603785895,0.026735330315776823,0.10503374462868958,0.03306412545142275,-0.0005375598403361953,0.002388269315861873,0.0,0.004990656147013595,-0.05849261270844429,0.05167959181192686,-0.05840100598767276,0.02859647442752638,0.03580905499061776,-0.022102586296807464,0.06372786998006975,-0.036185818410256705,0.030508256905248096,-0.06173398662094032,-0.015310438171942196,0.08866171949376261,0.1326500709905827,0.005342480780406965,-0.1136282012967869,0.024982374675202864,-0.018307332495104703,-0.023646619589005737,-0.0946347103265277
SEC24A,-0.03872070888260905,-0.039517859606062834,-0.028630245485100132,0.04681489840678546,0.010658116555207915,0.0030701317065221397,0.051528650527059634,-0.020961386520112705,0.006615291240095546,0.05118123911601443,-0.0604648718938886,-0.025225962814597533,-0.011941992316126625,0.06946129647638608,-0.0563542500998898,-0.050070489450169786,0.028667355295447013,0.02828643809651875,0.04994251165414056,0.12563421155897259,-0.06222363428659856,0.10724679603426054,0.010804389171259308,0.016425011956922888,-0.0662135882077968,0.009448659515860266,0.00807013579489378,0.0016143487112472397,0.01942144441434403,0.0242792747626333,-0.01766511417579834,0.09744421465478359,-0.021200718486253434,-0.026085860406364084,0.15941076031536552,0.02443465327109283,0.02157598045814883,-0.02741951702604766,-0.1269472663627552,-0.020878845666254163,0.028646677328441603,0.0975797718036754,-0.10364601022304035,-0.04612086096519609,-0.060711449828211396,0.05921127598443583,0.003327674993040209,0.0396018744950703,0.0011432690132190902,-0.07119827882367845,-0.028236234038038235,-0.07082750936996199,-0.009934944267298807,-0.02861809706064332,0.02350109179760641,-0.02559193754194384,-0.012948230386468723,0.031955389180247575,-0.04430145976628813,0.0053224799919993045,0.0,0.17473174776226805,0.10234843248073071,0.043174199983535264,0.10880777830968315,0.0077621326997876425,0.03618608454588624,-0.0075439337767780335,0.016259860799048925,-0.026628379307613043,-0.00870484924122144,0.13909247576813527,0.105040863601323,-0.08199467486392513,0.08052215507509902,0.1045449684674737,0.10670107147867947,0.12092304328111021,-0.07436486157537611,-0.06818737429383825
SEC24B,0.04317297189692501,-0.012205610762880858,0.1313194920490611,0.09102735422927104,0.021623396396529233,0.013025035184828228,0.10275393305524477,0.09504950843741822,0.11188913285902814,0.009598818064402896,0.1346558101985773,0.05137592758888972,-0.03896930959152723,-0.03025687164367204,-0.09802635507026694,0.06831387335059774,-0.02836709312229775,-0.028563360359430988,-0.027251733781556972,0.09823035167742243,-0.017287772307052827,0.0430131056313331,-0.05065018377994469,0.06985409265131225,0.05696491813468393,-0.014477413167079322,-0.0200412426319079,0.013206540423315488,0.02927607044329357,0.09050392253620274,0.04088641304404323,-0.04876711843053555,-0.022702939509942458,0.02918613218887614,0.09737895125315046,-0.024493261166281453,-0.006102665335304946,0.03442009196345851,0.0768260319207665,0.02630053153804474,0.0935712885576001,0.05334278521778637,-0.07527072366596477,-0.009658221550309766,0.07895553600477243,-0.026867210760498642,0.023377772304406987,0.040176610036853945,-0.029176680149342056,0.0027052134449364993,0.020963542743344884,-0.004137313916779021,-0.03664289738799187,0.08840036135819906,0.0451487978431466,-0.06956251083199813,0.031925028288441376,0.13204777799492365,-0.07049697643238802,-0.057366975403406,0.16068537996059046,0.0,0.016354146309319875,-0.0019281182600394786,0.04269451236911226,-0.07466106659864268,-0.024532494921718977,-0.05489237946339068,-0.01176103777086415,-0.011849327591116114,0.03914523758238863,0.0033935931137444417,-0.0024844910952902905,0.02522476825695688,0.05481432367080137,0.014420150969202065,0.049496257567744006,0.0440937834217721,-0.06172989722003641,-0.01508829876870373
SEC24C,0.0032319717943462877,-0.020268002217759866,-0.07788455964586959,-0.002664851822901165,0.05463896600277364,0.04558465690529604,0.024807676107674783,-0.04196873177277809,0.08399686547916084,-0.016179926708389004,0.02305691130245421,-0.08824792857286635,0.07697474805002728,0.008523051634923375,-0.0370220488450064,0.026578665044718862,-0.02710172310267993,-0.016727266721327606,-0.018538928303394347,0.012527954073732412,0.0025812082818814494,0.08153904783503362,0.01476857647941188,0.035408191238208625,0.009177146561683388,-0.001866794962523027,0.0442073462886427,-0.06843878984105628,0.11631060542772441,0.06443859220415558,0.00012758624549250022,0.06725605838982458,-0.031476247746803104,0.06744196308500677,0.10240070795631326,0.038038789093866036,-0.06478580466998395,0.039357074489319945,-0.08691229118962743,0.08700996709359556,-0.002132949452380632,0.07057932716730114,0.09648536735910052,0.07655619458243691,-0.01153500951708432,-0.01652115742990189,0.08570982730783566,-0.005985972495790053,0.0086252264910829,0.015019857092276559,0.03113835451463012,-0.02621332792168126,0.0379610070689496,-0.050283072851642206,0.008686058064939283,-0.016741376532951727,0.06956701224229993,-0.06938579179926449,0.057301111333508147,0.04673572296746588,0.08678700413645031,0.01507984358948749,0.0,0.02196078842586001,0.02064511378831718,-0.011507676554847286,0.05556712308597292,0.05944363311734259,0.006669036284037753,-0.018082418288216006,-0.02721632866020146,-0.0442440249646417,0.015601954709879942,0.04336405685923325,-0.011794448955855614,0.02874797452068398,-0.06144139662282839,0.07061951847566934,0.049150105655397285,0.03214640310962414
SEC24D,-0.03582834095856789,0.052785763343699055,0.07903108838503785,0.001053583686482819,0.06233758296476375,0.06925837417087014,0.06596452821985786,-0.048710453769256465,-0.03981960503228208,-0.09297130635981186,-0.005481777015173266,-0.10904760995851226,-0.08185114708250657,0.031411303680973814,0.0939653655873027,-0.05904120963672146,0.07494122940907132,0.0332664110742432,0.08823083124924658,-0.027153113987386318,0.07823734132862088,0.026922066167068336,0.05946392471647778,-0.11247364737837473,0.06794072730261116,0.03905277548292692,0.03678523839940388,0.042342037342707986,-0.010986652936560128,0.08894858449402276,0.11647792219385211,-0.009897635451439412,-0.027533716250559774,-0.03025541982884473,-0.03616748128307514,0.03248311988981091,0.13642502517345406,0.023057382484200056,0.08306288687698163,0.08397693823925374,0.04674031828052443,0.024619225449683674,-7.631572947978032e-05,0.1178611928333884,0.12602911170772033,0.0247986770503511,-0.05100799447353809,0.06341445035714534,-0.0393974409189083,0.04521898195631807,0.006548027236858603,0.014065013325771526,-0.006874785817420739,-0.11234931590138539,-0.00045596156842421114,-0.10601343399688151,-0.06687218854259545,0.02088335555993997,0.02445217764175611,-0.0627307447368098,0.04348385360685034,-0.00211170306674957,0.02608423791227155,0.0,-0.006262637969320748,0.09518166108917941,0.13903531456811202,-0.025744415977298644,-0.10648576063726578,-0.06831730101625712,0.02276307953937465,0.06594629267855481,0.08426122615273478,-0.015571759376990662,-0.05749363782293978,0.07098512903090785,-0.0033442068774735306,-0.044707247990851295,0.0077750830323735885,-0.036671581561457806
SEC31A,0.03389268720350776,-0.08062306407245515,-0.07870357880500808,0.056480336376111655,-0.00014649871445595626,0.0721921563379682,-0.008070687870143417,0.009005617577276187,-0.0011711426307091319,0.048022595003099036,0.024491323477492638,0.022135478175553242,0.04464593606118968,0.08078249937070046,0.012761965853968502,-0.03501631503560083,0.0495764871310273,0.006534115156268842,0.024204147408368407,0.0931908191530356,0.020463300909995274,0.03803517167021535,0.0197393773538185,0.07756601491374399,0.04525559530691162,0.12182233253831426,-0.11798542987721505,-0.03283874946376562,-0.002506336693637393,0.024761969659208995,0.045446791064465863,-0.07904353687204185,0.054626999028522444,-0.00846348670832453,0.05389599458777218,0.03325721517796333,-0.018897182016918198,-0.01768114517017089,0.054206183376497324,0.019383415029578868,-0.008949295123145478,0.06207669997523688,-0.007828116321263526,0.012865164487920886,0.04272839684795011,0.09883585225960402,-0.08222224382196423,-0.055033055736125526,0.005582050269349945,-0.02565791992463755,0.013691926047185991,-0.10526072371124903,0.05359170393968277,-0.014494574316483216,0.059402928049289476,-0.05595087583909141,0.12048621316948012,0.028057405211277833,0.016760455363304522,0.02605106137548871,0.09294295624334864,0.039657383202644975,0.020796982139201593,-0.005311413582660221,0.0,-0.028469061785249876,-0.021299200695529943,0.008817135464099847,0.04195204309829804,0.016543404103031813,0.022110101553212812,0.00011262759226508439,0.015796776306144244,-0.09392414517799469,0.041172543011341094,0.02123202253323675,0.006546065255264521,-0.05150151970673179,0.03789334011729151,0.05562498954367797
SIGMAR1,-0.12622833846677778,0.05698013293539024,-0.06105124266519961,-0.07513115762410663,-0.01630170795673426,-0.06373332574723192,0.00021685958303396469,-0.02004470545277466,-0.014325545602213165,0.054042692456325134,-0.04195712238669474,-0.09128248928400647,0.04707174289826905,0.01749770951454408,0.10134721459444594,0.14909500317605862,0.04266026696208329,-0.026046602507456933,0.02964520924953313,0.028970169630143733,0.02469259712189676,0.13057650904014115,-0.0337814011135194,-0.02269401212947151,0.033907568577389545,0.039598035347970996,0.02732012835978248,0.1214912900795258,-0.09177971162065286,0.023127513029326977,-0.04451671110985285,-0.03501071813666316,0.07850959090738197,0.1297674593243752,0.003269788264236475,0.038115177057047395,0.0412229076937859,0.04181897961180221,-0.015133934343538723,0.03165882675223636,-0.08995077997316618,0.0812900826374394,-0.005902705873631594,-0.06428088508166269,-0.0029819915578905005,-0.04288427277599593,-0.013366635550384722,0.03201255715521789,0.19344668607538934,-0.040591829464125144,0.027987021619757746,-0.03189038883838124,-0.10386797206750659,0.06618613754029982,-0.1051935646095943,0.015357525518399492,-0.03619121132758536,0.040621789861765296,0.03217566415840803,0.03711298169588998,0.007543235406378964,-0.07889804553424133,-0.013188358484271068,0.09183878970755524,-0.032388677400693934,0.0,0.03246265866361836,-0.02623997666401645,-0.028239779397634293,0.041810736092739345,0.05896396139877345,0.05645262622301955,-0.03927242706746413,-0.07345118604536548,-0.07137595382329118,0.07533900150169619,0.012427300016150424,0.03597192573453201,0.0699964163344124,-0.06192929841376875
SNX4,0.019485836408964837,-0.06403008685682796,-0.05683313732957657,-0.025609509831741022,0.07036727863539972,0.05878711056499433,0.017994059335835377,-0.03021618028481348,-0.017107003317585,-0.019460184427972597,0.043924496984469645,0.023710513365240993,-0.03916679970353059,-0.04721786350510115,-0.025434032838340226,-0.006036617136537987,0.06191927923226531,-0.059113657238414136,0.016688040805008925,-0.08101958747881877,-0.03501672417634349,0.03897953566523186,0.05983306870008011,-0.07030243446659372,0.04579583670591469,-0.007652665269789216,-0.12388272070981383,0.043382645298752305,0.09369114890179085,-0.026377140532950226,0.09368890679404793,-0.05398444900122279,0.00689858125929308,-0.010613601195069204,0.0019314023539862772,0.12310008700352469,0.012287276903108737,0.0007007404929468849,-0.10520229625731439,-0.03643285957583176,0.01661883456085432,0.005251305409668799,0.1597529364952062,-0.06499548202389124,0.07891589128189562,0.06091460990869348,-0.007388435792994211,-0.002567397349035648,-0.01962156305845688,0.05224626762031268,0.02910013096971908,0.06616380355977423,0.08920489878453394,0.026634884610716815,-0.09685635047849096,0.0024886262634018458,-0.09591530024242133,-0.035959988004780875,0.04140259484442145,-0.02142325687547757,0.03288725340185852,-0.024245055668702487,0.05955667207728791,0.12546061404300338,-0.022661715218753428,0.030359421949348913,0.0,-0.03977702424985275,-0.06373160269336943,-0.020908600006832326,0.008694016733995157,-0.05029422327019551,0.01324634521460304,-0.02330318359070233,-0.022428507932685568,-0.07354362444573061,0.07633932185391998,0.10748546579824651,0.020337027022501994,-0.02898958839631673
SNX6,-0.03549607411531299,0.039579329366087886,-0.03731439461521484,0.04559265868449947,-0.044035614768229266,-0.009446182298497094,0.006829185882570941,-0.05127392100612,-0.003492382496802326,-0.09094271891479044,-0.0050226285494822396,-0.13259398730324673,-0.06900350979310631,0.013125634420142468,-0.004286817511034208,-0.029651711235656537,0.042567603565095334,0.19319770732974242,-0.07387553471124474,0.08460074061196578,0.07701177829985094,0.04174063727730827,-0.014081316498197136,0.048813298061035355,0.08846543359696041,-0.020980488931144493,0.04834923705535904,0.06407867691767087,-0.027838642325911468,-0.19901008614420265,-0.01426659982967676,-0.0426180758820899,-0.0706610335834739,0.030375631814313124,0.08539242858965126,-0.02631111802537091,0.05611689402030798,-0.056929182085777776,-0.13363584648789598,0.020515478653143574,-0.013176020356616495,-0.04475831177601366,-0.03804134740639141,0.09095751591403153,0.03931992150997424,0.009891629363512499,-0.06467424552908643,0.04869751737959187,-0.012949564472457388,0.017942555348451714,0.024815721786593144,-0.05210375265339339,-0.00132842312836434,-0.12859194516094077,0.0568092810052739,0.059439991964528816,0.12678933243198637,-0.04269120106706631,-0.06333371220995683,0.06979587369625644,-0.007747147472984164,-0.061298728987933565,0.07199060106521653,-0.026249635295166544,0.010600221244078497,-0.02772878255798873,-0.04494591589922858,0.0,0.06954139784236782,0.09598265122769192,0.045523218064518964,-0.09593592033573545,0.06110933802128848,-0.05705920567766009,-0.12148536975622966,-0.08751956959317218,0.03888143495100972,0.0827690703160642,0.06464378295204246,0.03274439164039579
SORL1,-0.032705306423069715,-0.04755362780131432,0.010186865312127962,-0.017231481665908054,0.0009704557586278839,-0.02739764429057694,-0.016355560522145728,0.05513521338480526,-0.128633637050277,0.03414164914684832,-0.01729825537417138,0.004133572720832849,-0.10437772765320212,-0.005867419366469077,-0.018744730422927323,-0.02174752322057757,-0.030532846844001205,-0.04554467464558929,-0.08695745513541785,0.04568971364553363,0.03570868767350981,-0.022114399761750978,-0.061764775825038636,-0.06369312644053068,0.07933061616691565,0.09657647648249423,-0.02996209722999789,0.019762922331783016,0.030688543486925325,-0.030946567388789065,-0.14089387221145439,0.08707430592825874,0.05837024350157774,0.08019166916078772,0.027343348832126076,-0.011401900521519374,-0.0809236056747189,0.09353562697522501,-0.016248172734893467,0.01667296246298856,0.0566173931202449,0.025210096670315128,0.17273419558636494,0.06478922740270837,-0.02619289748868761,0.1005966356314304,-0.010438308577192325,0.08786008939583391,0.028530430390570953,0.05550137222231471,-0.01841310145670448,-0.04646801676732832,0.022896520551712728,-0.017502747299786528,0.028385135863408382,-0.017931574367856574,0.031486364608766575,0.1024522664052211,0.057363262781246684,-0.036716666624339395,0.015469820725291206,-0.012167729859330451,0.007482694881341557,-0.10059033833173117,0.04672669179571849,-0.027647327637116803,-0.06671711935885466,0.06442700128859877,0.0,-0.09137129576470056,-4.437217392814048e-05,-0.022896905051967356,-0.014343021969038656,-0.036680353390789074,0.04034509604547598,0.09552377301323103,0.13931463649255887,0.025840134748214217,0.04491701825895232,0.015456371756105558
SORT1,-0.05210925595351988,0.10248019958177941,-0.049944659601609695,0.02762379847467611,-0.022691493009662125,-0.047853622046420505,-0.019777175653454382,-0.026624011968733895,0.03921384881909364,0.07131781733514678,0.01027509209771922,-0.06982845877693357,-0.04013190143046217,0.02502575519202399,0.03152406033019463,-0.014707709619625448,-0.023710022755735572,0.0730108359523892,0.010475561391263348,-0.026621339674440442,-0.03117995665637728,-0.0027545053420569717,0.01704241895619827,0.039546005656592394,0.029394104024684196,0.023932156605612643,-0.03327030493368561,0.06368335949621853,0.009732432364676922,-0.03160200897188828,-0.026041016864464177,-0.031051925257168007,-0.0028738840677783152,0.03909817161648718,0.05793803296314073,-0.009433789033703777,-0.038048436892003774,-0.03406567162862238,0.017356027771370228,-0.014275531392312732,0.002249426730332698,0.010921638586076237,-0.09630021183278349,0.0021514033972175432,-0.04663573847684934,0.03653733112391267,-0.03195585210733433,-0.0406590957522104,0.015511884118865322,-0.04863233415616971,0.010116387138225463,0.029628799405953563,0.046295208674667854,0.0032257373075852847,0.033233464805869216,0.01234633415597892,0.03490655512719547,-0.011531527639447682,-0.05035411241879454,0.025655197025618384,-0.020996470920339808,-0.01015993041317183,-0.01681452410436737,-0.053484574436108635,0.015271085519345806,0.03392444766907332,-0.01814013494584727,0.07369709280193985,-0.0757256302262374,0.0,0.01603544449974228,-0.04087127724613919,-0.005784687202033283,0.006007410595871182,0.027886042990105758,-0.06102807548231673,-0.08888997163534501,0.015374931411277892,-0.006426178343789046,-0.02794757240813175
SREBF2,0.028659904889675052,-0.12267946728057855,-0.14234379125311256,-0.022648848552389765,-0.024336130267026322,-0.03330370046104535,0.12103397466818566,0.12157438198496222,0.040523411381055134,0.026628364363425992,-0.06311420494246173,0.04695446581320721,0.022147468026254787,-0.137339001251905,0.02061730706041191,-0.04887545824248552,0.07591916625415496,0.0594536665035597,-0.045154133348494135,-0.11343135555036381,0.003746439643709937,-0.07255709161247335,-0.005072731984982121,-0.09231986925003928,-0.06016253400325238,0.059385517122233805,0.009564805303829893,0.01763034190835618,0.0054554100465580395,-0.03794842924704842,0.0794085757931259,0.03811794833793523,0.009663277416063617,0.04058364431472731,0.0051102763500149966,0.0017823445085900897,0.07193455258077483,0.1407591946425264,0.01581932031085633,0.08141370950011718,-0.07600216572350277,0.025683139525277187,-0.0554525345525268,0.04731238335462183,0.0811254674125378,0.016322329901880095,-0.06005737362030508,0.033649957804477035,0.1883261137327885,0.007938591007478948,0.0724073623182592,-0.04423533070194168,-0.017307392858057973,0.0024488004517793974,-0.011988181492930993,0.023411233521420494,0.0318351894213305,0.09137479203178926,-0.022640769202655286,-0.06308340116136182,-0.008340568272623883,0.040785780520940874,-0.03075320810959908,0.021655173991214,0.02480096536005797,0.058135905700488905,0.009165767746518777,0.04247402192345501,-4.468653047784412e-05,0.019485601677433975,0.0,-0.003513008946748029,-0.024749489158315346,-0.04447277135935042,0.024380402344092642,0.04877192780952775,-0.08381374982864073,0.0176816058145393,0.04610021127030362,-0.09710572450240812
SYK,-0.02765900199650804,0.015164732496001962,0.059750753170309215,-0.03103777001086264,-0.011302702892825473,-0.004658196946799405,0.0054753487153293215,0.031246027124999326,-0.029170632651056915,-0.021118393168573144,0.025699186038424675,0.044339215816699244,0.022337480263575044,0.1272891776919256,0.03808550490218121,-0.07496166351076695,0.08268269575036895,0.02260036858476446,0.1230273222936363,0.002214178256360644,-0.05821213145647395,0.034694412422459846,-0.043183872914420565,-0.045382621345517404,-0.043988141828999114,-0.07385947809898134,0.05268057517514929,0.07607377852019771,0.012698246254352145,0.028557776089607873,0.08611502528709075,0.06627106272758453,0.10437163891874233,0.006315879935619012,-0.011017945544401437,-0.04084575841175964,0.027685907029155396,-0.025831224568838768,-0.15424804921636143,-0.03965239412594584,0.03779989831082262,-0.017005061017519075,-0.06667732973335298,-0.08292338229489592,-0.029193251027281295,0.08037100526668198,0.07151776236333642,-0.024731233364943837,0.06261502491901645,0.013365671685935915,0.012246053696859443,-0.031045519558812434,-0.13987315780815246,-0.07593976221322815,0.022641687501227747,0.007872400489819487,0.06026245961097847,0.05659337085159088,0.04302187587242273,-0.01521084026642657,0.12957249868871995,0.0034376718927534677,-0.04860604938856891,0.06099522757682199,0.00012282802172216542,0.05411488610848687,-0.051551498129000256,-0.08702549191186108,-0.022419066340365307,-0.04828651211429481,-0.003415498229837923,0.0,-0.025620460522273975,-0.05399681878876412,-0.017457818452580744,0.004873556044741738,-0.06626615175493879,-0.0019586787642802807,-0.038928372548655166,0.06823014408633267
TMED10,-0.013762483757902991,-0.02285594913481621,-0.06122480596208064,0.010396636326397734,-0.008523999017035502,-0.008957738910533123,0.0051954966718952295,-0.0467802826725919,0.005877196573330341,-0.0560583055304161,-0.04055700163415731,-0.008557653364753937,-0.09223016024267913,0.042377326763704974,0.03615546787327182,-0.04425554172851256,0.013415005988564163,0.03756158414867414,0.048001747096506474,0.06025503361951701,0.04250127993755946,0.004427792059376489,0.0945015196885051,-0.037963724403742016,0.002763130777539092,-0.01521393590705916,0.0627764217021541,0.02739957199366551,0.03475389554746098,0.00972448230996745,0.01073284354696205,0.0149102667077589,0.0310934051169103,-0.05717262711646419,0.018961387756427472,0.007579538809701519,0.07566042204503731,-0.051110355100599345,0.0191131768346585,-0.013416542202274144,0.013914026210019928,0.002720202100565187,-0.014991222115340192,0.03413938253633153,0.07714940521070272,0.008316728200807463,0.005684700404115936,0.08678541911462735,0.03429862441862124,-0.06369888808257877,-0.002573829231957474,0.04020200641741449,0.012249380355992665,0.03987681437398683,0.10447630634620368,0.049993953097046885,0.0020702813384917765,-0.016634895442376264,0.026414221967207937,0.07691042984148175,0.08543798225777202,-0.002197483389966924,0.014965740525871846,0.06804821665710083,0.015041966899151537,-0.03287031328440756,0.011855032737072146,0.048401221602470186,-0.012262101471594273,-0.005967205708076563,-0.02100992737872826,-0.022370229263230804,0.0,0.1438929232768745,0.10707564610472997,0.0396495347813476,0.07177049895229727,0.02323558253220458,0.017292616732569897,-0.0269109134544219
TMED2,-0.02605409183063808,0.006934429524695767,0.04369958261567649,-0.024044520814849177,0.020122240298390992,-0.03658519424966171,0.0005093982259100763,-0.0018170403614279594,0.011403053093622554,-0.12748989261188576,0.010048456504397793,0.005982150745835665,-0.04081447169019116,-0.03486159145783383,-0.021754219517321673,-0.02635160464249491,-0.018752401929100545,-0.03504919529244479,0.03127025371549629,-0.0019639060140003964,0.08118612076135896,0.000601918324050026,0.10667438805610073,0.021074397356648338,-0.05417286765362611,-0.014826037608386015,0.08877344849739889,0.039641198822715856,0.07633471273377393,0.10272006988411395,-0.03825051785394534,0.03990628988214905,0.018930169074924837,0.019632581077807614,0.042250821021300546,-0.019952804490323682,-0.014466974157975803,-0.0024450051046874944,0.04462561868365404,0.01768912170605939,0.034207079532671304,0.007078089693096156,0.026753470707644594,-0.012148416467333766,0.05324843562928197,-0.01372125747068896,0.07154223681884454,0.062315481931020024,0.09260933089307792,-0.013571856017372857,0.02609391881784266,0.147872572634988,0.043977723748118536,0.14058649576758273,0.16595567834649624,0.096234050489144,-0.0006809462009016346,0.001447863551254734,0.061696494647195094,0.12901899213873833,-0.07477827061567449,0.025015685652953413,0.04663867169581948,-0.014100149812918723,-0.10027911232327402,-0.06893058809076233,-0.0233840114289911,-0.050672407049830184,-0.03516048220962363,0.006948251263031001,-0.04233012734953416,-0.05286262763766656,0.16133793908750999,0.0,0.11301070038380136,-0.017580169303725402,-0.05883191084803927,-0.01569366433719615,-0.00123793626131638,-0.04371529036930687
TMED9,-0.007352582817360717,-0.024732563275269046,-0.14446038929410046,0.047452510773791215,-0.016046495959349365,-0.04578108672535812,0.015208215233617725,0.012318753500065702,-0.027025750572632276,-0.0016764212295208303,-0.00876405083867284,0.02880023963849296,-0.13358191773898268,0.0344707350995518,0.02854954355755877,-0.04912573819179583,-0.011853664839337008,-0.05404294290577732,0.0602272711949167,0.016062811064076792,-0.0020310547562871826,0.01445090079075684,0.012221660015702112,-0.03580958162561226,-0.09046728072565359,0.061713817837696514,0.09075695697790187,-0.009841048543201412,0.042771721407153435,0.04265420860239463,-0.01664065287476979,-0.025433089477762218,0.08807721096425498,-0.030242594953799037,-0.0016652240027378122,0.012073796221514492,0.013966777143583855,0.07625710294385672,0.10662685166286713,-0.030879845114022746,0.07281404717689423,0.029280058717623736,-0.02726709055383023,0.0002319724364057956,-0.04332770600093593,-0.04134352978242808,0.03147738268087486,0.03898258862120861,0.012556286702190451,-0.055015247928939616,0.01392221591731625,0.058732066153396933,0.05435904288553567,0.04383493604264008,0.01732874980642744,-0.10583587834487003,0.030398816724723072,0.0036145219175417894,0.027181092829571655,0.004983529571893818,0.07042925130802784,0.052134738412961616,-0.012165832586236509,-0.04992910080026054,0.04215885765490892,-0.06424110591561445,-0.021585000038585,-0.1034707759577831,0.037090268572614514,0.03093306857427803,0.02225584882591979,-0.016391490954962878,0.1151425082893001,0.10838457511512353,0.0,-0.005468896678883613,0.008937570620760655,0.11067679412436622,0.051998776387788055,-0.00011507555687535848
VDAC1,0.024231163703573925,0.04071721381590712,0.013408277334580856,-0.007463850877622744,0.05423388401841906,0.023196579633548705,0.08822467765662884,-0.08381541964833156,0.008048068734495956,0.03977451437428689,-0.06812794121978738,0.03281160464949351,0.07197515712154613,0.014591564112822775,-0.0038282841623432217,0.026103833230912893,0.0006668900847278365,0.06931303798258218,-0.03914384510703123,-0.0059145375445449405,-0.029830387096253776,-0.048849578346161354,0.0233754909296533,-0.06882493049759002,0.007047081921436353,0.0448084979470964,0.014318633645659771,-0.019432012630143367,0.016702583364903774,0.06691345827573006,-0.08660657512440256,0.1123673117141276,0.004448297790315483,0.08340026023857755,-0.059635807434180954,-0.010539243657206016,0.007231550991290628,-0.010538848516236925,0.04082945380360683,-0.030715518701370202,-0.07964599336081296,0.061244406528904276,-0.020914852271442012,0.13042899171888805,0.023271274906986425,-0.0029741374025963377,0.02274393753672755,0.010884520384003334,0.08118069765414629,-0.01637824326617162,0.01421012260939431,0.030730738879114098,0.016467140821022356,0.055616414676582716,0.08021021168139697,-0.037515235168806185,-0.013644106271289569,0.050004967537778944,0.014908238408093927,-0.10481237811621419,0.09042180864255882,0.013562361551152919,0.029322689638483845,0.060958420254194325,0.021498337715069725,0.06705224382364752,-0.06998888454877734,-0.07371082484243754,0.08683865016753999,-0.0669419190430249,0.044025630907836386,0.004524877455645811,0.04216144140999304,-0.016672600266836708,-0.005407942810858757,0.0,0.0698245150021946,-0.01927241704286567,0.021294250487560663,-0.01624816914142095
VLDLR,0.06442522396386881,-0.10966090668003373,0.05496475941783986,0.010611542502037689,-0.010837597521670204,0.0018379025614579996,0.004223840001086928,-0.06413400510529926,-0.07575389531300178,0.004798166746317879,0.07322371593034749,0.0863866463060014,-0.06425877106401318,0.02549709427520499,-0.012002081977400804,0.016754076076097923,-0.01803522250396646,-0.06374546944345645,-0.07053121836768496,0.03758608646630768,-0.032575931317946484,-0.02159837603345714,0.026871070590673424,-0.06075157161879931,-0.006817196224585533,-0.04953606243886501,-0.03665890413311404,0.04232546285891178,-0.040581096259429024,-0.06477931658638023,-0.024007162456215706,-0.06925459314041042,0.03731584960524946,0.015932283853994936,-0.008045415704919292,0.04537422364050555,0.016906791853855473,-0.0436671746425272,-0.0053722172343042785,-0.10714745447599924,-0.021616962785386076,0.05092010365331191,0.05603013237567509,0.0607890981613741,0.03706828195157306,-0.04423924483059162,-0.05302003621463735,0.08584958180689851,-0.06953466768747289,-0.019100051630856384,-0.014627048816244848,0.0031646378618352144,-0.08806621162603208,0.0492072256980827,-0.03142808376300249,-0.012004129242098743,-0.13206387988465265,0.094639398205314,-0.032998363929685276,0.024398547308959774,0.09771081665485683,0.049288055227724586,-0.0663531339908075,-0.003040627871340311,0.007017746133178861,0.011710462492665557,0.07691944625279566,0.03467146488853635,0.13409177851511134,-0.10323454784117332,-0.08010410017278341,-0.06514129931534803,0.08080293359372596,-0.05907409103412616,0.009357410177157787,0.07392847311921334,0.0,0.05860693295778094,0.02974713953035118,-0.017248512745873357
VPS26A,-0.010325019404722087,0.0008396833528263396,-0.05287776819182818,0.023254884021255577,0.027102414616884573,-0.0265144793027994,0.04246801383230804,-0.031222943397839927,-0.0673833942758661,0.02969607513380405,0.04678062880975865,-0.01102473902396851,0.03832340379982877,0.01598760991935042,-0.0057833425619501335,0.04472490896417558,-0.03137861387430421,0.057507971603708255,0.060831941437645205,0.03885842790403386,-0.11811136286822149,0.10593993650430196,-0.07960757896921455,-0.0787964066469667,-0.01638639690514486,-0.09489484010698702,0.052375553518895786,0.06282529761279614,0.03168815844295672,-0.031654412551889714,-0.04881593911549888,0.06034097025737074,0.04339876403312227,0.030420905775606032,0.06418812164259574,0.03647717314491944,0.07499612888797878,0.08432804094636638,0.005941372998584602,-0.0013994088900370141,0.05275803863636736,-0.01653817273722708,-0.01768452778982013,-0.03949575393443269,0.0368749812769235,-0.08698671000273807,0.023755383252782727,-0.002906388256719895,-0.028243893452129097,0.08310173028241452,0.07692947933894816,0.1382917469454697,0.07442731185857986,0.004549091551550549,-0.0547968438929504,-0.043326425822418906,-0.008852885474548844,-0.09625144070358212,0.02685605736774992,-0.017910572299330164,0.11092695033035693,0.04398461817217686,0.07639751904000301,-0.0407194792920777,-0.05530845282177443,0.033955888175106544,0.10849050642670298,0.07393534878976377,0.024914623070260156,0.017887087091498177,0.016928376963911345,-0.0019287770198393045,0.026205283960895484,-0.01578565457328589,0.11607719198390566,-0.02044062335898667,0.05870879093576025,0.0,0.1306902580063954,0.03932898682706567
VPS29,0.02114715331227887,-0.042457622960698944,-0.07715369608113005,0.04452568111895496,0.028228010462001508,0.02367695118019709,0.025526176592242898,-0.04407590537433014,-0.040748708523351135,-0.0160284155644853,-0.002904744801946608,0.026776393060016723,0.04252463109781088,0.03971639146500918,0.08237396086365359,0.016210615408203163,0.04309192769405729,0.012990273762386796,0.011986011605834327,0.0005926353791617795,-0.001275377743604863,-0.003759182647833524,-0.03587151047827001,-0.0071461111879868935,0.006820843055564779,-0.07371885798251551,0.036387591195450084,-0.009802810718770339,-0.0020956318376793427,-0.012997708920800405,0.019252748046316985,-0.015601008053726523,0.0723685710420086,0.08241675769737229,0.032682502422373624,0.023521982658762836,0.0021450514383476844,0.06381856306894566,0.0627498760327826,0.035424453817453024,-0.05862733636032275,0.03952479107266138,0.02657212050354471,0.00625809958374383,0.038503559507472675,-0.02702064507093745,-0.000312968308255364,0.030034441589763355,0.04157050758457035,0.020152046662354182,0.0986205855024673,0.02251469482059746,0.02908723719157474,0.01765569257078284,-0.011882933826002025,-0.04510104669026667,-0.010735420901840678,-0.07504749191183635,0.05036290894534424,-0.020149725151634965,-0.05941709935497999,-0.05363332024117929,0.046312116284786244,0.006168008764134722,0.035444595239552866,0.057549675620839,0.01787907833427468,0.05029519313193965,0.03772125501785311,-0.006511707386374829,0.03844255112391532,-0.033388793333271556,0.016986804516835177,-0.0010845565160504565,0.047500602113426216,0.019671432062023278,0.025954640667574844,0.11383056283271303,0.0,0.10100779775301438
VPS35,0.07099852412989284,0.030660825413391483,0.023612299766490263,0.0868174093387862,0.04341493340423258,0.06980237501061963,0.017355477473135806,-0.026727718945837847,-0.0036382315229209106,-0.006778392078671612,0.030861483714939405,0.0855662973667103,0.038472472601081685,0.10257534845034927,0.05495616076615686,0.041230793893282006,0.04116874274812079,0.01770387204258189,0.024368865386521832,0.062010104917875224,0.025897455777038704,0.021943337273736912,0.00022428566896902336,0.10606170797800682,0.04898499983782471,-0.04443877795043864,0.02287131790463346,-0.010847836868327675,0.02928582075122832,-0.041851674958305295,0.07115482885914146,-0.014609785012879878,0.07193493644025306,0.033883317033209306,-0.012332834311619082,0.009078683088923697,-0.0060009067628931535,-0.0145467627049562,0.02973491733348013,-0.01259799254572024,-0.028474269460442844,-0.01854783444275253,0.06057785260595492,-0.027523590055180836,0.009708308638707796,-0.004226033805208983,0.0753027959408411,0.012926188077096903,-0.03955592906905936,0.02193997956226953,0.0490784187474777,-0.008286581981073349,0.012422105732619948,-0.045859810101792756,-0.024022301950705843,-0.025431359840953776,0.05732614189749356,-0.08547065057537963,0.056668877425153634,-0.08211927554353816,-0.055480738117938945,-0.013349776505178575,0.030845878819534652,-0.029625396897417704,0.05298484474616917,-0.05185108216967611,-0.02595340244005259,0.02594365935049578,0.013218353445538296,-0.028839038901765795,-0.08246102108259917,0.05959438673944074,-0.026919934753205896,-0.03900154949347078,-0.00010704925920513739,-0.015285253322584907,-0.015325549475350121,0.03488373806518257,0.10286070410577161,0.0
