,ABCA7,ADAM10,ADAM17,AP1G1,AP2A1,AP2B1,AP3B2,AP4B1,AP4E1,AP4M1,AP4S1,APBA1,APBA2,APOE,APP,ARF6,BACE1,BIN1,CLU,COPA,COPB1,COPB2,COPE,COPG1,COPG2,COPZ1,ECE1,EIF2S1,GGA1,GGA2,GGA3,GORASP1,HSPA5,HSPA9,IDE,ITPR1,ITPR2,LRP1,MAP2K3,MAPK14,MAPKAPK2,MFN2,MIA3,NCSTN,OSBP,PICALM,PLCG2,PLG,PREB,PSEN1,RAB1A,RAB1B,RTN3,RTN4,SAR1A,SAR1B,SEC13,SEC16A,SEC23A,SEC23B,SEC24A,SEC24B,SEC24C,SEC24D,SEC31A,SIGMAR1,SNX4,SNX6,SORL1,SORT1,SREBF2,SYK,TMED10,TMED2,TMED9,VDAC1,VLDLR,VPS26A,VPS29,VPS35
ABCA7,0.0,0.30644346319132326,0.034218160927589364,0.029530741394456914,0.04131234402933864,0.02152463105623365,0.02908784675182409,0.13463285349884355,0.034596860903695945,0.029245781148891016,0.029445944758018042,0.05204554799961887,0.10381890290925366,0.02254829622089002,0.07957940908346965,0.08679605476778834,0.07777377190053877,0.04131514032724712,0.030630881634849512,0.2378372662993617,0.11104890619172283,0.08974252774645572,0.1320627138845959,0.024322856030203024,0.05559725599315176,0.3672854646852876,0.2744400475084647,0.07203258507409693,0.03257836884953835,0.3537421084533209,0.03511671564055485,0.0337805786250717,0.019670010717119067,0.02674383484941299,0.03920077824765896,0.12246044562049054,0.03703831812974533,0.05852310949731228,0.0211159655014913,0.7462139339846466,0.2608487264907362,0.21731543086044652,0.029092928614758304,0.03781197992285885,0.20231020055335905,0.1631871806931073,0.8099169670270411,0.038751315520335214,0.058344006798882894,0.06042657255522002,0.06769988373748934,0.12894811656076607,0.4598526245873669,0.022010345829679076,0.07367758812595958,0.0187251168109876,0.024316005881893768,0.11580224326537421,0.10114482438783266,0.018969571577424668,0.7209000109876845,0.032978936708807347,0.06602383215274053,0.5467207465153772,0.029276923247818522,0.049730956358839576,0.186568498859822,0.2720282697271271,0.1363267643871866,0.26481657835573624,0.14488254959197314,0.06419313927177245,0.03188041343860702,0.030026750779728942,0.09312278544449258,0.09200769338296129,0.05105109851992133,0.08470076295602161,0.020328489519406592,0.10856226945987789
ADAM10,0.44202623068617164,0.0,0.031596491692346684,0.05526465537766112,0.029453809962097503,0.05042432728419602,0.023818796972120058,0.19758865822220759,0.08787144360083253,0.020958451397775347,0.04901526727977393,0.01957808619243871,0.2490104246140681,0.02824901029295587,0.019087780087313985,0.019038247006872455,0.06328937429816199,0.157644764930055,0.0185096190548423,0.10372567577960969,0.030423038423185857,0.018255386797601407,0.04991239252373726,0.02388518623589914,0.07086958769898566,0.05374224907534979,0.08673553938485667,0.022292407212797898,0.09090441663825023,0.0771741301573814,0.024408279100094583,0.0328230444521069,0.05163367751643101,0.16116059312757305,0.05087696540119567,0.027181993114999317,0.043024134146038076,0.14115317134659672,0.028875347435344707,0.10894645999113058,0.07392624009590147,0.02352342846362032,0.025450635416666284,0.06454026896635441,0.020050015412391212,0.035577046211401585,0.05946291231291559,0.12727912073787678,0.13651799334370943,0.019003893270002698,0.027372328808700292,0.1411831570944795,0.03570275470640032,0.19547184979038443,0.060950273420627095,0.08367707324937856,0.0866352918141088,0.026348323243586578,0.046254094546081016,0.02976534525010345,0.07594362197513217,0.7730003111622548,0.033664333824920935,0.04585617679198607,0.07842533554584617,0.09777167732828823,0.031114866124696043,0.10235142862252393,0.11074611505989047,0.05128940963396116,0.06325430508044463,0.07639908374682944,0.12176640446581401,0.14654290278407384,0.09051121727355789,0.1308157063012039,0.04756588840391247,0.024609269261915007,0.6504548166145977,0.12420316877064996
ADAM17,0.036648337660734776,0.030486943172909356,0.0,0.25309548138003674,0.03208566978122789,0.019148614227283835,0.021136067170368943,0.1532041733880787,0.10833698476280017,0.08331603221495884,0.021182473086085285,0.01954475962797419,0.39766535945531306,0.06531450041604046,0.07210320789009515,0.02541761286375571,0.08278769768873824,0.029979714436039327,0.028804944503200546,0.08347345128518543,0.11147260716219734,0.043845117945179646,0.019222732590988223,0.05118771883242793,0.9729128365684707,0.15836186349053974,0.051084766142730435,0.30404050731189275,0.04281867758698588,0.06045642773276156,0.0790146942689893,0.02594085219882864,0.020229829980575875,0.022310882825203538,0.06593433575604458,0.02520796277524486,0.05963021845899119,0.06442729028566531,0.29033873339929367,0.31159288014361436,0.021098172712926418,0.03679622895642452,0.08746553373696757,0.06813550949479602,0.061379656436682,0.028101494022754466,0.3063037962116547,0.07087542047734162,0.11871457624430047,0.0917371229650817,0.16992743051230466,0.42728311210330333,0.021766557723585076,0.05356752385202437,0.020574988707597795,0.027137586378491323,0.5795621195209917,0.02050233334332802,0.037785392600983105,0.07361526735738616,0.03639775793037157,0.04121298108596612,0.02872119807021787,0.052701844011932134,0.045898039362563856,0.20032230388603056,0.10521775023288105,0.03734971765484482,0.0365749790333191,0.03798229140435462,0.07007581213107075,0.04539471625637077,0.030447303131055745,0.10469886892816091,0.12112328755322455,0.024278371800179666,0.045251368329560705,0.018532261033006498,0.01812837309112204,0.06859276538378226
AP1G1,0.03089071593936472,0.0507378793806842,0.24504110807670457,0.0,0.15625235046180086,0.20069830751895645,0.024338367044245808,0.16001038994992237,0.02266237291376185,0.0200527748494217,0.49135892652053376,0.030096154450761695,0.13038304186078373,0.025919167670885573,0.035515499601928464,0.062023224680152145,0.04717005649902618,0.1950380271223855,0.06772954684123537,0.06014561714049139,0.06798555672743728,0.05013727935585041,0.06518391098308411,0.07339149386591604,0.4189764823669177,0.8340065806276513,0.21293503809635364,0.2082659737694669,0.11409928891917122,0.07963348888148471,0.03522468091273132,0.02773637907413036,0.18751286818693186,0.03950892140302849,0.04860996271035582,0.10696376388910811,0.021262984419934856,0.08236636102679058,0.04461965052891211,0.4209257580446311,0.13090360554484845,0.028491827977649497,0.024606550738502427,0.0968500085442223,0.034167634625638474,0.05761788269576395,0.3830511435512973,0.06305663103223044,0.3413474296640054,0.09227948053372732,0.028158358844803583,0.07695774071818144,0.05338420779792989,0.026729688017424397,0.09766742134755585,0.028104255982308392,0.08055264754790534,0.01882830382731925,0.16168995060477556,0.16321023501722373,0.024008041360864533,0.022207387822762874,0.05403637295459985,0.291003029526341,0.049701766433576024,0.021854159684643455,0.01857390125648097,0.06712372334104118,0.018863192987672313,0.028660205504352748,0.023145488980139555,0.2873763123709955,0.035681131523430526,0.11669982285981058,0.08086527567177398,0.11528738580861764,0.03188532329854518,0.04522959053383791,0.1258810152155748,0.6186714955517164
AP2A1,0.047935819007221714,0.029435320768239424,0.033341187472107556,0.18322470225647622,0.0,0.732838187672001,0.09464862608171136,0.2654430259442508,0.10651581623800462,0.09607659591700822,0.041612861515657476,0.033174135170376706,0.01837243826726856,0.01964440823778458,0.018934604463141904,0.022247687457544425,0.06620412747918043,0.05363284161139084,0.04202476700406505,0.15126103785764425,0.06511841218440427,0.019083151583351745,0.0913225134032611,0.021603232925718124,0.04408343311398536,0.046627075718438805,0.09155084320312358,0.037280187469320374,0.03442787075067059,0.2930290754370397,0.03242428081102623,0.022597216628197272,0.04958581272497167,0.031176453895544097,0.12137114762803702,0.20143999470410953,0.0965672607867467,0.019523659092477785,0.16246380918336858,0.13578093393215554,0.3695799363477656,0.021591194869902134,0.12663853953391366,0.050251595232601566,0.6090458931893136,0.07704658397667814,0.17162435518037972,0.20526047675493667,0.032184780017709524,0.12402310778173589,0.06638160523779275,0.18449046438276884,0.12858555133915706,0.024718645492550383,0.22141320144498455,0.12438668376753109,0.021060393710964007,0.17475022864069686,0.0480842204630192,0.02008119147951017,0.04558745248516617,0.30447545714032526,0.05716733156284367,0.17985884584051023,0.018918950931975587,0.12076320025503073,0.11460818257304455,0.03208053472218172,0.11174642492534088,0.01869168559996235,0.018164785337336415,0.17489129818840618,0.05888967333670358,0.07691455984759996,0.04448765108330409,0.08258689744454094,0.046004758351455156,0.018270130564786505,0.13053588178134157,0.053652362257677264
AP2B1,0.022388998173773482,0.05201151169840811,0.01927007930768553,0.2545993001610571,0.7630370979362354,0.0,0.07572850215230614,0.11932018195616044,0.08475222272922445,0.05739207381144511,0.02725141061475724,0.03474303558750358,0.07642925972082512,0.057513379952165426,0.02398160978391667,0.10933934548333744,0.029413303502432014,0.020847574276913163,0.03935575904583546,0.061665337875627516,0.14585267683170308,0.051571894808034896,0.025196324558174745,0.09526976069269098,0.170868388819198,0.40268136844513386,0.11857724741688827,0.018498426661701043,0.023226967444145572,0.05806346208955865,0.021592148089174458,0.0227024310476882,0.057118093477196305,0.0276739033617445,0.028171368721733495,0.5263057228403172,0.03777286057285042,0.13250356759587056,0.10153914765453957,0.024713498416970164,0.3300401042905184,0.04427190536718493,0.15584410307938384,0.04323970016495476,0.19233858568459658,0.11430816114376638,0.01951816191477286,0.2770536233486111,0.01944240441804852,0.020403421375621747,0.04203263611029714,0.0605877100386753,0.16709358929252954,0.018407690099184765,0.08306172925172552,0.07795409392305434,0.1941741881570904,0.17218105125296335,0.05117844095348492,0.018353602693740662,0.02755662134017032,0.35527640969939,0.032882748019945875,0.22448568009237718,0.059733346084975644,0.10936667149136677,0.09468806944331304,0.02180415086721018,0.022980023433204617,0.03358208849653519,0.025013942756791023,0.16652138675405265,0.0299617143261318,0.07589912188529395,0.032856540544821546,0.04721080722240106,0.03238295052703302,0.021877716744145983,0.4877743555753726,0.13852349063505418
AP3B2,0.0329751659473471,0.02427174833252861,0.021618599269694967,0.02551881979924697,0.10540617826872224,0.07953818890861368,0.0,0.03506184884176718,0.04615469699986728,0.05079028958921445,0.0320600609957223,0.021813895590087447,0.08205413774467413,0.020480280163754715,0.026335471052609367,0.05486680350559606,0.038078290615729364,0.038929944037609444,0.021530664910587718,0.05609983719339445,0.0982852704853321,0.035494262382083135,0.04604557507607294,0.12352888597589667,0.10220315505932627,0.08419587906810362,0.045828115441646784,0.13981117575836313,0.03142911238797656,0.0953775831145961,0.08021767989505091,0.05151678809528134,0.05775726135451455,0.10393067324216555,0.027165565067815863,0.03299976873755839,0.026206963116680384,0.03471458506558116,0.053670741466562324,0.032237322245114865,0.02298322022854686,0.041259370434536785,0.020215015967781885,0.018581759654842205,0.09069407122303054,0.01842732694695621,0.021652029256780714,0.2123611885047197,0.09240771115420975,0.018063610161655596,0.061554316840534924,0.03982304276059612,0.04653536136517714,0.0514481485063956,0.12038453299506496,0.03288871819919467,0.32228547760465526,0.30580466892447816,0.03290317491007863,0.058660693997682534,0.13003787334709446,0.1571032102445947,0.020753568178642417,0.023478074498121625,0.027213974180653785,0.0637692390538877,0.2507147011538913,0.05855208599055493,0.022216020586825307,0.03132932524783188,0.04252491449378822,0.264072967028976,0.019625985831918,0.05318257943708905,0.031189728167601738,0.03853860143858653,0.11882404671247644,0.10889116366247209,0.14800349893904727,0.37456124293940507
AP4B1,0.1442995653639713,0.15167961450159254,0.1353217353420834,0.1450993883188083,0.20071863988564306,0.09132252648549295,0.031152919537012082,0.0,0.3264905374276303,0.2246915585888962,0.2285880678979749,0.07541494634434961,0.03338147436428438,0.018065039657331177,0.09507655730987927,0.01901634917656197,0.31133115517287907,0.11157151088132854,0.03710210565708832,0.026901038138852428,0.22594475220729535,0.043903964257028444,0.06033161071424889,0.05064040543153299,0.20688075262414468,0.1819121686626961,0.052985123854391435,0.39445956300685026,0.04772346770312671,0.2780231289691005,0.018066837802980254,0.07882151278713503,0.10288531184453423,0.046931319016794766,0.6981076662072142,0.019557941989135644,0.029908189056718756,0.02253860612775516,0.09262939486828731,0.03338583445893454,0.1291407660137911,0.019429326325531293,0.04307087311872229,0.04656533253055542,0.03420372794779982,0.03599969577598345,0.052708695631156384,0.031600839483580355,0.6479491234382861,0.2969661097268151,0.02014170583936194,0.05023733873894028,0.4477468912324675,0.02101914827777858,0.08905776241378631,0.04722124045722752,0.020468455167257683,0.04978715213602299,0.17943269171971551,0.2016899672592545,0.04941010797454761,0.019693042067853717,0.49482185950283836,0.033144761507649396,0.02952358885142824,0.07610227871261295,0.02065105933255864,0.03857063299557906,0.2070981266469135,0.1062478635755471,0.16075306079477697,0.5198905057919869,0.22799704473408128,0.02076715153480633,0.16499511187304078,0.03108208407154265,0.020359217522352393,0.026208650091764842,0.02863914452518534,0.07959296746424022
AP4E1,0.03696600331504559,0.0791726750149654,0.1074388582832311,0.022714546571366838,0.09509705094359361,0.07341142254035495,0.0410078364270093,0.3728732898016939,0.0,0.028688119965450284,0.03668231158277639,0.026400311865760355,0.02862861014249889,0.04881039674826688,0.037813368999954716,0.08490156717644243,0.12119345566958867,0.04672832172441659,0.10566612084103266,0.07945977451780527,0.03675077104805298,0.0809726137857935,0.026998847218543703,0.0660753477401148,0.03974748382231555,0.10780057254501407,0.15073684071925456,0.04175255006431973,0.03290725471939262,0.1680985695408978,0.09284132101433287,0.10778572723728312,0.023434462455694527,0.02239195213793278,0.041393992334006764,0.018621958495748214,0.03079937228464686,0.13846420938644452,0.16746615271174703,0.037331397390425465,0.14686211887758807,0.024004882442706547,0.036881478589961304,0.06904504016885049,0.04054316308907979,0.06554771765315584,0.025570162110608995,0.5552961389855825,0.42017463146997613,0.03466078960144694,0.04476626513164711,0.018527485611542514,0.04543758466165481,0.1494114442728414,0.021591127820038886,0.06688199077478983,0.023539459432429494,0.052117780112331785,0.12842389890731803,0.21548320157979675,0.058921239945169006,0.03181770336218033,0.02969667352975449,0.03124505984125845,0.03579980544592131,0.06587523980122309,0.054933323882893056,0.09866970048162195,0.328564459235481,0.3445364555468194,0.08325816339175146,0.9934672278452571,0.07556376440138558,0.026817292263551135,0.23677973619859172,0.0293001514727586,0.09919285732496175,0.2805659326293628,0.037710834937394015,0.0612515432453034
AP4M1,0.03244653512406604,0.02104492192073083,0.09598610041314228,0.020301542366876205,0.10048319214886192,0.057157885862717306,0.048872385492499476,0.31740620185749446,0.03008484275872756,0.0,0.018900881745353704,0.050602742448051484,0.019971330418228215,0.06410788013624093,0.03001617420656885,0.08413826689875153,0.03028099535316926,0.029967519673194786,0.034844214435176546,0.2848318951291914,0.25046004389800325,0.06702257422776303,0.09446899463603199,0.047379252503222495,0.15627839473783406,0.01844622397234796,0.019187624768011686,0.22065248851237862,0.09224443517443087,0.2735191807583228,0.16809067199139122,0.037298962045525706,0.021245397056365068,0.030964636195275237,0.37847951217843023,0.022295166246441213,0.02443614163821071,0.024340299502541872,0.13169413986796855,0.29351390542419004,0.2624238920783252,0.06953836368086808,0.07804564484535732,0.0719911683981154,0.05566901418551654,0.2890392199139703,0.029518079885075654,0.0234797217507211,0.06367099852471096,0.17486781492390074,0.022335440190138053,0.056712520841808674,0.08346025351671475,0.07818063743186553,0.02068713932203617,0.026209208345988548,0.020739619941535826,0.05925324998708741,0.02434617056074536,0.03974736014255487,0.16030781869993185,0.025964526720423646,0.02905988997612802,0.03516545466484101,0.020840866026165063,0.06726243890150553,0.2233827871218497,0.02541967890757424,0.05111044006244714,0.027513250032940202,0.07218499442000578,0.05442830947614982,0.117620874170956,0.03151140265007084,0.03670783524027273,0.24845223373082018,0.027153350296703994,0.09429401179776051,0.030626911315513046,0.02748005011964212
AP4S1,0.02852598900491429,0.03983535559805322,0.02065028711007644,0.35385267149263033,0.03499294024751575,0.024743288447605354,0.02761677573849079,0.18375854442851836,0.03295689178772092,0.018686112653291037,0.0,0.08287681250363657,0.10036439759499688,0.031304596634616946,0.058713652632395946,0.026714547146893915,0.06688304939994502,0.027524074546532412,0.04190582120203621,0.16488581512947614,0.018205249116678163,0.038162611568288665,0.4059439480720669,0.16606827243476804,0.07787984509573534,0.1675176316905943,0.04833551369095943,0.21485292915177298,0.04668833968989138,0.020017375941755823,0.12719192656443373,0.019585896273711188,0.058721528192799244,0.0673920692988223,0.6952413564603808,0.08768191652027307,0.069830414065382,0.032617096600868006,0.1294240401066005,0.051022039662599016,0.15800783556330555,0.047159609020647905,0.04053874539629678,0.06584979257663273,0.1828112075906632,0.0692882317229208,0.10782233267448979,0.7955239829947205,0.03235961139008501,0.053200491839040354,0.14638489001709654,0.019133025959342725,0.019726772042833608,0.020802306062395692,0.029104400231539925,0.025997670053979224,0.03384766018863857,0.03251649908015597,0.029832737667640892,0.6514814221523728,0.030722732832463424,0.06021555001054836,0.6486975928667919,0.03193576519417724,0.024006901279890462,0.041774790924263276,0.062468030790901,0.08279566626294277,0.041492540347563604,0.03841128548122536,0.4544916840001961,0.08343680118468083,0.13690529249534267,0.3847004155798199,0.022070197298211428,0.10873790741017494,0.040988831057629294,0.05776388842608161,0.22279393913898166,0.1675658728034948
APBA1,0.059209014189490615,0.01949548769448721,0.01956904996760905,0.030563826514469004,0.03220798506915616,0.03301464347061169,0.02135743914718012,0.08459271268390668,0.02660265216090918,0.04689727326748414,0.11094890490971077,0.0,0.40088086177350274,0.053901511250419386,0.019824182041182872,0.03183843286338209,0.4037692535898881,0.09119756402082635,0.08459519708691808,0.07176484783384657,0.037391321128510666,0.060609504577925584,0.04483448961249554,0.03615371103971482,0.1072855777066823,0.08337099236568699,0.034707311050140806,0.05238043239293301,0.23173265310699206,0.17314185232708126,0.09960002277539404,0.028784971062721765,0.23675630097292757,0.05889970322434768,0.3879089043382349,0.024405356053600263,0.033354457125172286,0.034775116908919226,0.021913158031258886,0.12403631614370775,0.035800768088962716,0.020922921788426217,0.12908797992244744,0.0528165244277483,0.021289630865197945,0.052616175908770685,0.27539863118167185,0.07579827391855037,0.08286433535005477,0.11638069097249433,0.05691643936134982,0.02747357916591834,0.1334883217968444,0.23846713683038173,0.9403682948013766,0.025790102295390995,0.024924562308667325,0.07188520025448268,0.09450409744775302,0.03779708968001606,0.02831502414768129,0.43534058357853084,0.050937825299278504,0.7866784919752267,0.022259587024798896,0.027271940737028894,0.023324180019477666,0.03125144428628331,0.5569719302627141,0.060391334354714346,0.12269808285444016,0.03292329001719198,0.037942391221605525,0.3512922467055378,0.03151190588948916,0.03274833921270111,0.02731257261271966,0.08468062736143343,0.018528334588803957,0.04393283037322369
APBA2,0.1093799855058532,0.18614215517165342,0.3403832072596445,0.11787124928248298,0.01832289479190538,0.06154789184873593,0.06266861639321962,0.03326339535862778,0.027792537874934978,0.019658111063215234,0.11848253186064138,0.33214780940882,0.0,0.05283413812016555,0.06835340275759072,0.0466180241216691,0.7098418516821993,0.03137562652498102,0.06336201996972339,0.18906612593025499,0.07187469394655642,0.04737356542452674,0.020252095342855467,0.05010836965292614,0.04859058933801756,0.032292867133541854,0.21900134991144907,0.4014601953444679,0.15507251169739195,0.13914557237675507,0.26525655473775667,0.0297281246457217,0.05811412969437473,0.210050073499944,0.07222807202103795,0.036143908397415214,0.4873442588629339,0.544112195549151,0.17009651743457818,0.05603668139478254,0.024909783912264397,0.0943967481944093,0.06613194112942354,0.056155176486547706,0.0937747884084403,0.04823815670875703,0.3003087251225061,0.06630942808989095,0.09535557369518252,0.3108095266951313,0.024214672996501783,0.022664302376830408,0.4782143704217219,0.05159647508308266,0.04423715384349962,0.09630558619342079,0.15213025210405262,0.16960209550914698,0.02209427128433409,0.07717704175935203,0.06116957661840471,0.031020771094553274,0.04365599844459786,0.38659166231183906,0.033949639627451164,0.04105300123997574,0.021442997955326865,0.07782290612049493,0.059309989294941114,0.048883098036870125,0.021519719990278775,0.19737018066825604,0.11572546472579613,0.0265259028456427,0.07364488722495485,0.05826012425198886,0.05159863227755987,0.02511472261435696,0.020823517695280173,0.052054596803612664
APOE,0.023961170322281716,0.029188374535177985,0.07832560874932484,0.02750444231821983,0.019773395806875278,0.06024461344141878,0.02049424553078867,0.018082713276280565,0.056606330193300546,0.06774059019691102,0.03808449928624403,0.061889440440130415,0.06727251905971984,0.0,0.030424764277097904,0.022629999449070858,0.032912019722394034,0.06442460573901987,0.033584202542493474,0.04458574743297733,0.03418189697434941,0.15734828658034863,0.032753401792760664,0.035557428010289174,0.08781811690439781,0.018208258729593956,0.07089498870978642,0.07330667850973152,0.02881915582316381,0.036909741938777496,0.027073001428795172,0.03328351415825375,0.03212204909514699,0.02014425349080758,0.019437923753212374,0.10884564014079158,0.1152467869456239,0.3014751086139224,0.021323797087090667,0.03442847564472919,0.031158154944902847,0.06827573597160355,0.04410323030221514,0.051306714669485186,0.033323843048755075,0.2774002990710303,0.018775016830296597,0.2863925398338607,0.06894658380551127,0.02310751602538297,0.026113793307336656,0.11697319692853266,0.018554443265197902,0.024928354515935808,0.02974375633832221,0.08647879212731684,0.021942444698423665,0.03115925003886337,0.07041769235507318,0.018821215430682235,0.028210086653609436,0.15050120660862154,0.03607577659496077,0.38019593471274277,0.018762848925159715,0.021529160762893084,0.019644271297148918,0.01892175452014785,0.06164712706453809,0.03490012747582147,0.019473216491694246,0.05100823613131959,0.03389731413701309,0.022830357088886966,0.05018402827198354,0.019984887268673316,0.26867522923272485,0.057117477054233604,0.06516683324001651,0.05099733586756233
APP,0.11259843487495219,0.01914897537042433,0.08525495887985406,0.03909124786451689,0.018988392008702865,0.02413685080171046,0.02621011013423755,0.1300567027254114,0.04163717246146892,0.03041896244982384,0.0858156431658951,0.020035750447844242,0.08928786514719025,0.030144389454387608,0.0,0.033284134699491874,0.043014841233625235,0.02034353393615334,0.152452698207628,0.5483118789413739,0.022998459211586417,0.022349916856103134,0.03229280938944699,0.026135478313626885,0.2179824526594245,0.03249723214189433,0.03819879960311198,0.2837017544784429,0.07935269901732295,0.06783877117238668,0.031859475338330556,0.018694384998615754,0.12417275832738119,0.020524747793010955,0.08188750435264801,0.020996329199662107,0.03602444128501161,0.4188114871759813,0.3241778993168141,0.026968635110963396,0.3636111809424149,0.04558366447160336,0.05424189521253257,0.03129605687836172,0.020995579554112187,0.1797897646307265,0.051374452525162574,0.04299829283494389,0.02221280025126911,0.06344899950138083,0.03444376910366352,0.01923878415438295,0.040407417806944824,0.2893418530473914,0.022723104682790762,0.02667982756669371,0.03224434997720028,0.01971269767142771,0.0511088026084883,0.044918352312517916,0.0563970350612471,0.018819757932474396,0.04112899479737528,0.022760103811998448,0.03850314903370445,0.0510117420864982,0.028095517202321604,0.08102676118602391,0.1335595751916456,0.04102133357264949,0.07699728393154623,0.09339130277904271,0.0501018065309114,0.024701441235683408,0.041414242058144445,0.042226977742774556,0.028981862375449138,0.040520937050390365,0.3328741459557264,0.022028774066540226
ARF6,0.1100924853013967,0.019016935168033277,0.02583410791303208,0.06688919773573963,0.022160740011963807,0.10060333739269889,0.0501892787576646,0.0191416406364629,0.09174230885433227,0.078659462617585,0.029363255816192466,0.03241648173104943,0.05236206114189571,0.022186725178442557,0.03189473899439145,0.0,0.0319330279685321,0.13830007418071882,0.059586183889288435,0.021999911391730204,0.022690747832965437,0.37108080505002145,0.02173330147477943,0.19081824218935992,0.04240094975656445,0.04649517040215859,0.04592543371087218,0.048248309155365376,0.05470278551906748,0.01993495191822476,0.04783709807014152,0.029591921744503487,0.0726507938265271,0.037301349433957666,0.036230278514098234,0.07097267179071923,0.05160354958364337,0.028473083184081045,0.036795940298996466,0.02141171193022015,0.2988106568287362,0.15183620502764608,0.04170135478927431,0.057043886271892955,0.10968537574225894,0.052934676788978396,0.7824968099496418,0.019466606745904353,0.3482453071410584,0.056726459434384056,0.026159459969464956,0.13811315227967655,0.4395302647945887,0.028988141878827017,0.09664883014369638,0.05262134066855641,0.05103024278887477,0.0412322130376217,0.18993736016078275,0.08595224157287389,0.12192177733023102,0.07548967575232104,0.057791915214676616,0.06736776427420334,0.11851676642225752,0.045698006351474925,0.024788830894130788,0.2759076579873586,0.03426693340575992,0.03273153842607493,0.1603075667676111,0.9802190492985696,0.02217145163911817,0.023159051544289846,0.10920062431960537,0.023591851085475443,0.022953755445510083,0.05481019310054938,0.023129978466060554,0.028270250452507598
BACE1,0.08009998623938326,0.053461015867602026,0.0737748092617798,0.04436597330172584,0.0556808107499901,0.027158894429775357,0.03302145923031306,0.30037222982038725,0.10619335501585014,0.02787337517461019,0.07512371975934143,0.3269848845507553,0.6992656392449642,0.02926034621807914,0.03678851732037863,0.029822312066798803,0.0,0.07699643569681242,0.057897064973154916,0.5798546792778985,0.11335955315565263,0.023197928543547266,0.37339177329584833,0.02326779413752057,0.05330355455334857,0.025110159021815195,0.3027326021362432,0.02113605917249728,0.030228772176860676,0.023758264556937445,0.08163259075460413,0.04217205411082553,0.09289287426948159,0.01961926403311431,0.039433993531653166,0.021744081217094164,0.10883647479981853,0.03138342647171716,0.3768813152745891,0.2220178953569637,0.03386929405163907,0.10461118543149339,0.053038719743221246,0.0814581961012952,0.1404135408512843,0.12412068954787288,0.03643214873922755,0.08220769870427783,0.06611643521138522,0.03171802664746349,0.06885298918611017,0.0636686335091067,0.03469178035638369,0.061982025446427044,0.07594080574564073,0.058973433968270324,0.05977971396644423,0.05092764998972954,0.25938141247372926,0.16803802222648806,0.13922164264745587,0.7352731003853836,0.0583853311078644,0.024677927791729396,0.11105314553317033,0.1518383321003933,0.6208406795948422,0.17894355949378582,0.060383094568355854,0.027801033751522132,0.025595091751968817,0.12413323066710819,0.18641718348683356,0.01902719205294927,0.03892713850528086,0.14421529734826619,0.27334294627781713,0.022083748899619098,0.1870248962006763,0.021863185887040136
BIN1,0.04954446180674177,0.16806730983168638,0.03159368965502347,0.24826609125109864,0.055629359483191004,0.020854184297285208,0.03798420885551716,0.15031676663195087,0.05174138568991655,0.030055514404251533,0.03133542780165022,0.10424919540616209,0.03474157684154142,0.061511704161248175,0.020293784370480978,0.15277777544369123,0.10112466205599971,0.0,0.04643297101156578,0.10610931408261381,0.05051723438181459,0.022721130338710344,0.028100751412588873,0.0813242066149699,0.035862620619005726,0.1393980078898253,0.07571196439691401,0.04176140853530248,0.019624172767999753,0.044634237624613486,0.05026423779524132,0.02479878973682157,0.028127748065303826,0.04552186224293497,0.041961615682357165,0.04272974635247321,0.024946443753683878,0.1308792552204405,0.06802097484443194,0.132347761416097,0.1559841774677636,0.021448805065815608,0.02945532773913094,0.21213087881537346,0.04936395804215436,0.019624264317154753,0.040779431083724005,0.019696165455559453,0.025981647678847294,0.025437224171123114,0.05029919742234571,0.32952980682466865,0.028596563823018138,0.018959722979504493,0.05317340084294231,0.0324646299396379,0.019252253184967476,0.04373335002995111,0.06462955018105572,0.03218828377027738,0.15254879450876044,0.09819500672751046,0.04996688047818733,0.057099247128004786,0.028954965597456556,0.04791522924336217,0.057251740483791266,0.030006911159254867,0.025181120083992484,0.32647471703475117,0.03671597868661613,0.48068743994180924,0.018221890507389614,0.021295017923667336,0.03114404869372088,0.021567641173676627,0.022230242189366735,0.023949745975918167,0.08303472356229381,0.06175944641482779
CLU,0.03477177491074144,0.01853517263272059,0.03046294560191105,0.08060718971216754,0.04379850817894098,0.03987346359130842,0.021461281593470275,0.042655782725664976,0.12983684054364314,0.035317129588540684,0.054912944430361314,0.09845196013385278,0.08097757988349186,0.033107074379106385,0.1508431183851722,0.0645837408474524,0.0738289365004398,0.04707448185601035,0.0,0.05958130971449673,0.01806898118575932,0.02287568386155382,0.0354154439091015,0.03361103730230845,0.4225249679515722,0.03754075458997971,0.16183165404880975,0.09701343247143415,0.06879940949281062,0.02180177569091384,0.02223996997192939,0.029140955714561736,0.06098550258542678,0.02373995606229837,0.01986839738551051,0.06205475074951151,0.15776577298250835,0.03759757318196413,0.07538569164557432,0.12110523988416314,0.034495582094640743,0.08347981234791566,0.0383234791499213,0.3414341528447394,0.026048718338053157,0.22287815139288222,0.02270774156319554,0.09702416704434073,0.04881596337965041,0.027251594803414377,0.027175297587330803,0.2141435601374521,0.036331726640464,0.09506624286731118,0.049130573427579975,0.029679645757381908,0.11146398149903051,0.12080726576619691,0.03588092283471841,0.11139056846363213,0.022533486004629184,0.06306250041850747,0.02591410828605227,0.04498755789131347,0.027364514276484512,0.029274326164698834,0.09805096490368072,0.07747400286209997,0.6147390239885538,0.06386710133055301,0.020887758327119425,0.21905855702225238,0.027780949255872038,0.15156667501629703,0.03398305686712255,0.04446717202641783,0.04325777479876109,0.24890953154874892,0.12297974150873345,0.08640005589256554
COPA,0.18047328249416583,0.06699916914263161,0.061218273021998976,0.04766630319233139,0.09016857442018629,0.04388469361886916,0.039825265682876546,0.025282498157167543,0.059159984426509014,0.14458687202287934,0.14551842180308108,0.053320196740213315,0.13737057997377514,0.03376620527511649,0.259086850354994,0.020946527568997952,0.4287460286054903,0.06543431641520077,0.042190134126953084,0.0,0.22949549708029282,0.02250230861489916,0.0252954092716248,0.06129115130840914,0.07948238068930019,0.04243743247406035,0.7310374967657658,0.0243280400894099,0.6097271983863879,0.019681412046873504,0.04335017505231056,0.02200663048461896,0.03162147649178231,0.14114903147495386,0.11072359980897986,0.043233332249914776,0.028034381904703247,0.18089966126294096,0.05573202011226899,0.2258516193169177,0.024797561788627947,0.021008956625219087,0.036493072078938586,0.5948791919043782,0.020001852438019673,0.03532029439617831,0.03289132290522662,0.06531061368114865,0.06233812300763583,0.05460997200098331,0.04991341319576972,0.15290490930945935,0.03697465848956591,0.06540390328635846,0.40930809345426516,0.24078478462150907,0.06550848418208734,0.04876383545408576,0.07719086002317851,0.13004148750860842,0.03082951734511738,0.035199435939838083,0.021729450111292695,0.06300817032968908,0.1926909652643407,0.04058037838047708,0.026610724738066895,0.0235691769942605,0.12001986442133596,0.7212409706021123,0.32816571229892405,0.028762420631130967,0.04821459245870544,0.02419493552897924,0.02838870287724542,0.04761628212274533,0.09185607077832002,0.09654559350285763,0.4346111814283006,0.09022261351521767
COPB1,0.12476959044414837,0.028921871648194358,0.10493368780545888,0.0661889833693586,0.057754594566317076,0.11468064941932817,0.07650820630881451,0.24079539263297883,0.03596800478650681,0.1905692878333182,0.018236740283035974,0.03607614512897621,0.07541265648157994,0.030902905040677116,0.022205575409966455,0.022280483313555574,0.12283535326364328,0.044464365722685695,0.018057509708192174,0.3539866709251582,0.0,0.46970631230735294,0.8072648075489901,0.04199985526997601,0.8823023270429811,0.37812512012361316,0.039789818810003284,0.05541455656777969,0.03730405445874678,0.08042019792675,0.1613440344760664,0.02476821052192824,0.6748574485610467,0.019956175288554142,0.039196836569557685,0.025943350770668578,0.04979619657995938,0.12105667191150316,0.02137111254035237,0.07277534757546224,0.07221591094427912,0.023159957997936506,0.02780914108262849,0.15784614497384508,0.04308370953674109,0.06578502319558346,0.06132956624861854,0.06872035204815372,0.025969135582101784,0.02099793078247647,0.031686033387373,0.2507492533432049,0.0373580166546263,0.12865603052158497,0.05350550054140123,0.16079365652129377,0.06460254430792484,0.022569409073280533,0.044514081682750964,0.43194271728786887,0.06563932189810584,0.09874425006708981,0.057140629413613905,0.03688507580172647,0.1827317272624028,0.09350267236694944,0.12015932428473836,0.024389816645698628,0.08773531892698767,0.048641522559910506,0.025267581580819883,0.07853161652615612,0.05652208202999095,0.20402835540516198,0.09729437862512005,0.1315624076445325,0.3625634178858266,0.20606499714113422,0.025096163932611434,0.07139689202140448
COPB2,0.10650480217222397,0.01823920908969121,0.04401823640561537,0.05113141565176354,0.019017229172717077,0.047099568125790525,0.03275921713502946,0.04678330712125206,0.08208644285240589,0.06016183460685991,0.043929826599244395,0.05987433680266439,0.051046441731162503,0.12292189700479533,0.02183386371487187,0.3386783234976043,0.023733306843017395,0.02225115642484592,0.02231812492527177,0.023894196825677717,0.5095867866551208,0.0,0.48047575301603096,0.7787449627511193,0.036485363927156546,0.8730454084806611,0.036258804745762166,0.08290489254843109,0.1896894017784197,0.032251822088051316,0.1937718533313332,0.046219856675288204,0.20142138349251792,0.05816677281162648,0.06904068101862901,0.0991863245530136,0.04149897968777923,0.019947826725147843,0.12699454564785412,0.022934561440495826,0.026298053885670133,0.1643449405768348,0.14772019481795068,0.023439097826506543,0.1270135632709492,0.3516746344002952,0.03370382458999483,0.08639358177629998,0.02052001404049631,0.6139276831344046,0.05633316914303252,0.1186395378494981,0.3540536200586581,0.025349977417718484,0.3660193364889522,0.05574053619063832,0.41445267991627355,0.023792340596228728,0.12820245259120383,0.0446612961045358,0.06514294626525538,0.05402361789206177,0.1304334538007677,0.11077976360492173,0.04222985297485811,0.07686733062196592,0.02406193860814443,0.02628104640651255,0.06111842611003236,0.03253941927442728,0.08795881862056126,0.037631897850519395,0.04604121981280719,0.05432536001073378,0.10877896179530958,0.03422281675893834,0.3741432065941133,0.018891737654436608,0.02888661953541678,0.0916380713439009
COPE,0.1500554123715373,0.04534402646841655,0.01917945215594281,0.06361730234456472,0.07882260532687967,0.024179811235660535,0.03996656137189224,0.06260209738760444,0.02668272218123,0.07813449740656699,0.535353294994385,0.042933098016901414,0.020341999818406405,0.029828922609661707,0.029736169469816692,0.021417602685666587,0.4134697002673438,0.026589843117586134,0.032297428252084225,0.027258235077250375,0.8084042820022284,0.44321695212002576,0.0,0.7241214269977059,0.1298444818191918,0.07966719574803162,0.05749573735979815,0.10465100314627851,0.03854417327458895,0.23874569096096224,0.1834073274364892,0.020065489670679525,0.13334453486510936,0.03302973985013204,0.07254134152737605,0.01799152238537371,0.03328239946304229,0.03661021345511596,0.1692665238601526,0.37547290911105424,0.2977651633898259,0.029836392341957865,0.026811543522068774,0.03473941085242855,0.20938257822401055,0.08446553571736144,0.3318953670958546,0.037186950512764716,0.03438435801230113,0.05894423796908854,0.026915963417009053,0.2695989851794364,0.0316866042129915,0.05107455165790568,0.07190276242434034,0.1277966354881943,0.17564699451782356,0.12406845120439479,0.06314425846138805,0.02638132950718955,0.04730866687537938,0.08533551233476049,0.05420069176466807,0.12407909280086223,0.020975947505719232,0.13675834985949753,0.024383123641333437,0.02738931173625724,0.35417015445596434,0.10158445749687114,0.025263933659735397,0.3485319349123895,0.12451814174691794,0.052579649704560305,0.3163414933902805,0.041435206211157746,0.021435334579256365,0.06995082389465447,0.20049135114632774,0.023325153654951743
COPG1,0.024507173013561333,0.02299815005807456,0.04740961484211598,0.06756309550168392,0.021085232550551787,0.07378009108482594,0.08755462377692258,0.05002193032052564,0.06046668334053559,0.04080090219699156,0.20029538037524483,0.03401179463292231,0.049789033175863556,0.031214150367206553,0.024458778893992943,0.14905468165924107,0.023292072326655727,0.06423995231345565,0.03017797043261353,0.07486019599489303,0.04058784028442722,0.6993176156251955,0.6804111679062703,0.0,0.3868979273557882,0.06962368245725799,0.03780815679400026,0.058835932880879294,0.026012481724836823,0.03195562184152332,0.37631872862862464,0.1091657686676629,0.08654762186089522,0.023040873111600763,0.04714480225691961,0.06095531191206315,0.06927334410751791,0.04403290000681175,0.2999233752420036,0.05759699914876917,0.7947946330035334,0.02182700399605228,0.020739591185789625,0.055018989023179796,0.020476455407930555,0.05340069984199392,0.06597070393350388,0.03202444776998654,0.48418921125433906,0.03495695649441435,0.09273618632889705,0.09314074596248313,0.036138607162466405,0.019215191827017076,0.06291933168605607,0.02306876255840993,0.6230589234221413,0.07490308369204621,0.125518428664646,0.1852497176136265,0.026528038863158614,0.03317112940639876,0.12008038723828977,0.060048796374801976,0.024537553444344277,0.026130845723780823,0.048770485156148,0.0835410621208093,0.0770261596971339,0.05038387479684226,0.17017351219685042,0.05577447215920377,0.05705970977813517,0.04617494760847597,0.43927788847673194,0.07973283985935828,0.18377674998889612,0.042105385039148735,0.07612377987082858,0.23862832319210767
COPG2,0.051348635467207,0.0530894711484516,0.9130318740521438,0.29384084234277474,0.03644223392597156,0.10356008047362425,0.0655257157086433,0.1646044350573906,0.0351092704981573,0.09681860089924027,0.07704346262770886,0.07964237104709024,0.04404545329173769,0.05802750015075927,0.12195280910305892,0.035784255067669406,0.04837694665731857,0.03040997755760118,0.2242913005212732,0.0863350316225019,0.772518627734513,0.032476019472388644,0.1014733177691793,0.31100718094961644,0.0,0.03447805034332872,0.3453569011986776,0.16409794481307508,0.10006789575076576,0.38105422449563797,0.044862850453407925,0.018227479117895663,0.14216509805529595,0.037195721911447065,0.2343620346874071,0.02661493007045346,0.055277805877528674,0.03691728704107619,0.6374851849081953,0.3973415317713895,0.02838046958156954,0.1258689067133897,0.02605653601112235,0.02291581132365006,0.2668648224149555,0.02590940226260407,0.2768950245683937,0.03193643728478806,0.4353130719666782,0.027639703618452832,0.05198843293897711,0.03913484369070025,0.022335153459880696,0.059479100597666396,0.31614925558787516,0.02276402020552972,0.02374146719458241,0.1282077555042483,0.07736993308585867,0.1785566287424551,0.091096334822347,0.025670768656481237,0.06312358081715864,0.058078272055788714,0.11352950817148312,0.2640830146430002,0.03141286986176813,0.11872298709607697,0.2173805272733091,0.390701221987813,0.04545383585650876,0.17512501936238478,0.07283234719664688,0.37966443779884873,0.02095663056035239,0.056430154051629475,0.10107430429313305,0.04736443805903806,0.020391094975538995,0.043721943610100435
COPZ1,0.29905487774433853,0.04193015126649766,0.11061114568429738,0.6649827304412639,0.03757828230217874,0.21294884076578796,0.055384868127383656,0.14082981492618699,0.0800964256770869,0.018329924180693038,0.15900326369072387,0.06287515581257618,0.03016905862411928,0.01814524091428347,0.027731152053473693,0.038011063612197124,0.02422604098915648,0.08504636195205038,0.030922936334224733,0.043844666890250586,0.2660250906916094,0.7011343902348128,0.06427905660737696,0.06012725627685064,0.03406933534572899,0.0,0.01968847624768917,0.022446443237143003,0.13184370135395962,0.026355228640560276,0.1682635405398964,0.05462822249309507,0.04718479126852898,0.022054804390926514,0.01846984000584392,0.12486775118224673,0.07063129890725878,0.05816182768094994,0.2497326805355584,0.08158080206449625,0.14849462958260257,0.1445233040857836,0.10479183409158678,0.029254095977421558,0.0950224907974437,0.18354010406243876,0.026737840470090906,0.05193726450570789,0.07161281839489975,0.0215168737961327,0.02093925379703555,0.42323217944673325,0.19380703052493242,0.9164905749023738,0.1666388101793345,0.0758593919389212,0.028654613960551422,0.41551366080702073,0.027884852124842024,0.19079427322520198,0.4127164744224525,0.21752997522417977,0.10335673391917044,0.026580462836164047,0.09352484062075626,0.029790995992698167,0.02843772587513832,0.02231992715918274,0.15746741370057443,0.018320805423188334,0.07883634209959811,0.024175433741376574,0.050537600841935315,0.05135406976075305,0.03551703931176071,0.03930655614975341,0.08407370124644646,0.14044638325667483,0.06678615417215619,0.12705144641343769
ECE1,0.25425401021236443,0.06556210415946195,0.04478209039580992,0.1655426680420502,0.06870478172162807,0.08156579383978141,0.03686587299372278,0.04923126932525133,0.11812080292714697,0.018934601924001728,0.04988737742293528,0.031655736568969105,0.19062665748252053,0.05143311996328356,0.03227400130602656,0.0393304396305166,0.2678354592621679,0.056433901785871994,0.10282746146498656,0.8183478835043199,0.03688802953499047,0.0330769045952078,0.051449537286863765,0.03623167803120709,0.37677947272171847,0.019795773958567804,0.0,0.31816908486385637,0.10776541687008852,0.11955635668492755,0.13927080947246062,0.025612264891144414,0.07557534779258235,0.03361253595172754,0.6206940734279387,0.17639952821843455,0.1266179910001753,0.23244890493566245,0.09749035580383335,0.08657562835799133,0.22984421965628002,0.06771751870395584,0.032238833657929594,0.08337159520278176,0.26925283198464867,0.5192405933908403,0.027827757250181464,0.03538364129588522,0.5356475544365967,0.023470457293327165,0.2039074668628367,0.0235219616266845,0.024505253876855447,0.07862843462343602,0.03857846011223921,0.17237760222926138,0.07132565017401046,0.046147166559641475,0.1032978063736094,0.02929643941355811,0.13059933080489713,0.09929237331811733,0.03819040126800545,0.2631189750067245,0.07529218517134154,0.04832593763938615,0.23207897352847615,0.11722628899705449,0.25522464364499664,0.1630484535504453,0.06989834419317884,0.03592895475066914,0.06669377042640176,0.04168680984733716,0.3750308868366272,0.07756159747581406,0.059043887173953216,0.08835089444366447,0.213710145055008,0.01812524883973301
EIF2S1,0.07263068324980869,0.021588481972272016,0.24617410155324557,0.17601155138614985,0.03348433351292654,0.018407721410016214,0.09441569773394556,0.3688894275472595,0.03883021068829616,0.15019188427871571,0.25146731818390694,0.046907190306591406,0.38028155195925434,0.05516820153940248,0.1794369484567638,0.042410835295981025,0.021086813845383016,0.03603938284238195,0.07143371171827312,0.025429565462176357,0.05195149316700869,0.07199343503747967,0.09470380377762873,0.05759315538029601,0.19334268713036434,0.022971166152909662,0.348300544095652,0.0,0.018899364726667114,0.0775801692781395,0.08327836960897189,0.024188570294166947,0.941418824781188,0.11928015117548414,0.41878378580311,0.028580036951021653,0.03644640414765091,0.03371408142882336,0.035889309227366675,0.08384236021085278,0.18045424576836294,0.019556776976380908,0.6288048403820361,0.02721640422879449,0.04194810418954547,0.36914473741997644,0.6539590000719498,0.019159387147649327,0.12762980403059118,0.04388192160125878,0.04073180567523819,0.039734908443477504,0.4360210679121366,0.10554689263673755,0.3502460846124488,0.03859865938133428,0.13448937217313345,0.14653714663159914,0.0457830364116664,0.07304678704097457,0.07804892564294938,0.053686814365036,0.4557360909042183,0.6260529619050876,0.1454602874577908,0.04824598036574546,0.17072454489024044,0.3465260287837789,0.043514369753127065,0.03823199180286569,0.04419119276206222,0.03363770504108948,0.12906244911017875,0.02953726483642448,0.05893181905472387,0.144117401162379,0.01888202372934726,0.02456543946153493,0.142272048149258,0.12794430773487087
GGA1,0.033193321995995256,0.07445572540937091,0.040375288053849115,0.10375073156698437,0.031722779868957204,0.022331457357795747,0.02839260724352676,0.04746351608049559,0.03166807495455258,0.07273899360973736,0.051419844428023595,0.1932025151419615,0.15509759583457555,0.02639323121858714,0.06187832197084283,0.04848260028167776,0.030394036436851086,0.019359458823385998,0.05520878790213989,0.7738736500519583,0.03638275908921676,0.1627965823982587,0.03751399789865138,0.026074532815096717,0.11973012521863403,0.16740419742871773,0.12081114119233927,0.01892316062355305,0.0,0.02147556329275181,0.029552014302481083,0.026645192026522494,0.061755363354566974,0.36782501607038326,0.04353037580061542,0.5587502666568817,0.04455181014651415,0.022782026023983302,0.03309129427494977,0.301074963223097,0.020556646444258694,0.09640239282973925,0.054890080630139476,0.03528337998843527,0.13034255223377098,0.13901073990391188,0.02975272199614749,0.0696466435619256,0.09604885665417559,0.2390997671767912,0.030726833040273818,0.23290010938246516,0.09791418420291206,0.53317907773718,0.0480883273153807,0.12511779796157926,0.021540853702653608,0.1465534490449194,0.03234311170107349,0.033923766346220456,0.054201935656547594,0.1688190762105186,0.01940232553182393,0.11753121912603966,0.3298603818217345,0.068823499513288,0.06512270360136921,0.09310633387609084,0.04604756702635749,0.548316513575951,0.1942993811330984,0.03378854270256494,0.13952456536091853,0.029742534668923144,0.037458296061951786,0.04442306234202396,0.13863135926711784,0.05586587402151287,0.04330721476648115,0.043052754877844046
GGA2,0.3602158595793981,0.06261465401790638,0.05435492424332342,0.07138373787614365,0.20769348011954142,0.0475720376708875,0.0689641994743802,0.26106004612131256,0.14136782380176535,0.18364783903792412,0.020185222557474944,0.14002912565507106,0.13334311118130937,0.031870891699007343,0.05291914086588066,0.01966866699668944,0.023676706011442367,0.03814118043215518,0.021032255786831662,0.01994818364557954,0.07411608907347449,0.030543030568311525,0.21016764765963689,0.03165833043727847,0.4548207000355437,0.027448440736650717,0.12917536400706786,0.07781130763219304,0.021389351785173337,0.0,0.02369460420859835,0.17002239157724328,0.2695204671620097,0.037394352665821064,0.030573627884347136,0.04989897569939901,0.2548774848044597,0.02141038601797283,0.14786113243343407,0.26862385235001224,0.05510972474654356,0.1099628560920566,0.17939482802049178,0.05154746094613273,0.6455457083611964,0.08357588475970393,0.045686316193422796,0.5913821149062869,0.4518992864869444,0.056177501419347575,0.11514719126999348,0.05369077667701657,0.07171954335717254,0.02798486889082996,0.024096365954243755,0.1470485142753612,0.4256535977989243,0.15284885176674165,0.2116659216396176,0.3534586595479352,0.1313537324478447,0.22111739362307986,0.06940028825989424,0.021609107313554227,0.07603888726255356,0.018887447335296167,0.032708177472995134,0.03646584827057884,0.1960071137953386,0.2997275362668802,0.020645947059112275,0.32674877028196087,0.05341069131456951,0.02266455714309739,0.1910462545568503,0.13761079350495847,0.19059944715047594,0.15881582365536562,0.16790707302907068,0.04418923913520299
GGA3,0.03864386075710027,0.024166582885194708,0.08284111676797622,0.03638684430849518,0.031833259667898225,0.02135128165154921,0.07007022788717246,0.018075176319829453,0.09856401527473882,0.14947718747377176,0.1882441131746193,0.10255607468933135,0.33355782564634934,0.026009517177650054,0.030407623944738713,0.047231781965806456,0.09718674826316315,0.04714264995296318,0.02187965599262766,0.0563759954663296,0.18525067608997833,0.20557627654324984,0.2109910829268907,0.4756678071854171,0.055283878421806716,0.2726076056865679,0.1950530998385425,0.10173327790856374,0.0311908967099689,0.024591702614035336,0.0,0.020094540239548344,0.094186441647778,0.18838215350384466,0.04527854945182295,0.035991371737874034,0.24557358139512867,0.0644776287702871,0.10408318787684359,0.09715807252203848,0.17819668854090964,0.033196179487866864,0.021524718121646733,0.2465329229780999,0.024243377869287097,0.1959489596329653,0.02463698197610598,0.06421863740602121,0.06331365081743119,0.021588608768511913,0.1498067492727239,0.069403036428156,0.027555308993324378,0.05266501219499149,0.02748422252431742,0.03888844826980424,0.20148760109388894,0.02898974006141652,0.07978238919116144,0.34642843595713624,0.3038530064735461,0.11038797257637208,0.06325379280052504,0.16307496409357483,0.03437978165296831,0.16279594027272032,0.5105093888311735,0.04716977536320961,0.03606801448931241,0.034253687668402734,0.04274220048396169,0.020793225845882956,0.03296034266710236,0.06348662997344322,0.05640643717316248,0.16057618523310868,0.09925282882887206,0.028948729511415357,0.15939074167257983,0.051487129525475704
GORASP1,0.04048578088706659,0.034647586955550876,0.02755041206164833,0.030004854938586765,0.023076307728829314,0.023011913424613815,0.0526979150299745,0.11082455780381424,0.14295307492315343,0.03900705287159095,0.020230076455198993,0.030845441171612167,0.03369195567168488,0.0336234192169307,0.018719666859035953,0.03128727022948414,0.05259767910658242,0.02524733778048665,0.02971527946771776,0.024196609022839936,0.026462791601283942,0.05358912364541713,0.02052252410060491,0.16706664939402993,0.01832264980270788,0.08534914116565916,0.028829406588618323,0.026293884502646966,0.02939129886022167,0.2872291380754652,0.020380528672618185,0.0,0.02105912788923099,0.02137599443460463,0.042325062992427685,0.01948041011190021,0.11187996643297804,0.023957528975726696,0.09667316472436287,0.1333249355212179,0.07796482579552119,0.025060401235110254,0.019570363282534736,0.0248688423079975,0.04709660489315446,0.060174819538964926,0.13831714081853871,0.15453255410380679,0.18836813452248719,0.12877842949364332,0.027975254414793968,0.021825042160006802,0.0909850363493054,0.020243695218960592,0.0649579514506001,0.06796835027397465,0.04199113616180177,0.056648585435870334,0.08501039410548245,0.08690792703486053,0.018981476036795772,0.027524011974842767,0.03269710555491181,0.03683749481716414,0.02656595939001411,0.02463687741798226,0.04949599653604445,0.034874273178936536,0.01924439239277435,0.045823814580010044,0.019945015570550322,0.1511407757254,0.01878241800458626,0.023973614160519657,0.02482037306730674,0.018521170707422333,0.10013048204566385,0.04423960758869764,0.12804550965865236,0.020106587563139128
HSPA5,0.019789061904584845,0.0466509999344458,0.020143574617441186,0.1791852129657873,0.04502247245173169,0.049589182866633996,0.0483812482323506,0.10785563983301329,0.023239793920211117,0.020819967235486285,0.06906681342992627,0.21186994244016003,0.06046630220521213,0.02930569583769577,0.0954920840705822,0.0652124478009898,0.09971836211340475,0.026585757562436193,0.05163200119098926,0.03570017463674073,0.6736046834053081,0.18479885505905438,0.1327177334314509,0.09207358000498947,0.18746982097870593,0.055495056434752145,0.08735520010924551,0.9604556095466935,0.0643733363456641,0.3055989774102753,0.08465613923658723,0.0204929026191144,0.0,0.17710699744202743,0.20628303992769959,0.032545736158399396,0.2586703699277379,0.23318130204404744,0.031454548252791786,0.04012026637746109,0.06962874185431203,0.018482885756430097,0.40821568265088615,0.03644214611402722,0.16532572647590074,0.31116408408299656,0.020434281032576242,0.1123602593210559,0.05070024458366777,0.12055953727098978,0.04900260030871869,0.026064306015248354,0.028555914475842593,0.240455345721412,0.0478601005768771,0.08683905918336292,0.0798381098182318,0.0466765125893361,0.06759576693272214,0.02571317570689628,0.050655510785149994,0.09146145686636478,0.028190623206983775,0.03858579520740963,0.03507905354297006,0.12970625059687918,0.02892501383471371,0.01867184597697904,0.40549151029287506,0.04640614155059783,0.09542543407837711,0.03260129381968495,0.020740476609315932,0.01875376057097172,0.4199342132086606,0.0510107648898972,0.032646696679346596,0.24617926984361463,0.019007522839242636,0.585086141636795
HSPA9,0.028157820317079026,0.14747573374241707,0.022409754360405508,0.0406247183727062,0.030445849678546834,0.026820126412125975,0.08723552942163387,0.05105580370716797,0.02251773168171194,0.029821223918909755,0.08780394486091428,0.05927740282359463,0.25576831640846737,0.01989596660665682,0.020273284066012615,0.03662319340707037,0.019803046805474147,0.0425001369038558,0.023165561975868144,0.23658094849270994,0.020076357697358875,0.05924182736507182,0.034171140613538015,0.023633848686608377,0.043488704680756794,0.023163519667895253,0.03735698112533333,0.14781235070226142,0.44763226128179434,0.040818899990659296,0.1836375271371753,0.020923362087039613,0.1993391937778691,0.0,0.23228300124216641,0.12345724291972758,0.06118992381477048,0.19909488377780798,0.13702177899175852,0.07788558091833848,0.8100604510619042,0.29665515141381305,0.027698193409716538,0.02093911304985308,0.2471038736581014,0.10095518992867507,0.0791685684176685,0.02256565519025026,0.2511834285590108,0.02168896987544149,0.061573585753174766,0.13885373445371327,0.09739912859715782,0.022961367332761915,0.05587198047755794,0.07119096043056126,0.4115150513179622,0.042660257436453235,0.09230262839960533,0.06582770611136086,0.16901225091550218,0.09579557313610602,0.14005919331422287,0.14826663113023614,0.041602530711416175,0.11468105475848955,0.03195427719507407,0.06458565892785482,0.4207751712137065,0.23895505441023096,0.021782860324248737,0.3259971130976472,0.1261162881648367,0.24977473128603758,0.019516876556371673,0.028206200216882783,0.0326844072545886,0.08136958769331605,0.18070689033509815,0.2915963897519196
IDE,0.039665620809420286,0.043995986361715395,0.05932796308552711,0.045405475169485496,0.09412469422059655,0.02613959855012629,0.025062942934961877,0.67571333937015,0.03878937040205036,0.25489785888874206,0.7752014892875072,0.31006196452769597,0.07070706745939719,0.019138166655954903,0.062311756700864696,0.0332242833883159,0.03926570132574729,0.03641068393197886,0.019513150150201736,0.14414975539548197,0.037715864200364824,0.06157204860897298,0.06768768946480765,0.04672077293154063,0.2851450567542352,0.018526087329226157,0.6733378735310712,0.42693358370444356,0.042930960592550735,0.03068598039917211,0.04085039326129548,0.035326911431746356,0.1858645558178663,0.1852162240650305,0.0,0.02077535575886728,0.2905204922134124,0.08084108051193288,0.02422296676313998,0.040160619730788626,0.02899859218293653,0.02653697988220146,0.018755408975155725,0.02129288015334658,0.021221374594026947,0.06884646777621732,0.10559785767341448,0.02014153660725387,0.07495570830118484,0.0587381911860687,0.07202408924768247,0.045985027216884244,0.25987728896730805,0.5331883343695242,0.08182827118557547,0.024649203847701185,0.06048778679013873,0.28109074471455797,0.034090727959654774,0.2289851765700193,0.06407977927682115,0.7498516306649424,0.06405002292754083,0.0876565611931818,0.15223477543989045,0.018062141874742404,0.5343569219187755,0.025259169205431947,0.029289133590888895,0.048895067322401335,0.02673710456333879,0.058053185229866244,0.43227072088410956,0.03762343719689405,0.03354623993484472,0.12188850112697407,0.07814140358498828,0.0647880772319336,0.24530441573845352,0.04815249894411371
ITPR1,0.1350722381069746,0.025999570660810906,0.024810100977753834,0.10118128301400142,0.16002635204655258,0.38988741227195955,0.029886392849293387,0.019585946952839807,0.018594442303940195,0.021675088429959452,0.1062841904190305,0.023954118832491815,0.03672265067014215,0.08144845310735559,0.020503263596753207,0.06293070883168986,0.0218834336917623,0.03802069317579981,0.05179964342540882,0.051498515431328655,0.025825147715930623,0.09122327175007922,0.017991448786118015,0.06313138435106544,0.028076800276197605,0.1650012264954437,0.21206302364879687,0.029230896631736288,0.5825355654243237,0.05228413109935393,0.03411230263517627,0.019199084882107836,0.03232958760554174,0.10950985539871783,0.020893732600165624,0.0,0.08701712390953274,0.2385174277583759,0.07081309540180299,0.19769384168845336,0.24110316780957464,0.03058891749543041,0.03580842585592051,0.022917258882149464,0.777491735575994,0.16769613813062814,0.03550445013084964,0.025015835435424762,0.1485816333257293,0.07041085150903635,0.020601161189380972,0.2560871171668283,0.03038117853614995,0.02617091862237707,0.1738171791985164,0.10868285084909268,0.01913774376805403,0.2655295208566676,0.03078107114662464,0.05137353695909609,0.020040764105688978,0.366171861637703,0.3371489788582657,0.26550925887677784,0.037500985935513646,0.10007583340649549,0.09954924493113752,0.10951418463228896,0.1446296752321302,0.7946681360020864,0.0717509431483168,0.11820185408884258,0.030876449308184697,0.1377066639526076,0.06542632817814151,0.05259183514189031,0.03671461727749137,0.05270849403416001,0.15094322763405915,0.02619253364926821
ITPR2,0.04005042688331204,0.040776123159501715,0.05974344995988993,0.021322142641671246,0.08755423610296907,0.035349176998985224,0.025039862487291,0.030973648080529402,0.03090793048974714,0.023795273469726652,0.0889701933901326,0.03308722708972708,0.5616178163489002,0.09232377353716682,0.03339014541685377,0.049333257201425014,0.12587467748068126,0.02420739472936589,0.1278578776979135,0.03150827977740539,0.05173086905224654,0.041401433927530054,0.03403772253326013,0.07710650316060773,0.06841279368012146,0.09392410543251047,0.16480161533336293,0.03915685701902271,0.04765161913568797,0.31460614991327435,0.22958942426058987,0.08766983413836797,0.28158183018108257,0.05985021867129502,0.3533529326599154,0.09398663623728008,0.0,0.0977657510443402,0.03031492906824238,0.7060688003182718,0.019351492319235126,0.051467078491094505,0.048896528879445095,0.04199263472119427,0.1054412240519117,0.04021163447803731,0.020169729960752527,0.14299095572929224,0.33336136727270255,0.10767646847707889,0.018840600439604435,0.20718248254323052,0.3754027320683672,0.02724777172729255,0.23052356525460074,0.11291860875083316,0.09813171941685121,0.37977558646985377,0.027114786457806985,0.042603384638464324,0.03708161678522682,0.11340585999587685,0.026855793377265146,0.1223570269156512,0.06884841352831693,0.034129931866488016,0.02178736704925574,0.03222478476968249,0.04739065579777598,0.022245177831175703,0.024955972482307957,0.03546670816681561,0.03389659465900072,0.05913481183680783,0.05650171882716687,0.021938985958869214,0.17439094128065047,0.03628130892112565,0.06257459681407894,0.052189585556113555
LRP1,0.06327032255839797,0.1171379333689837,0.06161526107461446,0.07981773019177478,0.019370002130173803,0.10499527329251934,0.03138660633863271,0.022687225406340567,0.13058047354362817,0.02346614369479834,0.03546330484593198,0.03365362115120683,0.580268452135708,0.20713115864998582,0.2983093742886318,0.027458409446401367,0.03219173085837802,0.10346446654916193,0.03396816259511515,0.2752074573702755,0.12089276509593717,0.01986491999985193,0.03655587589703681,0.04568490867971043,0.04108597545981554,0.0707618348457714,0.2895725760283749,0.03502748226566523,0.022971317326504644,0.0216318816968408,0.05932078715392573,0.022803475988307228,0.2334035949532376,0.17705501572048146,0.08709561486949766,0.2447105155650368,0.09203714340258654,0.0,0.03508569714724329,0.8197450862576742,0.15569937902596476,0.03184691361109172,0.027960082191918444,0.14624322664486672,0.22621888103616053,0.04101875329236993,0.023617222796646676,0.07605688537121308,0.03954605231449919,0.049666599604366674,0.03300654236442268,0.03537312489326491,0.051908127626355965,0.108720812083281,0.044732954206752516,0.018189070869347852,0.08787257752318338,0.02564327908881855,0.19192503901885266,0.019773727762326183,0.43580131381526366,0.07513126981952839,0.07599713904913838,0.08637405585892668,0.12477478398346802,0.051003802638620796,0.01826358434490232,0.05197074639433578,0.723854064080011,0.0267062137955557,0.01916883936665009,0.20393243654074728,0.0602015641282906,0.049375974890579905,0.06592726541583886,0.03735731188107856,0.027641131894074977,0.09426929972357925,0.0985002405475746,0.13088909494821926
MAP2K3,0.02119561630012276,0.027094942984199184,0.24414216692381016,0.042200492880523986,0.12386961574343423,0.07777331069920373,0.04376838841276127,0.09067851060192764,0.14491406387903508,0.0979941071104967,0.15336969678238116,0.021529079827273468,0.1674183657425579,0.02063245444553854,0.2107758601761576,0.03384852036121879,0.3789383046715714,0.05507580281943702,0.05908852940003969,0.06695219026189402,0.021215847758627077,0.10967777966464776,0.15498889997439694,0.2988959231506813,0.7376623466445206,0.3226642972251145,0.10724412617375122,0.03631453690056975,0.03293188613381229,0.1521851366886172,0.08720388636877303,0.06911694650331193,0.030743508406178167,0.1145780854577061,0.02428097886533879,0.06803027609236824,0.02911890040484992,0.034132021918240454,0.0,0.02360237833374798,0.06575699966537533,0.046183079038323464,0.09887662992988613,0.07686529108189977,0.06060125361318734,0.027681620383710383,0.08081677254286015,0.0735983133038743,0.9003360199067675,0.0392293391711256,0.02912693909168108,0.11014595213723419,0.5207213163935145,0.030726616048320905,0.02064418004488672,0.044519455191313936,0.09212730565189588,0.14990195213085364,0.10147777769732959,0.02038032492108421,0.0770717502613025,0.04871492636505864,0.17733617272479268,0.06821443194116496,0.034469742907996384,0.23410903199315494,0.21407994841125041,0.08503021665359908,0.39731257736588754,0.1197454628314902,0.021488974473774996,0.03296970209178952,0.03327030885899996,0.035644819351667203,0.08270326834714456,0.13684649083789988,0.4512529096853655,0.03909592873004273,0.07308971738150387,0.02352846538118137
MAPK14,0.6848313530745357,0.07646825084065538,0.21802321524647947,0.30401200317495897,0.09196625734249782,0.02298385274793755,0.027796914625078953,0.031520237253466296,0.03356784322165651,0.17016884768215626,0.051313445707691384,0.09201119213782151,0.050783961236911423,0.02912551424196326,0.02442008639393523,0.02071749531691246,0.1868677586182997,0.08555086478865559,0.07799260507846058,0.2627243082204453,0.06182940623581733,0.022089186004131997,0.282485450849784,0.05242713911217081,0.4088368605424013,0.08550024946881708,0.0832352507810704,0.07611503576328606,0.24570756541383237,0.2308703663911919,0.07274939550285883,0.0794711854425651,0.036504844926998806,0.06131191554218886,0.037876787755516936,0.15658214497719686,0.5331918648069986,0.7018558745016114,0.023088949131262995,0.0,0.33155038296507533,0.04168749257090535,0.030107576011475286,0.02074243359643791,0.031457953436309624,0.14825043097896365,0.28205667636013104,0.8608157770939469,0.05110190363828913,0.027819525223089964,0.031246320148979854,0.3881997602887728,0.040319993867241596,0.09429725429737587,0.03698940284323238,0.062437881317010675,0.04782973979459043,0.03798824128666565,0.08611656772027036,0.0690457213636966,0.4006226349214153,0.08483218985223591,0.10398968228705113,0.1752664631126493,0.023811239011534435,0.02783000829487456,0.042174529476066924,0.07818562134902479,0.11110661777341248,0.029236744691348304,0.027343734304419953,0.04175570823459536,0.03767352422088538,0.01955491841285027,0.041887987826476424,0.05820773982406145,0.3224491051378171,0.031245759729486153,0.05549720111613771,0.01915560971252873
MAPKAPK2,0.25979837087798746,0.05961720437545607,0.02076802502985526,0.11173914206196928,0.25485920177509014,0.21315233726549285,0.021833668890361323,0.12044727246450149,0.1222613358613289,0.17314185309976937,0.17996748848058378,0.03316101345737781,0.02464863525926419,0.027721766005347995,0.22328163618104352,0.21547238516000367,0.033398119998133274,0.10789761502048853,0.030404447936447178,0.02591690304057517,0.06606634398250628,0.02529281359731931,0.2554895456049845,0.7708893587634035,0.02936873608915613,0.1779057073649231,0.24686414549323604,0.17754280657459792,0.02046754864241037,0.05450600198890239,0.13645739582164576,0.05640361331737444,0.0639341730142042,0.6925261623582301,0.02876673851324989,0.2139290419682784,0.019209897658743837,0.13686963634901886,0.06373788568524665,0.37783608682424513,0.0,0.18196624990277807,0.09173378266157639,0.05497431285220408,0.05778753399162678,0.029002845329212452,0.03971653697565539,0.15900903820939694,0.17141655411058299,0.042002973639256376,0.04060978254424275,0.029744934409833917,0.5619811524411672,0.07250357877398957,0.23244267672051963,0.02252106982044198,0.05714718949607181,0.6549381204801402,0.062326644795903184,0.021968229933048776,0.41973461389023986,0.12155724833149907,0.03655751712730569,0.021047317861752395,0.027346236467016005,0.4483063636349161,0.2711857144888391,0.08428146565687064,0.040878264763533526,0.018713076005927674,0.027386156015810882,0.04666012399040144,0.020376289444319205,0.2675541864240228,0.04271386797577875,0.03209140499402342,0.03613701534826963,0.023332872241291137,0.16075789210072758,0.026974043310706953
MFN2,0.31436687330563123,0.02352920812857486,0.03864331861759415,0.02962404817818193,0.0215998658792887,0.04315174327179678,0.03920825497944661,0.019642508381645638,0.024525104175414127,0.0672658559334442,0.06059989869369314,0.021092558277674034,0.11883837661632779,0.06259021045007195,0.043533433948240385,0.15811914212086664,0.13585300037965845,0.02133238970140203,0.07811784801673914,0.022182045969943727,0.023800704926054544,0.18644979810423107,0.031480667829586015,0.022492295732389474,0.20290496622560109,0.24770617195581804,0.09028645328803031,0.019848836811230244,0.12164328440892927,0.14709879974331094,0.033904405475858136,0.0243872343938443,0.018538140604385238,0.3287822045209831,0.02830356530127296,0.032624896070732656,0.055165882913633245,0.033877094968484914,0.05340626793061532,0.051637718992686654,0.2617435142711827,0.0,0.1877036204466821,0.11004082055222227,0.28007743322959583,0.1835007035260267,0.10543511738222953,0.22107653395960442,0.022332357951977078,0.057458180678130806,0.022797368818508426,0.03507436315869817,0.03324514196061952,0.03377021775442023,0.15755185423395798,0.019381189576634046,0.8220909462205889,0.0670937071521045,0.34072710034324244,0.02486273365409713,0.23050711164653914,0.021950219454036086,0.019729043925503342,0.11765704291540388,0.02514903435117674,0.04307095439963828,0.028170958903433286,0.023357272728683515,0.5937281367865451,0.06962109679483053,0.018814389378731946,0.1437429543051582,0.023793953495695925,0.11318894461623392,0.044529365091338244,0.07063098978861518,0.06398087669906127,0.27930687712675,0.03943303950776017,0.022851714833779756
MIA3,0.0311005817695787,0.025128063669991065,0.09135244385483489,0.02494899806922159,0.11870241629217869,0.13693748987303223,0.01998604527399573,0.046868302124195516,0.0377812895558345,0.07146633425093799,0.0482775566278975,0.13233997192505734,0.07543978710680845,0.040284901467147284,0.04941404025294744,0.041099713425198914,0.059964837605646366,0.0284953508632354,0.036066537137084666,0.044965892630275096,0.02862094481126131,0.15471443052963763,0.02751247267436767,0.021072136145801366,0.02834216506876444,0.15722234443166455,0.03577776904577501,0.7555009041053156,0.061505437239781684,0.2319796374783188,0.02150803215840622,0.019378111257568095,0.46862328148583177,0.027794882400268485,0.0188518779176819,0.03781140288574603,0.05021784719763023,0.028796790697341194,0.11853016813913594,0.03355012815423818,0.11400955527221181,0.17353909062993222,0.0,0.03258144921988304,0.21350326811005282,0.3785539268739081,0.05873101462854604,0.027154942426921746,0.08998652388826091,0.09912798882690216,0.045489626695650424,0.02315955972305972,0.4732506344911289,0.01989059419110101,0.7938783491531892,0.17571658073959143,0.22116582023750647,0.019522430155547027,0.030850580934821254,0.08615048670770444,0.018092378045611247,0.10070012377228993,0.07529699521752377,0.4531978322751054,0.05724630590668349,0.05481312606755703,0.020645817589509997,0.025752491406154807,0.05410410271387698,0.019433164166830743,0.03198526235831586,0.08974661384064395,0.6627631547774551,0.3592892666161444,0.1239601292217085,0.019730357460573267,0.03867995251158322,0.09275096913011012,0.08921795075299135,0.0493801541270517
NCSTN,0.040931902282927195,0.059628116592257675,0.0681596632314083,0.09923471647712696,0.04718295829030051,0.03994637397651875,0.018507670711071015,0.04961238560422902,0.06951687680230882,0.06393316751361021,0.08293416064105544,0.05201654198582274,0.06096551326983773,0.04499961248963412,0.029433336454442974,0.05423159624943837,0.09211748650239386,0.1731663693396289,0.2663269645100709,0.8233310405348875,0.16955780629592226,0.023413134869203045,0.03555017525174626,0.060095785174369726,0.024014725203699485,0.032475894999748005,0.10330109472965308,0.028376123707286614,0.03706761322018376,0.057072576891429756,0.22981006673850354,0.023757340912708143,0.037423393649309175,0.02087600721453905,0.021623190032419075,0.023195473096934538,0.04194535179341489,0.1570506569324516,0.08623043459374653,0.021275514481194958,0.061975041867271714,0.09854547367266264,0.032052392924915026,0.0,0.08572109168787473,0.032195995714076026,0.06420237322725034,0.37675152297850595,0.16368259730030574,0.04901300166414888,0.01847318354663623,0.035625198907510966,0.03975919553668505,0.035551033338554,0.05449455617251574,0.021231582509251272,0.2177496088640795,0.5772388236934812,0.21189992068825222,0.04841609942568255,0.04753403191617072,0.038741887694869394,0.018711519954649605,0.22869554461587782,0.1368494419993991,0.7709468278415135,0.2913887000228653,0.04404150465726462,0.023819280208518957,0.07114313535749107,0.09508688699895665,0.04118185957155125,0.023967058801496285,0.021067154594495183,0.038716002712219984,0.49478098475202575,0.041606841421473736,0.32133185774990114,0.022860499778113913,0.020184701476397515
OSBP,0.21446584569253815,0.019766361726366397,0.05630809736965797,0.03292783619050818,0.4662726113077952,0.1372870666926734,0.06782839081617878,0.0340024298085682,0.0384072407904507,0.04692292278557971,0.22286349363099137,0.020984771030741225,0.09325982901897434,0.02965699245721654,0.020433263993698967,0.09022360812326034,0.1422578736171621,0.042145589433580835,0.024454148589832966,0.02037048622548194,0.04169233053580557,0.11052100574434248,0.19248648466132665,0.020484071678189362,0.33435389833305745,0.11616694521299208,0.309031557889523,0.04271614257373071,0.12948931704608643,0.665873280353837,0.023518949339128015,0.03881312663318134,0.1535397661387493,0.2016728705073874,0.021265327695968655,0.7530613975936212,0.09321255170178515,0.2086086892700854,0.06091973387457561,0.03312505821588684,0.05978975097146819,0.20624165221809845,0.1724723631939819,0.0769148755271681,0.0,0.05088010356947112,0.056055589700861164,0.15166298202793074,0.02750874785863195,0.019987837061453836,0.022046898739845888,0.1518768528652655,0.08754422472261156,0.19350155423418025,0.3339360849640885,0.20614740292030465,0.06960136057547503,0.027747321798137457,0.0862816572604976,0.025385351291343755,0.0197857832633332,0.2031194745252741,0.058394583963538006,0.02912711443940137,0.02142114642676081,0.06922647068005745,0.2986438818269264,0.04776885460388575,0.40262007209390427,0.020874094249753283,0.0867468410326673,0.03648903122208889,0.046577186199527616,0.35693584071625967,0.15247334221396394,0.026255280755809178,0.03654837533108885,0.0219299052857582,0.05756386015306984,0.07395722309384051
PICALM,0.14135307234892408,0.03074736882520277,0.026150839065511414,0.04858317793344729,0.05686499251772235,0.07489234061010015,0.018309420470698577,0.03348473462335673,0.05370296260156399,0.16356096971588785,0.06862899765351947,0.043770095261520585,0.04376954384449211,0.14488578374066124,0.10411974093938813,0.04281342816400619,0.10531758794171445,0.019217438781037263,0.12554934632563988,0.03672750521467952,0.05571296580827789,0.23628519887923446,0.06930272650502192,0.04828290740762372,0.025912582873508824,0.1908599740607327,0.4798708524006738,0.30923373738093357,0.11490580694071577,0.07433307482942307,0.13000254464812172,0.04311265357530028,0.22928067437969638,0.07509238795356048,0.06156998716827366,0.1311720974600473,0.03530817170965057,0.036873404126405655,0.02659934677882532,0.14464115687447487,0.028055434551236613,0.11558413229279975,0.24129328832039693,0.029312659865914005,0.04608120054811031,0.0,0.01823682147571928,0.03530331726701442,0.018145880609433594,0.06990354279121845,0.05707300347366357,0.9812352522197705,0.06592305231119096,0.03520481180954289,0.050256399077960506,0.03690758851464941,0.045249341510960335,0.26949653391513534,0.16962648110448275,0.047586680699841066,0.5224161951634303,0.2563390687522285,0.044910074924461,0.06897578921004928,0.04228197598608761,0.01835263335625717,0.02829401094770886,0.04062109695315016,0.062055328921448195,0.06284006105865016,0.36155561923143636,0.8439203288173559,0.21009505161147018,0.04076235788676058,0.04165863364709643,0.04877670440549825,0.019561077947415795,0.12744013335646706,0.053206623376465915,0.01939063077837109
PLCG2,0.7805076995521235,0.04797746913250275,0.22749740092379792,0.2933913056810831,0.11757231636774623,0.019190334349750166,0.0207315353748341,0.04904667670562594,0.024491475519679083,0.02668760780213159,0.1141067867932647,0.19903064361340062,0.2603603018631266,0.018583822064340328,0.040715271105264086,0.5988244170859915,0.03510666081005046,0.03442367484297178,0.021572050802352218,0.03496653970987329,0.054705269515699324,0.03105789424517555,0.2653154065490201,0.06139650003017848,0.30301106090584606,0.027393082759322777,0.02784164855229978,0.6118570073048982,0.02883052821344255,0.04399335206087789,0.023464636986190168,0.0851598307378299,0.020190107913261066,0.06430251125085955,0.09747972019499816,0.033551767437092116,0.01987480938767696,0.023017364447719624,0.0745925326044068,0.2997856841331704,0.03875248592386565,0.07724379613915909,0.04925395226403563,0.05479760355880157,0.052461777490290636,0.01824726925608654,0.0,0.0489067836535569,0.06780938344133394,0.04202587155578262,0.03077839544812477,0.6739744992523584,0.051514311816156955,0.03104316830029486,0.6628208304234745,0.2013275897903974,0.24322474831801422,0.24295396630290275,0.020587608281672033,0.6694234855055227,0.070733155822013,0.031897866741201646,0.12375356393845481,0.5010977217305747,0.022266150253171794,0.07192209010130875,0.0900461227797262,0.07877380746108638,0.041825456572739,0.09123420264854386,0.4014746045806465,0.12267858714551365,0.3325574486115318,0.026276412700291307,0.14342275537319243,0.04670637978550213,0.04553819375295754,0.021812697385116417,0.08339521990326498,0.20613164221514446
PLG,0.03737579811437685,0.0886448922069097,0.05877392880858094,0.05394076065440147,0.1338152274666822,0.16442578481076517,0.12214875544050775,0.0301800815031469,0.412828428321461,0.02216688174752946,0.8110411174591778,0.06121571997818275,0.060145192188783066,0.1565043413711194,0.03506835950905686,0.0191930370737862,0.07451353065755324,0.019305283360548757,0.0665143832206336,0.07268969529430273,0.059620626192358674,0.06945422877337563,0.03435470118141225,0.03074931659759812,0.03241637723007205,0.05444903316815092,0.03505795227150415,0.019094806351069204,0.06294753463962258,0.5317875411250329,0.05210250394071807,0.09090022526757725,0.09318775911892911,0.02177466674929874,0.020000853710457428,0.0242257090317068,0.10873568419429697,0.06538622819343354,0.06694076866635393,0.8694331796874388,0.14520896279249654,0.1422802246117351,0.025383689849077667,0.2699709468544925,0.1313226624691308,0.03591763948123603,0.04819470105537819,0.0,0.04691181333641267,0.041265893241817626,0.021114430876683597,0.046434277847425515,0.09200376973451953,0.35910055490875464,0.14912335480836542,0.019989322710063297,0.13507701417206336,0.22922251791151202,0.23159868727992403,0.4600645336729361,0.07511489294363333,0.19522379358219974,0.10194637185378219,0.0947078738577825,0.05374058363825108,0.03802349424241467,0.037354218987903275,0.06321987301013991,0.024711917244567862,0.553153960593051,0.020882108207960975,0.051556917841916385,0.16787557665427952,0.09910157618000777,0.032355813149008025,0.023680131030534013,0.11044109295305166,0.026330581807103334,0.0690695648212149,0.019825345788713523
PREB,0.057087745950722794,0.09857853100218313,0.0968283466469513,0.2698405855015769,0.029172827718968546,0.019148628279569792,0.06491265467548522,0.5886786734845184,0.3259069058807341,0.05015831429286947,0.03329594196263765,0.06865769254503816,0.08820137584128053,0.051145573526104986,0.021236212790361295,0.24096951771890124,0.06292698867886214,0.024168031764310448,0.039732101168638984,0.07189230315166603,0.02520079944265962,0.020202704243980397,0.03259169417671216,0.44214691713981863,0.4883186182529229,0.07933174200597701,0.5519729155756604,0.12196294088248477,0.08880470195672661,0.4265577486205496,0.053103642654488296,0.11203869233682306,0.04668778575925791,0.1858936172840059,0.07154821632492601,0.12959074008382543,0.2542321974155687,0.03711658263480144,0.8747580854402102,0.05340750939939754,0.16559404469964145,0.021518879069568893,0.07251966349465597,0.12980150276338606,0.02698212714138352,0.01815497939559224,0.0691039037608052,0.04826038881888509,0.0,0.021165552635814648,0.0355285782171135,0.05515358655391867,0.02181192284011172,0.08110885877227787,0.10090097828432822,0.30933861872001445,0.4807534983786865,0.03328468604776388,0.03353711882937861,0.03775676741697324,0.09897796190042026,0.07523504336481635,0.022382363667110432,0.12492445280306759,0.02470195413634711,0.08184388917523996,0.05889744130301603,0.08716485255005929,0.23863162162504542,0.05866052407234897,0.05720849843788436,0.32613429214669243,0.042658359389325474,0.01853387123655587,0.11106078672309552,0.0720771275085963,0.5709594855247023,0.1433351789545305,0.03500619551916187,0.02819705432439064
PSEN1,0.06853923974544522,0.01893668519522314,0.09166020278259278,0.09437236262713303,0.11064931964921373,0.020167704908658185,0.01805404188580549,0.3426588828434464,0.034760307469266824,0.1456234652113502,0.06459212062721588,0.11331821937094538,0.3631406825357647,0.02238001631958014,0.05526456163051303,0.053895213782016164,0.03326159774384119,0.024622958945557428,0.026067982456385627,0.0724273129378813,0.02111493880261513,0.6086141619140862,0.061345621097693065,0.03684706880045955,0.030013458058917863,0.022362237936016795,0.024400560281197775,0.0479190051158742,0.27893515377298855,0.06263102086355825,0.0214600747615974,0.09895635173967904,0.12872725920545286,0.02160530780750062,0.06518036389309911,0.07511058386826089,0.10728547248070576,0.05151691882568627,0.04177624266353667,0.03004121653924997,0.046012368691161334,0.053353018699631764,0.09464668234695041,0.048973694247729536,0.02015071565824092,0.08978754903997341,0.04743940772903142,0.047125262609281834,0.02161239628630632,0.0,0.04071848166904725,0.05882239976054129,0.046835835377713665,0.23080411980919835,0.12539894780015642,0.020328598622921825,0.4037064959152105,0.06374533043903742,0.03302867214533744,0.046137110745411825,0.06636307639769866,0.3378525351342282,0.06764812631904267,0.6636575984056741,0.03409212881983967,0.0508203290652124,0.08834797811290068,0.04190603990538989,0.1293193716588207,0.033088841301342146,0.16387701243537484,0.09570349154884279,0.018940145930754267,0.02812701148636322,0.10611958925595666,0.1758058619173456,0.4465640333667004,0.031425212447347965,0.043336400068446024,0.03932965679106052
RAB1A,0.09213746631748204,0.027954306687749328,0.21560139560294367,0.029954830914898145,0.07086382562421302,0.04270974448350596,0.060396297363690524,0.02059738028615428,0.0501829733732323,0.022445713012159016,0.26364942260938884,0.06405997328529836,0.02572930949133581,0.02591099092043144,0.034370093579925265,0.02686611854881779,0.09104990616054832,0.0511641305490612,0.027199431968655482,0.07539821132549634,0.0347212029349918,0.06415234266466396,0.028715405897488014,0.12840271496003353,0.0737016777336902,0.022130018859339688,0.35331666281104274,0.04920876530759616,0.034254915620551954,0.17040737986133297,0.1762907597620796,0.027523646848503433,0.05756535350791165,0.0693274578560507,0.0968997831123829,0.021103545466847055,0.01894598387986668,0.03642344943873353,0.03227382426722008,0.03725388673417545,0.04941727747352759,0.023065221763170055,0.04940335916339078,0.018533354019307786,0.02300313363529777,0.08320842168912877,0.03583093759696576,0.02217106100022102,0.04250735100100938,0.04494222839057832,0.0,0.33994384818343465,0.06225374352728628,0.02859560698535089,0.03685583714707611,0.02253659614786128,0.30025363874553523,0.02622348291100009,0.06476093062790536,0.02867176100960339,0.02533902016599948,0.08407064317460065,0.02947502205794299,0.02329649530598026,0.029040530693621242,0.1859556442727462,0.13456408809107373,0.10116380087380969,0.018692633740390697,0.025127349226938295,0.09033962887522623,0.056692296994167,0.045516344637308574,0.15810087712368825,0.06932719528987064,0.03446407069435804,0.43145136915570764,0.26514161225619876,0.2964534797856989,0.10073466974074388
RAB1B,0.10707089999200126,0.08845736520544292,0.27068911620247205,0.06000574094361758,0.11031016861304438,0.044276611650327695,0.03173301933743511,0.04389744581421638,0.01842653200247336,0.04226560744997918,0.019087494010415592,0.025247202047881605,0.022002628369445495,0.06921429757379172,0.018880899511105654,0.08957043419789956,0.05495294827405836,0.17077890822641068,0.11478242198655386,0.1605208890192656,0.17426239380067812,0.08407067676387874,0.18592499356285153,0.07672529317382946,0.038209402626990435,0.41166165941040006,0.023092210071279345,0.036556287577902496,0.1746736968893173,0.04780159386045329,0.05229741545523603,0.020582463798415534,0.024588580952359447,0.09363021875458412,0.04136523293737883,0.18232295100721288,0.13633150569044553,0.03181404329797905,0.0893668124331171,0.35194334047766684,0.028305458179559942,0.029895490514435113,0.021958511950160624,0.031349150482254166,0.11859523102121862,0.9760226416236959,0.5976049013371362,0.04407406758447159,0.05032362050408204,0.0472798958891722,0.16987157996190436,0.0,0.0378757047914059,0.04672069818904071,0.341176727858693,0.019949060670252657,0.041391055413091196,0.17119242976958685,0.031683176242517576,0.0417253429244812,0.03735279172673506,0.18349019709877007,0.12811666669311408,0.2680373229462425,0.03801396880401361,0.4430528515271067,0.039517815731999015,0.2459733179756462,0.01927194993859846,0.22820797855127675,0.04651704026091728,0.0220410805538493,0.02222649766090421,0.04029355903518864,0.04063220597470837,0.030415846848630582,0.07849248499748879,0.032051258036584734,0.06903671747578329,0.19051125223863763
RTN3,0.44562512963933704,0.03185601198066923,0.02131202661544442,0.04810706190216398,0.09440039666118005,0.11235272512475783,0.03784688546847438,0.4008361101196214,0.04122769251105443,0.06296595413998984,0.01982396761563482,0.10580223755759648,0.4343747941459789,0.01842553806669383,0.03414242181722602,0.3079000346937102,0.033906466225140035,0.02614547352484752,0.031472646232418584,0.0403597017902348,0.03529897440410575,0.2706328291515308,0.03029959053636556,0.035175975928465664,0.022633316729943107,0.22865438446110492,0.024656940758730744,0.4167990874037637,0.09102589001374232,0.0695400494606436,0.025970291230235597,0.06273756427354968,0.027559567561334097,0.07908941332753824,0.24329689675753888,0.02934430201183839,0.28884726137374306,0.04787971522433445,0.48237786846099195,0.041871326827583974,0.5481939067277588,0.029999430237527002,0.3462502805410304,0.03644132035558101,0.08216661767927559,0.07117707313429271,0.05252484077235762,0.0970236704706489,0.02182902889811908,0.042207882863662075,0.04835925299973929,0.040630734221479406,0.0,0.9297445747343087,0.6468197402720424,0.07507317776176455,0.04071727308046731,0.04506871873486587,0.033846020295321695,0.021527620952050554,0.030538262936976,0.14449550666896438,0.025863730516809024,0.05377268672151392,0.2917230397272708,0.021578532267728278,0.069627892401942,0.49162206803887337,0.046808041647548426,0.029594707146513854,0.05317182471114022,0.14584227389082946,0.047638579566106745,0.027499028407677872,0.020832597003059217,0.043732734894242876,0.021369379251448203,0.024280020109902475,0.05275660666396656,0.1477720928777138
RTN4,0.022073157056687685,0.14373404130321293,0.04893244248356253,0.025993244279981814,0.023631155967488122,0.01833597565693029,0.041954467855967584,0.020945160165347823,0.1278497851543196,0.061742908991989934,0.02105878218442016,0.19163529270549864,0.05069923777837879,0.023347806979913635,0.18571694447520504,0.02730732363951188,0.06148630801827694,0.01879032116465896,0.07097284900303112,0.0794364794725875,0.11716166367056222,0.024593165291980777,0.048405328371334794,0.019201629956464218,0.06624341503417377,0.9577283481335256,0.08440557590808857,0.10694845534159206,0.5155919916934305,0.028056248193249516,0.04669274620715682,0.01973752443166363,0.2154125631377175,0.022392356848118265,0.5319943732312917,0.025791647196743626,0.026295579500918362,0.09980178102439399,0.030577487768930878,0.10658798150397092,0.07408225827415034,0.030865677948414785,0.019671370435528794,0.03357260736068954,0.18813080789054612,0.03743263592082232,0.03187719247033372,0.41158514850240807,0.08515217024942161,0.191731413978519,0.026265959501427773,0.05265747462712525,0.9414344544581871,0.0,0.06282127641009626,0.09965646605898602,0.05087778520263399,0.2991124956528087,0.020976064077507246,0.12795912978861482,0.019784479667754408,0.7551199608683038,0.0545808448890734,0.09802143291999409,0.1382397211932768,0.04908747178860236,0.058086787759314265,0.1204714276243159,0.04819997352907265,0.04184341954272253,0.036287877758356346,0.23357453568271747,0.3154066372940848,0.616414185358435,0.4087908405188732,0.040736397602361196,0.1869337369568519,0.06222870199498131,0.0910415527755472,0.0725203214104578
SAR1A,0.06550962046299309,0.046404709034464434,0.020097149055866008,0.07500384039834984,0.13249332099587868,0.05720904655613864,0.07279016593316771,0.07413933118888642,0.020928682524683325,0.01998257553108416,0.028790100411118257,0.816626410517726,0.039976237555749826,0.025850658988417617,0.021349813848713997,0.06853461118937362,0.06561554609090633,0.04061327521672666,0.0378418016732007,0.44675117253464336,0.045817489103701384,0.2376298319738484,0.05905953161377432,0.0551117199529229,0.30566799283839496,0.16777176813618536,0.037051003359791765,0.28337997819516614,0.04305712565592074,0.023448137321543973,0.025241772054987847,0.044957465754051594,0.04166293812008331,0.04513680451617852,0.07072210870952958,0.13171696681216613,0.15472806628301322,0.039293621996300675,0.02034236609945407,0.036254900486724036,0.19292984100811017,0.09911029771951271,0.5717672062425446,0.045026795399214704,0.257776008295008,0.0494779184803197,0.6035995829679766,0.13794205927817332,0.09020557393249977,0.09101314998055908,0.03052465668657534,0.3536850224037987,0.567828179985572,0.05568811350157829,0.0,0.07795145784019528,0.056541198232892914,0.041362719797348575,0.08272630166066879,0.23883705265031277,0.05716396055579542,0.14376139483911005,0.02148378248746393,0.06588252389110473,0.0661427592778802,0.02278602649232653,0.04718097500822755,0.04112200019031219,0.08113790967897763,0.02026450881877638,0.6824843730246518,0.09831337108853962,0.47732183832235725,0.5966560731669016,0.13335652963948452,0.025932567970356393,0.05191278549656664,0.027938326165042746,0.16525313764649285,0.05685174643922045
SAR1B,0.018824654090922214,0.07845246324780765,0.027378594038858877,0.028568361589713643,0.11522262767600731,0.07038329883985311,0.030902727546901106,0.051451821326583394,0.069189060098824,0.025541942110514096,0.028078310066979976,0.025850799568089493,0.11223255544828054,0.07338089103508572,0.02572762735924872,0.05128612158958405,0.06683210145451524,0.03108413222626308,0.02841336621615132,0.42058914497016686,0.1803411045015586,0.05679945227480953,0.14172219477796652,0.02367196420210501,0.0239679434827735,0.10561587546455825,0.24032846218813367,0.042402094591986406,0.14859536529798492,0.18490507663478895,0.038553998565931266,0.05794206353188516,0.09502908171345543,0.07128722992418926,0.02555244109783235,0.12269625884719298,0.11685124147744518,0.018201256062513778,0.048913481558848795,0.07969261701584303,0.023207138155557614,0.019316850835468934,0.17322762259679717,0.021306695318922052,0.25334717370740656,0.043106461699314653,0.2827740762733202,0.020390315972944408,0.4225859702040753,0.020383753440970494,0.022087056272025077,0.020490038977753106,0.09199319086323443,0.11999807430164894,0.10849983683711933,0.0,0.1234877205890431,0.3473753741653276,0.13446129262448472,0.49519255040534477,0.018616735007457044,0.7515410787436999,0.02275046025112883,0.2461942110091272,0.05948234932278183,0.0317713772676409,0.08040675555842682,0.02818044336485085,0.2528819635614835,0.6733029170525937,0.030229612940674694,0.08368657412452392,0.01925165507693227,0.04894633681335804,0.04190025359672379,0.057703137726602634,0.19717599155818527,0.19620334464182562,0.08922438843500569,0.14904414060829507
SEC13,0.023816945720637868,0.06260877130107101,0.4088772154252452,0.06507432234985547,0.020367509464582222,0.11577241787637234,0.16805830692640536,0.02019858838340763,0.02257765277380097,0.020060625737451914,0.0337520468564751,0.023568642986887052,0.12557809897922964,0.020810730184589194,0.027832408254915647,0.04166091520525608,0.053906459468023936,0.018942782781518046,0.07204134770920521,0.07074686950822175,0.0550021310673742,0.28039005958230306,0.13408376525512142,0.5223034080541691,0.023762287104927244,0.02894886668251719,0.06798869962817332,0.11695783132257594,0.02116548420081634,0.3581820675254181,0.13392316296286952,0.033225625317078455,0.06639584730856639,0.2688088358533481,0.05482063075098713,0.01899835160800945,0.07551182725546965,0.07223980209586209,0.0799769803851965,0.04737088846838831,0.05296100631405084,0.5858855841309165,0.14667276820873545,0.15268065337395093,0.06147668911660571,0.045365659652553514,0.2242306024755391,0.12955707915813613,0.43116329621711214,0.27597491630251325,0.1627679326550186,0.042613233257664807,0.03895421095802556,0.046790990520661664,0.057729162599183086,0.08934435469054064,0.0,0.11343109460567043,0.0859851540678428,0.02197919921998095,0.13369523271779096,0.6877749598146203,0.35574307515652304,0.13426444633840962,0.6204647673255974,0.04590160958667766,0.20331132603532673,0.022917772249682132,0.4093892315437228,0.0811884206066415,0.0919109659907292,0.02511733013274864,0.02162435996209166,0.04976599587745805,0.0340010016978998,0.1785627370933899,0.07663896284527527,0.02891311240556464,0.22331120980721922,0.04807438476522814
SEC16A,0.12109746905530037,0.02504675308842121,0.020304775760244483,0.01877656079739186,0.13288974270635223,0.12383495719242579,0.1950962294554202,0.049220954046204524,0.04847260023413022,0.04938366063103605,0.034417208455661936,0.06389290562154958,0.1676744639444201,0.028054636239938056,0.019394778477326576,0.03749798698062413,0.051173907748564375,0.037976038747996876,0.08839303249086997,0.057526796948811354,0.022364716304227417,0.023279059728654086,0.11512803109582041,0.07497152411791919,0.15478168605410048,0.5300143294397719,0.04888119343049532,0.15207657200479607,0.14494170651918564,0.15805512086611423,0.027594386649515256,0.044942069603273134,0.04499640288383222,0.039418128050677015,0.2875067209706639,0.24952956002939877,0.3195990786176125,0.02528795529182765,0.15054418085910054,0.04061958653823126,0.68336090194466,0.05649249621167287,0.019363184740569354,0.49778310150205224,0.027720997909699882,0.33578245097950604,0.2764967678610397,0.26935958974377705,0.03422337962434204,0.058219670420237665,0.024556940682751344,0.22513001570408844,0.04678390852039996,0.30674164222878364,0.04572337096344053,0.2796792738438108,0.13490258832094346,0.0,0.02778499495038351,0.02950005613449674,0.07363549993800517,0.23197244646436846,0.03021687463632424,0.10722635163030313,0.06518291657117399,0.0964238732164443,0.3408724423512613,0.12429141277567417,0.407569929234291,0.06598418923173821,0.04025565966084683,0.1735029604208061,0.02419886102381447,0.06437387930334423,0.031810542372348975,0.01919154956744473,0.09090145432297474,0.16830255721826384,0.020934671633464248,0.33592894099440695
SEC23A,0.1320867285518713,0.04563725787355644,0.03927759489187807,0.1847900507142902,0.047475571127601555,0.04892967696309786,0.031426864925684084,0.22921701624988253,0.14258795400810934,0.02405166060071109,0.033769764882575666,0.10020688835972096,0.022694021726242276,0.06321664308761875,0.04782157683935571,0.19205230306750123,0.3477252889592031,0.061045841429163215,0.03444539416314316,0.12129408338799831,0.04828170815089923,0.1398268611679171,0.07042853558441012,0.16008962938914156,0.11026107004947286,0.0315047892469388,0.14441394531024843,0.05296516471312364,0.0348906486432154,0.29025975155605727,0.0819627752924224,0.07359106252904313,0.07607885701473434,0.09694207501759597,0.037453075050658625,0.03255443410382412,0.02768659068976181,0.2311968872173919,0.12707209897821137,0.12254005464422135,0.07629000573358749,0.3293024383179096,0.03123789645142295,0.23642282869932232,0.10533403259439239,0.2748439631497671,0.02116857674248004,0.36119835692075053,0.037676548298213236,0.0341079683293136,0.059963849496778875,0.03742119138958059,0.03797325016124723,0.02146479873979806,0.12283967615512659,0.14224598772798347,0.12454238752249265,0.029479823612473883,0.0,0.054765200819892654,0.03537586886860843,0.11632927233864476,0.09110131291671422,0.042900825084626774,0.033580975868043386,0.05138442448606446,0.07404805531477231,0.07353867404978333,0.02220540987824389,0.0792527005740222,0.06834225306035878,0.26326523402636576,0.0428914522531718,0.07481209848014751,0.13225889921038458,0.020158728032389307,0.10612104885858306,0.24770823557230962,0.07050267660625593,0.023441449555001426
SEC23B,0.019002567215549788,0.027925271290405958,0.06710856505258936,0.14654727469411147,0.01980401628817406,0.01829678209938141,0.04747622277454633,0.19966304659324385,0.1879574158045845,0.0353250300774877,0.7516543720583029,0.03559769160545612,0.07728206644953463,0.018662499021382378,0.03845120975821696,0.0728456267251093,0.1719226620097118,0.02942589561430937,0.08327432750476398,0.1782662601496357,0.40135160772602685,0.041869734496467526,0.02603058915715788,0.18807136517629805,0.22315910509555462,0.2491195845066005,0.030297499356868377,0.07569137416587576,0.03394269773469011,0.37242920986318967,0.27604117707215736,0.06406776022220663,0.02541629643590391,0.05900459972165113,0.23749485548176358,0.05024731277824421,0.04016223912731451,0.019711955295309086,0.02040309423132098,0.07839931246299547,0.022120317859384175,0.02385512855332744,0.07477675661946914,0.04531012888283431,0.02542453498427415,0.05296419097961602,0.7361552464027936,0.5408172895771083,0.03924054172586304,0.0433438677757232,0.026506023443346297,0.04718032060057745,0.02171513092535696,0.13225995254772968,0.31211592422201717,0.4090932247707084,0.02246450386705415,0.029597530785873547,0.048321740636986604,0.0,0.9499073614675628,0.9111295937947053,0.08234267101231628,0.059427641491244215,0.04895190926023457,0.050430125931182936,0.021567328539648597,0.030879407432883272,0.09336100537695632,0.03435329124466645,0.025648133400553,0.05874112042853281,0.02055242627694941,0.09275197857942022,0.03297479297110027,0.018336728669794394,0.07616577244816441,0.05226725048085938,0.2560528682704512,0.08660620604760874
SEC24A,0.6048530478140061,0.05388220729133972,0.0318088151584218,0.022790750564533568,0.03644839739442529,0.024601973563420202,0.074911453709664,0.04306365837785282,0.047298393764047625,0.09320105359298052,0.03001558351553562,0.025814456744905036,0.05215471028830657,0.02470752136211667,0.041014607387750916,0.0802845373504979,0.1098736311530303,0.08882211588434412,0.021162297527283273,0.031154893754465868,0.053394509854599315,0.05087460900933661,0.040443306431146936,0.025249536896134652,0.08610049024472857,0.3966806703540436,0.11392022352582962,0.06664561625430286,0.04691809718566859,0.10642825057678906,0.1790563423192881,0.01867010280931763,0.04293330801363153,0.10950386141615825,0.05527362586997501,0.019712852035023633,0.032262364362669715,0.2959311071525477,0.06450245636449593,0.35905987202748413,0.3303875869442305,0.1312256604919764,0.0180694594533502,0.03950440614691183,0.019542000539390765,0.48487727180229345,0.0640225868231958,0.06904164510873974,0.08571890124617133,0.05192035923504513,0.02302199811582781,0.03720652919564972,0.029093298373687234,0.019563079978666655,0.05578741678491508,0.018482666071828423,0.12425295058110153,0.061785145074820316,0.030246893497049246,0.882065862987421,0.0,0.4003575792063,0.38666196835422206,0.35292261116044515,0.04455083589494764,0.47948676409635954,0.03137100601334953,0.02429504150290481,0.9076491482943235,0.41439315774271235,0.06398924781790931,0.1888746460321981,0.04776391970825861,0.05014892149533567,0.04870008900997874,0.05892979686873072,0.05648928772581378,0.09054550128200198,0.818468505608682,0.02164571192177029
SEC24B,0.030768909957397655,0.47665697088425074,0.0349357200564878,0.021339713612138742,0.1646446371648045,0.17787418685682044,0.0851111817180538,0.019431884879998453,0.0284486399099731,0.023504057791737577,0.05650194963318491,0.2578550757943237,0.028717550684695604,0.08175825972353269,0.01857369615065994,0.05416486641675749,0.5870079674304396,0.06239888557634545,0.04429286015683199,0.035404956801883374,0.07451894742429208,0.04327942945695499,0.06573573113075139,0.03052291454057909,0.025249633920804114,0.20452880167016,0.08662308990450705,0.04716241778173062,0.1259973537543574,0.16867856228019978,0.07437948384791414,0.024086938607580058,0.06993795957653251,0.06745262659157071,0.6087866829308589,0.24847974273670353,0.07941848240987409,0.0591913556091508,0.042646716775167716,0.07766748696755359,0.09907635376190206,0.02087288247406026,0.06948875305315733,0.0332368080088222,0.15008503400193757,0.230935939956861,0.030394048203141663,0.16799789889991246,0.06566398458108844,0.20728660993343784,0.054534952745065195,0.1775451690414808,0.11871693123067006,0.6158697656122755,0.13524950159468593,0.49807970097678433,0.634537123214568,0.17043255962477954,0.07559097231918244,0.805519686139094,0.39119091569029923,0.0,0.030639886965100626,0.026586232884481358,0.025819923914986536,0.08876623809505661,0.03500674145722696,0.10390349325083033,0.657565239356916,0.18331418291273355,0.08883440510893208,0.1356383671101294,0.022362667008189067,0.05338351385783185,0.18900808692786913,0.09515363221943884,0.472184073029005,0.06713573589986221,0.029329598212427404,0.05991302327485786
SEC24C,0.0748198317282077,0.032214192173692625,0.028622522826934768,0.054472557506530545,0.05283717643168948,0.03099944337350925,0.020373228494398866,0.554000827589177,0.029660047390633656,0.02776919307027717,0.805990960708727,0.04980515319664933,0.046237139423329895,0.03289079803735939,0.037336543706210354,0.05445506004705249,0.06376980102035944,0.045171592681410425,0.024866126523966234,0.022794528367038523,0.059028912521883393,0.1276366750680779,0.05582882758405167,0.1363791483680505,0.07894987618992413,0.1443782748986574,0.04233269300913001,0.5442469069931374,0.01949920586044624,0.07807521297117473,0.060274979461674795,0.029944569593293557,0.028572136362184124,0.13300133570528608,0.07093105070647936,0.3689358782816248,0.0267594674464448,0.07918207657663917,0.20567727789313836,0.13691229716441905,0.03925639572116291,0.01959880886443009,0.07171785717653191,0.01870584965056175,0.06324173187025095,0.05298793889844896,0.1575209005832122,0.13081547027726148,0.022980156478174595,0.06705498259680905,0.027850934986846293,0.18946161444803328,0.02697431372608253,0.059793957631260136,0.022271353453516843,0.022599563980556247,0.5057344285672549,0.03135783647448603,0.08336535628918784,0.0904691490279037,0.5868890182168147,0.034830279239061755,0.0,0.16324061692334785,0.18787547862499573,0.041101026729732655,0.045622035830759466,0.031262818603606767,0.11491908607624084,0.02780901746247374,0.06065105083461587,0.22076592498193237,0.6774255734198446,0.18096837681115266,0.06977252545018008,0.1868544196377888,0.3101745143145028,0.09203189129567724,0.04521743928339145,0.020689109504901645
SEC24D,0.44536924463926114,0.03682631319308823,0.0433338603940107,0.1934340509111162,0.1087581918888842,0.12380956849737562,0.021763400943745778,0.03063183278080071,0.02828984531288451,0.02963208320637144,0.031311776857223854,0.5645872632182255,0.28833657463632284,0.18194519261326283,0.021330389738608586,0.05058879555916061,0.02379398034520217,0.04242171515586253,0.03514874124862633,0.06530313949542475,0.03302562690066728,0.07984209404888037,0.093274956937053,0.05216996207831589,0.056299497446658416,0.026489186633941154,0.22738204212527385,0.5129041209411968,0.09415776199775479,0.021199009877932207,0.1057295416993423,0.029741503547292915,0.03433948550676294,0.0995844545065406,0.07404192888116203,0.19021200747347097,0.08718491436515548,0.06833883980292134,0.0585361360067376,0.1615482193019404,0.02073425748527665,0.07678454984572723,0.2728524404827823,0.15040228344779719,0.02747489100714338,0.06654765236892435,0.43522616478410164,0.0872179059776044,0.10810171853833571,0.4541057824906025,0.021707240102713278,0.2704522688129226,0.04916307373632014,0.08204964264396715,0.064876570586766,0.1542440993297249,0.12692871126050936,0.08748188487905932,0.03532525386502041,0.0513002645021627,0.3603810251581932,0.026798591661663235,0.113283823092268,0.0,0.0472623447048762,0.01911257860821459,0.12717560068208247,0.49458195927898124,0.610138506712091,0.6640886804344004,0.04415442433579132,0.02243199010712968,0.07588188197811468,0.1103539732375433,0.030862038247873293,0.08491978388267242,0.18370554728653246,0.05168229783112148,0.04248164398468161,0.03603058195782378
SEC31A,0.03181642864304889,0.07736386865343212,0.04841307294043617,0.053490836449505356,0.018910969140469462,0.05705933939380496,0.026417433141480904,0.031465511470102514,0.037374306239584945,0.020731936891966254,0.02581994602449002,0.02246114326634714,0.03698087671320902,0.018701960978778163,0.03679568149404128,0.12067787190344148,0.14234902927456458,0.02839612053491336,0.02674224526004927,0.3614259160132046,0.2216234092087905,0.04416296522641366,0.021284501826355808,0.025649971441470815,0.1759618342123904,0.14482452502689191,0.10071107575236414,0.1973136892571189,0.43503737956873534,0.09505381400491963,0.034910245149370765,0.025633051422017054,0.03742387696648181,0.04288210024678398,0.2034552433197902,0.04063084751590904,0.0740553652359984,0.14829854732740427,0.037842458308760415,0.025507458783164384,0.029403510618231165,0.02506076308626891,0.05910534239555552,0.15223209574914745,0.021950866015888228,0.052685451970341454,0.023295297963320017,0.0686672066273225,0.026268676367113764,0.035379828258641444,0.02826103545473599,0.04753039160137652,0.4265129196600625,0.18359979166571783,0.09400421121513029,0.061999122221108836,0.839471841566781,0.07780485680846536,0.03368298398035302,0.05586786949404613,0.05867241779556646,0.029016266731186676,0.21469739971892715,0.0625878279433393,0.0,0.02199828134080115,0.08259240292614446,0.09117303368734465,0.0677843780392926,0.05230296439700542,0.022721541300268384,0.6041996167741666,0.03882556018980932,0.2146835663809026,0.053636073234378134,0.022495191216446882,0.04874256320014412,0.0592130081016797,0.025527466089805946,0.025198398883033234
SIGMAR1,0.052553173207409674,0.08207117284177302,0.18123593402834262,0.021714304445716887,0.09967372451402373,0.0867823116684131,0.0520292587590224,0.07793000717140175,0.062430021111229514,0.05679379209673367,0.04647046469428097,0.026587653019263337,0.04182921339580987,0.02088663195149764,0.04356775253504072,0.04206163458433899,0.16201382731503686,0.041996247667781324,0.027233756539907252,0.047749601665420444,0.09168580699094123,0.07150721628277787,0.1332703169525418,0.026419673264643267,0.3505458060622032,0.03225366027898407,0.05287351052532501,0.050585568700632966,0.07090215076043024,0.018930618293790898,0.13920810101045755,0.023266680180576496,0.12705098934910916,0.10212091434629667,0.01806514619025452,0.10007720376615711,0.033087550859385764,0.050394705718015555,0.2502039632645868,0.02934573021050357,0.5025031855283584,0.03920814639981858,0.05055788257948542,0.724263830163078,0.0716688363802659,0.018403335140604434,0.0812597896210865,0.04118714694151306,0.0913215251382834,0.04845350982212485,0.1350060347940306,0.6050482921881658,0.021860480872070782,0.05109328830171007,0.023632745277830942,0.030583602384747135,0.051895731837275194,0.10095068377421097,0.046584620918351825,0.05156479123664761,0.6510860862407472,0.11852961381745533,0.03977494633924399,0.019309627289435194,0.021562717694256148,0.0,0.36339426509215045,0.05279875474986799,0.03258526618089507,0.0481540317281197,0.03339730077773879,0.7828648047229058,0.02571120153659657,0.02560674569982992,0.0429936896418348,0.05023251779345871,0.01802853735731796,0.0748265607716529,0.04855663478055782,0.04826863807573853
SNX4,0.224399415676611,0.02983188835736688,0.10272919991390034,0.018574139905451117,0.10034115849790573,0.08015021502664164,0.18414518213720688,0.020800483534392025,0.05436763797290807,0.1786126280490952,0.07640139048363234,0.023150182047551465,0.021663754947713533,0.019403358360801072,0.02658483438002839,0.02432730288149711,0.6911063449292644,0.05072504636480052,0.08074739911275053,0.029273381725478845,0.12482812805387986,0.0239312535509805,0.024533250638832882,0.05197766632962947,0.034630931712681515,0.031127463964578116,0.3035814815673913,0.20191286970194708,0.07002687625786155,0.034355044236067146,0.4639392403192566,0.04244606171557049,0.02923884194661443,0.03133641627262443,0.6105606939361343,0.10526121561147914,0.021720912470020986,0.01826984615877782,0.2459831456760223,0.048264239894931324,0.330521430994665,0.027204648940356707,0.020526723729634086,0.2820756016973644,0.34110486305218096,0.030627369839011067,0.10959957070421028,0.041516475058827725,0.0670805845017996,0.08650935870637518,0.10704811713240431,0.04665427619108121,0.08019218571211711,0.06339320600395806,0.05668598529120927,0.0764296978874957,0.2868936295781819,0.3907590852945431,0.0678520096072984,0.021792638142760813,0.03543272237288983,0.040833025868983824,0.04532964958848228,0.18363191574918666,0.07470815220769086,0.3913170649977937,0.0,0.047156282382555835,0.01898466155139053,0.1802563779914004,0.05746693066012129,0.10206015061713136,0.4563499368190199,0.024956645866127045,0.024017661106228265,0.2894800732061097,0.027641522449592046,0.03411920701908634,0.0704025371106144,0.03224383494324477
SNX6,0.37481202012098697,0.09862817503863675,0.0385608562053841,0.07243546036145726,0.03169105422205495,0.021588933216383496,0.0531316716287389,0.04204989595410085,0.10680195187811564,0.02500100889058626,0.11638296757531288,0.03174882344789623,0.0922003308401446,0.018836641457342474,0.07293774608063774,0.2741708378701675,0.23252531261846385,0.029198948140835616,0.07044971517484461,0.02568225160046601,0.02500665980710289,0.026676047065304572,0.028331259601709794,0.1007366912003983,0.18051223577334172,0.02365493562722829,0.1642369137686333,0.4673883611670852,0.11230261193469113,0.04041215381814227,0.04764211001433599,0.03257508576284613,0.018730329479722238,0.06646622000364388,0.026477073271690205,0.12866351783108756,0.03302646868087309,0.056649555105818976,0.10298946052023639,0.10767556447158998,0.10630827888342474,0.023215140791817076,0.025890084283996986,0.045778376212039215,0.05384565037879924,0.04946044410957484,0.10373480357856198,0.08196427485954728,0.11374937338468495,0.04349847535381114,0.09026736343172764,0.42673603538532573,0.658798081006916,0.15380932854502619,0.051015645104160526,0.0284599419595323,0.024299897476970447,0.1556499133205364,0.07272414907455353,0.032933964185671544,0.026525945320779263,0.16977541013054173,0.032166793656611264,0.7497312765242905,0.08935322462605248,0.058406561398931585,0.04988186929969364,0.0,0.050348224153302076,0.02041884458704213,0.03967321828688245,0.05933177448304035,0.06900252121024952,0.021753980392449336,0.03610703999301362,0.06518421971856415,0.0626708621560788,0.25790450867299053,0.08945206435745276,0.037038368369186114
SORL1,0.11225518743043347,0.0726273709440482,0.031990495805724425,0.018703965946138983,0.07327273851539133,0.021540301640264492,0.020899031745303366,0.1541188746480608,0.20972967655808372,0.039022504084523554,0.040117741735053634,0.34838171271779117,0.05092420848270839,0.043206735952085025,0.07814053050587556,0.029636730709259318,0.052296268950022796,0.023029779054497043,0.3166496130203133,0.12493260105198234,0.06861920224316433,0.04844184045303952,0.24033601189196813,0.06459054321239942,0.20231009816495424,0.15283200072687966,0.21768394771252206,0.039587087356111196,0.04079804986587085,0.15484633541506637,0.031062915704234837,0.018851666797351133,0.2768280973089299,0.2535283842238827,0.027680182700655146,0.1080451163882845,0.039460268659132706,0.5422059743506402,0.29745276673812304,0.10264898092519126,0.0376523178118995,0.3354937003595818,0.04295320283450423,0.02258134312656499,0.29859054656430317,0.05957864791663248,0.03938435607643426,0.02426143918411603,0.19728104728442036,0.09076884240241476,0.018493312653883705,0.01926880804282828,0.04303004037081284,0.043089329788094974,0.07898702482333307,0.15601600202779584,0.3777568304962964,0.3038317855336422,0.021152631112826482,0.0758541684543814,0.9092602795373388,0.671965307352054,0.08300043113287447,0.6033098985389118,0.04998591578334601,0.029823331224807854,0.018802582153092953,0.040087649617123355,0.0,0.15200403393981574,0.028523280994350777,0.1813789455961272,0.4325133832400262,0.03857882964914393,0.10394245795569791,0.05302194273921325,0.04668508162978968,0.06369731954573112,0.07557751761395207,0.06157221396398004
SORT1,0.2547344836666383,0.04304635530392829,0.03492973941971636,0.027363224812276335,0.018570725747246455,0.029764810822363052,0.027713705030100122,0.0971530549100755,0.26729419513518804,0.02536914447548555,0.03989047179216737,0.0519986857329798,0.04664249180168504,0.030070889646895773,0.03449426877941263,0.02988197495766237,0.027349884982123512,0.20306544971667695,0.049339115509458686,0.8242156044016423,0.04494257891919422,0.03037073752580356,0.08873982831249971,0.04830568888635937,0.4412168394446779,0.018347323208789512,0.16870271796310152,0.03756438915077399,0.4983159064096481,0.2830145610006356,0.031285330521622835,0.0367427173850642,0.0430783069437263,0.17786494187271404,0.04736198041829937,0.727705100953191,0.02171080116201971,0.025877193171703262,0.11151259678625906,0.029873065158108537,0.018701379580022364,0.055583759935571166,0.01922679107047981,0.0611358268409019,0.02073673507019979,0.06743607151363996,0.09353341228805796,0.5857046374444712,0.058753789932854045,0.03090716767072094,0.02343099165043839,0.27668485372656587,0.02955543047397587,0.04076636774636124,0.020445930607793737,0.5249546459326728,0.0879082771840555,0.06255148314820695,0.06317633435169286,0.03329721833949204,0.5035574451595612,0.22838242385116483,0.026552690766790416,0.7491482999128941,0.04413134068656035,0.045032922438712396,0.14631015451521406,0.02003253697948023,0.18214123990948042,0.0,0.03514564869765078,0.08371768494493569,0.046944075972089265,0.04583222608838997,0.2012921585201421,0.03372582627918431,0.07768986406715914,0.11255668981606218,0.16067196193098082,0.03991778523630884
SREBF2,0.1811960817082389,0.05923810267389568,0.0711007569751283,0.02329844580287559,0.018155395478357778,0.024350884967119454,0.03862338368065135,0.18750826059012138,0.08524146037207875,0.06494852241698829,0.6391828853981868,0.12185693006807476,0.021852242678084218,0.019291866198767684,0.0667062687502365,0.1497118898389856,0.026482494261710968,0.03460697960086706,0.020587339977597867,0.5481350422657575,0.02568115470113268,0.08883221751986471,0.025664990183758517,0.20412984748515034,0.054841615249770576,0.10867991785586784,0.08606699720184284,0.0488349351958124,0.23116735622334902,0.02096341416495475,0.0419630743770911,0.019674293939142693,0.1031290442176722,0.021744038968998552,0.027846934222814295,0.07785107141977837,0.025032671065071944,0.019228416715867076,0.02185189861809307,0.02960610708482922,0.02882015798399026,0.01876836974749768,0.03167060499358188,0.09671779045053897,0.0991479313077641,0.5348829152386254,0.5427272646748641,0.02143718638734299,0.06708019491432128,0.16767690537317545,0.07750337075023991,0.05843435074114992,0.061454258967126696,0.039013401921015455,0.8628754930138541,0.030068863805838075,0.12527119909974838,0.04330241463913546,0.06491904002637859,0.026426306965824122,0.08703285178010091,0.13201268164261867,0.061998505996150026,0.05455967112565768,0.022487747617626303,0.034675019807547815,0.05916957491884899,0.03870110967786901,0.03196021662895935,0.03856252857492477,0.0,0.2588600235655571,0.09909984601524273,0.05632487385708803,0.04355258372230816,0.05832755145155278,0.22213084015920775,0.020180407575695666,0.05110843732992253,0.029085602614762264
SYK,0.05152171657249137,0.04968374944106838,0.03588331670350937,0.15871713121431028,0.09159469978219845,0.08415906432317337,0.11296939701990347,0.3179509485378368,0.9393410109419186,0.038261894964172316,0.06988451250558746,0.028028775792126016,0.12704000345943203,0.03550523840601681,0.05417116341929353,0.8332218431740324,0.08706535341624577,0.2045744040256976,0.10076841527599349,0.027950758020642046,0.05648562260363473,0.031102924713239024,0.19716621667452927,0.04480598157374228,0.13867149447327765,0.023499441103936442,0.03247150239495817,0.030043616154738217,0.029772917637815522,0.21011540736834505,0.019964360251771826,0.07246303475089973,0.028477665773483516,0.16573763411802644,0.04670441081956736,0.07963509696890432,0.029803139579504,0.1227877241436881,0.02930680829219688,0.0376430208762186,0.03957121722284313,0.07869972930514174,0.05818837618307127,0.033350284215653205,0.03172982996788222,0.7395911863922201,0.09371801470861178,0.04480541106005069,0.2223134969788135,0.06322781423659216,0.03867959475967036,0.02166692486610278,0.10581995253457899,0.15220800450454677,0.08369586774989213,0.055662195119302045,0.02416847004255274,0.11481593903397531,0.12978642465118734,0.046413663405187315,0.15987220619049952,0.11907664264235131,0.1246149050066875,0.022000524283647738,0.2904742166713131,0.5301292586130687,0.06763532399025143,0.04229312637896666,0.15290699380999065,0.0657944426199097,0.137882840360998,0.0,0.03256969553249228,0.18548698211656153,0.03954064641066504,0.023520105434752428,0.024721462179753267,0.042811987764464765,0.030916785285203485,0.05976236593568796
TMED10,0.03315012898734006,0.10230802600487118,0.029892046477933004,0.03518259083606407,0.05270230978142385,0.0281384527126331,0.019364587964596666,0.24302005898502035,0.07244637345439879,0.09496681570209159,0.17757026580850158,0.03658281326822728,0.12317075391263975,0.030685937825730893,0.04337334059040103,0.02181022164680409,0.20504941573932958,0.018192120168231227,0.026166975661159702,0.05950928666364358,0.056523917135542424,0.04438866943110416,0.12422341203598614,0.059864178378852204,0.08922222596874521,0.060185903399801316,0.07633138482325517,0.14441226913745983,0.1491974617668099,0.05692922081959023,0.031672637961515565,0.018643045405705348,0.020744125144698384,0.11419984525564965,0.4809525842073334,0.03108765697107077,0.03312266512011428,0.06025780607083632,0.03418005323991017,0.04161802491121705,0.02055680087162788,0.023154195546082897,0.5949725006538228,0.023725040298462792,0.04833557381111361,0.28503276269253974,0.4138326157157091,0.21291617607585567,0.04602731381896594,0.018906251584139347,0.04003218425893811,0.023129676286322513,0.051668287764024386,0.35408805383973246,0.6390705629761398,0.019179054639665266,0.02222074671589106,0.024500858205608232,0.03992355309863998,0.02064846476533658,0.0575449105715602,0.02339619536782884,0.6477467625435911,0.09762808632977556,0.03630798776720746,0.02582764065304292,0.4363745357359704,0.062479873202539754,0.6088197109880618,0.050994482179844626,0.09201612779331297,0.03880144042909863,0.0,0.7725176138403034,0.44612258662894694,0.04656388514609688,0.018735870511042745,0.05250537256540628,0.01957909940885376,0.02070136999565734
TMED2,0.03146368369150119,0.1261912302285581,0.10222921675321808,0.11678217323147111,0.06911270508436475,0.06557783425606084,0.04603449777022819,0.020923539344929132,0.026716450753725713,0.029778210554246117,0.5303958056872121,0.3293346379175488,0.027131395360656126,0.02208210948773697,0.023747639129338114,0.022818340919849363,0.0191016803983085,0.02091523122189897,0.11973167699981804,0.02600969317373866,0.21345240519083825,0.05323365390211249,0.05370911181689502,0.04904573480963226,0.5320671398851977,0.06291625631759121,0.04644368672007042,0.03080314006159018,0.03062124965170809,0.023101968215388274,0.05998941692643683,0.022937769030714334,0.01877167701214782,0.23163908274431616,0.03974951414433155,0.14684194878997572,0.058049347923784606,0.050483880293307734,0.03729304848813694,0.019819783091089286,0.3260735403883583,0.09882364646211074,0.3269179462123081,0.021018548727456187,0.40689386725541893,0.046969416040110894,0.027590161272946116,0.12514110228044487,0.018596771226778462,0.027954586666195047,0.12396229024060433,0.047760369054858164,0.028787282130428943,0.6936808707191526,0.7766512039079752,0.047280570239856635,0.05908801129993391,0.06970636789645789,0.06851206795145558,0.10139100243247658,0.06254029170199589,0.0683646513738272,0.17839287850421817,0.15622473078868523,0.1851637479455099,0.025920016820783896,0.024956682068712634,0.021523637001602234,0.04541899968308814,0.05076786988873089,0.054767589313653275,0.34134377645826414,0.7917278732829469,0.0,0.6718943478852326,0.043523174616953916,0.020057326411925428,0.02925538323850029,0.058702176453529965,0.031624702356669886
TMED9,0.11382670592841274,0.08439918932533627,0.1254645382407737,0.08506508744456949,0.04277342144118002,0.031440243164258495,0.029441601184425705,0.196201172904635,0.24977763945232762,0.03492865472402901,0.02302769319793395,0.031597445070402526,0.08376268809442464,0.04490521888496349,0.038325285123217506,0.10447319164452512,0.042220704272562665,0.029884893415305962,0.03212512461764115,0.032346861768372225,0.10655901804730998,0.11163237308712091,0.3564712795721704,0.5348698578932743,0.02166340200584474,0.04173812039145926,0.5205902690609435,0.06789265965693375,0.04012938042328168,0.24323799424440246,0.05559439575991243,0.02384621858253371,0.47296515500938935,0.01951583522093786,0.03596449146091378,0.07145322682053346,0.05766527110414598,0.07090773885822835,0.0961658268586373,0.04951302529057801,0.047784156193888164,0.04273151117957216,0.12204189118620509,0.039295570821180376,0.1840594101605596,0.04982482914911468,0.19560591420480677,0.03605802170543025,0.1432302799344568,0.10980088889649252,0.061525183348790605,0.04989552080800426,0.021286637108888035,0.5113261175575875,0.20278600549042763,0.04184199366628033,0.038893487293915924,0.0336880539524577,0.12483957956157582,0.034891793150925596,0.06289133102202503,0.32042415785580625,0.07233142505697826,0.03530434300943965,0.05160957863968941,0.04567429039669201,0.024259542718302007,0.03553225114069429,0.15774510120122257,0.2719559536440136,0.043886143738033144,0.05272494435452952,0.4999341913395577,0.7069745227506257,0.0,0.05108677227679875,0.02534754255562602,0.02364988928716981,0.5248583869680268,0.024589086944684625
VDAC1,0.12545800830473045,0.13487523086399297,0.024911459848294192,0.1374176393069214,0.08478912252658823,0.04660840873837971,0.037187056479684476,0.03389094179789429,0.030628801130301107,0.2431087330822146,0.1736010673218686,0.03414085777202534,0.07041022181720057,0.019875045714328483,0.040992277754329974,0.02383026964838296,0.20028503335071546,0.02150652797884714,0.04329605512409408,0.06771316609803753,0.16500466618454573,0.03604060718615324,0.04588710932175295,0.10193003133819412,0.07828802400228513,0.05029045434774352,0.10898924754459792,0.20635493276435363,0.051477677463727715,0.19516249089468035,0.17740204664137205,0.018484368321898696,0.05805971904581078,0.029028300613763006,0.16800177482976242,0.06088989684809147,0.022308948385877294,0.040931589649414096,0.18804299009406544,0.079883498595622,0.03610226065307582,0.07212110729799169,0.01983218753289637,0.5794849269931172,0.02799358834156381,0.06502642183700783,0.05866557165783335,0.025451909065443656,0.09726274742933753,0.20880644037479476,0.03375997472695309,0.036265751231281514,0.05303736902169252,0.04732399102072129,0.029095852249135218,0.061990631618618265,0.3094275051538379,0.019407934953586354,0.02023150860747031,0.018395261573576138,0.0873854944133667,0.1647692998024208,0.22578810636710753,0.13735453983100437,0.022629159774227647,0.05781038780609348,0.3585604022539115,0.06853351092412378,0.07577687913747641,0.038782079356420855,0.06350073436699574,0.02660477335034499,0.05235597860173504,0.0475534773095093,0.054589508389895354,0.0,0.10091267357449868,0.07824077121290571,0.027876254876601413,0.09183614414084866
VLDLR,0.05403042195461664,0.04288996292739137,0.04335319925646145,0.031295008152283275,0.04167046195898118,0.029934880234000386,0.08854090652990441,0.020402729892987564,0.09259548610777191,0.025728087087347463,0.04549566940726395,0.026626357750150775,0.05284674471593056,0.18137219201420676,0.02694343559495078,0.022456045093510936,0.29415598405667553,0.02159801567868596,0.03801626077783686,0.1252734460072537,0.3528003530068563,0.3332088714575119,0.021383962281597228,0.19522432395336972,0.12608107382916492,0.10599790666720632,0.06574053280256693,0.01892710402933115,0.14472976853213693,0.20975216609331576,0.08743886115332353,0.07414928304644199,0.032431653742293926,0.03142365956853995,0.08262891364708388,0.036718570099252563,0.15790302380013022,0.02750424700946568,0.48089132907516347,0.4148853307141996,0.037599752858079115,0.05591341153540336,0.03657499900858036,0.0400052032120584,0.03724082687132342,0.01978708272555589,0.04951417641770824,0.13251510869937846,0.6482352675292395,0.40344514551874344,0.30204307527466506,0.10014049679096639,0.021634175076669062,0.20314721169025693,0.060923542540530534,0.170968593508515,0.09222537772020957,0.09505620536895958,0.09042349859276347,0.07854610828746145,0.06901329313895835,0.6546129229688139,0.2834279099343436,0.25595088895523527,0.04421507058084782,0.01802854346245131,0.027251117734771083,0.056336971799083965,0.055058843533696306,0.08623309070215468,0.19601072798210778,0.027030798242473345,0.01872639132430741,0.019984791464505255,0.02478420361717875,0.08244352189158606,0.0,0.3662381792714796,0.11216836737179509,0.027753426509431106
VPS26A,0.10364388542485663,0.02431278723981495,0.018547125530095295,0.046993204414053816,0.018259387619315205,0.02159130237355177,0.09189070939464954,0.02717064825488603,0.30067604725487557,0.08521096006123474,0.073741126546525,0.08615881211405164,0.0259860453888718,0.0507692091303376,0.037759235379166534,0.05365973159880652,0.022606010913384857,0.023479792641308464,0.20676882883189857,0.1528458074961887,0.23535448898429276,0.018912362551295865,0.0759538388570246,0.0461519829828209,0.05863524686665385,0.21974081565375334,0.11531809756373737,0.025581448797687922,0.06255528467014217,0.20292519154531116,0.028862642091739735,0.03980997170280698,0.2828983043364789,0.08209355564167835,0.07519125733105027,0.057195687491199534,0.03692025645987458,0.10438313793955324,0.04257598232825012,0.035041538349615264,0.02419337838596661,0.25559490665162743,0.09246514584886774,0.34043388008083125,0.022396652125581222,0.18906488763186424,0.02256648403882482,0.028343776648787865,0.19231289737132232,0.03190508830610659,0.21884047526610861,0.03729550871194343,0.025429577692049603,0.07201815413578291,0.031091431461220235,0.1982941662153672,0.03209756716367591,0.20816086592213337,0.23465177477303784,0.05809703463333265,0.13628204993210666,0.09616441813729042,0.09707959450038971,0.06747406480460531,0.05721967821445484,0.08322818364630587,0.03503525593882179,0.24864323937825297,0.08818297907660368,0.14687194173706458,0.020216631379248198,0.05916567895528433,0.056160317300171535,0.02985206086378356,0.023693682163086503,0.07241039872787994,0.4303512570144013,0.0,0.6588078840097935,0.6972965561278972
VPS29,0.02028331914994701,0.45854112053798796,0.01811214863323556,0.1047958859837778,0.09514303283313691,0.3058428743193206,0.09523863265066922,0.02793480153734073,0.03480605591994057,0.027664935154108023,0.24740921422190054,0.018458716971623206,0.02067683838973011,0.048963754311493725,0.19806971675211651,0.022254936495559447,0.17271752569303547,0.06201717065112307,0.08403109037600334,0.5456751837546513,0.024427323171498858,0.027327848928260044,0.16806366870620762,0.07177564581333386,0.020539603854108867,0.0737093767171273,0.22136515360756726,0.1358840995048739,0.04152839468403585,0.15928164541951279,0.1196877082246108,0.08190720722516452,0.018923487220764923,0.13716493300104826,0.22815538451213077,0.13173531600406366,0.054386274396341965,0.08642533644304065,0.06916109221581913,0.05824663630397014,0.15563795616864412,0.03452185714515396,0.07205095716403144,0.02224550030138319,0.0546945426605529,0.056551793022720315,0.0853150401742692,0.07190146384482332,0.035024122180976947,0.03927813403237957,0.17898683298826795,0.07776948870548991,0.05257441432497294,0.08665662313825545,0.19106964588153583,0.0727433751338425,0.2504458427360266,0.02079907657767726,0.05711949857500339,0.22951440721465016,0.8854316773081454,0.030934179942440992,0.041021367045659715,0.045742936436442505,0.024121765070774362,0.045359608194933274,0.06159323942155096,0.070805586409898,0.08606647961758242,0.16048178812130734,0.04502487784630017,0.03428366028365946,0.019444421634784992,0.052237082663826734,0.39230230115515824,0.02572573245734886,0.09941711359969795,0.5050990266941431,0.0,0.9366334656745884
VPS35,0.13250252078988492,0.11267883043151695,0.06954202016054314,0.6455130553903704,0.05070541659589411,0.11857193682882738,0.2872252016590378,0.08904170815016207,0.062402473685482254,0.02658154920422286,0.24406070800624563,0.043767612255147574,0.05686878204115523,0.045177993204736006,0.02157731005726163,0.027829507602904403,0.022278321367237324,0.05581173328929993,0.07458709319810353,0.1365881631893893,0.0760497258792961,0.09250690743495768,0.023605465007223103,0.2893493655749262,0.05232940348095378,0.18961606460813077,0.01814749736880859,0.15646358510089378,0.04631625011637466,0.04871103786763637,0.050333409451204576,0.019811726259247476,0.6354219995873492,0.2853623216404951,0.05316471941814749,0.02679499116854717,0.05268020425757002,0.14290904959923492,0.024127100453049954,0.0193866343829804,0.02832914027720702,0.02255440746942955,0.04851978198323635,0.020208738798489972,0.08345137665448503,0.019692907724427014,0.28302875284648216,0.02016668256149546,0.0300325800399321,0.039670128755049425,0.0855696065683261,0.3055854013129952,0.19073784528181678,0.0833451205935588,0.07304153007363987,0.14598783913325375,0.05839648740448677,0.40658148084496315,0.0231945024135727,0.09819475936109924,0.022676917420672144,0.08149942966456737,0.020741645855249347,0.042473458820393335,0.024822240445221633,0.051193381638392134,0.03272032835715348,0.03619668203292485,0.08260518694351175,0.044542867044419315,0.02907962400443897,0.09046206840129233,0.020839814101314656,0.03207650719150172,0.02451937880236391,0.08239674914869347,0.028488679878092303,0.6809536108561182,0.974230499885109,0.0
