,ABCA7,ADAM10,ADAM17,AP1G1,AP2A1,AP2B1,AP3B2,AP4B1,AP4E1,AP4M1,AP4S1,APBA1,APBA2,APOE,APP,ARF6,BACE1,BIN1,CLU,COPA,COPB1,COPB2,COPE,COPG1,COPG2,COPZ1,ECE1,EIF2S1,GGA1,GGA2,GGA3,GORASP1,HSPA5,HSPA9,IDE,ITPR1,ITPR2,LRP1,MAP2K3,MAPK14,MAPKAPK2,MFN2,MIA3,NCSTN,OSBP,PICALM,PLCG2,PLG,PREB,PSEN1,RAB1A,RAB1B,RTN3,RTN4,SAR1A,SAR1B,SEC13,SEC16A,SEC23A,SEC23B,SEC24A,SEC24B,SEC24C,SEC24D,SEC31A,SIGMAR1,SNX4,SNX6,SORL1,SORT1,SREBF2,SYK,TMED10,TMED2,TMED9,VDAC1,VLDLR,VPS26A,VPS29,VPS35
ABCA7,0.0,-0.09417643182206074,-0.018273738781364405,0.013851957448535401,-0.02528076406605735,-0.0055864460745356885,0.015538263861089944,-0.05549927745975838,-0.01849774867179422,0.01512057443451611,0.0118000262405258,0.030858820033084138,0.0475727514931593,-0.007323306169081869,-0.04838825532696532,0.04775508116871012,0.03897526747098504,-0.026148227529595062,-0.016911035396138106,-0.06217139368845128,-0.05129953957576624,-0.04682622787325223,-0.056645837133882174,0.007900576097346542,-0.027089925078451076,-0.07870493737820088,-0.07309871903897724,0.03632588951672451,0.015708753871461353,0.08563931557074245,-0.019651074694120592,-0.020863092215642788,0.0024340391134070704,0.01146579250212537,0.020330082561861144,-0.053579093530789906,-0.020581464428453197,-0.03262554096460557,0.004186564294865146,-0.11940161813591975,0.07382458031670808,0.08050545015669816,-0.014026642962003413,0.021148692111670676,-0.06754466401054912,-0.05489757523375376,0.13171568626475177,-0.01878400717391667,-0.029890406457444545,-0.03476630901079265,-0.04280471721075467,-0.04697460123348254,-0.09454092407170495,-0.005223184823591133,0.03355489192703072,0.0011604053233198808,0.007168680198751325,-0.05044804363687884,0.05293417373339574,-0.0014001061005579558,-0.11064319514465425,-0.013750042418330012,-0.03712736212099832,0.0945150278665312,0.014614026781209238,-0.02770136660337487,-0.0689947473239467,-0.08720930620722823,-0.0483022602570796,0.07316203023800175,-0.062293378251626265,0.027178612659865632,-0.01567508441396008,0.014326200060675703,0.04869411613542973,0.0514567699036853,0.028433421186019672,-0.04606557653254677,0.003063385070217283,0.053024726601687514
ADAM10,-0.07958001296610419,0.0,0.013512613927086825,-0.026774694795067288,-0.01260793235691113,-0.02742806784641953,0.007653223423586415,-0.05696280298632292,-0.03865896736547774,-0.004004338403607296,0.020441251880618683,-0.002052894770965194,-0.06311812359928862,-0.012390951218049158,0.0015957155356286033,0.0014193677639432346,-0.028153513886075322,0.0600153254153623,-0.0007655993238408545,0.034156853177212905,0.012154779663133003,0.0003556484373068644,0.023823185219821016,0.006273130872585941,-0.02796935037293061,0.021777112061595334,-0.033576317023615056,0.004655739345707494,-0.036995567237132154,-0.03234762219269339,-0.00754197284267221,-0.01681837132855423,0.024567832830991614,-0.056136549291851766,0.02303340748241582,0.009416707009924474,-0.02104930493922658,-0.04950457949081489,-0.01047651512193382,0.03771676136956307,-0.03104142936692757,-0.0068574427411831045,0.008541979526059883,-0.03104629500150566,0.002404766014198443,0.013731978318344286,0.025303570156167115,0.04174264480102054,0.044672014305498234,0.0013116014445262293,0.011279211505611345,0.04168455798743939,-0.014646132481038226,-0.05538459072991694,-0.02442903959402118,0.0384109628896072,0.03234511641322237,0.008458867098464546,0.023992015238130632,-0.011252484424492134,0.028360830990006455,0.09766399892753261,-0.01493490790746689,-0.01839947166037232,0.03803212313645809,-0.03963667437506025,0.012952713325962243,0.044685977972425336,0.0363246600785221,0.0224630653306099,-0.030871872126664597,-0.02622207705240238,-0.045704028233987185,-0.051623422595201425,-0.040399433073126774,-0.053536909923990426,-0.02236798670133381,0.007696509487012163,-0.09584457118117914,-0.04840836403572907
ADAM17,-0.016495463879095205,0.014434931104756113,0.0,0.07186906711387725,-0.015823697285647326,0.0017564121640645878,0.004691361179183288,-0.053632441961222674,-0.047070672704343175,0.04393396644247204,-0.0035210107452313026,0.002148925373725141,-0.08346032534426426,0.038367065063645935,-0.040675022507197234,-0.009252850535361788,0.03674749859494095,0.014432641622214117,-0.013492308816608456,0.03174656810472403,-0.04641076996428943,0.023046629367112506,0.0016362497675268272,-0.0249910014462035,0.15878072770535875,0.047887157810606054,0.023496719987339137,0.07202193945180338,0.020791890825084005,0.028591697436324878,0.039891094901371604,0.010904981394981179,-0.002886982594350355,-0.00561014290224579,-0.03091215487560544,-0.008215466186924501,-0.031097669927474328,-0.03191873875584497,0.07174743499839498,0.06806941239967167,0.0036661495082899965,-0.019650709865269275,0.04256919357850204,-0.034617286353130564,-0.0295259652913948,0.00956562126380296,-0.0694375860137197,-0.03066287531380268,-0.04417567902543553,0.042661743920165064,0.06771284992508271,0.07522177240470036,-0.004326466780154768,-0.025821388088739475,-0.002828113298184079,-0.010744164046857296,-0.09078477877605644,-0.0030903647470570342,0.020074218624469963,0.034200571227519364,-0.014607847120864942,0.01703287731629258,0.011886969390869547,-0.022636996387532846,0.02554097097111938,-0.06230009296869656,0.04581846717890114,-0.019595160098796853,0.014754923675067087,-0.017028442278494448,-0.0357524426975321,-0.01772650359127523,-0.01300462708332699,-0.045682568297879006,-0.051458257757284055,-0.008319991379487333,-0.02264865617542982,0.0007820205080294715,0.00017764527013941478,0.03515635650307894
AP1G1,0.012691301891206277,-0.029030718281468786,0.07294573642782502,0.0,0.06263373142812603,0.07314422528548807,0.008937775119924695,0.055660843144134095,0.005955668864682883,0.003086300845042298,-0.08494632759491363,0.013577563289493787,-0.04968137249437769,-0.010862050573129826,-0.01995047871606863,0.034112838308798646,0.023252444651340364,-0.07230296757442421,-0.039146859614537025,-0.025132730524932347,0.0338309988658289,-0.02697821962553162,-0.03277153062146552,0.03438151057385518,0.07807994050793382,-0.11713947474098566,-0.05956118407014087,0.06140982786553908,-0.04609431586684383,-0.03585936236539207,-0.01808793414807543,0.013101703336538355,0.061953062263933524,-0.020952359598332988,0.023858650680786478,-0.04539581061955104,-0.0043385889439219874,-0.03887934732135811,-0.021944835682378736,0.07929336926275563,-0.048172540180599,-0.012772572358171683,-0.008358597113565649,-0.044856080012949925,-0.015501131642722172,-0.025633126817709104,-0.07802575482473444,0.02838953078773773,-0.07511421185585282,-0.04346550090555666,-0.013058699360064034,-0.03121416180449717,0.02537441037354861,-0.009410460729927761,0.03719374329537219,-0.011838224201998059,-0.0333765750117493,-0.0010952281369639375,0.06289436582701455,0.055951447976845446,0.0060413493018820754,0.004359631096494749,-0.02864885327169918,-0.06430377415064929,0.02816824264500299,-0.004804237120080597,-0.0008190953033972044,0.036253339672700446,-0.000996535059343704,-0.010729731082115073,-0.006605138022041186,-0.05830489043265175,-0.017215312790114436,0.04941846431723585,0.040614094229523175,0.05407735289445906,0.014187462032862136,0.02475952424905718,0.046374069065251496,0.1149843479410593
AP2A1,-0.021389900450448394,-0.012624106918007996,-0.014831648116955832,0.05784047187521344,0.0,0.129235076343615,0.04653628667362109,0.06545477754399737,-0.043676756491898096,-0.045203318305638694,-0.01707527292030084,0.014929930043490072,-0.0004722229643031595,-0.0024138403594339687,-0.0013810888310454847,0.005324423866918501,-0.02922928359009214,0.029204809834835165,-0.022915777515353706,-0.04221054079348162,0.030198428746414825,0.0014197617573279715,-0.038538679917742596,0.0040532084604742126,0.018127398356771362,-0.018924338864576652,-0.03483106186713915,0.01593450412731556,0.014537914998812553,-0.06652787506355994,-0.014627682996660733,0.006359947672156461,0.02363684860232972,-0.013477833958097827,-0.04339296931203999,0.058549199552547594,-0.04140324489132809,-0.0018882591825161892,-0.05109286515323874,-0.04275350505822448,-0.07317845128342451,-0.004669209598100571,-0.04988060773343839,0.02486524676045011,0.09662213163362711,0.029786761640226127,-0.04960941905397712,-0.053309042497139913,0.01237723138574414,-0.047896857349627404,0.035662619418021436,0.04781058036483373,0.043473700140558465,0.006968139512510031,0.05302272564114812,-0.04903825232765608,-0.00316908665549505,-0.05310884106160646,0.025027488322862026,-0.002453305622942884,0.018131786159602075,-0.05939830546552096,0.027843600686071276,-0.047412780365489904,0.001276973021457574,-0.04497862176981938,0.04516400845624281,-0.014512081116056102,-0.03656323292935173,-0.0008144126005167374,0.0002383684026173317,-0.04264206906194768,-0.027776147221414454,0.03499000918006224,0.022296919817284985,0.04052531891430182,0.021615020681277346,-0.00038380516476200913,0.043690112104955124,0.026757839402855883
AP2B1,-0.004580057391568797,-0.026611462958000077,0.0015952348348741458,0.06545160901982063,0.12522676026213356,0.0,0.03878404393190936,0.04256018177418278,-0.03661424746040903,-0.029922963169757517,0.008146338704107907,0.015569196310836409,-0.0318895944122466,0.03131983876445837,-0.007510434773959699,0.045236531708781676,-0.010537095770338739,-0.0037718509718787326,-0.020466148630056663,-0.02296717688544077,0.04890507189624131,0.024818835302539234,-0.007555992547709454,0.03674943094081615,0.046043016446458584,-0.06731896752443911,-0.03946849276722247,-0.0005898547804997964,-0.005520640728829713,-0.025080766767390128,-0.004373475176362165,0.006288439968128285,0.026171959809315463,0.010214591528837337,-0.009554584550580393,0.0888053625195301,-0.017337722904075148,-0.04642715833460556,-0.03817518154833845,-0.006257218391199492,-0.06734931114679839,0.022526949987963226,-0.05397593553557857,0.020513719017700584,0.054049802831823535,0.03715353761193209,0.001650707824870989,-0.05935850352178998,0.0015952535393813818,-0.0029175282138652206,0.02225801148689206,0.02319970138659992,0.04832672007263459,0.0004903974294423598,0.029946686671350958,-0.03547959126828046,0.04917279684565683,-0.051084880261126314,0.0258199024258852,-0.00043590405606356463,-0.00799952614848205,-0.06172957610683213,0.013942601557653674,-0.05107902980888035,0.029877210346390203,-0.04116071335489236,0.03899230455864219,-0.004656273422191223,0.004598651913321786,-0.01289470864249525,-0.007736629600008479,-0.04032164831268408,0.011448092789642619,0.0335827353180053,0.014306963010532261,0.024543881172232735,0.013041529011933447,0.0046590772932582954,0.07950932866744084,0.04984941117548779
AP3B2,0.012302111393572393,0.007170670742057303,0.00411470696962932,0.007723453929024594,0.0435462058738167,0.03745371867047875,0.0,-0.014070029455219346,-0.021197006935340216,0.02578910699410613,0.010966835357172737,-0.004380841182738674,-0.032370597553836075,-0.0033274007162956676,0.009623741444282373,0.026488467734445815,-0.015574533154428959,0.0192034912870759,0.004504752508219228,0.020434656105492048,-0.037730902339629564,0.0153684224350968,-0.02052687557593782,0.041403366208293976,-0.033561464086516925,-0.02908822103178118,0.01842733973773311,0.043478174391321886,-0.011679424925193124,0.03493224478433022,0.03535972313042746,-0.02777394644815939,0.025523695542146112,0.04130334552979775,-0.008475436651711563,0.012999752568668175,-0.008451811723387841,-0.014262892361533774,-0.0228977918958449,0.011134007790514853,-0.0049443373648960336,0.020028240797121778,-0.0026866870660737646,-0.0007277770196664463,0.03448659807844686,0.00045348851599506286,-0.003621254020206083,-0.05069406137303923,0.03331006624032956,-9.583281331312712e-05,0.03138674019268531,0.014546247563324347,-0.019109377240316285,-0.021792240659510822,0.03638502411437775,-0.013861986472831383,0.060013715657579465,-0.06456925476625477,0.014295977606250317,-0.025027848572223354,0.03716043350510055,-0.040628896854282955,-0.0031762514141166487,0.004861953526097253,0.009826037570772522,0.02743706476691896,0.062787201499785,0.027990329005776075,-0.003826701465973708,-0.011056918850620719,-0.019637291381323817,-0.04848093689543593,0.0018811323557445798,-0.02421908893332345,0.012613427642348506,-0.01865254017990899,0.041710448776088954,0.042730879851599055,0.043717860954802644,0.07727752657911931
AP4B1,-0.05348494015458432,-0.06496415036599872,-0.05725779718864546,0.05854623068849135,0.07455331662528537,0.050027908871295636,-0.017126240113291814,0.0,0.08700225116148173,-0.08085705991682914,0.06272281061683867,-0.04046197588565843,0.015763286989566756,0.00013623347234789735,-0.05248856240479242,0.0015859508706237368,-0.07886185087214415,-0.056697030789339645,-0.02222499599720394,0.008699117414739705,0.07129190659192979,0.0246421049079918,0.03234227335262777,0.026400565397469284,0.05939099722973436,-0.054789628817263215,0.02598145323622724,0.0865753965980273,-0.02502082309508353,-0.0739883444547964,0.00012561929427633205,0.047941345668437746,0.04717914266339499,-0.02693923076579856,-0.11835352630656719,0.0021709332831981085,0.013921124364372497,-0.005924881751955432,-0.04236554238450749,-0.014372555121751507,0.05029496425402537,-0.002244468006647897,-0.024689712475333234,0.026184264894719717,0.016331766703524438,0.015934813976884166,-0.025882686272157875,0.01325179376690602,-0.10896264408860487,-0.0837133088427793,0.0034555270763490468,0.022974773873228507,0.08995043685796625,-0.0038829986045708386,0.03688056047705355,0.027142831972674007,-0.002956570250830491,-0.02597594327919095,-0.06968155909514542,0.06528995869870502,0.02247356444434612,0.001969578860734211,-0.1054212271038055,-0.013634881748217887,0.01432769948970881,0.0382297486268259,0.0037060203832611624,-0.021851530473078713,-0.05743363454940088,-0.04426836443985393,0.06334292884121487,0.08091988856948115,-0.0715951808027376,0.0038566267345643036,0.06474478756015414,0.016246776263737658,-0.003213179296235317,-0.010548214979427081,0.011261259990567993,0.04186519443672579
AP4E1,-0.016780429444958764,-0.04150234842733256,-0.04730395807509632,0.005896845015616333,-0.04682912125997061,-0.04051342873403693,-0.02428743076166521,0.08189747302130593,0.0,-0.013170322029527542,0.015523933106191344,-0.010005463583883472,-0.011129958570352904,0.02966592897442143,-0.021594172410147796,-0.042686387926539185,-0.046744301634372654,-0.027290767330854577,0.052439946394516955,0.030836806619971915,0.017787632580819276,0.03964174128182281,0.01008265338892198,-0.031417731110590645,-0.01716125877762564,0.03897405939474543,0.04974131931377365,-0.019776187411379036,-0.01449335369794513,0.05490061357116678,-0.04466793019903701,0.05522559392174074,0.006540622039587938,-0.005733073042953121,0.019748817197748868,0.0008469237134424185,0.013866329469418046,-0.052604097855523814,-0.0556234732463582,0.015998936507345053,0.0507202987663523,-0.007919320702716006,0.019064305505619123,0.03514664040524934,0.019491374256423367,0.02827279141735344,-0.007884155510838377,0.09119287540198935,-0.08183108881473149,0.016902492232764244,-0.026485160770978886,0.0006158679740220846,0.021336413980429347,0.05199735868700569,-0.0038629025147285693,0.035019664362127334,0.005801043830828459,-0.02557325529910142,-0.05515101067270203,-0.06341656607793972,-0.024929364793755814,-0.011730155472200136,-0.0128038614449677,-0.011586133804134858,0.018782970520784984,0.032268871700628844,0.02859788041931218,0.04690419669180355,-0.06683610946265141,0.07479014106354012,0.040670695005612274,0.1684977685202555,0.03625740001214427,0.010115101288025365,0.07250503591410719,0.013632329174943525,-0.04294130131440137,0.07889798359051055,0.016936558321541974,0.032257103412058785
AP4M1,0.012441550361901872,-0.0038991972890144197,0.04004695546143198,0.0027717205582291566,-0.04396002801663205,-0.030031394589270108,0.026801885797130703,-0.06903669179796608,-0.011945887179592598,0.0,0.0009722058501262004,0.02470592109068462,-0.002264716320334506,-0.034451861184387096,0.013455053015172058,-0.038482455498101774,-0.011204646748786613,0.013145182831492262,0.01731421720189694,-0.05555739936313416,-0.06384211670036796,-0.031283261966742935,0.038300808256709805,0.021065138267411937,-0.044172892892257495,-0.0004819911314965206,-0.0013087978948470558,0.056672578182893486,0.036366062944787086,0.06270435434459606,0.05653231387685686,-0.019894385069846025,-0.0037299242326927578,-0.012943499807478206,0.0731835400098333,-0.004758044179769259,0.0071453660510133596,0.006788731693083748,-0.04450715730397128,0.06038922291595809,-0.06091195164111557,-0.03426331384552378,0.035890496270790634,-0.032903785099634125,-0.02472026339787794,-0.05920080483015776,-0.010087355972681332,-0.005331508552536949,0.026472224126876075,0.055766307026975805,-0.005651145298340371,-0.021985080129883434,0.03249686383249574,0.0319738784773509,-0.002682257969890108,0.008961010280700267,-0.002781706714659573,-0.02606272651282692,-0.007419859698646088,-0.01732001385377566,-0.043120956738022,-0.006830062084236063,-0.011108350283226535,0.01277955928009192,-0.00362174845239484,-0.029753552368362902,0.0618556136028124,0.008411993585991215,-0.019904687904673417,0.008786871538935995,0.03332483523250465,-0.0193928079467448,0.04363889778547346,0.012906306058318603,0.017027637826481184,-0.07160722995537816,0.009147321046650664,0.040660914588230755,-0.011011631759996202,0.009985082098785448
AP4S1,0.0126172275499178,0.02586584545560546,-0.004170721514399381,-0.09913580660823638,-0.021578937076011447,0.010624490592895804,0.01481102527150523,0.06959247599523925,0.018297785343590004,0.0012633770433280928,0.0,0.04797287676377728,0.049828018030711255,-0.019272018668924678,-0.040854226418047014,0.012544794927015941,0.037236909344035035,0.01422077357148574,0.02886180142876049,-0.055745193629505106,-0.00035220141375555056,0.022994054931939994,0.10354123876989037,0.06538876862147394,0.037919689184140036,-0.05835842372817732,0.02632968714132326,-0.07272995418823865,-0.027126447069855925,-0.002939680723418295,0.06346349829749767,0.002996316456555315,0.03497217092986665,0.04148128724998169,-0.13094796221717656,0.04676821774893656,-0.04184314481558131,-0.01742126545417123,-0.05728968010401805,0.027071859096805165,0.06208580568393706,0.03147629349795613,0.025467333634408604,0.039921694484922686,-0.06877358572586839,-0.03480143637694264,0.04876345799276286,0.13641973284589307,-0.015788577982249134,-0.03317774407112881,0.07432284856719867,0.0015137522438600586,0.002478987771889041,0.004021152034858574,0.012037224473031023,0.011393053981109848,-0.016140514538255924,0.016645620924838702,0.016154093190290028,-0.12768637924238613,-0.013110917285596197,0.02961702114791219,0.135604194379485,0.014201286880580291,-0.009238778701508871,-0.024466163567212356,-0.037693083101983556,-0.04932156125967015,0.02062520111124443,-0.02047725308349139,0.11429548492117186,0.035288382492687835,0.06167758362140417,-0.10304333327164157,-0.006305980930471628,0.0609920581025497,-0.023910624084546927,0.03673517283566865,0.07218805171485436,0.07173639815728636
APBA1,0.02744532008916553,-0.0021606971508873795,0.002117255149606899,0.013180011654947319,0.01569380274154205,0.01688961967300263,-0.004921180909597087,-0.03734151091312748,-0.009809390045712053,0.026704461397539653,0.03990283794634189,0.0,0.0825378300355165,-0.03203704412788352,0.0027500527319742874,0.015096631097223742,0.08195365390038033,-0.046228047207578685,0.04463638461979094,-0.02808385665078539,0.01786548860988329,-0.031155860718086466,-0.022394243674412794,0.016338893526379687,-0.03881959822961818,0.03245836487481583,-0.014483292857004988,-0.024711467233834994,0.06426665628452298,-0.05462379799329989,0.04577147698704744,-0.013814121570240345,0.06715773708642767,0.0308894966915034,0.08000425932956395,0.007315767266850764,0.015625975795298876,0.016064958058566284,0.004585337593848964,-0.04276695427348637,-0.015683572977170945,-0.0040620798911323915,-0.052989354780738136,-0.027430618258871817,0.003931244689679556,0.022898811433608134,0.06519090278089806,0.031745457496101255,0.03481265734020457,-0.048567845069320145,0.032956708168816615,0.008663286032688164,0.046641117666061147,0.0640145180350063,-0.13734140439908551,-0.009269426410930181,0.006900317215488275,-0.032886961126989335,0.045126801786233024,0.01751930633252866,0.009233322307263892,-0.07357132914081496,0.026286284776479412,-0.10649501387965203,-0.005668720203546581,-0.00999097885284863,0.00644174304126603,0.014559103359155551,-0.08434599531852369,0.027421563882114374,-0.050625953051214784,0.011347637250247152,-0.01822730033957507,-0.08222010182538701,-0.014435710044035072,0.01643692085254507,-0.010028339975827374,0.040963386111679476,0.0006603162376276525,0.02289732826752877
APBA2,0.04611263883158877,-0.0724025747704492,-0.0896199418513289,-0.05256059393147267,-0.0005409912494080219,-0.03770295516483786,-0.03963102076280865,0.015854929033755658,-0.011892442386074835,-0.002667898503483587,0.045170443590589325,0.0899550951703078,0.0,-0.03426596872950379,0.041940968270029785,-0.027605244920413847,0.12109508362213968,-0.01688853220181324,0.03927154516322938,-0.054067426186446464,0.03734068989787489,-0.026934399516817545,-0.0031371043481445036,-0.02627776780363135,-0.02306279408578616,0.013242377030884,0.06385141363207981,-0.08779116614361955,-0.05762083616651206,-0.053207060911633915,0.08269657162184836,-0.016094410872809526,0.03141756338777009,0.07329799079108892,0.035603038064502754,0.018326309332148065,0.10619326202875908,0.10809688774501489,0.05989911468865088,0.026798603987345977,-0.00804809385121301,-0.04991308316698285,0.03735041593424229,0.031636403561275825,0.043138337993190085,-0.022898482064412404,0.07389758187232988,0.03127590263266078,0.041605085078729204,-0.08595603837258353,-0.009148540196369055,-0.00514137337559325,-0.09339940160038679,-0.026754630067737224,0.020533179494545802,0.04829658211460969,-0.05148412210458723,-0.05994501878490253,-0.0059325436316454835,0.03800345847432969,-0.027500580171526404,0.011972278675118552,0.02433420730096209,-0.07741308443134266,-0.018508191595238758,0.021714223607311622,-0.0047446791343789515,-0.042823499831584504,-0.02687124397886674,0.02456304984551365,-0.004966070406857195,0.051815307322943975,0.05093148411814007,0.01051106315371683,0.04019280634030599,0.03548987646961563,-0.027848380078656393,-0.009403351186732975,-0.0035538118451831605,-0.029788528052834197
APOE,-0.005767765618482081,-0.011548970872254725,0.03347509903613459,-0.009337211730893337,-0.0022469343794633695,0.030087397314216342,-0.003310002755326049,0.00011133713810436226,0.02575574807775029,-0.03297667695335648,-0.01419536807091532,-0.02837029603003482,-0.027842082867525153,0.0,-0.013221290319964796,0.005354385470624848,-0.01245437293501859,0.0318739270864464,0.015641480652660453,0.016151365748146605,0.013862134641966457,0.050873828114252874,-0.012950151395157207,-0.014120698583837209,0.03032352394808515,-0.00022412308761027993,-0.027133250598819658,-0.02898449519060027,0.009802502251767174,0.014658191314270281,0.009426524599307604,0.01604173078138302,-0.012494257534587725,0.0025714576387662696,-0.0015813247114321884,0.03942930797813923,0.042860348505848724,-0.06644235992123727,0.0034989573233491695,0.012335434275882554,0.01106439671335788,0.03233720886389236,-0.020733506931930223,0.02362355330352783,0.012801207648039895,0.05561776718499544,0.0008323703171122122,-0.05788822487167349,-0.026985513987282553,0.005576185057681088,-0.009329113849834928,0.035029459570800246,0.0006144941110776467,-0.0066593116603644725,-0.009269286849881311,0.036603024154148546,-0.0037185943591078363,-0.011371357759993716,-0.032602889006129745,0.0009399918083718398,0.008109257544119206,0.039532653786456255,0.015472037651308036,-0.06241940415460292,-0.0009938039668827064,0.0038115474777467542,-0.0019321239514856448,-0.0011766254622453385,0.022560226620598794,0.013158364892725783,0.0017852167591155717,0.017451896130282682,0.013680395735673005,0.0052335511315108815,-0.02356858596787025,-0.002544622317999736,-0.06232304239422795,-0.026790952213603447,0.02583820353517006,0.02372712873708748
APP,-0.03879811624789681,0.0015141342236809664,-0.03612945060832457,-0.017459386189352687,-0.001308801312063769,-0.007345146223697481,0.009746248038372061,-0.04367080217688051,-0.01908635705939703,0.013111424491964972,-0.030635622213411363,0.0024792636514828167,0.03469344477432772,-0.013459970422453347,0.0,-0.014677506307769587,0.018372819281897945,0.003076547594110721,0.056799909810001124,0.07373199808937754,-0.0053760988451435725,0.0049445654213031995,0.012869902684324913,0.007849919772180424,-0.05064834547267837,0.011073101134861487,0.014982825124466826,-0.06199582828238307,-0.03203225616396844,-0.027884515761946626,-0.013445440308031504,0.0010179123381368782,-0.043791307455557704,-0.0030507572985124026,-0.03221831471345602,-0.0033386291959176325,-0.015861646364738427,0.07861596284905893,-0.06699362333554634,0.007809348228533585,-0.06883390246503739,-0.02275708513962668,0.026078900131835434,-0.012606195870855192,0.0032513448255150584,0.04619337068559062,0.021010382520440685,-0.01713105063707748,0.004235438529556782,0.02903067339237991,-0.016610154310592186,-0.0012364235939209514,-0.01643810659805646,-0.06304789177699444,0.004371718986149988,0.009146862527841835,-0.011166822429932251,0.001920848129031389,0.025218112486094135,0.0195211212746667,0.021201310953262914,0.0008184867174164353,0.01875671736490835,-0.004348467383663376,-0.01837787323850339,0.022777682584469425,-0.009988255994546112,0.036439639106369076,-0.0383029021509932,0.01670352875094041,-0.03403947392439006,-0.028502177694829895,0.022660794511868726,-0.007094050025068757,-0.01943584012706922,-0.021187114356612437,-0.010332436899587507,0.01904913492885272,0.06503993495148624,0.0046425131822136565
ARF6,0.0411650483443754,0.0014479121281774597,-0.00883583237991475,0.03209459294014431,0.005424542247951062,0.04756232028959563,0.028839565684141748,0.0014185824635235505,-0.040561522897188125,-0.04031490183094176,0.010113271022218059,0.014631878977551478,-0.0245492903146034,0.005860278601219751,-0.015779405671361848,0.0,0.012944440056779478,-0.05717553476481036,-0.03317427655672386,0.003884665591392007,0.005462206784624839,0.08327025964723639,-0.004452703706174871,0.05644913397205645,-0.01765482306795962,-0.019221857876933146,-0.020109206607669225,-0.022074625997469174,0.025578675082688615,-0.002278406308416168,-0.02489238379077578,0.014181080136362793,0.03343327703329431,0.018255927999498645,0.01573286261717314,0.03248192579409054,0.026035871723293275,-0.010818990872108582,0.016214366340764653,-0.0036039590563464296,0.06769377465273292,0.05819275769112802,-0.02125535139593831,-0.028531649311898947,0.04222730693939877,-0.022321336704559727,0.11001423085774217,0.0016542974116068672,-0.07131571263248808,0.028367208631874485,0.010258607248721813,0.04202771878987407,-0.07975111909723269,-0.010677168768426915,0.034764496438751596,-0.027057823152406468,0.02160904344905844,0.018868777335259254,0.06408176054583971,-0.03640556044872026,-0.039037817472951215,-0.028499105017469443,-0.02864035894729731,-0.02669720281217996,-0.050349336956848165,0.021858814837526185,-0.007711802903027534,0.07566091836771019,0.012783599714382282,-0.012995942874767297,-0.056578436688260444,-0.14021588494944917,-0.004916876104469353,-0.006072301713357933,0.04628795853520391,-0.0071830032801265134,0.005662914740892966,-0.02825151617412041,0.005432872104550391,0.01116414223922528
BACE1,0.03817534230208822,-0.032633576213965884,0.039873512698019115,0.024858071266863263,-0.033837123679737,-0.012588658541890441,-0.019267781386132672,-0.08015241573577411,-0.050470582216879466,-0.013337848901669135,0.03411037552145595,0.09025539524411803,0.12236540219376249,-0.015488711453379057,0.022443932946529462,0.014708489070616533,0.0,-0.04538024190357354,0.036767294921848465,0.09282577103530888,0.05085375384931931,-0.007078590332799504,-0.09125899767034036,-0.006598134999234615,0.025521359687701684,0.007604929208162488,0.07485918907135589,-0.004055123658347947,0.013433916337306125,0.00701744801721729,0.044277966102738854,-0.02772370387710648,0.04499105470770479,0.0024520570201719055,-0.02006633778704218,-0.005002526168758329,0.05155157584574987,0.01491689038349944,0.0876485745492537,0.06323768596697754,-0.015867822663616762,-0.053745763220537784,0.031196026729019128,0.04279874524336935,0.05508344799307166,-0.04651279059349396,0.017159332831079486,0.037016530409693764,0.03248034862435132,0.015761889420655772,-0.042477939628328486,0.028881065418222725,0.016258627123059928,0.031862926775947736,-0.03359811691357961,-0.03408995963951906,0.028372721705582644,-0.027000106493294415,0.08427367398375848,0.06069845457058853,-0.04769918643979707,-0.10879025229238735,0.032835458868290264,-0.007143974304109618,0.05510211929289382,0.05891700213541171,-0.1201324163163522,-0.07014733980678756,-0.027572077392934886,-0.010717197498910975,-0.009889202847180322,-0.04124986820682168,-0.06612427619792922,0.0015326876425442416,-0.021957333802803528,0.06538715365556907,-0.07811789780415904,-0.005833150140434932,0.060837781469981055,-0.005459725556963714
BIN1,-0.02139166548174178,0.05810355897184335,0.013080099581225166,-0.06455998781985475,0.028238274665726218,-0.0037637568526394,0.019842910469261503,-0.04813028947787305,-0.02461126254607848,0.013069614044335893,0.010880393497185972,-0.04252251145068695,-0.014253861822782241,0.03310834754720112,0.0031390288331481285,-0.05426296697216843,-0.037903150874621115,0.0,0.024804858056361886,-0.03352412312102398,-0.023310401031723747,-0.005428528762948097,-0.009993094335023938,-0.033031656075424756,-0.013447435970454245,0.04060807868332766,0.029585091366428052,-0.01783904670370504,-0.0018743789130580937,-0.01931067167453376,0.024842822579085246,0.00866342391714408,-0.009989147836968816,-0.02212954297795288,-0.01810492657572206,0.01922844072275455,0.00758520211456164,-0.04601725768454526,-0.028940143994226487,0.04076973157263472,-0.04719004652623932,0.004350862392477232,-0.011772372300795638,0.06091623255500523,0.021910856126175323,0.0016866837947048527,-0.01665048496578128,-0.001802939816298863,-0.007543508762449293,0.008021379828607466,0.026995071967872625,0.060497074226574216,0.00956035358194595,-0.0011138932244485194,-0.02094501842427127,0.014012992170407404,0.001319805496556263,-0.019197901086879108,-0.03167146055437534,-0.012599683331605603,0.041797438276662886,0.03225557021121599,0.023723419065638043,0.022081322592383084,0.011682608624266328,-0.021818214456155845,0.026768032831239092,-0.012400278217553504,0.006308298712312311,0.06581889460383836,0.01678800227096991,-0.06605136077297843,-0.0002898223761254906,-0.0038464858564487983,-0.012998459618397363,0.004558560014294763,-0.004667020781070169,0.006803617996712076,-0.032091991236200594,-0.02929146349871782
CLU,-0.013634080933649187,-0.0007304583140278751,-0.012050493184504421,-0.034447489103914236,-0.021835930256078148,-0.020125954371171945,0.004587218655703239,-0.018593158670039953,0.046605128689514226,0.016964939648971625,0.02176196668132525,0.040462777949522674,0.03266419452361944,0.01601154050571397,0.057112693030598016,-0.03102759312409699,0.03026380376313432,0.024445001715661788,0.0,0.021938427920909137,-0.00010072264468512328,0.005505369731250989,0.015001570672720886,0.0132499905583404,-0.06897921483303801,0.01387885117365341,0.045845106450158435,-0.03587820349292307,0.029003954455840083,-0.003988963871181234,-0.004998113534391206,-0.012851795474073745,0.02723497617619617,-0.0064587400033329,-0.00207598427737847,-0.027320435976005805,0.05199917304102856,-0.016305672500459226,-0.03080469406391873,0.03825151928655111,-0.013442747087424087,-0.0382950290224666,0.017858580401065503,0.0746665317549986,-0.007845067901535625,0.05147757535706233,-0.004636284557315538,-0.03396231645714632,-0.020373678695292483,0.009484158286304922,0.010575424861326075,0.0489301221980846,-0.014333551727970158,-0.03570398577658858,-0.019105886787686804,0.01169823089357703,-0.03610632629626292,-0.04166460520133714,-0.016666815872916664,-0.04003330096339338,0.004146383249653135,0.023209299168581877,0.008273293226197062,-0.017190371332892203,0.010139889503840973,0.010607836071971915,-0.03919412007296844,0.035504957272700144,-0.08076970252869205,0.026038994347151716,0.0034430814297583107,0.04528210905342652,-0.009581457218201006,-0.050125661016192764,-0.014863390110080067,0.022614188477083432,-0.01922541089939086,0.06638716766049259,0.04028011078121903,0.03704318637917961
COPA,-0.0708856647646769,0.04608757874414043,0.040098439956465656,-0.03127609057146866,-0.05688138494676792,-0.03194038300480607,0.02942781274080324,0.010291977334872578,0.03875725533454697,-0.07698453844561656,-0.05944211852424281,-0.036002741856607644,-0.06359775780032575,0.02338173062303123,0.1048463075799708,0.005138216626631537,0.10805442165064433,-0.04672215838042302,0.03102541845505363,0.0,0.08496097807146433,0.007251615834591474,-0.010630925851624968,0.037141936376708165,0.041019287381760694,0.022943317689441897,0.13762985303872272,0.008847892443228504,-0.1307578675955031,-0.0026383162439687097,0.029557891727138113,-0.007573784446792534,-0.017593832803621163,0.0707120832541683,-0.05546893285658517,0.02716674065322542,0.014362760690790606,0.07579099344712337,-0.03413805859843114,-0.07420358323605147,0.009334969193237161,0.005348992748601397,0.023603930161792623,-0.13847701650690855,0.0031728161655212896,-0.01832973997508592,0.01705572053297642,-0.03634778453251484,0.03605053577387365,-0.03625030796406904,0.0373355101542007,0.058641062255931804,0.020781832045730888,-0.03874929242760757,0.09465484797631926,0.0919911158596554,0.03561817775755279,0.03009358464983902,0.05049419405563964,0.061796546276080826,-0.014071664643211808,0.017378586602004392,0.006045589614824764,0.03347044624504001,0.08577048471819966,-0.025178567528476397,-0.012465843687605975,0.00910156683233511,-0.051336837238544555,0.1386293483109616,-0.10482845787409839,-0.01127594640447356,-0.0309932651059509,-0.009426698281219422,0.015041082818676535,-0.03444100272629605,-0.051414689708085354,0.05718867238852698,0.10458028751654153,0.05390196244356904
COPB1,-0.047998211979714024,0.013458507749486322,-0.04810533518728254,0.03454867424774071,0.03339468653145576,0.05581233402474811,-0.044589399195315835,0.06921618148770078,0.01834617558243377,-0.07259599439851977,-0.0003081922578974958,0.018794791230077094,0.03604393723070048,0.0164680164588199,-0.006273474844555599,0.005928853064547143,0.04857812780289207,-0.026659929346694953,-0.0001168915301136602,0.06972094774617701,0.0,0.10095879616980513,0.13599186914421343,0.020928693952136455,0.13056469417916053,0.07462789464287263,0.01844293544955944,-0.02739761977569757,-0.0180850212068069,-0.03687209436535003,-0.06297073564683824,0.009870090261795358,0.11811335353460038,0.0028017059046348807,0.019019276012448523,0.00924394818852169,0.0272854082069346,-0.05039992567640598,0.004210932444177735,-0.032011181954921544,-0.03378135113476754,-0.007151210941003292,0.011885550441169585,0.06028088965880105,0.021628707684237813,-0.02924456793987994,0.028761581916219203,-0.03104295520631336,-0.00861610540719878,0.004089163968669625,-0.01687333918621528,-0.061107127966081004,-0.017300891862725275,0.04951031556422825,0.02409527280069007,0.06214904524973702,0.02890473146919797,0.00555869680170777,0.025469592415477017,0.09000408589479425,-0.028120637791397597,-0.03701849404310451,-0.030777873820498063,0.015577795979592912,0.06859422823983696,0.042669431111224794,-0.05131293808592583,-0.008417788531826528,0.03479760494614123,-0.023590354637029364,0.00910047090413753,0.029609363388034778,0.029627321140063126,0.06739401614864761,0.04684046779913239,0.05946369042041933,-0.08483118761028441,0.07054201247952101,-0.007816941212008172,0.03756822899779835
COPB2,-0.042080431789030814,0.0003782249239558878,0.022943586670739088,-0.0264611840184489,0.001507953394851671,0.027204271544013003,0.01744388198126573,0.022978656354560728,0.0392698768541545,-0.03416621215437375,0.01932527200197645,-0.03148051165415951,-0.024971038594103,0.05804770032337617,0.005541769578771558,0.08681042649278375,-0.006494473607999343,-0.005963082436661087,0.0061365154908157174,0.005715549473777523,0.09696691627914628,0.0,0.09429709302827512,0.12110126296356155,0.015144043598034982,0.12131763935382277,-0.015617908230992038,0.0360884031937415,0.05906085969910299,-0.013560010955320514,-0.06620500412027842,0.028216733137020403,0.06289582693055298,0.030873542973444048,-0.03190004820237704,0.042530264917696334,-0.02144607813234229,0.0025316240791664465,0.047649083719179204,0.005241742351094757,-0.008709580089838728,0.06316885970078019,0.0575476627915758,0.0067308370533040425,0.04786424271313393,0.07067112806823618,0.013991203883580152,0.03512241730032696,0.002961768992662859,0.11103726588141753,-0.032995197624153684,0.040292965786529564,-0.07521464398251232,-0.007990348008560813,0.07085704781274821,0.029756193817475036,0.07643680969733338,0.0065838312585548555,0.05458178145265202,-0.021739487340669533,-0.026845575973280075,-0.02260415219587612,-0.05194954394032275,-0.03888763918769623,-0.02313247785623401,0.03590589407139423,0.0072913065939508226,0.010076226998699795,0.025556577587992218,0.013414144216025123,0.041800558496051694,0.014028586704871521,0.02326582428689463,-0.028040961409317052,0.04814563594290242,-0.01783992775186268,-0.08265731721745057,-0.0012788505272784043,0.010696480264346902,0.042914934052284893
COPE,-0.05292893634787424,0.026342878008867632,0.0016937045118234615,-0.03342157151788418,-0.04256017783293083,-0.008611551020318273,-0.02422539427101153,0.03135822887061701,0.010385222563194916,0.04349375409209085,0.09048103531772994,-0.023527326647095014,-0.0030240740873461107,-0.015363833790521841,0.014997875836114677,-0.004826584591024589,-0.08705766728591197,-0.011413604281808364,0.01738626242004171,-0.008712212158351424,0.13580836414353872,0.09804658205019388,0.0,0.11889155010570451,0.04547598706504591,0.03304791424589844,0.027141661954439244,-0.04356229967989046,0.018879865445955955,0.06690212059257683,-0.06702595622626806,-0.003362594449456818,0.0530715019285684,-0.016459869795085815,-0.03443091170435439,-7.414032608190702e-06,-0.016358615316373063,0.01820818607466887,-0.0576000934472658,0.07669584557135231,-0.07326136493036409,0.014340129853625646,0.010869555090148302,-0.01748468192510232,-0.06415165373733057,-0.03506375468155431,0.07453695122700642,0.016598557229619768,0.015235920749639887,0.03180191137481849,0.011970356260675804,-0.06308227061773727,0.013353675780106166,0.02553676797370487,-0.030791651805435034,0.05497352343013916,-0.05336691353078142,0.04901504640820017,0.03549687067610579,0.00944731137703157,-0.020835743798396728,0.033647082229016606,-0.02929957207334623,0.04314281007873491,0.0042934549578587475,-0.05319130949889534,-0.007927832315462725,-0.011623770757522819,0.07122904447826665,-0.04177200914044002,0.00908431541121437,0.06489748536368739,0.05117426581504761,-0.028275816313945563,0.08523217541923601,-0.024135055911695735,0.0044125461955636415,0.037534093598832474,-0.0600146743749165,-0.006940287798052408
COPG1,0.007707118726999566,0.007241955686360454,-0.0270072166166013,0.036606922215936054,0.004673192397708109,0.043726890816948145,0.051014281887255375,0.026724053441418292,-0.033784999010240194,0.024974188849583533,0.05965618614890989,0.017921194235634506,-0.02644600370774522,-0.017489969775733277,0.009550537861436547,0.0638824450462493,-0.0065714415622153,-0.03938776096044927,0.01603220245255334,0.03177825290221976,0.021820456081961207,0.13145918877119797,0.12412495697878087,0.0,-0.08011462882753946,-0.03126796917685939,-0.01797707210213467,0.030124166365006432,-0.009490607636065995,-0.01448540823758876,-0.09756485718309311,-0.05983598008194214,0.04278561749965666,0.006971056993535691,-0.024607025589566123,0.032566874159998406,-0.037941844607409604,0.02401935290543698,0.07868597711397228,0.027638013680124012,-0.13033349558341029,-0.005704166631202013,0.004037341241126348,-0.03125404344803644,0.0033147273470892974,-0.025470244878656373,0.03182399246208299,0.013733612197567234,0.09418866458045828,-0.01841409662839789,-0.05212110118575974,-0.03780761518780709,0.017210440533168097,-0.0016657066420004481,0.02895739246320035,0.0070123192663778915,0.10223182186094704,-0.03718209603091232,0.058560966439526546,-0.06343522611624462,-0.00866565779608237,0.013543021474036323,-0.053857625479017644,-0.027508292221460395,0.00906929617256814,-0.009828214932507564,-0.027410901799002418,-0.04527335531200232,-0.03317709137611594,0.025482636364831186,0.06598300627707031,-0.023510679181929218,0.031151348664900214,-0.025882181403829713,0.10349265547755743,0.04560096573142767,0.06458964253359978,0.02428588951950197,-0.03600679397926276,0.07753634746266472
COPG2,-0.02918952841586538,-0.035664807172722426,0.18953086386175985,0.09182558891144431,0.02308533523529714,0.06051286756598296,-0.04567546841462957,0.06640422419151487,-0.02038375628676627,-0.05784541024576438,0.03821229141428525,-0.047030687395025375,-0.02563713504510211,0.04148571047052414,-0.06806343469533596,-0.02206853998680042,0.02807561300135698,-0.017711543762191615,-0.09218958334703446,0.038764980725898,0.15036038821489572,0.018158087840198272,0.05244163721058276,-0.08849073673194573,0.0,0.01638264167689477,0.08741899076953102,-0.06428913151528852,-0.05012529293063091,0.09546971360281323,-0.029039921366606734,0.00047188245652049303,-0.06333662051876758,0.022730216101083507,-0.07702295940804703,0.011391670841949439,-0.034716751108701406,-0.02124663534686589,0.1258463441933878,0.09078060458716092,-0.012549601571086332,0.0657940952926905,-0.011633672668750435,0.007380492333918571,-0.08278604643599424,0.009330690642605539,-0.07917499420384042,0.015096547804570237,-0.0988316492251029,0.01310909214801675,0.03672073045658395,-0.019357121866738883,0.005864027878956388,0.03385300689053171,0.0794887319900374,-0.0073305454659399714,-0.0071098408358761505,-0.057560517333134685,0.04779807088345383,0.0688162357971282,0.04094486213675571,-0.008665756350137924,0.038582467861769124,-0.029521918929912388,0.06140125684790866,0.08458397692984365,-0.016805919510774054,-0.06217797740999748,0.06570204329934579,-0.09409437405266369,-0.028827419794043133,-0.05434079539300286,0.041920781184954764,0.10321112149593835,-0.004744262816779074,0.03835404642104453,-0.051598438339617886,-0.030600132769213726,-0.003383827847868009,0.027588786282341602
COPZ1,-0.08640300073174792,0.028292111436008075,0.058238313358760056,-0.14035732868832326,-0.02455438132882962,-0.09014237269969616,-0.040333586945930484,-0.062413856917895846,0.0471648322166949,-0.0006430721235838921,-0.05991691417818305,0.04006494042336731,0.014997922031374504,-0.00031240144362364186,0.015160915877726814,-0.0244800988681555,0.008523700628855393,0.054492526810661183,0.0188983852270113,0.022090993763437247,0.08756215579295247,0.14820395233379063,0.03882806390120751,-0.03518789069582796,0.016691351601016372,0.0,-0.00244268836525683,0.006243090492187662,0.05989657346473324,0.010809656781313222,-0.07546418357254736,0.040705199231935475,0.029140825563855943,0.006456483603131858,0.000753110759318496,-0.05946306627964288,-0.04333409989418115,0.03562386815803501,0.08146113592638744,-0.040753552466602505,0.061734964407908675,-0.07222790692069328,0.05802394601515488,-0.015143944562697709,0.04926900366484822,0.06388920129463535,-0.010757762935646717,0.02863743254042639,-0.03871346380758038,0.005555862871883301,-0.005288957217286647,0.09107249013410526,-0.06960187707609594,0.17801118708912173,-0.0599624453107059,-0.046591833585418595,0.012178798211700871,0.10300504591974738,-0.01435990090100462,-0.0724171658712997,-0.08951712438592602,-0.06604435409128534,-0.05551520989392761,-0.009895691642396938,-0.05560540388941698,0.014966538165760091,0.014048936342322698,-0.006993892856755142,-0.05718600656032008,0.0005061533377486017,-0.047392585663603784,-0.006825032884832837,0.03129390189923945,-0.03247579812074055,-0.021657344197755366,-0.0265414772067511,-0.04669278071970367,0.06832056472644943,-0.036723549646054295,-0.06368732963749622
ECE1,-0.07569472814804547,-0.04114595530442839,0.026954171528668663,-0.06731690862507471,-0.0426288889752405,-0.04985068147291589,0.024101348733399072,0.02791740975977906,0.056779160940489654,-0.0016471086325889606,0.02549885053142223,-0.016862974947126987,0.06821261180945716,-0.035674449515009164,0.019349907855010257,-0.02415693112072523,0.07914202340904651,0.03744781120510109,0.05888344129792824,0.1249973194223753,0.020411471788349515,-0.017996486310830645,0.030079259254378474,-0.019082775388792106,0.0840122044683239,-0.0023040775002428665,0.0,-0.0843370560266502,0.0503807194654507,0.05229325679820413,0.06456238789121733,-0.01207234467707996,0.04134089522508439,-0.018770928973432792,-0.11808302150592294,-0.06718663511113218,0.05942682840371673,0.07756347913741171,0.04701986556924415,0.04002050124882763,-0.07211481344670498,-0.04224644160218039,0.01765012315169718,0.04597319591328483,0.07988373119834997,-0.09798599671734749,-0.011175358618753158,0.017123360650396935,-0.1052161323048823,-0.007788850058301684,0.08488769935965813,0.006377576688608949,-0.008056729211842544,-0.04040149916291976,-0.018557374630156304,-0.07122801068381333,0.03454991424882924,-0.02579384368241523,-0.05552242794393992,0.013351896388648532,-0.04871728555181779,-0.04111044464358291,0.02202648082417568,0.06942117285949444,0.0452662853603167,0.02786174535895537,0.07924248120762437,0.05932411995755809,0.0680196352968466,-0.060128765741138214,-0.04093421906302142,0.01514044939833526,0.03766827056241562,0.024451051439258412,0.1020601920163046,0.04747231839335649,0.03364903677773562,0.04906165568733984,0.06855678568518483,0.00022728922752630705
EIF2S1,0.036103049204179394,0.005475887407688134,0.07929673704465152,0.06661476182336788,0.018717490043625527,-0.0007150516611337799,0.05457852098581902,0.08928488223931007,-0.02166636214318655,0.0684532991970404,-0.06760206729920469,-0.027614499306241835,-0.09001538396150822,-0.036575725873573266,-0.07684567254536437,-0.025451415298349385,-0.004114697305382493,-0.021671896842581462,-0.04422854425200729,0.007712579374431788,-0.0291024041531385,0.03991207237812,-0.04633543629215288,0.03069088233200778,-0.059298800666821444,0.0056519772833549375,-0.08094503131985971,0.0,-0.0012933954389539209,-0.03818842262063074,0.04554718559543301,-0.009705671377103152,0.17974959788262349,0.05620342051010479,0.09264067099229742,0.012428440157675087,-0.01999410953784218,-0.01710083347659936,0.018036329210238535,-0.037591456451444676,0.061672882670578424,0.002510964964108707,0.12820423418185523,-0.011664482650256724,0.02226192339533078,0.07990739789130435,-0.11137811993534696,0.001523514173707783,0.05065071085057702,0.025271552060115436,-0.02596943119303685,0.018208478297814544,0.09160181388512144,0.04694256731556106,0.0768060732927203,0.022069244871643755,0.04946101245439197,-0.057039845566256166,0.027907463762418178,0.03744045449561795,-0.03401510776447236,0.024853822018858895,-0.104436295421739,0.10129069870826463,0.06492077006497922,-0.026695523140673534,0.06564046222280906,-0.09673419986421276,0.020278491972365392,0.018914733461424388,0.02576895811728097,0.013134977306497148,-0.055522088796877735,-0.0137787221436605,0.03451199858563368,-0.06632403295115608,0.0012987051440815575,0.00900066242725646,-0.05375238522442418,0.05788050568998361
GGA1,0.015225352892167612,-0.04243395867550256,0.022324538912593127,-0.04876160361704159,0.016653640672045198,-0.006526491974682279,-0.014297823403182863,-0.025164194864656556,-0.015484968511894844,0.04283667042906656,-0.02458881417775078,0.07003616423472253,-0.05761605034784772,0.012063190063695401,-0.03872063624522942,0.028760381024356848,0.013293349896056036,-0.002220652887677891,0.034868011270910756,-0.11115414138664813,-0.018734109853572854,0.0636992594573111,0.019583907985828927,-0.00942945001296301,-0.04508823980882145,0.05288113435856223,0.04715569287931742,-0.001261331761865044,0.0,0.004418983954902538,0.014101467286774617,0.012569381794310306,0.03308707455456577,-0.09474395080462304,-0.02239294318577527,-0.10832977215202978,-0.025124642378752934,-0.006243258885224931,0.015504311012778415,-0.07195904833059098,0.003294131786613996,0.05057600175963116,-0.03187121297100829,-0.01856901077582705,0.052362958813671284,-0.04896046626204088,-0.012073346170723542,-0.03248905805879567,0.04179205866551459,0.07625625646312231,0.01652325411489652,0.061178520428738475,0.042470683994743845,0.10155970487407615,0.022469601009965336,-0.05635848614203966,-0.004150228920300358,0.05562904978648187,-0.016999435843277455,-0.01628626476212887,-0.024717565661717508,-0.0515794375347357,-0.002057757101644128,-0.04340266334877836,-0.09346680967527114,-0.03567716768612963,-0.0353430857093479,0.04831415535779235,-0.021063316151686627,-0.09983159000411011,0.06995671541454279,0.01290172566428399,-0.056477265216692114,0.013625969956476322,0.020632756020351164,-0.0271560735683354,-0.05558627147858833,-0.03232232336714306,0.02152593661406738,-0.024379018913356296
GGA2,0.08493423758526425,-0.03796559348259033,0.03141321767197065,-0.038816568665138475,-0.07798205744260235,-0.030339967088679694,0.04375814838198644,-0.07614278010410022,0.060020914250230775,0.07557899172697449,-0.0027266463125356108,-0.060911951506184746,-0.05443988129683198,0.018458209801418848,-0.03449070214191392,-0.0026213905961844962,0.007105505394778928,-0.023410173996574087,-0.004906977183739153,-0.0022949257704238672,-0.039083713344981036,-0.014965065846318272,0.07101078628451554,-0.014726754784881366,0.08787310044544605,0.0097655039923786,0.050084048592305475,-0.038107784405484964,0.004521748438114116,0.0,-0.007988823601020982,-0.07727800726834576,-0.07948060187869237,0.02107663274015177,0.013680431518492582,-0.02756595408463738,0.08053319755316006,-0.004707055816302952,-0.05706088734553469,0.06991492097457047,0.028665082092905237,0.05606151883809397,-0.07007083379570105,-0.029883360521442255,-0.11723947653842358,-0.03695103818134538,0.0230318416509787,-0.10318304714826355,-0.09260226306383351,0.03235459259568859,-0.06043142903283276,-0.025207139010373525,-0.03515559508684958,0.011372835621906288,-0.006769080003301755,-0.06291345043202404,0.08541841891092933,-0.0581807322635151,0.07764692903177796,-0.08695476253784523,-0.046806110542314795,-0.06012445942734782,0.03828022466509452,-0.00419065333952214,0.04366419288718574,-0.0013034361061360208,0.016598815751572814,-0.020815667785665657,0.05757286945874427,-0.07676107041137228,0.0039052430821719204,0.06689425222872435,0.029816685473931754,0.006388388503170893,0.0716247887889435,-0.06457980233029884,-0.06683950155622585,-0.06579722149075398,-0.05841043199152294,-0.025702194686299393
GGA3,-0.017166752525315302,-0.007796955049626284,0.0386047439284222,-0.01724629387324036,-0.015102846632776083,-0.0046600781153888085,0.03901517261703512,0.00011387122800137201,-0.043014360653980975,0.060019502348022405,0.05184953734923665,0.04495808273803289,0.07452940261302837,0.010455698046059426,-0.014648939744435017,-0.025226632827706742,0.0394907760062049,0.026527751128938477,-0.005415671183518719,0.022646833149692097,-0.05879345939710641,-0.06435786726062387,-0.06266422766474164,-0.08736992530040706,-0.02354387814764257,-0.06005039521978527,0.054466009533797856,0.04003462465679473,0.012709852540662803,-0.007036797717614878,0.0,0.0031853941629947733,0.04048244580255984,0.06270263475497924,0.021096734566178013,0.016415263204385213,0.06973422534541915,-0.03090894014017496,-0.041293408936668045,0.036369918212096945,0.05387423030173245,0.016257054313298366,0.004560346899290221,-0.06976540049930442,0.006846277657849267,-0.05247659344297194,0.006787087874615295,-0.027474165949944403,0.027976397043386194,-0.004503315811644889,0.061457926804191036,0.027572655712984215,-0.00938778586799164,-0.024591289163254176,0.008657769362497403,0.01959053540205677,0.05333231484414877,0.010945983866813216,-0.03960068111890049,0.0758953882630066,0.061931150930778646,-0.03696789520497854,0.03133324455493239,-0.04662190211544447,0.017013980904893027,-0.05445292911957687,0.09638765209511055,0.02511940338287341,0.013995375132608252,-0.014179480111679342,0.02179759320898039,0.002658993960522245,0.014497073458307202,-0.031206925707889,-0.029188166527925167,-0.06164877597261397,-0.041367118369348914,-0.012102004479582483,0.05011522993933298,0.02656395236859154
GORASP1,-0.016162377193848006,-0.015418734259641137,0.00935867506366493,0.011077947322022504,0.005823197702169623,0.0059420208384379815,-0.02717609118473004,0.03853830374619118,0.04716097323696221,-0.01873056460278302,0.002170867302698974,-0.012032637951141047,-0.012862930984994381,0.0157789235254945,0.0009834816529656286,0.012744618194609219,-0.02192724030409626,0.008203775795955784,-0.012349082633311794,-0.005146022581001674,0.00817214553960358,0.024324407918985415,-0.002787891610107135,-0.04751772945384812,0.00033926660842390524,0.0287243094801726,-0.009031550607760298,-0.007565271480537301,0.010046501330891317,-0.060363285522850196,0.0028248012728701566,0.0,-0.0033257282304047426,-0.003856410415087453,-0.017321394034309625,0.0016623279323502676,-0.04143939812955767,-0.0060556299420106595,-0.03499165728116385,-0.038761155133883285,0.029570867603146915,0.007774851591974355,0.001898929815759039,0.007104509803961852,0.01976474143595573,-0.022503271781656273,0.04064451202073767,0.04243269070089017,-0.048247902733414665,0.044778129017997756,0.010879994022786913,0.003437034929570284,0.03239992639057972,0.0023675312348532228,-0.023599023983751827,0.030284420757982478,-0.015733907047912696,0.02359005798854567,-0.036680195775766145,0.03295995490725539,0.0009503693631671683,0.0074574055271468456,-0.013049869443951534,0.012874524224232796,-0.009052365333251516,-0.006570216134095975,0.02209630204776859,0.015222748547998334,0.0011969419998426553,0.01834048739222208,0.0022857009473789026,-0.03626359794816898,-0.0009134228644345153,-0.006205862715361408,-0.007200137945907342,0.0006956869857610391,-0.03688418476794958,0.020424655379744503,0.03958221300820773,-0.0024632332109802775
HSPA5,0.002280148462569818,0.02723583202259942,-0.002996005576269013,0.06334368492689683,0.02617017207148382,0.02990449742165106,0.030199653837989938,0.045860779481365105,0.00675414576589649,-0.00424648281553165,0.030639184536519454,0.07073634925100097,0.03036311799897214,-0.014860917162112467,-0.05116262373794783,0.03633335290905388,0.043029659663647885,-0.011438304924191513,0.031645131377447025,-0.014455336950930715,0.11825594438190075,0.06556414327111684,0.05320736889964612,0.041086589023530275,-0.055064434639936016,0.024866266043058857,0.03739896490574173,0.16942436805935074,0.03197925265051019,-0.07507357799068676,0.0434110685071971,-0.004021571264591718,0.0,0.06523926176462147,0.06307228671045838,0.015027282240942344,0.07658428224912832,-0.07027021647043301,0.013728739728796976,0.018171938253244955,0.03290420513521369,0.0007696777656596702,0.09685819967862319,0.018817058837848216,0.05732240932318961,0.06969056593716944,-0.0029458553004277177,0.04311702389027903,0.024588503038711112,-0.05219352083341063,0.030111357720059528,-0.007985569899813421,-0.01091352333972293,0.06768492665545014,-0.021610310107477045,0.04365700398400746,0.03391454962472934,-0.023621686089325238,0.03757859174371071,0.008834503778516736,-0.02239437144091373,0.035308931581043326,-0.011841624409046049,0.01658708837133396,0.018817394259481177,-0.05181778374325868,0.012435439154552634,0.0010324198007774016,0.07599374423137836,-0.022482449714086913,-0.0459267267709134,-0.011756396625144003,0.0036367527290702504,0.001088600358087705,0.09729387629599279,0.030338256075020904,-0.015108721217382513,0.07674674547324012,0.0012938352357964352,0.1138887205747113
HSPA9,0.010141416319706017,-0.05875955156747729,-0.0054970708772202215,-0.020227045270861912,-0.014089515767963431,0.011019965341324834,0.04614265724565988,-0.02472495665532734,-0.0055898198524953575,-0.013913616976012134,0.03431356141514926,0.03071965831986348,0.06688440970641722,0.002887842444211052,-0.0033653599035860663,0.018732226719614057,0.002214273501875408,-0.02392569902260317,-0.007085763725165282,0.05485552200553417,0.0026485335988528634,0.030387151502825147,-0.015581015574481558,0.006320622868371291,0.01865859007509855,0.005201920827844584,-0.01603335589740815,0.05001838386858827,-0.08646102740358584,0.01879689677941432,0.06348607585111972,-0.004403025698109046,0.06159819680184189,0.0,0.06296502872195633,0.047606062836084935,0.03114514703108739,0.06158927892230481,0.04887980721556181,-0.031787273981004525,0.12029890035348287,0.08215754678705312,0.011132127722366533,0.0037985558093187343,-0.06560321203949668,0.03722563352925006,-0.03305766143116282,0.004875179318702438,0.06307708778102253,-0.004675646424017709,0.0350733389148852,-0.043247645286931,-0.03863040195132337,0.005590282045728927,0.023703247473802935,0.03582294246897274,0.07498313858911386,-0.020167164895920804,0.044208173418386565,-0.03076692876995377,0.047604526155568413,-0.03433763925995935,0.05313304337236808,-0.04495374247941618,0.02236319785249538,0.04565305338087838,0.014221587691173078,-0.03394291750032353,0.07300295482261557,0.0617279955729513,-0.004839207373541244,-0.059596452009627515,0.04878646440020286,-0.07002302288537844,0.0020794925820076414,0.012249347883296144,0.014293344887982774,0.0396441011600745,0.054024013382730975,0.07704960015361853
IDE,0.020023278477253728,0.02684679595501197,-0.0337278148474413,0.02564760979066464,-0.05051226541640523,-0.01147816712453308,-0.010543406819229243,-0.12095757243144324,0.021441390094134795,0.08759982667247239,-0.120618473251993,0.08859723522170437,0.03617607110428275,-0.0019775009017570337,-0.03957566199553191,0.017976070107958254,-0.02017763808803086,-0.021796686094511068,-0.0025360886824552166,-0.047915722638112,0.020020662013179605,-0.03496200826417046,-0.03629271017233519,-0.024844020401153126,-0.07040394121629837,0.0006756597519623382,-0.11231238128922673,0.09180579833250516,-0.022755248938305085,0.013585831897606506,0.023785344379762943,-0.022021775252968234,0.06631305704348062,0.07011338217943984,0.0,0.0038202263721199463,0.08489166779997118,-0.04125938468961877,0.007662965607522183,-0.019129898561522356,0.012016328485975171,0.011598608334760703,0.0011972273533768449,-0.004696786732392896,0.004270433799867668,0.03189915626757554,0.04436132994291405,-0.0027055814408685776,0.03592132816108196,0.03342011620419366,-0.04419609378040406,-0.021423264731100122,0.07163278800491989,0.10320381484493425,0.035608760301068514,0.008971553747842927,0.02881729696130703,-0.07731189395240985,0.01883764998141657,-0.07083841766856763,-0.02903501330427735,0.1110553738211726,-0.03568813333753736,0.03684506462984413,0.06587906816716761,0.00011148727967483143,0.11124174193651229,-0.00988394559016681,-0.011025798767490734,0.024964620175368803,-0.011180240285145191,-0.02459783969298218,0.09809433622033802,0.020385086126193802,-0.017785099371757002,-0.06000360590500607,-0.03982118996774561,0.0372612003462538,-0.06953109133394932,-0.028006746690113132
ITPR1,-0.0507666513602402,0.010558942870822693,-0.008623394366418792,-0.04694657409645817,0.06556703579131935,0.10263300343289442,0.015557545472033522,0.002134447355751792,0.0008845924986918767,-0.005479051905415775,0.04144317440182121,0.007793886057171843,0.017914160611171157,0.04743532692989078,-0.0039453057590964095,0.035703918585178504,-0.004839257027515261,0.02227023913233362,-0.032108137358342656,0.02257630580556685,0.009361147026424023,0.04484254271856186,-7.518175864400905e-06,0.031631948371690644,0.010017314498844873,-0.05132200425625812,-0.06147664802721146,0.011848739622409543,-0.10590229048100382,-0.02633580387927101,0.01780447476829754,0.0020331681510034213,0.015199455380129805,0.05099773500415813,0.003675159644937341,0.0,0.04335246370626345,-0.07182437109913598,-0.03456631284149656,0.057902956223231154,-0.06746493286753014,-0.015262233876036034,0.019085006060773742,0.006491764432333585,0.1278751757327459,0.05273412793116427,-0.01598654518151034,0.007604578138211783,0.05238544541648688,0.037232182473470404,0.004075379689957275,-0.06248280294147308,0.012528164192539238,0.00921063730239714,-0.0528534423272601,0.05082146468724783,0.0013944519511905429,-0.07247192805155224,0.015206360577079836,-0.026518886174914488,0.002335631843067228,-0.07233157898622901,0.08658038451906545,-0.06378417007770819,-0.020956290837961175,-0.04509082370248641,0.04649783034644331,-0.052179309708987945,-0.04722833329597737,0.12457525545899548,-0.038202273063655326,-0.038817117180893486,0.014015917797977909,0.05601030027731107,0.03588555776949157,-0.03160336338655245,-0.01832342530877102,-0.029940493920782872,-0.052857453101857826,-0.010190505392314374
ITPR2,-0.01854848453124571,-0.022449576121628814,-0.031047232104420897,-0.004267618985136005,-0.044100952649045976,-0.019058508400725063,-0.009620658750123322,0.013018540172955334,0.01377556681994228,0.0078261907739394,-0.035267568161745144,0.01583398838735354,0.09873415551008453,0.049044176291915154,-0.017828292310392495,0.02722044622563371,0.04743296459908583,0.008355971953582269,0.058126333218011236,0.011352781263869332,0.026281552892885193,-0.02150745535310362,-0.015778057411875743,-0.0350523638953467,-0.029037014444957494,-0.03557419584847235,0.05172003916474553,-0.018130367235750146,-0.023361806143762338,0.07318085807928087,0.07194097182030242,-0.0482079915378434,0.07367772942149516,0.031734233386163,0.07767856253538724,0.041234695026631026,0.0,-0.04277471893185539,0.012329586312445955,0.10332407507623227,0.001676679388752923,-0.02898338311084919,-0.02650344599802844,0.02178657007197211,-0.04312435776877893,0.017307643223143217,0.002544319022715998,-0.047406974687406817,-0.07309584293288128,-0.04703065992814945,0.0013241114063329742,0.053847511338892255,-0.07747527030136266,-0.009707326434272984,-0.057550269360622984,0.049435200740135576,-0.037376225969214825,-0.08110962790665087,-0.011031750382767214,-0.020654073947561316,-0.014973508697055358,0.03874313906022397,0.010156426879391982,-0.041287449759215854,-0.03684996372839324,-0.015626228798743716,-0.004812012746880423,0.015578454952163178,-0.020194974058520304,-0.004800113886396999,-0.008444446316094704,-0.01292786857964058,-0.015653653967129144,0.030333514704947506,0.030157363876037104,-0.005494853722587681,-0.058152147248241366,-0.018465603504835452,-0.02860694128392743,0.027765075612899426
LRP1,-0.03054929769954763,-0.05485637574596776,-0.0331094610004253,-0.03973447221795138,-0.0020897125300152085,-0.05302495427513847,-0.016868402328909144,-0.005756771760996362,-0.05429738191534327,0.007725488358618786,-0.01525605497532566,0.016913524650214097,0.10442271827598468,-0.07899291601794596,0.0918086435122492,-0.011752255410905318,0.014260277339151991,-0.05266982799650694,-0.0189376704747831,0.06224339824550392,-0.05043845941029394,0.0026378598259001163,0.01824672912395143,0.023055339592769238,-0.018463515645189006,0.03038489473892742,0.07013663466347682,-0.01611139560652845,-0.006031554005574182,-0.00444409416443485,-0.03313033159446896,-0.007319413395967632,-0.07023914690190235,0.06520097576483237,-0.039225655613961054,-0.07097937735096706,-0.04444250340085042,0.0,0.016430221165377103,-0.1214037765942408,-0.05396157937362012,0.016236201609371805,0.01204320555103374,-0.05799153859977268,-0.066666691190109,0.01843264181869869,-0.00629450071032925,0.03350445731349538,0.018603287462411362,-0.027176158071106248,-0.018114021184295014,0.014612090814744173,0.025250013915306922,-0.045014276167836244,0.020084834780690994,0.00030260659621715694,-0.03618044694014558,0.008704652958396035,0.0699608691645585,0.002334471695265674,-0.07833126176499411,0.030850893641738143,0.038662191127120556,-0.034687727078622124,-0.05629978489588358,0.026595992643160163,-0.0003983867939147618,-0.02968615731977811,0.10423066496060543,0.009295615687971133,0.0017012407594493592,-0.05084270084123545,0.03132566373625438,-0.02664253940142324,0.035679288328015056,-0.021148493014195004,0.010861868026950786,-0.046263885904958335,0.04104789431767886,-0.05521660929178647
MAP2K3,0.004090405767472472,-0.012113334141444292,0.07765651301631189,-0.02340162059805488,-0.05899976971417373,-0.045494032000901324,-0.02825693598672476,-0.042951388959132177,-0.0599076844762857,-0.05284845214191959,-0.05234847826716887,0.005037220454593352,0.060376415439836344,0.004340570951746269,-0.08163406400834317,0.018378055794395644,0.08742983296169209,-0.034562645049355176,-0.03733102011036567,-0.029253621156655498,0.0043971907809036365,0.05180505835588708,-0.06022913800449,0.07880843082948419,0.11411164236811182,0.07249903747351896,0.044364352050976316,0.01773083363909588,0.015629153843739058,-0.05621310088180598,-0.046183572444603804,-0.04413128553954282,0.01431870448578718,0.053993760738663694,0.007601677803653645,-0.035643350982545514,0.013366723751467783,0.017143856667039773,0.0,0.006373962642511926,0.03282209158946034,-0.02812645300313429,0.04983941835037997,0.04098611904610583,-0.031616405089741506,0.010002272245707305,-0.03704515643129598,0.03413348737459999,0.14859250477201708,-0.021681162569186015,0.014982683413189663,0.04196523049044492,-0.09823705665270997,0.01358908745962808,0.0031375638449454325,0.025811200507434823,0.03893350392579381,-0.056741516748720376,-0.051822541725944825,-0.0032136350237320643,-0.03314061965650091,0.022219445250398064,-0.06622046246289677,-0.030555207675091373,-0.01910633764850718,0.07256188049419672,-0.07199620747750374,-0.04588897615648301,0.07851357025515956,-0.04811542725683633,-0.004965667989183011,-0.012495235176367957,-0.016466620224937674,0.018726447101587426,-0.043985703940693094,0.06343058030268439,0.09808820177605591,0.022176098404439397,-0.035008805559008885,0.007500083919688327
MAPK14,-0.126963017038342,0.047461301333758726,0.0801829264372443,0.0920256444410809,-0.05373041304422539,-0.008115457834094942,0.01495344919165511,-0.01585830694252296,0.018753137582630537,0.07804053740699876,0.02692180288430872,-0.05113124403902655,0.029397979830649915,0.016654095577100198,0.010356455282187082,-0.004445676201077106,0.06865136165424664,0.05299105067054772,0.05044986887511321,-0.06920286676068677,-0.03637953464857914,0.006202284428592409,0.0872797903418688,0.030125936776897608,0.08958613859521569,-0.03947350091125807,0.041095444137411605,-0.04021874814598434,-0.07894539470088756,0.07495960473415186,0.04426979450716267,-0.05320312869469322,0.02062684008630464,-0.03821428809436214,-0.020653023714097263,0.06498073253399009,0.12190917395889951,-0.13786553462526818,0.0069369395277721554,0.0,-0.08753142212013233,-0.027237895286540817,0.015985281288979247,-0.004282666951677898,-0.015655522016215076,0.055568370361620927,-0.07879203448574144,0.14739890882382897,-0.028127066927958355,0.013132918601769624,0.018699163641732512,0.08473730170063824,-0.021740479635496957,0.04684807250366361,-0.017993692948777004,-0.03883673051609675,-0.02496955561775631,0.02094906759678132,0.05078516613117702,-0.03839257804366288,0.08551382751433967,-0.03813827312282812,-0.053970606067431724,-0.05883116491599318,0.008926351143389438,0.012529417707121487,-0.02546008695626916,0.0471323222469933,-0.04579670261567144,0.012988257999363874,-0.012756964906020043,-0.018969052664169272,-0.02158217361672741,0.002473603383447512,0.02613153284821725,-0.038901725293594404,0.09140485816552915,0.01711122780713799,-0.030423573165189895,0.001910140503492225
MAPKAPK2,0.07396095117554206,-0.03680284887135714,0.004068876912731748,-0.05267517929917653,-0.08664951721559955,-0.08229990804465477,-0.006256514192666479,0.052285566732387746,0.056014325069564594,-0.07416479562453152,0.058171847891644285,-0.01766678507029413,-0.00831826646149882,0.014074365574563057,-0.08600688463090915,0.07867580407756468,-0.0162302423076953,-0.057789583353012146,-0.016704514574555886,0.008202506374558478,-0.03617153379372662,-0.009709742326023207,-0.07855093150875815,-0.13385181225272536,-0.01166842298970944,0.05633857465177332,-0.06977022417714049,0.06216817577698576,0.003404997822079151,0.028956434583853913,0.061784671152005484,0.03824186002289209,0.03518984327448162,0.13626007544425792,0.01222298413096896,-0.07133397704744945,0.0018638860900533328,-0.057735461834861855,0.03365573870314933,-0.0824704689093796,0.0,0.07407684413125594,0.048739402431098394,0.03207387992505877,-0.031118268459945145,-0.011372089673547319,0.019724074298393807,-0.05568291973919024,-0.059570480961498765,-0.024206488466435295,0.02608062301987201,0.011600328922581832,-0.10483439945380667,0.03685976688161784,0.06422290005500837,0.006504632384796994,-0.027905391112334248,0.11923151233989404,-0.03765359449746749,0.005277747706338435,0.0823391853534964,-0.044811757308269896,0.020060170171240708,0.003624605870453308,-0.012580081399788324,0.10025032064417459,-0.08235430867943781,0.046774556995693516,0.018975467826336394,-0.0009930119532605844,0.012064085199113676,0.0202680545677136,-0.003405189570190309,-0.08185004863372439,-0.02519755970983804,0.017884256896973594,-0.018939176399821907,-0.0075703635529320475,-0.05772377879348382,-0.01162184603058876
MFN2,0.0679655032704554,-0.006851153066792718,-0.018378259406174456,-0.01176919069979061,-0.0046589500704054005,0.02319692081885167,0.02135644174985789,-0.0019662217164605326,-0.00736999152181987,-0.03515494373891748,0.024852259403241095,-0.003855873081931055,-0.043472633181195555,0.03466293824886209,-0.02396123576027039,0.056993214243218016,-0.046324810689552326,0.004489895766432516,-0.04010051851006165,0.003960658975467711,-0.0064525481036410235,0.05934378989001682,0.012956603574869633,-0.004936534417841602,0.05155026464249158,-0.05554454789621883,-0.03444272639478046,0.0021329284239346093,0.04405367216776608,0.04772198600736724,0.015710979827592047,0.008472836030591785,0.0006936439821041889,0.07841807619450702,0.009941984747996709,-0.013598725358146567,-0.027150646321604407,0.014638756289092359,-0.024303543253382392,-0.02162568031294461,0.062422940868671645,0.0,-0.060981256516976286,-0.04466271260394847,-0.066306737081486,0.049126782307867434,0.03799003846392073,0.055088027042716065,0.0045732288332453975,0.02810010778032551,-0.006347650975809423,0.01300759606689276,0.013097043262953042,0.013831039975747389,0.04482126288080586,0.0018182098867523789,0.10867455547783847,0.02961258752504205,0.0822164571571697,-0.007209705466081026,0.052745875680445295,0.0037947337216638326,0.0021876731391257463,-0.03782852037455375,0.008473206285812598,0.020028168739129364,-0.010580353583722233,-0.006513456596748101,0.08291397052459969,0.029183101746646928,-0.0010841111127771104,-0.03849634264763377,-0.0064461795787492835,-0.04474089858565522,0.022271317752971552,-0.036136138276269394,-0.029339659612745452,-0.07327521070780868,0.01672423001059873,0.005774696738619983
MIA3,-0.012306609550961458,0.00886913839891974,0.041375473990627375,-0.008004294259247483,-0.051724684221849844,-0.05776297447030984,-0.002977313736171138,-0.02247794099577012,0.018438325259657006,0.03826995324665874,0.02089715648570145,-0.052273830632279514,0.03380791727082844,-0.02309707758800541,0.028536668777149186,-0.021634353740550897,0.027944100060133023,-0.012625434249645741,0.019434615094695004,0.018163568957959984,0.011145316011863787,0.05618512565158479,0.010206369344603162,0.0036311722338705954,-0.009472884562374826,0.046372989275999386,0.014954660306807357,0.1131773244472305,-0.02885078534945409,-0.06198867593058298,0.004580160738884457,0.0021506366016240644,0.09071633572441848,0.011042523358204178,0.0010665108184840855,0.01767233053965159,-0.025802088770848906,0.011284524641636016,0.04475576841883514,0.013189791814395304,0.04268382972622048,-0.06337497397163898,0.0,0.01480484704835233,0.06079486264053126,0.07135994672452944,-0.025993565590265853,0.008801574258709562,0.03628465379948444,0.043545638787035136,-0.026073214767423115,-0.005090069051477158,-0.08411093203687103,-0.0022819112396390436,0.10722662420205951,0.06092692622552262,-0.055976523506668874,-0.001879284931607927,-0.014140322825688544,0.03711180109301095,-0.00011756542269320245,0.035135768747500844,0.035985101271758566,0.07549504276540564,-0.030812253253926374,0.026681107558047316,-0.003367816994673986,0.009308397553422398,0.0224064731691803,0.0016990856346510098,0.01449541624817767,0.030397008324695912,0.10961400556668464,0.08194604914408993,0.05066913689335477,-0.002489561413687674,-0.01822175687874883,0.0429024949924338,-0.0361099196633806,0.025598817363025744
NCSTN,0.019085402573905168,-0.033156281366457374,-0.03460777753095034,-0.044181870873902344,0.026521129498140256,0.022580154221331868,-0.0008295431576760024,0.024519635577880776,0.0349637037469405,-0.03608755502004962,0.03369347578240587,-0.0278332821492937,0.029453927412365702,0.027068402130985804,-0.014188326858245318,-0.029870029090641854,0.03943256351334888,0.06719678627236507,0.08357725827791408,-0.10960432579734283,0.05814145173465616,0.006759208978717473,-0.01688691741124907,-0.02891283868812916,0.006181357604816029,-0.012448871202051634,0.04006513763384351,-0.010591455999726399,-0.017289440775413948,-0.027191780120686296,-0.07207025556577683,0.00827609310831513,0.01812733583786708,0.003875625355123958,-0.00430350791325111,0.006182973806348227,0.021815969325011935,-0.055890620674871654,0.037856981315101394,-0.0036346708743259454,0.028891348194840884,-0.047741894924933526,0.015227796198794476,0.0,0.03787444603937421,0.012500377035067864,-0.02880618454073475,-0.07513075041965141,-0.052432125959126635,0.02584353946388549,0.0007630999574414485,0.014232073557810008,0.018126747920855467,-0.016002607638319247,-0.023639362094919316,0.004320075954224267,-0.057156771275667415,-0.09977830869748733,-0.0706901913428955,-0.023803601442197952,-0.020224070471454397,-0.0157426090163843,-0.0009991007102728854,0.056713765777225915,0.0570699850363919,0.12414278075372871,-0.0766452714368077,-0.024072897250054816,-0.005805224176227967,0.031710681002974674,0.04414405830579983,-0.015830752569415123,-0.0070696693829259555,-0.003972315621469569,-0.02008612537503709,0.10801648319667113,0.020552041538026374,0.08346596742920608,-0.0054220284698574765,0.0029693893610059827
OSBP,-0.06570205916065561,0.0027682097055740534,-0.03181668435909681,-0.016457213891777067,0.11108258609836351,0.06412785892607017,0.04237025988071071,0.01648454322440092,0.02089999581073342,-0.02922367421495282,-0.06256459548965364,0.004299609629070001,0.04329020466305579,0.015810240086285732,0.003944394008892535,0.04765102840905627,0.05470351299023251,0.026052232130105036,-0.009465182083757394,0.0027068552436469258,0.022485725995735673,0.05180934647097829,-0.06678372274156458,0.003305235873842873,-0.07473530363313287,0.04365508792839561,0.0750395826373893,0.02178828230629758,0.05255166515383907,-0.11498791546135292,0.007623257744744244,0.024817184655204803,0.05952190176556463,-0.07214703793729874,0.0042175853884297435,0.13127771925293683,-0.04654557676819843,-0.0692553497294617,-0.03147688851096015,-0.014321498665465011,-0.030213557015198334,-0.07639806130278205,0.06740158931566001,0.04082408074506637,0.0,-0.024245662941561677,-0.0276554395028878,-0.05276714034912691,0.01036930595632688,-0.0028960258987628176,-0.006278675175739394,-0.049854982801551914,0.03966833088029356,0.06344495684527529,0.07356099874256151,-0.07297901140953968,-0.03185875925096776,0.011063684271050742,-0.046517153390408385,-0.008842817409629373,-0.002113655356077061,-0.05665164305853567,0.032613478340238006,-0.010834415978094425,-0.005081167118731563,0.03596668718995343,0.08354063872403528,0.028342897785283573,-0.07864953524603022,0.0036276562516282603,-0.044831798301057525,-0.01454365243137431,0.025498883205973856,0.09057947560196124,0.06277292602642891,0.011315327383927563,-0.01869005888282242,-0.0055951869003732675,-0.028756395634018998,-0.040091225689048576
PICALM,-0.05913243692843779,0.017504267835759216,0.011414284042655898,-0.030135553649118067,0.0379207865646125,0.04881322227261895,0.0006169667298702034,0.017810471938942522,0.033570445695743883,-0.07749862803227286,-0.03505813599279124,0.027732982072676365,-0.025445887548931862,0.07606515452926271,0.06205568755022221,-0.027892264251416162,-0.05115065217675313,0.0022207718499917804,0.06877570146072204,-0.01731653939651982,-0.033667140544637285,0.08470784340755896,-0.0404208895278654,-0.028123699334637247,0.009327540226923073,0.06268638500499381,-0.10192500990058619,0.0866028087769684,-0.054411729126192465,-0.04013189383106674,-0.06470478662686166,-0.03128900262481521,0.08013293200271825,0.045333596918513214,0.034886368647782336,0.05994890118464935,0.020686089026294197,0.02120394599655127,0.011027134175928382,0.05629025986085886,-0.012226760049876963,0.06267981126606782,0.08760773499187881,0.0149203124061796,-0.02684842060513425,0.0,0.00036689910171778715,0.01775129495223802,0.00023778485520291705,-0.042094206968069266,-0.0400117101243113,0.19265939501127807,0.03578131613870572,0.018823472243695787,-0.02611287714007936,-0.022499519231759562,0.023835676151165126,-0.08294634382649242,0.075745416874079,-0.02790697844306384,0.09848726579080133,0.06992415216938368,0.027918812262003913,-0.033975708833365224,-0.027767704340438362,-0.0005837852524469177,0.013631123978743134,-0.02610358660701459,0.031024230793029406,-0.03433105888085367,-0.10349396759613912,0.1260961206634507,0.07700918526952523,-0.024746241797756755,-0.026296676977689514,-0.03335688517152407,0.0024314881653359384,-0.06359755588595008,0.029640386004488876,0.0023098168723051766
PLCG2,0.136236768505618,0.030972542843976335,-0.07956358223916347,-0.08808455961388274,-0.060646034452878736,0.0020825322499922303,-0.004730844377547296,-0.02777934477425033,-0.008989340271593533,-0.012680254502292734,0.04717048783307237,0.07581494871159519,0.07885429568462571,0.001093133003941742,0.02710317178666425,0.13200690820862368,0.01812021712351127,-0.021051419171906654,-0.005948003960960363,0.015472450163435106,0.03179494013409734,0.016103523330313087,0.08250937406347408,0.03374257399280201,-0.07600210139570195,-0.010135658199544706,-0.011162524789119067,-0.11591218483827878,-0.01288424146721117,0.024020159994980306,0.008035972963687101,0.05426654700506818,-0.0032526150930704116,-0.03865755911825421,0.04658706465545194,-0.01745132065034061,0.0029200900221544902,-0.006953038152664423,-0.039217476137118325,-0.07664293503117367,0.02036347836513209,0.04654395818058606,-0.030643474906188062,-0.03301602334453549,-0.029406914864349255,0.00035231478475246077,0.0,-0.025422214561081496,-0.034986588924147244,0.025007488776715672,-0.017688626093367292,0.10988738492592331,-0.02768713739559091,-0.01466329594959559,-0.1105121545370439,0.07673143437356551,0.06897049224411254,-0.07595235294987877,0.004153960451220998,0.12565200383699568,0.032941114881143464,-0.013433926318806756,-0.05808023243680694,0.09348601139166114,-0.006601679485188483,-0.0393661976623887,0.04762905438686271,0.04609003323799768,0.020144857722154116,-0.04321911380456678,-0.1042831727711572,-0.04327349826336063,0.09129640486760425,-0.010942046829462395,0.06465031719528237,-0.03061386420187998,-0.026132144343174932,-0.00578838808046602,-0.040694276502133954,-0.07676281886125019
PLG,-0.019723288796694455,0.05186916742817672,-0.03566702160494574,0.03253525965370102,-0.06615663434130899,-0.07602190054950614,-0.06723122301546641,0.014438483199736202,0.1055523243857491,-0.00680354070129741,0.13396375758258694,0.037478628869557086,0.033879675016709576,-0.07717575878003145,-0.022433880951740214,0.0020150955152663515,0.03968194605423551,-0.0023140352752201304,-0.04423160755653573,-0.03347350733387598,-0.0348371448671238,0.04103783809940183,0.018652466189199683,0.014782319323023659,0.014711246087180474,0.02739039654180183,0.017362978412560483,0.0016095703447985058,-0.03519675104640901,-0.10924204779834976,-0.0330227902155294,0.05751287788756045,0.04832860867351164,0.005787448634363229,-0.0028844011135952647,0.008427195309183228,-0.055233322741532365,0.037570776163515465,0.036682854522215355,0.14555205293408446,-0.058359503293819885,0.06851490386125987,0.010533356094345655,-0.08741601502792233,-0.056959571299344224,0.017304079989365978,-0.025807600871186557,0.0,0.02545799093013589,0.024833144091294588,0.005336328355495665,-0.02307977848402525,0.04423146585692484,0.09106459230164815,-0.05418778129171728,0.003197646755200936,0.05237798408039847,0.07505314569720233,0.08574583210287456,-0.10409083254527894,-0.03496238325362886,0.060002912664955235,-0.052655806409762175,0.041297811794976894,-0.034816376805456586,-0.02131075831037113,-0.02151844909662595,-0.039601179343715494,-0.007642338564454441,0.10865591188176055,-0.004476052927565174,-0.023510345923513656,-0.06731409488131944,-0.0513844826326204,0.017852456269264686,-0.008870422137627775,0.05302746428860594,0.011635135632338846,0.036053967890594944,-0.0029162347897369037
PREB,-0.030467915550459548,0.05388708414059887,-0.049883513565338385,-0.08356761564558585,0.01491131224855209,0.0019833772624188468,0.04288537931373106,-0.11525091198042305,-0.09194858611531125,0.03279405661748818,-0.015051264106886515,0.03989873378376797,0.04375177045171257,-0.03492538515845301,0.00538441628549998,-0.08433097209594984,0.033801639752136875,-0.00939900711490846,-0.025758745373150045,0.03222959382995676,-0.00938664371044653,0.003359472506911659,0.016620897078235778,0.09841839382271665,-0.09349485024999689,-0.035945630461851126,-0.10357081380630838,0.0519480011765763,0.04395204178827342,-0.09517500709132923,0.03264381179558447,-0.06348378351904647,0.02675515303698945,0.07269223519308878,0.03717639409553817,0.056355772527125536,-0.08267447423787552,0.020251495982617627,0.15502409300808748,-0.026963008422156223,-0.06060947580520815,0.0055216719501432225,0.04215501290572005,-0.05922302402266668,0.010866074445342128,0.00022502071390225056,-0.03447908165579758,0.024714052300475502,0.0,0.004684028446994081,0.022133974549091204,-0.026558832150279613,0.004938905324959712,0.04064205372476876,0.042221813796244144,0.09219583351777368,0.09307233727558985,-0.016499411490810592,-0.018992180432612818,0.02004965914944409,0.04082338201353449,-0.03361786155532196,-0.006253102980344385,-0.04724301325872294,-0.009681044988601228,-0.04255988009929317,-0.0341893956171941,-0.048674944105561876,0.06491561729889563,0.03065377269555249,0.03418923998293616,0.06869412609312733,-0.024214998968613444,-0.0008501140518884121,-0.05528211266118556,-0.04429961283698504,0.11528227797899643,0.06412372462651315,0.01709834813298869,0.013125507761426453
PSEN1,-0.031400074487167876,0.0014018844060079121,0.042684831976916554,-0.042847131769312485,-0.051128204736994545,-0.003214044220804797,-0.00010932240241359388,-0.07845532312273078,0.016828237810869992,0.06121216868453104,-0.02802450708087573,-0.04932100781085675,-0.0800915647117183,0.006394533369816077,0.03270081116784857,0.029722111079338566,0.014534046089220772,0.008855617109372398,0.010624664297714567,-0.02871547332672725,0.0039472535642339586,0.1115963109997323,0.030739737043313807,-0.017048619629712894,0.010988171621340167,0.0045708478227771574,-0.006793437257751702,0.022965525206090177,0.07105946628872845,0.029464455720712462,-0.004655889418330868,0.05220492489807604,-0.05032144621783744,-0.004774404611491658,0.030646720170314768,0.03549011698298602,-0.04713255746443921,-0.026212994905427316,-0.0200422295245484,0.011154916486431346,-0.021822393568832685,0.03006192754181055,0.04482621590136215,0.02586463030295111,-0.0026889739720237942,-0.03529570083664972,0.02183661615640781,0.02136056384467174,0.004150311501293064,0.0,-0.02359015047375262,-0.024919100258813828,-0.02194940609042631,-0.06403002738543388,0.04246683434275638,0.0031894318442885292,0.07588709852121434,-0.030411280643936948,0.016411974320724193,0.02264303065867147,0.027381812085265175,-0.06646601733089133,-0.03417916626219714,0.09539762389579967,0.01736018537708081,0.025562905810933265,0.041074486758659524,0.022736087631979224,-0.04239291801838277,-0.013865692773966577,0.05994545612711086,-0.032607604546584894,-0.0012706154971620885,-0.01127946909447821,-0.04768058666483977,-0.06669662649932206,-0.09022173334791705,0.014685884333963827,0.020074575812011518,-0.020333040971355527
RAB1A,-0.03443574216474651,0.010738281432617037,0.06034645841214145,-0.011466284484183648,0.03390880511821759,0.021840816407792753,0.031892375188907286,0.002884615484103646,-0.02348746965559794,-0.005525200945576153,0.055918974615613855,0.02981073314805199,-0.007592904030341385,-0.00952922970086857,-0.01666559432319033,0.009574082734210697,-0.03488891172472804,0.026546053270655484,0.010552611993210611,0.026343416092739293,-0.014507990407124784,-0.029537758529859386,0.010306227479530682,-0.04298313710221268,0.02741636366585626,-0.003875796991883801,0.06594877175954753,-0.02102096393244764,0.013714745875803883,-0.04901974801722966,0.056597061196327236,0.011298477149046776,0.025859050899367204,0.03190071326879054,-0.036099871543381616,0.0034602122242235744,0.0011819801483024615,-0.015562851637100625,0.012336693961222335,0.014147280869995997,0.020942777361418422,-0.0060487773662973995,-0.023907145108949368,0.0006802701804021254,-0.0051927557529723245,-0.029883558690342673,-0.013757992938728345,0.004088549607190199,0.017468929775127887,-0.021012437464735502,0.0,0.06033655819585765,-0.02551174954993669,-0.009678389449501877,-0.013544493274729145,-0.005239277410313185,-0.05905560418442669,0.007952568572313105,-0.03119558849368134,-0.009912009238225258,0.006299651571119353,-0.028679122773272156,0.011183934656980848,0.0047959219861846945,-0.011559920087040312,-0.05356492373375692,0.046968643233722476,0.04224063052326734,-0.0007080090369910191,0.006750353967346982,-0.038080942674669,-0.019675110805721853,-0.020569599460873927,-0.05111420676776606,-0.031879763857301686,0.016146591110064997,0.07906030630333305,0.06818909137352815,0.06191932743283685,0.04077572015135849
RAB1B,-0.052242714587710855,0.05486255889897142,0.09267638280885113,-0.037889535779881474,0.06284461659049413,0.03147094028950846,0.020433202766418586,0.026513660666651374,0.0007550332149558038,-0.02971559800919726,0.0015744775430042086,0.010833188554245098,-0.005899022767607722,0.04946473169437553,-0.001714980714723837,0.05422373245851832,0.03279306484649844,0.08224218908783629,0.06749681256524737,0.057200081610130606,-0.07263449366020763,0.049865577725692396,-0.07508354740440515,-0.04310311214901346,-0.019979478250850693,0.09226202803096331,0.006849556553224715,0.020375518095753338,0.07019981545428346,-0.028266796002355182,0.035102608564723525,0.004934237148039256,-0.009480537846181731,-0.05437891850763476,-0.024190912053813615,-0.07333984382530194,0.06645017211618141,0.017355274484015845,0.04776872164549346,0.08862785574276981,0.012877496360191924,0.017135485779080695,-0.006452107989477279,0.017539330126997762,-0.05700110420075362,0.19892080619675975,0.11815541684499208,-0.02444573958172927,-0.02897748468657807,-0.030684771831282886,0.08341138854144843,0.0,-0.02095621817593324,0.02775368684300776,0.08492799458658441,0.0033221614425232755,-0.022198934752583895,-0.06909957074519135,0.01881553041909672,0.02486377992779007,-0.018666133436758155,-0.06167328714129828,-0.06366219353336611,-0.07519177078715297,-0.025057778258227924,-0.11066361944802931,0.024569674410807908,0.09262048390241537,-0.00175473043059592,0.07597585330433908,0.030508996012537388,0.004748417959429322,0.00641906416408058,-0.025184487000979448,0.026333981967939405,-0.018001455564917553,0.04510838810652664,0.018728160186388034,0.03817384934206219,-0.07947900247496793
RTN3,-0.0959766009266083,-0.017595706390774,-0.004865660186837564,0.028115541692389525,0.05216191893664053,0.05984081966513201,-0.02450275361403676,0.09475554065672134,0.02387716467270116,0.04009412696794633,0.002353634081472352,0.053238460258257646,-0.09782005683536742,0.0007920686691024861,-0.02081261440908152,-0.09392328329103658,0.016851383315469134,0.011863617432723437,-0.01804860627653487,0.018503826141952204,-0.01877164885254619,-0.08496829684012187,0.014508455517052082,0.017910356086468005,0.005524872675067001,-0.06436349614859477,-0.007898569107379187,0.0935668416683698,0.04448454421614437,-0.03598573445891261,-0.010909550502285053,0.04245833753924946,-0.01182700910747664,-0.04433842027846503,0.0738348388980973,0.013423006571777927,-0.08727230827870103,0.027375599255726288,-0.10207331915302709,-0.020756189242747358,-0.10623015930857235,0.015749092359504585,-0.09732250706636543,0.02039142644032526,0.04140011180619314,0.0337232341963128,-0.02717482420096632,0.042764733117052735,0.004918869501998137,-0.024671536835274944,-0.032193481839959535,-0.019129155617308817,0.0,0.16943145409593677,-0.10682489080621528,-0.04276156710828416,0.019859120580986225,-0.024642442053675963,-0.019195992798817764,0.004805209760830325,0.012306936809431828,0.04988407630049129,-0.010361864720642771,0.025945005902846534,0.0925976812546375,0.004975704071467029,0.03900653311016427,-0.11644856613972805,0.0224531621059622,-0.012712830343817432,0.031849038704248295,-0.046645798466395716,-0.027253496384079947,-0.01203470454231156,-0.004296017400135204,-0.027943427725014222,-0.004709764740759847,-0.008847904780232105,0.027712029634992853,-0.06386942587591717
RTN4,-0.005150337909572348,-0.06462901053643645,-0.028206083965780757,-0.010127825048034264,0.008120795975051854,0.0005898114589679265,-0.02714095051614387,-0.003973044042371432,0.056519383573691656,0.03831681821202568,0.0037082573059582075,0.07097245456315152,-0.027216832173196415,-0.008337373508423604,-0.07753543408424718,-0.012213704128492589,0.03207688298495853,-0.0013425842526616435,-0.04366780493655368,-0.03351168715316869,0.0521776400212952,-0.008767484596380661,0.026948903128768673,-0.0016837032829033565,0.030979778257709242,0.15988980706312214,-0.03847175014709847,0.04657357139632243,0.10332279071149264,0.011307314900704036,-0.02775746408518536,0.003013488142785976,0.07124538212531928,0.006232173227535491,0.10332372046997233,0.00958532527324814,-0.010621058593352979,-0.04740313796750204,0.013714563729177735,0.04344352288954258,0.03627867467711217,0.016154440169823918,-0.0025645690566737443,-0.01748530759433811,0.06431458935567283,0.017231673345015405,-0.013978967501682156,0.08551824684561987,0.03931561315066193,-0.06990559317167644,-0.011862756296540638,0.024606983635137556,0.16456930910968084,0.0,-0.029232755555363085,-0.05018878998508966,-0.02464641192860497,0.07961507741679853,0.004508939113092241,-0.05297192845405815,-0.0021411451566817163,-0.11180134686451619,0.031120139191050916,0.039629528749446155,-0.0626963414336312,0.026958566302594505,-0.03267732860660545,-0.05737422486971451,-0.022489133855071702,0.02104306889035772,0.019898619075853597,-0.057065317967145306,0.08497206084062128,0.1204346137408826,0.10113280553875567,0.02494356250977492,0.06583152356252016,0.036097651451503586,-0.04112103853870587,-0.040056475580841154
SAR1A,0.03671190764870037,-0.03162974767849961,-0.0034277630354461143,0.044414622071182686,0.06856375414873131,0.039963597595661655,0.05028015546164184,0.04187014213378787,-0.004658870721391311,-0.00356652638098184,0.012316760730059748,-0.16895210506155778,0.02317638018203702,-0.012876475841262053,0.005965305214096226,0.0441243182823334,-0.037529450810116535,-0.028011057904229097,-0.025927619145437612,0.0908293396109828,0.028175482582416377,0.08626669272911629,-0.03605445437970044,0.03247710214594945,0.08071186864993672,-0.05975903768616344,-0.019607028315408864,0.08455105767059135,0.025364180565297045,-0.007467429822917875,0.01084314536634316,-0.033328716495424536,-0.025239255169714755,0.02932003099879302,0.03955595889657567,-0.06102969927167521,-0.0698660690972859,0.023467988251999868,0.0035134603177214927,-0.018514176148118143,0.0701357619476122,0.058086063125790434,0.13371159260683926,-0.028659529105944298,0.08273909944558801,-0.026523645731652987,-0.11689725658600536,-0.05646266706906239,0.04531866119940296,0.051443309884327215,-0.018420272664561466,0.08354863209548755,-0.11512722674388445,-0.03243549520402276,0.0,-0.047346076221255896,0.03018674292700821,0.024041399246454768,0.050854756854721,-0.08024385853917437,-0.029279925085836635,0.0536170052119495,-0.005451727003692564,0.03329520049947934,0.04335762308839028,0.006969861522191545,0.02970319461336742,0.026918500995987416,-0.03859523679848281,0.0032671608382311736,0.14598452712893065,0.04017103187070805,0.11428331003886068,0.1311564172752238,0.06577570300289919,-0.012309197029736426,-0.03161806941991121,-0.014019050364539654,0.06392312938013069,0.03647798551125586
SAR1B,0.0010253285045439858,0.0401649045382097,-0.010516926257500074,-0.011416812096236722,-0.05121176393125253,-0.03823812754989526,-0.015470402970778372,0.02488652689833124,0.034109951455640775,0.00962285812493366,0.009414830622902484,-0.009209100130285216,0.04402587649851971,0.04106481536368398,0.010079866824472237,-0.027735572221745875,-0.03075289249724263,0.015134980117740046,0.012820880093776832,0.0712904559056164,0.058691632261484515,0.02925766643481155,0.051985440057796414,0.006351579098741695,-0.006011326759243174,-0.03750043218421621,-0.06077826058247031,0.019620639872775795,-0.05137916065443288,-0.0560514972606039,0.019815169146020394,0.034541884665917046,0.041178609226875544,0.03578656718128284,0.008048685112133771,0.04739334260617255,0.04846826361004424,0.00028555396837794085,0.023342797168382244,-0.03227222869978695,0.005736864266691936,0.001902979366095682,0.06135894835404985,0.004229868740737325,-0.06629234157616089,-0.01845669528575756,0.0655495629843229,0.002690869992542187,0.0799196717064097,0.003120287076495021,-0.005754490767885802,0.0026394377201962188,-0.037218717951201796,-0.044973813434446404,-0.03823721066605982,0.0,-0.041958330705008734,-0.0763486732565367,-0.05508101268579217,0.09080711998149246,0.0006933412388308001,0.09980796915351069,-0.00582585455647749,-0.05745764059069615,-0.03208423356041602,0.013594243926501881,-0.03770311034935446,0.011740376303400185,0.057795626110561896,0.10249753971091821,0.013156628398744468,-0.029220431175906076,0.0016357214760733519,0.024919474525374814,0.02172219426189559,-0.03208058335331552,-0.06053054591832865,0.06507524665795952,-0.03636768693674858,0.05583944727633483
SEC13,0.007699901357814794,0.04111429992803506,-0.10802440278303975,-0.039128454794243095,-0.004023106245372263,0.06442220071248687,0.08141778970807959,-0.003295262169685238,0.006868594933128435,-0.003631207630830835,-0.01621370876467114,0.0083334728840877,-0.05705025127051536,-0.0050713589220243395,-0.014959080140976463,0.0269260380697462,0.031113804435523324,0.0017328203694243112,-0.048103157937686554,0.033554427893565816,0.033182056757944285,0.09136029516221811,-0.061346935626339964,0.11256380536909351,-0.007087393710065143,0.011915809237843512,0.03583744684378527,0.05345413811679355,-0.004599306742471135,0.09250982905818123,0.0655744337794754,-0.021815038046877726,0.03888628337375328,0.09105735613801925,0.0314270163740119,0.0015807615125227692,-0.04454605432220107,-0.04150270211260694,0.042801680332900584,-0.025222593847745545,-0.029918000683286334,0.13826446358024128,-0.06852786444309808,-0.06802927342266923,-0.03517927441998838,0.023768447549820593,0.07162298975384111,0.05358011554711578,0.09807439839990777,0.09024887790774175,-0.07884774129055656,-0.02143953967742603,0.02101166391718741,-0.02684722038069874,0.029635421154187176,-0.051004775220916745,0.0,-0.05354277086851855,0.05124748461629823,0.005672546329785438,0.05118105297398146,-0.11379327718845982,-0.1005734680012516,-0.05179020970490546,0.14135758912279678,0.027369301621676126,0.07723702304995053,0.00768292160231509,0.0875229929737564,-0.04151383519734919,0.0514141770861264,-0.00754397335233951,0.005393561426324462,-0.030804461092025108,0.01981853941867449,-0.07993007190744708,-0.04283098011673212,-0.014841223707450517,0.07259410319247755,0.030491786361217098
SEC16A,-0.049180079812832,0.009758775516559761,-0.0033374711522287095,-0.0011653448642217341,-0.061191789895586865,-0.06074380193038841,-0.07950482958735397,-0.026276773790674796,-0.02748189763948326,-0.03087866639556905,0.015176231326925284,-0.036047874346873086,-0.060288752249077315,-0.01407527247452858,0.0023354321404342486,0.021339272898698,-0.02687302410017229,-0.02287685432254193,-0.05037980729432844,0.025730664919842484,0.005791703147951676,0.007142209390724715,0.051138637297443744,-0.037157413851326614,-0.05207752235530693,0.09146955207235068,-0.024283154145811333,-0.05594942345905829,0.05595268212277772,-0.05718926015351936,0.012215123545085646,0.029685703693842696,-0.024582170213571175,-0.02222773528197064,-0.07652356029974262,-0.07456440552835349,-0.08773747866233839,0.009062600840691245,-0.05661574336612672,0.01920624995574195,0.11602042491869485,0.03419463742596508,-0.0020881074944263667,-0.10778621655428743,0.011088089902019439,-0.07507053882767331,-0.0715861981006786,0.06968233758193938,-0.01577983404864911,-0.03282521027516578,0.009636836872671794,-0.06057000596664018,-0.023663725671512603,0.07871180867338247,0.02142168027332344,-0.08423509616943414,-0.048595917665599384,0.0,0.01264684729831123,0.012749500907384366,-0.031992099635301904,-0.060435881624632315,0.014239223593235139,-0.04138059511323438,-0.03818617507167212,-0.04533235571013341,-0.08889693599527815,0.057726053419102356,0.07927207231535024,0.03232070267638559,0.022618026500894305,0.04893836785327809,0.007893971635861637,-0.035219785133332335,-0.01609141461983524,-0.0019381365855751205,0.043664887893119286,-0.06659882292491948,0.0037042933905668597,-0.09054711094655789
SEC23A,0.045385786702447896,0.024343817531962412,0.01906712696027183,0.05885731492148795,0.025361937559559237,0.027002440445517042,0.015481763378549434,-0.06199510551753162,-0.05212583298462024,-0.0077316682528782085,0.012953446948480921,0.043504011013712644,-0.005247627088373935,-0.03549272974398449,0.026966565061989828,0.06373956891568523,0.07377034618440012,-0.033193227137631905,-0.0177247736469639,0.03797146564190092,0.023339638883843467,0.052076336218242536,0.032572315325520323,0.051470534221933165,0.038034247094528593,-0.01121523361138305,-0.04597230840299791,0.02407556419375428,-0.015038087441319795,0.0671271808270514,-0.0388673154427993,-0.04059652067688305,0.03439447286573309,0.042854039648675527,0.016398888286402846,0.0137602352187368,-0.01049532753255299,0.06406125115767819,-0.045477209924558885,0.040949969739046035,-0.032224684168037324,0.08349860760194434,-0.013818419546989678,-0.06716222512473402,-0.041002366605870845,0.060293080685768566,0.003443414088205301,0.07001734845899993,-0.015975248942049672,0.015580179818081548,-0.033247507833618926,0.014505662277608796,-0.016212455070823414,0.003920647255677157,0.039853292232042835,-0.05344810685671538,0.040908196002430286,0.011122978659564405,0.0,-0.02549136403197788,0.013308799379251982,-0.03740455544863738,0.040063096590021136,-0.017320178030286296,0.01608752072831054,-0.024530494750854878,-0.03449593535425801,-0.03636056021522182,0.0041347143749238535,0.03258586750952133,-0.033312696044136884,-0.05242878854274821,-0.020498838486978508,-0.03475566674158624,0.05131555855953678,-0.00299812276753749,-0.0422881266421839,-0.07044429197677703,-0.02990514966632544,-0.006490693367975939
SEC23B,-0.0013558180657918285,-0.0128951712845134,0.03668907036922263,0.05913665732582812,-0.002807847747703922,-0.0005148682003712554,-0.030611655987537054,0.06560586671530222,-0.06769537426889069,-0.02038367527572814,-0.11563893359629751,0.01907516882891728,0.03796661553461337,0.001155750592706563,0.02357624042308509,-0.04089772473137253,0.06001008841468371,-0.01491412419854358,-0.048084621395847564,0.05248520026261176,0.0931517679274995,-0.02342603315552285,0.009790920651796603,-0.06297057688779664,0.061846069925181275,-0.06387856404175431,0.012486121453625524,0.03647992653456693,-0.01627182732463511,-0.08490323477998549,0.08413060568329107,0.04120031315433969,0.009132444821595654,-0.03368449812955458,-0.06964874176766672,-0.02710270211827224,-0.022192899000346794,0.002414268521804212,-0.0031851390279201293,-0.03496396868736144,0.0051013790364788135,-0.008269794872594395,0.04096074252215254,-0.025542613278971768,-0.008803253151611616,-0.025088845133765338,0.11763946821867784,-0.0959979286155399,0.019047436743054452,0.024277442307978275,-0.01193120620129224,0.02164935632265279,0.004583606186896364,-0.05202186555218587,-0.0710233518431623,0.09951924022535064,0.005114139439999257,0.012664520535999922,-0.028790540233381134,0.0,0.15030351050205418,-0.13552891745290965,-0.042301999492023706,0.02706508901392671,0.029318082609100633,0.027200640533218357,-0.004896263472223989,0.0155059422213155,0.03749856938247098,-0.015789569330041858,-0.00983466172428435,0.02443409794626747,0.0035187579308437736,0.04545340860884383,0.017000285544609157,0.0005726096910527456,-0.03844332698351001,-0.03035530908591163,-0.06972362120014462,-0.04456385674154611
SEC24A,-0.12372325863695374,0.0375304540982291,-0.01809571449810804,0.007373362091294205,0.02396341240350982,-0.01091077486021057,0.052484401583680826,0.026076807181664628,-0.03072937003983108,-0.05860151150005232,-0.013711303883096179,0.011609022484416722,-0.03172537704290471,0.011513498854408239,0.02956777744002928,-0.05064109970315558,-0.05445575419983194,0.05713128114765649,0.005750960880517697,-0.01380080133257764,-0.03360781017177289,-0.033404759866762536,-0.02493506373127022,-0.009933330541501102,0.04249196153329286,-0.09118132858963891,-0.052608250113720265,-0.03827109311055303,-0.02851718843504761,-0.052773948657053225,0.07927458043748503,0.0013718054010988731,-0.026731907274703537,0.06018390376376273,-0.032964965492132056,0.0027564357435725384,-0.018578817169884666,-0.09354449918238454,-0.03792963284998265,0.08992821331618359,0.09190342696808688,0.06986375009401709,-0.00014983786327220667,-0.025059788464525366,-0.0024298131628754153,0.1022431231727698,0.03561296230682095,-0.037233733151757965,0.04478418753445782,0.03390132983931856,0.008756395228055634,-0.018768016392103612,0.013555985316196261,-0.0024281327242264778,-0.029925781082499624,0.0008774459113644947,0.053283151374793995,-0.0366964864947729,0.01735728483182966,0.17356226009451609,0.0,-0.08894227470348105,0.10877798644990062,0.08565723069254484,-0.030616963295036,0.11559541610164382,0.017398904254853707,0.009931303746410753,-0.15761590489313615,-0.10035575051893161,0.041239643908346627,-0.0585205192257799,0.03010193571613031,-0.032315930929002576,-0.03246522704187097,0.0413503934479619,-0.03495135353498106,-0.053837009147820546,-0.1511225986821707,-0.005913256690893779
SEC24B,-0.01554121997025551,0.13063327011010506,0.021327107951286946,0.0053781855941724,-0.07934810461390585,-0.08510186056511948,-0.05800146152574968,0.0023099908457601013,-0.014615061296610618,-0.009382088158703467,0.03130700210839154,-0.09349764822259868,0.013960345983923815,0.056733114518847924,0.0011537774035650374,-0.03736829209380168,-0.1255385817063845,0.044563926577518495,0.03253774318560906,0.01722771618567548,-0.044718602659628695,-0.02843009291592906,0.0407008343193443,0.015691459775391155,-0.009090091795362186,-0.06799702608676694,-0.04487220143481365,0.02826484628780237,-0.060149502429648415,-0.06852083541705088,-0.047830393510327085,0.010880335054954943,0.04260200837859353,-0.04387902509338036,0.12744552855039332,-0.0862831236988469,0.048589643815823085,0.03723962584364387,0.02570429249333301,-0.04053919051386411,-0.05055586479975613,0.005080414207099735,0.045263262088854506,-0.019716960598985662,-0.06582723970312701,0.07337289655126007,-0.014680038574060184,0.06458955813959523,-0.03727693800784559,-0.08317803064929873,-0.040292954881314104,-0.06267805814803457,0.05553892664369042,-0.12815270426895603,0.05539014658338193,0.12767120862440964,-0.11974343701695861,-0.07006982474674353,-0.04930850528581433,-0.15818764857654533,-0.08990061458939494,0.0,-0.016954578480865484,0.01019395695421426,0.012238671972450314,-0.049839285712858165,0.021085650976691322,-0.060319504808373545,0.11792718350418217,-0.06956331154619498,-0.052918022166388023,-0.04996991786291316,-0.006712309265303623,-0.03469786042447484,-0.08120441923512742,-0.059420958454069764,-0.1159844588285123,-0.04398529875097238,-0.01388822960596314,0.03944633741610878
SEC24C,-0.03376412120978729,-0.01607319197688985,0.011975547577701468,-0.028436331848708304,0.029927344695075856,0.015465710062539304,-0.0036483715889409226,-0.099482167436799,-0.012835657671372557,-0.012277352107742856,0.11533298095469147,0.026878286618568156,0.02283057529164446,0.0178652236641869,0.021273919653917936,-0.030215568593357944,0.030486713602780643,0.026371588721824612,0.009332201440051442,0.004822055519577684,-0.029914956758285455,-0.05257170748517071,-0.02851658181868312,-0.05020827144976547,0.03256357553944412,-0.04598820885440469,0.01934419248925875,-0.09556199094309653,-0.00193076684962295,0.03510154478628616,0.0326185675565722,-0.015319372034202599,-0.0114957435360642,0.0546300396298588,-0.03295255886387631,0.0830993661413531,0.010248732161785875,0.037549513189585826,-0.06163748918121002,-0.04615849393070604,0.018209351049173393,0.002356571042851551,0.03729919049535558,-0.0010068222720152691,0.030490920932581628,0.023571416424810795,-0.0510661207364596,-0.04560542807057806,-0.005578867094148951,-0.03441523418110855,0.01264265138293086,-0.052057142111367555,-0.009282260505167943,0.028701365386330474,-0.0045315246761569805,-0.005996083557595291,-0.08515277932846974,0.013283201668082362,0.04249346458422879,-0.03972663534174517,0.08846586555882055,-0.01364166198014986,0.0,-0.048559285706460974,-0.06757901180028861,-0.0204017384307859,-0.02381488091530958,-0.014896872565238186,0.03994347000136353,0.00995718478587742,0.032083968653971874,-0.051264108098592186,0.11522873699746089,0.06181814935589816,0.036214603822418756,0.06919378441284588,-0.07681197371227202,-0.044247419971822924,-0.02120560710805399,-0.003633701313655249
SEC24D,0.10468574411619366,-0.0241173872211565,-0.027775913984798447,-0.0777370606073625,-0.062067397220367276,-0.06900713678836842,0.006801744558477634,-0.015670897441460756,-0.014146239960816567,0.017202689202991197,0.014710702609246193,-0.13262547965987728,-0.08845845389173856,-0.08778208332843869,-0.006006925120319662,-0.034303891985796496,-0.008078537138333881,0.029895747512266046,-0.023616539786337157,0.03251474608060157,0.018440856874235675,-0.04792997947194144,0.05114108522904598,-0.031233238543216087,-0.03034673597996643,-0.00998403244574818,0.07425449646670079,0.11288301982971428,-0.049599514514545764,-0.004680139618967015,-0.05911188734639893,0.018407351522894418,0.019611971961789473,-0.05629346710184875,0.041435249211972267,-0.07456180808962184,-0.05074258366960924,-0.04103165287763588,-0.03463883608699015,-0.06128117784146047,0.004007245650133512,-0.04962982890014999,0.09530604191910202,0.06960771100269364,-0.012336848979021297,-0.034936756998161074,0.10010977234942425,0.04356348647704514,-0.0513349738683224,0.11699091644944751,0.006602995061431001,-0.07488491776273229,0.028307070685811345,0.04451488499488829,0.03370677518168028,-0.0720246484889976,-0.05340579596731142,-0.04701522400997243,-0.022374601033918324,0.03095677202761363,0.08484457254756872,0.0099896070111425,-0.05914221840068602,0.0,0.03233619367709099,-0.0018086752307333255,0.06270169898096446,-0.12742949024696035,-0.11048189044076666,-0.12735187582297386,-0.028691105257774532,-0.005138928754798338,0.04440346163924456,0.0578352340538088,-0.017304832939037406,0.05406404202121356,0.0733219635983492,0.03434615838137388,-0.02405260727891831,-0.022113148564702784
SEC31A,0.012468959237298733,0.03840158084719173,0.024141296450645604,0.026231615224881752,0.0012877259884532407,0.031093172898377156,0.010589161295331221,0.012685061736543341,0.017666087879279833,-0.003755539879698402,-0.007372145673414538,-0.005438214623324236,-0.0162915568350317,-0.001076615479142145,-0.01955621852836715,-0.049836211450913055,0.04799928557104992,0.0121842216479413,0.01073094229753478,0.06418452879259495,0.06255129254615109,-0.021962989206501388,0.0039205053442601615,0.007932326873935159,0.04862037370526,-0.04321658622647203,0.03729746337706824,0.05573350337127492,-0.08227958508823675,0.03756437247396957,0.016617451018611038,-0.009970015161049341,0.017138950249142318,0.02157246032567201,0.05707050412123967,-0.01887085456079038,-0.03488712743302315,-0.0513007285283483,-0.016685112060841424,0.0071625431555810285,-0.010713768461955639,0.008563372416493612,-0.029963951503780128,0.053957305582113556,-0.0044569303786539715,-0.021995187479287807,-0.005445752591428867,-0.02829129268979709,-0.00810348107465824,0.01639995182580078,-0.012260193453282251,-0.019223844057741312,0.07782424135131127,-0.05425030387669339,0.03381229615189535,-0.0309812300651608,0.11228803474203695,-0.03342116353418159,0.016009054991582693,0.025831843566067218,-0.02336123394995606,0.009238756726724808,-0.06340314289474495,0.024909357516522772,0.0,-0.004625227541928774,0.03708700049853098,-0.04196105603897149,0.026381611785966964,0.023113742131277756,0.0056989946093447645,0.07767294953175045,-0.018031650289229414,-0.06295633455717972,-0.027223525836514773,0.005859329493571276,-0.023163319395531262,0.02995161413013457,0.00749441821418408,-0.00822800678917574
SIGMAR1,-0.02624706138083263,-0.0444441829962589,-0.06539297055604024,-0.004968312452791146,-0.05036943368209267,-0.04756933451731548,0.032835223550647254,0.03758692084532353,0.033703816039072125,-0.03426195225432806,-0.02168025591944834,-0.01064384513900712,0.02122570347197467,0.004585433645650536,0.026916485444900527,0.02402686239279934,0.05699362716213915,-0.02526948291051135,0.01246667456586176,-0.02092390294588322,0.043210048379144966,0.03785769988928738,-0.05393802087754819,-0.00954598722308934,0.07437865455974643,0.012917367090579114,0.02549364557470291,-0.0254501474291256,-0.034877410209651426,-0.0012452588422671696,-0.05906074191562739,-0.008035864184728276,-0.05241103713093638,0.048905171704804774,0.00010725283128947685,-0.04509044330573273,-0.01642863616236392,0.026912384996995546,0.07036867838333231,0.011164604895954056,0.09481209901195817,0.02247799029779506,0.02881367584788591,0.13034163091413856,0.0350341830341974,-0.0005135231149465526,-0.036061694183051045,-0.019230355253392034,-0.03956115526696165,0.026817458642565607,-0.06308733295097588,-0.09428046793054255,0.004643960454217022,0.02590454414048908,0.0060360459028709805,0.014577438966083356,0.024143334574102476,-0.04405983635752927,-0.027108286704825433,0.026614490382645805,0.09794752433620414,-0.041780172812246726,-0.021256184475670663,-0.0015472247554521963,-0.00513632255201323,0.0,-0.08895551598365746,0.030496366216833444,-0.012945320662991516,-0.02364292414737123,0.016838868143762058,-0.10301658056082266,0.009246425332205226,0.009338052547725713,-0.024013263459044077,0.030224048455208208,-5.9850214246201913e-05,0.040018185801279936,-0.02383218263053095,0.02701013137720389
SNX4,-0.06318841843259021,0.01403849128607748,0.0464862905549024,-0.0008187680108615254,0.048887223107638295,0.04355771126617112,0.07262989566349842,0.00352196532144105,0.02887161687575302,0.06884848131548131,-0.03228510151948498,0.0066333951561270855,-0.004482977919425699,-0.0022467566124195256,-0.011408812563545897,-0.00819347883269313,-0.11232795018015915,0.02996646883691311,-0.044523234429329143,-0.010013256016124517,-0.05022694309450879,0.0074308039623644465,-0.007770531857991765,-0.025734248588875974,-0.014284480858636301,0.011720281794376449,0.07008477047842998,0.060487475879879585,-0.03339644877934973,0.015328122275738909,0.10105109368857203,0.02612248535921877,0.012157576508880417,0.01472566807300461,0.10344111487504626,0.04494392421873461,-0.004890081154054193,-0.0003896573577600047,-0.06748736160602771,-0.02192877229029753,-0.07528462330804224,-0.011477792896095846,-0.003515485099130182,-0.07778377438916254,0.07865590150799133,0.011589921916459986,0.042173202513421174,-0.018769008697290642,-0.0307186381410375,0.04165062378046195,0.053470181313536126,0.020232904194247205,0.03518951545356612,-0.03035062734673455,0.024864143854480072,-0.039079168758596454,0.0658568612482296,-0.0835147814934522,-0.03684729852180144,-0.00463069063592491,0.014250060688423367,0.01708548851642452,-0.023983276496408596,0.051845860615477656,0.03980914597041114,-0.08598344627809376,0.0,0.02632678177690406,-0.0011305132055012134,-0.05590401913091308,-0.030841113909784237,0.03441015923445484,0.09360277352655443,-0.008366492651686583,0.007640335700034679,-0.08545955275320348,-0.010624214381002261,0.01710658252520991,0.031909215329639834,0.015337721941200371
SNX6,-0.07539109445789327,0.04571584061039146,-0.018765879015828497,0.03420662373871859,-0.014827514111702956,-0.0049097613424805295,0.030562442317436572,-0.019601752065330675,0.044697653268441565,0.008837917394167605,-0.039876136106630905,0.014151512562130363,-0.03819246325223363,-0.001291501890624397,0.03928806207715039,0.07587868271891778,-0.06191196482227465,-0.013103469513504277,0.03807067191117125,0.006900897319896184,-0.0077775647567052755,0.009693132427268747,-0.010754224184795155,-0.04012052524545626,-0.04988552333387345,-0.005507434534920654,0.04952593165018592,-0.08414138081243044,0.043092925216895846,-0.018144205651150335,0.024857914888874334,0.016987275486585584,0.0009527478324201576,-0.03317507028655286,-0.0086754401389678,-0.04760717267813316,0.014943400629448985,-0.02740739077318718,-0.040602891057398796,0.0383185470453373,0.04036132346440431,-0.006669687494992125,0.009171649727660715,-0.02306044949429113,0.025189151117449574,-0.020950036548632173,0.03852187370941618,-0.03260425249366133,-0.04128114699185927,0.021762102860848852,0.04539100448842617,0.07199488279635233,-0.09916212838469023,-0.050300663973658746,0.02126948529954753,0.011486452343947143,0.006183546958126805,0.05118988847139005,-0.03666097856558693,0.013842512023543035,0.00767780080139868,-0.046135360080455906,-0.01416090347294163,-0.0994581747200732,-0.04251511125347009,0.027824400683950236,0.02485040855943388,0.0,0.020605657966673487,0.002745960763217639,-0.0196895723187888,-0.022002070554447146,0.032290156248063,0.004578877412086332,0.0174716093326756,-0.03476406555118795,0.02953954678876765,0.07235346272711522,0.035640497821684096,0.01795200528232185
SORL1,-0.05384650463721028,0.04792143875605386,0.018221742706774544,-0.001212516394914232,-0.04817437453793743,0.006252954836595658,-0.005388122774476347,-0.06643733124450163,-0.08213287557908765,-0.026967409155186337,0.021503407883284597,-0.10572204283200287,-0.030904102135937955,0.03193251380914823,-0.053253857036261974,0.01653233452720228,-0.031380923243265725,0.00859607052888845,-0.11168192155228292,-0.05019394829788477,0.041459859355753886,0.031703101046190896,0.08498103469651928,-0.037913605210382555,0.06797507020386968,-0.05807015500353913,0.07322653687501804,0.02274563642986811,-0.024226527960278972,0.06471401330775953,0.017859642742192563,0.0017224102819816001,0.0904341235124831,0.09201019870951559,-0.012479698124222692,-0.05556605020068944,-0.024980504418111543,0.12409150809520118,0.08958311568792979,-0.048012824061775546,0.021114512283109472,0.10948497457699967,0.02846943752197536,-0.00717119031327722,-0.09013600155002259,0.03210838569601367,0.02171188015144165,-0.008113817749179512,0.07099509296388798,-0.05232524642057196,-0.0009810949702628545,-0.0017588865903700663,0.024655967738097088,-0.025425087884214787,-0.03932535623462639,0.07291749115122162,0.09083772919098082,0.09064949203553802,0.005375908249382704,0.0431682351804913,-0.15713157435463126,0.11631157057004143,0.04896373030982408,-0.11119736152369612,0.03446919035087634,-0.01523082344917687,-0.0013760817849848021,0.02657169957102894,0.0,-0.06245231932002563,-0.014730467851172086,-0.05720048394344838,0.11105884079701597,0.023866450291091357,0.05812244370383958,-0.03747099265651395,0.028931995962040595,-0.041599365710164996,0.04093405456099914,-0.039813363657380446
SORT1,0.0744729351962401,0.027059512540382642,-0.019202179420814886,-0.011920831072119784,-0.0009798027161502002,-0.016009912077694633,-0.014215746865231903,-0.04675865539169405,0.08392143049208531,0.010870281433180851,-0.01949411203983001,0.03138455370652573,0.025794867825522833,0.017006472274414326,0.021205585835683497,-0.0153465752723578,-0.011137818100314532,0.08189567436413224,0.032876173262273635,0.12376563959848982,-0.02566466500982049,0.015194439361990527,-0.04550644606426802,0.0265903338794451,-0.08889085945130384,0.0004693188303343165,-0.05910703096029618,0.01937248452520043,-0.104846775411594,-0.07878510890804169,-0.016522326124349947,0.02409888974620787,-0.024429848889290447,0.07103957650115576,0.025801303071959335,0.13383242673814613,-0.005421657822693787,0.010105257239950437,-0.05012893086175128,0.012433591869779452,-0.001008940830378822,0.03518689275760432,0.001971257282991854,0.0357684796581066,0.003796215995358403,-0.03244347061984947,-0.04253356108783583,0.10533555670247961,0.03061157905583523,-0.01562723716552643,0.00854125039256593,0.06953855720831212,-0.01274704302019006,0.021723083392017662,0.00303970984005992,0.11807904845718065,-0.03934228900403282,0.033748044753254734,0.03868639666288087,-0.01659749469172706,-0.0913541633202241,-0.0626486765793109,0.011145201700048736,-0.117039212504164,0.0275754545403836,-0.02540004109357668,-0.062134713109896295,0.003233328521196467,-0.057025779519894196,0.0,0.019596287801832906,-0.033670971980955595,-0.026907570534347145,-0.02679025745785583,0.07538196421120254,0.01974392799889126,0.040986961764520345,0.05601628498304853,-0.05863380741198852,-0.023356553266402878
SREBF2,-0.055617114574406656,-0.03261878369758714,-0.03536186555087181,-0.00643655435308849,0.00025153399486948006,-0.008425255226126133,-0.02214476067986505,0.05868411037141453,0.040028007015246295,0.0361599956325492,0.09543653916336743,-0.05082188831313314,-0.00457422725644153,0.0020237511688075017,-0.037903449261600934,-0.05860146471044956,-0.00901434176303115,0.018321593617086816,0.0038129244031002633,-0.0820876746699078,0.008683980574068696,0.041529589766222154,0.00868027746165916,0.060390048710389894,-0.02388653019024429,-0.03854340920900201,-0.035293701831071535,0.02314919024576997,0.06444219845936205,0.003515645178225522,0.022277849893946003,0.0026342647345017345,-0.04377201018123417,-0.004884794182534665,-0.010134951210893035,-0.03599752306177091,-0.008365763629821533,0.0016221418915982908,-0.004537698346736703,-0.010711416561095885,0.010751262473707298,-0.0011465080590917845,0.014750698335341034,0.04367380355601494,-0.04114952197116365,-0.08578453310230413,-0.0900168831038593,-0.0038060167456514336,0.029946432611457116,0.059258512643491364,-0.04226262277063885,0.02449242872706809,0.028010275243166582,0.01801727794538606,0.11913031485470679,0.013294066894753452,0.04273694796563045,0.020714591745589782,-0.0346890672903434,-0.009067457482851786,0.032927202565370114,-0.04180123416205561,0.03149874833549157,-0.0231274191303398,0.005963545125400325,0.015867188244515534,-0.030065966446628765,-0.02033506833858696,-0.01179758315610027,0.01718809148883714,0.0,0.05417532910483342,0.042768431180750244,0.028791693715354238,0.022968040884984643,0.03272256832359378,-0.0647145866626652,-0.0029793526614386888,-0.023638247199958173,-0.01229483150052538
SYK,0.03301218075625398,-0.03769226584331807,-0.023852444416636642,-0.07729597640195524,-0.06121623725730186,-0.05973789268140854,-0.07437736203474189,0.10199010081993119,0.22560924239208446,-0.028627367629781804,0.04008646129106762,0.015497562261922265,0.06492968611463455,0.0269146748157979,-0.04317718228031032,-0.19757641693919192,-0.05115353600258546,-0.0980677827200093,0.06822097269228646,-0.012012464564891018,0.03843832088315102,0.01896137544493474,0.08436253708713957,-0.029273780807460775,-0.061256706974747964,-0.00755135400849823,0.017759462978647503,0.016052720030080705,0.016168476539409657,0.0819268257696082,0.0036971105847947248,-0.05685795832719026,-0.015243531308427408,-0.08184135329144404,-0.03033526910036613,-0.04976076551441232,-0.01742375273530241,-0.06595261711499521,-0.015533979862123605,-0.021668335470666784,0.02457296114592934,-0.05538640117139056,0.0420816822695178,-0.021307410885551718,-0.01816069572167356,0.14219228758537472,-0.05081736015207992,-0.027196615472300005,0.08185695977729339,-0.04385243698549467,-0.029706145359521714,0.005186008638269589,-0.055810246355018064,-0.07029409462040745,0.04459732498858071,-0.040168002144248746,-0.00853102315670434,0.06097495817017901,-0.07427335185791174,0.030648044677048788,-0.06356652342934341,-0.05370002602390626,-0.06846978737714368,-0.00563550512647162,0.11057486583208828,-0.13206099596598248,0.04563648170540722,-0.030913862190043596,-0.06232417952573212,-0.040178143086101514,0.07370244891307733,0.0,0.019756909127850157,-0.08356720942471597,-0.02778747926231573,-0.010007511383837774,-0.010415611569006193,-0.030839364230331654,-0.016544967929854836,-0.04229984815195097
TMED10,-0.014665905073607252,-0.05060479698592483,-0.013479064880414048,-0.01758000009913825,-0.030715134328933216,0.013064620925624689,0.002223008747854275,-0.06950860722739252,0.037394819618569046,0.04962111774098307,0.05396912409681585,-0.019174866391569463,0.04916132819993932,0.016251641340567197,0.026442556296482515,-0.00533677882188413,-0.06316348399731704,-0.0003314580346046525,-0.011119234182544733,-0.02543305315519622,0.02962646085072805,0.02422291537424366,0.05124192480511853,0.029877382446119236,0.036400644542316694,0.026670542539026117,0.034034454608083596,-0.052268152818605654,-0.054518890351677285,0.028128640370972943,0.015526639903566937,-0.0011031747158963875,0.0036322621262200113,0.051606427232024694,0.09318518442140494,0.01384004069863451,-0.01625109208634437,0.031300822795695224,-0.01576866126206312,-0.018990095185780546,-0.0031800853406563673,-0.0071439454060973325,0.11689080513586297,-0.007329600013232917,0.024526309583750367,0.0668911858826874,0.08258398254289119,-0.05998102782321537,-0.02222657338753738,-0.0013162580399755388,-0.023922524124985835,0.005400177873355925,-0.02511745804979707,0.08062594218631268,0.0977306267957378,0.001732028438365574,0.004698169223544757,0.007576168807984304,-0.02236889369649927,0.0033997572133610213,0.025186438727797036,-0.005556353523296728,0.1185491450571206,0.03750845124903911,-0.019773072149115098,0.009130474676064178,0.09562385367135827,0.034947161850053955,0.09320990258812714,-0.024732085907413007,0.044818336323051065,0.015218472139118169,0.0,0.13338430530719397,0.09999341913391778,0.027602180208527404,0.0010270625268163165,0.029456352138968956,0.0019860223947788225,-0.0037542511364308615
TMED2,0.013120504600108778,-0.05595057408160245,-0.04634820484641174,0.04939849817714672,0.03787433488278671,0.0375145968459912,-0.028015615291263576,0.0036650756954039374,0.010211876771608919,0.014365318998965763,-0.08825889029228495,-0.08466590441341768,0.009931262623875692,0.006085770702765518,-0.008102948832833695,-0.006451546415146158,0.0014331094060203115,-0.0043060723534061,-0.05694085313827394,-0.0075720124540104424,0.06596738546068867,-0.028577314389146444,-0.027714657168173246,-0.024298928001522068,0.08772568107966307,-0.027092713932738884,0.02162525306953202,-0.012696991916200231,0.012875417513742677,0.005899310304404526,-0.03271663834394924,-0.007336604871396701,0.0010642714857773173,-0.07250464792693231,0.018955534360296986,0.054138257236666334,0.03082549797221724,-0.026058633253964864,0.017553603629102795,0.0021305050640570114,-0.07482331870946947,-0.0485356638582834,0.08553874348844645,-0.004031303206531085,0.08528278868325842,-0.02104050521391776,-0.009688605229329891,-0.04481882080149333,-0.0007638108066686552,-0.01143763129533612,-0.05818932728999265,-0.02073910459282253,-0.010856989971493283,0.11185889384123049,0.10978878102717467,0.025828851044560983,-0.02626559156774349,-0.03308729992434305,-0.03712456906567637,0.04298782921038681,-0.026467294894059426,-0.028115198388987215,0.06225499017978053,0.04782173692393278,-0.06757696057508386,0.009026021166728843,-0.008366455458006808,0.004850888878725329,0.01960727739439686,-0.024103698761252994,0.029533857147065065,-0.06300985729332323,0.13056454994199848,0.0,0.12201837678068662,0.025070523864683524,-0.0026850866762546935,-0.01297013259191244,-0.027542206368894248,-0.014824271280052216
TMED9,0.043097795758908125,-0.042314778159196285,-0.05045410758232306,0.03923379490395013,0.023324098982045113,0.015445099720739045,0.014100500509855111,0.059461956739297356,0.07073959137446194,0.018315836764439514,-0.005219756720115369,-0.014365731237949085,0.036699926708924045,-0.02648571405754156,-0.02145414508170149,0.04752668864941802,-0.019841035770570458,-0.014062680750796364,-0.01631701748596187,0.011675886390430604,0.04430861785777655,0.047418136859370616,0.08073409429387082,0.093897669456408,-0.003896978738462764,-0.017460509905556733,0.087232653947491,0.0307341393408031,0.01884127037810068,0.06391934571841093,-0.029572194017172194,-0.008226078094944904,0.09192391352951935,0.002080853060162818,-0.01598228322050337,0.033520857241138034,0.029616912908972257,0.033724944642422615,-0.039845702806726634,0.021750860125847017,-0.022260532729010914,0.02334862076804944,0.051113709271952634,-0.01969957833392561,0.05711668705595547,-0.021607614769203694,0.055321302502964825,0.01504823140384395,-0.04800122057237644,-0.04672486653042536,-0.035073237178247806,0.020957162078140922,-0.0037454075453895656,0.09077584425789315,0.053209963639748545,0.02175849968419682,0.01633067971568692,-0.014609249179317128,0.05297169900253094,0.015537971446566958,-0.02569628702903613,-0.063588292990193,0.03524527903898636,-0.013827997895550873,-0.028239866353523674,-0.022431084177049868,0.007383623707349324,0.017887690221868455,0.04614582062971595,0.0655440538502775,0.022768580425821444,-0.020247937563447737,0.09459125963518131,0.11791913602825066,0.0,0.028705562360564586,0.008188693079496044,-0.007035801244780196,-0.08905887916329713,-0.007913337051601653
VDAC1,0.04276590729009843,-0.05265585830465764,-0.007660214397986121,0.04905412888811181,0.03980732942582175,0.024880728939374368,-0.019580148915969976,0.01401129200254457,0.012489384526377191,-0.07232789600659469,0.047407548194951826,0.015359838478350199,0.030429719704913635,-0.0026852089662579375,-0.02196121196608114,-0.006925516876366997,0.055482211863941075,0.004631061014516934,0.02331205224292671,-0.025105168639257918,0.05281963989009074,-0.016498985746917823,-0.021467343791809312,0.03885043812473692,0.029583331782658234,-0.020093399176622253,0.03810129563634743,-0.055462375935395124,-0.02328608688572559,-0.054118066979399485,-0.05865131956555742,0.0007463499156947896,0.026915980789531033,0.01150995444523279,-0.05063332810513044,-0.027720771840725505,-0.0050673295078738365,-0.018771158910251662,0.05395668097440612,-0.030405840322651204,0.014836264522892455,-0.0355740781201784,-0.0023582689554860585,0.09947807951980817,0.009667949159936576,-0.02573759985807886,-0.024598945257326837,-0.007021151901620788,-0.03611970358196536,-0.06137435555766419,0.01668085094720781,-0.013452411975626254,-0.022876486598431917,0.02102390183811914,-0.009350477401503484,-0.0301747796674572,-0.0618471110542398,-0.0016523218613031404,-0.002906168910367561,0.0004914432730688459,0.030733227755835115,-0.043693189917439666,0.0632354912474525,0.04056738406397666,0.005707458783391225,0.02651113456833896,-0.07755223673965671,-0.03342169818357644,-0.027935747992323193,0.016120407115466688,0.030460426685612062,-0.0068475361242148515,0.024518820542079586,0.022750924650534042,0.026955206130076705,0.0,0.03975998353046703,0.036244013073885015,0.009144972526174853,0.03974452188683178
VLDLR,0.026936802758071216,-0.025077373593361214,-0.023769620402311162,0.01466988178269081,0.024202153747904315,0.015069891676042602,0.04990966184731149,-0.0031586950715547075,-0.044844370557864534,0.01053184935403577,-0.02118492237755568,-0.010682108678199248,-0.027217934239011903,-0.07496614199957971,-0.012208126288725654,0.006223689373711759,-0.07555681455190029,-0.005404485044194967,-0.022591074583553684,-0.04272050063905976,-0.08589361529594486,-0.08713792622636705,0.00447384595039617,0.06272584493558643,-0.045366388838330884,-0.04029394770966567,0.030784612954036745,0.001237940761469187,-0.054332393788619725,-0.06384700437908765,-0.044861145302951634,-0.04510560957858386,-0.015279497199774702,0.015309332922170906,-0.038303205156352466,-0.018320631280615646,-0.061129455024364864,0.010989500179378595,0.09510975739237751,0.08143651596889111,-0.01790921358808668,-0.03292370824966157,-0.019675351336119563,0.0215751630508716,-0.01820286139870601,0.0021385355458076512,-0.023935094225590068,0.04784391383882738,0.10714417249466239,-0.09463591861198335,0.09310169876042781,0.0384247988857132,-0.004395118812966866,0.06324853989124034,-0.027377965301741438,-0.06489902914344421,-0.03777713216392538,0.04243306252052068,-0.04672525120814464,-0.037609488329393356,-0.02961108259743457,-0.09721553237574844,-0.08001741105446995,0.06271397626273156,-0.025719197724933966,-5.984159288719659e-05,-0.010989863455960147,0.03237155332379933,0.024586984097321983,0.03814608148133054,-0.06866770608312271,-0.008123716762295887,0.0010399556780307146,-0.0027775105117826236,0.008765020779545796,0.04532188394307745,0.0,0.09298954553761817,0.04490705156524372,0.011766347253786549
VPS26A,-0.04049683906326776,0.008007125775948927,0.0007615977229636025,0.02375701569573966,-0.0003987832074163715,0.004995848058192069,0.04744705785263366,-0.009622311289106764,0.07645859664708654,0.04344257372413979,0.030202698007912466,0.04049034523358348,-0.008528360816638294,-0.029904211274112875,0.020885707758062786,-0.02881226052386034,-0.005235449014267536,0.007311091062522116,0.07238908487100017,0.044094743068511875,0.06627975104022613,-0.001251046317396501,0.035313875427422384,0.02188594691293283,-0.024965981902011273,0.05471031494783399,0.041651528980576454,0.007961437009635624,-0.02931713681157724,-0.05832336390486142,-0.012178676220089368,0.023177831025853652,0.07202263571017264,0.039402942726406404,0.03325871085304662,-0.02777924383524275,-0.018012581627906143,-0.043435338885572994,0.019953593870257993,0.014146818015200445,-0.006642932666192228,-0.07630244189436525,0.04298752930971858,0.08130855376571201,-0.005056747613302548,-0.05190538613099647,-0.004919777035799488,0.009741480758585422,0.05530347653915877,0.014294620376555208,0.07451465645530185,0.014803932538761335,-0.007661953876080486,0.03218275599140746,-0.011264504773615307,0.0647451318280245,-0.012146981544954851,-0.06005736428260342,-0.07222818377001168,-0.027557435909479126,-0.042325188328582286,-0.03421141929935016,-0.04277314765219479,0.027260643654510006,0.030860612469743746,0.03712979226690496,0.016420501438142474,0.07357778663973785,-0.032805092039787674,0.04837780901851252,-0.002933593659451201,-0.02232045797879453,0.027677355806353526,-0.012450004398308501,-0.0069884297885567555,0.0383376708346057,0.0862902669503798,0.0,0.10050992034719308,0.11895394179873107
VPS29,0.0031201501170391127,-0.1155259750669821,0.00020044278395292873,0.051553015813104966,0.052594276983721024,0.09877719182705581,0.056241337371994916,0.011901910990897714,0.01901581147877882,-0.01363073787474613,0.06876354471837993,0.0007562003784038697,-0.0037342778051471766,0.033414564119291015,0.08261964409076573,0.0064193985100624695,0.06326353140775114,-0.03995473178557257,0.05088723866897378,0.09342345316640244,-0.008509404165715606,0.012123381696924975,-0.06541934398362997,-0.03759456490408111,-0.0031986217308392793,-0.03407153523035946,0.0674323784476177,-0.055086351999946416,0.022620923064004646,-0.05998666409949813,0.05843079364631122,0.05204121280913644,0.001406751217909873,0.06221086052841541,-0.07190463710483917,-0.0568194434105056,-0.03233055523276354,0.044649980361736175,-0.036495772834698924,-0.029141848471348184,-0.05868500563363228,0.02017700842771365,-0.04191946589363689,-0.006119527364435061,-0.030110669549811512,0.028027550151989763,-0.04007286513304647,0.03497324071467479,0.017085084489151685,0.022638527891491757,0.07839390767722362,0.03496046656606878,0.027803323350662962,-0.04247541614236826,0.059508748644786356,-0.04192144645676841,0.06883816538831734,0.003870208607580399,-0.03552516869014468,-0.07333534917586068,-0.1376501439105234,-0.012515255384968182,-0.0237499801959417,-0.022118179618624913,0.008946466007988867,-0.025618767018164006,0.03548694110433872,0.041991408566072766,0.03739974134340351,-0.05866907914732235,-0.02696637676059291,-0.01387371911070088,0.00216201676808454,-0.030630430433687697,-0.10248788986990391,0.011207303515167579,0.04828047251217222,0.1164496564205075,0.0,0.19081140754938902
VPS35,0.04736220833822069,-0.051169613660215135,0.03478726175775659,0.11209783024815255,0.028247887892529022,0.054309803256393216,0.08718254768492698,0.03880274354094056,0.03176103714521326,0.01083924254783462,0.05992556130474841,0.022995842834456468,-0.02744990493202282,0.02690904468894914,0.00517173156589287,0.011568307515330518,-0.004978866515852375,-0.031981014308568464,0.041039888624778205,0.04222700401149617,0.0358643229188757,0.04265509780834083,-0.006634463646784444,0.0709946390986718,0.02287003483630073,-0.05181788676994721,0.00019605435396423529,0.0520185446067642,-0.022466948916842804,-0.02314803390981292,0.027160912643340973,-0.002840092447496486,0.10859220396442135,0.07780891542494209,-0.02539920505137198,-0.009606519599592592,0.02751821167682229,-0.052671990507354605,0.006856634536679503,0.0016045446171602637,-0.010361607148555453,0.006109693635348967,0.026060859099691792,0.002939022045242564,-0.03681416077044368,0.0019153954022774803,-0.06628993383273007,-0.0024807608763482087,0.011501611569621047,-0.02010868862643091,0.045272797440213515,-0.06383270967259537,-0.05619542965525479,-0.036284898338420864,0.029780586369263767,0.056447056241085695,0.025356564937918786,-0.08296276230340298,-0.0067617773967022085,-0.041105109252171895,-0.0047233877246927215,0.0311730374754435,-0.0035689574898438332,-0.017832712664498637,-0.008613662296335266,0.02546248056105968,0.014958667511848366,0.018548519745967253,-0.03190011974622182,-0.02049507621695014,-0.012300124776663484,-0.03110608712884501,-0.0035840812418656332,-0.014457970476021634,-0.00798609732186198,0.04271452817113566,0.011093746541659554,0.12086143005513864,0.16733390387019767,0.0
