,ABCA7,ADAM10,ADAM17,AP1G1,AP2A1,AP2B1,AP3B2,AP4B1,AP4E1,AP4M1,AP4S1,APBA1,APBA2,APOE,APP,ARF6,BACE1,BIN1,CLU,COPA,COPB1,COPB2,COPE,COPG1,COPG2,COPZ1,ECE1,EIF2S1,GGA1,GGA2,GGA3,GORASP1,HSPA5,HSPA9,IDE,ITPR1,ITPR2,LRP1,MAP2K3,MAPK14,MAPKAPK2,MFN2,MIA3,NCSTN,OSBP,PICALM,PLCG2,PLG,PREB,PSEN1,RAB1A,RAB1B,RTN3,RTN4,SAR1A,SAR1B,SEC13,SEC16A,SEC23A,SEC23B,SEC24A,SEC24B,SEC24C,SEC24D,SEC31A,SIGMAR1,SNX4,SNX6,SORL1,SORT1,SREBF2,SYK,TMED10,TMED2,TMED9,VDAC1,VLDLR,VPS26A,VPS29,VPS35
ABCA7,0.0,-0.02851814175104572,0.015944945375838616,-0.055838738983193005,0.005947875334782116,-0.0039280486774307686,-0.007368187526609579,0.03256385033292571,0.07848021091885847,0.02292189944178527,0.02588899946723079,-0.020111119079791705,0.08737357441361203,0.03133746250659978,0.017912385386104634,-0.03280338377298423,-0.006949981704717591,0.0136770324499419,0.0037353762045081976,0.020181828020085467,-0.030327337283364623,0.002735896756815053,-0.07714137467876021,0.00011671505615016512,-0.01852666448052086,-0.044104257387365654,-0.00350984610323757,0.014179158227659248,0.022795479051562168,0.002013681921065649,0.04330087094523052,-0.06949520838113867,0.007170160192474661,0.02521448938628625,-0.004500667951101243,-0.013069608720606637,-0.024057195856535946,-0.018628131109674793,-0.014505025749931007,-0.01058567824827143,-0.021570794503840154,-0.04066489541566819,-0.04672753192024852,-0.012494414571457365,-0.004145330040938782,-0.016562378589556174,0.02398601447768115,-0.004327897520872909,-0.07398608038139139,0.053021397906989245,-0.005901477980299168,-0.04067186214389488,-0.003955715430519514,0.0017190491950502473,0.003765264415400753,0.010460316294678211,-0.02038831882949913,-0.045897240522670316,0.00983563671854737,7.538694677084065e-05,-0.01220083780011665,0.004586398971467435,-0.012993346533454953,-0.014072095331936612,0.014728278744967925,0.012051719820757334,0.029672701385284363,0.00046482347504559645,-0.05684800293622719,0.002217352431224043,-0.019780118005056777,0.0019162978280649807,-0.08398126227174996,-0.02235649013074777,-0.043487095447205644,-0.025443899075062636,0.0119796757419241,-0.030894442398310355,-0.022879397532773665,0.008868496169215714
ADAM10,-0.029449551354768122,0.0,0.03664978344978933,0.02689427702580383,0.021770598298959117,0.006971700462225363,-0.06303579035907002,-0.012639176678101523,-0.03198245690313291,-0.01357077807231265,-0.027005990768240996,-0.0024141678191292207,-0.02743750750702638,-0.0652233743832858,-0.006300445729084934,-0.0034209237688425913,0.05742311025582038,0.018471613506151514,0.01679783540164531,0.04185422573584365,0.020402438164902066,-0.03564722986177206,0.032450694356759735,-0.0042580263822491,0.022037278246934272,0.06711014814591895,0.04810529490448228,0.014912841512779138,-0.0758507549542466,-0.059352686604745936,-0.06640943000135696,0.027932972347539605,-0.01877808518306343,-0.057740729085320665,0.027076382961359027,0.008501548229465604,0.055028895820089796,-0.003112413026321815,0.018474453210402746,0.025654275644794448,0.0260873361759215,-0.04401725876122359,-0.025179049316667864,0.034869893067500796,-0.018801965206453088,0.05537843124396623,0.013321989533683293,-0.04575211145999612,-0.008947458598237005,-0.002646324819400079,-0.008506168994870852,0.015135280043520931,0.07040136947893941,0.008591201207392431,-0.02611609914117223,0.0227785667588295,-0.0568941894293337,-0.04576707955211494,-0.022727335481367707,0.0021399997083793847,-0.0018468890869183367,-0.034013009479859094,0.044747010245143715,0.017234655964360662,-0.021251139236475494,0.02497187229357974,-0.08468328482491218,-0.006303304315005999,0.007547066397761121,0.10559326356679799,0.041711780486353746,0.04600718808848238,-0.010771398754345032,-0.06469789675374973,-0.02602484844371956,-0.035230504379080436,-0.05392274720155646,-0.006345033725650498,-0.04808287970328514,0.0015073076902924188
ADAM17,0.017348887781181592,0.038615579388117625,0.0,0.035516422917277635,0.042389022458618884,-6.327026694077203e-05,-0.05652167205568484,-0.055606783993865275,-0.0060741303767837,0.014562823540000528,0.029590349659567434,0.08037657478777921,0.13186588445875966,0.040736025191805685,-0.05338188526595997,-0.00296568923171253,-0.016317007753151702,-0.0014621071630099972,0.03267009593047672,-0.04032184800600619,-0.04524479091534685,0.03004353218574413,0.0036389075885815236,0.018024268250788383,0.008820015665097793,-0.04983307176974254,-0.04898085050670167,0.030318309383764466,-0.06704364759686456,-0.05267565466709303,0.033432969789186265,0.016201990555575516,-0.034327373699467985,-0.08504990780587432,-0.04545584331262232,-0.0004464400332801277,0.0585334639701467,-0.059396925418196134,0.056153677690538216,0.052764022536501025,-0.00012027254145203428,-0.04928237722907757,-0.0801468630946156,-0.0632315249385041,-0.0015779030582905504,-0.05964091681880294,0.040814321509035606,0.05660197399502055,-0.029657109026923353,-0.0059535699992216765,0.02134493090275112,0.022510020672336758,0.05516606981738195,0.04689167892354767,0.017267511692607748,0.05967385904798448,-0.04190483162518445,-0.004713440044000897,0.014985337243588368,-0.006591298377463207,0.00516844194247874,-0.010714322028574258,0.05059098165711452,0.013550055175227243,-0.08112180295468871,0.05889524765891152,-0.03351854641698403,-0.06631331397543382,0.020524876101238442,0.03870043341982415,-0.00885054677283887,0.029093955792274598,0.004885777673601078,-0.01195075102166896,0.0470485572812538,0.01350094343872491,-0.06728542100111959,-0.0010086906077317287,-0.022790444064179564,-0.010780165095123815
AP1G1,-0.06098668169937913,0.028444730041162686,0.03565168155090295,0.0,0.085123807949711,0.04271902679027753,0.026458553207909626,-0.03285595279792629,0.01745922497175735,0.017701739596230132,-0.058947080836068026,0.09194471548972415,-0.001720858170358229,-0.031845019667452734,-0.08669741456390226,-0.07268000059387118,-0.012392444007269698,0.018547469281119694,0.021130287208249766,0.005622437430837806,-0.006775386475148544,-0.024487872557179578,0.024675852911130006,0.020904844763265207,0.046960344133613996,0.033259841082133416,-0.021173005962705736,0.018568039716220244,0.03423220865493668,-0.029280888968040788,0.037810747146873054,0.06320598178195182,0.03921007178132401,-0.004303760345107822,0.008036983800489814,0.02888999021438324,-0.010512775258195009,-0.011999605522669503,0.03677454472566141,0.08519049551544843,-0.05324118217645448,0.03135153285700724,0.06850254262428643,-0.0397816503999787,0.01087703785370879,0.028178644685192128,-0.04420482714060075,0.031029898465355765,0.04898624977142839,-0.09165322253420442,0.02436309952093538,0.003243871918763623,0.0006658155306570507,0.01833158347528396,0.022771396505324865,0.008484224576948526,0.0469329721257249,-0.009922113775808828,0.0151404733592912,-0.006556191237545216,0.012905151386402084,0.014490181277702229,0.07909735628334738,0.011260387899824387,0.05538275721742065,0.013295522848078674,0.013204781500466648,-0.014539219643863436,0.09146763664423356,0.06714997125244941,0.01563280287102906,0.030879943676014647,0.10030226895443814,-0.038515443811093106,0.03938061804147784,-0.07787949366495311,-0.03165941737193885,0.049978234078635005,0.06648222338262148,0.11295480509685836
AP2A1,0.006233505439883313,0.02209445993599451,0.0408296149978614,0.08168120325829088,0.0,0.07677733263256716,-0.021180113287125116,-0.023904856512829066,0.023773686092760773,0.01985898182528157,0.027790138696367983,0.07458206982018441,0.050999739223652266,0.01987967228715784,0.012848205517624244,-0.05355888315201515,0.006006957480771271,0.014197674675006572,0.0792550417612825,-0.022343488753113965,-0.0060041159192647225,-0.026010037949978356,0.03835800432674564,0.05085395101431452,0.04292633528460811,0.06666526289793935,0.0030884776293607394,-0.022175851458477183,0.05454578321917404,0.011773677228192827,0.012962746112831089,0.017293791219597593,0.04208606841849752,0.013166390530316706,-0.016268900914982582,0.0355421314903759,0.04126191817723181,0.0072760745456481165,-0.014871259925287693,0.0029277198640237953,-0.028529824618770985,-0.0002618070110506839,0.02169599977082062,-0.018445941578233076,0.029167676204136038,-0.02392822545350078,-0.03632784995841924,-0.05414896204419572,-0.0470447974279966,0.04845328444591378,0.035550948189480146,-0.03189635109232634,0.056706588662934314,0.07533394802804422,0.02492983730841488,-0.007875587043554262,0.053601660356537704,0.009302576970512729,-0.015952288679361104,-0.008022640642557843,0.06744266348347554,-0.01188284699316671,0.05141246825446926,0.005480224084675095,0.043441741816934526,0.028144804262200476,0.03495832019230999,-0.051933467968196804,-0.016205467401725997,0.06600585432819979,0.0336906127884858,-0.0526639595703402,0.016790006158066858,-0.06110696997974987,0.011378315752088962,-0.004120550812466618,-0.026828952925622717,0.010338837096703652,0.03583819409326209,0.09362698421932693
AP2B1,-0.0038695053922292396,0.006650585100035544,-5.728351510334639e-05,0.038530136127550504,0.0721674117134485,0.0,-0.03430246807901349,0.015633918524022943,-0.015794482142642653,-0.01519684144183399,0.0018048702952802075,0.005939488577114165,0.0060256910068777975,0.04015405124416127,0.0407268884051811,-0.034641564669045416,0.004932516267029043,-0.005124279377989804,0.01742513654444834,-0.017374371112896605,0.005261504506767087,0.0018773042959937852,-0.0034801900165162374,0.009808207271891812,-0.0024579001895433704,0.04775343346205489,0.041685745065252064,-0.007581895773154252,0.07109722008006657,-0.01914083109968569,0.0021761961827593294,0.00010532627776226077,0.03221982292312361,0.016448107012404834,-0.020533478364261247,0.052136565474651946,0.03586883613598185,0.021206454890725736,-0.023897504255964132,-0.012409341241623196,0.008911925519113535,0.013232821777370288,0.03013577324156631,-0.054001285206626476,0.0603386203514445,-0.0042744218369183545,0.009046625966933813,-0.019067245204258596,-0.012380138109630425,0.026891395723004766,0.015331099490395723,0.02226492728709874,0.025423073953267702,0.02441688486837522,0.013543048182146982,-0.01600194939917413,0.05869166495473229,-0.022164549814128538,0.013093041241919486,-0.024983845650289587,0.025730682850121332,-0.009304409150440347,0.015023908300800137,-0.008597006069281444,0.04107804012679649,0.006534790007115083,0.0045009184911568665,-0.031288940016836166,-0.030024247870374807,0.06103433402606822,0.034740882136691895,-0.008642730098991877,0.0451654546699445,0.02558914359502672,0.02564047204038643,-0.03369568744033463,0.009030604866391756,-0.002940108137538515,0.04214527179850676,0.06402361914880683
AP3B2,-0.008339558479310743,-0.06908951290454746,-0.05879613613118979,0.027418840084316227,-0.022873898050844332,-0.03941206239251789,0.0,0.01265725250101183,0.007177266422085488,0.06076600779087999,-0.04875019764382549,-0.06489556235947465,-0.06263250175164262,-0.06101824291000446,-0.11403982717943642,-0.08308177538776329,-0.008226756636991949,0.01704826951305614,-0.02175123850018899,-0.009051333701557791,-0.015546201958024471,-0.029239133562911804,-0.05887642527436209,0.026646669254543502,-0.06812759171488708,-0.024155866270511823,-0.09380617668452537,-0.08104286504076363,0.037000238173640836,0.025793743637782123,-0.0598903820959485,-0.009282832364687573,-0.01658385694292974,0.09821454438654215,0.026756024495010848,-0.006161406557848179,-0.1358709969372918,-0.0295243088867437,0.03930967188808774,0.07949619737805795,-0.061596263141865955,0.026534581375042065,0.023981010042144243,0.021410377004903905,0.005291171751744752,-0.026543165725078113,-0.004252364584029872,0.0342693232516363,0.06261590962401438,-0.013799378553838929,-0.016582406150525978,0.043162434735156865,-0.017421400800135097,0.10832356517740765,-0.05100589097752387,-0.005105667377371338,0.006260622915214353,0.07997009707164277,-0.02763331031078543,0.07263574772779054,0.02390117883367301,0.04837862908264563,-0.007811903370808531,0.00949148223346582,0.0019465458622624414,-0.0380228616525894,0.07814640165444832,-0.023579718517962832,-0.005397446510061492,-0.015423935437591255,-0.007801019224300361,-0.062133380317206534,-0.005558974417103786,-7.508787434207218e-05,0.0020983166192687273,0.07309675428884065,0.045289073002438895,0.0348395423086178,-0.0516229869172204,0.04240804080319781
AP4B1,0.03382921451449398,-0.012715032924036043,-0.0530927646255767,-0.031251497164665853,-0.023695824227395558,0.016487143316131107,0.01161751441428286,0.0,0.11894335871169891,0.023013448173215285,-0.009133092838980752,-0.044876656874061595,0.004474251072899248,0.04937367869878137,-0.026672684952877813,0.006977079314098011,0.003299845400774038,0.0027438274087768126,-0.047575423452345576,0.09367714999679837,0.011498678056960398,0.0062765224542443605,-0.008287671895590615,-0.017313178255657126,0.012333927405574447,0.013300546945612961,0.1021105062214524,-0.048445532036178456,0.03067153462367655,-0.0012382958444975057,-0.0015208311884562168,-0.08189772976208545,0.020139008461508873,0.06087301810435145,0.04391267573223264,0.03434131083068051,-0.021510354917917522,0.006474427822336649,-0.021390505076211565,-0.03554066939187064,-0.030112193308233223,0.025430745734206103,-0.007061633899437282,-0.06988734936464974,0.015240333419055698,-0.028464301385374226,0.03953134904662779,-0.030536869417695085,0.04601184873893849,0.06428802116381169,-0.06067485005750579,0.025728046923881868,-0.0157193451553604,-0.011061357176570027,-0.056985997776512635,0.04112815190433597,-0.04316860874274993,-0.02872558712046654,0.04320789554746638,0.01774394606648528,0.006054836296815474,0.025902017748024937,-0.015911421991105994,-0.006094657438083711,0.005940931082714428,-0.014916787589582047,-0.030646182172835407,-0.031223310585295285,0.015926766729582417,0.02242812090787341,0.0016599671524259673,0.018576825121493615,-0.009968878791713274,0.0417906274369336,-0.014397250393676704,-0.06828626867340855,0.07303310818968188,0.002151434935301474,-0.02043596478896116,0.002254634061206883
AP4E1,0.09346314905697568,-0.03688371111342368,-0.006648378792594336,0.019037319876952338,0.02701508177856571,-0.019094445194057952,0.007551912124844721,0.1363528695242074,0.0,0.07532840653696199,0.008740250228281956,0.08307176021061344,0.1405625887506327,0.03281869326223301,-0.07679586498383455,0.003674972016314171,-0.042586998093348975,-0.0028152603799841995,-0.05955602545577409,0.07121890596103621,-0.031420175683482,-0.04755532811223634,0.04342952666061389,-0.024685205169139787,0.10084009859236173,-0.022773464879770333,0.07515101397851799,-0.005672353950055944,0.0308211005383512,0.07053294287658007,0.05459199579434607,-0.10769374831313931,0.04372523888946264,0.0658309859400927,0.04967758341040196,-0.011006956651600673,-0.09868086583379308,-0.00812147419016418,0.011856113048245678,-0.022900365500621373,-0.13647625208941283,-0.007043486033006889,-0.051846818712690215,-0.08994767820481217,-0.02903249593430797,-0.05067795014172787,-0.027968299676221036,-0.047723165641481616,0.005078121039347144,0.06725642227929517,-0.05340632119525186,-0.0827281415610326,-0.0553814981180867,-0.03092042693163434,-0.02147428336960067,0.09631444031364121,-0.08908529981997632,-0.01324976273220565,0.05046346883900012,0.012793493052433996,0.009360185260107914,0.03976910513607639,0.022602433838083753,0.01979597906771988,0.05455667285407021,0.011321993892337776,0.005089738368274508,-0.029379549829154087,0.08188153997339605,-0.006367921309895151,-0.0179452227402161,-0.0075567348642432116,-0.06459311199911281,-0.07452512955832669,-0.05770644845190576,-0.0813984738133362,0.046010660656919146,-0.002153877096277531,-0.027002797676711824,0.004522245883581445
AP4M1,0.022067021476600574,-0.01265145291499316,0.012885168427782309,0.01560305575898929,0.018242300588647068,-0.014851415610659073,0.051685822498855685,0.021326453787874546,0.06089359961128051,0.0,-0.0022167184822713395,-0.006225931967925914,0.04535829912759418,-0.0032033163841851792,-0.028387267432995803,-0.018613398150528076,-0.007979315966715677,0.058493129242699685,0.011407639645091434,0.056477946931163855,0.005277435191439823,0.0014919462984136342,0.004314748882982752,0.04322330139194343,0.012762881980011328,-0.004528625941563834,-0.007427653378390464,-0.034331393350591745,-0.013801166127268564,0.0287149602310639,0.022131384698711953,-0.004787404219538318,-0.0073382198232294525,0.023377383261757232,0.04878236077634412,-0.0011127723838499693,-0.031012292360798745,0.0006035178958536336,0.01767702138741864,0.027653254301328766,-0.03009948774038338,0.025225625079967385,-0.014530732282757,0.004119357523722788,-0.02963485089785966,-0.04065753518655242,0.00021121987393721268,0.03884313510892815,-0.011841893577513411,0.01629245093916818,-0.028529409215851974,-0.021414308907339804,0.007528173424880668,0.04976176757247907,-0.027739205650861416,0.009756276638674448,-0.021088731159578513,0.012936491202190098,0.01272955534022835,0.01887257938858459,0.026765976311840436,0.015952215501847725,0.03855933808358535,0.013062856484043511,0.003111003813310083,0.015767384736526096,0.020541530225294577,-0.020315971231108166,0.02152444729630649,-0.0019162548151730634,-0.016120479731246116,-0.03050111829031167,-0.012293517218177638,-0.0290387651306293,-0.012226131605935036,0.00906442186214286,0.010736006849012098,0.0038949973464544015,-0.030582609177064426,0.01429690603348017
AP4S1,0.025905650643686554,-0.026168684617125314,0.027213270145154515,-0.05400601576485884,0.02653380093795906,0.001833355307145849,-0.043099599121722176,-0.00879712871248721,0.0073438340796235695,-0.002304075285104183,0.0,0.04297182084919694,0.022763401042700044,0.043389756904012845,0.027488981367748123,0.05179782614001399,0.009708008128996616,-0.07771343441266546,0.06449332002684346,-0.019136578035531166,0.027108707913516935,0.04883358349140136,0.02245285691042712,0.040979782196761495,0.02981684536295361,-0.018306114378800777,-0.008327504605017426,-0.04666219307742473,-0.029871772630381446,0.0410187699612743,0.014132722281438023,-0.01591098843960974,-0.0076370061754039145,-0.02995119700448081,-0.04971062344553766,-0.009877401413295234,0.05359618120154314,-0.004794496093750476,-0.03810984000299017,-0.051247338023981764,0.0004770225042297358,-0.01168518734292644,-0.02583709362737236,-0.0015275670372522417,-0.031202515120113433,-0.06621489928577626,-0.0008004379055613965,-0.04254889310430945,-0.034630397026511876,0.04611259591852885,0.002502476595451901,-0.03987801607909182,0.039656198147797216,0.0025861544095067404,0.0022156765953227553,0.01644057706736357,0.01738438376309405,0.016081397562287367,0.018844286523811836,-0.0027540738641432003,0.024190873569237246,0.010787301488327497,-0.01744640051515333,-0.012092779907045876,-0.016205356859247663,-0.035720665152372356,0.028964857254018313,-0.038202380845430976,-0.044171496922353184,-0.07076826780831544,-0.005816028247340875,-0.02661569876553498,-0.04225657758182235,0.015638319028683595,-0.0029365689863665393,0.011136116419475072,-0.02105757362038968,0.02770432953473392,0.01791755910280341,-0.0011225607386116216
APBA1,-0.022063339100886162,-0.0025647497683334644,0.08104307206603832,0.09235541702948064,0.07807265502394863,0.006614628513816068,-0.06290245774427508,-0.04739137776757607,0.07652585088009656,-0.007094899669680228,0.047112865637084694,0.0,0.05952378395477488,0.01845264381702171,-0.089124986037424,0.01394316491109609,-0.025511092609531102,-0.09553231005221707,0.026250739200338477,-0.08301814884908176,-0.04903820357840802,-0.026514392564844468,0.08668275965878268,-0.021409221985971838,0.10989772749075889,-0.021207247736113106,-0.010575426931430295,0.008271970140148062,0.014893914831418704,0.05996039513882016,0.032213258785943485,0.025546203157240592,0.02207600114648131,-0.07904949458977942,-0.05842574757053952,-0.015993986437994715,0.04352970551930663,-0.031428706416675584,0.020254126455737084,0.009019040140437074,-0.046992131398416626,-0.03133231443221052,0.006801581351732426,-0.04044390386803607,-0.0008938047732555176,-0.053810711176257964,-0.0721090089547067,-0.075709401735636,0.0016744133356777354,-0.031709011755359576,0.03033164527126864,-0.08120961821517382,-0.013846520686461196,-0.04335824492902628,0.05453531965555198,0.05409379596464624,0.010755648996064833,0.03907939041125416,-0.013744958444173398,-0.006412564310413465,0.01643622857816579,0.003538895876784658,0.0004379689058396895,0.008068213421616677,-0.012977025973210411,0.008304454803103989,-0.001572941422357045,-0.015212424728715137,0.07331527624485676,-0.030196465934796673,0.0016634884972448148,-0.007144881781010134,0.03747965550015388,-0.06085038957110765,0.04432616120272945,-0.0036820020258483497,-0.03462517455793947,0.03889581412054424,0.06897921344109553,0.011191169655082251
APBA2,0.09865803136976795,-0.030001263074196975,0.1368472871340962,-0.0017790904096165216,0.054947737180090155,0.006906859232962664,-0.06248412804386316,0.004863137280595511,0.13327289794522523,0.053200533617574305,0.025686814789193824,0.061264355871158506,0.0,0.07622012532739014,0.03369196660173246,-0.003130216213591035,-0.06782402122199804,0.07243893122969976,-0.01677307285609186,-0.017778851593111617,-0.05488885407740116,0.004819347982902972,0.008030706048364518,0.01257426715533743,0.025531928180418228,-0.05439390801673254,-0.013195675923684138,0.06936306732114902,0.005788626321073937,0.01436911078401016,0.1011115051170252,-0.03738518283132493,0.003914936240512937,-0.0017130888217846024,0.0015276031513442542,-0.005819763240639852,-0.02784227072309822,-0.006407448758474474,0.03904921448333386,0.004771170132336027,-0.04746369680228599,-0.01935724143616416,-0.09501123200246123,-0.08887315399404198,0.005044916865351179,-0.06399718234291799,0.016987887619093298,0.08969259753870892,-0.08880963368667333,0.0496432374507984,0.007734453804491507,-0.041200790891515474,-0.01159540357112483,0.02865983719752866,0.039733340711142075,0.04047706884309772,-0.04125651217913557,-0.01594504556739868,0.043730211216709496,-0.0396683833171861,0.00966410443916967,-0.008781301631990106,0.06282866367999601,0.02225275607375343,0.010308365615096026,0.08861442812487484,0.013587445066476564,-0.03879081383799972,0.021344647905195153,0.01461146196140163,-0.02738556275859158,-0.0234260488980754,-0.034363193177097046,-0.03952680394688231,-0.0037684281613728833,0.007473208142677099,-0.020083448089705552,-0.05967667469699622,-0.027018111969037452,-0.021709152047924382
APOE,0.03324649805289928,-0.06700818940661596,0.03972026412179525,-0.030933153644384384,0.020124301468128648,0.04324469644901858,-0.05719517442562461,0.05042215484868064,0.0292363475504319,-0.0035301145609346967,0.046003413534741966,0.017844553089662138,0.07161424131916666,0.0,0.01232712761619046,0.028378739504371104,-0.0467858595385281,0.02945627374667831,0.0334917208509603,0.024667127966200353,-0.04126576783038879,0.062141454131455866,-0.0056112620226057746,0.00046929348511127176,0.0011563964538996128,-0.02612160562095519,0.019015037059392708,-0.0022181688366719387,0.055993725336387974,-0.03031275065850091,0.11094762514814407,-0.05672356524397561,0.04904360625338165,0.0454002595531575,-0.028613012719831167,0.02731356823307093,0.07639551323558676,-0.02686159998963947,-0.04687604418825421,-0.07827519795154048,0.011817289114748537,0.0389897704386633,0.013256763207751371,-0.07394506575948863,0.042336667543021296,-0.055028770222835865,0.025219931218083254,-0.004593112710312741,0.023646486914389035,0.07822835222461517,0.02429101430709081,0.03508344724026182,-0.026755049145961475,-0.001721626925046933,0.025332425188523893,-0.002645616802917075,0.01981020784743532,0.010500832364922314,0.01782702324089898,0.001513106022657328,0.02707815685902239,0.0072249826614528695,-0.04219831394504691,-0.030842405298924066,-0.06098618816915659,0.03692838145884152,0.011987767369019187,-0.03698290267258026,0.013833249073778883,-0.03555162364690717,-0.04819339292330664,0.002123392490780546,0.019668123092529306,0.08473774161224183,0.058862279963221895,-0.004113316215219838,0.053391753923366224,-0.004435611709521618,0.06193814380976371,-0.01265667786663313
APP,0.021374535066916625,-0.007280430622227059,-0.058544831144070025,-0.09472181186336359,0.014629020270063813,0.049333949822516134,-0.12023126454284615,-0.030637535228765538,-0.07694862089385945,-0.03518631017586223,0.03278103498825398,-0.09694105119249785,0.0356055149676839,0.013865101879974997,0.0,0.09873016668756678,-0.017217324620530102,0.050737032947901266,0.0026490129114662836,-0.04313800998159332,0.10632933987725111,0.03316397932442281,0.06625146615509982,0.042798800985501595,-0.027277923060653807,0.07764465531401558,0.023013593079942756,0.08763346189604938,-0.009216596769402743,0.006036486400918692,0.014150952401849055,0.028027484576625246,0.015601404073092849,0.050313057735027526,-0.0076770344582524925,0.010963384132281685,-0.014034624944774561,0.1283192011268521,-0.06141900547947389,-0.12097256361114786,0.03944617435795585,0.04663290853043476,-0.02115148419075348,0.013683794131229067,-0.0011691793870804497,0.07330047093344155,-0.0018343596956047735,0.07953300511884664,-0.08367245743467228,0.05174263529182423,0.038573775772803236,0.009127215612609626,0.018547472092839752,-0.008896584491623756,0.04939557397046053,-0.08486952171162515,0.06541444664929681,-0.022530601142339467,0.05679790806032471,-0.10987073559126477,0.004455123942584712,-0.04423919185256184,0.054605616187152796,0.01478954125396761,0.13320065309765286,0.0031602983294135452,0.03564555358216711,0.014778725595185784,-0.07912064708645795,-0.02591708580080414,0.03278904891274542,-0.0544137106271616,-0.02458922466054375,0.03823917567895924,-0.06213641643065366,0.018686830120894556,-0.04887928437777044,-0.072578131501106,0.0036693844336436886,-0.024470288589823815
ARF6,-0.035294275669918156,-0.0035642779636630806,-0.002932666422711922,-0.07159804250415555,-0.054985307139247805,-0.03783594044338212,-0.07897852327793048,0.007226085978241416,0.003320163087761745,-0.020802626954232607,0.055695220066400423,0.013674516832893821,-0.002982686598068581,0.028780388421848414,0.08902095449504628,0.0,-0.0253141894484467,-0.044680969844595006,-0.005416398547228175,-0.015049682377985027,0.07513044740596535,0.046221500281166665,0.15136460763761334,0.006779732507481193,0.04908816617805396,0.0206774639432158,0.008887289231437423,0.025973704674399238,-0.11135112915645665,0.00782234331472585,-0.0022811441619863455,0.006518084275050758,-0.004739077799134698,0.008531343009930047,-0.021030826154324826,-0.026832327657482127,0.008496652521161066,0.03542330738855927,-0.02350150601675346,-0.11525319079435489,-0.013198689638720805,0.03869596581149176,-0.03999544258089732,-0.010512900928681582,-0.06068822774961713,0.010664614371580259,-0.014745822787677752,0.008292721859931376,0.07121801483881307,0.029889196672347348,0.010935209778354197,0.03566259029126802,-0.0022651187104657565,-0.04324229960020318,0.0037012861827933332,0.027505552538527406,-0.0442276206968801,0.05852417358964296,0.04770044144001382,-0.02858951487954124,0.0040316498737236256,0.001398885002259388,0.008855357910089939,0.022373428983691983,-0.016024634664878804,-0.02570170957834091,-0.024320322021097362,-0.028408519296465685,0.05957472877527356,-0.10594681980363957,-0.009939906315111666,-0.006548313203123326,-0.016740348735022056,0.04922295128462974,-0.013536502462361384,0.029500011185599053,-0.039997878686469944,0.014255543672282222,-0.010086765848580119,-0.10005656239614913
BACE1,-0.006710081389438332,0.05368752443617554,-0.014478915862129522,-0.01095473030092758,0.005533860396821933,0.004834305119474985,-0.007017628744870257,0.0030667724708191555,-0.034525573933613544,-0.008002334011782485,0.009366881370681302,-0.022451128910922116,-0.057992965784003245,-0.04257715710164302,-0.013930494789312487,-0.022715511679556055,0.0,-0.029003244519342244,0.027905421110937256,0.03721365133474039,0.026900079079945783,-0.000771259953724424,-0.02875185115118283,0.015433919233210521,-0.0010783451863965443,0.022757783364625493,0.03379251238671565,-0.04798494590358756,-0.026710273020555612,-0.002289579552780465,-0.052905882640347915,0.007302687580230554,-0.024372485924758304,-0.045668987443161675,0.010205883010864107,0.008574996859727705,0.04268172902262216,-0.0011009263069612569,-0.010086858060319497,0.022595250754004342,0.03188642995718322,-0.027063444175841108,0.0007371001231544045,0.03880596283934697,-0.015437213232635687,-0.0019658887944484548,0.018580500742195322,-0.04651186400508758,-0.02696885546487332,-0.0015733322676286274,-0.029169210428562867,-0.016594621562176826,0.052795831999432156,0.005132483119929157,-0.036340301626810616,0.002534171639558974,-0.0034445806981594465,-0.03688269914099066,-0.011393447653815999,0.014271373844385813,0.00031374414262257133,-0.005148075549302692,-0.002765897323018856,-0.007750393604943472,-0.008024329835534515,-0.02657430249679867,-0.026377637954270557,0.0006607957059750398,-0.04633798261055327,0.03637249780473382,0.025751819123297975,0.017045278376342843,-0.01733563222893763,-0.0187148706545983,-0.01876618387732345,-0.027617767553215464,-0.00989022667046371,0.015193022409354466,-0.018869205640531395,0.02544629153870845
BIN1,0.01691103967727096,0.02211697894722156,-0.0016615332393390251,0.020997311429296006,0.016750399372833742,-0.0064318015449465965,0.018624145062813645,0.0032657208371049094,-0.0029229188059201184,0.07512598377612537,-0.0960274277138721,-0.10766975089510816,0.07932281588410878,0.03433002812010214,0.05257269558553835,-0.05134703775436134,-0.03714333442929505,0.0,0.028930581859182843,0.1858528018003296,-0.039462533661743494,-0.02236548829483771,-0.0022335098391863943,0.04903828720332434,-0.02482650440777633,0.05120247472679409,0.002179625442606889,0.05105191263165952,0.006428874482300209,-0.03984783715430987,0.12890845482931138,0.028638944490835178,0.03219582341705,0.08863210482001418,0.17628035197725472,0.002868454711144985,0.017309302809723905,0.024145724610447814,0.012815177348850222,0.015444908640090906,0.04890808939250818,0.09585241991492917,0.035351942669489676,0.10396321713754023,-0.01776106831400519,0.04989585177882155,-0.00793068775443426,0.11876003672340622,-0.039151715226111855,0.04343931401994037,-0.0002939029738127806,0.0018739323685330541,-0.038057394848069095,0.0771241897954965,-0.00110951714420054,-0.09931962308411618,-0.039019233717228666,-0.0030411133213800253,-0.056276261812718435,0.02191581566839098,0.044827074102359664,-0.04243760289016606,0.06590397421831252,0.013616890454801758,-0.040770719535944897,0.1622698014078226,-0.007809681841303696,0.06311971920523654,0.07630459577959801,0.06654186116714281,-0.07480431418274522,-0.037743402449104256,0.017248792305352884,-0.06772955255697245,-0.007596377044953362,0.06093917450923494,0.05203534316942136,-0.08775767140304369,-0.038035507708110976,-0.03355103019737318
CLU,0.003968328480066719,0.017281010250008208,0.03189885347044014,0.020553191286187773,0.0803396026883302,0.01879190727356924,-0.02041619797967853,-0.0486518954214265,-0.053127419854465986,0.012588556838262936,0.06847132980279438,0.025420249036983148,-0.015780965013914742,0.03353734276400699,0.002358381659446295,-0.0053480843746982545,0.030705609333194682,0.024857188356390676,0.0,0.06237590552745924,0.022924315245391045,0.047383890170975884,-0.004141766404606983,0.09060053334126848,0.0203680595928915,0.028171739956205186,-0.057384675489585146,-0.0405786605457479,-0.042406658039203585,-0.036089536231566834,0.06511352011230309,0.01290713544948295,0.03146111984603738,0.008619941939376978,-0.01996093789099753,-0.008040003218169497,0.10456511971540036,-0.03815779930377635,-0.058246035863891,-0.029154620750294045,0.007865033365652457,0.007349709653627123,0.033117489861239795,0.07743302654780441,-0.056691827437129104,-6.6558209117793e-05,-0.022188538356996485,-0.056389735964182314,-0.024245516925326043,0.04252546698965021,0.04590563879198651,-0.024033170697182218,0.07322731685269636,0.05528428073999356,0.007992879483476203,-0.030041679862701155,0.03606132611864756,0.0007702839649267468,-0.026180398074157268,0.03130898408479117,0.05102026116048346,0.0026203671563714928,0.01353597510098565,-0.02713444525155217,-0.035036353912528934,-0.0027472547326500905,0.05240452512140861,-0.02892415726748273,-0.028044973796420226,-0.02164456848487504,-0.029101293389879553,-0.005538871076545018,-0.043690176357544214,-0.03051293342065126,-0.007031191529550451,-0.012873608724370792,-0.04497476732480029,0.05059280299693039,0.0434477149694931,0.06995459100092036
COPA,0.02424627026068273,0.04869297319554719,-0.044522164181662244,0.006184572284249182,-0.025613264880488498,-0.021189218494972614,-0.009607593715234515,0.1083332934046093,0.07184548660029946,0.0704807029561319,-0.022975738706342477,-0.09091226615988518,-0.018916283013702604,0.02793321655538935,-0.043431146593930596,-0.0168045213344309,0.04630656840905159,0.18058227589116607,0.07053879527796428,0.0,0.049161691283566455,0.05763789595363134,-0.04631956739664849,0.07955438170420003,0.036178981275387406,0.023916009762095465,0.09582527237938669,-0.07343916289150193,-0.06922284191071393,-0.029442224077407247,0.11035418683699312,-0.02628339210811938,0.011399127979606728,0.020288550850143888,0.16313340087243622,0.012264490427912436,0.08037718057776637,-0.005061838179875895,-0.03902827941456898,0.009499962196106788,0.031326173995084416,0.07841946473192818,0.037928386678165164,0.07851572908667599,-0.10183351276410085,-0.005728582283367,0.03759440886618773,0.029166631725738627,0.0008010006844064898,0.024203789779012497,-0.09320906710876029,-0.038034203255638194,0.019726665882219024,-0.002918366107687091,-0.09150319605471541,-0.015869775486845428,-0.060823378444361045,-0.09289988065571761,0.028957159792721083,0.05149649652807515,0.017538545522652067,0.01971655549407926,0.03902151542978125,-0.023277836039291334,-0.04309090087145737,0.028131137591738502,-0.03855548962684464,0.027308430951326075,0.055669417174820844,0.02004586201640355,-0.06792926697332709,0.06292830677740026,-0.021216058021115675,-0.01744038159000877,-0.042149174539193014,-0.1216338001387283,0.05758688610099137,0.021517110519373252,-0.014382670896604844,0.030956684241915923
COPB1,-0.031221390427507562,0.020339607579187364,-0.04280928186104829,-0.006386348731924793,-0.005897888281758728,0.005498564331573575,-0.01414034078849497,0.011394878785081242,-0.02716103529656196,0.005643489910743317,0.027889937388678187,-0.04601691593854933,-0.05004374248172745,-0.04004292651579173,0.09173347051752405,0.07188665992961177,0.028683185994961814,-0.03285674166415044,0.022214731322474642,0.04212698067851264,0.0,0.05237419820736473,0.060045510678060326,0.07303271061365667,0.017907789338882554,0.05026140870522857,0.02548934992607871,-0.035379519774296014,-0.07839045835715744,0.01481806030566908,-0.031199929584357744,0.03606695087364845,-0.020471752296129856,0.0009549956163312289,0.015026218768377269,0.013522059549755409,-0.012049513360928835,0.06472537574537078,-0.02315630828807901,-0.0263145130955862,-0.006919564735832971,0.05085654227429966,-0.004038848861955591,0.0033336250995442303,-0.06153823037456382,0.006446937190797312,0.010121900137540158,0.050517355339338856,0.014700738635799548,-0.014695473197808461,-0.0312813872563028,0.013280303121538217,0.05532734965219527,0.009124488514600963,-0.03827262125198444,-0.0018435655713313602,0.021937130561347336,-0.012257613550758766,0.07866556252923446,-0.03445321321569944,0.01066088903200904,0.01654393183969853,0.0663350871753968,0.015334838866742934,0.07518527879199208,-0.06606494222456107,0.01062039200225558,-0.033463567242868704,-0.010411402463222695,-0.03315656557738877,0.030249946814947713,-0.004797742201808086,0.004740084008359939,0.03614221519664661,-0.03832010079506624,-0.047396738687950093,-0.04384178756768174,0.03712099452470714,-0.009707944495027918,0.029320897537366365
COPB2,0.002750230622522116,-0.034700660058011916,0.027756953484616275,-0.022538295220788845,-0.02494823976361593,0.0019156911268162155,-0.025968778375849436,0.006073406245619052,-0.040141014392378015,0.0015578637986477298,0.04905787876868502,-0.02429495441234391,0.004290474768046764,0.058880127434204795,0.027937837840096957,0.043184492298552174,-0.0008030194495053905,-0.018183160073196994,0.04483599951729161,0.0482273153405078,0.051140955421993914,0.0,-0.02585844013981835,0.05703569050288275,-0.011724287242375635,-0.03877151704693313,-0.01125046058488835,-0.030544903021701413,-0.04477278973065595,-0.016761712032102673,0.06313249016802666,0.003882149851879941,-0.01512210314418996,-0.020031434414812584,-0.01780555521471847,0.009546411573265362,0.04939268019551154,-0.0016567130275361962,-0.027083860562255823,-0.01651723672511182,0.024119624100645134,0.04098484663329141,-0.0007606232849052957,-0.025351511233641433,-0.03598313568232973,-0.0461961504668389,0.04357472805919887,0.07303312255894204,0.0074916849487820765,-0.013520924240607564,-0.015592981621315368,0.0201746152548395,0.023419911105876875,-0.005717698010518036,-0.014468628022331757,-0.002122306140227217,0.030050669790598082,-0.022588332123759342,0.06740281566513558,-0.013240981725938818,-0.0035286335103564973,0.025077855482976107,0.010046404664256518,-0.020524709327986387,-0.016501293546071962,-0.03362354481808422,0.020144680183977436,-0.028754308152170525,-0.013337555569916448,-0.06517513507389201,-0.029892888566143038,0.028841811516692465,0.013506996014695936,0.08881512274687169,0.021065160257345904,-0.04242993113377932,-0.007882950748403367,0.0358370676176392,0.032465721738063634,0.014836609079499456
COPE,-0.08983839209960479,0.03659663301121949,0.003894906361898715,0.026311606620624976,0.04262458021475535,-0.004114328445257191,-0.06058061003835544,-0.009290754447545416,0.04246972457824997,0.005219597408921965,0.026131658101867784,0.09201790120828093,0.0082827772836637,-0.006159607885756587,0.06465868055689794,0.16383749813088636,-0.03468137292173554,-0.0021037011067662143,-0.004540324901324296,-0.04490085909823197,0.06792617825010781,-0.02995763403915988,0.0,0.017115212552827087,0.11571335109407901,0.1096211757990725,0.03329933537093096,0.010293761241796638,-0.08152539769124303,0.054616659297450194,-0.04712307574935416,0.058514896401848704,0.017434067487753058,0.020683935075290136,0.015878505404991375,-0.0036163357475682,-0.003164380187462114,0.06688176906045605,0.009125475263355547,-0.09659771800809999,-0.0489283591902056,0.066465811477422,-0.014073337771142048,-0.013790903116767833,-0.035132058951537856,0.0019743307841603736,-0.07996629241408787,-0.031117278292973446,0.0917679188791314,0.043576115602262655,0.02155784917907777,0.02092353944646793,0.010232935370711602,0.016995431443491665,0.010757858766237796,0.031919049699062424,-0.0407030622507335,0.1271309701997821,0.010601423984712989,-0.025501486637179563,0.06875428898240435,-0.01633432137730282,0.06603135137812528,0.06321907132763706,0.010234002705613737,0.018016506921280335,-0.03786800611578787,-0.055340058802294104,0.13019704258217307,-0.0445394364335478,0.031289569908645155,-0.07925648358670435,0.04558200064714597,-0.03174732676102637,0.008255646610252739,0.08375575064111053,-0.047808674475715726,0.013785945239736298,-0.013388164481399418,-0.08003748749548002
COPG1,0.00011832860185694752,-0.004180360525069497,0.016794686053513763,0.019404854676480312,0.04919455818850594,0.010094246119533322,0.023868404714819397,-0.01689598387193201,-0.02101451362427358,0.045518471505509785,0.04151960925521958,-0.019784666436719084,0.011289980466827262,0.00044846163477442615,0.03636228779461436,0.006388365863618935,0.016206713184878044,0.040208670315294064,0.08646101666979703,0.06713399838253874,0.0719220918881621,0.057522816799772974,0.014899460737394418,0.0,0.01076386123442792,0.021961826134295405,-0.025868444775100016,-0.06117309305610126,-0.050580048361924645,0.019447087301550533,0.03247313651215137,0.03459677630226716,-0.012197035697511375,0.0055596123183148,0.02689176759226084,0.010818749234649443,0.022323637260890872,0.02191389058518555,-0.016162512137544195,0.010500714346606665,-0.003964741895714509,0.051409811886568284,0.0037121393432801757,0.02754367785576526,-0.05882197837659872,-0.04500215282480349,0.005252990269415195,0.059401074580264564,-0.028713265097606935,0.01010391372333308,-0.015928665331099,-0.016601144114938682,0.06471319205898284,0.07352228144404989,-0.028326535375622477,-0.018806582534316732,0.03410158510997535,0.004596299281956907,0.040272294971921335,-3.152874401531073e-06,0.046762822058918345,0.01767803619910031,0.06835317756337689,0.004037563231765541,0.024592085301242794,-0.01686649860123941,0.049048698805948844,-0.043766656092385656,-0.016384131481689008,-0.026044027049393056,-0.0072630375037700656,-0.036218748286842566,-0.0031410267499571683,0.0010133811905857684,-0.011430786130679,-0.00702404468843586,-0.030516152231466042,0.03565574961081581,-0.0006476166996748584,0.058473119156705236
COPG2,-0.018644497625132688,0.02147602717937781,0.008157821601015757,0.04326984288147018,0.04121988513405578,-0.0025109559694242527,-0.060575094240889554,0.011948095173193958,0.0852131192140892,0.013341636008283662,0.029987199187439507,0.1008108226991619,0.022755412942750863,0.0010969279974520657,-0.023004960776442304,0.045913947034455456,-0.001124002110713238,-0.020206476634758993,0.019294336135655184,0.03030577136719464,0.017505618805540833,-0.011737361766675477,0.09999132510949107,0.010684610377577019,0.0,0.025837177590764416,0.050211241202423845,-0.017169772680951524,-0.025073752723100116,0.060191127781013154,0.02196358645993328,0.016747401034410556,0.014951949243721766,-0.03888165772819901,0.021248068887624053,-0.00656846709446864,0.033780559004230354,0.016321836337030222,-0.0036115707842228786,-0.021462303150274434,-0.027975459717970167,0.015743879905611945,0.007231886687336039,-0.0008683051551551702,-0.03985600428503495,-0.02982392633021971,-0.050096830525514224,-0.049097547325904115,0.004662898192122301,-0.0001995391559941715,-0.01770445456524167,-0.07078166101784057,-0.0009377543613374406,-0.037105860001229424,0.0030112067921061183,0.03178237306864871,-0.01684220182969904,0.013231778547489626,0.011363374554199656,-0.006066366834661301,0.023775720907572555,0.0026673798170784276,0.02491893323435065,0.014236258346512421,0.010626088862989724,0.002078444551888339,-0.021076594318932183,-0.0038342593946367087,0.0699575285773237,-0.024618063573118257,0.0010068836878818275,-0.010050489802307001,0.016258173190286863,-0.05104208125729282,-0.003139332444359038,-0.026664842098585155,-0.011555365958142293,0.024696779344121077,0.026646601955316398,-0.004343977196673938
COPZ1,-0.04531776942607299,0.06677574612854555,-0.0470605575086066,0.03129023171749311,0.06536076430667954,0.049809710667307265,-0.021929475279589723,0.013155317917608256,-0.019648838133646082,-0.004833495813196968,-0.01879770999340657,-0.01986265589088147,-0.04949780399351997,-0.025299142455332418,0.06685845331013773,0.019746933109130133,0.024219983549771177,0.04255009481409783,0.027247610114712738,0.02045466130790662,0.05016544962841216,-0.03963066839066178,0.0967181255009687,0.022258382985643574,0.026380294068338358,0.0,0.04955625159568078,-0.005766852075441273,-0.002128006643296473,-0.022285367431878658,-0.055204152942835996,0.024292642932548663,0.034200574205370524,0.05215917153317088,0.030083562497100345,0.0327497893540353,0.016559586569898734,0.046976111616475906,-0.024189544960048458,-0.04529033666795656,-0.005503925944903409,0.03075040948420885,0.028478198078085867,0.02063957794248433,0.011601480887302501,0.05778528094820415,-0.028593271611682004,-0.05768226900041591,0.029110886199317943,0.05199955598512207,0.018092549756228187,0.036182411774918495,0.04552767641232825,0.04739790056244676,-0.010434434407379695,-0.02101779959459786,0.006073086103436564,0.01969137984072543,-0.01770343284820959,-0.007258934746658189,0.050133425226831334,-0.024500102790964283,0.045314876279986226,0.020884218340022694,0.04156845715527841,0.012752079897867146,-0.021094074812648474,-0.027018377233739878,0.013513881587717177,0.06963433173866775,0.04876534673140069,-0.03365843600022209,0.01730025914720651,-0.03339548571310919,-0.019600170422889203,0.0046236596464735045,-0.017591059631862915,-0.0027214535702015127,-0.009650073256912695,0.026824100468328234
ECE1,-0.003808879939235369,0.050552731986496624,-0.04885251524594778,-0.021037412706900956,0.0031980347869088985,0.04592172379620492,-0.0899411128103447,0.1066653774119907,0.06848000851631654,-0.008372742269326815,-0.0090311873702886,-0.010460973829150047,-0.01268202215941337,0.019450210506670992,0.02092909197297356,0.008963815205332421,0.037982676455596796,0.0019129897658147598,-0.058618118306759795,0.08655752517637391,0.026868907583943367,-0.012145351903262686,0.031029171361881644,-0.027689599794759726,0.05414479538136815,0.052338304165366376,0.0,-0.05543732598961845,0.037124098476249714,0.05415237856226738,-0.036836297686174045,-0.017094394518527425,-0.00922439057119944,-0.0549573310984292,0.07040491262087847,0.05514220515555616,0.06113319860851799,0.06106493357592913,-0.013977518204824908,-0.016916686999125415,0.049697371361693186,0.020115380433900307,0.006428061910663915,-0.045051142868936314,0.033580211009879866,-0.0490351038524247,0.030489055388902758,-0.045538375467772,-0.0242394517008094,0.030310249951207444,-0.09269264693446305,-0.03701085333698234,0.0048913883519579,-0.05507150102061961,-0.05012727796549312,0.018887193624962023,-0.01767165806850668,-0.060688271422138555,0.029361454047744616,-0.021938672773878412,0.007114711951156315,-0.01569859722217887,-0.004133248764907857,0.0025279562380173854,0.016031000896227488,0.006378547417591569,-0.0958202185789953,0.008994063446248545,0.004316476572452152,0.0641630824559783,0.0411584695017497,0.010172448234405348,0.0516424907364629,0.013699573995582817,0.004662611863961815,-0.06425402168471049,0.06751142142587388,-0.026137128023340405,-0.0038427697222877997,-0.01637217688448255
EIF2S1,0.015261361386305,0.015543390942007603,0.029991570351451564,0.01829824684672878,-0.022774699004555886,-0.008284037237153085,-0.07706820173482087,-0.05019268095533857,-0.00512655831810171,-0.038383196787978344,-0.05019133370051761,0.008115528051744992,0.06611785795394322,-0.002250377349383447,0.07904411544810175,0.02598310792309254,-0.05349383213201523,0.04444024184722975,-0.041111873555287004,-0.06579397185680562,-0.03698935874140057,-0.0327048505856159,0.009513543795151822,-0.06494420694723167,-0.018363435064697117,-0.006040788460853107,-0.054983944498055624,0.0,-0.007161412480853112,-0.0933568534899588,0.058087932485576615,-0.0030291767826955995,0.0438180862290051,0.04045441852689417,-0.03596345781107888,-0.03399758111902871,-0.04994642347886547,-0.0058616021331055574,0.010846012217255023,-0.034012340154268135,-0.027204557245771588,-0.03235383821760226,-0.019850546961028587,-0.011893308602242617,0.010533168101808085,0.1400269125634348,-0.024050612387854352,0.04185576189574516,0.007116638535038091,-0.029599910383178003,0.08634643411627492,0.03578865922997668,-0.05630326418178912,-0.061824232918786616,0.08558791267506001,-0.013827532168933237,-0.02249067196168416,-0.030025294018179514,-0.003155223981055067,-0.05133659272036451,-0.05851375771053005,-0.031823524322399745,0.01880788774318664,0.008298832080832414,0.040987944673180184,0.052705613298475625,-0.0033711950949930564,0.047132141356530904,0.040334013660630434,0.021247098319650406,-0.014982589306675297,0.05821264066687332,-0.025238087029906472,-0.02425967349279733,-0.030130556607445656,-0.02508957225657349,-0.05749472474356124,-0.05306546354541202,0.01363597160560378,-0.03448973929440241
GGA1,0.025262682389036766,-0.08140164600130015,-0.06828727320167073,0.034734916345097414,0.05767949312116098,0.0799843027879852,0.03622870999938712,0.0327197578350895,0.028681286825927386,-0.015887421124635457,-0.03308357976491214,0.01504542992509537,0.00568138095653557,0.058490862032910484,-0.008559690732437633,-0.11469374545437347,-0.030659490905123737,0.005762185749633341,-0.04423759626868437,-0.0638551196439076,-0.0843870846563787,-0.049360037990171614,-0.07757987365891106,-0.05529006864446216,-0.027611921357892942,-0.002295174481106788,0.03791206546027604,-0.007373719279501552,0.0,0.04705759070738507,0.024259862669455432,-0.032223044588492955,0.057226693493051234,0.05201700158863385,-0.014629636873019653,0.04668876280782248,-0.019395293818207898,0.014361854314939252,-0.02094007084923696,0.00772918012855242,0.007038890750734229,0.010585366683972804,0.07955383231492846,-0.05435943329664889,0.1294414846184853,-0.02434901046323025,-0.02170604393431222,-0.045530788347882066,-0.032985928418758546,0.017417106400051834,0.015001822376810164,-0.02737509800029526,-0.07367304415061035,-0.009058057962406179,0.04431543528685812,-0.050666047776938415,0.09851581405494553,-0.0026279264946296103,-0.03813100912374306,-0.007981347009552083,0.011291236716435659,-0.004011320662640229,-0.06608209371438013,-0.027846162956397302,0.05358957562039552,0.019330582111516385,0.04489135760690941,0.034776518763949806,-0.043010791810473514,0.041981559028151885,0.01327159888226806,-0.04601554346291286,0.06484334743282667,0.020172204599475167,0.04902300350575038,0.00785784334865002,0.10030243754614725,-0.035719845399545945,0.07842047679621171,0.05894291183074776
GGA2,0.00223373517566004,-0.0637563923903712,-0.053703445756658294,-0.029738952562618347,0.012461848075678262,-0.021553758287936767,0.025279751673683046,-0.001322236263484037,0.06569806352190384,0.03308688764881112,0.04547201582511692,0.06062758876311983,0.014116218209041343,-0.03169451279868098,0.0056115364289355775,0.008064771305420635,-0.0026305855106306224,-0.03574926647058442,-0.037683293033858194,-0.027184852773255292,0.0159666649238415,-0.018496509448855728,0.05202251548158891,0.021278084363107182,0.06634677900226893,-0.02405872454524631,0.055354016694966555,-0.09621531156281056,0.04710204486529983,0.0,-0.028995098843236446,0.03951509631507491,-0.04805033967749564,-0.07747060628267823,0.04783354605520913,-0.008485399518667417,-0.0221380389810722,0.07434833468609754,0.01603109337915246,0.02310542789484279,0.01745063857799585,0.032856389562013845,0.0064667546273380295,0.026818601577426916,-0.012154244246850385,-0.1384740605835226,-0.04821415164091724,0.003671855272122723,-0.08682239971452337,-0.017828796791892518,-0.08110767693067214,-0.15074406613581606,-0.03305036929481432,-0.021827545983400906,-0.014773369420704237,-0.011938548943929171,0.04046594276673785,0.05230526442337011,0.0014550338030511372,-0.013458866796949388,0.03068156981729346,0.007808637849638267,-0.013868159130423536,0.019050610256627687,0.041886029122045025,-0.025074223680919997,0.02424389309426738,0.03643026577575137,-0.011302342964656988,-0.08714354710991978,0.0109863227024721,-0.1155067696067393,0.03576639382359782,-0.03621800808545509,0.007919713524905224,0.08026358992331695,0.05378352551120307,-0.009488865280136326,0.003303689826384549,-0.03445883637970327
GGA3,0.04829702859545965,-0.07172921426835563,0.0342728432189056,0.038613541701919496,0.013795908650398855,0.0024640143315368367,-0.059019900963164784,-0.001632858783622421,0.05112961282760371,0.025641253547146296,0.015753257335271217,0.03275091513082837,0.09987850044069634,0.11664327685803472,0.013227147555684615,-0.0023647807651707912,-0.061120038353921664,0.1162858179519328,0.06836309069035748,0.10245381975581057,-0.03380332612428055,0.07004986318953017,-0.04513181645036383,0.03572606376270447,0.02434297141811549,-0.05992492779918128,-0.03786086617085897,0.060195894430895534,0.02441638587924039,-0.02915463184939004,0.0,-0.01785352696056596,0.06456637189838689,0.03743319326493949,0.020466444675998185,-0.017056774093771182,0.04928854320449863,-0.027640597680405082,-0.04021562079582244,-0.030733727226291967,-0.0074516082070527605,0.058952526397857856,0.045165734824895165,0.0022734307436459247,-0.038717100251130496,0.0040776143722432824,-0.017949689655509016,0.0749094358747247,-0.019447758828536235,-0.010181966969998044,0.03413784176743904,-0.04654716977928894,-0.06358057426945134,-0.04681561729882764,0.056370020405248175,-0.039792569609344505,0.031941272842994785,-0.04217143900079198,0.030194484507917094,-0.011288257374316098,-0.006994772842552928,0.014423017290076827,0.00772518294302334,-0.03598072524933923,-0.006793085888014376,0.05258316579341376,0.05777940235132569,0.03902196265016117,0.06042098022776322,-0.06886296633066184,-0.100584970166443,0.04141818752151361,0.004546060197286648,0.0181912654062206,0.014866150365536361,-0.07029424022652533,0.01869064353758402,0.0016678246430981336,0.09614260753203836,0.026862515230093743
GORASP1,-0.06984612484814591,0.027186114785450553,0.014966051212660536,0.05816292434733975,0.016584683217720914,0.00010745969305443066,-0.008243005208162802,-0.0792324624665204,-0.09088614843398772,-0.004997979125440683,-0.015981052444856255,0.023403392357913735,-0.03327626857906788,-0.05373644044000562,0.023606321868511006,0.006088661038703806,0.007601968209376905,0.023279091692544256,0.012210798257440767,-0.021987934158270727,0.03521104576399038,0.0038814173321491054,0.050498595368101785,0.03429732416082927,0.016725589175559167,0.02376151951292016,-0.015831860996228977,-0.0028285850804048262,-0.02922289839574382,0.03580219774212691,-0.016087468059203112,0.0,-0.031681014065940746,-0.06971233300983525,0.02083541491471652,0.0030332693136016944,0.024282257966152476,0.0402118518630736,0.029425242819986572,0.04872130312041988,0.041239713307965456,0.034813387351662776,0.029265103457259117,0.040635867852125425,-0.015201429120617694,-0.005833900145309624,-0.02575639302855782,0.06447784567071453,-0.014936695647414714,-0.07818370678768095,-0.0028208172673052988,-0.019783074627110465,0.016516995104544827,0.008473878574837194,0.010450787235144449,-0.03455054051999195,0.042696009856310946,0.02152143408320314,-0.0024444306234840205,-0.025140132138618227,0.009911267155164293,-0.016152013374020814,0.04834128650898874,0.019612857400126704,0.015612912117153082,0.00685513782941719,-0.007384731565984721,0.021411820021570934,0.026005517425370835,-0.004141140807509393,0.016049931082652562,-0.023554168575842346,0.07661290074479131,-0.013248270113333004,0.029345135012657928,0.0365098047893353,-0.03541661293364598,0.007671352823469831,0.01693082948556543,0.003210258283720321
HSPA5,0.007022902775718688,-0.017810726830314268,-0.030901515100006525,0.035163009091049933,0.039332872915148476,0.03203556232613906,-0.014351290394817189,0.018987584428675586,0.03596166080220122,-0.007465955553128468,-0.007475352927209148,0.019709390903643098,0.00339594109573852,0.045278091768486024,0.012805844690160838,-0.0043141576108048,-0.0247254098489055,0.02550403543640725,0.0290060578392728,0.009293407623547786,-0.019477125231117783,-0.01473433652398403,0.014662631624668077,-0.011783633942111196,0.014552317526433814,0.032601169797489137,-0.008325613997062109,0.039874786948608666,0.050577308272376505,-0.04242710973943255,0.056698347369664316,-0.030874463341175065,0.0,0.08382733243301353,-0.014838733299990019,0.0047175091632845004,-0.00048087716271186123,-0.012375372037571617,-0.03988395633454359,-0.055012427091072284,-0.039200482698031495,0.016368323675417667,0.04377492033541993,-0.009616933341114851,0.0171885026152793,0.058341464872138496,-0.035946312210888606,-0.051701552755228454,0.03750346719661551,0.03593515129707633,0.05269764828245628,0.016047842338529635,-0.02798128600694831,-0.008612166734299383,0.03637597151276476,-0.0163809265319519,0.019373880081084885,0.002774228025962006,-0.013211161429414087,0.002719805690069439,0.012832862589841652,0.0014894146612629393,-0.010170318460635019,-0.014045228673207535,0.02545153548485335,0.013882522692665246,0.03073765560398673,0.0008752284210530994,0.02771715498021046,0.006719959237448042,-0.014735819327904152,0.008777387072243672,-0.00740632300626076,-0.006925340023210163,-0.005990998078986338,-0.03456726441805007,0.009181263488700488,0.005664904703397459,0.05115780593692841,0.03578912586469533
HSPA9,0.028397989072918208,-0.06297413542078412,-0.08803647704308583,-0.004437987632739763,0.0141492577203305,0.018805060617303374,0.09773065925067713,0.06599424743826905,0.06225690424749449,0.02734892071418566,-0.03371105590555963,-0.08115242559790142,-0.0017086965746308644,0.04819629638929932,0.04748701485691275,0.008930364490350602,-0.05327392145440601,0.08073280496231226,0.00913836466575113,0.0190197146530404,0.0010447703259703902,-0.022442955616421113,0.020003038887411673,0.006176167543266639,-0.04351397255842263,0.05717156533755463,-0.05703662703015574,0.04233119664842339,0.052863021916247165,-0.07865630708084458,0.037798146676882895,-0.07811952118837115,0.09639072761828407,0.0,0.002485914790395933,0.003091974861667002,-0.11129867884440492,-0.006770670647240121,-0.04808018582223581,-0.09474604924097985,-0.09980655660956074,0.053000283610142834,0.030078471526019942,-0.017406200585015335,0.017296765343704078,0.09849490867364318,-0.026625883652295526,-0.01953869426217916,0.10048495951449947,0.10141694269062396,0.07047762152049833,0.10127021937576426,-0.04011415863691877,0.06881616152940807,0.01260984839722642,-0.02573277550437932,-0.0041959958223918795,0.054026678215580166,-0.004622986907344243,0.02602603648359807,0.03369671480347342,0.02241671596897448,0.0010870210813186114,-0.0008352769769455757,0.051689972675003845,0.005834478560136058,0.0828236152664998,-0.03708902298175292,0.02464403253741581,-0.004087365494703732,-0.022843650897826955,-0.03240768055833572,-0.05663722629966966,0.01877380963030113,-0.04269751948380782,0.007029746921006348,0.028201149366346347,-0.0024772182873265647,-0.004269002168063219,0.03248373226554614
IDE,-0.0046558246266834484,0.027123943352605026,-0.043217611143981545,0.007612255055371306,-0.016058588477482698,-0.021562721321396694,0.02445450279419653,0.04372737199422016,0.04315189311939497,0.05241907334610063,-0.05139130100430773,-0.055092047834024584,0.0013995159213540888,-0.02789980378621409,-0.006655334342581765,-0.02022042805419863,0.010935184110123645,0.1474840713999685,-0.019436914201393107,0.1404682234146193,0.015099111382601388,-0.01832338690125162,0.014104401586220628,0.027439496614066104,0.021841660719306644,0.030287323268377263,0.0671140419534193,-0.03456513474852379,-0.013655966671774846,0.04460786170522069,0.018981838133011804,0.021445409289849112,-0.015672153329717785,0.0022833288738945638,0.0,0.006561707181330445,-0.003054210216896482,0.03961288715667179,0.018326986047952295,0.034363951130695215,0.02764906344612674,0.05810176606526243,0.017174615912685584,0.05829831850929363,-0.033869373095267864,-0.014632955069332376,-0.0010313800552920966,0.04994539084216647,-0.02143060149561927,-0.0016336990783379318,-0.07017532393294527,-0.042159528756272574,-0.015943733134867084,0.013391066609005547,-0.04893947501212052,-0.02680572139552523,-0.03791558772676761,-0.014197495780411174,-0.007530452691829432,0.017272666415195842,0.01909550405570978,-0.00783918803987876,0.037649117554075996,0.016457888256777537,-0.00394978816530159,0.04709384330098626,-0.03413457742008497,0.04169190258783041,0.04885756717336404,0.027456411376135734,-0.019517255944449665,-0.0217765893845049,0.0222597032197848,-0.04454318493000119,-0.018233196869929608,0.005495957755207549,0.049937623333893226,-0.0286071657176063,-0.04097185985424291,-0.02214750547220341
ITPR1,-0.012477645097845854,0.007859783914065305,-0.00039172796168152437,0.025253294054586553,0.03237747872818487,0.05052820452320733,-0.005197177164237489,0.03155954603353922,-0.008823828346936943,-0.0011035277719313465,-0.009423961620778645,-0.013918478535704446,-0.0049206561452376125,0.024579124174860214,0.008771450599108374,-0.023809088152733363,0.008479297756102084,0.00221482598018011,-0.007225252011541518,0.009746195324880568,0.012539924688139591,0.009066523431732318,-0.002964586938134142,0.010187890013864285,-0.006231328148236056,0.03042920054888739,0.04851152906553967,-0.030156104117901966,0.040220889434279754,-0.007303003784838257,-0.014599674055036923,0.0028813337090508474,0.004598275605135187,0.002621009453623469,0.006055740389750865,0.0,0.02095695663362996,0.01914879047127258,-0.003166520045942807,0.008996836308285839,0.013614639858782895,0.02249832989496708,0.016209456147890357,-0.050593313281568394,0.04269465815251595,-0.02560982173225347,0.02530399030452148,0.00904389140966533,0.006150430875442327,0.011841595474857618,-0.017338770650846824,0.02979731326006092,0.020937244110861928,0.025521229599980932,-0.016046913063472543,-0.001033491411900864,0.028908554540947994,-0.014063212304010845,0.021508657408849444,-0.010970642115332229,0.019080277033860185,1.527564769710582e-05,0.01609093977658609,-0.0009883704867902686,0.01595899373882235,0.0013192733844511297,-0.014592055287297675,-0.030901367215712596,-0.011429010683093155,0.0485618875225254,0.027090343212291017,-0.004463359043027505,0.04995223684887096,0.035799573555399686,0.028189607931987243,-0.022830265762152857,0.02150226740060542,0.001400263137212555,0.012492034285661875,0.036496474307972614
ITPR2,-0.026789888683492382,0.059341598944861434,0.059907545898042265,-0.01071874362288133,0.04384346131383592,0.040547547849522726,-0.13368118270228851,-0.02305777077574416,-0.09227384300575486,-0.03587291429191337,0.059645888726334445,0.04418518033877993,-0.027458588880182724,0.08018842413255046,-0.013097350927045092,0.00879403387568341,0.04922931385717883,0.015589315608402255,0.10960729959263593,0.07450308094577156,-0.013033992109354171,0.05471659823845439,-0.0030257982348284264,0.02452042607777629,0.0373799992064074,0.01794681489827175,0.06273267627007265,-0.05167583140064438,-0.01948908858399009,-0.022224102970815472,0.0492094041884981,0.02690466069068752,-0.0005467291881189618,-0.11004707514766222,-0.003287798480795804,0.02444466426504485,0.0,-0.02716493297998752,-0.04788352196953776,-0.0249568956754199,0.11333255026559114,-0.0023205841697771044,0.03680761445887082,0.04495500285493314,0.0006903158972897053,-0.05048087412300472,0.01926641163856628,-0.0766229573430847,-0.03984999807433443,0.026334528446410356,-0.002927819970143703,-0.03019791650616531,0.05752943053323073,-0.02196206954964561,0.0004096389112638216,-0.02261736985069443,0.022193942102524292,-0.0362409762542944,-0.03912606111141493,0.014760396126201053,0.029611011665050126,-0.031536977486996916,-0.0374574372188986,-0.037875724697493555,-0.11562807258918853,0.03448778941803063,-0.06219149867529535,0.004744808966318078,-0.017738966484174036,0.01656531671973695,-0.0182871797585206,0.03331114236957681,0.03664110269088764,0.016113332050416606,0.06024722341526954,-0.014023672249750511,0.006489396151660383,0.015404994951377265,0.06167911805187761,-0.0032442612117817306
LRP1,-0.01849599270169927,-0.0029925962274065074,-0.05420304968155186,-0.010908773553300492,0.006893424348337245,0.02137459218112289,-0.02590035470687217,0.006188046793548613,-0.006771158498295093,0.0006224513271609293,-0.004757426536148673,-0.02844460211259852,-0.005634315456038702,-0.025139588099705543,0.10677184671320229,0.032689768015241094,-0.0011321982578013628,0.019389658998543384,-0.03566304428434889,-0.004183426816210134,0.06242592420955651,-0.0016363878186300598,0.05702187775642837,0.021461743426891795,0.016103635387130763,0.04539389134258606,0.05587159111399131,-0.0054073174718584065,0.012867321071308896,0.06654857990171266,-0.02460548946234025,0.039726012872394696,-0.012545235714551534,-0.005969014555523155,0.0380211471457874,0.01991497031957966,-0.02422094548590069,0.0,-0.003912414418862735,-0.017021998695936368,0.019201204404217263,0.04839025834709992,0.008023743777745874,-0.0022075222755583252,0.0029898964603595037,-0.008367970982022683,-0.0112046895247941,0.049770140323074315,-0.03255715243768598,-0.008600196832889371,-0.03084451923095018,-0.025431792803158874,-0.0026271792070916068,-0.008373874383289757,-0.003872927142609554,-0.03143181086879625,0.03610778621914848,0.0015125702847792555,0.035864847603492025,-0.04957457544060852,0.011508843689612197,-0.011959708744727657,0.038951508674610745,0.021299172090245677,0.08040255539892063,-0.008850833384643394,-0.0006770897150065607,0.014028429422286255,-0.007807319343152647,-0.007486596257286313,0.032251989688866105,-0.04795611899396338,0.039934901861006414,0.009653360861245441,-0.013986707775912223,0.01137982842516382,0.00575622390592561,-0.025038825990431637,-0.001812735980554037,-0.007991972967695316
MAP2K3,-0.014098307790964739,0.017388519929859465,0.05016237453142287,0.03272626075951341,-0.013791952811430152,-0.023578840035591207,0.03375712987097331,-0.02001305362254034,0.009676327686561032,0.017846968465540725,-0.037017439155403786,0.017944319711049733,0.03361309037971673,-0.04294546993197338,-0.0500274090660709,-0.021230418174735543,-0.010154540279443985,0.010073831287914881,-0.053289493313734525,-0.03157500649003444,-0.021862501260447188,-0.02618723491031214,0.0076160428562426505,-0.015495104087879333,-0.003488117976884249,-0.02288169386793888,-0.012518991401802262,0.009794352839970245,-0.018365209706977963,0.014046587055777819,-0.03504446871333476,0.02845647388853157,-0.0395784624079767,-0.041493226920173015,0.017219474458810478,-0.003223745005871912,-0.0417934925254523,-0.0038298783102190216,0.0,0.07034062015635453,-0.007391896146837263,-0.014038559732461793,-0.03299982607042492,-0.022635280726243254,0.007643164880864736,-0.02296709733395302,0.00966362419746836,0.05723135679734669,-0.00031770954341108366,-0.04551453126294146,-0.021164610753138562,0.005690772622384018,-0.004849365771792917,0.017897377999880316,-0.009746131993470927,0.027661469773803665,-0.031644771143168854,0.01393431631959981,0.0009605730915780621,-0.00102055204331159,-0.011266555432059282,-0.002515956272028578,0.030892568131902855,0.026725638070296938,-0.01237972940103174,0.022844683349791752,-0.027890995222384904,-0.0040097151400207654,0.03177914991854989,0.02969495882508523,0.011743551781889025,-0.003361112080604246,0.029602598558793894,-0.022138249320688672,0.017249935658580427,0.030485751314667422,-0.010921369869612872,-0.013075162704352593,-0.042086335133069384,-0.022970009096053758
MAPK14,-0.011164595337702476,0.02620152651571017,0.05114622587218484,0.08226517758479485,0.0029463431825912773,-0.013286005542961186,0.07407783212922864,-0.03608226040538837,-0.02028086447942917,0.0302954515430298,-0.054015247542043864,0.008670609247059289,0.004456530240481295,-0.07781555020072536,-0.10692221057000233,-0.11297741310169047,0.024682965483148488,0.013174411053102984,-0.028943991870877622,0.00833991709640773,-0.026958869520425654,-0.01732974935636322,-0.08748156977636848,0.010923964795165522,-0.022492989095355236,-0.04648810407943204,-0.016441082248448455,-0.03332867000813753,0.007355750453414327,0.021968353107026866,-0.029061347603662958,0.05112763902817326,-0.059237579642982596,-0.08872540630574517,0.03503545400298708,0.009939031636759103,-0.02363681497478011,-0.018081168383671093,0.0763276702246721,0.0,0.01721828193291111,-0.02332953751117747,-0.0014335460388194374,0.0008233045214892381,0.00660525021473048,-0.046136799716938466,0.026327583982768674,0.0783390337043937,-0.04531443636731705,-0.10229422773961888,-0.05068794072246865,-0.03210608555299963,0.015691750908166203,0.028297529590825158,-0.029221498415608428,0.011264337674960415,0.007747434762352332,-0.03770295299744502,-0.0012013508581666956,0.012187595777502907,-0.021385451092216682,0.008121176906697216,0.038647821866560364,0.008859369964356854,-0.0006478609322859819,0.007119967869868425,-0.013870180295439738,0.01624380668873936,-0.004969833907685403,0.06388649759883545,0.014070676149516834,0.018443592063290888,0.051866174958768066,-0.03488016756505785,0.025283904337461985,-0.015207009366287052,-0.0023776948908777944,0.006987824240272191,-0.02516991378076871,0.049584233736383335
MAPKAPK2,-0.022093150318250588,0.02587401235076427,-0.0001132164131952744,-0.04992749697607724,-0.027881756005484343,0.009265832796900807,-0.055739553263226674,-0.02968778059541582,-0.11737303788073371,-0.03202266673858441,0.00048825998792455266,-0.04387141550670267,-0.0430527328813132,0.01140846692257585,0.03385736407996104,-0.012564253610361183,0.03382620504986009,0.04051294105106941,0.007582611571405114,0.026706342908944216,-0.006884181687148648,0.02457494939738153,-0.04303061580815684,-0.00400537862888684,-0.028471823880855025,-0.005486256095015943,0.046904630073686296,-0.025887513626960186,0.006505264988325458,0.016112466132482323,-0.006842546190852162,0.042026158005087556,-0.040991623876411046,-0.09076390412210086,0.027374884200819044,0.014605876380694834,0.10423660608036947,0.019806676911816,-0.007789308037901898,0.016720798892431,0.0,0.004686034272691101,0.021045400635236654,0.05429206762748372,0.02262081278979533,-0.030004097292349943,0.03283812825584984,0.015468529512222353,-0.06030744975103169,-0.019077295180543956,-0.029780991517146405,-0.0196415973738174,0.011011802244620287,-0.023807642751991768,-0.007405341555020313,-0.052495774483155955,0.0266578712708974,-0.029056825730714157,-0.03301789524664786,-0.006857628044009437,-0.007418435986624153,-0.03466531590616515,-0.037147437744888184,-0.01819261250414029,-0.06006378302727869,0.02542831330276085,-0.04925566202575697,0.05094921230388177,-0.04729971074037463,0.012267058076036006,-0.003176473455426727,0.0028423723182290153,0.04365146181064368,0.029777716532047062,0.0380538161664438,0.037333257782529064,0.0299475186968451,-0.03282736485013036,0.009152098311835066,-0.04100327869662225
MFN2,-0.04116998045495546,-0.04315454423256043,-0.04585683193089994,0.029061657396052654,-0.0002529133698120222,0.01359987351759467,0.02373508839839117,0.02478357384976707,-0.0059878155089936776,0.026528324608670738,-0.011822721051854373,-0.028914685635233386,-0.01735609927674411,0.03720742372108927,0.039564916399738706,0.036411708998455306,-0.028379186359601367,0.07848481729516324,0.007004189991192346,0.06608462562525613,0.05001380211285696,0.041277644516902044,0.057780955046406006,0.05133861712115714,0.015838692237345898,0.030298692887376858,0.018766359975648222,-0.03043294513538417,0.009670215878170815,0.02998748390552385,0.053510577999552535,0.03506871309528484,0.01691910586978848,0.04764329446863984,0.05686312119660998,0.02385839578132939,-0.002109756926191095,0.049341299402088375,-0.014622952581868028,-0.02239457543416535,0.004632068314387817,0.0,0.05314000606027753,-0.005064732350288917,-0.013397207973319994,-0.023007621236749563,-0.01303211502128049,0.07827056909315376,0.04697574389281754,-0.007421201789246772,-0.019099116378682803,0.017955375966371194,-0.024514919174145236,0.018133415437802523,-0.01252566152638708,-0.03829083853829,0.038926643410273486,0.03587497476620428,0.038289595701973246,-0.009654293595376551,0.03488045348243516,0.015668094154729736,0.03445612502564463,0.006628347547274911,0.023367850190846272,0.0036612960870549167,0.023301193240837785,-0.004718625692823982,0.058971372030622124,-0.04603919505600028,-0.02224054101476608,-0.03579897392742831,0.07253705831397829,0.052487742469643876,0.027945467753370163,0.008127192349971031,0.03588285475955832,0.014788633343343459,0.03394482359285263,0.005968390864082999
MIA3,-0.04714508854045753,-0.024600587662671328,-0.07431928789904173,0.06328064578158012,0.02088684264666963,0.03086507645236668,0.021377095424533497,-0.006858239501235673,-0.04392436363892914,-0.015228530569718584,-0.02605121804997356,0.006255161216144716,-0.08489580290753139,0.012607211324427955,-0.017883857783618114,-0.037504941399517745,0.0007702752968593758,0.028846854628287174,0.031451963202134434,0.03185250129975457,-0.003958250320627479,-0.0007634205044636113,-0.012192313677733463,0.0036942393773100263,0.00725039681675815,0.027963279771404875,0.005976328410308819,-0.01860772431441541,0.0724259132057846,0.005881785509025564,0.040855347874410954,0.02937827029269505,0.04509217457563981,0.02694523441508287,0.016750624611159566,0.017130183441864136,0.03334842894711831,0.008153279027969793,-0.03425522150223152,-0.0013713583673982434,0.020731432148168378,0.05295710204758795,0.0,0.036487270369367296,0.02040895398150002,0.026803197257507797,-0.04077983672179177,-0.026859687597701895,0.03338312744797679,-0.03449623938234173,0.016591583382580426,-0.011170266195164175,-0.03537224684893787,-0.021717803922552327,0.01785612294807408,-0.05774764434726777,0.07320689488724824,0.004946739848240157,-0.027321094745092415,0.011293081653282851,0.012323212107904734,0.004808190445011253,-0.0261581823152752,-0.024378975157608763,0.017355204756875357,-0.008605699969883996,0.027753836611335455,0.04274884134939618,0.02330129434300075,-0.009776195949816624,-0.013839462733734481,-0.00023367551042661718,0.06589138839186189,0.015549828181585882,0.031818092622685624,-0.02116871492157439,0.04074452226678469,0.02591438320781981,0.08299286774461108,0.05150277754128554
NCSTN,-0.013700146036583018,0.037025628605523185,-0.0637227248174478,-0.03993858546851101,-0.019299214267538636,-0.06010834706735137,0.020742027765344395,-0.07376522811836089,-0.08281690457988744,0.00469186660706373,-0.0016739031437643839,-0.040422889237685146,-0.08630332641087607,-0.07642516848432879,0.012573974173420314,-0.010713866429681914,0.04407208748166975,0.09219567825853597,0.07992124727210546,0.0716607768181283,0.0035506517861862708,-0.0276530939403549,-0.012984564721048454,0.029789853343040518,-0.0009460807690241336,0.022025312819540697,-0.04552038098586121,-0.012116275642924107,-0.0537840456035581,0.026509687033409293,0.0022349470211672634,0.04433343370256691,-0.010766092151426068,-0.016946337774468776,0.06179390956204968,-0.05810752305742377,0.04426509585658592,-0.0024378446091771586,-0.025535636409000008,0.0008559442679605864,0.05812382145224943,-0.005485355552149212,0.03965400403944004,0.0,-0.07653745207162499,0.05682124367295137,-0.05378200995250246,-0.051558274015470244,-0.055270019352951866,-0.007567590449372531,0.01051816646896042,-0.07941187486546482,0.006309144627547933,-0.001714951467210014,-0.0015169140707015588,-0.07674808220218934,-0.009498612602573111,0.011760884385771891,-0.09785910443707106,0.04372966570887968,0.007912094563371134,-0.027768520146631805,-0.0275226439573291,-0.01035681678272709,-0.04058735770678509,0.015664960537753354,0.016043411059146948,0.0926655889186441,-0.02165889201992415,-0.03520581658385761,-0.03667490376896546,-0.02615887021743038,-0.06316125178075645,-0.09695279989411329,-0.05080492015683975,0.0663913985766534,-0.011345003628000155,-0.009430927857728493,-0.01799179160629712,-0.030003824570197693
OSBP,-0.00422191821323696,-0.018543704040076756,-0.0014770065390733046,0.010142895246043277,0.028345364550912914,0.06238317620125752,0.004761241093444096,0.014941321356276665,-0.02482874842302608,-0.031351645077706033,-0.031758579324427265,-0.0008297712235880773,0.004550429327494399,0.04064295658087894,-0.0009979036242795476,-0.057447287690844624,-0.016284539377501007,-0.014629899937066265,-0.05434979279586695,-0.08632905493045623,-0.06088043495364672,-0.036456947245598094,-0.030724138092394288,-0.059091835430685934,-0.04033583109587267,0.011499424856023168,0.03151555168794924,0.009967055805800954,0.1189579438719552,-0.011159323031461828,-0.03535328259246086,-0.01540450213273875,0.017873143787150686,0.015641492322616017,-0.03334557572380175,0.04554641509148299,0.0006313536156866057,0.0030668920647136198,0.008008947503770642,0.0063784576874060354,0.022494036825620532,-0.013477334279098275,0.020601926610599168,-0.07109113011394885,0.0,-0.011319438304454945,0.016595602384734603,-0.025101916483143187,0.0022302775070437188,0.020688316285110957,0.0183290687695515,0.04550529520999514,-0.02369370157660312,0.013377026059255455,0.024054193593671058,-0.012426132258948034,0.04096631229019964,0.008829521752535232,-0.027576002463686394,-0.011577356713109846,0.004721844239731647,-0.018227660123643626,-0.039616580179655324,-0.006420540143380615,0.00028558816002733706,0.026545623330436384,-0.014834589293864936,-0.008060514126944496,-0.03167600907298215,0.06854119710522041,0.03409236036276714,-0.019060641653526233,0.05894496129488594,0.038389106953703664,0.05516484342270739,0.031205500517722317,0.048583711191747356,-0.036230956133022435,0.02164818934792292,0.008404416563645671
PICALM,-0.018377571630081323,0.059504334967044104,-0.06082206000384454,0.028627677455492082,-0.02533409664378008,-0.004814644230102607,-0.026021704885046484,-0.030402533919382968,-0.04721763256699477,-0.046861193811676284,-0.07342465277160412,-0.05442508875109513,-0.06288888971209518,-0.05755368620430273,0.06815989755814683,0.010998284356651998,-0.0022593329551199057,0.044776632250435586,-6.951744122006257e-05,-0.005290882676317422,0.006948657353564699,-0.050991970499473876,0.0018810950345376255,-0.04925335932752112,-0.0328834052764674,0.0624014432186817,-0.05013757294644043,0.14435575487104593,-0.02437900599657778,-0.1385137961028906,0.004056465505958871,-0.006440757581408419,0.06609292134676012,0.09703798914437316,-0.01569559613417825,-0.029764728732652384,-0.0502998138553681,-0.009351412671760118,-0.026219417786853418,-0.048538749748822926,-0.032505322227309126,-0.025215996441894872,0.029477347834096584,0.057499870555902624,-0.012332172502154423,0.0,-0.03653720605351004,-0.03422574918314587,0.0586325850780354,-0.017313486848012163,0.09175394558126744,0.06936257203759243,-0.023849794915769284,-0.041929551515371186,0.049218947816887494,-0.035604646525218914,-0.021009056142603837,-0.03741521744887842,-0.03235023138318714,-0.013955753455111939,-0.04827675897231426,-0.02562840141491423,0.010296632741261176,-0.0022586159279127473,0.05566599330823821,0.009782757917250157,0.0010171821763268953,0.05235889633310524,0.023632677664539015,0.05088048337781523,0.002975475783904315,0.07508902052671729,-0.05208340604275169,-0.03991886198966151,-0.0695806713212941,-0.05837555108200878,-0.059258477555318045,-0.017401371181258996,0.005886211218573877,0.012618571215354063
PLCG2,0.023637987751952284,0.012713468177600055,0.03696718585649694,-0.03988620403089531,-0.03416029570474637,0.009050247401249059,-0.0037025464559188206,0.037500571228604625,-0.023143989739813214,0.0002162191103880698,-0.0007883168704644976,-0.0647749275943353,0.014826527543615914,0.023426867992878284,-0.0015149338129561674,-0.013506281388895789,0.01896556124334557,-0.006320986050176848,-0.020582960487533962,0.0308383569811363,0.009689391436728569,0.042718666605359314,-0.0676682236286227,0.005106180448870794,-0.04905792926667196,-0.027423838966589346,0.027687718574644984,-0.02202093339177653,-0.01930200176169043,-0.04283375309334529,-0.015859357004920777,-0.025255152829517985,-0.036167538821806844,-0.02329802096636354,-0.000982542851617923,0.026119892265570765,0.017050116143259735,-0.011121000989192524,0.00979814722458003,0.024600227388172934,0.03159652349222707,-0.012685462770409352,-0.03983219886459338,-0.04833705155760388,0.01605812116736845,-0.03245057000699451,0.0,0.04989139292209656,-0.009700538130271595,0.00809071943072848,-0.03719617793919263,0.050065617081370854,0.03317175661218351,0.017298104758026945,-0.03928333158188116,0.021250653048302082,-0.018585206803193262,-0.04737820488582796,0.03853926071233027,-0.0021157720767145207,-0.017852936396719678,0.005534236271918629,0.0025643663878860703,-0.00838154643958663,-0.029220379183591175,-0.005522968829830295,-0.032369409081819,-0.0314834913531869,-0.043762626407220326,0.03562405277285971,0.006927512975437006,0.03769013989865567,-0.0018013135026175788,0.06100296622290789,0.010565266936598065,-0.031026000281081212,0.01068908918867789,-0.008019991937873824,-0.03513827268541021,-0.0006150991837645034
PLG,-0.005172726821178083,-0.05295369340554252,0.06217639673099458,0.0339565474893612,-0.061753592179279136,-0.023134063914719838,0.03618809442240906,-0.0351326510904679,-0.04789515364293751,0.0482240560448036,-0.05082198261545637,-0.08248165881826151,0.0949394767494739,-0.005174490549590813,0.07966117624336427,0.009212002461201378,-0.05757874473418384,0.11479803827587944,-0.06344090500676461,0.029016458960472426,0.05864962264567893,0.08683464543115334,-0.03193519570677768,0.07002837141430165,-0.058310789652742404,-0.0670960415159499,-0.05015461478786253,0.046478809845975626,-0.04910401526184816,0.003956282702731454,0.08027038032334334,0.0766770928605125,-0.06308968566133291,-0.020734840638692277,0.057705651734897764,0.01132212305613992,-0.08223857559246098,0.05991051880214905,0.07037657591708264,0.08877618699397664,0.01805095148416757,0.09240172204807155,-0.031818515883421244,-0.05619939759986587,-0.0294576944228598,-0.036866348276987086,0.06050841711668865,0.0,-0.023983588301395256,-0.11320126725840042,-0.04257961490638393,0.037872408616298536,-0.023312377203961412,0.02755074596187386,-0.005869911272895832,-0.02908049359553678,0.02969903561582961,-0.02432686037402764,0.11804113424812433,-0.068231038662806,-0.03279314058648736,0.017254874781678173,0.11542333811309546,0.0289107038702836,0.05855180607957418,0.024259982059799963,0.027439407641588774,0.0018168261800892453,0.03717913281373734,-0.03491695977355408,-0.030061311803125962,0.0044538104529940475,0.08516224082634762,0.08471820074227646,0.025196042747934938,-0.004755049028633023,-0.020393474369433204,-0.02650208933216287,-0.021461825466316923,-0.006570755455565383
PREB,-0.08132766892252438,-0.009524244642931995,-0.02996184245545396,0.049301836262095444,-0.0493434398276315,-0.013814500894094889,0.06081218534181056,0.04868574542736597,0.004687174309317222,-0.013521234456423607,-0.03804227994779351,0.001677706458006717,-0.086456179620794,0.02450038185905809,-0.07707749227363357,0.07275997473970287,-0.030704829742796338,-0.03480652498798081,-0.02508687040447207,0.0007328865488496808,0.015696741340875467,0.008192159532832578,0.08661728976853697,-0.031132072655418154,0.00509320068036425,0.03114266108315312,-0.024552848675235592,0.0072680914768602535,-0.03271796458866143,-0.0860358150645975,-0.01916611475559239,-0.016336363255642604,0.04208932171537748,0.09807356364720217,-0.022772096983536678,0.0070814762551170375,-0.03933604608091775,-0.036043450327629754,-0.0003593106427956584,-0.04722811257335038,-0.06472435960367545,0.051003616250081395,0.0363707043837247,-0.05540751038211028,0.002407113156727498,0.05808472403811774,-0.010820111090667736,-0.022057682964351302,0.0,-0.00371834931178092,0.03359069044436549,0.13992428308547442,-0.030749148390601434,0.0020311594805256608,-0.01636663033308734,0.04199420107784688,-0.037149800852895626,0.07374558265237897,0.01484674369658879,0.036494077992372434,0.004492655912010837,0.03428588793440334,-0.011535330223622775,0.007778091746280584,-0.04104788194894492,-0.030993992252546097,-0.01727854725922906,-0.05129059420122713,0.11524003871323278,-0.025447957646422305,-0.009913285061138264,0.04125276704487894,0.04409441331111621,0.07417983371314862,0.03568203956396316,-0.013441848629597653,0.007635408766710815,0.06268126994989351,0.014696825569510937,-0.016720912480719996
PSEN1,0.056536857808137136,-0.0027325378377602307,-0.005834576737486987,-0.0894805884422892,0.04929844603933595,0.029108192777960205,-0.013000427531854859,0.0659863928225184,0.060219064866438875,0.01804570282495414,0.04913837923303378,-0.03081968521438407,0.04688006957868937,0.07862535100863881,0.04623658879738262,0.029621640586431866,-0.0017376280440044205,0.037461487768947914,0.04268313592333958,0.021482233139649528,-0.015221102483631298,-0.014342255817113174,0.03989830186230006,0.010626916629027082,-0.00021142443349297138,0.0539625069801666,0.02978247615288753,-0.029324327598740606,0.016758137919393436,-0.01713806227887875,-0.00973393400368422,-0.08294864511061813,0.03912120057017579,0.09601820840051488,-0.0016839644455220182,0.013225761046327864,0.02521622872111112,-0.009235927723403354,-0.049932359059341985,-0.10342066473740331,-0.019861213851404987,-0.007816165264306792,-0.03645764687205343,-0.007359169905884001,0.021659824775138215,-0.016637942494337504,0.008754174981835528,-0.10099251977897346,-0.0036069687170848584,0.0,0.02031648795696291,0.03035678205466672,0.03321200213053946,0.07127272920171165,-0.01433237956438243,0.008639606231885222,-0.041333742003223845,0.038616983516746785,-0.03243075660513765,0.029973851786801595,0.06279340597990463,-0.012136483007919596,-0.02633381534347306,-0.0018240155519462498,-0.0396068796776562,0.03253746846754641,0.005441420546341475,-0.06120120257689338,-0.03846710320628299,0.019961388298394108,0.0006127475115868673,-0.05850552963332627,-0.08204384517897047,-0.012057814704295212,-0.02436049020024156,0.05322164145347174,0.028240003964803684,-0.027386305036115496,-0.04138841817923174,-0.024987011641322217
RAB1A,-0.005925451571112031,-0.008270603656604529,0.019697305154108984,0.02239720366843513,0.034059742859495,0.015626271610170713,-0.014710445388745247,-0.058642599009478595,-0.045027006729981944,-0.029755025421591745,0.002511027381354696,0.027760138454156365,0.006877616718704357,0.022989219796228564,0.032457088618182015,0.010204744890364693,-0.030334805093442947,-0.00023866361318269924,0.04338638153440441,-0.07789944841670216,-0.030509051622592848,-0.015574726183350006,0.018586238021639962,-0.015775284484580748,-0.01766402880543525,0.017679599644032436,-0.08576236268219224,0.08054938732055139,0.013591705080505504,-0.07341449440799361,0.030730734642903327,-0.0028180465386117913,0.05402118405384285,0.06283107511260395,-0.06811228463446328,-0.018235132400286624,-0.0026398492413899862,-0.031191072479992813,-0.021863639805581255,-0.04825485472521555,-0.029194988526601677,-0.018941437525272935,0.016511437427959966,0.009631444300560609,0.018069675789588565,0.0830271239433486,-0.03789715140191306,-0.03577007219031598,0.03068253852825383,0.01913060933173148,0.0,0.045456824629714246,-0.008711683532372571,0.012165970324731866,0.06647151812703304,-0.021893504720016627,0.02157937754740553,0.03119526021146883,-0.03660288069027955,-0.004477531737199585,0.002744477290671503,-0.013903700823319437,-0.009865781159633958,-0.007038132152657888,0.0016500593984124575,0.018754471576748855,0.040927685186542655,-0.005337494632398845,0.004896087419594407,-0.0027737589296195028,-0.009675760890240163,0.004429936760613382,-0.024051484488098164,-0.010964529411809745,0.001135214484275304,0.022956230819405673,-0.04506425809013831,-0.0002975905123290773,0.036491670391904214,0.012479798574552996
RAB1B,-0.044429278280117245,0.016010621955965938,0.022599690595978793,0.0032444381382664427,-0.03324648371021446,0.02468981794903894,0.041658031919425104,0.027053649359882078,-0.07588365167658029,-0.024298874061620457,-0.04353409372458145,-0.08086259382455567,-0.039859184785724866,0.036123962458462756,0.008355457978237888,0.036207826643203676,-0.018775799022917733,0.0016555819518900782,-0.024712290849929493,-0.03458319265228517,0.014091759759162218,0.02192355882262252,0.019626179074318458,-0.017887529856293143,-0.07683206437189455,0.038466679769799055,-0.03725590273402657,0.03632267313701244,-0.02698361586436508,-0.14844809029027115,-0.045587387101020956,-0.021502132638205555,0.01789798142839462,0.09822443569911098,-0.04451960569980962,0.03409433824407175,-0.02962281160499471,-0.027979749301699244,0.006395845312782556,-0.03325356896512921,-0.020948865097211746,0.01937352750962216,-0.012094143340319018,-0.07911363998366176,0.04880748568803377,0.06828651892790101,0.05549608712110616,0.034614299999607606,0.13905287983471276,0.031099287575883892,0.049455390416697734,0.0,0.022473183996918347,0.06425210775951827,-0.014084828249330834,0.02001404913767404,-0.025171435229360384,0.03448395371076312,0.020781129961572015,0.009070575978449303,0.0012097063594878996,0.005978131054250673,0.01185299518942182,0.007628546737152682,-0.03757368776072064,-0.00023901276957849016,-0.022910207571729502,-0.07927786955619692,0.02237313095216233,0.050435851816760385,0.017491110802752716,0.03914182558509178,0.02433532177306721,0.10102817950259338,0.032899092437525236,0.007453224348583928,-0.016149580970467748,0.01202982592054842,-0.029044497976032223,-0.006839123199290985
RTN3,-0.004010990020640664,0.06912739444805618,0.05141028159491927,0.0006181317611113755,0.05486426638689266,0.026168329865970247,-0.01560728009346817,-0.015342807144868206,-0.04715318052045016,0.007929084398615205,0.04018448233886798,-0.012797707990435012,-0.010412621121522794,-0.025571147295600727,0.015760428244939347,-0.002134675565184637,0.055447510479767315,-0.031209525437676366,0.06989182733323929,0.01664929269055447,0.05449396993103873,0.023623398360922258,0.008909476253369016,0.06472268309843557,-0.0009448485117816794,0.04492768223599962,0.004570350169849284,-0.05304168184989266,-0.06740690961222925,-0.030210787369351583,-0.05779991580067001,0.01666364963497041,-0.028967193010422738,-0.03611493335052844,-0.0156277665958244,0.022236990658608187,0.05238304136600451,-0.0026829209628973457,-0.005058980427275436,0.015085984194654784,0.010901680193368197,-0.024552516107145674,-0.03554885150324357,0.005834286320623605,-0.023588957722742176,-0.02179444291068873,0.03413049590261099,-0.01977746055169639,-0.028364251527919875,0.031582107185570175,-0.008797676097372632,0.020860078860333774,0.0,0.07341152630238339,-0.03862103999057428,0.021065005888125574,-0.003456465659321304,-0.018497932735415282,0.014784688626202504,0.004134495664021912,0.03287860454752315,-0.004486764385798842,0.04996346143576199,0.006852426521557304,-0.006985146212142755,-0.019905737066941844,-0.013242696513815615,-0.06859333710657865,-0.05543293290442708,0.05220049019957604,0.041084081445986,-0.002260950189612806,-0.02580333189038845,-0.013223982760722161,-0.014592780031085714,-0.014876036920120706,-0.0576519918338431,0.026951063153943605,-0.03736918806374399,0.04806670090407343
RTN4,0.0018300966461590933,0.008856908348399395,0.045881002677271,0.01786842602934773,0.07652546238657379,0.026387447366389555,0.10188876005372774,-0.01133542928527413,-0.02764082195504207,0.055028592339220916,0.0027514456171570134,-0.04207483405489622,0.027021353338999146,-0.0017275979764265897,-0.007937171698305455,-0.042786707938979644,0.005659383482254143,0.0664045599941824,0.055400555256023776,-0.002586074620130919,0.00943574704426657,-0.006055325936724853,0.01553614683508801,0.07720436319208435,-0.03925317334100878,0.04910851638255182,-0.054026075909852825,-0.06115072759409836,-0.008701418896689656,-0.02094834989885209,-0.04468406692286084,0.008975951596241968,-0.00936074364136677,0.06504871989817919,0.01378101640827927,0.02845884507554025,-0.020995831427551986,-0.008978500312929162,0.019603185377435405,0.02856340286979551,-0.024746319222199626,0.019067964296114362,-0.022915957849385212,-0.0016650537949033895,0.013982814322354,-0.04022911887648955,0.01868666633027395,0.024540110131410966,0.001967167948014006,0.07115879990386871,0.012899468331274611,0.0626178132727225,0.07707675698492002,0.0,-0.03509895026162601,-0.0038666364716230138,0.001004706155883882,0.062265999421550346,-0.01827016822122396,0.03485548245045626,0.07660743994713129,0.0031394980853542086,0.057490172476177034,0.022318877576359534,-0.018571200356279658,0.02629521442846237,0.03770942687042854,-0.08976033373488605,-0.02923121930776811,0.05595759791607546,0.02048012852047218,-0.07860863229595912,-0.010155105813084736,-0.01753783699925584,0.010390317353686002,0.08148713540878404,-0.014990329258939714,0.005770092164411418,-0.061336702055797346,0.04508020286297331
SAR1A,0.0036794650969399316,-0.024713830098877804,0.015508520354296734,0.020374148686419437,0.023245461162759478,0.013434671018325258,-0.04403795649146752,-0.053604493965004135,-0.01762088185319059,-0.028157241989859954,0.0021637961313765498,0.04857715414254106,0.03438681456254899,0.023333715439946497,0.040451440493817076,0.003361679030150921,-0.03678185337060227,-0.0008768893466251101,0.007352232061761353,-0.07442880231386496,-0.036329502979707155,-0.01406524010340393,0.009026937789529097,-0.027303593979410196,0.0029239930748333857,-0.009923619631986106,-0.045139227316073754,0.07770676244749093,0.03907630481065258,-0.013014513949486918,0.049387110691651324,0.010161334765020258,0.03629242694123717,0.010941117019312257,-0.04623053013985215,-0.016425199926592082,0.0003594715346785864,-0.003811712842702233,-0.00979880269292816,-0.027074933113100615,-0.007065498295459123,-0.012090071754767477,0.017294689225716715,-0.0013518885911060542,0.023079654726037666,0.043346707630082686,-0.038953376513643716,-0.00479930300132009,-0.014549905631529565,-0.013134907380902975,0.06469402073310164,-0.012599855415977426,-0.03722087958827535,-0.032217928672383905,0.0,-0.02589271231058774,0.035181232139824554,0.008853051984849217,-0.019672383341954282,-0.028129708040506716,-0.012616755156938716,-0.01684149228157045,-0.012450208359613604,-0.006185684157819752,0.021670048908808137,0.02396705868796361,0.029235659373145137,0.02822534091096358,0.007726180484839796,-0.017685238575572932,-0.011808125484866466,-0.000616319442849572,0.0049952740220540704,-0.011863786861545288,0.009680766254446159,0.013296934797152769,-0.021891036284325118,-0.018717874754612167,0.05085278205559395,-0.00236815822706591
SAR1B,0.010346305869783771,0.021817723400348307,0.05424703661412082,0.007683396588429108,-0.007432808555448924,-0.016067000021262365,-0.004461805420962538,0.039158272798679825,0.07999293908631727,0.010023779119389373,0.0162509336087096,0.04877002215115929,0.035456609938210024,-0.0024665240681731905,-0.07034755359694905,0.02528571517601528,0.0025961656316421554,-0.07945059029174245,-0.027969934182476515,-0.01306552420004015,-0.0017712551531095095,-0.002088233787713403,0.027109147027726273,-0.018347949291264175,0.031237291366849246,-0.0202320426525721,0.01721467072717645,-0.012706980005760442,-0.04521960728786706,-0.01064513634979937,-0.035287322031111935,-0.03400226816959396,-0.01654211979662949,-0.022599025794841732,-0.025629985224389782,-0.0010707234781915248,-0.02008892472473911,-0.031311331760979985,0.028149278338612395,0.010563841112189479,-0.0506959584377085,-0.03740885129904724,-0.056612346597603586,-0.06923070339310719,-0.012067735039848688,-0.03173816098871406,0.021328502571133983,-0.024065766339504625,0.037786921868959794,0.008014085134749618,-0.021567267445170027,0.018121755087580706,0.020548283145648764,-0.0035924283904946045,-0.026207695546501382,0.0,-0.06103896209238613,-0.0005676495474646975,0.033280101761690925,0.009867384018123364,-0.008435534218100883,0.019827799754173082,0.012101905418248068,0.014154320177739533,-0.020577808876271187,-0.019734490664704486,-0.03497290888919661,-0.05468834734029129,0.02895643018213846,0.011343414239856924,0.015707975644472894,0.03073862013009027,-0.020290766923753662,-0.0019003869352565417,-0.0029005305973289594,-0.03491965379095175,-0.020169902113332604,0.025539919049921776,-0.034092627777581035,-0.009450418531484489
SEC13,-0.021068889736998105,-0.056933867813247586,-0.039799327320374105,0.04440571728281888,0.0528527988909902,0.061568428471458055,0.005716041753003612,-0.04294099685682926,-0.0773011636808183,-0.022636932173561358,0.01795313499690742,0.01013122247651387,-0.037757253995571,0.01929599539443533,0.0566487920416918,-0.04247840307918795,-0.003686824551922876,-0.03261073136686918,0.03507750226060137,-0.0523174216525568,0.02202024237633097,0.030891925681823144,-0.03611708750538077,0.03475937432757924,-0.01729440607237803,0.006107755746214141,-0.01682783808104071,-0.021593340718864228,0.0918619046229602,0.03769719919967218,0.029592978046399415,0.043899550107339556,0.020440383681760987,-0.003849974659896409,-0.037875500977330855,0.03129079287956594,0.02059533106441206,0.0375796505188841,-0.033644471406596876,0.007590910390077584,0.02689640244473098,0.0397325272102482,0.07498054752395863,-0.008951815544475687,0.04156582482801301,-0.019565968907395745,-0.01948835670187395,0.025677929752119327,-0.03492435703990007,-0.040057557451951116,0.022209484856842016,-0.023811843039379985,-0.0035226211660933037,0.0009752446516862657,0.03720335203327876,-0.06377153599561304,0.0,-0.004575893186544546,0.015621520993907187,-0.03535447375279667,0.012899954795045165,0.005655619834754796,-0.004016147531361621,-0.022642210358301867,0.0730592449531042,-0.034691130601146314,0.06897509906322603,0.01243672507407912,-0.052936511319191346,-0.0240112734509069,0.014746216108832285,-0.0324249270764011,0.06853504580520407,0.04774408873348278,0.03663538020670114,-0.010882212749210364,0.010020815082949748,0.018302435712907635,0.09138766847935273,0.08195878104687698
SEC16A,-0.04779733624694806,-0.04615437343637264,-0.0045113498119141605,-0.009460670555381065,0.009243786481235977,-0.02343135685561729,0.07358043550421642,-0.028795847754094994,-0.011586305405071788,0.013993955917052454,0.016736385453620113,0.037096240373082484,-0.014705863855537757,0.01030762867391567,-0.01966285813193491,0.05664567808405846,-0.039782831296874745,-0.0025613639407419983,0.0007550830300570227,-0.08052817078249792,-0.012399526036845809,-0.02340086302949027,0.11368257010252424,0.004721310559065926,0.013692472996922203,0.019957459514777533,-0.05823883480413184,-0.029051031682903915,-0.0024694463401937128,0.049104546934919446,-0.03937420143628556,0.0222997950459869,0.0029496567204873995,0.04995603657381765,-0.014292533760104276,-0.01534022073434433,-0.033891524276334205,0.0015864424548000366,0.014929810666447524,-0.03722786996120498,-0.029544305231292735,0.03690181454086895,0.005105903200543607,0.011169862187424988,0.0090282504322119,-0.035115590498602495,-0.050066047680395555,-0.021196326790881265,0.06986583044634222,0.037715074636635045,0.03235527305980907,0.03287448594347985,-0.01899825771061836,0.0609091252226045,0.009434544242739628,-0.0005976637535873396,-0.004611399659554088,0.0,-0.04269810186170916,0.0290659724035934,0.054622923786604355,0.0043099749067622125,-0.01602548891196932,0.026574489607449545,-0.04450046751263949,0.007891508870011284,0.028236306457285434,-0.034741251747019024,0.04941832576867675,-0.06502976890350755,-0.005519547143651706,-0.09441350949018333,0.02007366846645613,0.0006956277484707061,0.03748390785777407,0.14284696070071656,0.008695369435921443,0.011958032609668606,-0.014172347539028282,-0.05839395240905755
SEC23A,0.010029509555821497,-0.022442347355947512,0.014044139542238647,0.014135698329701445,-0.015521358556117757,0.01355311606783042,-0.024895894960506468,0.042411552204908456,0.043208985458844676,0.01348333533213166,0.01920338009229173,-0.012775727668301146,0.03949175640212056,0.017134599915832563,0.04853625961915699,0.045207863864866964,-0.012033397184726784,-0.04641133139552262,-0.02512928874738254,0.024578124446504732,0.07791909693760275,0.06837319068890092,0.00928253988464739,0.04050612945481175,0.011514128964305977,-0.017568985864232004,0.027589610346153207,-0.0029892661440496285,-0.03508526629738684,0.001337548342264221,0.02760457441785238,-0.002480090211913689,-0.01375404429494854,-0.004185645760973224,-0.007422986336186653,0.0229731461803095,-0.03582757721766242,0.03683306396687545,0.0010077647187448613,-0.001161509543954294,-0.03287267880337679,0.03856532507235501,-0.02761287973534071,-0.09100582044208491,-0.02760945436203784,-0.029729608605984958,0.0398775239501022,0.1007089379862479,0.0137727328555792,-0.031013715862585823,-0.03717336030699193,0.01939863509175155,0.014868352859311743,-0.017499838598364965,-0.020527921950409797,0.03431005117456424,0.015414885380480432,-0.04180889285521942,0.0,-0.048931007171120165,-0.017500100485116146,0.03272580550229289,0.061601458640601736,0.007818725224752366,0.07287043773306197,-0.04752614649151897,0.010346168296825626,-0.04535117139234857,0.009641948676322787,-0.028210637292257618,0.010678156030990918,0.030877877047452016,0.02318910912014603,0.07105029297736337,-0.009404962323535085,-0.09076427228913021,-0.0216369778836475,0.026425492977372532,0.00925758252446745,0.03413363744597569
SEC23B,7.293069935763351e-05,0.0020047973442313353,-0.005860525953732173,-0.005807195339206513,-0.007405614099603898,-0.02453550022899994,0.0620843655638273,0.01652373679691492,0.01039257370684172,0.0189649791671947,-0.0026626284599491454,-0.005654718044169799,-0.03398649532172846,0.0013797535001410911,-0.08907442009465695,-0.025706051973499858,0.014299994814583704,0.017147208615344578,0.028510834794967164,0.04146746308029475,-0.03237620912734735,-0.012742803940175518,-0.02118386138541785,-3.0085556178685507e-06,-0.005831623039468338,-0.006834379720784441,-0.019557591249216983,-0.04614221482050365,-0.006967222474475813,-0.011737670298025768,-0.009790781220018073,-0.0241988275934339,0.0026863605695113483,0.02235552369774484,0.016153028864038608,-0.011116708773005479,0.012822902246548317,-0.048301972677229764,-0.001015782898143841,0.01117912901607469,-0.006477339241831295,-0.00922515612030715,0.01082836980545031,0.038581676622016794,-0.010996967365029493,-0.012167520757730149,-0.0020769722455493108,-0.05522727711349936,0.032117986795117244,0.027194199876056445,-0.004314120134699987,0.008032928244901861,0.003944665888456442,0.03167375859314318,-0.027847758286774875,0.009651076486545304,-0.0330977420630354,0.02700113137511436,-0.0464217129773716,0.0,0.017690851250050484,0.011124222928946407,-0.03405607537957325,-0.009617303221289238,-0.0679652045940723,0.0038166020593964575,-0.00041957994276260285,-0.0060167901840269015,0.009821568388014599,0.00048043063954685694,-0.022255909473125397,-0.002624204231965993,-0.026780917843023406,-0.02054124727747637,0.004962754586712731,0.026196221946351524,0.026111710945815828,0.020451790429321614,-0.019415858020870383,-0.0035107296889009005
SEC24A,-0.011830748609239003,-0.0017342269387209581,0.00460610265422843,0.011457405241822333,0.062400317642444185,0.025327672928973005,0.020476678238584844,0.0056515661381811525,0.0076212598449399375,0.026959544307327547,0.023442012132279692,0.014527461813895363,0.008299116189860614,0.024749110405730048,0.00362025457462431,0.0036334547250894073,0.00031510411343541554,0.03515479214330309,0.046568471545369895,0.014155711606980361,0.010041487141729016,-0.0034037661731572046,0.057246346004140344,0.04472603868504994,0.02290882514181753,0.04731097941146072,0.0063572704176165186,-0.05271542765333426,0.009879463164501102,0.026820034779626793,-0.006080963649398262,0.009562342625879685,0.012704521690376506,0.029011669733128742,0.017899218064490716,0.01937926072544809,0.025783977459849363,0.011239471871779897,-0.01123997244986069,-0.01966150195801379,-0.007023335585842734,0.03340747822721662,0.011843576875724484,0.006996885342530626,0.004495557193275245,-0.04218861443472837,-0.01756628071083139,-0.026604984412327833,0.003963121854676194,0.05710263100822346,0.0026504618174653604,0.0010738097295188613,0.03144194540225333,0.06977627841073893,-0.012519328638502763,-0.00826979354181871,0.012104602354851918,0.05086047321862269,-0.016641248202037273,0.017731973747349795,0.0,-0.0013591768108282246,0.01935197278770814,0.00976556939955105,-0.01333812910180231,0.017265982985498,0.015706136876478684,-0.04239373785727419,0.007041752478169224,0.005921304639051675,0.006674557675892789,-0.06286644255474146,0.012237707864830699,-0.015331979710271578,0.016159794679369125,0.049021755943044906,0.009582256795593167,0.009509346582500983,-0.0027941223605962595,0.015156345366977662
SEC24B,0.004307571221846954,-0.030934865776404523,-0.009248615589111248,0.012460488026947044,-0.010649044822775443,-0.00887096447495912,0.040145031686056674,0.02341736731458578,0.031363621653902274,0.015562828396365793,0.010124980940256397,0.003029656685183363,-0.007304108035030658,0.006396101772308774,-0.03481966335942215,0.0012211162788553342,-0.0050079665630957,-0.03223539890598135,0.0023165918110829953,0.015413712005511135,0.015093202840871216,0.02343050353740374,-0.013173074104410055,0.016376904052266425,0.002489384876890742,-0.02239445668810073,-0.013586646417790678,-0.027769373522410067,-0.0033995174712841644,0.006611425441394288,0.012144873039899012,-0.01509384363504464,0.0014281981378918452,0.01869369766961462,-0.007117247642878626,1.5027620744710862e-05,-0.02659835624468212,-0.011312872159852145,-0.002431169510219613,0.007231948242366607,-0.03178807959835533,0.014535025802141178,0.004475882568966898,-0.023785050982356407,-0.016808960449544302,-0.02169285616623233,0.005274313255321578,0.013559069062613149,0.029294610791905366,-0.010689884027400391,-0.01300559984885203,0.005139854976559335,-0.00415592172673902,0.0027697153518666915,-0.016186464472604557,0.018827586997369167,0.00514020702134683,0.003887033274710008,0.030142117850690493,0.010799809506942598,-0.00131647925297093,0.0,0.0014785503546404697,-0.00487163022164687,0.010651577339312516,-0.03382210859927015,0.02507083639729146,-0.019968495846890512,0.009386605374575568,-0.03138203762157826,-0.00972578054200733,0.007539550596837164,-0.0015404180220822358,0.02462101906832727,2.9407650609038718e-05,-0.02818038910140634,0.007252898580342944,0.032554784179926015,0.00863430002439005,0.024784660460173743
SEC24C,-0.013314675436697307,0.044403389907173275,0.047646836108353,0.07421165710053701,0.05026984335748405,0.015628377470879876,-0.007072680468311551,-0.015695038779684305,0.019448428818055283,0.041043654063623446,-0.017866363411948475,0.00040908903498109014,0.05701840223840082,-0.04075891201053909,0.046892525472867305,0.008433931190396166,-0.0029356311712814154,0.05461887324524461,0.013056472066397345,0.03328352028858221,0.06602902864050483,0.010241199389121368,0.05810120665888712,0.06908844564311639,0.025373802797724918,0.045192082054733844,-0.0039029402138394333,0.017906337239382692,-0.06110301203420995,-0.012811133803395398,0.00709732275615545,0.049287899793253584,-0.010640359896528477,0.0009890314910390632,0.03729449443291961,0.017271137015360257,-0.03446844714900521,0.04019994761737083,0.03256980006953668,0.0375500300350806,-0.037166093978764254,0.0348750626622103,-0.026567672716920766,-0.02572115286756492,-0.039859866897725166,0.009509099009146923,0.0026664732247952826,0.0989602123838028,-0.010753535925746002,-0.025307127610941792,-0.010068861776439833,0.011118916520017775,0.05049350770019527,0.05533723495582249,-0.013055604190590334,0.012537842815652497,-0.0039825293699778256,-0.015768984722337683,0.06190465991054865,-0.03607363758237937,0.020450891056132875,0.0016131882401478972,0.0,0.03657699669254937,0.06999743207874563,0.014788726143762528,0.0034317424395750805,-0.04415317102558498,0.03733822259292844,0.04359667369271552,0.024516280164378075,-0.0063171881171380385,0.0230035814084568,-0.02958477842581401,-0.022528882811603524,-0.037808008125285335,-0.06308998885911059,0.006787525064035907,-0.027577647798269548,0.0474956830315443
SEC24D,-0.01316045044867885,0.015608355375040966,0.0116467417920291,0.009641973536776515,0.0048903485894625275,-0.00816169993539929,0.007842664502485318,-0.005486623029448213,0.015545644198882788,0.012689865717097513,-0.011302093517041735,0.006877876305882617,0.01843076877655127,-0.027188055413192233,0.011591067543537292,0.01944728177950052,-0.007507435642597056,0.01029938987242594,-0.023886893145767203,-0.01812049886699639,0.013930709750337935,-0.01909499690118781,0.05076746767704777,0.0037245042383845382,0.013229834061071867,0.019008252802383174,0.002178574059709385,0.007210844583944667,-0.02349884991335647,0.01606127675488179,-0.030168805717388093,0.018250106451640834,-0.013410748024765187,-0.0006935936153004288,0.01487875027837948,-0.000968192494001505,-0.03180878141939942,0.020061636117547205,0.02571529938109647,0.007855801960124278,-0.016611756217682985,0.006122887169924174,-0.022597678087894046,-0.008833422326613048,-0.005895665690444696,-0.0019036581204370964,-0.00795396598806174,0.022621847812420496,0.006617542556278571,-0.0015997791363845256,-0.006555544064570718,0.006530983632834051,0.006320185613521157,0.019606434187244597,-0.0059198475000426295,0.013383216525310338,-0.02049135006845255,0.02386490990545785,0.007170851349057838,-0.009297176396492053,0.009418613677544837,-0.004850937355641152,0.03338185494386269,0.0,0.014078551428311879,0.00993291694637701,-0.011877980381061805,-0.01413458174938535,0.023791365877132816,0.010141084761106972,0.01643946142345122,-0.02256810391355099,0.007868220490012508,-0.01963737952315991,-0.00609098853571232,0.026169599552052343,-0.016551876257866922,-0.0088023971441982,-0.030721131589760406,-0.018587176805353926
SEC31A,0.016194046459117727,-0.02262706076258704,-0.08197706743765959,0.05575432433900989,0.045576411810701586,0.045849489616114306,0.0018909743525834374,0.006287843681108466,0.050369891435581744,0.003553127685732309,-0.017806671512220262,-0.01300599424226756,0.010037853596711652,-0.06320519799398032,0.12273445200168681,-0.016375927028777815,-0.009138355125085264,-0.036255452582034824,-0.036261772137820406,-0.039437058884458615,0.08030049851362965,-0.018048951056167578,0.009662162044199764,0.026670790793318994,0.011609763691180787,0.04448148525793126,0.01624257254949181,0.04187132456498728,0.05316832335330901,0.04151755445278956,-0.006696482081033723,0.017080471169407054,0.028571272066876957,0.050462908555194155,-0.0041981461138205535,0.01837971815047043,-0.11416704682300864,0.08903584371081555,-0.014004449897746017,-0.0006753997264674852,-0.06447993070978184,0.025378219220416137,0.01891339596525287,-0.04069910701692981,0.0003083137418750465,0.05516046676752617,-0.03260144287208597,0.05386431076345009,-0.04105876046223354,-0.04084073232698411,0.0018069340510201983,-0.03781917112799295,-0.007574471695268207,-0.019180399186402085,0.024382266270601118,-0.022875048235969957,0.0777353094299474,-0.046984092279372586,0.07857376206090959,-0.07724596282003647,-0.015124315558934969,0.012469719245968647,0.07510622442299088,0.01655195785482035,0.0,-0.05478669342265003,0.06742535590622317,0.008095526959950571,-0.0309875168879261,0.011419247358442932,0.05336239870129677,-0.019808503736353126,0.00832762887354822,-0.013681666931178922,-0.06489311931358954,-0.08744974453756803,-0.032943063363944904,-0.002931753939611988,0.029126776597988926,0.09502799773950418
SIGMAR1,0.012113706638388577,0.024306457671490693,0.05440761336944686,0.01223584717749408,0.026993287015509446,0.006667776997441298,-0.0337668413088453,-0.014432686128260272,0.009555880136846034,0.016462454041181303,-0.03588131283713682,0.007608589416020548,0.07888240118639252,0.0349869608836613,0.0026620294432910282,-0.02401067717524016,-0.02766596180904722,0.13191290935886713,-0.00259928373731517,0.0235359037634399,-0.06450318001855405,-0.03362034102098121,0.015549771860999156,-0.016722072819041773,0.0020759315008444215,0.012474439442446592,0.0059080016063765145,0.04922005210189084,0.017532434260823463,-0.022720333864658014,0.04738610084759781,0.006855778253449382,0.014246514350869975,0.005207060979652892,0.045758577970390596,0.001388969736680684,0.031129165493620353,-0.008959913795519905,0.023624611992004937,0.006785498550313671,0.0249547988295631,0.0036349787450054133,-0.008573351173392292,0.01435978858624971,0.02619812746632262,0.00886184022414826,-0.005633109660388707,0.02040214952409987,-0.028341135151530503,0.030671236984580377,0.01877466495388968,-0.0002199246594075757,-0.019732392639803625,0.024826701481708714,0.024652079353362187,-0.020054574444562955,-0.03374319839962921,0.007616772000339231,-0.04684717541339267,0.0039654335979614356,0.01789768092859023,-0.03619662425922303,0.014506051970552311,0.010675613539962535,-0.05008408332677628,0.0,-0.03205429131831865,0.019232653003907356,0.0403174377816385,0.054557774363516456,-0.02351730214155387,-0.014519155779099728,0.013711692774814977,-0.04589110791287429,0.02090634517073886,0.05022894517503643,0.0146380356409896,-0.05708656047657707,-0.016149643789484653,-0.040922026861186775
SNX4,0.030129708157353823,-0.08326798880437569,-0.031280552366892464,0.01227636115578559,0.03387021155990948,0.004639384765499255,0.07010749283449817,-0.02995422267317212,0.004339633463657949,0.021665939054487018,0.029392057842578024,-0.001455845827340186,0.0122186520573503,0.011473451029212548,0.030331923394251035,-0.0229520526488933,-0.027741479272940753,-0.00641346529997873,0.05008796217832823,-0.032586642868401156,0.010475154255431307,0.02034833163530885,-0.03301685336696517,0.049124990558389474,-0.021265951838577327,-0.020845403663614287,-0.08965732705630854,-0.0031803791511100968,0.04113105412663273,0.022192150395773803,0.052600164683072985,-0.007460794843793721,0.031865503256165335,0.07467145480180366,-0.033505239713485534,-0.015519733609065667,-0.056707820544443,-0.0006924297142431808,-0.029137572466965186,-0.013353516526662711,-0.04883177306814729,0.023369800201526146,0.027931692572298793,0.014856799604581906,-0.014789812352056779,0.000930831698106716,-0.03335187069971428,0.023311488002765314,-0.015960877330098197,0.005181668640970495,0.041389898299432654,-0.02129568731113506,-0.013261349632589585,0.035966820790319314,0.03037816415200977,-0.035902864400519104,0.06777506425763505,0.027531419700876306,0.010302441584441185,-0.0004403908982109123,0.016446922438584227,0.02710478872249532,0.003400501427104267,-0.012896398870507553,0.06226696538123721,-0.032381427720915096,0.0,-0.006523976380017879,-0.03429290110690839,-0.0657276014119096,-0.02232269021868902,-0.044573178525933725,-0.03063147277011586,0.003690414875032081,-0.017980123211759676,0.010694036231315436,-0.008273291583664804,0.02297367091003974,0.03869815025772099,0.06257228428413215
SNX6,0.00047295098094769534,-0.006210676273446304,-0.062012638131971366,-0.013544711932155598,-0.050420240906139766,-0.03231769165067345,-0.021197483500138864,-0.030580942245357727,-0.025101112277696045,-0.021472002637421453,-0.03884537061718152,-0.014108846788084543,-0.03495462330809563,-0.03546884061624857,0.012601487429071412,-0.026865259932303504,0.0006963878141874669,0.05194152596755364,-0.02770228070462767,0.02312812279490969,-0.03307366732407908,-0.0291045970714362,-0.04834962355459601,-0.04392467877296044,-0.003876645764789962,-0.026754653267053743,0.008432858540938795,0.04455561281951889,0.03192886234104049,0.03341562624665113,0.03559700059352402,0.021676751913886756,0.0009092047412854019,-0.033507039721601815,0.041007203316540036,-0.032933336331243554,0.004335317451737415,0.014375692334432935,-0.004197523286501634,0.015670815328239385,0.050614394469099315,-0.0047422298992127205,0.043111071069915546,0.08598788817583546,-0.008052674017592413,0.04801237002231084,-0.032505627402468575,0.0015466743458791483,-0.04747636973631953,-0.058399286260840955,-0.005408849117280894,-0.07384223728078632,-0.06883090336054316,-0.0857880539536262,0.029388543696606453,-0.056257752763724855,0.012245425415695689,-0.03394348432568648,-0.04525216579317932,-0.006328178498520175,-0.04448434649129286,-0.02163280294264678,-0.043840996173110554,-0.015377971569975956,0.007491517785289947,0.019468802888280616,-0.006537363266817204,0.0,0.0027043934170069236,-0.021847131523453567,-0.029495541869185928,0.017801761788090426,0.003199860174946862,-0.03671318187556929,-0.016332842954078258,0.002225169673515649,0.02975141385280341,-0.036883105814007236,0.026243576819036985,-0.03494552019098681
SORL1,-0.060769125341973027,0.0078124721865640645,0.020165069123062634,0.08952324766604283,-0.016529466970622644,-0.032580767794027875,-0.005097693643601714,0.016388500859991505,0.07349766245815313,0.023900482399858362,-0.04718790021044842,0.07143766418247859,0.02020712024375576,0.013938302651325262,-0.07087847276361248,0.05918943824321682,-0.051305127189963946,0.06596902081042752,-0.028219515007470664,0.049533613004905344,-0.010810830267822466,-0.01418321237793104,0.11950726178283394,-0.01727540937900559,0.07431026022773597,0.014059176097719537,0.004251948072845214,0.04005865712064326,-0.04148723316631338,-0.010891694271947465,0.057907092432449285,0.027659595066029743,0.030250226137750424,0.023390641704163627,0.05048704711979797,-0.012796946922059346,-0.017028256405456372,-0.008405457512208482,0.0349511576602284,-0.005037155414412669,-0.049366774432848426,0.06226557514868179,0.02468790320868835,-0.021115176914243822,-0.03324662228692046,0.022767496997843934,-0.04746994618542466,0.033252511639039375,0.11206832064697227,-0.038563528263472875,0.00521262250274873,0.021893708724545626,-0.0584398496893475,-0.029351411042881307,0.008451687182335129,0.03129480835037677,-0.05475992638466852,0.05072694198760084,0.01010777047481539,0.010852614941050451,0.007762935105255186,0.01068355271874492,0.03895039356670324,0.02719412960972555,-0.030126672300444392,0.042877817550682616,-0.03610224100118412,0.002841250765008721,0.0,-0.023380103066901133,-0.03653587807159319,0.02196358598246332,0.06429797096203461,-0.016051482799878444,0.0302995617428852,-0.008033743726571412,0.002653342001964248,0.021776586197686795,0.018592264710254682,-0.042646586969780284
SORT1,0.0024283488284364465,0.11198377392538238,0.03895323877237576,0.06733219543683837,0.06897446130291522,0.0678534542174945,-0.0149241345888261,0.023643571012145443,-0.005855901812790257,-0.0021798995946767604,-0.07745254163098834,-0.030143762668156538,0.014171560513614085,-0.036698955747712814,-0.023785882019114458,-0.10783969295840616,0.041257731570235774,0.05893765590382339,-0.022312694136829212,0.01827328560353117,-0.03527182461732958,-0.07100499109349781,-0.04188383761091362,-0.028133361986141466,-0.026790251194937154,0.07421842722404128,0.0647518762204099,0.021618877774864362,0.0414862490456146,-0.08603412922496176,-0.06761425888064668,-0.004512413495989431,0.00751372312043123,-0.003974499169378556,0.029067017970189825,0.055705985519536316,0.016291091572177133,-0.008257572579448874,0.033458817647223686,0.06633780980333978,0.01311672041632084,-0.04980157376010157,-0.010611643005873958,-0.03516264075841234,0.07370167011997994,0.05021831751842986,0.039588337117952156,-0.031994121823698096,-0.02535367827646859,0.02050154519982761,-0.0030254111116059163,0.05056389311422081,0.05637991120139778,0.05756383103166618,-0.019819744945105515,0.012559710860360677,-0.02544669040517425,-0.06838666705383263,-0.03029786502517887,0.0005438671391903943,0.006687613700932509,-0.036592901735650225,0.04659294246487773,0.011875414388806889,0.011373927111971223,0.05944358125348124,-0.07089021461201048,-0.02351487594986372,-0.023952728650065362,0.0,0.06365032653831841,0.034209593054299534,0.021350558005772978,-0.05443049450918487,-0.0015693640165541914,-0.04700848769716274,-0.007014782734523999,-0.039497792015349975,-0.04487463089758594,0.06026323926219496
SREBF2,-0.01918419649034615,0.03917563136899519,-0.007889259386608323,0.0138820046416986,0.031178352334854952,0.03420400666659871,-0.00668472731276557,0.0015497372288102293,-0.014614479113994184,-0.016240506995320765,-0.005637181331369485,0.0014706168425221897,-0.023522531740538977,-0.04405753137853291,0.026650189595824065,-0.008960069911563862,0.025868933382290592,-0.058676331050991,-0.026567687918926212,-0.05483870912594477,0.028498459998634536,-0.028841192291837164,0.026057919177613242,-0.006948165792492722,0.000970377217219157,0.046029689020530465,0.03678449038154801,-0.013500777603302096,0.011614679878390148,0.009605639308735517,-0.08746293496130773,0.01548818235323247,-0.01459154323556999,-0.019671742926225273,-0.018298431005777747,0.027520682498762713,-0.015927058108653323,0.031503796148109435,0.011718329870520528,0.012939139825028317,-0.003007935090992124,-0.02130586064663289,-0.013303635993249515,-0.032439521100273414,0.032465425851058535,0.0026007927111785984,0.006817728019148455,-0.024393835416235854,-0.008746695870618685,0.0005573343337857902,-0.009346288900003516,0.015529480404032948,0.03929721538649739,0.01865785414068707,-0.011719429958467819,0.01540261493922816,0.013839968324716964,-0.0051404491110989,0.01015625932511363,-0.022312377963945154,0.006675974257720779,-0.010043349266843835,0.023203833917484984,0.0170486633644223,0.04707027040465437,-0.02269207494386566,-0.021321778587053954,-0.028115320425153398,-0.03314870082486336,0.05636883063924604,0.0,-0.014850961571716283,0.018151209118562363,-0.006333492203252622,-0.005670216100603935,-0.004971785874351022,-0.02050516860673981,-0.0022667937270614905,-0.019779800585203837,0.02438100782981467
SYK,0.001980507267039869,0.04604491374672321,0.027635517747292906,0.02922069427919276,-0.05193455994519132,-0.009067462925552949,-0.056735648943201024,0.018481140203382797,-0.006557938954601767,-0.032744327907587564,-0.027489830853516074,-0.006730905262443729,-0.021441745455012328,0.00206852908071453,-0.04712794721725782,-0.006290095622697858,0.018246240909606422,-0.031548306366828115,-0.0053884198022543526,0.05413461325716539,-0.004816509067034738,0.029652858041691054,-0.07033534728673566,-0.03692189818008306,-0.010321604427340658,-0.03385472990372933,0.00968790145125291,0.05589692352969901,-0.04291283926342181,-0.10761679617063248,0.03837785896175824,-0.024221094129501044,0.009261703765465982,-0.02973883643872497,-0.02175623067471306,-0.004831758438816505,0.03091555549791868,-0.049917071972332756,-0.003573945652687021,0.018073182900105948,0.002868156811266259,-0.03654458301728807,-0.00023936630734189515,-0.024656028964200393,-0.019341949598429626,0.06993981123160518,0.03952653736414734,0.0038512577785737353,0.03878628754735454,-0.056706109758567366,0.004559847281202872,0.037032182552310715,-0.0023045062351824963,-0.0763128992142511,-0.0006518236198116888,0.03211865157790047,-0.03242889922153249,-0.09369802903988121,0.031295626469212814,-0.002803475987964707,-0.06700539100271952,0.008296563804886747,-0.006371294495088767,-0.02494000407120811,-0.018619230085200427,-0.014928864369459841,-0.045367954506242994,0.01808207810381347,0.021234835869734466,0.03228382576111047,-0.01582534809238908,0.0,-0.009353434284762733,0.028517247298950305,-0.009266360542826297,-0.13007556537091736,-0.025433779364258613,0.022811634362432606,0.022459649075211648,0.021178007689430615
TMED10,-0.08966075606862346,-0.011136138992890302,0.004794078017006626,0.09804633273140603,0.01710410558039148,0.04894944704297435,-0.0052436329790978495,-0.01024495724766402,-0.05790631912222712,-0.013633364241665034,-0.04508531215585778,0.036473764254840293,-0.032490857240807955,0.01979250836700288,-0.021999944306979217,-0.016611118299538773,-0.019169710628603554,0.01489361970863758,-0.04390667305792872,-0.01885385889785898,0.004915730652239419,0.01434529097267733,0.04178676830909077,-0.003307720341625776,0.017247982187951077,0.017975649690962055,0.05080634699500653,-0.025034193503811284,0.062467580724228304,0.034423445760170146,0.0043514239776308505,0.08138314154334561,-0.008072998093382529,-0.053688907320732476,0.0229731066238677,0.05586050999286887,0.03512874452231496,0.04294021957413438,0.032516317154338684,0.05250249259283043,0.045501664602829915,0.07649251437162938,0.06972444155415249,-0.06149806382026127,0.061789685316776116,-0.05011341049515365,-0.001951447587950107,0.0760719421983146,0.042826764264729755,-0.08214582794132516,-0.025574150910172455,0.023783835377091455,-0.027168724329971222,-0.01018400800365404,0.005457454305006167,-0.021901706983853766,0.07080639316890507,0.020579253985603996,0.024278779234418145,-0.02955501827341055,0.013474029933389368,-0.0017510476093448655,0.02396657043649905,0.008982237511613842,0.008086078909441819,0.014564079712021973,-0.032206982559454325,0.003357553353931723,0.06421692327027662,0.02081387214972257,0.019980705712706808,-0.009662236540049673,0.0,0.06557440738084554,0.09885781624468304,0.004169933045338952,0.03795460261482799,0.011376667157484132,0.0648195290221322,0.01723334237071237
TMED2,-0.023844124216117396,-0.06682061312774475,-0.011714515997934216,-0.037610859477983614,-0.062186772486647675,0.02770479299725338,-7.075630991808121e-05,0.04290426644393966,-0.06674215803490505,-0.03217086829628749,0.016668195443635722,-0.05915699621687229,-0.0373350820923599,0.08518684998902042,0.03417771489797112,0.04879325311569267,-0.020673806954270724,-0.058422149092974066,-0.030632923669300056,-0.015482792576579262,0.037443338305117,0.09423131784975548,-0.029074370387504423,0.0010660749598922815,-0.05409444614854463,-0.03466390663202557,0.013464046620905076,-0.02403919261289036,0.019413345294407792,-0.034822624708032934,0.017394697596885795,-0.01405883950623022,-0.007541036749682469,0.017778403269014326,-0.045923965269721395,0.03999314555097036,0.015432532669532874,0.010369264083458079,-0.024292518597181248,-0.03527215699282851,0.031008277270049157,0.05529357194614908,0.016437650233365016,-0.09430371992528325,0.04020083375950363,-0.03836988422359397,0.06602011770972635,0.07559827785508952,0.07197394445509088,-0.012060515329273686,-0.01164681261714937,0.09863818647665355,-0.013909563059009901,-0.017569850367711592,-0.012948274013559247,-0.002049176151077494,0.04927619079007762,0.0007124223444418419,0.07431327643501633,-0.02264593937177341,-0.016863721317363866,0.02795909710015027,-0.03079190167020154,-0.02239490895855417,-0.013271297387788991,-0.04869431609567403,0.0038762796970161196,-0.03848324642309677,-0.016014933444226536,-0.05300827689289895,-0.006964761640178977,0.029428757223955642,0.0655076664417278,0.0,0.06044320950523222,-0.024748028970984253,0.03690086077358029,0.024305259230361302,0.042040462310854385,-0.00591016446317467
TMED9,-0.04319440241821115,-0.025032130710316486,0.04295015909894517,0.03581378269772349,0.010783868027214698,0.025853210933118785,0.0018414320633145535,-0.013765451555462594,-0.04812947970087185,-0.012614296069046132,-0.0029149293853628065,0.04013212789351507,-0.0033149346150383907,0.05510894147000158,-0.05172136986778984,-0.012496485984438635,-0.019306293723765498,-0.006102322418152343,-0.0065738945090216,-0.03484750599157175,-0.03697223903784713,0.020814329582186885,0.007041149510877292,-0.011199027676205857,-0.0030984959120196128,-0.018946932352735056,0.0042676335805644245,-0.027805543947462066,0.04393759138187875,0.007091461158379096,0.013238592344897002,0.029001183817506212,-0.006075450002572702,-0.03765583686699053,-0.0175069402437005,0.029328244018887024,0.05373759178448591,-0.013991820026588329,0.01762812268281874,0.0238115085106019,0.03690402861278328,0.02741684334538636,0.03132402755327956,-0.04602179536983343,0.053799563996751086,-0.06228597491431864,0.010648664171011322,0.020939043074106302,0.03224247965322874,-0.022691990740739323,0.0011230118272554923,0.02991408919995122,-0.014294815830945471,0.009694159503565013,0.009839829988210796,-0.002912755446002716,0.03521336575012545,0.03575154473662738,-0.009161084977561193,0.005095369041797934,0.01655313794848052,3.11004564362519e-05,-0.021837210538837696,-0.0064690851079424756,-0.05862222972829101,0.02065937408042991,-0.017588220146800757,-0.01594412818324651,0.02815371061746266,-0.0014233588723331575,-0.005807001570930656,-0.00890559271890971,0.09197251921316231,0.05629072369993665,0.0,0.03815788780018805,0.032830083529562584,0.01034995504725079,0.04239484437209932,-0.008115084783094235
VDAC1,-0.028997326752969167,-0.03888084539791805,0.014141315570374138,-0.0812639663141927,-0.0044808363892375235,-0.038982530199746936,0.07360206575243916,-0.0749120214987937,-0.07789513102918816,0.010730532962631134,0.012683199471444919,-0.003824928479190774,0.007542738199349594,-0.0044185962181446945,0.017847059985109204,0.03124718151147729,-0.03260008568537923,0.056168449279703846,-0.013810243540595998,-0.11538361271729347,-0.05246924301726576,-0.04810355975601625,0.08196233771249065,-0.00789584681989826,-0.03019672647090553,0.005128284900506419,-0.06747849761309846,-0.026565911883041683,0.008080661716975822,0.08246165867745404,-0.07182411094203998,0.04139961997729686,-0.040220874808872854,0.007113389317054892,0.006054775482836947,-0.02725305685165357,-0.014351924671232983,0.013061758594042664,0.035745610359465295,-0.01643212819512143,0.04154116589367367,0.00914858306286418,-0.023911409636154495,0.06900440746863548,0.03491843321370648,-0.0599569973352989,-0.03587960708093109,-0.0045340543603717785,-0.013936220018724431,0.05688294447154824,0.026056388384691438,0.00777576793124227,-0.01671995120367967,0.08723236143366647,0.015507315742319396,-0.04023497453102818,-0.01200138247048629,0.15632490877199995,-0.10144064716897194,0.030860199953429365,0.057615666347146204,-0.03419484567075224,-0.042048308766374026,0.031890357623436796,-0.09064199535500005,0.05695086577415548,0.012002676756465136,0.002492351853587049,-0.008564943431797357,-0.048918623906626685,-0.005842140247170219,-0.1434354787908886,0.004451264292106676,-0.026444609635782854,0.043781592694971734,0.0,0.023306850539325387,-0.051821434915414175,-0.061562512893824715,-0.12173313650526496
VLDLR,0.012095955437441153,-0.05272415955749037,-0.06244066032682388,-0.029268376395958,-0.02584808380610293,0.009256213433157318,0.04040230647308647,0.07098371670287991,0.03900976520394657,0.011260165670319199,-0.021248300761754726,-0.031867800102369996,-0.017958954529390704,0.050814449341225525,-0.04135963541650366,-0.03753586646465703,-0.01034325504560803,0.04249277630447081,-0.0427455367054628,0.04839876390578804,-0.04299969841536485,-0.00791798217083521,-0.041450256401805136,-0.030392192980268955,-0.011593788405977934,-0.01728618292823271,0.06281497020311422,-0.05393619268911094,0.09138519942986116,0.04895573437000816,0.016919814194855942,-0.03558071621305589,0.009464763549382896,0.02528276185736189,0.04874199986535256,0.022740988081669446,0.0058840112845229674,0.005853618769067115,-0.01134550279051996,-0.002276286604177796,0.02952326970405078,0.035786654568475476,0.04077563493315658,-0.010446972938130548,0.048165392022511785,-0.053923762628165436,0.01095174704294532,-0.017228353011167784,0.007013569469054128,0.026741106553978888,-0.04531757672667893,-0.014927296929867329,-0.05740938461370194,-0.014217412611015843,-0.022618938944011208,-0.02059009778122909,0.009791245260539642,0.008430746576106844,-0.021424687668135114,0.02725311952338651,0.009977927590536693,0.007797333041677476,-0.062165009272820544,-0.017870238977025037,-0.030252112784447154,0.014704487416053423,-0.008226888419163332,0.029523962630436065,0.0025062279792942583,-0.006467448711609156,-0.021347337883235822,-0.024848065417304475,0.035895463464544294,0.03493444585883301,0.033373367776922694,0.020649255986027445,0.0,-0.020001513132604957,0.014434697642230158,-0.020557723383035745
VPS26A,-0.030182862578172844,-0.006002836857008529,-0.0009057105781710809,0.04470556315074815,0.009637874617386653,-0.0029158472829822852,0.03007254048636174,0.002023261966619287,-0.00176693565812293,0.003952702392320769,0.027048829207527436,0.03463761086532051,-0.05163359193549804,-0.004084618567984186,-0.059421361187177155,0.012944289621885924,0.015373760707597887,-0.06934046104967716,0.046525981160817236,0.017497643948692698,0.035227490730642935,0.0348291697912668,0.01156490361597577,0.034359496156070576,0.023975459388764175,-0.0025875752178640974,-0.023530368103805373,-0.04816695586225519,-0.0314890020454512,-0.008357060256611008,0.0014608535195376597,0.007457007299115489,0.005650473937100824,-0.0021488541161251034,-0.027016883912660706,0.0014329125225073442,0.01351498974152749,-0.02463687770744928,-0.013142521113385524,0.006472882760604098,-0.03131299302565063,0.014270760105104568,0.025093274005752723,-0.0084028227643821,-0.03475434901758479,-0.015321388308955299,-0.007950630768987828,-0.021662950336942398,0.05570953681752621,-0.025091869047001437,-0.000289559944225553,0.010758809217436023,0.025967457342562374,0.005295135713410862,-0.018713171357699274,0.025226621142635342,0.017303291387937215,0.011218187121901337,0.025317798919921503,0.02065366722127432,0.00958094106711279,0.033863687696987374,0.006471157175514398,-0.009195366392093647,-0.0026049788205207533,-0.05548631932186012,0.022104089065414473,-0.0354143660814621,0.01990224604094527,-0.035235183499769514,-0.0022833754720748313,0.021563687732796065,0.01041058462293775,0.022263968008331567,0.01018008631413834,-0.04442374845368086,-0.019352977945276375,0.0,0.031201402093998343,0.04993438052220331
VPS29,-0.023416053031854143,-0.0476543026800503,-0.021437458367371712,0.06229816318394052,0.0349981219725979,0.04378641334887097,-0.04667989280647346,-0.02013298131517124,-0.023205857606061198,-0.03251251224500283,0.018326043644395072,0.06435056200860162,-0.024489040162329605,0.05975100515522424,0.00314716179622999,-0.009594788798847237,-0.020002238421168956,-0.03148327444731006,0.04185648777383625,-0.012252485890384648,-0.009651135972731716,0.03305405625568648,-0.011765639877255424,-0.000653768961534669,0.0270992638770735,-0.009611954525665288,-0.0036241341065636305,0.012966189644569881,0.07242155550938237,0.0030480884291472746,0.08821881603140942,0.017240898303110357,0.05345560156735624,-0.003879342051108829,-0.04053546384121186,0.013391592739417736,0.056686723926569114,-0.00186850947444636,-0.044316120461767985,-0.0244245482252402,0.009145306799664651,0.034314815140493705,0.08418723913356022,-0.016793230006660314,0.02175404308618343,0.005429246178528824,-0.036491952903589635,-0.01837778611492558,0.013683725201361005,-0.03972532355602587,0.037196509704554556,-0.027211832014462766,-0.0377186578289745,-0.05896629082582739,0.05325919750326032,-0.035276792369818136,0.09050998072092956,-0.013928161173060316,0.009291578148624904,-0.020540521823431985,-0.002949116690279684,0.009408829717210482,-0.027543350352469846,-0.03361973853449939,0.027111787230476744,-0.016443869855398783,0.039005107239535264,0.02639757651546212,0.017800558546770484,-0.04193664197696144,-0.020872587089342948,0.022241221847924854,0.06213767239384312,0.04034213130495422,0.04368326443789156,-0.05528548824798998,0.014631258550954995,0.03268610367038636,0.0,0.05589376720405158
VPS35,0.009450003366518484,0.0015553439198150625,-0.010557444094898004,0.11020144496492876,0.09519464741898513,0.0692537995775271,0.039925264466800524,0.0023126072360602364,0.004046279740261689,0.01582453395298522,-0.0011953981829120638,0.010869822634323848,-0.020486723143840726,-0.012712168123615915,-0.02185132716042327,-0.09909276112490703,0.02808421909450475,-0.02891408205559422,0.0701657119498964,0.027456930040444326,0.030348783100673588,0.015727048479259553,-0.07323198916463489,0.061457571056815714,-0.004599557663981225,0.027817566571977405,-0.016076044493312753,-0.03414515310832969,0.056673864622414326,-0.03310105044065081,0.025662849362444697,0.003403568544888411,0.03893545676889681,0.03073339182053257,-0.02281324990009254,0.040734543111462004,-0.0031043586465099413,-0.008576846296894987,-0.02518225770434904,0.050095796887308496,-0.04265884175619391,0.006281715109693293,0.05439375223847093,-0.029157434817055294,0.008793035939903077,0.012117882778755616,-0.000665081272994572,-0.005858072066736913,-0.01620890398848526,-0.024969842649120794,0.013244296487916961,-0.0066712498482791914,0.05051260374547869,0.04512135388718613,-0.0025822809352954237,-0.010181048970298133,0.08451177770785223,-0.05974928784977114,0.035668704413369424,-0.0038669196552239883,0.01665535526699537,0.028119287919516883,0.04938858173585583,-0.02117792591923326,0.0920937533252789,-0.043382151949937775,0.0656638210535948,-0.036596993822784585,-0.04251072263623741,0.058635158892616175,0.026786680562526397,0.021835022772185034,0.017200120829334732,-0.005904780979124192,-0.008705785722030556,-0.11381945303824327,-0.021695111343305526,0.05446300272317647,0.05819373787805198,0.0
