,ABCA7,ADAM10,ADAM17,AP1G1,AP2A1,AP2B1,AP3B2,AP4B1,AP4E1,AP4M1,AP4S1,APBA1,APBA2,APOE,APP,ARF6,BACE1,BIN1,CLU,COPA,COPB1,COPB2,COPE,COPG1,COPG2,COPZ1,ECE1,EIF2S1,GGA1,GGA2,GGA3,GORASP1,HSPA5,HSPA9,IDE,ITPR1,ITPR2,LRP1,MAP2K3,MAPK14,MAPKAPK2,MFN2,MIA3,NCSTN,OSBP,PICALM,PLCG2,PLG,PREB,PSEN1,RAB1A,RAB1B,RTN3,RTN4,SAR1A,SAR1B,SEC13,SEC16A,SEC23A,SEC23B,SEC24A,SEC24B,SEC24C,SEC24D,SEC31A,SIGMAR1,SNX4,SNX6,SORL1,SORT1,SREBF2,SYK,TMED10,TMED2,TMED9,VDAC1,VLDLR,VPS26A,VPS29,VPS35
ABCA7,0.0,-0.004361059039417235,-0.04370510467204682,-0.04309581782500546,0.004064699807423471,0.0006590418502612292,0.008760630175789702,0.025681027258805663,0.00345591567845134,-0.03904670595274176,0.04333667931117466,0.007712357456021099,-0.03633742471544553,-0.011374423362533382,0.0027432248232286825,-0.0396115910465913,0.008443543880558596,0.01640305247369267,0.021236355006351567,0.03189166131801877,0.0001652799261479002,-0.00435499342003946,0.003095008211321415,0.011624028788450307,-0.02380528721355552,-0.02584886807435543,-0.015423155396695452,-0.017070894357009626,0.027530956031694885,0.0011427159903944415,0.015851579261858484,-0.00023134913890764203,0.018147135554954247,-0.006697673463535521,0.04337615351898528,-0.02597277228197951,0.006391474940385203,-0.0017043621738933891,0.030194726820756024,0.04379618107756108,0.0042342444765341904,0.03386513186846276,0.030252607197074028,-0.02727636120182613,-0.004119813091700411,-0.0037082922529947412,-0.0063407273915660495,-0.009700414433835612,0.015258155918865954,-0.0370437783138127,-0.06182257048620302,-0.03408076704174268,0.03610768911067234,0.025887288905988973,-0.04433429693092561,-0.0254732598809301,-0.04099744302449364,0.020079069713910866,0.005358196478084848,0.014179219714818657,0.06334616840042635,-0.022863594996513678,0.0037187241679124987,0.05260377684476784,0.021980355940147484,0.04462219230477672,-0.02752928127772095,-0.03291540350743163,0.044265301676587626,0.031219299613493866,0.03287318765457873,-0.0203345756586739,0.022923379112003293,-0.045797160186167085,-0.03520848479179515,-0.05160937512692456,0.0501504847967526,0.04796878732007595,0.011955458368509626,0.014533663959378919
ADAM10,-0.004607010460701122,0.0,0.019024881384728982,0.0008330828441319002,-0.0011265274336532637,-0.019802090912122906,-0.017323448953957786,0.011787154022210214,-0.009358738514873028,-0.035069457143311056,-0.02366747255725324,0.01989738122985023,-0.03649560993135344,-0.03067915033601186,0.04231644672784013,-0.05452519341005302,-0.023405705097314353,0.11689666180684732,-0.0347070740451779,0.025662271216455503,0.05032513901208256,0.007903991675104855,0.026930828099191905,0.021895556641672222,0.02084315512740963,0.030128639272863647,-0.020722415457566527,-0.002835158634235758,-0.03188334872842012,-0.013899768034674336,-0.08477991239179032,0.045242578125887646,-0.03670837610562902,-0.012232381714272966,0.015795659586309057,-0.0624643193286774,0.014214438351874392,-0.010383406621157824,-0.07482564454513753,0.011533182885614465,0.009287509326150224,-0.020072360475256068,-0.018508249293536637,0.041127889715397194,-0.023468425469169826,0.07911221721232561,-0.0240929950624489,0.0606323475099504,-0.04370283896180349,-0.02945653683018223,-0.042813423182785956,-0.03979769801890543,0.036404371562549144,-0.0200883192050525,-0.02002684437695647,0.054292222493437334,-0.012690308828916658,-7.774146964222459e-05,-0.04829877597872867,0.025899993965505703,-0.00877930168412874,0.06335322357427593,0.010380491882336884,-0.05308485606506518,0.01718157348351932,0.007246163816049688,-0.013534293387155479,0.013471733657670248,-0.0005733344919640216,0.08661759702131065,-0.00016460442160364053,0.04455423126166603,0.011268908979116326,0.01182678752627789,-0.009431824123260506,-0.06968493318424147,-0.02732106153228692,-0.06016700346812725,-0.08390500164322327,0.01511018819867013
ADAM17,-0.05277026200524307,0.021744619437049778,0.0,0.03258150527509297,-0.018909642750456035,-0.02376989297864865,-0.05470564769950379,-0.04298366180800158,0.052739268514186824,0.011097345394369488,0.0511863730855247,-0.0374540445480357,0.026475831208990424,-0.00645433021803199,0.037037175254003726,0.032983686398978584,0.00240507800196206,0.02032606128192191,0.0570705362663321,0.014821836497280501,-0.06522759810586118,0.0021941163208735103,-0.01886286145629386,-0.011859137426253922,0.01868460700874646,0.010290322099349837,0.07960607197199192,0.05323906337824908,-0.012166853690679038,-0.023795722127190885,0.03671958831824167,-0.042106956822865554,0.0724918203845951,0.011286706353267888,0.00990035679861905,-0.07382728809039228,0.0044162430395290895,0.04703576309057092,0.015923179443224342,0.07410211256236175,0.012519373428476003,-0.05354998869503177,0.01646296300829153,0.09624030028918493,-0.045320599954555445,0.014562895809317604,-0.018431727989347987,0.043726920056387786,-0.05896277002579237,0.020654014486536514,-0.0018093371061907993,-0.011561833115227816,-0.007568951311420446,-0.020850658855263684,0.02326482160383352,-0.017458958556988258,-0.02941298561274933,0.09607526524547426,-0.024558676232937577,0.014677656853927579,-0.0568384213410581,0.03461645223612595,-0.023692666163160632,-0.04592467335695876,-0.03547388102463234,-0.024015889530362926,-0.014070730621986867,0.015816945306630185,0.015219081992819659,0.019587778675760885,-0.009918372140190918,0.10676197260928959,0.01576569448068472,-0.07003732962700135,0.011383959183060883,0.030207133708161915,0.04012661418929859,-0.021880637144817337,0.01908161216633115,0.008369529496017006
AP1G1,-0.044887219375009973,0.000821388343024777,0.028106167850074238,0.0,0.033217230010535476,0.04212422735910384,0.005337283983875586,-0.044915980723811776,-0.029513259447842177,0.03127941685187227,-0.010347207464002172,-0.021549749828453618,-0.0011927978011562986,-0.044248384540278234,0.0272171884904594,0.009802637631508997,-0.01885202050826734,0.04657451179297889,0.003526575903089027,0.019288148253082782,-0.00467038663572379,0.030331631748234913,0.0029437980957614284,0.003838970397311069,-0.005122652988770626,-0.014842260231123382,-0.008383121994932467,0.06757702663343176,-0.00865897566342565,0.033955169668975986,0.04518912236340981,0.007731318914021447,-0.02546990888560073,0.0363609464776814,-0.031243328252782962,0.019092078370534726,-0.03963365947584336,0.02261901782477726,-0.05393419532167309,-0.020888411366017406,0.016507941211918842,-0.0017225417839430155,-0.02712853807628704,-0.03015376921426392,-0.017768825916011182,-0.0024412227144751694,-0.0009739439441377221,0.006881204157694788,-0.058934002535508394,0.054653507498819184,0.042862327222718516,-0.03267380851091835,-0.0125885540686602,-0.017002335200094726,0.04230796584697827,0.01642830002331308,0.032514865985805774,0.010394987013980398,0.05810733093962003,0.0014325785149832317,-0.02282514968935695,-0.013130665476691068,0.004961496508041687,0.03192567862158385,0.09442765724382969,0.005905864862142207,-0.005745279408192279,0.08072173643239323,-0.04114555589948772,-0.031692339985883354,-0.04159316937974358,0.039651822323947206,0.0010188021380745163,-0.033168872868654345,0.08284730963075113,-0.027225974966725578,0.004479564516280428,-0.07510930285234904,0.01887382975199722,0.06468481055557208
AP2A1,0.004366911228998865,-0.0011456723366964833,-0.01682566062751214,0.034262711082680176,0.0,0.18277696053273873,0.03047181812734033,0.003484025099081841,-0.018551804014012255,-0.01858162710559956,0.0004356681535363476,0.10033334548939105,-0.041714441970690984,-0.0030976550952394478,-0.06969475170900957,0.021765482266059472,0.0036238604059051515,0.01092804907947649,-0.005347263145037464,-0.022604802463701935,0.026626818118588396,-0.055981981286192764,-0.04471718923367597,-0.013220755210009295,0.006642629468617944,-0.04758688354553545,-0.006532381517322107,-0.05094090411668154,-0.019506759157787257,-0.013357219197236517,0.06964353769234768,-0.03670664159208712,-0.013959144904469784,-0.0036316753680528365,-0.0015078683291077546,-0.13503042434446838,-0.009133226720869556,0.04285257300382224,-0.03325320587776401,-0.04089009985403835,-0.04100938113741361,0.05311582150882722,-0.04017644332581086,0.005483532192769806,-0.008547544483299615,0.01760937085893933,-0.03796924887229913,-0.010734783614244885,0.008770145693520179,-0.009559180330245996,0.03531165747164902,-0.0010119531993360322,0.01929762170429821,0.05762519614165959,0.06502200995945917,-0.0025455448600083313,-0.030284609544475923,-0.025182713504332033,0.03632920872828318,-0.06513536469851076,0.025565605970504595,0.03237948599635513,0.05025037458596534,0.013298199326429094,0.06853297387455283,0.022989556909832887,0.07715285105860963,-0.06046070903458151,0.006156344900142105,0.03470494289454037,-0.0359269888262667,0.006478914494732146,0.025540210887243564,0.0266318867735349,0.010734455886643318,0.0498328205301853,0.019643228416615855,-0.0240107716520268,0.01592489098621391,0.04133834579649526
AP2B1,0.0006786363160403287,-0.019302249293932584,-0.020271890101916504,0.041645537753965,0.1751861090297799,0.0,0.008817208952619443,0.009410912525664785,-0.04289168973487361,-0.011879137416913394,0.008783128348884608,0.06510109971365657,-0.04842408732490201,-0.015443572425073396,-0.07358720132953674,-0.0014958351831629547,0.006585807489175206,0.03426887248458084,0.004809485891754591,-0.01772011819017465,0.01750173146856903,-0.0394794633718644,-0.02666180476770425,-0.024318287804087284,0.003314580597037614,-0.012771501524073846,-0.003344400719175135,-0.06728452015282066,0.0006275677496279035,-0.018917679482850322,0.08376156393863188,-0.052025293178931856,-0.0177054281073221,0.014761389627918838,-0.02286426563772599,-0.08949705982243217,-0.042751673630902584,0.0557216907343319,-0.03942098054020831,-0.06070469101941164,-0.015215062677653267,0.04127137840072063,-0.01449738489550421,0.0007722011591362921,0.03447074811515617,-0.01868569228261235,-0.03656180274103479,-0.020896009490701455,0.01575574927608409,-0.0008217782494614774,0.0194733469749654,0.01271391276477934,0.03250969439361204,0.02684269626855954,0.042455546466685375,-0.005736896395717229,-0.008024326318364285,0.0028803715117176674,0.027529807429834876,-0.034448202022056076,0.014544807570747359,0.0032417775945967555,0.0012936758443468123,0.006005906464582932,0.04158268876308521,0.03148745364586238,0.04682865861552068,-0.034787918394003324,0.0036245895784935513,0.03564361670258108,-0.03498305998467124,0.0006259398282071595,0.0320676240592462,0.02635790547913029,-0.022967122811013773,0.032361767149422016,0.020541755740730184,-0.0016203394246423232,0.05908922623038646,0.054842311661759215
AP3B2,0.009812482148536668,-0.018367525897369917,-0.05074796257857853,0.005739529167104747,0.0317684490748016,0.009590705663236571,0.0,0.034245283931293224,0.04164647403921162,0.00278831731182288,0.02510200309389437,0.003986190753185328,0.03339866434723143,0.03288057829262573,0.011689442818858635,0.015267089315680523,0.027711232255471747,-0.022257335349322803,-0.006079347870832991,-0.034029936162848544,0.028333999946286402,-0.0052625657294129834,-0.019174194622611326,-0.0020876976680223856,-0.06500446353889307,-0.02575438485228568,0.04576537606201363,-0.03514904636225387,-0.009245484908304893,-0.00830269185877273,-0.047935294412643076,0.029541753494898355,-0.009370224445049952,0.016159568392813628,0.06322295539197291,0.061079488626881666,0.027115510103732414,0.03441872404383869,0.012753883445219617,0.014871463647101735,0.043756899964467695,0.024495844340851846,0.02101806769724624,0.04338699037702849,-0.006901298635410828,-0.0700145776356233,0.04751429222573564,0.06740153075812773,-0.017126292960531468,-0.005363314430099776,0.011932875856315021,0.022244899008986085,0.09657499842604349,0.06407019232594108,-0.0028070237444651936,0.06712642301227563,-0.08406045009275484,-0.046546592259310016,-0.00664681102119036,0.038357470028331585,0.05434594693914145,0.008912515549178901,0.021176014367247874,-0.04269144095779318,0.00456572519252061,-0.02296235444127389,0.02196114240483519,-0.07361093106175387,0.036182128296720274,-0.028888964452018193,-0.058691217424635136,-0.004047216794668506,-0.006127988147578795,0.00692179408792077,-0.014234506460722966,0.033843005774077645,-0.0041112637876480175,-0.03273587152093554,-0.03766045701275296,0.004849062214501762
AP4B1,0.027675431105610777,0.012024408698949256,-0.03836439268910191,-0.04647242265760209,0.0034947602810232064,0.009848943294509034,0.03294877266268594,0.0,0.0424441822543031,-0.030578885368125888,-0.014032456972732976,0.0036452546289959466,0.009379581847215707,0.005214880540996693,0.015935590413729297,0.03689530777261967,0.008083221285732842,-0.010625331752770225,-0.03461861265555913,0.07067160234443876,0.08214400555821014,0.005649571257518015,0.008206964491400598,0.03153549698156413,0.09421338583955621,-0.0029664188942674255,0.05571194565968203,0.0013503605307034858,-0.008830759524755089,0.02787653319221804,0.03579994136679621,0.03188646915234078,-0.03788970814379501,-0.008623149194591855,0.02733071864097026,-0.01468685972882996,-0.03121174204458265,0.01484217528895119,-0.0649259608750272,-0.03199589638214595,0.08839063788500354,-0.007397014183832757,0.03954132413000456,0.015469892192238233,0.02088013856767541,0.022375961642832294,-0.01583350057669657,-0.039439206703968714,0.060076003268295694,0.006596533478512989,-0.027384391714101113,-0.013222593034466455,-0.029154613615194364,0.03348544336091353,-0.03242182674506736,0.008964816221863877,0.06506771880343067,-0.04049826120765745,0.008855115531003701,-0.022988009428337498,0.024062462630997226,-0.03368721295304915,0.03056404904808428,0.004990046470081571,-0.0050381477048361285,-0.019129456676454663,-0.020161464545922096,0.04300362994263912,0.09181020477580515,0.005689977463399022,0.04009231659766788,0.0020317971585046674,-0.02326130130863581,0.0006472619049292273,-0.04720278945857406,0.011257819301611747,-0.04555413172811109,0.001737050277275067,-0.0026946115323268696,-0.04323146479268123
AP4E1,0.003580621505098465,-0.009178788421386978,0.04525559657861318,-0.029357892611453634,-0.017891038041110963,-0.04315631271956858,0.038523876679832966,0.04080669726004111,0.0,0.03429472539049116,0.03633612322834282,-0.012787334088729342,0.021683640587009667,0.024221964168089808,-0.006367366797259999,0.05152858120727567,-0.02438347473393735,-0.031949682779310186,-0.0005602918181739484,0.044040378212283626,0.04020916410851478,0.022182260281726277,0.030184445602123695,0.06164515886466238,-0.02242934932045893,-0.027214658547168234,0.08663432909119764,-0.005924579605484513,-0.04942697077497706,0.014819659625832766,-0.053253427250875736,0.04654899021283165,-0.01261510146546411,-0.007433406926948418,0.016571718981107503,0.04753014278739196,0.0489792750779446,0.0018531640725555256,0.05040761201805306,0.0032638183402841593,0.013650549262089928,-0.03188683581675518,0.028270879058314626,0.0009696237381110565,-0.060604916605517915,-0.018243493486463386,0.00995811393009808,0.011073615511244712,-0.01330906582673725,-0.010295258543763744,-0.058154514092693434,-0.01584520732682524,0.0169133557859929,0.030834618328073417,-0.005557054692297629,-0.01976504581534389,-0.03088530657933649,0.006271018928961322,0.04100498945736045,-0.033073981217236904,0.02714260265733281,0.014008389788708215,0.030089648081899255,0.05847407199024678,-0.004715932998568947,-0.012717954430330301,-0.039409426967861684,-0.023398482381994896,0.008116345861618907,-0.012945770222403069,-0.03875282947105751,-0.0018237802715751381,0.04239620012400645,0.004154276118982139,-0.0037246649141803125,0.0364279067210094,0.02596983114354827,-0.015147676225100926,-0.05218570439466829,-0.06114686002364134
AP4M1,-0.03759431524767005,-0.031962415141438334,0.008849114090366149,0.028914044723637865,-0.016652353847890544,-0.011107046259446415,0.0023968256279464483,-0.027319794293516164,0.031869102163387245,0.0,0.008845999393845757,-0.016181553988600453,-0.004191107897917131,-0.015585785450225908,0.00865092630636486,0.022215367675406886,-0.03748805164350262,-0.029217545253621604,0.007800712313959663,-0.007472416457442189,-0.0002896772581299714,0.012649547244259719,0.02815195176697618,-0.0006975714981155971,0.027897460203555935,0.03572972874124093,-0.023328383718831242,-0.0058013486147414405,-0.05082874120298039,0.04124315577071643,0.025659345060678195,0.013880086344536776,0.006442767624660754,0.029556014553996642,-0.005322883896556583,0.04329645988566068,-0.0004716880471540644,0.03253430862456198,-0.026393545217482207,0.013215639741688769,-0.03863263217954059,-0.012134451266855742,0.008418104073169124,0.006072673766402385,-0.010496616845858306,-0.009121973436124484,0.05061167454226566,-0.005156074599692059,-0.0017317067584279558,-0.006833900318616644,0.039498460660591435,0.03723412364329222,0.02584144452690953,0.01809377263615699,0.028813010106333727,-0.030928744316566992,-0.009061203835463895,0.024826643768884486,0.02414979703709677,-0.0056848006154527125,0.025122524115912367,0.01276489541922777,0.010824088776526086,0.019241442900211965,0.014922578490992608,0.006430726052075703,-0.02728042883758258,-0.025782319523938394,-0.009762221637124152,-0.0036639555020832313,-0.03493027887514116,-0.005954114903648176,0.020539829906125028,-0.019548926467158893,-0.00025015860790574294,0.06679343513337853,0.015518100482628177,0.03492322005504254,-0.01051845317755565,-0.01807340573203684
AP4S1,0.042552960280209426,-0.021998790190031547,0.04162664600657187,-0.009754605906922054,0.0003981842484960253,0.008375278827852568,0.02200589285640846,-0.012785739863152361,0.03443637744017824,0.009021593947320647,0.0,-0.010392069101418261,0.020410900357085954,-0.01684447998275642,0.0020667320352145157,-0.04150398970796336,0.017057555157818004,0.025531993883475324,-0.012693542254026802,-0.016863979093502877,-0.022335866629789654,-0.028437651687787086,-0.011802591939236861,0.01867549324831683,0.028988111653141597,-0.017404038714009397,-0.007239097234764612,-0.0051097998826034104,0.033945037938060904,-0.04417914467666466,0.0026933902942937156,0.0010174297531329955,0.03678015045680765,-0.0204302848144036,0.028180977949923004,0.06487893938782789,0.006061734121537826,-0.030453671931396697,0.023502808436175613,0.017315119706395023,-0.056631049406137154,-0.019706114806625683,0.038656001330317435,-0.005894107639823887,-0.013961327143457863,-0.04634770861100335,-0.019525039086446542,-0.0048803182760314145,-0.017149203223700546,-0.027298894415518162,-0.04621199295994179,-0.04740493430024167,0.038801950149509025,-0.01026682396754039,0.04357643029741688,0.004202845448734192,-0.008037929421656943,0.05425614124815151,-0.045980774345723695,0.03541423604424186,0.01830080471420368,0.014242659414474628,0.005610091815803083,0.007075663864981209,0.023019150436056506,0.04413714784230592,-0.01721736927577561,-0.022172756582323167,0.009698785629269171,0.008248512386184032,-0.012972901349459387,0.00828783057182549,0.00928126154058969,-0.02979412373584428,-0.028864104511762873,0.003178477245222563,-0.006455963078229475,0.020154479073365882,0.03704242016967234,0.026777778837276795
APBA1,0.00831710348656993,0.02031204470997008,-0.03345234691580478,-0.022312057038054958,0.10071272845742307,0.06817877242500955,0.003837951656721165,0.0036477983477739557,-0.013309743584668094,-0.018124557178656117,-0.011413342055710308,0.0,0.002998477789941988,-0.020959840788598975,-0.002339841124330291,0.007952289048997186,0.005064653357767126,0.03791443974323066,0.0067770101578084755,-0.06223014199023838,0.00031161720581276953,0.0026852014419596016,0.02441903735152776,-0.017304810869696142,-0.02119395840626704,-0.018237513133753727,0.018603590992419497,-0.004812904989634244,0.037681687343055416,-0.04998374741976361,0.02525430687507845,0.024107183199263228,0.0037701992605945352,-0.03155638479142527,-0.041969258000042524,-0.09098146516456129,0.016552971261463587,0.012368990384896313,-0.03140317590073969,0.021711500468870555,-0.003200290330126531,-0.03713490906414319,-0.03277927978070407,0.03623141937178294,0.06806802557043097,-0.008295260174997644,0.02059585029771171,-0.06160482984660507,0.020055898299947975,-0.03746222837396209,0.05251860476753577,-0.015793177032513935,0.0370617525949183,0.013919278061351825,0.018735967322119594,-0.008304775550758689,-0.03299995477305755,-0.026939932427652916,0.03114919436091277,-0.08352061983625972,-0.05970148379082113,-0.02320493202004772,0.011837848575371816,0.03696924130155985,-0.053432827460927805,0.041958484272634454,0.08904110263123208,0.02806306269050047,-0.05306195653912292,-0.018002110475762178,-0.011669269674566956,-0.011000058041190917,-0.03747583525863705,0.028098287754312272,-0.011863859560461739,0.033143585026515765,0.013736457218084624,0.04473723236018856,0.07280226780767085,-0.032827973432458864
APBA2,-0.03998358782879867,-0.03801377596110722,0.024127933920317646,-0.0012601053933617404,-0.042723632274735954,-0.05174459098471106,0.03281052531070313,0.009576991268310355,0.023028441057427348,-0.004789814358933515,0.022872605091360826,0.0030594509733242706,0.0,-0.032781429244135435,0.03105496991621816,0.04119994268068323,0.03658700544798775,-0.009434274216483773,-0.005802797129648311,-0.0918279433574435,-0.04284611595490933,-0.027149302199902223,0.004120245417939309,-0.02396645686105247,-0.04648141629139439,-0.05735248910875714,0.032677505817877546,0.01270053515489604,0.01842252347110323,-0.007307155189563265,0.030679945287513246,0.10501721925128167,-0.029592631518973404,0.05962871374859865,0.06288251141267318,-0.00032189070903490747,-0.03297979723949034,-0.03202053305782137,0.05558106249328714,-0.017988558634705467,-0.04549732589726588,-0.022616525309391837,-0.04293558540096302,-0.01453582318098128,-0.03139989878193839,7.975248706229758e-05,0.02504748582310627,-0.0519852593347631,0.03576115125003083,-0.03153558419340563,0.040900863808603506,0.045637849190937635,-0.028497952817126596,0.0199870517466922,0.010372211816409809,0.025463784066079295,0.008212578332725772,-0.021704477709696454,-0.041144276407961054,-0.07273015104440436,-0.032945722576133735,0.0448903384642718,-0.010971097038426138,0.015675017703916144,0.0015616204855141685,-0.05792604590569491,0.00048296179139733944,-0.005902676447515555,0.0027784652702169807,-0.007499515821884573,-0.01229724853801841,0.02858334832407052,-0.024069835651192206,-0.0015716477005913929,-0.00810788147486273,0.02020965274426914,-0.05789263617813085,0.028885503042599958,0.049982319330212424,0.03884653607012669
APOE,-0.010900186260760279,-0.02783047543846525,-0.00512269649102458,-0.0407112440424622,-0.002763068830120124,-0.014372363637766748,0.028131989395182723,0.004637318143690176,0.02240364123525691,-0.015512987654206925,-0.016439476762541885,-0.01862548346568596,-0.028549913575905677,0.0,-0.02298036988260534,0.013556638966078399,-0.03399641031313762,-0.05115566061931813,-0.006410980681173909,0.04525818686973422,-0.012446346411822556,0.0015887699130158867,-0.005114905799699914,0.00949657125372793,-0.0046826633138714645,-0.013420793629360397,-0.027086702522823764,-0.002034712777316436,0.01499959272989538,-0.0317878277631426,-0.006099251648145505,-0.03860689455559769,0.014871947953554617,0.003417069216665038,0.007098803297961108,0.003528954654159918,0.009172799658316988,-0.00822262729917108,0.02550733792206356,-0.0063450566311207615,0.03991216884456548,0.010374792533154311,0.024217053878880325,-0.003700044078992518,-0.012415430287247732,-0.003264613960948575,-0.012689302545999884,0.057034266746410656,-0.039077858340500225,-0.029404660346437482,-0.005125947058952032,-0.018077371516665306,-0.029296100447493995,-0.006155484369236252,0.003954046310774971,0.0015760938778034983,0.008837172197143374,-0.024624209568744785,-0.022180213439522745,0.03060122870317879,0.0074546455907670735,0.00972169070699086,-0.01801322477970796,0.02384067889763344,-0.03398792511788189,-0.01416495187427043,-0.008047593590631886,-0.015769748077657665,0.004783702690117015,-0.06014403502698734,-0.011293208081382865,-0.035938687359048975,-0.0051829185383795795,0.012539663477428034,0.031232572836364037,0.03763768908258973,-0.021243632275153804,0.0016103555396513687,-0.02044316216285739,-0.053343420204057135
APP,0.0029216157783137357,0.042662240565211056,0.03266949867005044,0.027830267703910058,-0.06909011058097807,-0.07610967770186944,0.011115064257204285,0.01574881404661317,-0.006545250756229361,0.009569440242321037,0.002241670222244035,-0.0023108040177336757,0.03005835402678063,-0.025539605443211003,0.0,-0.010454174042344016,0.04188480767509223,0.0603987605467856,-0.0011100289693574902,-0.010707100738789992,0.009197235245499874,-0.0017491551975483937,0.014715752449200191,0.045014614135217415,-0.022506191795191713,0.0024971058862822497,-0.017165120472911764,0.10578031499983803,0.0075172033835894944,0.04049179784464737,0.016787716167613386,0.03985898048618601,-0.007729657591593475,0.006865622812182764,0.02335464270375564,-0.02928664587434777,0.028488708651164797,-0.048620954411172555,-0.05091377512320457,0.08551552506799712,0.0004811444065221498,-0.012751591576823951,0.007865016463038913,-0.024007643372569606,-0.04833620894089474,0.10619929489919126,0.045472672448231624,0.03327450559207887,0.022001400539966128,-0.021901548254787066,0.02349794762873183,-0.015139609787792352,0.03649264107714374,0.0030627977026524335,0.030083489096880776,0.06095482894668345,-0.011897181886543392,0.04161046966580192,-0.0035195246272043098,0.018869151802657316,0.0366239863483954,-0.025564472209461484,0.036286068154359134,0.0016623793188291838,0.04246202994895353,0.0012402651089302862,0.003241045224096127,0.026589219903048644,0.03451571301250953,0.007263960436381132,0.020684135187967974,-0.005403129703664862,-0.09756074073527925,-0.05008060602443687,-0.018225165250747376,-0.005690505909378929,-0.045174091368989325,0.02883764333885981,0.0019219564306239528,0.0007564215471223835
ARF6,-0.03994853643303905,-0.05205333611634881,0.027549942271378625,0.009491480472389917,0.02043153490828356,-0.001465002034051902,0.013746473532221306,0.03452770567066094,0.0501569931071883,0.02326988916606791,-0.04262793405544971,0.0074367946331433486,0.037761355993860816,0.014266784008662547,-0.009899348487662324,0.0,-0.014471359069687125,-0.07209895319236016,-0.006029897152837591,0.010134796340946276,0.02709880449315044,0.013921175865494195,0.07752014161356377,0.013008259483489031,-0.01189714819269077,0.014568911768809976,0.05508597417059981,0.03517370189523177,-0.02748251881150298,-0.0008306414089527265,0.0312397193637015,-0.0005246967190879959,-0.018138500450745085,0.028094143128078456,0.032516835045241534,0.05095606537279508,-0.020090531081411487,-0.0040234015023306174,0.02519675037506951,0.04809890355445755,0.021448683613637082,0.012672364461635817,-0.0343001681033438,0.017096723032457625,-0.009128236598589596,0.0203031601025537,0.00773923628292659,-0.03418996409250295,0.06186853742608709,0.03814251400446269,0.04438379488813336,0.10342335725961305,-0.011209727264041968,0.040695914919646144,0.016297964826125864,0.021753040576243506,0.033792666031986975,-0.030783850191137774,0.039566518853273926,-0.02505566686158598,0.029465011895048934,-0.053775989372292124,0.0604476506727194,0.017967282653774237,-0.0074407922835490695,-0.029275401592418926,0.012104257328923949,-0.018160205281283197,-0.022742246217805448,-0.041336724766723884,-0.009539186080400285,-0.006394553302086613,0.006676032156285651,0.04729286002616709,0.011119230183916704,0.055097359458899126,0.003332503878413938,0.0198852079851558,-0.023651793662698043,-0.028838408507812115
BACE1,0.008278432870193567,-0.02172290301707518,0.001952969437732289,-0.017745722826502983,0.0033071122801965297,0.006270588415597246,0.024256920934739256,0.007354037363125311,-0.023074042210000405,-0.038174948452351955,0.01703201391665285,0.0046045600143834,0.032600376436957165,-0.03478178760112439,0.03855832797163206,-0.014068704247680204,0.0,0.01723435297788246,0.005626597804858621,-0.020155346889767133,-0.028674263835993224,-0.028564419612289154,-0.05716365125023773,-7.456988215025724e-05,-0.014149551297383127,-0.042037332595685165,0.0380221443144963,0.008842333641442697,-0.019065080582652646,-0.020850100932171007,0.008503142844602197,-0.012671846265361086,-0.04276812629849325,-0.087408430192931,-0.004985552310915827,-0.013478761244377893,0.03439132599241062,-0.03463168596730573,0.014194562505342487,0.03086339439532661,0.011408132184075645,-0.009493332630532762,-0.06647385015688706,0.013164316067749256,-0.010796933486202044,-0.014302495674006207,0.012707162604689376,-0.002251397497752046,0.01631686064831294,0.02504983053348264,0.0013257996617134413,-0.007476858053366225,0.018405083068694005,0.011972800046555586,-0.009575468446692052,0.03545673561984643,-0.03594311384704172,-0.046746629314170236,0.030682232687333073,-0.004868585975863099,-0.01156695233667362,-0.02379258820462775,0.046150290122235836,-0.028318971132993608,-0.03249904894873842,0.03387204716982001,0.015211231026002851,-0.0011332593199432689,-0.011258460857303174,0.06007635807514126,0.01613026139169194,0.011023299445047747,-0.0527385967412186,-0.0071479164299128985,-0.01384701959370198,-0.017782710670343805,-0.018492595785818904,0.005899524663312892,0.03905109193308749,0.04576789218423664
BIN1,0.01768635338361247,0.1193132020181876,0.018151385015474558,0.048214132700296154,0.0109675689688454,0.03588304890123431,-0.02142610658232779,-0.010631000044490047,-0.03324948296377799,-0.03272047294816873,0.028036526561641656,0.03790821296910262,-0.009244735761729817,-0.05755761517710974,0.06114767536456924,-0.07708395637454216,0.01895331762965909,0.0,-0.0034534617072802636,-0.034380405829214054,0.022291262323426465,-0.006414711800544202,0.0016878476378840881,0.03234819766392353,0.0010894814782964224,0.005453624002544932,-0.007380394868454389,-0.00124815163799086,0.016284012278372124,-0.02353426003295893,0.049837122847258115,0.02744668053551533,-0.01816468098940257,0.02726945759468786,-0.06287727227174324,-0.11914125025850336,-0.040240576867531734,-0.019153547323903408,-0.04540000900172493,-0.02869341177479883,-0.01189724253734022,-0.007729308040245515,-0.011619894823134096,-0.016790443677206893,0.026083130540021676,0.03668315974367486,-0.051895624532367776,0.06040330857925434,-0.012180960027690906,-0.009158909174171151,-0.03902422342789399,0.002544977546512414,0.07124507488678336,-0.06135947721999889,0.005905287269305844,0.032787804193747536,-0.01766744779094074,0.018948426207045864,-0.015401027173916405,0.06248082391617924,-0.03367848654633314,-0.012782967882241227,-0.02098124344910876,0.03989942290820907,0.018771678631888618,-0.022303116286372777,-0.0362654162855601,0.06744191821729241,-0.04782279637063744,0.14576197858301806,-0.013610295618999336,-0.016210947618728513,0.013134165022814417,0.014015890642636046,-0.008938069904403196,-0.048304904220976774,-0.028561923158276083,-0.029897675394861187,0.05261256983742649,0.05715697518018167
CLU,0.020160918087402953,-0.031190411062641452,0.04487300935895364,0.0032143708995708755,-0.0047251543370049835,0.004434093849231921,-0.005152805991239428,-0.03049706075520952,-0.000513392276372412,0.007691779272932939,-0.012272668784543743,0.005966003583410859,-0.005006567767136576,-0.006351119235732951,-0.0009894707083006784,-0.0056762517241232355,0.005448197392704078,-0.003040684421884628,0.0,-0.002038961083731397,0.002610482729593088,0.024822396470302314,0.0011679947181511936,-0.048205986210560485,-0.020681672600440845,0.024416581168810854,0.0517736823527671,0.005337382712500613,0.017883339282698755,0.003303691292069508,0.03337841419960831,-0.03597539441318417,0.021488413158896696,0.010690975504783748,0.0067298942054680125,-0.06066643821853312,0.03550518706551892,0.03626631847178374,0.05049379129107561,-0.00820939674186632,0.007213919553191334,0.001219648585548819,0.01233475676654524,-0.008769198482713469,-0.003912050089391604,-0.031172199575708947,0.02169500400344256,0.034974898504844414,0.014411627278876335,0.011575808863943481,-0.0073450117328397405,0.028481266545330636,0.02360082653201506,0.0202298178095629,-0.02824313344005891,-0.016480998121645336,-0.05538722125689277,-0.012977630309492331,0.03992387360061254,-0.005682019170532205,-0.018970254366704107,-0.008913182940482439,-0.020979862952931465,0.02671018975506579,-0.029441919191274427,0.0038729010517216723,-0.027830547809580393,-0.02622335048609056,-0.0228285482846209,0.016982971400687177,0.009382660635526634,0.05316242906206971,0.030512706005515842,-0.032781830240944033,-0.031222271023821076,-0.030763554708553832,0.003529832234917601,0.037940840588232015,0.024131805644100477,0.03465741869103453
COPA,0.03492195387300317,0.026600466275213227,0.01344207528479041,0.020277964114096388,-0.023039668206330237,-0.01884360112677989,-0.033268942239424434,0.07180990073350152,0.0465454413610072,-0.008498547034808282,-0.01880647055795765,-0.06318838097151562,-0.09138367764271853,0.051714700285341544,-0.011008587040255055,0.011004183673444847,-0.022510663781424085,-0.03491554021405089,-0.0023517979067016756,0.0,-0.018075518819107784,0.07792896371033181,0.015391673144086538,0.06938596467287332,0.048193394578408565,-0.04538313654972572,-0.0046209375258777765,0.06373872870981498,-0.054182908420894585,0.028418200817390715,0.03791585227586614,-0.003364607003469458,0.003895231681287016,-0.028330803711101523,0.030114368720807774,-0.05482397432319297,0.004184285629421273,-0.02171319000350797,-0.02331689775808547,0.0005500292981224716,0.05861828923355747,0.03761723981227271,-0.0004354673665849595,-0.01688632800460556,-0.08064878736275133,-0.00035766602519922164,0.02426531934610992,0.09536230186881765,-0.0013752441979160246,-0.05040799586912781,-0.06410474783538424,-0.053799246061415125,-0.05511369082981549,-0.04598228690433046,-0.04778803540071372,0.008698337597187801,0.029409676499084523,-0.04519344651217776,0.04663761811280737,0.024817640583535937,0.003921119912828679,0.004327722205545061,0.007914051366944059,0.02036415082785349,-0.008402258813573633,0.06176646351296538,-0.0679013315512476,0.016370926534460477,0.0010897408549139383,0.020747158797540164,0.02121584187509276,0.033547367398365203,-3.871572318639416e-05,-0.0007635731545047543,0.052218986669595305,0.013257069487517046,0.01274757244422616,-0.022424063930373075,-0.037041726665731786,-0.024891370259180014
COPB1,0.00017298547277061718,0.04985942591394787,-0.0565410440488421,-0.004693045678179084,0.025939578076617228,0.017788791149710294,0.02647609185066147,0.0797780462342476,0.040618070527794564,-0.00031489527701545326,-0.023807740639643304,0.00030243078500242994,-0.04075429311075481,-0.013593361816693796,0.009038265994678362,0.0281229625245834,-0.03060965487417411,0.021637673406810172,0.0028779286241888934,-0.017276624865489094,0.0,0.002942625010287705,0.06319267720451059,0.07149420416821654,-0.0028604915757678494,0.1176185204759986,0.08361072418075348,-0.017096220080787154,-0.02481264505768026,0.030029420531734873,-0.04139328543202985,-0.03593053943669946,-0.015484924107435476,0.008497033003005923,0.047408436650096974,-0.04812911226668731,0.02747056747120964,-0.017234883338637968,0.005559102549859996,-0.03556955733804996,0.028696212555392092,-0.007782095273405581,0.028991800008537582,-0.0020104804769301384,0.022797604184252945,0.017856197446460588,0.013475963241143415,0.004089124358037734,0.04475561121512261,0.0405103333297553,-0.036754874564412746,0.0026066852615710522,0.0361318673725998,0.09584685835560236,-0.01003704760868944,0.04308198481789926,0.006290404839280648,0.016854568367885965,-0.02194414418469602,0.01865266464469879,0.01249679982444418,-0.024889417630141426,-0.002451826171456756,0.016418064744243007,0.044775090240488966,-0.027908359201960293,-0.015000970914629435,-0.007884451762027147,-0.033640690717999376,-0.017171999532884997,0.006893565407176215,0.002816781678148778,0.01827453299283861,0.0017135223285506516,-0.04880125788360644,-0.04011217136663405,-0.007826745407190286,0.004614187172327996,-0.03790297835225794,0.01896011462630918
COPB2,-0.004234815517424319,0.007275556782355902,0.0017670529148743415,0.02831751836945085,-0.0506698210648724,-0.037281564664857096,-0.0045687878627131895,0.005097772855710003,0.020818887161360582,0.012775685054681699,-0.028162199807121244,0.0024212459612580695,-0.02399264054008264,0.0016121426560227036,-0.0015970320734765764,0.01342283730512847,-0.028330160185795556,-0.005785095302314435,0.025424965500360587,0.0692029332060801,0.0027339614827493115,0.0,0.01229815805953819,0.03063857745024251,-0.01426858380236825,0.02185485946970128,0.073373555268525,0.04601050172522547,0.0316742902471374,0.020416918781239288,-0.010443206806733744,0.041965546817537336,0.013561102568708776,0.013233554699925478,0.010579620000096102,0.01880744072700483,0.02148354516993022,0.033963861296430246,0.0018415206515696454,-0.02031841287303464,0.06694592764296277,0.011658182067643153,-0.024894746254139993,0.00019661007810313464,-0.006693257721246137,0.004368998772140969,0.02167008994482077,0.024572127010719324,-0.030304746606022337,-0.02105920235409836,0.020175668175769216,0.013290594530601219,-0.04139999888262658,-0.036772034970056766,-0.012018091179267214,-0.00838837905338963,0.03298333987480463,-0.030981252679737448,0.06146674921085963,0.003060463545038691,-0.027564987439299943,-0.06291076013657061,-0.005685215546673355,-0.026070749659555643,-0.008339136063984037,-0.008828063785599922,-0.03621323917273666,0.06056905985726908,-0.03327798734818466,-0.0003044576499673622,-0.013259510797979516,0.04267146502283854,0.024393520574898193,0.032875845142385014,0.049124669725756985,-0.011541161677973493,0.020879853955519476,0.008573572752930879,0.03499324278832359,0.0169473202340116
COPE,0.003285269623872128,0.027060242744152217,-0.016582870214428225,0.0030000580363280524,-0.04418123213098365,-0.02748366548827618,-0.0181711666522385,0.008083692114582007,0.030924104910009464,0.031037014946073856,-0.012758877184772043,0.02403547983866928,0.003974702983195527,-0.005665553201877135,0.014666618204386703,0.08159155003054372,-0.06188790862072093,0.0016616089730792027,0.0013059295922989013,0.014920165953029552,0.06408943527502509,0.013424628935427634,0.0,0.0303645279936895,0.01829222345850079,0.10078058024936742,0.0018650627117157955,0.0022070335568058867,-0.061740212129145496,-0.021475592068524892,-0.011878745403321674,-0.018988698080096792,-0.02212419651158932,0.06082932241833875,0.041569213831973297,0.05297049224698053,-0.048368628572809505,-0.06217490504928896,-0.005021590192306025,0.05787813435802441,0.015002390013656585,-0.005165771020144792,0.011479134586142845,0.047914846266971824,-0.03897339039853656,0.04259164544261329,0.013745753626721063,-0.030144361194908733,0.055046031859762264,0.019615291840704284,-0.04889903296356187,0.04545806261060222,0.05253340562837378,0.03011235427970878,-0.023945801659365003,0.003090810206203536,0.0005935763831616966,0.004820476791223407,-0.04225658722037459,-0.012561968079682932,0.02680526576920524,-0.023053819987104537,-0.022200785588147906,0.05491377763233476,-0.02564400126876922,0.02767012172207397,-0.007539296631990877,-0.0039582640713055305,-0.045389166895155444,-0.04318715145579597,0.04017484249798277,-0.06259631803965529,-0.001456531245583426,0.007102161567721399,-0.0428476259858259,0.0066116391602605885,-0.002177874128750638,0.03348901892039498,-0.012919036003106555,-0.00011852897145530535
COPG1,0.012371843046638905,0.0220600495303524,-0.010453789261914637,0.003922878992104628,-0.013097490805928364,-0.025135447193312278,-0.0019838178726278794,0.03114550676535408,0.06332590758728202,-0.0007711319110189494,0.020243036499322166,-0.01707888943260021,-0.023182162288260835,0.010547269079378726,0.044985189817098495,0.013728349595814312,-8.095017927562802e-05,0.031931122733406855,-0.05404410993700895,0.06744161544850281,0.0727041227119296,0.033535078663248695,0.030446336771459616,0.0,-0.028861424400751592,0.021182818966834088,0.03861958841238601,0.030322596911891913,-0.031491001773181565,0.015388618425275271,-0.022886399743429868,0.008988166676732386,-0.03372894809303973,-0.032945026484364225,0.0027312278584113526,-0.04605983998228469,0.0012636392137854754,-0.03724936354860077,0.021094351255804566,0.05023276251000473,0.024080916485046056,-0.002862657156958608,-0.019471376937533744,-0.018658362032168148,-0.05695928639587287,0.043141339943080746,0.026414149201632674,0.04792690769556094,-0.020636424734920746,-0.046494309412109885,-0.03016606270926163,-0.048184905731451885,-0.03516942063803062,0.033595793407246374,0.021188023177757663,0.021652744623794237,0.046766755909059377,0.04482180285223672,0.0005723777515499125,-0.05933214058907995,-0.009528563953923978,-0.031127464287924657,-0.02789533483077206,-0.003580824362549552,0.0648836525775261,0.0053772617761040226,-0.0161593164714248,0.044788228077681756,-0.02538063537682893,0.029103416209344334,-0.0031979244309846854,-0.0606150020830417,-0.027490275803876474,-0.0014225325438057487,0.05357777961647102,0.023397927059390946,0.045575696027458104,-0.013974122603621157,0.027475692508734006,0.01569450905004178
COPG2,-0.02769157273527276,0.022951465691788145,0.018001184305939524,-0.005721126592869063,0.007192308999947772,0.003744369315617774,-0.06751089143399265,0.10169621873470235,-0.025182311573838052,0.03370552422852248,0.03434155640771886,-0.022861320861978927,-0.04913895677329148,-0.00568411163821153,-0.024581847083127915,-0.013722665631887086,-0.01678778883026872,0.0011753857572733496,-0.025341337146541958,0.05119650602916054,-0.003179254881619723,-0.017068999831480712,0.020046173365909213,-0.0315438161340442,0.0,0.046219321409924095,-0.024723683143458415,0.04149470187527089,-0.03378225194421936,-0.08480801790675287,-0.05079100970232681,-0.007947729037960288,0.026871199625652223,-0.03208128617987314,0.026745039541248693,0.05233996823670312,-0.028026026616592016,0.014892633826834846,-0.12111536865761433,-0.0702862570859201,-0.01737844405521044,-0.045316707792126876,0.017659187142199766,0.017216935224662538,-0.018779221171488322,0.0654297562311527,-0.06442213048423036,-0.017612356235999257,0.06123134030322953,-0.013097144009816654,-0.038456917798028796,-0.01759420709882131,-0.027785613962281335,0.03720995935940778,0.07069320364869888,0.002352452728333706,0.035538965682785105,-0.03975691621877471,-0.02838701843537453,0.03166219054492352,-0.07108169214888863,0.003374692347671156,0.046339363455971894,0.06382914793130351,0.022560222277578208,0.0302834528655054,-0.043109415780655365,0.08014689543732534,0.024205998818117032,0.020027958426432537,-0.003848652415247709,-0.020582218154648578,0.0054775080198631665,-0.02563925447468844,-0.028445704939943525,-0.010506628069982288,-0.06647514068272446,-0.0013115798164495696,-0.01625041083345763,-0.0002416629634299803
COPZ1,-0.027583591547576045,0.03043417746193315,0.009094548982176306,-0.015206236780834492,-0.047266196962877094,-0.013235097354041535,-0.02453674400979678,-0.002937377466923901,-0.028029599652629925,0.039600550690883946,-0.01891407802020368,-0.01804637367730633,-0.05562037818101808,-0.01494455374595234,0.0025019840821350267,0.01541550690434123,-0.045753157134948104,0.005397353356871742,0.027445036232366892,-0.044226482538410564,0.11992106385357948,0.023983375596474968,0.10131574100999056,0.02123808296395917,0.04239929659367683,0.0,0.003834458938182391,-0.02326152126512015,-0.011146775395912011,-0.06236433987281049,-0.0452076949377843,-0.06157238256894834,0.036853199751103856,0.01867186527524878,0.011340067306871485,-0.004450834671143988,0.012481064647282903,-0.002771335019953836,-0.02189884276756131,0.012491486297899555,0.03691197391398737,0.024577290625426167,0.04344873867744047,0.01602255609462744,0.04445442448296257,0.0029281006226951874,0.027244101326162583,-0.007725777421413857,0.019484949307279516,0.024264634244400986,0.0009581755900145289,0.045287108200554954,0.04164176310117261,0.0843945496989075,0.0189302849522502,0.06703567072464148,0.015390011962094037,0.045770862704014696,-0.06792792174668955,0.038816860603537055,0.0032048940055777516,-0.06938049919847204,-0.044762196979926186,-0.06884310567227267,0.007518661607082028,-0.017933764814356847,0.013557165731827282,0.005456612807419594,-0.04142461322228534,-0.023515791146180215,-0.013507877738903983,0.01133462234919276,0.0294298928871185,-0.025660410786656655,-0.06829516739216257,0.01650996591679407,-0.01878438903173562,0.04231467927799642,0.005562429498060838,0.0224967622165341
ECE1,-0.018678161403820552,-0.02375603923386342,0.07984541798593364,-0.009747182542931217,-0.007363538201167378,-0.003933282095636221,0.04948281438397664,0.06260762258994773,0.1012641281437319,-0.02934321953479339,-0.008928348874045552,0.02089164884170689,0.035965174629545515,-0.03423044125222631,-0.019518482345306374,0.06614900826615683,0.04696497859845604,-0.00828947190208668,0.06604495006038628,-0.005110572992708588,0.09674607438265324,0.09138048527329587,0.0021278701208676965,0.04394311157424179,-0.02573948553495452,0.004351667431888564,0.0,0.027971752778684952,0.02136528576447179,0.04307167528748141,-0.06366180790808643,0.021362863513824226,-0.00349869432021731,-0.010967188248028276,0.07934495815160272,0.04379778913150147,0.05236953857824192,0.07452225115573982,0.07190972520013887,-0.07439119160761366,0.04870843664801414,-0.08090633214613173,-0.06692969995457984,0.06303257029886998,-0.03866138344096493,-0.03632231217154382,0.02383365404727465,0.03872590344908479,0.013907509044656109,0.060138160163642915,-0.0023697126216091933,0.04149274634348798,0.003851165355689835,0.04112047456703762,-0.020731020039607854,-0.007234983272347658,-0.06561185737582967,-0.026731888487905624,0.06017938395375173,-0.10099005815753453,-0.11820992644630793,-0.04180146120425605,-0.007394613267409726,0.04739776252890573,-0.05539803788546637,-0.04560587315671346,-0.03905642182877289,0.04450375624656567,-0.05457160776505085,0.02255709283402043,-0.002437006873163883,0.08736931263729401,0.014067944646214076,0.027837938518167068,-0.042763367939620045,-0.04464080652736553,-0.0005787149163392256,0.05146836316300088,0.05886463856833931,0.031366242352431246
EIF2S1,-0.017451980183540664,-0.0027437122860717905,0.045077700850218845,0.06632846383376212,-0.04847403794164705,-0.066800466202958,-0.032081779578399576,0.0012810207637782743,-0.0058458907856164255,-0.006159984556820662,-0.0053200802171664485,-0.004562582914947349,0.011800022639073406,-0.0021706360849991875,0.10153869867065773,0.0356556147528479,0.009220022216697843,-0.001183428880013942,0.0057475988970794685,0.059507326973954534,-0.016699328716619877,0.04837248659530898,0.0021256323957316334,0.029125749120100033,0.03646757532777829,-0.02228523749271841,0.02361278582985607,0.0,0.02306120580500204,-0.040459292524450796,0.006697402307848008,0.004743360984658241,0.0525601554542324,0.009710736278836115,0.042474461944142027,0.032752886582553105,0.011653291966613032,-0.04088315347666643,-0.0007060865103986003,0.0013254944080539899,0.009004800668282471,-0.017754788321123118,-0.008293229591848037,-0.035724946363949565,-0.025571400350539383,0.07519414741653414,0.014528698088383595,0.05466489172743624,0.03727184445679533,0.002094536742023845,0.020638525830271686,-0.03669868929585688,-0.030845875666767712,-0.03115559783335091,0.049229015622862894,0.049760255592511286,0.031956599637198435,-0.04107500691245589,0.047827263158910206,0.010171409410420563,-0.06453797132002062,-0.055095768923910125,0.030447440405318296,0.006207912831822647,0.030116833556842287,-0.011704460999542638,-0.0033133801288570716,0.09394895257309122,-0.012872732489047866,-0.04758314914760104,0.015533079369447677,0.033798627735287856,-0.036962624027042756,-0.03197090427313734,0.07007710978574379,-0.003971005259682943,-0.017795757283724623,0.007311251535138552,0.010909266887933287,-0.005718869119078745
GGA1,0.029712821396966512,-0.03257311531006336,-0.010875363941004672,-0.008972253639361725,-0.019595747503715663,0.0006577473611194251,-0.008908585679205166,-0.008843794757729163,-0.05148625651686223,-0.0569762913314861,0.03730995714934708,0.037710994563122525,0.01806941536540194,0.016892640376086447,0.0076175831047426736,-0.02941037399507941,-0.02098639670847146,0.016299354173039172,0.020330164248173285,-0.05340273771277216,-0.02558622059697797,0.03515462738287994,-0.06277424590797567,-0.0319323845800811,-0.031342742859696814,-0.011273598577297532,0.01904015221330986,0.024345358530364375,0.0,-0.01279844351673946,0.0127324305264068,0.03218281409171037,0.042500122420409556,-0.02358837505645974,-0.010916912827687806,0.061431662877492604,0.01210139471883339,0.04690622552380803,0.033011115666147325,-0.006682085051311509,0.017384874618417683,-0.004904818937869715,0.06122798309456782,-0.05494892220468543,0.10949059518067052,-0.06558652716936601,-0.03595855264974547,-0.018804269406406234,0.006826060318940901,-0.06599793222781634,0.0211909050532658,0.017390891718638824,-0.040963176435012086,-0.0373420038610987,0.03643399529826922,0.014377944821001633,0.06766987466416863,0.04943147945529746,-0.0009333753743048768,0.06696510334637552,-0.02683986210142536,-0.038164490530536575,-0.015531773380550428,0.01731928864982776,0.02335644239829724,-0.009572753932105282,0.0183140718800762,0.028985771663541975,0.009091188345148988,-0.04431753566258899,0.011755209566136338,0.042126608552478254,0.017408064755633855,0.0279568009030318,-0.019769716213841392,-0.10146157445317486,-0.05310163229044536,0.029357246669156657,0.06028275190000466,0.025022961687550447
GGA2,0.0012870800168912782,-0.014819978148014178,-0.022197754603870037,0.036718554117554994,-0.014003526228281701,-0.02069240659128491,-0.008349157054577722,0.02913560245276492,0.016110543567020793,0.04824822651583619,-0.050676941804559665,-0.05220487991770676,-0.007479765062756362,-0.0373614363177486,0.04282255773705733,-0.000927688631004707,-0.023952565576728656,-0.024584091666440874,0.0039195514824998815,0.029230916392091223,0.03231652627513832,0.0236488731315152,-0.02278784077287893,0.016285051978033805,-0.08211641098728242,-0.06582551860430085,0.0400588167853582,-0.044575589038726264,-0.013356780820009628,0.0,0.07472252276756836,0.06760599742121141,-0.06338298218590845,0.010589092762619703,-0.024816305896726728,-0.0511667001954846,-0.00967189143353524,0.0296925134798113,-0.02183027415337797,0.03346216973748166,-0.022619563375005623,-0.006811630783868448,-0.009689219983192313,-0.007632263808704596,-0.034482076893078605,-0.00676916175238596,0.059749611276992694,-0.05050068081369056,0.014938193706933806,0.01597450816945364,0.029468646220868918,0.05035857506173746,-0.05168089887387377,-0.03590340363354649,-0.07351092437743009,-0.11563050490310141,0.002966655801421443,0.06746353889767381,0.04220184136330414,0.001256235677565655,0.08701140943660793,0.06830528893310576,0.0026816087640976617,0.0475923726205695,0.02680082502041969,-0.00876046512161204,-0.028440171469868204,-0.042684465722264746,0.019498375787595154,0.030229206204623892,0.06734140764950004,0.01009041636678357,-0.02904586420049682,0.033994826273233414,0.00320364798057839,-0.047532629597098676,0.022691697337361864,-0.03304070436482586,-0.05282191000292464,-0.009627438161121087
GGA3,0.01824444218322364,-0.09236847725830429,0.03500247633001163,0.04993492286549487,0.07460930425029393,0.09362217535563759,-0.04925722252998093,0.03823475972895014,-0.05915757156327639,0.03067367720930697,0.003157062618530309,0.02695308936972126,0.032091130515012785,-0.007325378591014154,0.018142117339887957,0.035652221039196484,0.009981921750249461,0.05319825550021515,0.04046629322649996,0.03985267563303506,-0.04551959909029687,-0.012360753299773458,-0.012880105329019717,-0.02474900863876351,-0.05025400781559975,-0.048759712176170394,-0.060502891579479925,0.007540080870809981,0.013578342792185375,0.07635585350314185,0.0,-0.033389505554629405,-0.004143136885600712,0.05764560481575124,-0.0630321107671681,-0.1832463913603072,-0.08880448623186055,-0.008450143908655615,-0.020889909607370385,0.024791236761354276,-0.03027647900658287,0.06462619952706893,-0.017643989023968472,-0.04170927200623485,0.017378158707937245,-0.02406023798012557,0.032391118851705196,0.01745844080458398,0.03883464551301295,-0.0074887749726107134,0.05291077920979713,0.052259032323615076,-0.014937195770479734,-0.06050780899617761,0.008961429508830991,-0.054858368930390915,0.027482283452905366,-0.03180590448468479,0.04928829957479663,0.00031697644456103605,0.05123686159867385,-0.043690031655502795,-0.0017236891468276768,0.06538141460999583,-0.0007776156352162195,-0.005715876999576152,0.018150815955044284,-0.032260036326079565,-0.003513921060348547,0.07170597886558458,0.04769587193267337,0.016787272989783365,-0.01048032834438621,-0.006903820075165288,0.01659112689606958,0.1090333756118445,-0.06220063817302195,0.05043761098763608,0.11182479621869451,0.028482050845226578
GORASP1,-0.0002349932954936544,0.04350184705550234,-0.035422919615275716,0.007539691844935393,-0.03470454452993625,-0.051318980262587424,0.026790469332732526,0.030054673418819667,0.04563547449365509,0.014643401666873944,0.0010524897387798765,0.02270644252809481,0.09694389883136302,-0.04092115880507864,0.0380147440905038,-0.000528466359455032,-0.013128167618380683,0.025856145783472118,-0.03849132135065144,-0.003121048646868541,-0.03487079101658355,0.04383625838959962,-0.018170779616336334,0.008577899958508987,-0.006939951577442615,-0.05860899310011989,0.017917860893748097,0.004712868531534961,0.030289283580750455,0.06096850782485204,-0.02946724400928437,0.0,-0.017536545598001045,0.025550750856435957,0.008579445347620772,0.018798580915521335,0.0019330036636119397,0.025173421902550886,-0.047112218790209694,-0.01166157768115583,-0.01879874424867313,0.01324937468485965,-0.023258884856555934,-0.008615936587021318,-0.01805042644901519,0.01683690134290781,0.01405414325853075,-0.04488635904477423,0.0017003913324491156,-0.0638439838025347,0.024315975790615122,0.02707422788995756,-0.026048405093306307,-0.021733834965379964,0.0012100115324787046,0.0006060189583723566,0.023477085418202325,0.00782058277392958,0.01768344715856903,-0.031233154632713873,0.0057523230944805165,0.014034482208739816,0.04307128516525737,0.010700703500080346,0.04423634553950257,-0.030748227251212547,-0.006560524474895473,0.018215602949674586,0.03257578399711651,0.03634501240106307,-0.02961107730962567,0.009224516518648905,-0.003257372715045359,0.04000464506905346,0.008231855216356046,-0.003496734253358138,-0.006988621787305041,-0.015709599192890982,-0.00862571493800657,-0.006743378102483588
HSPA5,0.01854499541851945,-0.03551048366304348,0.06135508569081584,-0.024989551521114352,-0.013277966722071405,-0.017571181983363125,-0.008549192740998085,-0.0359300568360598,-0.012442685292337776,0.006838381691715593,0.03827877233747212,0.0035727118951418314,-0.027483663123446602,0.015859225476758807,-0.007416810856135094,-0.018379827915488423,-0.04457747901812168,-0.0172160215722848,0.02313090709867971,0.003635218750984162,-0.015119527022350093,0.014251699454196465,-0.021299869459865103,-0.03238498641441495,0.02360649480536958,0.03529267403322948,-0.002952322235449177,0.052539610838959465,0.04024261821434805,-0.05750744505609637,-0.0036786619173925918,-0.01764310876683647,0.0,0.06934513169128667,0.04324890798731795,-0.014103386852486098,0.018068409850402218,-0.0018684301644152905,0.027437384986077763,-0.06907535779302962,-0.044127402475251265,0.06019257611828029,0.08434159661479498,0.014349928937126935,0.03282894765830449,-0.007540736793487163,-0.011242064036147775,0.02453877618079022,0.040023399926080644,-0.01318076324573887,0.004804144841796299,-0.0075213532092050705,0.013911163633007975,-0.027144328572991684,0.02753800808805508,0.014739998989144024,0.00028991965900603206,0.04864947145514962,-0.0370908041775565,0.043591759204563776,-0.047241278464328525,-0.010091263059889364,-0.022768810241230727,-0.0467503546088731,-0.0009895408921492355,-0.04516376804694265,0.004594719020690063,0.007447822135181058,0.027817781743435417,-0.048621126183000574,0.0041136560764696364,0.0060149745144988135,0.01903681713800186,-0.03654023416245689,0.002803685484570195,0.06533871568386763,0.062338619570638465,0.05376937382521405,0.031429996961324216,-0.039197162386453564
HSPA9,-0.007092004088497433,-0.012261082077941222,0.009898175445084489,0.03696516168334553,-0.0035793662661400692,0.015179174306667384,0.015276759148306542,-0.008472838029989747,-0.00759692146643193,0.03250521940728595,-0.02203156156477408,-0.03098469996755744,0.05738162348108445,0.003775671943973935,0.006825952282725365,0.029497296347982652,-0.09440064484451277,0.026779834127743263,0.01192427582241677,-0.027395706899060446,0.008596522207087492,0.014410350071422884,0.060680447279205595,-0.03277608997728384,-0.02920267142533114,0.018527781864386462,-0.009589134616814904,0.010057932818385129,-0.023143041382441654,0.009954891180099427,0.05303384979999106,0.0266355144820252,0.07185257509364405,0.0,0.044344422300045656,-0.04418995509809491,-0.08134723566073129,0.027721318699097892,-0.0069609076466688015,-0.09314653404046305,-0.0464305393116156,0.06440693509856264,0.043899000473936904,-0.0029053808584426576,-0.014945363073102019,0.07265430653109564,-0.025775603546181802,0.009264536570227227,0.023325279402130195,0.01723253763080156,0.010429684588165197,0.05188822283211726,0.017284445943575956,-0.03009765966833301,0.001353463940437785,-0.027315365920347796,0.019591309167055062,0.030655576887492278,-0.0358968103564553,-0.02544052663936225,0.006837777388049861,-0.02070315305190742,-0.049211038293979825,0.011364412249828034,0.05070911458380637,-0.10213275000125384,-0.030321108297791728,-0.013075263025436311,0.04820012343262443,-0.02942992405270604,-0.02479689409635796,-0.037955743025448685,0.03413309562454737,0.007253119352420572,0.0001235034966857582,0.06700973471838022,0.04570581235962763,0.026799404898313582,0.030139359296405974,0.008921317542764418
IDE,0.04624036957216369,0.015939723830032327,0.008741058359534837,-0.03197716622609152,-0.0014961935973995494,-0.023670281005076226,0.060172980016261146,0.02703580513884437,0.017050712868845564,-0.0058935839699585536,0.030595120750077264,-0.04148743598160019,0.06092177111004955,0.00789679513440074,0.023376623780288625,0.03437161517370855,-0.005420759878353211,-0.06216562841007952,0.007556978175510255,0.02931720958599703,0.04828768339922279,0.011598273228620544,0.04174772919802119,0.0027355866009612264,0.02450977401905854,0.0113286095360056,0.06984393588537273,0.04429041083181126,-0.010783196070079961,-0.02348768155282929,-0.05838133973251711,0.009004132699724306,0.04511560216568013,0.0446441186411504,0.0,0.05951716095723693,0.012653242307477431,-0.009249451759481725,0.04530315367045355,-0.02533967183431859,0.00645176093190539,0.01092071446652828,-0.007890264958370025,0.023967980405344886,-0.057758059889947436,0.07519744010583733,0.02565437907776809,0.02981450179906399,0.07099239416874549,-0.07821059895518559,0.004709875897599826,0.026894552254322055,0.03760015465639395,0.07874078330739843,0.022113546548429276,0.052535503747596045,-0.045970832988766266,-0.009586302768650884,-0.03903931003065582,0.04189336167849847,0.03232955770751861,0.060557276617784886,0.011562832753955983,-0.008401814013279304,0.02083193290305633,0.016801460537709388,-0.05629890033677982,-0.03773866772127502,0.02578502307349676,-0.0258451051874441,0.000925541310135053,0.03386610388312594,0.02780841046132457,-0.02755381041433231,-0.020321089976185463,-0.01331928678831562,0.030533852409457853,0.10323695375814727,-0.02048507441633998,0.03174000948545162
ITPR1,-0.04012400551405539,-0.09134625632325356,-0.09445953504393889,0.028317284600487873,-0.19416534525167506,-0.1342674185136667,0.08424377772283945,-0.021053917545559152,0.07086957272222173,0.06947052558225394,0.10207410189935684,-0.13033286586558893,-0.00045192544904836256,0.005688889801371215,-0.04248091966827209,0.07805545747278247,-0.021237949675974664,-0.17070038586122205,-0.09871977188237727,-0.07734550831310998,-0.071040220723812,0.029879180562668663,0.07709225864851055,-0.06685450437958126,0.06950967083657697,-0.006443445400863344,0.05586982001814771,0.04949338054871858,0.08793376030918508,-0.0701788327254852,-0.24595935846439543,0.02859061222974367,-0.021320174021174903,-0.06447101785495117,0.08624976512196908,0.0,-0.012723209174084694,0.019712999193994676,0.04036244675823533,0.028643646863123394,0.07669368931055133,-0.12759956585291019,0.062232628005292855,0.056813416275419984,0.05333125760073265,-0.07911783019585102,-0.05562738064656464,-0.10891333740111468,-0.056574430426971016,0.0757644757845022,0.04353244812403593,0.0250533780863653,0.03333285590072029,-0.0577745129273797,0.06894675946125577,0.005756959584685786,0.08978097319260794,0.012979425655787405,0.022397298671370303,0.09351579549728889,0.06447208612256074,0.016202958931720468,0.06628489742516269,-0.0612637431706606,-0.05229545588396426,0.05481172598108342,-0.06804077270374553,0.09514906485612373,0.05693545062067271,-0.198261107969633,-0.007273938587698759,-0.030585279373499436,0.048812855660174806,0.0010999229377898407,0.02177533052081098,-0.06300659510812215,-0.0025090949417115576,0.0331173942631355,-0.08404745237045114,-0.10370659525697434
ITPR2,0.006287923839399577,0.013237581726628419,0.0035983388891270914,-0.03743542600697732,-0.00836343207771549,-0.04084465205883938,0.023816636527907723,-0.02849326310780326,0.04650752810054808,-0.000481973628823885,0.0060733585078489435,0.015100703778013756,-0.02948672549090317,0.009416804631889956,0.02631584058276328,-0.019598327614341514,0.03450894929636738,-0.03671611793860002,0.0367932082987369,0.0037592924644433484,0.025821667857354146,0.021735274983185813,-0.044829174684899796,0.001168023423228313,-0.0237024651126731,0.011506640157259353,0.04254260115082561,0.011214150324037563,0.01103110477381112,-0.00844793089007956,-0.07590721112276913,0.0018721958364376376,0.01739432052201731,-0.0755794930596972,0.011677173900828633,-0.008102459631043914,0.0,-0.003923485457919424,0.03748103844538447,0.014589375893497842,0.005304720561339859,0.007709747762102196,-0.004133787813420465,0.022260125137449027,-0.027287799178724377,-0.03164529628500376,0.01410908279962189,0.030354694633085287,-0.048653186383050544,0.00946192945252337,-0.00990769538408938,-0.03559498060680883,0.009442139365182553,0.031424135784942006,-0.013739240777755941,0.029441793421341865,-0.025668098956047866,-0.008114757925002788,0.033973294997470635,1.4130581472445823e-05,-0.00737008042999487,0.004397900316255423,0.06748662183668702,-0.029755768406925634,-0.010177065308541554,0.024393694950773506,-0.022736856457529833,-0.045144022086683645,-0.015461778483649487,-0.0013407960853117832,-0.007796566793281322,0.04474275762122686,-0.01499187091998403,-0.021807547317313915,-0.008020560732975704,-0.030757888104931567,0.007737365670279464,0.012058677830482676,-0.02741728786666365,0.010938664572594485
LRP1,-0.001746422678849138,-0.010071637931275095,0.039917063406201686,0.02225223521159547,0.04087130381530406,0.05544822630752087,0.031487538340659635,0.014112469908972695,0.0018327619889903935,0.03462511947123109,-0.03177993411926748,0.011752676235153291,-0.02981868011299608,-0.008792118865327408,-0.046778819275649385,-0.004087918820900572,-0.0361940967878168,-0.018202165988848662,0.039143586772977905,-0.020318409883440018,-0.016873543705709898,0.03578965742725431,-0.06001964101764875,-0.03586151289122404,0.013118518448705353,-0.00266113693002261,0.06305398677441978,-0.040977308200012406,0.044534375138772495,0.027012650205464308,-0.007523042714845047,0.025394644973080728,-0.0018734654932884918,0.02682602679932578,-0.00889064374141651,0.01307537658787486,-0.004086517286278449,0.0,-0.035575238081417916,-0.04034635232334149,0.03929146921980605,-0.0067854455198092765,0.018998488399024155,0.030992876264478546,0.05075985793300197,-0.023597564332461542,0.003477076555485944,0.006549303685746529,-0.029029927699949783,-0.03095091890626378,0.04564923521406038,0.03329585484730285,0.004285669844297697,0.04187709133802889,0.005760523378295561,-0.05036140308611634,-0.01634540249449924,0.024238493631280767,0.07782741099571817,-0.05449330553326578,-0.023820525307763723,0.011112255059753622,-0.013213472553557733,0.011096436254843564,0.0299805306085481,-0.02127560336330388,-0.018412029630690663,-0.004546798401773531,0.06623083803206771,0.020885737742356057,-0.04887335560023263,0.03137713838048337,0.07081932190291337,-0.023231451071144046,-0.013645328809045185,-0.012103872558299377,0.05623189660056129,0.01966428748734095,0.013296032455999135,0.010449610651952691
MAP2K3,0.031518956961236085,-0.07393736460658681,0.013766179749073005,-0.05405269592818697,-0.03230936085322796,-0.03996170894708958,0.01188610722610461,-0.06288935133155242,0.05078571581315489,-0.028615456899326746,0.024985402236091057,-0.030396903813013503,0.05272783748420397,0.027784420165409662,-0.04990158420056887,0.026079945502976692,0.015112606599033612,-0.04395244583165115,0.05551986286099274,-0.022227473941111964,0.005544417113009019,0.001976834598070553,-0.004938246757678972,0.02068850844514448,-0.10868404445352504,-0.021421634971437235,0.0619822692016286,-0.0007209584069919962,0.03192848670984877,-0.020231714102816278,-0.018946074480269533,-0.04841575472612165,0.0280262377871745,-0.006862171964635965,0.044360752919544555,0.02727295801813118,0.039769136834448965,-0.03624107506397153,0.0,0.001794874142637682,-0.012465915929892862,-0.013040289398455402,0.020066840973955207,-0.04512243388459326,-0.012139664632224366,-0.061395569092325054,-0.002019993172811912,0.0317021707305471,0.027480168044009854,0.008891830841515585,-0.015221218992786495,0.051730610855959924,6.640892174065627e-05,-0.0012244228221415918,-0.0380458699428147,-0.001661309473863977,-0.03051396357290938,0.0031152299363408436,0.0027737758231675207,-0.001519357957096961,0.0003623556994715343,0.03476339871030476,-0.050845663309062115,-0.020818208344502074,-0.06583334387274402,-0.01640973267997102,-0.05542444684618121,-0.036886839039726005,-0.05505205320138965,-0.007452802657722346,0.019772623371943285,0.028747764430883657,0.04777469068912188,0.006136804757451753,0.007240967642271193,-0.029336430738571836,0.047255745576359004,0.042496511969452505,0.005698621912655368,-0.00427057666871609
MAPK14,0.048768093009132214,0.012156861739917084,0.06833969472855465,-0.022331472785670034,-0.04238106005424354,-0.0656443997150996,0.014784604534730846,-0.033060682107309225,0.0035077629061034746,0.015284454562315909,0.01963590315606592,0.02241838969603309,-0.01820406091680871,-0.00737276689903784,0.0894093213157986,0.05310753219566506,0.03505256899208267,-0.029632486672651486,-0.009628983604490647,0.0005593246548508482,-0.037843253643787544,-0.023267103368543526,0.06071623622158406,0.05255437413625498,-0.06728151331177937,0.013034799749434845,-0.06840063863995348,0.0014437400172638483,-0.006894280203924396,0.03308159083567281,0.023984997136948124,-0.012784073417874133,-0.07526689960898238,-0.09795378529232023,-0.026468556549197976,0.020646282628099845,0.016513155195409492,-0.04384462219444706,0.0019146650047150054,0.0,0.0018547489940333383,-0.04626970086741374,-0.03218841146566075,0.0017867533924037743,-0.02937709924519982,-0.013001859747002657,0.06950315882387305,-0.026125533148195396,-0.030833471913548353,-0.012070955499278562,0.011882852366860406,0.02051029081361618,0.029288714203755502,0.036893231963859144,-0.015640034289285253,0.013874774435562249,-0.031235746565831387,0.055550986983722246,-0.027043011686138485,0.012570129487598754,0.11332148329737858,-0.03429994341784696,0.03737530724667363,-0.002543257517276361,-0.02022701438984831,0.08723880592119093,0.045319122554499124,-0.06984779233689967,-0.02433311195290605,0.0038861638634145445,0.017722412466545438,0.0075779760532404495,-0.06128306002372131,-0.01871422172674457,-0.028007669271265568,-0.014666003618863773,-0.023093524050912567,0.003124938251464634,-0.05346208558037151,-0.022355449689318824
MAPKAPK2,0.00450765102451144,0.009359365061117116,0.01103824081517589,0.01687250998561077,-0.040636068652977655,-0.015729828941394772,0.04158889392256554,0.08731696296319547,0.01402585048355323,-0.04271602960349386,-0.061398083943468226,-0.0031592120761216153,-0.04401823366492271,0.04433790356916267,0.00048093689883219173,0.022641042156686993,0.012386982798385564,-0.011746461180692861,0.008089381606275396,0.05698835290297245,0.029188341204329758,0.07329114857681038,0.015046157220540498,0.024086275150514508,-0.01590417150318104,0.03682411715834255,0.04281714026454108,0.009376915961908887,0.01714838873168107,-0.02137919414740463,-0.028004103321127037,-0.019702240300016938,-0.04596889595458706,-0.046680239732754154,0.006442914435398346,0.05285036764791554,0.005740248392346404,0.040821141958492485,-0.012713286023640047,0.0017732091755151675,0.0,0.006643073819972764,-0.004475337206650674,0.0506989598279279,0.037190771869499956,0.011970340441789268,-0.012295632087584697,-0.0035021831630814024,-0.05787580330018981,0.0008013345919397867,0.027077870791070824,-0.01585818434509861,-0.0287183955048035,0.018503944496205255,-0.03842695175359706,0.019532556507229206,0.03809569163438572,-0.05347816475282202,0.06781392601360552,0.045758215987581105,0.012298514955748456,-0.04578470446572959,-0.012857788329790273,-0.043834608916933436,-0.0564931474677113,-2.196129890647505e-05,-0.02821060365067705,0.11405391031882266,0.015768585331907666,-0.037066696789719834,0.008948952839324996,-0.0024598132575597747,0.009779340364899821,-0.013093174811753323,0.05741943573316839,-0.025729025812494827,0.030058915882185164,-0.010451972897999288,0.02819007559361575,-0.01598851678278808
MFN2,0.03503018373251683,-0.01965444838992946,-0.045876675823909294,-0.0017106920347416332,0.05114081681464613,0.04145858883049111,0.02262239209460923,-0.007100093905672285,-0.031835068711185834,-0.013036830199446308,-0.020759481638240238,-0.035619437256004624,-0.021261206721445568,0.011198620685360173,-0.01238489528744973,0.012997765960295062,-0.010015784588437366,-0.0074150935740405766,0.0013289052962367795,0.035534906648468985,-0.007691245337530346,0.012401479080185877,-0.005034027493506803,-0.0027821545883469677,-0.04029710055477382,0.023823982749198905,-0.06910528582690113,-0.017964565042014775,-0.004700997546249157,-0.006255665247685447,0.058081818900836704,0.013492655801469085,0.06092757987485926,0.06291834206241625,0.010596695066370976,-0.08543835288776201,0.008106317904069705,-0.0068498417248872455,-0.012922190565821163,-0.04298201833131179,0.006454823419331103,0.0,0.014975543532431993,0.017886944138124836,-0.027286818231967453,0.022889766182872882,-0.029652953010321326,0.011570879076499242,0.00994754700002338,-0.006186663757931853,0.004965743014393029,0.03438686095786675,-0.00951332108509445,-0.000598126659051251,-0.0025694898512776997,0.030355201254118464,0.041688624328639,-0.012416698566415184,0.017945830952662032,0.005248754224457294,0.06390389579953765,-0.03511770739169244,0.050052438760824006,-0.08091244198699235,0.06823195187588789,-0.03996515546027311,0.021737782386932508,-0.056763244573965387,0.06686073763418277,0.03593160385196036,0.019667349941385904,-0.03378801506670519,0.016707619907698805,0.00367801528271082,0.022129186024968734,0.07122465175574479,0.04470491173412446,-0.000667012119257927,0.02531349833912592,0.04805590428587707
MIA3,0.030719618727520895,-0.017790621538740583,0.01384534969482534,-0.026447938549404474,-0.037973323892929685,-0.01429613298653308,0.019054706637385847,0.03725822991883523,0.027707481199593514,0.008878294082442494,0.039975673791390394,-0.030865084110106196,-0.03962258305751787,0.025660776286651393,0.007498785819902766,-0.03453589179288543,-0.06884628015302137,-0.01094313068751059,0.013193295030075334,-0.0004038194535230335,0.028127988131672017,-0.02599643072923542,0.010981279560271789,-0.018576844765417974,0.015415212833253984,0.04134480070534255,-0.056119139242983083,-0.008237364142686695,0.057607677511567666,-0.008735234857633997,-0.015566527339955944,-0.023251678911784774,0.08380620670390622,0.042098113790418716,-0.007515784875463209,0.040905827273968985,-0.004266728522010261,0.018827150111427812,0.01952051581045325,-0.029353035925975657,-0.0042687863592578415,0.014700969024249177,0.0,-0.020299824635036223,0.055409961547506256,-0.048354992187222126,-0.01910694152589829,0.0034696843680048894,0.04058528499821666,-0.0081191510935303,-0.0498166920049592,-0.018304595846271903,0.03306915528714758,-0.003197806648959398,-0.010081024593001413,0.0009840569444609832,0.018818994266176572,0.08853275121421444,-0.043590969628725974,0.04431406081614476,0.02344863777146313,0.03508871394433807,-0.055314841176137254,-0.01745275200302529,0.009886032922001277,-0.02196379252037844,-0.01123012617367748,-0.014120858010928642,0.0822569976280096,-0.06201804896106315,0.024737242525517712,-0.009369184730234147,0.031335496003218555,-0.054409219492298204,-0.0587350049877008,-0.0011657717767581935,0.020933690994953486,0.00304689123101346,-0.03309311384981851,-0.06505431804916305
NCSTN,-0.02895650777148574,0.04133033684826333,0.08461739174107122,-0.030733624516032985,0.005418439911382848,0.0007960972018466613,0.0411221434649609,0.015239300577329775,0.0009934996349105813,0.006695791544533581,-0.006372409345235315,0.03566647126788524,-0.014023995551805515,-0.004098850878677541,-0.023930269116672554,0.017996748215222937,0.01425393207783542,-0.016531349171042303,-0.009805942053167092,-0.016370938637026676,-0.002039248202900541,0.00021464389169645464,0.047920422373613936,-0.018610392876484794,0.015712359233789008,0.01593977799238789,0.05525401968143592,-0.03709735105045036,-0.0540500785667943,-0.0071935933082417575,-0.03847107372731353,-0.00900481221057281,0.014907020686193715,-0.0029128479468951193,0.02386826948409036,0.039041337004399046,0.024020451696792292,0.03210954546093975,-0.045889310849450075,0.0017034321325012731,0.050557366456354356,0.018357192298204067,-0.021222621287266055,0.0,-0.00941712018153592,0.003699855304297964,-0.02517202214769822,-0.010503815683484253,-0.06355228066471669,0.05119021334347085,-0.00875845360455006,-0.03220823670976689,0.027226593459027115,-0.006020389198257062,-0.04757482192583067,-0.04280920325214981,0.006690709654962053,-0.01102392493351819,0.006797333608006997,-0.031175328019856143,-0.04609112264774863,0.03767830492438236,0.05084073536215047,-0.05252458855940716,-0.05810658196371532,0.005974635768261024,-0.009975780459683954,-0.01796632251425741,0.04872676624900483,0.0008842177046444853,0.0578794273496931,-0.04219754425605315,-0.031474259383557794,-0.02929945383764875,0.008337448733496636,0.02469534724613128,0.07086411586599788,0.009301835932342108,0.021195567548029228,0.02460896505974446
OSBP,-0.004318849080387527,-0.023288806673291983,-0.039348581374954936,-0.017883876865716623,-0.008340383064050202,0.03509272727147903,-0.006459186184683234,0.020311494914201377,-0.06132013390801837,-0.011428838149322582,-0.014905380626239736,0.06616810745672663,-0.029915147329880404,-0.013581500696643864,-0.04757747621122143,-0.009488527415171751,-0.011544299198527572,0.02535926171253773,-0.004319809480863583,-0.07720882896255016,0.02283443137221394,-0.007215743218226679,-0.038490139942514635,-0.05610186898101311,-0.016923644551556365,0.04367131041922558,-0.033466247285435104,-0.026221443134430658,0.10635177234165688,-0.032093470857420536,0.015828370998085636,-0.018629036652780446,0.0336766458073068,-0.014796260804061866,-0.05679797501813336,0.03618981525497812,-0.02907721734840771,0.0519306115880548,-0.012191481152028415,-0.027656670423718284,0.03662278354798874,-0.027653733204278566,0.05720386207879509,-0.009299270417799673,0.0,-0.07747273912868337,-0.0010079099232901268,-0.06493958579034702,0.06420825414308545,-0.005048913883956872,0.03226078527696639,0.03645829531339267,0.025884840544467453,-0.005013746050247797,-0.005232116585777761,0.004582548484132851,0.037909177085337274,0.02473803884832552,0.01548001729149411,0.0915644713023089,-0.03857241212319132,-0.05730166875557813,-0.029511233726528658,0.0005893559859850837,-0.03515935549015,-0.020391840122153764,0.032986456190545986,0.04255301900849287,-0.013010965001488748,-0.04109353812725611,-0.011853301955648078,-0.013532984541945946,0.033682488777232025,0.026165121473039975,-0.03054388641048741,-0.03381892946710553,0.023317833678110352,0.0284796723672704,0.030801663342639434,-0.03966771185980132
PICALM,-0.004057997757860216,0.08195098406637062,0.013198619396486463,-0.0025648246252625837,0.01793642153930627,-0.019857425364947327,-0.06840420340937564,0.02272152909918709,-0.019268618430453247,-0.01036785405473635,-0.0516525740546674,-0.008417495749607115,7.931484270949007e-05,-0.00372790770961182,0.10911834814061726,0.022030426343017755,-0.015963433493219197,0.03722982217948294,-0.03593146864003851,-0.0003574325884485406,0.018669698550791078,0.004916689459772725,0.043908950294559386,0.04435614085119985,0.06155154445145146,0.0030027181053043023,-0.03282089697817565,0.08048842921029568,-0.0665012616509951,-0.006576661629292399,-0.022875980339156343,0.018138962026641694,-0.008074822490880783,0.07508517610854262,0.07719170722019132,-0.05604362823591861,-0.03519985161833185,-0.025200987110883706,-0.0643626839095452,-0.012777438371275405,0.012304670668420843,0.024215283681532744,-0.05211060959597924,0.0038138432362490216,-0.0808716390615786,0.0,-0.03741424302967249,0.006370719680911156,0.043473508175912584,-0.03873292300491158,0.018779951191351413,0.0008130674855155384,-0.023836830631866143,0.010193327394709127,0.05601250922281996,-0.006606473982057265,0.011376764604896764,-0.035386746687338703,0.008864464153544787,-0.024645055836079722,0.029253873224727896,-0.018176347072615392,0.031325521192190536,-0.017990172517739492,0.06843084409502002,-0.04229809785181457,0.010198051537963373,0.05956455230571641,0.05866693668802704,0.03113712691912809,0.021496416709297507,-0.061794190746428855,-0.01532892380009651,0.011052834664482779,0.05202790325927883,0.018502435683644694,0.022922203023530256,0.009044309552263948,-0.013022854477321115,0.015385817105258203
PLCG2,-0.006282378759852289,-0.02259688595013401,-0.015124951861620592,-0.0009264701247518323,-0.03501637247939999,-0.0351794084919831,0.042030617084455935,-0.014557271223446898,0.009522847878036011,0.05208323651410564,-0.019701659024599506,0.018922556284949345,0.022553895136544592,-0.013119529374082015,0.042303257769651416,0.007603342499003713,0.012841337337172624,-0.04768723622384533,0.02264198198749695,0.021955819639229258,0.012757198972821666,0.022079984063314687,0.01283052352333492,0.02458917376707629,-0.05487138483524482,0.025295789459103907,0.019499109396402956,0.014080669240329873,-0.03301145279364903,0.05255969974083695,0.02788386240536851,0.013708875301661273,-0.010899647226721182,-0.02411842093069238,0.023843844607843227,-0.03567694601936965,0.014209461972644869,0.0033621091733731473,-0.0019173182383757027,0.061842928445147376,-0.01144357017931544,-0.02840294282199887,-0.018643317513003434,-0.02349326560542419,-0.000952612422260595,-0.03387537786991208,0.0,0.02866857096643473,0.04689037147219251,-0.05482733421105646,0.033832324781433984,0.01226586259135388,0.02811163765374545,0.05192659563919015,-0.005813462182273932,0.013267203026343447,-0.07451696247840034,-0.010533604257038798,0.01121746363156665,-0.019175054021123676,0.0024919764012837752,0.0029385380778963253,-0.03777312297300023,0.01402053140160181,-0.01776786193939489,0.02757046372264916,0.04253989802479131,-0.03453875204072832,-0.03370649158048242,-0.014979625289357567,-0.009341551605336508,0.03275466396924708,-0.021291936158423307,-0.025132813927005615,-0.01976601407250922,0.04405989408889272,-0.017448355269499487,0.04364075481942234,-0.012070653378490842,-0.024201178526759563
PLG,-0.010511741223743914,0.06219586650845122,0.03924426273029377,0.007159146317172584,-0.010827589435708536,-0.021989918820751783,0.06520945932450077,-0.03965797546121171,0.011581865944334383,-0.005803176600430273,-0.005385901047194455,-0.061903353840965986,-0.05119611073622465,0.06449346401656274,0.03385589380505726,-0.03673706276049523,-0.002488359843227414,0.060705980135634524,0.039921836011381225,0.09437124973961702,0.0042337495896165745,0.027382943521658237,-0.030773808304988527,0.048796205945176065,-0.016406941760868307,-0.007845439552566337,0.03465173947514939,0.057943460368371745,-0.01888070631094082,-0.048586359794790875,0.01643734889995574,-0.047886287262870336,0.02602067894220985,0.009481194692128575,0.03030691069875947,-0.07639755581369043,0.033435210189750174,0.006926152110061598,0.03291036052473672,-0.025424358447450255,-0.0035649124701751904,0.012121631649895766,0.003702723893318674,-0.010721899036298298,-0.0671279479275027,0.006308629449422307,0.031354897317252585,0.0,-0.03661796260062055,-0.045704490135740135,-0.04187083921222519,-0.025752131267807375,0.0431647808762662,-0.022030665315829482,0.009568131984335313,0.058903117405150585,-0.07368984891905521,-0.06878658331082106,0.00687813376246819,0.03232105128240195,-0.051117830357875475,0.03875181617711753,-0.032409304087773996,0.005643444582084061,-0.006883384150504204,-0.022187636446602505,-0.045848901949159124,-0.03381572192665667,-0.019443193914751997,0.07412675489315303,-0.012218248852465368,0.04012100988255864,0.026723470954785455,-0.03194870314527158,0.03267638560856791,0.019656524185159074,-0.058392337615885616,-0.007983160838954045,-0.03627604164813389,0.01608932517415999
PREB,0.017694374932255258,-0.04797506751727232,-0.05663096593670761,-0.06561626985542539,0.009466601557069142,0.017743861363132774,-0.017731807721213137,0.06464757018302825,-0.01489654221988773,-0.0020857860181043505,-0.020253634860750075,0.021567029909841638,0.037689211492863035,-0.0472889205798235,0.023956413751971377,0.0711417329572966,0.01929951586587994,-0.013100898169243765,0.017604182827173277,-0.0014564366775572915,0.04958966183822522,-0.03614072340707582,0.06013813858155728,-0.022484845611902154,0.06104256107406052,0.021174988052942628,0.01331746727883714,0.042279089453201635,0.00733467202735804,0.015380272168137369,0.0391286144061527,0.0019413081378693966,0.04541805254257054,0.02554553629386165,0.07722799156182464,-0.04246854613630449,-0.05735064186499989,-0.03285425742975386,0.030528947263064033,-0.032111166023746876,-0.06304575534112299,0.011152173891050552,0.0463498960244778,-0.0694231901495162,0.07102864397034231,0.04607019132747962,0.05488223839618083,-0.03918708707435045,0.0,-0.06764291153846713,-0.025852442880902448,0.1553854505722594,0.05471177842632571,0.05845553679383375,0.009829087083216928,0.03280283860812829,-0.05267032348798742,-0.024143284825541813,0.016089957852207157,0.055067913569236626,4.276226499088949e-05,-0.012591295234718893,-0.015976402359624595,0.04500936353361564,-0.010932002817948061,-0.014248571156939756,0.05391105485534138,-0.024240668771279835,0.002620961386287168,0.029896160729038692,0.05871233327502481,-0.030321519173481998,0.02933784323576224,0.05720802683976193,-0.10136957921036091,-0.005461758293764069,0.003834844101818196,0.06836967907899157,-0.027529818553764573,-0.029282920684063646
PSEN1,-0.03939712870680598,-0.02965539742123204,0.018192680238533456,0.055805853838184,-0.009462895899952197,-0.0008487500922839755,-0.005092593613057957,0.006510031091833471,-0.010567962755230404,-0.0075488389061467345,-0.02956788128139474,-0.03694519360474134,-0.030480533102764686,-0.03263329535838992,-0.021870686349371112,0.04022351530822041,0.027172570245389504,-0.009033986204127044,0.012967919731061721,-0.04895841335327362,0.041164760093324704,-0.023032666526110353,0.019653271611282157,-0.04645916192320237,-0.011974343192092582,0.024183199623605288,0.05281272086324115,0.002178957910596767,-0.06503647945716338,0.01508375770616387,-0.006919935120825474,-0.06684696422705708,-0.013717381177209245,0.017308264495284886,-0.07802695292942573,0.052158962454596426,0.010228755979666214,-0.0321244252811624,0.009059406652245654,-0.011528993987765678,0.0008005506765425434,-0.006360864782696379,-0.008503679931981208,0.05128336139258297,-0.005122202493306795,-0.037643649269365406,-0.058852022290357894,-0.04485633550138421,-0.062035231945772644,0.0,-0.015543330526074792,-0.01965554118329313,-0.005147184144441615,-0.033908584102867005,-0.054442938513749144,-0.01903740711898296,0.041526627816586954,-0.01267826105835765,0.011157256394192116,-0.0378977417668887,-0.018212408646777305,-0.0643228951849499,0.0448306390540756,-0.03629238737038574,-0.020004637218105414,-0.0405949734841361,-0.009274107335591877,0.014744171412674695,-0.014536594792494202,-0.03988059826156096,0.0339779761860183,0.006534902648884401,-0.039406750739932904,-0.012098971864620016,0.004341359722460969,-0.02203288678857249,0.004011963569029141,-0.07477398365408504,-0.014625386253826552,0.013941928410773982
RAB1A,-0.06359661295173201,-0.04169074438097285,-0.0015415205979211742,0.042332615232822716,0.03381108787731645,0.01945375435525681,0.010959443906434921,-0.026140146887824615,-0.05773977420851221,0.04220163934609077,-0.04841361128082526,0.05009739606854676,0.03823770263010671,-0.0055024551871723296,0.02269630506979414,0.04527232244983775,0.001391045915037227,-0.037231246236734405,-0.007958827531881565,-0.06022207747258413,-0.03612537386218925,0.021343609279753414,-0.047389048196829896,-0.02915599269373119,-0.03400847874048124,0.000923682568205572,-0.002012897776765906,0.020767162675722196,0.02019825422328251,0.026914100524134215,0.047290404911138194,0.02462583958012941,0.00483597863652406,0.010132417955325155,0.004544918845154959,0.028987719195681962,-0.010359848187450303,0.045828216767886884,-0.015000150968490316,0.010977617609796016,0.026165382209803086,0.004938346104967054,-0.0504671524563551,-0.008487007990185482,0.031657116018411334,0.017654016916930953,0.03512640748568488,-0.039747903042944566,-0.022932707849687168,-0.015034248197315143,0.0,0.08449465737538121,-0.02595577637359466,0.0015498173963179455,0.06047079496525807,0.02589257289556458,0.02485714864792695,0.006440308078111161,0.024635333514423034,-0.025906596999704944,0.020218196179101165,0.016591502609108424,0.007066368970088993,-0.07865950552078857,-0.019831867662567722,-0.02347120394589045,0.024296887387202946,0.045308439145164525,-0.020676748658718127,-0.021902847157815965,-0.0451507083450316,0.039475151856488123,-0.01948588928038639,0.012523524134162715,0.05403576337649664,0.08972079189106126,0.006386706317948068,0.05801510715502407,0.04143541452111207,-0.04273975359785832
RAB1B,-0.03790585940605547,-0.04190132021866599,-0.0106504166375279,-0.03489065880828583,-0.0010476386875959824,0.01373257916999418,0.022089398637555786,-0.013646824776780688,-0.01700981674105,0.0430130606453892,-0.05369655059933166,-0.01628851662066675,0.04613117735869219,-0.020981075183488653,-0.015810658896993034,0.11406096246861445,-0.008481892341790951,0.0026252297538169335,0.03336767575458879,-0.05464517049170256,0.0027701039111113603,0.015201778592186774,0.047631986770000516,-0.05035357100734237,-0.016822575652075906,0.04720220572046978,0.03810730871159991,-0.0399263035145339,0.01792240298557764,0.04972825007249659,0.05050103716610781,0.029645957558996062,-0.008186048694673808,0.054503046231220716,0.028060218343534633,0.01803753993686569,-0.040242000777023224,0.03614095971248208,0.05511932127326875,0.020486571044895503,-0.01656822913915095,0.03697429272703735,-0.020049526402389044,-0.033744592294297035,0.0386814575567072,0.0008263912914349362,0.013769242468467632,-0.026431742358698704,0.14903015779589085,-0.02055572021984386,0.09135646953128602,0.0,0.0414782370370437,0.015021259495316205,0.0038166770697181033,0.033757643718965565,-0.016939264197480732,0.007842381265315251,0.012092190692449774,0.06371471182309513,0.07607314534149923,-0.0027373938348373853,0.00993095298450266,-0.03010677522421337,-0.0548182430556883,-0.05270508957223178,-0.030869078054320508,-0.05362832867177237,-0.050065935091570146,0.0862205382279518,-0.023749747981994855,0.013496151125764983,0.06265652598716437,0.1119412937695774,-0.06208025046382943,0.031091687954609336,-0.0032702567949532495,0.07193087584664049,-0.018398273384511565,-0.01752327224246647
RTN3,0.036439039821543576,0.034777113786268306,-0.006326242799067116,-0.012197069638223753,0.018126966495647653,0.031860751446687825,0.08701385455186175,-0.02730187773323882,0.016474101471573507,0.02708608519373946,0.03987921820781816,0.03468232692919737,-0.026136851862106954,-0.030851232304978667,0.03457887236084252,-0.01121718002907474,0.018944434476023776,0.06668197486142968,0.02508788872018851,-0.0507931719669686,0.0348391952649135,-0.04296556893747256,0.04994517897209374,-0.033346842578005916,-0.02410532722514387,0.03938102866653037,0.0032092127333218593,-0.03044920074597207,-0.03830348209601461,-0.04630523002306923,-0.013097193692366784,-0.025879792089047587,0.013737637181752452,0.01647318917562874,0.035594803704503415,0.02177478028026596,0.00968570983185816,0.00422083588272316,6.420264591760402e-05,0.026544100044654302,-0.02722406956486227,-0.009281319882106042,0.03286527866151861,0.02588217599365753,0.024918517986307478,-0.021982541007288407,0.028633098167005985,0.04019873614006819,0.047611831193405056,-0.004884134793344261,-0.025463278838213147,0.03763487973493227,0.0,0.04488198509350642,0.0004099556615470237,0.04711688953361314,-0.11065914614707072,0.018351776151418607,-0.014112962430198078,0.05426625703474037,0.03962922252175291,0.018161986408351864,0.006142317357983317,0.02175828775844087,-0.023160389595295438,0.030923275165632508,-0.007705333637601396,-0.06449669324662953,-0.00839224862286825,0.0406744833688717,-0.028870464733538662,-0.013158342236185576,0.026443288095531568,-0.029277003785427948,-0.0846177643085818,0.011635060349045085,0.016328032006678445,0.05268935894757093,-0.02157318549986514,-0.0039752879477098265
RTN4,0.026963086983457007,-0.01980612021597631,-0.017986461778744387,-0.01700215769365666,0.05586625664470226,0.027150952937447983,0.05957931936171379,0.03236361997602465,0.030997476621065813,0.01957376608496473,-0.010890429558841248,0.013443575727519952,0.01891926072439435,-0.006690225322991373,0.002995295373076215,0.042029601530664075,0.012719071393747996,-0.05927220297642663,0.022194465237853355,-0.043737325027078715,0.09538309311285229,-0.039387073554382875,0.02954735030215954,0.03287685144705222,0.03331716514224292,0.08237362139076136,0.035365538130585336,-0.031741737441452006,-0.036037782691850824,-0.03320101958677143,-0.05475659280913573,-0.022285984431679874,-0.027665816931981727,-0.0296053883444377,0.07693297268327466,-0.03895232287863994,0.0332690349004077,0.042566905182337134,-0.001221725744928787,0.034508828311229894,0.018103935877466594,-0.0006022635196428287,-0.0032800633431354924,-0.005906740062398979,-0.004981439501590466,0.009701997685561535,0.05458682802274232,-0.021175139654307965,0.052501960181520146,-0.03320805220615216,0.0015691940241959355,0.014066705791077345,0.04632206047481664,0.0,0.02912239491769547,0.048789307827504,-0.06812672024016632,0.010762124503017195,-0.0016343228432684034,-0.041842345048610494,0.02161468791962973,-0.004794565820157356,0.015108659578928225,0.05895408231739764,0.06435734681877804,0.017560400907191666,0.02707932558010269,-0.05489275949294785,0.008342353973601906,-0.026144935142393428,-0.04410494488655839,-0.01191182230187898,0.0186781628939166,-0.06331075529286415,-0.06270513235276161,-0.004486672731185599,0.01222213415110373,0.04669247039130729,-0.027775216972524108,0.02890938262208282
SAR1A,-0.043781862201511285,-0.018721459162229375,0.01902817097245579,0.04011335369117665,0.05976802535612353,0.04071596541697569,-0.0024748960243559884,-0.029710494613576492,-0.0052966807472257975,0.029553250752585688,0.04382600733677484,0.017157166636992946,0.00930889570010978,0.004074662340406204,0.02789464953361241,0.01595912932251533,-0.009644752043903061,0.005408561959655554,-0.029378996244194495,-0.04309751106188894,-0.009470455451298845,-0.012205143954169335,-0.022277916533629608,0.019659257833998862,0.06001473198606814,0.017518715998459333,-0.01690496149667114,0.047554007221030266,0.033337927856710296,-0.06445239278455883,0.007689066980900057,0.0011764035577414077,0.02661143414368439,0.0012622811204143491,0.02048531020586298,0.04407398194206727,-0.013791482614842646,0.0055517368450571205,-0.035993260586058305,-0.01387051460816019,-0.03564642515339372,-0.0024530797456528753,-0.00980406237400345,-0.04425596598945568,-0.004928801205025877,0.05054772145592898,-0.005794343286433393,0.008719612588493278,0.00837017253012825,-0.05055296902501674,0.05805146096748186,0.0033887757686106228,0.0004011659484576995,0.027612037131200674,0.0,0.04555123476295175,0.01050621576400523,0.0072028558871821136,-0.008015113227182735,0.00470866624986381,-0.0012613874280991873,-0.015623713016444253,0.019122647477877786,-0.005439453959358768,0.07116808634367687,-0.005215202637921672,0.055542704101727194,0.02990984866048462,-0.005132253108161409,-0.020696349685890413,-0.05980508670494837,0.004892349686259062,0.011023506377190588,0.003113647323812831,0.025676296905309016,0.06413667334938399,-0.04594618751215927,0.013350719542034551,0.026565909435865162,0.005634156626701016
SAR1B,-0.026110994029767725,0.0526804246489339,-0.014821771969348571,0.01616753941457358,-0.0024286992986516085,-0.005710732051586822,0.06143117923636224,0.008527039351858712,-0.019554261841151548,-0.03292785119868445,0.004387409298871585,-0.007893721930249615,0.023721066173086402,0.0016858402980431519,0.05866584044402063,0.022109568296403984,0.03706928945184402,0.03117005639014841,-0.017794756955173748,0.008142424634405154,0.04219345216539996,-0.00884239545158331,0.002984709062386537,0.020853267199799963,0.002072934539626174,0.06439253978562706,-0.006123722763772377,0.04989224486062067,0.013655672481777431,-0.10523108741351146,-0.04885665361129065,0.0006115577939280022,0.014784875977462456,-0.02644240147487504,0.05051513534012124,0.0038198480387109613,0.030675874896821567,-0.05037896313659141,-0.001631355789035091,0.012772187329212118,0.018807177003230383,0.0300803130407427,0.000993358693484355,-0.04133484118354383,0.0044807986919895865,-0.006188291446224567,0.013725659471087689,0.05571764955338669,0.028994600510940934,-0.018348365464931418,0.025800442742404398,0.03111100335208629,0.047857307520882644,0.048015393648578646,0.04728077960911731,0.0,0.0012914614122154933,-0.004412439308894933,-0.05466404791655077,0.054236319737620005,0.002846875983579737,-0.014028200187094116,0.022310631451325537,-0.08081700734113459,0.017824481403427586,-0.00021717248222988782,0.016807898160536544,0.004491703204803754,-0.03510278302637437,0.001990377247394461,-0.05584523584574744,0.05578669303348071,-0.02083601842013922,-0.00019930272329749514,-0.028484017284869954,0.014835446155175508,-0.06370882024785773,0.006351903730648156,-0.024601722587857644,0.0050681849768137695
SEC13,-0.042976957789457336,-0.012592844997009831,-0.025536473564973006,0.03272452043478888,-0.029549830281387468,-0.008168896202243618,-0.07867324750425785,0.06329399044188198,-0.031248957783775774,-0.009865679939030503,-0.00858121808938151,-0.03207800040137571,0.007824035402884183,0.00966691024144325,-0.011710118793405291,0.03512552052984563,-0.0384300748739856,-0.017176674723200377,-0.061158686273754176,0.028154495861049247,0.006300397824826959,0.03555711662493032,0.0005862006551273671,0.04606153630313544,0.03202650050669937,0.015118495431466254,-0.056793723326086336,0.03276808217722095,0.06572818975110875,0.002761078901116124,0.025030738354187117,0.024229000257340778,0.00029739791331839235,0.01939533789305322,-0.0452054724913047,0.060922432288768064,-0.027350572504180385,-0.01672195470417259,-0.03064338868570759,-0.02940568214105379,0.03751287975340664,0.04224806463592682,0.019427740597620858,0.006606802615168375,0.037908163151920415,0.010898326689292488,-0.07884043432158268,-0.07128566300121941,-0.0476114828398766,0.04093136892719384,0.025330471873643994,-0.015965276842382657,-0.11494735530362477,-0.06856671422928204,0.011152463494494112,0.0013207525384718183,0.0,0.030262088624177303,0.0018966231252356815,-0.005438197753762751,-0.007723269365281095,-0.05697989772235877,0.037367807311732434,-0.07066091995339048,0.04977129563277982,-0.029398993006308875,-0.032376702877721764,0.07104802991274874,0.02921963192360891,-0.0475838830837304,0.024834956589323717,-0.017732297126185455,-0.02658349120508921,0.03439725288205835,0.06038487191934688,-0.0046227389603783345,0.0014250534000122845,-0.030834823660144478,0.044480714171114315,0.01789023392412823
SEC16A,0.021489705087142957,-7.876121045980917e-05,0.08516112193309318,0.010681278594771141,-0.025086698242540915,0.002993720644830941,-0.04447656378570575,-0.04021992368826473,0.006477832311134139,0.027597332345776167,0.059137317833324377,-0.02673612204169507,-0.021110989542611987,-0.027500756221729733,0.04181458457502668,-0.03266865229226594,-0.05102861752962862,0.018808163379066926,-0.01463025642111558,-0.04417137712179617,0.01723514653898107,-0.03409878064646277,0.00486035119877831,0.04507113181280082,-0.036578455360919436,0.04590570726801359,-0.023624118865727708,-0.043000754579715285,0.04901938713400652,0.06410453349139779,-0.029575804404613618,0.008240212292391982,0.050950253268433825,0.030984989558338685,-0.00962426893457916,0.008992001476654663,-0.008827876611488079,0.025316578931218178,0.0031940097913513116,0.05339235987793809,-0.05376368231379883,-0.012847048448116448,0.09331206825506258,-0.011113820147634438,0.025255828529552774,-0.034609048243824436,-0.011378338029838468,-0.06793697953831694,-0.022281788569104007,-0.012758430826009607,0.006700490296392537,0.007546365453944296,0.0194624603574699,0.011058642985519191,0.007806155341936258,-0.0046070903966975545,0.03089632806284877,0.0,-0.09019525738531883,0.015089701838241331,0.043264743724912264,0.04991284911013478,-0.054918682011626245,-0.012582754057576317,0.05046805459478497,0.013604891328007991,-0.02936936572961063,-0.021917753041437033,0.026057867961838854,-0.030389447833294767,-0.02268243830933364,-0.010668278958960142,-0.012902786949749947,-0.04089152857916659,-0.06431493014731882,-0.017156722144359347,0.08216268055122655,0.030413697525217408,0.006283491036971789,-0.023543999148726045
SEC23A,0.005622173659445673,-0.04797273886783157,-0.021341920088264472,0.05853679934059975,0.03548098546232882,0.02805205569640502,-0.006226663845971827,0.008621798135337946,0.04152666437982808,0.026318511896252422,-0.04913463730451331,0.030307316552319476,-0.039234437772179366,-0.02428548674516348,-0.0034674318231239514,0.04116564050020909,0.03283592189857613,-0.01498724078215776,0.04412532987559613,0.04468899545336002,-0.021999598098943036,0.06632524671490692,-0.0417706110092406,0.000564274781069683,-0.025605378790365115,-0.0667920335004528,0.052140173209211584,0.04908770351267687,-0.0009074430116554395,0.03931423046955121,0.04493361957309913,0.018266904831219524,-0.038083181625877795,-0.035571032807588714,-0.03842532025642161,0.015212314286325482,0.03623406920041541,0.079694936620642,0.0027881507244201737,-0.025482447989010174,0.06683903222788774,0.018203694977845422,-0.04504318981652276,0.00671837832278381,0.015494106906010063,0.008499634698325178,0.011879420553061067,0.006659963779288976,0.014558188926104105,0.01100762789411346,0.02512795465008047,0.011407582599793258,-0.014673596643532386,-0.001646419231160278,-0.008516102487208762,-0.05595624084755837,0.0018984001705287458,-0.08842650411844849,0.0,-0.0411200106116594,-0.016825841499300703,-0.055394403408320005,0.077107576273436,0.04285746988995231,0.017810749725412172,0.010877508031025484,-0.020337593433404872,0.03928325043744542,0.009950001427175678,0.036750210158194324,0.005644895795590309,0.003230468077748752,0.04234206022711379,0.00042845337795889766,0.07116546354165425,-0.018479107363141137,0.06600143986736909,-0.004050526980008475,0.026010682727006754,0.02786168398446488
SEC23B,0.0168908442059712,0.029205957887441868,0.014481003830674846,0.0016384375068879311,-0.07222207907666457,-0.03985120710702378,0.04079485989805582,-0.02541080290746532,-0.03802683858529162,-0.007033580853700008,0.042963806693370396,-0.09225879494447559,-0.07873827510893618,0.038039373746006896,0.021105211230662883,-0.029595549217672597,-0.005915323506984481,0.06902908993969022,-0.00712970220182208,0.026998405982725716,0.02123001902822849,0.0037492054712313485,-0.014097675083842706,-0.06640661088605121,0.03242393990063325,0.04333214111141279,-0.09933830758561218,0.01185200218945729,0.07391370424037173,0.0013286264819567352,0.0003280710894617701,-0.03662918797405433,0.050814162589137395,-0.028620690959170688,0.0468138086871045,0.0721104196501878,1.7110112894788855e-05,-0.06335117894199413,-0.00173387744138687,0.013447428523682673,0.0512028047788757,0.006044572862936378,0.05198613864077254,-0.034982456673866555,0.1040484227714678,-0.02682816579397733,-0.023054228104280088,0.03553040275784836,0.05656717224174056,-0.04244856971406032,-0.030000083619669018,0.06824043088379451,0.06405627225655007,-0.04785551544147548,0.005679924051954353,0.06303044266812109,-0.0061798099789089145,0.016795495255248434,-0.046683845224987516,0.0,0.08304640474109554,-0.01591376247831549,0.025622250852949037,0.02595711019685135,-0.03361653261097679,0.01271289790717261,-0.07018109761992303,0.00611531360669141,-0.06805695421024527,-0.0009655692325332661,-0.01700318772381294,-0.003695133773382481,0.046677312331801855,0.05786555647982001,-0.0011148183340523898,-0.08557310216663155,-0.03006045501345205,-0.0023514328510415693,-0.0642955320074895,-0.009377783290316763
SEC24A,0.06809347755812689,-0.008933423116394456,-0.050602279915752627,-0.02355652481318267,0.025579695344515926,0.015183400250858084,0.052156542191363904,0.02400176796132257,0.02816056566000936,0.02804856571467455,0.020034624282454557,-0.059509367356438345,-0.03218522751963103,0.008361951304085914,0.036964861006127454,0.031406041324776104,-0.01268179541028117,-0.0335756250361643,-0.02147968901290132,0.003849230302863342,0.012834958060390445,-0.030471649881524752,0.027145388920068313,-0.009623540795304093,-0.06568538122999175,0.003228416445507919,-0.10492481710063048,-0.06785971582054051,-0.026732701184640897,0.08304129705779409,0.04785305077565666,0.006087526297266188,-0.049692192443749963,0.006941528546621567,0.03259977985796348,0.044861202708983125,-0.008052879645410646,-0.024989008373054757,0.00037314663335279494,0.10939510335693903,0.012418338118216554,0.0664083751495788,0.02482274286100344,-0.04667052635879873,-0.03955227301139635,0.028736289446843734,0.0027036100636577986,-0.050707617293627785,3.963808702749957e-05,-0.018407857978323817,0.02112713665741778,0.0735223787233907,0.042211762429772655,0.02230750970125275,-0.0013730275687442398,0.002985484583544015,-0.0079196765816329,0.04345426724506539,-0.01723758161008544,0.07493884150908227,0.0,0.013347215676794873,0.051863142725358434,-0.050136809887037455,0.033105668166580865,0.03243764834516098,-0.005411835423002005,-0.10224828302842781,0.05908572434317518,0.02259100621924492,-0.0032529289112689613,-0.006161395151175999,0.023639677372051762,0.023031194344033546,-0.03511002152721198,0.030684225646385517,0.001170154170200456,0.009946092654632623,-0.07218816563638615,-0.025540066190617893
SEC24B,-0.02542258281729072,0.06668323151558228,0.0318787014490185,-0.014017620984896482,0.03351191269438471,0.0035005337248734964,0.008847731209518601,-0.03475827631639248,0.015033776578244616,0.014741939902465428,0.0161284300014904,-0.02392602200112107,0.04536285870043782,0.011280086293619086,-0.02669010510236399,-0.059290481232912265,-0.026983201319340212,-0.013182361770586841,-0.010439450620387801,0.004394537118802624,-0.026442369189477684,-0.07193712754329558,-0.02414953859409351,-0.032519298684181804,0.0032257829536609444,-0.07229417222893207,-0.03838006676411492,-0.05992457524580156,-0.03931986535134423,0.06743141019346618,-0.042208455318700745,0.015363280583023987,-0.010979992230499667,-0.02174035532883636,0.06316423330325835,0.01166228122870067,0.0049706633592960505,0.012058405330429331,0.03703025045254805,-0.03425066634171748,-0.04782128160153745,-0.03774954001674348,0.038422851344639394,0.03946451391769619,-0.060778770060559116,-0.01846902249597172,0.0032977781847134463,0.03976333864389646,-0.012072921660407441,-0.06724986880575855,0.017933866969423957,-0.0027366260099337607,0.020011114110407215,-0.005118484531087742,-0.0175915862212506,-0.015217321913889794,-0.06043909028577039,0.05185619481005277,-0.058702340908702404,-0.014854190866291384,0.01380640685375172,0.0,-0.050811855802792724,-0.02097322913104439,-0.04085954283815794,0.03427247172186659,-0.05065512542829989,-0.05074262385292515,0.03197374342391545,0.03388619844653106,0.03282606337977525,0.037917602385769494,0.020982170304193318,-0.05003472303238962,-0.004550098049588472,-0.008525855043408907,0.014406174959865764,0.0009155389643245916,-0.0883644927256637,-0.04818584666448977
SEC24C,0.003856195518658498,0.010189568195744195,-0.020348009358364415,0.004939581927770844,0.048501871439116655,0.0013027660903919102,0.019604951393400273,0.029409928211735298,0.03011528028621598,0.011657854964651439,0.005924625461633707,0.011382899583939057,-0.010339213867352589,-0.01949180318467036,0.0353299719002394,0.06215354719399314,0.048810825000497944,-0.020178211894743166,-0.02291592530207792,0.007494498087033613,-0.002429210966948429,-0.006062685245722479,-0.02168823494627825,-0.027178090040404577,0.04130864472774506,-0.043497789792777186,-0.0063316901717116415,0.030883565374297033,-0.014923253796516038,0.0024688417484943735,-0.0015529803963062504,0.04397089701791514,-0.02310397840259675,-0.04819284893509443,0.011247579309531209,0.04449320537740604,0.07113389447342224,-0.013371944668800666,-0.05051010417657291,0.034805695783326325,-0.012524401879869567,0.05017653625413249,-0.05648767975793516,0.0496611934359649,-0.029191870934708982,0.029684212776207794,-0.03953328811729353,-0.031013473744018815,-0.014286008097210834,0.04371099719432671,0.0071231889007340645,0.009258892001922508,0.0063114638744560725,0.015042082735953402,0.02007976816304064,0.022570337974817698,0.03696441141602624,-0.053210619782971674,0.07620377919294968,0.022304029670295003,0.0500309495973736,-0.04738653833964742,0.0,0.014371800569889483,0.049587307700612135,0.019803545777424266,-0.013804371336944739,-0.05041529665358343,0.025859495312748032,0.029412950717517407,-0.0034587588277250067,-0.004425135977682786,-0.024579295182134354,0.020818887516485893,0.014093744421356866,-0.005669296044586824,-0.012072455501172717,-0.008949704131673668,-0.0373096905094561,0.03269191194982716
SEC24D,0.06654215847322359,-0.06356577838398488,-0.04811372125420487,0.038773277972996026,0.015657661832070336,0.007377928110992757,-0.04821445243073694,0.005857368464632952,0.07139174829523649,0.02528015991770642,0.009115342742094797,0.04336461953322268,0.018020232111794366,0.03146980455236363,0.0019744602075945535,0.02253635998469074,-0.03653709897087254,0.0468093863504379,0.035589886464643984,0.023524742127915353,0.019843231485770278,-0.03391458321887694,0.06544132224841344,-0.004255839609570042,0.0694104416994034,-0.08160769819640439,0.049508174004867025,0.007681342519960042,0.02029959663588968,0.05345029061296261,0.07185818068616696,0.01332615019452755,-0.05786903227885652,0.01357631575241922,-0.00996971542259145,-0.050164618326345244,-0.03825999818495949,0.013698594332536007,-0.025227985672552976,-0.0028891544784107838,-0.05208620755130992,-0.09894768140507566,-0.02174156801132993,-0.06258681711852707,0.0007111597059026714,-0.02079588641542338,0.017900262413639494,0.006587791574055232,0.04909640042226671,-0.04316643674827639,-0.09672622562655311,-0.034241060808439076,0.02727328453941019,0.07159963342226315,-0.006967562267490621,-0.09973413901752665,-0.08526687489684111,-0.01487198016593929,0.05166790646475299,0.027563684762637503,-0.05899992931482325,-0.023859981726626157,0.017531781940726226,0.0,0.03740007336518184,0.03756397877545195,-0.061498617917586616,-0.0063431237279913755,-0.08130548733446721,-0.035176486224339484,-0.019032509724114917,-0.1223616919401015,0.00327674199265658,-0.02921919905864392,-0.030548383531406518,-0.09161452595499654,-0.05452216572925284,0.05042427086931592,0.003763969317084347,-0.0018250036720566713
SEC31A,0.023261236335422885,0.017212096587248194,-0.031092073966548422,0.09594220853561962,0.06750745939288272,0.04273527844342919,0.004313842735909663,-0.004947513246578451,-0.004816930951036726,0.016402277976761158,0.024809226053840415,-0.052435000178476285,0.0015019170706156442,-0.03753342490331994,0.042192681366032186,-0.007807979556445075,-0.03507885087163453,0.018424154183972682,-0.03281964362352296,-0.008120312386176724,0.04527359900761414,-0.009075532998885347,-0.02556669850079382,0.06451424782139335,0.02052424785784404,0.007456402245720137,-0.0484096080313788,0.031175896084291235,0.02290246172230492,0.025181349063820482,-0.0007149982916717296,0.046088198238102916,-0.0010247387795045378,0.05068029023628863,0.020680326055705158,-0.035824163023177764,-0.010947487349970461,0.030963490484077687,-0.06674262064774372,-0.019223405425440265,-0.056159015794088385,0.06980655789389746,0.010303080961881672,-0.05792468110101545,-0.035493470280622455,0.0661777688466645,-0.018977902432853504,-0.006722266233022601,-0.009976188140542151,-0.019905791830736735,-0.020402094766594697,-0.05215863270619011,-0.02428715829128506,0.06539027477342388,0.07626564663959372,0.018402469084427095,0.05024560968173814,0.0499031280500631,0.01796365279581217,-0.029864274226582783,0.03259231935657434,-0.03888807303511821,0.05060617614551468,0.03128891975473706,0.0,-0.021135346267007596,0.028582920237436967,-0.019127650902665622,0.06390021677659524,-0.00434384923479897,-0.03778522715189621,-0.015064892073028868,0.019519928519886758,-0.03305064897965943,0.0243965638218257,-0.030477863979920448,0.010650796172394063,-0.05611186866088739,-0.012696261610924535,0.09767991759854425
SIGMAR1,0.04411892177062476,0.0067819549778523475,-0.01966597931494829,0.005606217148104582,0.021157224813602143,0.03023343029716572,-0.02026967897464326,-0.0175507071183385,-0.012136570218241079,0.006603835076952003,0.04444307544427173,0.03846881626474103,-0.05204994246791997,-0.014614520125280856,0.0011514015602946878,-0.028701081480948527,0.03415797098857574,-0.020451535074753207,0.004033481410004629,0.05577060191763682,-0.026364453166050576,-0.008976198673095149,0.025773645076544224,0.004995252444879911,0.025739800783044782,-0.016616370737723575,-0.037233500822652046,-0.011319753481042676,-0.008769771595009966,-0.00769013402066791,-0.004910195775152646,-0.029929983978259418,-0.04369638485070366,-0.09536609622322326,0.015582988984077019,0.03508015397326194,0.02451576178943511,-0.02052902844349897,-0.015542996903578483,0.07746119065800622,-2.0396594083157227e-05,-0.038200218684798275,-0.02138593814619061,0.005564493895683885,-0.019232683699493488,-0.038217033697686704,0.02751268799455756,-0.020244201712901047,-0.012148205370591882,-0.037739570552894,-0.022559134088154395,-0.04685215329357999,0.030296484777844603,0.016669607382702862,-0.005221445751095449,-0.00020947871575466038,-0.02772857444805886,0.01256846371753721,0.010249856321707615,0.010551629221301671,0.02983583416561484,0.030475038366036215,0.018882168282871842,0.029360646591194382,-0.019746279553035897,0.0,-0.010223375635611534,-0.025670453868509517,-0.03340817640900072,0.0025458738329866308,0.00834542738815477,0.015502390623238604,-0.023724644329130577,-0.023926428320968692,-0.02595871506850756,-0.04300134815109,0.004930654401313876,0.030743728570467817,0.004467446848180348,0.02326358228031833
SNX4,-0.029014914654682006,-0.01350314025523831,-0.012282477783352971,-0.005813664993411894,0.07568895634646747,0.04793072956467941,0.020665114692492548,-0.019718165064364884,-0.040089557824987694,-0.029863440495792714,-0.018480727816434228,0.08702258877043077,0.000462606340716664,-0.008850910110666266,0.003207375563392348,0.012649867773346965,0.01635186978137762,-0.03544912071129761,-0.030897109422257683,-0.0653556779687377,-0.015106236184618727,-0.0392506456162848,-0.007485969314639845,-0.01600190492961904,-0.03905929184796487,0.013390168626653867,-0.0339905339897352,-0.003415932270976,0.017884991541312543,-0.026612850352677103,0.016621282254925335,-0.006807339333357365,0.00473878205842192,-0.03018050405675123,-0.05566165012813056,-0.04642048650454343,-0.024358506792295835,-0.018938283521928095,-0.055961205232020104,0.04289516928331384,-0.02792958270634459,0.022148892584426635,-0.011656228361841011,-0.009904066698001398,0.03316435614464243,0.009822132260146261,0.04525200583963767,-0.044593441625139826,0.048997179064019604,-0.00919071390999733,0.024893739294969085,-0.029251833744769376,-0.008047308345491834,0.027401934630456554,0.059278750356452824,0.017282276659555652,-0.032552185011587235,-0.028922386390847633,-0.020428682743620166,-0.0620937024915532,-0.005306227205259665,-0.048014749455860026,-0.014030656044819118,-0.05124031873573385,0.028466557389658087,-0.010897998806022295,0.0,-0.013455144793119224,0.023387025951223963,-0.05554289724921834,0.012485467546889393,-0.00543577832808524,-0.037917958324199905,0.025116272973959408,-0.00861105734326004,0.06390921913702702,-0.053740031118519015,-0.06148698363530025,-0.0029514672935959728,-0.023083333282501773
SNX6,-0.035578830836657284,0.013784427860859434,0.014159829245954882,0.08377132956481691,-0.06083028319371396,-0.03651714610980688,-0.07103808861791579,0.04313358963466631,-0.02441096235790912,-0.028945209583976172,-0.02440832799234264,0.028128242690991522,-0.005798475819675304,-0.017787409945934387,0.026985867624220772,-0.019464114747800836,-0.0012493911397906932,0.06760966426147365,-0.02985728683095841,0.0161601116751693,-0.008142813103419685,0.06732809539839626,-0.004030770216230395,0.0454860940858103,0.07447405426770311,0.005527214817066576,0.03972174030714533,0.09933355881986815,0.029030516066385164,-0.040963315079025835,-0.030296976376405847,0.01938422561674355,0.007877767126658008,-0.013347438118662331,-0.03826562351047637,0.0665749792603172,-0.04960055734265231,-0.004796348292277654,-0.038196467248382056,-0.06780248982922166,0.11580526696777159,-0.059315754173499054,-0.015031439129148534,-0.018293294656107028,0.04387653786521736,0.05883591639132716,-0.03768027783037044,-0.033730810818152004,-0.02259456109622304,0.014985235263521123,0.04760851795886606,-0.052118242791783405,-0.06908165091491063,-0.056967152321148476,0.032738011775877575,0.004736577655908351,0.07325978337610622,-0.022136127641410885,0.04046823686128771,0.005548967722772138,-0.10281662639406028,-0.04932763084015743,-0.05255205903990102,-0.005420205022907495,-0.019536917975415985,-0.02806416013747663,-0.01379921688073233,0.0,-0.035755773795875655,-0.03668874352051747,0.0021926554366632654,-0.01368489221694375,-0.016142389140344784,-0.01253699662904379,0.10310018777358565,-0.02093250146138968,0.016540026790738325,-0.028266618658649753,0.07776362220407539,-0.032631341240020095
SORL1,0.04653158660574639,-0.0005705126392858399,0.01324999772678179,-0.041525970456656,0.006023674397579447,0.0037001486143150453,0.03395744528388173,0.08955573156490788,0.008234736366385064,-0.010658481095207067,0.010383114549208542,-0.05172288455854842,0.002654372006092317,0.005247398932844335,0.03406744651581014,-0.02370495872874073,-0.012070912122950932,-0.04662359697875159,-0.025277399890902715,0.001046131489194138,-0.03378779217780768,-0.03597447729588829,-0.04494976562851205,-0.025067394616251515,0.021874253662038524,-0.04080690074371262,-0.04736857196351563,-0.01323630422407981,0.008854876092271468,0.01819766333095115,-0.00320935959564457,0.0337125594231756,0.028614639643994605,0.04785062074708044,0.025426214000558518,0.03874192726171488,-0.01652105197092487,0.06794495379177753,-0.055439234024613974,-0.022971140392234905,0.015570508960357433,0.06794632188498734,0.08515384717406678,0.04824943946581562,-0.01304678262474819,0.056355978638495535,-0.035761271246862084,-0.01886112826586649,0.0023758109436361015,-0.014368049735346123,-0.021129039414613037,-0.04731837022768674,-0.008741692871688267,0.008419571781771249,-0.005463086727132458,-0.035998723676344706,0.02930085375117459,0.02559389853731858,0.00996831961240323,-0.060056209480250373,0.05778057154111294,0.030227537318856298,0.026214368380223944,-0.06756539692712854,0.06347295118081225,-0.035519203336912254,0.02332560978434924,-0.03477267686309776,0.0,-0.005987269346017742,0.04786131097425637,-0.028265682715995916,0.0027386614572940237,-0.06664957920080428,-0.026751431208790658,0.03183943365107475,0.0355847622794254,-0.008811656289684932,-0.023235571969531868,-0.020688694812642055
SORT1,0.034109042998099255,0.08958293307840996,0.017724519937270398,-0.03324398737782578,0.03529326412164996,0.037818477506634814,-0.028179599790509158,0.005768659727179807,-0.013651456670548515,-0.004157754023391773,0.0091779959555155,-0.018238320630520263,-0.0074464964646022225,-0.06857004111381645,0.007451747828038323,-0.044782038164400406,0.06694630461330356,0.1476988145524288,0.019544732407372305,0.0207006326650459,-0.017925766048942048,-0.0003420788921746596,-0.04445204302158345,0.029875324015377583,0.01881086920114575,-0.024076684952926388,0.020350196923009784,-0.0508523612480772,-0.04486414360525248,0.02932282976234768,0.06806811042125269,0.03909341553975016,-0.05198197136969297,-0.03036620454834464,-0.02648832056744815,-0.14021611637667525,-0.0014890282242368688,0.02226941065026867,-0.007800550776050944,0.00381301011177319,-0.038041348866218926,0.03795188379722742,-0.06672851586847774,0.0009100093080685096,-0.04282815831324204,0.031087590807508707,-0.01651818380194968,0.07473722959217888,0.028166223532944117,-0.040969319347667454,-0.023262694822647468,0.0846954581535888,0.04403532379188765,-0.027425269592118863,-0.022897376662572112,0.0021214993262959982,-0.04959379696818846,-0.031022894793766763,0.03826666234243746,-0.0008855860637178034,0.02296131679931804,0.03329615436909194,0.030989880014563972,-0.03038217612124606,-0.004484593152137311,0.002813256102181977,-0.05757692732003498,-0.03708401332492863,-0.0062228701960068255,0.0,0.012149420477886278,0.029801879839623315,0.049364803086468664,0.031035791721800196,-0.030411332363007346,-0.012019386171605641,-0.011130992067371377,0.0037340828518956765,0.013840823568936572,0.07351353169018089
SREBF2,0.03277849236913359,-0.00015536794462524587,-0.00819087821985604,-0.03981819727756088,-0.03334433709677094,-0.03387512042911564,-0.05224885064122618,0.03709593346759852,-0.03729540217350513,-0.03617524088058783,-0.013173771414377838,-0.010789613230310512,-0.011143650668614545,-0.011750597641951133,0.019365237335570204,-0.009431480908863749,0.01640458295909158,-0.012586387256057827,0.009854687018583162,0.019319061921653148,0.006567521958452521,-0.013596516822318156,0.037739151007091284,-0.002995971154608817,-0.0032989949404579623,-0.012621907513227466,-0.00200651781541203,0.01515012724811782,0.010860627838540022,0.059615899767275646,0.04132091171328248,-0.029067908164121904,0.004013807019494693,-0.023350674814474063,0.0008657105379989536,-0.0046949482770934576,-0.007902133767827025,-0.047558904093655166,0.018887336473923547,0.01586976386683956,0.00838194908473518,0.01895847310369582,0.024291002006460564,0.054364028374292994,-0.011274466194809025,0.019587336263558526,-0.00940115338887427,-0.011242729201231497,0.05048278649715628,0.03185630263764809,-0.043764784636346116,-0.021291642936296335,-0.028525528557551496,-0.042223224570647006,-0.060385251008744305,-0.0543243334000871,0.023622815716244566,-0.021132458563625153,0.005364354415991088,-0.014232411151361977,-0.003017425559181904,0.029436814223022578,-0.003325847693392492,-0.015002486977807273,-0.03560173147228994,0.008416310547701812,0.011812057203490994,0.0020226701097640866,0.045399107291405394,0.011088079716397897,0.0,-0.022225677267078837,-0.03418461655367233,-0.02618502819865839,-0.005219054612869056,-0.04340953977292795,-0.005555566141072511,0.0008325444235225676,0.0007298953645521895,0.008296236482666447
SYK,-0.02150559916156498,0.044604446582551104,0.09351384981624407,0.0402616906814103,0.006377827877892959,0.0006428726009269526,-0.0038214604481205004,0.00199395236343974,-0.0018616312824268585,-0.006540272858572526,0.008926539874477711,-0.010787640236925232,0.0274727363103984,-0.039661954617258376,-0.005365375559101454,-0.006705760809447,0.011890624682150564,-0.01590051574829025,0.0592230705683382,0.0324006323882234,0.0028462962282715257,0.04640951114519075,-0.06236716582794543,-0.06023082784212535,-0.018712612031337422,0.011233477100793147,0.07629822984284977,0.03496447923018432,0.041281011523824775,0.009474543129374815,0.015425474522312426,0.00960444914562553,0.006224888508227695,-0.03790957568004969,0.033597844047476344,-0.020938371982805043,0.048098662272658035,0.03238487987620114,0.029125928420475653,0.007197308701090831,-0.002443679323158591,-0.03454533971682413,-0.009758099048172458,-0.04203817554144916,-0.013652730068388392,-0.05972088474925303,0.03496266644473367,0.039156504653120636,-0.027652487997231762,0.006498397308187854,0.04058385653878795,0.012833035000756034,-0.013789559098646514,-0.012095159412422925,0.005239375439170319,0.05755832822748149,-0.0178896784168583,-0.010542022242397737,0.003256088985313901,-0.003280556896960751,-0.006061921833117599,0.03606468544522407,-0.004513131355660992,-0.10230148755840898,-0.015055125655688235,0.016582160794666408,-0.005454459813388722,-0.013389529762829372,-0.02843750430624436,0.028847867412215726,-0.023573511571217762,0.0,0.038112438833710516,-0.011030211304780041,-0.021804416754211287,-0.0366950099926031,-0.06995997491301344,-0.012683583266041121,-0.027980205730495852,0.02467644681646634
TMED10,0.02265793265094983,0.01054377873289891,0.0129061784325423,0.0009668161936625271,0.023497423094591297,0.030781113454363095,-0.00540774281393476,-0.02133504919472134,0.040445787888213125,0.021086315995503,0.009342745268753767,-0.03434851855429181,-0.02162156634734884,-0.005345785114032266,-0.09054303218196645,0.006543068669064925,-0.053167574451768305,0.012040110957721973,0.031768158499636705,-3.4946817309731626e-05,0.017258315705591436,0.02479528680241983,-0.0013562889942408908,-0.025529541598253873,0.004654258175712517,0.027259698170915926,0.011481837757752637,-0.035736828087553185,0.015942981368817735,-0.025489346687397472,-0.009000330986130513,-0.003169724483999275,0.018412694004502246,0.031861947303809694,0.025783837214358202,0.03123128738324914,-0.015062300113855462,0.06831340508231624,0.045237520839282785,-0.05439795286334054,0.009079811862177234,0.015964914137696816,0.03050178147852684,-0.029304709019034914,0.031758157892936824,-0.013845717335189044,-0.021240843820484714,0.02437530947190746,0.025005563817561062,-0.03662376399675939,-0.01872297886644582,0.05568150554857173,0.025899410016896482,0.01772526598851459,0.011033339917525874,-0.02009173762821662,-0.02506540706253624,-0.011916214246767162,0.03988669099363254,0.03873008607333729,0.02173692097098001,0.018651634656988325,-0.023428581272809113,0.0025603770982970744,0.018231474517706868,-0.023717415852648107,-0.03555987005276954,-0.014761040372248228,0.0025751086736461658,0.04465937848382864,-0.0338863819597915,0.03561983900350252,0.0,0.01183259918966706,8.93199855869541e-05,-0.017183523541710544,0.03647426644574573,0.00412622297365446,-0.02887035282977225,0.01017323038476153
TMED2,-0.046547121458775875,0.011378731305234428,-0.058955832065786674,-0.03236662508705838,0.025194765985453685,0.02601603292649819,0.006281009106602234,0.0006104531288706456,0.004075250981954388,-0.0206366603299133,-0.030839742926197455,0.026481902400531568,-0.0014517166720881811,0.013299509721350602,-0.047792764926008625,0.04766189134495896,-0.00740986642949918,0.013211780695766912,-0.035095961787128226,-0.0007087344445636369,0.001664004610058435,0.03436245731329124,0.00680041810898753,-0.0013584346967983301,-0.02240193208543734,-0.02444041641798167,0.023363099662921893,-0.031784893715988756,0.02632807787462795,0.030676080097783505,-0.006096571778906738,0.04002921902813859,-0.03634184392774558,0.00696200124794747,-0.026270339574807226,0.0007236533304541104,-0.022529674695293638,-0.02304321870598134,0.005975246881226711,-0.017081520231941826,-0.012500428190752191,0.0036139169267984626,-0.054459514218258356,-0.02805136853657929,0.02536801701871318,0.010265736309988048,-0.025781629411220447,-0.02996561132633393,0.05013927752033434,-0.011562545425119843,0.012373538353731083,0.10229340030035945,-0.02948585181262967,-0.06178011783251861,0.0032045665505696782,-0.00019761897106373253,0.03335025356799568,-0.0388329834146301,0.00041502306130812827,0.04937139401977687,0.021776374492871495,-0.045735204743705175,0.020405475492890675,-0.02347700159417227,-0.03174213970033131,-0.02459564218294202,0.024220496974764697,-0.011788411837342291,-0.06444174008658266,0.028871591859929095,-0.026690712675747075,-0.010600385986550043,0.012167260012809463,0.0,0.005023246450173089,-0.006365598025856876,-0.02660899314688204,-0.039339898792177794,-0.014285527216313081,-0.006208429988532746
TMED9,-0.035959737619611104,-0.009118798945563063,0.009629537370528109,0.08123814763484094,0.010204772510221215,-0.022779892428141848,-0.012979801780764496,-0.044735762080223514,-0.00367164858943571,-0.00026536696244966874,-0.03002293316113999,-0.01123596094026558,-0.007525735546994239,0.0332868278493941,-0.01747748565457622,0.011260698052127356,-0.014424544863507357,-0.008466410109613048,-0.03358948457615287,0.04870530055319449,-0.04762233353772001,0.05159668854970941,-0.04122747439410128,0.0514133811075717,-0.024975355760985387,-0.0653656929239224,-0.03606452288252222,0.07000949163460268,-0.018708846614410222,0.0029050039368687763,0.01472268468344398,0.008277121261456806,0.002802075448534627,0.00011912514037983212,-0.019469101908473542,0.014396202964855097,-0.008326600498481954,-0.013600839279694271,0.007084758535683853,-0.025688965607173875,0.05508758612579484,0.021849674635738506,-0.05907628487013064,0.008021260198100183,-0.02975794658719642,0.04855876736843846,-0.020375264007760196,0.030797737954531525,-0.08927783408295537,0.004169132106446469,0.05364923602565605,-0.05700666732832916,-0.08563740430331847,-0.06148783835325077,0.02655505245578906,-0.0283812513748658,0.05883265252367619,-0.061375368565418996,0.06927122052405761,-0.0009558159141887254,-0.033359160370445916,-0.004179408116404469,0.013881311215058482,-0.02466479190602355,0.023545058160670797,-0.026815035958624816,-0.00834447918768442,0.09741731286367389,-0.02599152537670965,-0.028428781629165276,-0.0053458142522813225,-0.0210570350571274,9.22945758833437e-05,0.005047767985869394,0.0,0.03195327399652497,0.05011244001259815,-0.06009415390603385,0.01975697412045385,0.0007486302798932533
VDAC1,-0.05754122525672665,-0.07354652545922645,0.02789349517916919,-0.029143812829489912,0.05171542364430862,0.03503955892828329,0.03368805210990272,0.011647233314257764,0.03920030464784004,0.07734754023437278,0.0036090713124660658,0.03426612795446903,0.020477726530048448,0.043789392947186305,-0.005957165750561658,0.06091197820109389,-0.020222046294123996,-0.04994915043279101,-0.036129062527691796,0.013498224475611947,-0.042730419241184626,-0.013232839254765072,0.006944651158498257,0.024510386658997577,-0.010070236423837366,0.017249932422281684,-0.04109809080479283,-0.004330744179714776,-0.1048164634280205,-0.0470516765244322,0.10562139750451001,-0.0038381818551007072,0.07128570533880575,0.07055753439353951,-0.013930323933005554,-0.04547267906538903,-0.03485786911706923,-0.013170048415005487,-0.031334087060706305,-0.014684621653365933,-0.02694632171930676,0.07676993889018113,-0.00128000312139024,0.025936172799276763,-0.035968294518681145,0.018851311027343613,0.049580273612965964,0.020224270149344477,-0.005251094142350655,-0.023097906167258812,0.09724262516331077,0.031167202171348867,0.012854403094832384,-0.004802770722300836,0.07241066410681643,0.016136607556933382,-0.004916669046733859,-0.017873020540452984,-0.019635676649122028,-0.08009192955767733,0.03182588645536394,-0.00854896022993469,-0.006095573343663899,-0.08074857850626224,-0.03210975250985575,-0.04849071517931786,0.0676063658874662,-0.021591317594537984,0.03377002684497441,-0.012265532698698529,-0.04853874356987569,-0.03868486467913127,-0.01938300385555912,-0.006982893767271732,0.034881623426102557,0.0,0.0095308131521244,0.05767327388152431,0.05073664303673188,-0.10400737331906489
VLDLR,0.05493261173977576,-0.028328621990924716,0.03640244402120459,0.004710893993346251,0.020027285649707776,0.021850861806786828,-0.004020563472760871,-0.046302120683616416,0.027455474879203915,0.0176545192132623,-0.007201815686161546,0.013952270739576151,-0.05763029214854018,-0.024281714985363054,-0.046460388691868,0.0036194884024495473,-0.02065996694501379,-0.029015424889439024,0.004072666503427518,0.012751498081050952,-0.008191186166059404,0.023519905703188147,-0.0022473911974435047,0.04690408812689894,-0.06259507740972829,-0.019281592625700877,-0.0005234303479632263,-0.019067034372738666,-0.05389399573154316,0.02206758720985153,-0.05919593706757202,-0.007536315398324771,0.0668180267627661,0.04728044304342019,0.031373751693496425,-0.0017790421325509576,0.008614737569382204,0.06011050388034656,0.0495871330174972,-0.022716728742019104,0.030928158949268494,0.04733917769794726,0.02258124634680245,0.07311756744811175,0.024364236001080525,0.022944236897665806,-0.019289660021288204,-0.05902372331405454,0.0036221768323337115,0.004132023645941273,0.0068005671048844835,-0.0032206236822242924,0.017722366967521927,0.012853432352193174,-0.050962437135322614,-0.06807941198132351,0.001489043386262733,0.08408970789824453,0.068900583639333,-0.02764086553352625,0.0011923754714976995,0.014191511214702133,-0.01275221558330854,-0.047211549371600915,0.011023997671859612,0.005462427535522417,-0.055850440327047175,0.01676095776523173,0.03707957505608505,-0.0111594452697772,-0.006102900352760116,-0.07245833068371134,0.04042034665822645,-0.028676706666940426,0.05374418516543837,0.009363421267659185,0.0,0.03236589134612049,0.030500270510550757,-0.004858291544398174
VPS26A,0.05029675600929552,-0.05971898067305913,-0.019001334975825734,-0.07561141934322009,-0.02343373242592729,-0.0016499209320176627,-0.03064514009233819,0.001690096965069978,-0.015329640541647167,0.03803275094035628,0.02152180369118257,0.04349760990353289,0.02752539463432314,0.0017619698683660136,0.02839090933681065,0.020674393943765926,0.00630920865228499,-0.029074016611144227,0.04190422916195349,-0.021472082531613607,0.00462260644703064,0.009244769360038181,0.033080681515656754,-0.013766643315181872,-0.0011822294244024324,0.04157794363682868,0.04456159251426588,0.007498674891797895,0.028521604819305806,-0.03075836810223725,0.04594917209203351,-0.016216560860441865,0.05516931196135248,0.02653758383296763,0.10154210399415509,0.022477676714033383,0.012852119231029552,0.020122038488013225,0.04268681864053487,0.0029425452165163153,-0.010294497541505831,-0.0006761223879346729,0.0031461916497824796,0.00918734785589272,0.028485622192773122,0.008666002404058976,0.04618367148159557,-0.007724524292295167,0.06181752317408003,-0.07371951339123266,0.05913374804346581,0.0678109139048142,0.05474404959196888,0.04700510700962239,0.014175275380001547,0.0064974996393552,-0.030842090426046985,0.029796385905620035,-0.004047689066234992,-0.0020697352352103786,0.009701716355438938,0.0008633420927179758,-0.009049505217350155,0.041796595233595565,-0.055595276566327866,0.03260346713396274,-0.06116993232223238,-0.0274196941833157,-0.008789301284914114,0.003583594050582693,0.0008754704593560106,-0.012574964491505015,0.004377158610930589,-0.04058449948362522,-0.06169419218787081,0.054238208544672116,0.030982302902779778,0.0,0.08308761966214666,-0.019673154977369024
VPS29,0.012538500012584025,-0.08329903519302799,0.016574381540573124,0.019004297051547915,0.015545687547574584,0.06018157559065672,-0.03526317454078235,-0.0026223672621966216,-0.0528245279649565,-0.011457594669386504,0.0395643977347723,0.07080098603806244,0.04763960382455555,-0.02237293168939209,0.0018926102694281485,-0.024596020623712588,0.0417723750370278,0.05117469282097038,0.026658692412076253,-0.035477187636112836,-0.037980717775627254,0.03774127351547121,-0.01276439541270482,0.027073866040699075,-0.014651075347480553,0.005466817670251107,0.05097684409679799,0.011191453211826694,0.058580061491887055,-0.04918426789033224,0.10189653493450561,-0.008906085710278405,0.032255594089036006,0.02985165144281154,-0.02015332182038561,-0.0570581824488594,-0.02922790336912234,0.013608615524330295,0.005725434683679471,-0.05035304272206598,0.027771621468156846,0.025665036021815843,-0.0341793637406567,0.020939420216166973,0.030815059327962135,-0.01248095139660283,-0.012776888293628311,-0.03510871006516763,-0.024897143663622532,-0.014422395571934324,0.0422439104239653,-0.017348400289914585,-0.022419524684312415,-0.02796750801573245,0.028213023911205694,-0.025171320018571797,0.04450124957501661,0.006157344959677016,0.02599833187917636,-0.05660582487656545,-0.07043040667179314,-0.08334546799891067,-0.03773426720040929,0.0031206529289071303,-0.012582216189150326,0.0047387605117219,-0.002936911798391079,0.07545071259415498,-0.02318186050128214,0.013286020159376187,0.0007677022317423231,-0.027746858781908298,-0.030633018987957242,-0.014740809927239003,0.020287596819258694,0.04772550996188556,0.02920303118670197,0.0831063932334862,0.0,0.07673578515653795
VPS35,0.015278477259472591,0.015036529096829922,0.00728700246078562,0.06528594456467278,0.04044940753120398,0.05598821319112488,0.00455112937686229,-0.042171874519519766,-0.062041721493078836,-0.01973363899388844,0.02866852574494541,-0.03200103876880156,0.037113305780094884,-0.05851689655166179,0.0007466329463301721,-0.030060601121065202,0.04907298801982242,0.05572634649898582,0.03837698411790835,-0.023896394079125506,0.019043921980946697,0.01832141453276612,-0.00011738706952265889,0.015501544366861637,-0.0002183940781263955,0.022162344043099618,0.027227424461863898,-0.0058806682334451585,0.024373677983135167,-0.008985628361678209,0.026014660476964435,-0.006979027098953206,-0.040321895409604826,0.008857046983286584,0.03129981356692429,-0.07057085196695807,0.011688615712886428,0.010720562953086243,-0.0043008148675853205,-0.021105169145894186,-0.015788423903467456,0.048838471968739285,-0.06734852266174271,0.024369047616835633,-0.039778792225360224,0.01478045060485178,-0.02567771881552932,0.01560840103205137,-0.0265452103987259,0.013780929512057642,-0.043676722721149565,-0.016562396569564708,-0.004141010383942,0.029178350213858083,0.005997627230077908,0.0051977876848288765,0.017940811289304828,-0.02312588294992675,0.0279142972085191,-0.008275726437437902,-0.024977088509876094,-0.04555638973493802,0.033142113395706385,-0.0015166617805476297,0.09703137136972834,0.024734752106887522,-0.023023802727183514,-0.03173564968267233,-0.020689672593844997,0.07073361695195861,0.008746593138408488,0.024528509027363952,0.010819873737222624,-0.006421440545008556,0.0007705541574917823,-0.09806602718329062,-0.004662656464455196,-0.019724124492008357,0.07691721404344935,0.0
