,ABCA7,ADAM10,ADAM17,AP1G1,AP2A1,AP2B1,AP3B2,AP4B1,AP4E1,AP4M1,AP4S1,APBA1,APBA2,APOE,APP,ARF6,BACE1,BIN1,CLU,COPA,COPB1,COPB2,COPE,COPG1,COPG2,COPZ1,ECE1,EIF2S1,GGA1,GGA2,GGA3,GORASP1,HSPA5,HSPA9,IDE,ITPR1,ITPR2,LRP1,MAP2K3,MAPK14,MAPKAPK2,MFN2,MIA3,NCSTN,OSBP,PICALM,PLCG2,PLG,PREB,PSEN1,RAB1A,RAB1B,RTN3,RTN4,SAR1A,SAR1B,SEC13,SEC16A,SEC23A,SEC23B,SEC24A,SEC24B,SEC24C,SEC24D,SEC31A,SIGMAR1,SNX4,SNX6,SORL1,SORT1,SREBF2,SYK,TMED10,TMED2,TMED9,VDAC1,VLDLR,VPS26A,VPS29,VPS35
ABCA7,0.0,0.030526185479388134,0.23375733688802725,0.06363825499676652,0.02318628592434711,0.030658926347608823,0.05360217861592855,0.28563217994874457,0.08646932994639485,0.0229957287891968,0.1281739606042889,0.07002450656203928,0.05110173437917481,0.08410841003137297,0.030679431296098045,0.023140620884134124,0.10733211777217921,0.027203984818512,0.024062606036111215,0.01825791807522773,0.25498492650506854,0.054283330840287684,0.24808799743506244,0.6154044969039805,0.10232129569098235,0.03740846713413818,0.09343082658980993,0.13854479378628662,0.03375159592102959,0.018515859284811437,0.02095885217592318,0.7206415787853712,0.020033728090821948,0.019931420377790197,0.15943062999912222,0.24400093573988074,0.13599358243810236,0.025072049186262567,0.36213141904916885,0.08410625979886417,0.07485995564871314,0.06502785319808045,0.0933487237267002,0.06972754565180216,0.10018339373970293,0.024052819463017967,0.028882704424543323,0.019136410531181983,0.026615149595726185,0.4434959659175418,0.053437607614238866,0.023144850448531904,0.12309938880911359,0.039962208631892274,0.7304779688070818,0.1387184027501345,0.06609140782579191,0.9538210525694314,0.020790321185375306,0.019043702257177306,0.34619245657211234,0.021806583545655914,0.06006721685739212,0.575277618015716,0.021829812818729796,0.09958947013469983,0.03734025388972904,0.07083895417734644,0.1626221280995077,0.021810544351199317,0.051383636168820516,0.03997007152704635,0.24971529353990163,0.049245633082484766,0.10204334208072004,0.09178750750558871,0.01858682517685306,0.08902646071271601,0.23331120440966288,0.019501615098444006
ADAM10,0.03467824973081006,0.0,0.02163855373192512,0.022659715185712616,0.049422703207848785,0.056230133015335075,0.05503426447683986,0.12246629441787939,0.31466618337887653,0.022808523981637834,0.3338460707191954,0.2536343128309511,0.05815349119302704,0.06441934043595475,0.025380835438105032,0.08276860646124116,0.22973209633325606,0.3796208185791157,0.03942641312428305,0.19697992881534285,0.1183817666225495,0.02893216877101785,0.02818602818419781,0.04324621645496312,0.058122022761971356,0.031831803895810744,0.04525641810011401,0.042828036661907355,0.0780516890556051,0.049103014902596165,0.403003236904988,0.048622649319504524,0.5740271857604698,0.12398208369674213,0.05097705176686046,0.164143245772949,0.022406659005458466,0.1197575879119868,0.018879124566501006,0.025788417041155573,0.027468335829585532,0.06676862232394415,0.1450748771936123,0.1555411021185726,0.03475591563587587,0.10299261472931628,0.08312179834698125,0.39708852622526936,0.055409502729192976,0.028442171394845804,0.05916941521506439,0.02678227421503071,0.020813180631911794,0.3562345653500965,0.12244989469694481,0.23420395761015164,0.026410715826046698,0.025388697486233926,0.10527723402243427,0.5359914413496728,0.05848600085725309,0.02798025847072255,0.03461292878137125,0.021922360448805956,0.018386156799749132,0.026362455186092246,0.10685428377256376,0.06260250843734126,0.01817265978379934,0.717750531549562,0.029342443409424653,0.21924480255740725,0.08498489034296977,0.04863490209525079,0.032338264967358636,0.029992871025174037,0.022046817480130997,0.024442344753892536,0.20696441747290784,0.0918506052242122
ADAM17,0.367413133081342,0.021592447581363874,0.0,0.04162586171401202,0.06844715073182002,0.04638671325100428,0.05692029436567246,0.15276841862840485,0.06959775376967983,0.02460047146240096,0.9073161001898635,0.04499319610290472,0.1097191999241544,0.024206386474478925,0.020283055909912463,0.04557842372110249,0.0998227171937817,0.030776552259711563,0.11190311077003838,0.24615081419518298,0.01958559491716488,0.03646983306686343,0.0370516586686241,0.024159922090142647,0.28442837213836275,0.020245112304349153,0.029602686533809965,0.23520347533512484,0.10227827187221353,0.030355766833988527,0.027731154570278346,0.041939882367539434,0.17310141172895588,0.06707876586211871,0.11184651391699107,0.07065633317046788,0.5419329875749419,0.0631417551534326,0.01908427695726943,0.18005787928686232,0.04081927203690506,0.11732123752189412,0.029985129347073272,0.2374913403588614,0.04141063600046771,0.02882059991177208,0.1092275212744174,0.27724346279495127,0.1905540693499224,0.07739771198021311,0.11076422681584437,0.4198960536288133,0.05419490810333654,0.23574360347179626,0.38912331363781594,0.06902114625011847,0.024259475393552565,0.0394164657339224,0.048365458466453556,0.07867895005960936,0.22317990478183214,0.2915548258725673,0.01996950823014263,0.24794017378033123,0.02668054700639405,0.018137033319576886,0.061813742013813865,0.3109960778159472,0.04949766504821677,0.02081710347659035,0.06016809255407931,0.1281290236038493,0.033760062003337324,0.05850375085015462,0.02650015072218769,0.09365434064853435,0.030855159104868978,0.044432112394038686,0.04994537430468649,0.12370240136450547
AP1G1,0.08786355783368378,0.022755298221938766,0.042677918669060205,0.0,0.1464502807272244,0.30956936448111394,0.10460399562191185,0.06795683719871334,0.06713570602678878,0.05832884363534084,0.34686989734048923,0.046596290390435745,0.050227838665951506,0.03545244968196189,0.04881660814978659,0.035918074928320054,0.19286157353693306,0.023444734618029976,0.02310508152105784,0.24442205731265976,0.3046378393465451,0.02738650481010588,0.06083253235523709,0.054643220014423344,0.13955773519073736,0.03273133182328646,0.02191340474201936,0.14065969763766703,0.0199594015498468,0.10565473055443378,0.12007605877703435,0.03530823622816712,0.03844387925559211,0.023467993206879513,0.025875000165647907,0.0184673045353997,0.04504016976178652,0.08131797147354117,0.22740592113844646,0.4514834269552797,0.14481863136639025,0.051783554477321136,0.048048677251264986,0.050729653361916476,0.13080050253173167,0.018571918061653796,0.3675024785083723,0.03744756465847715,0.06933850166909435,0.023117565904782464,0.08066339077925368,0.08307769286420685,0.11193546579157203,0.0180212907382605,0.41518039019353387,0.025005783088526877,0.06452843682281066,0.018839032095675057,0.053816394398653586,0.2823679582839776,0.07750407028871958,0.0329070390904901,0.02596266144397714,0.7884799027890778,0.15430808973469207,0.04677090802756931,0.17965630812693006,0.07690607740518056,0.08760211596202704,0.05483935723411483,0.4456340558815339,0.09462000845913837,0.022616890389453914,0.05078144015439209,0.034852156139584034,0.028470635858715995,0.036195492076700794,0.037422387637130385,0.18549595425276202,0.44811323302606854
AP2A1,0.02550225370476926,0.054941502308256895,0.07987101993163735,0.17254864268637898,0.0,0.16017603924758347,0.07454875464866415,0.06289785725138157,0.09775997995842911,0.024806936915335327,0.08866029531085384,0.12832112665958373,0.019593072156502512,0.029899744348925224,0.025224301684484335,0.06395895356924122,0.036424862574886384,0.018589200051657987,0.026935537272953763,0.025782116175673477,0.018503309086611217,0.020872800462955504,0.0249785717809273,0.020906257867870346,0.023108867682684775,0.026810739474792525,0.05046919366182979,0.058562425922075015,0.06928298827932944,0.040288447059938656,0.05882313339595479,0.15551835509396705,0.05454426698235027,0.042881976310630225,0.03433236328285415,0.06348570560424154,0.03686815363645179,0.02354331222327349,0.01953421253314103,0.23957147727813105,0.019524145158461986,0.034507757833318144,0.05518306092289077,0.020772718275459037,0.1311873823321839,0.05586837851019039,0.020893848853969315,0.04018762314137152,0.03703954120181657,0.03686914113089408,0.13467353202238777,0.08288802256770313,0.09462148854199202,0.1062744345622333,0.04013677709707716,0.04264843092334868,0.018787788840526953,0.024415895149868548,0.0572465015725246,0.020221316397290755,0.2848661385306863,0.022623452405109563,0.05910779509845916,0.5516506528577053,0.05772757022719381,0.019487301434370365,0.11357968853520736,0.06721694571497183,0.05581280241855867,0.04846966491919127,0.10793003273163133,0.023523749267826417,0.022248405851439182,0.01994373575084962,0.03425496697187006,0.07937874498340719,0.07319503164505979,0.03328218652648303,0.040097530143660666,0.060796482255941565
AP2B1,0.036986237401764904,0.06215007928010046,0.05104309734288526,0.3597956407896076,0.15543732659327678,0.0,0.1306960659458512,0.035739617238715285,0.23545374375182987,0.025761812866920145,0.07579077354526126,0.11557009664733635,0.02603646233256506,0.0465636259230229,0.02108594501260449,0.027598452667491037,0.02806247495144452,0.01855170673052799,0.026410721598896097,0.03691969525732861,0.037767920675417135,0.03365013095461077,0.09813777674027206,0.03266397959644293,0.06370719449908026,0.022422765698113835,0.032761537788693354,0.025255089567682912,0.02732358689343428,0.03703006622523599,0.06146708163846476,0.09208428387895573,0.03904841650086356,0.0417203189155963,0.0856536918717376,0.06428971989556598,0.02762287949034727,0.01920438680640522,0.02760461806653853,0.05960664908582678,0.044721135873055304,0.026133897682991084,0.020319698800043813,0.03144335293011267,0.07798295048346632,0.08816019299505323,0.06601698153730469,0.020737983237790643,0.04484486217018867,0.03082465601533538,0.1350226712096134,0.09031139600270834,0.08063014520570091,0.06540901591635394,0.12358846977026683,0.04359513642036153,0.022229396507834828,0.16662673438622924,0.053826502907438324,0.030170766195645293,0.03495738598742146,0.02902106129122277,0.07085517251916179,0.2331969325601672,0.06209546740111352,0.03714602075590901,0.18051651184576378,0.03892487323393143,0.0878100908402571,0.09323360510170407,0.13537830638167878,0.0385279423026881,0.02151338462734871,0.022995420918405483,0.03562897017946092,0.04747271164568894,0.11988598734164022,0.0819722972668601,0.17296688012010056,0.3393723859539133
AP3B2,0.08029423773118174,0.06221541560321867,0.06551679515077014,0.12180956722528309,0.07506487925601735,0.1356941450943331,0.0,0.025462308682948485,0.022292364054739115,0.02566394236399534,0.07657564478917439,0.10080861209729919,0.02470365973997986,0.030880536779909318,0.02875346923111908,0.032131899822794345,0.019299036629477278,0.018588224863500754,0.021903144973674085,0.019741471642995143,0.056804843525441025,0.04663067914009936,0.05893433007269527,0.03060787694148691,0.027925249882248326,0.040097166425169216,0.08388989526333858,0.02680362028293105,0.035873900060696184,0.01957266363340136,0.07747970707958983,0.026650190744042682,0.04516707994352319,0.022957722811717624,0.02086968072251677,0.047581776602198596,0.06385035398138472,0.022897702922694826,0.04339012776427725,0.07931930889809866,0.10279970255159673,0.028247048287088163,0.07050679099666013,0.03353598915457646,0.08956393677658366,0.024682482573142078,0.0281784642604106,0.06100790904298216,0.026543979156308607,0.022536489303117746,0.11060464463602215,0.235686726917064,0.06484736085341009,0.04417106991638883,0.044756709531393477,0.04739906561813101,0.021716071869988928,0.02612286343471155,0.04439396895372846,0.17570900159301056,0.06613951291354317,0.05842098061172319,0.06859201795002473,0.01942935212545,0.054046109499034274,0.030194065205318657,0.1841218842543681,0.04630194380844016,0.03413447107443891,0.07776870104870144,0.024219013353129218,0.026458140570518502,0.02427144738382817,0.019424678913756186,0.02858278370340484,0.03218093686040899,0.21930471568205084,0.12309948600106875,0.10960485671671379,0.10316475705658248
AP4B1,0.3736614569459121,0.10389529354797394,0.1303879004019783,0.05912518576828077,0.05050018715177084,0.0319086472766259,0.023895753828640853,0.0,0.26849993370246117,0.08487178429887222,0.05208937755420116,0.05913277263439285,0.07255030438222224,0.025598608580758454,0.029102000733509742,0.0862533297903807,0.11132855110160708,0.030577060610606624,0.025078298386729342,0.030344740481113897,0.061527063132251716,0.029327458568607686,0.018222472331030186,0.024260664440018512,0.03105074494439209,0.07093025798775947,0.2764869502673925,0.09514662896920416,0.12301408063198249,0.02055465906302419,0.17302620786250694,0.20236196605976348,0.022398162018036225,0.03556095819395118,0.019315905276022147,0.023161008849689756,0.025772327717664096,0.048122978874077085,0.35508306250866517,0.5570480582023786,0.49291507737943063,0.24384759980510376,0.028207149816846126,0.14278118378044577,0.7451479951942387,0.037686637454964124,0.08035864335245756,0.3035055476826042,0.07034427067502039,0.022521360325249783,0.07964808589429347,0.06575030505539263,0.029533563021619264,0.0332754673976421,0.9826715195409217,0.5381858566975445,0.06486343996199853,0.14881929286042003,0.054951300962675774,0.5475616803919263,0.16030663615376994,0.15167766857106127,0.021704015488557018,0.6402705276917913,0.04284991327653261,0.06694772156114878,0.15074789818654996,0.12281866612213142,0.020021062421009147,0.38265496454768333,0.038084143858225825,0.1319317904428054,0.1320875046038862,0.03898574360638403,0.02486997206384387,0.030002298093081473,0.03992961119709454,0.023913016225885046,0.07206836082913143,0.06736445722645922
AP4E1,0.05847810474676474,0.11170150697700343,0.04114239419662146,0.03930350569628009,0.045661629927218006,0.07929736798685746,0.02018793731943786,0.11637252755121753,0.0,0.018619343599972138,0.6633606050520718,0.3813172211198949,0.3689689262851587,0.1650035250275607,0.022312983342675844,0.0264593119437479,0.8044778784493896,0.047742279122530804,0.07051759348103104,0.08555404383016614,0.794709546767507,0.03937026849689604,0.253721096071098,0.7481822186907235,0.2645967302429061,0.033645125380415405,0.032293306484230476,0.1979586151666242,0.030924230852525218,0.04696953367909069,0.17622430113403295,0.02876891501437687,0.0434001931462873,0.29954113885884687,0.1794122284062119,0.020774752881371907,0.062030955746226545,0.0870931675900326,0.06846849492461252,0.15216454307370142,0.08187235949379089,0.06424418912302288,0.07700366912976736,0.1535330626903746,0.06966984629776847,0.3363015863474286,0.027648835961586737,0.3970265461834653,0.31254881057721945,0.7594508665361822,0.03493372368831129,0.02637278441807996,0.029173793842397013,0.6087685542580762,0.3654899733177718,0.03179517934004066,0.018762137093584378,0.09935379287100436,0.05161921483668072,0.021423307484367965,0.619916669372912,0.028433080462317996,0.022373842388026564,0.0937691882872273,0.17665547728164768,0.30663303908947287,0.09658250568919569,0.03653714456934637,0.018285095104415495,0.034524203197053294,0.6297173252124774,0.20032391971263,0.14810793766908592,0.01828648470574632,0.0943549433439417,0.02420661746453245,0.19127723913515268,0.06363592151336352,0.020161208065616835,0.0527068905111414
AP4M1,0.023566085590020675,0.02219401850980841,0.02380797459982926,0.05014862755018524,0.023260369592229716,0.02408081214486846,0.023867585486025213,0.08161032975999963,0.018930657230503318,0.0,0.12949150028886833,0.02121888673740727,0.033006109202708564,0.07729313744262484,0.14651665862283458,0.02308909264309883,0.7902096244859795,0.0359014421588424,0.11836647817875914,0.06329573253242009,0.19612472617947796,0.14162083710359913,0.03658045065162722,0.09743435844793505,0.5271485822323257,0.2118312628499528,0.8701454367194246,0.4608897643879136,0.04034131480344399,0.2557247092378361,0.07228158316456565,0.03179144370553327,0.07775380011969438,0.021512539379341233,0.24750182699942908,0.03254844717887826,0.023321683277730054,0.061845443939939224,0.2571577232253073,0.643447229800327,0.030075133354288786,0.05036877145836854,0.02750213545270875,0.20382382740935961,0.20824192533985958,0.08925427875031716,0.03981090497754701,0.39774303264462063,0.023285494853013823,0.2240432353671101,0.021085754022332034,0.10579820769504628,0.4111869175507749,0.03881320114871517,0.061504672203812644,0.019048391417823416,0.01917057846823612,0.061688403420794874,0.10957667273408792,0.6767698189530812,0.02905342416685278,0.03467876170643295,0.08476250288992089,0.0635174807156447,0.0319197104227479,0.05496031438734763,0.022936465114163338,0.024101553370719536,0.039560974446674425,0.018663322692277218,0.1679493479993669,0.9691186681951893,0.03925609726990695,0.030889244889341996,0.0283029497469947,0.021192444237590296,0.4428710877326178,0.02723577195903563,0.12290932251889135,0.2160293324750603
AP4S1,0.10328425225935149,0.16107484091234966,0.6253562712078945,0.16084478750920386,0.05074313772367364,0.04636944231576649,0.04581729313970234,0.041429055434367236,0.8256467918786607,0.08956112154913957,0.0,0.04793249214856301,0.07545904094746783,0.021688118078916487,0.29726232298592664,0.07292181455426434,0.2405987063728421,0.04522655499649614,0.06516216956323187,0.01892739642195124,0.23776726807564366,0.03375002207535492,0.09979437418038967,0.028031189299569013,0.030124778159532448,0.06912498559836323,0.4467755417834273,0.17969258805835334,0.03935674433907724,0.6432259900016526,0.07607488167656289,0.15488363839724575,0.05656443811239069,0.057241807357784995,0.024211215684959285,0.053397350839140705,0.06872811342333948,0.07405939189618921,0.8415829568413887,0.025646633647817735,0.023458706691492175,0.10983233428389849,0.9710716624035016,0.02030687744234439,0.02130562407489984,0.7637515022476017,0.09189988648718675,0.41876841333577647,0.4719901726469678,0.5766363341379788,0.1386165467310675,0.21615920035934497,0.03710393114883703,0.02089615528656955,0.6600280697580013,0.0946923162955985,0.02163258329165003,0.4613792604007412,0.03042107279416178,0.03595306837787435,0.1805441111359137,0.08751056416731728,0.04966675207102792,0.07003668783766204,0.019945462395687896,0.05608544337516968,0.06338832480548537,0.2358766558374869,0.03651297821508971,0.06706217617653551,0.8328213655454337,0.028207276895039355,0.14796235577271413,0.024708514228001757,0.037319726849069375,0.029117857980503377,0.03065384733804852,0.025759364808074496,0.03966212188150962,0.023312143871866926
APBA1,0.08510746218906054,0.21424657968707786,0.04244313490870799,0.04274594229730667,0.0945473489768315,0.08838512819480256,0.07625072605109318,0.060344823438574224,0.8078940814959296,0.021377155280461645,0.0639635628164879,0.0,0.2422277046900018,0.05412669895674348,0.031602081312554584,0.22540469740499128,0.022527448359107822,0.06947466203815067,0.09221343387724332,0.09714276123210547,0.02997012862788679,0.03860351088998057,0.17301679955878144,0.1627028269670835,0.026656418224032755,0.18524485070848207,0.031224007214237636,0.08577624563736687,0.31571588433957004,0.060891545057327995,0.4996752157692504,0.05167850034327717,0.039374355320780416,0.10061653071555036,0.4612804860823984,0.05646594728516371,0.10803040963193439,0.08472677427446064,0.07609606263295275,0.030416380512782955,0.019554684186699173,0.06364329904243854,0.22130916649751817,0.020716200203693105,0.25493269480813113,0.08412524346170488,0.025468291675816854,0.030523423523896184,0.04556781924015373,0.12317019721495784,0.11426908854051845,0.06899399357187475,0.023984976873619494,0.06632133603827091,0.11094943307569088,0.057574337487875986,0.057029829356077616,0.060905913883956754,0.02315312197459979,0.10041982239425816,0.06880422775589898,0.054335777437085356,0.03164270588390113,0.9440623953026175,0.04942188532834279,0.8158124844469259,0.09572234478493308,0.0566569926985746,0.019911422847464857,0.0423106750224691,0.65001033805936,0.410210945541423,0.26421297072445465,0.04735085618185052,0.06032193672732934,0.028604437588396456,0.4293620276935279,0.06835295623680424,0.1508762877697313,0.3542520646191681
APBA2,0.06299843441309416,0.05617639946554202,0.10625856200907385,0.04787453836375869,0.019386486403210376,0.024998337563749067,0.023720659404452272,0.07939991829496987,0.834342908601056,0.03497033681897907,0.12356336247020912,0.2688022496651244,0.0,0.03623922035760161,0.16893579557372634,0.13069514749199287,0.023510532683328967,0.019453062208350618,0.5497843656166425,0.021269796259129333,0.1666219303684399,0.11894321401518886,0.17864506279921782,0.14689501521675916,0.12827728290780036,0.06614746708468437,0.5857500248570537,0.060932651779938514,0.08462237513501418,0.050711896716393305,0.019154218912386316,0.031143497243048567,0.1662921892953239,0.03373845137168723,0.6057613554471198,0.04049276585310497,0.0877196644963575,0.01914473561039855,0.030554148520631548,0.02039698137029356,0.07389953251172442,0.02817216512488899,0.04333646883113734,0.12846171503274065,0.0654761932132938,0.5757381589595003,0.02368446771452669,0.01881801723538232,0.10151205443260218,0.37690490016627337,0.0198853241133912,0.37617072194580786,0.10809183996644334,0.0657924992428599,0.057185701008200425,0.033947859568995174,0.02556092175540119,0.046856078306523864,0.018613411088701258,0.05032232094813712,0.10340246758516211,0.23483613755509672,0.019968329737808342,0.6000569598778193,0.2052893447859332,0.11016024919501129,0.06679124630369306,0.07407976191040933,0.12487941493324259,0.08089524976305566,0.12977304692783037,0.059883457987457325,0.023471107347190497,0.0677077092785565,0.04006724703547659,0.022569635891856024,0.030168831268405878,0.08875734875241756,0.02026032391273488,0.05159755291622034
APOE,0.12265733094611982,0.06554572582318445,0.024392369394297144,0.03535270303383438,0.02865673224863869,0.04361333700593053,0.029445045844943476,0.026662097898876636,0.5082916291455581,0.09469313275708481,0.023491619718747088,0.06005040045562644,0.03740142992635561,0.0,0.10502820933176252,0.2023406486182491,0.06756700192911899,0.033003187186821464,0.9047070951781705,0.020319831839656112,0.02152759154921819,0.07166501505639561,0.047781119857570845,0.10802232173405364,0.059438518084489536,0.023078249434729782,0.060818890638960045,0.0330402589729901,0.03340292915981522,0.1070174060827914,0.05482647587120855,0.25241801968190697,0.15001903303154993,0.10304668618271089,0.10188301959558246,0.07985404944974615,0.059148856478046616,0.0386224949432142,0.07559236302685994,0.020334419373834504,0.06380200505548292,0.02183366473359892,0.17656917699178212,0.03217570448120383,0.03960339744201821,0.0946501665763518,0.027527931474566603,0.07863065874575509,0.03851538434505398,0.057462917868232016,0.031860280307380244,0.023267231455478394,0.5130230165407346,0.0491072400391809,0.23491128749952897,0.1783886440075837,0.050371837162304416,0.4683134222475944,0.1741795619885564,0.20927670395306786,0.2689031779382034,0.02048962225688354,0.13491287869916904,0.10274815354259348,0.06298544234992749,0.5265354281905199,0.022065608490430672,0.038483249904503115,0.08104879150097463,0.02045553446442222,0.15824736114368096,0.07452270238681652,0.032478921424014484,0.02044522393954991,0.06206575186082925,0.01945281834590331,0.03514138259766365,0.5435632273917133,0.05249562137167184,0.04557271682360714
APP,0.03374031744312582,0.02493896814396854,0.02018566947700545,0.04565463259125962,0.024037782720402193,0.020656191028156523,0.02684362213268573,0.029722592625391668,0.025308695134130477,0.16795577537801215,0.5486500216512944,0.032068035626507514,0.16174408574155782,0.09432141234616871,0.0,0.035933218718426634,0.023070045942309436,0.027015803350470408,0.08653248737185415,0.049257296787005134,0.02601627600514049,0.021852944131237347,0.17491786346990873,0.05320832338232917,0.6578133213398889,0.04430154901082414,0.021620865222828484,0.03550452716498536,0.019490354739398495,0.055947161381535375,0.024062834396692257,0.12225355999871139,0.13321692621219539,0.09174914247775982,0.5438200166990749,0.029813156031899723,0.06969978457246559,0.035650970634295204,0.036710056808199144,0.0886604602956121,0.04855864858911855,0.019168569504263003,0.1127233328279002,0.02457969120544574,0.21476065780775283,0.20696281016001664,0.11987506332859628,0.9316246933683736,0.11306413840587784,0.03740008882479018,0.021859701514341107,0.07766117564086363,0.02669037890157717,0.022097376248192864,0.06822273119469556,0.06733104884723763,0.06888662950461356,0.04412077883416316,0.042434800016195304,0.17501251695863426,0.09343616276589685,0.025345753055809037,0.029319626966956135,0.17550930052330818,0.01967265322651872,0.04570228132968983,0.041380775893287446,0.03612961664176747,0.019594683089616347,0.04138578525288209,0.302163806521274,0.018704338057825308,0.07490061495967072,0.12531043800537173,0.14402307015733684,0.02480430708982277,0.05506323316639501,0.10127336788199963,0.09688203328923037,0.02569147927690647
ARF6,0.023573828477569572,0.06769367761821028,0.04059718718130433,0.032366749754636145,0.04866893980887424,0.025258611751791,0.02824173563625417,0.08006403603600613,0.03137166913670397,0.022952591287503713,0.09732109409523645,0.19519075079505852,0.10667481596910589,0.14662691113320636,0.03378946622685778,0.0,0.6753325424995745,0.034034926938150384,0.3931929377863088,0.49430921053500587,0.10646834898706314,0.043106203240134394,0.03690903843269274,0.49800189685358454,0.15629765562306297,0.01832657081025574,0.6987439057560219,0.023578869055447975,0.06140480155709368,0.1364168889386425,0.04649760977800703,0.0692054086226415,0.19935649765452626,0.1598043986063184,0.8577409745522092,0.0572009474652452,0.09220331225766255,0.061957261316151514,0.4793811111988889,0.8147240182794442,0.07147571426016953,0.05671768578660281,0.1758550964072981,0.09655416677134429,0.02100232976887407,0.6386410348419983,0.3577696497236508,0.7353970252827927,0.1198455276160633,0.03987297953750348,0.0670493092445586,0.028066306366217847,0.039122569198805274,0.01899481661251916,0.08875594704820024,0.019895982686121267,0.32989009067486025,0.06491989945109582,0.03864874456806842,0.021344457929253484,0.8212857192212588,0.15784359426365044,0.09729933695865639,0.019152279319179004,0.027019388779173564,0.05432845404746403,0.17934522661877214,0.03819358082859054,0.020077262572358128,0.042914057598064104,0.020602158148438448,0.3182085348352723,0.021923701285495728,0.018031850638701864,0.05443975536007898,0.036142694316206495,0.3572476950219891,0.038648358196779094,0.030454660096350266,0.07336741185154333
BACE1,0.09803688065885616,0.13282672326192577,0.06829079466456794,0.11105388278184267,0.029261528962010192,0.024549197952347227,0.018874510410810414,0.08398383616840352,0.9474468285685629,0.6415749195491307,0.2800403685092077,0.021650269325474706,0.022197001394308767,0.048911497148616034,0.02196414881792032,0.5425570924503108,0.0,0.049629194563483685,0.9115250841241054,0.13976448452627754,0.023928428204117055,0.026244750350903637,0.0698105715699782,0.01952128968795598,0.04569613057383515,0.25019642701859046,0.14519508676728002,0.035269201692583324,0.039806281806029215,0.25945411113573097,0.020880667930006255,0.02997891085573396,0.4830560439493889,0.2069364384910928,0.19108999107079197,0.07879627767115531,0.07914391011579386,0.035221396984400126,0.2582029841731241,0.07894522479607,0.024556621466862723,0.03669183036335245,0.1661330555927186,0.13156922430351325,0.4018105575670902,0.041738807492684216,0.14824003545055658,0.9127683565195905,0.7399383341400647,0.4004537710154245,0.04990873213824608,0.07024671458651169,0.03693097844907192,0.12232433532330772,0.14207709495176657,0.049504571432892976,0.02854532291173488,0.19231064931433603,0.027655480962440995,0.14679336664609494,0.2801370957664804,0.022816514352406846,0.12822547235152287,0.1454179964815105,0.06840277597809825,0.05556728068154115,0.031083818086675465,0.06506300932054805,0.036198677017509756,0.1327537322865629,0.2238413808603355,0.023645444664501174,0.06724372047069702,0.034619639160397876,0.20252211717850954,0.09796449286791066,0.05172287700420642,0.2481340193443406,0.0900958957663164,0.12451841609866035
BIN1,0.03086053635751815,0.4227248960597938,0.03183553801915789,0.023645779193306564,0.01855829942946062,0.01853116800883118,0.018554469818362316,0.033206725534909734,0.09709621874569377,0.04081826446064279,0.06956860824606181,0.08298721171896015,0.019581326113942348,0.033739216587578,0.028221072760634954,0.03902572318836728,0.07221865290699146,0.0,0.14391551114096954,0.06199815394363671,0.04554866880695204,0.023210238009404843,0.02744187945273845,0.13568503560625272,0.1552243148828068,0.021481566186485973,0.04688623100930447,0.05903394006888264,0.025697876021667065,0.02815380859303812,0.01974814872613289,0.06210764770447669,0.20916209969335686,0.042302950247484365,0.10269137165997941,0.04217699855119328,0.04716905082350554,0.10642731231906483,0.1033444324747633,0.07107103165084654,0.07895769639230568,0.08821650042497335,0.048047020147200935,0.04577643532417085,0.01901487987737585,0.03936381225792176,0.04353491808182519,0.4307328679102984,0.06652220851676971,0.0322737186355904,0.02239757082600232,0.03226816985778359,0.042153206161500756,0.3180771275746771,0.049139369555567,0.15216987019369077,0.047574013477079166,0.04204824244679442,0.06404515380103092,0.03126593176341607,0.17178869469160968,0.023311187881300485,0.02078504266341396,0.11962418129097088,0.01833698568682898,0.12983277118946066,0.01813069652812927,0.07498003407446062,0.29997875193156454,0.14850745513058797,0.027103746593520432,0.03630743677646559,0.05152139510981152,0.030067466649810207,0.023724643175870464,0.054205651613738394,0.07625713345223138,0.018883256256917082,0.07568053741671413,0.05955921071355168
CLU,0.024606105216370182,0.035536625584261496,0.09031219665648868,0.022259109350400114,0.024678619290008717,0.024413586271251432,0.020969612823433754,0.024693348888322624,0.1255158473314848,0.11408908334224832,0.08552711175336501,0.08355430172869681,0.43816251876261175,0.792482259209723,0.0758795956056028,0.39572127611471797,0.9610844169083106,0.10219151102590915,0.0,0.05733015865775862,0.024947653262188615,0.2082006802983115,0.01970625804143438,0.06106181681988472,0.036869968370813355,0.2989256218729416,0.6289025698614128,0.2835585833689192,0.026053222727694777,0.3667722746217728,0.04988390606106366,0.11276793324294467,0.2241564316627186,0.022379117379769,0.33131179809001843,0.0898340698718452,0.02148103430478082,0.020564264825819533,0.36883283529453254,0.4800091645999968,0.11593018463796753,0.06432263933015495,0.04645606479948086,0.03422919539797191,0.0553736952424383,0.42662451751491076,0.018327001503469414,0.07523523740691906,0.09303952616927219,0.03783327263158322,0.08504729282690134,0.02445953846287664,0.2470777537198307,0.7803939031442033,0.21117214217029748,0.2327046884980529,0.01844320774670605,0.023195269699555012,0.04316150998013774,0.03004257915445817,0.22361002259688934,0.0336679214891564,0.021189305574050823,0.06012942288743178,0.08670010473610965,0.05835843198180903,0.06117334463361996,0.12262989545443335,0.9459273283604245,0.026609185493468634,0.03377379485249072,0.030611371036203518,0.07935288732417532,0.06378211984053801,0.5138229878131797,0.024837230324028764,0.15046470087232056,0.7057175813844333,0.04851364404645011,0.06856057480085867
COPA,0.01829703219972357,0.16588318085413564,0.21061499532196273,0.19653007359099184,0.024258654825390108,0.03301303782219654,0.019424619749023875,0.030526242713722045,0.18341475591247905,0.06637069706477575,0.019213597998724637,0.096227938028126,0.021084556891569885,0.02008950223821676,0.04775661177755822,0.5578721755873469,0.20354849659844682,0.053259676516420676,0.061419861075094624,0.0,0.9464233189866754,0.14680229674923237,0.18346224975022976,0.4790490037266513,0.23411192594316263,0.36601025240265705,0.03272698732567109,0.1839021453618951,0.038358876779287024,0.5340155715756805,0.029613691687679668,0.11124842153341095,0.12362371597664383,0.13671343547676326,0.11432019077936491,0.02999683969011823,0.030191291108961228,0.026697025989603024,0.07107639793208946,0.06903136627608751,0.020347091785158648,0.030820667708957753,0.044527137913525174,0.21360661731640862,0.1352742127406908,0.0394352739766052,0.03758744911066661,0.2840167208109213,0.4529167714296493,0.47205365918303804,0.02251859313304848,0.10981547698324999,0.06610736352304009,0.07708615240701205,0.0679758125850653,0.04142266020507436,0.4592455819157491,0.06982491347227675,0.03084212865975046,0.02636958541286052,0.10702273857757474,0.06991927142907431,0.06113806670674264,0.06515851129914355,0.22063036506706504,0.12385422439421487,0.09835021396568425,0.1784943622498739,0.23174816012326402,0.022542736022819233,0.041444382830735066,0.05048176955208593,0.08411502951149112,0.10096353080616664,0.0318830509075186,0.033385362030769875,0.09924885913042568,0.029810453937822255,0.2223550074675222,0.2315578403320954
COPB1,0.3042760101749343,0.09419261087606111,0.019389628877642166,0.21715093563080312,0.018392162586938175,0.0325914176951228,0.04447114185018148,0.058594069399249514,0.9781958908673005,0.19015813954141242,0.37291173963344787,0.029112034393235526,0.13568180595828613,0.02099215607289125,0.025250187454600278,0.10812505635491322,0.024937091946431685,0.03894498378727259,0.024998522881519377,0.9253071145320773,0.0,0.17937512442605683,0.8332635501796652,0.7196085552866535,0.15543460320207708,0.02194235090934689,0.8073593858268073,0.09694084905139866,0.030572818196532278,0.31589620602982904,0.03192354585833177,0.021088360853429296,0.12258263270998215,0.1834937165322944,0.21608251205481432,0.029492905636828385,0.050156144578176756,0.13494465757346435,0.2528793366696328,0.05374457953036024,0.02152138164273326,0.031455796399086584,0.026658281334502595,0.2931473399052722,0.09225503409052171,0.36373858135805676,0.021244144499288808,0.021286398781438558,0.021156514459502278,0.041783139573149226,0.019897059142515307,0.2937847287327426,0.050455609422015865,0.15505180676147576,0.03102092743217058,0.1430956121150973,0.18660253565361773,0.027971155649606363,0.05156794542396732,0.02513468906568113,0.20000763347839134,0.2503516786393143,0.037028302583518684,0.03547028414864338,0.15716206215872047,0.047705029613425244,0.17375287655351718,0.10293716045664408,0.11053261480781475,0.15897548608121242,0.08979594092803303,0.03818456009345543,0.4263764047349346,0.11381291901957605,0.038124197895947384,0.019512348535604705,0.058748807729241126,0.06452157632750397,0.03731339632446502,0.044294504169823404
COPB2,0.07431712372289183,0.029492140404798896,0.03783958527574847,0.027638661785760864,0.020687387549599288,0.032712242845360846,0.04388372273499285,0.031467612039090424,0.06923625680204629,0.19548420227428911,0.045046794546946586,0.042428291473967095,0.1350875020518463,0.07421518996174153,0.022267510175986938,0.05138234813316449,0.03012274418232008,0.023150856199654225,0.3100941719787135,0.18786813725675713,0.2611225258836316,0.0,0.04316835547732344,0.2638611817666337,0.07878483701570237,0.07297094446655322,0.02076296725448202,0.1686888693490822,0.029001447521614987,0.7883308704608262,0.04564067799248115,0.01973180612560167,0.4802227551052265,0.06956002969667772,0.6868879609253733,0.020556820206527226,0.10980135131017327,0.04016035208917363,0.018891129991481546,0.22952381375564604,0.1459020316674507,0.04004675166836683,0.02516012916475037,0.04641947177891406,0.03189897712160746,0.0357032750686448,0.14338639432554523,0.09166905351221341,0.029342172964510835,0.34097738659892685,0.026135075770544126,0.18872513937556754,0.139506961911561,0.023655464478663072,0.31259239814946105,0.02007516251095977,0.09601552935811525,0.028349659352625078,0.022774644795504357,0.02679680951846296,0.019932498351596172,0.0590529154001835,0.022162774920407035,0.06319702074301857,0.019865912070710704,0.12448512955485486,0.08918945289193486,0.02839453831953454,0.052230807455386295,0.0504113234057332,0.020030013044274333,0.09015818862788397,0.1910461378975392,0.056118639437543714,0.14521626530969883,0.04134818629141882,0.16514386409435022,0.021304281134523675,0.031252487812792315,0.0351073438607002
COPE,0.2647883400048076,0.026107422128943725,0.033001113088574494,0.04870544502875602,0.023004044127820998,0.06626617663099853,0.04375883077490838,0.018201547498505985,0.5120054639149787,0.03498672554740408,0.13025150665681914,0.13978733322225875,0.13174527986558948,0.04006569010204224,0.13456514505048411,0.03585995413008421,0.07838509154316609,0.025103548719374983,0.019628421695182027,0.14934412888385049,0.7912293425425527,0.03619089578273609,0.0,0.09925431232318654,0.023135576096695233,0.1416135012872062,0.33078874235487987,0.034222045825811655,0.059568366053300216,0.04500693612441274,0.018274218556613916,0.020635714966752972,0.44542552373567573,0.04999852724350183,0.2894386996796291,0.1382444701914833,0.018592962577491892,0.029533546694093506,0.986441588630028,0.3094613891053578,0.7066728426788137,0.041435513728377324,0.018450933165583452,0.158161592677377,0.02611302981838528,0.039287024929887455,0.04220153699683232,0.03072650309595937,0.6174613790875677,0.1696493286797426,0.10243780210654949,0.1068150503168357,0.042551979259544855,0.03291650562381042,0.032888503506294596,0.03924480432619393,0.024721417486201987,0.7170496093699384,0.04206783609210241,0.03878311593215726,0.02141109932873471,0.022447350981627163,0.05389829752438258,0.30975953180476623,0.25867363192270504,0.01872645948858137,0.05293520358171812,0.02204363462169976,0.10015080131826254,0.05574618015515191,0.35609856497250425,0.04958893666596236,0.24503711901620195,0.04206892328240229,0.406543328618676,0.0424371209329406,0.3726709779294774,0.02581575973218314,0.026082640562444376,0.018163522771200088
COPG1,0.6999525150130704,0.03871182838757658,0.02333789865840315,0.04672379315245393,0.02025022250991731,0.02901155284375188,0.027302080968967666,0.023971307645948587,0.9683836658322805,0.09523393533120432,0.030996948178858827,0.14526352587621474,0.12080655108578964,0.08507271732122688,0.048825503058238885,0.5077693591625438,0.019755577707146046,0.0981911809446107,0.061557646932787764,0.42946195968956546,0.72015301132037,0.18132808159022945,0.10799089522462718,0.0,0.04021449651686705,0.3649314819966869,0.12307848768418983,0.21733497743136593,0.02199022261945938,0.037228249031544536,0.019536824276123455,0.04476531325719062,0.020092540530626785,0.056449760951382426,0.23061367095557117,0.02701527770367347,0.14444933348805125,0.019745363133264644,0.034954355525650044,0.05424596493948152,0.044235811176220115,0.028436352735110255,0.03006576995822245,0.06714944864003738,0.16561170605904446,0.09101333427519405,0.028853963832386535,0.04172638360188024,0.021811456057589707,0.09772572880653578,0.04090424484462267,0.33596229870571187,0.053820269754540975,0.08379430732899545,0.04923102028566324,0.024836078585094522,0.14942676479488745,0.08509631091695244,0.01893450076197133,0.12844050810182575,0.07944114819236245,0.029833979861706265,0.09518946160207056,0.5036307362904819,0.23653328318397504,0.2707548333115397,0.019261189093169515,0.043484910705205465,0.17950644103829247,0.029647221172961185,0.02741032481675816,0.0203405709164418,0.2616031712229768,0.12649101434151316,0.32347858699903237,0.024004162301990817,0.059316006827641946,0.04055638321476485,0.09170671219206888,0.028134226870200774
COPG2,0.1170901583148589,0.05011093914749846,0.2161154557905342,0.10578378457007846,0.021908582288542314,0.04966197262691656,0.02539023550866727,0.030358700054686272,0.5834301417451584,0.5111198721550292,0.0338242806307737,0.026057118197034976,0.10633576743748349,0.0503893442421213,0.5674858436664936,0.15887011011669483,0.052134258121193405,0.11011483716868783,0.037011339481205024,0.20868582234521085,0.1551761277357555,0.06237327366809668,0.023433513489362977,0.040169823059070506,0.0,0.04321122200390908,0.1027874509555836,0.18928751913515338,0.331915359034592,0.3445611463841099,0.08307523055440416,0.02551198079282281,0.09896631611781846,0.0282871178926313,0.21711341712005913,0.021412526012300523,0.05458443625359199,0.032260472667817695,0.47742489890859363,0.1402744156891553,0.04705220309630054,0.11529950899318696,0.5499237258729979,0.043374536988087346,0.10488254417428401,0.23397542134968802,0.035782435144179094,0.33861416658129156,0.26076726432123276,0.03071974205778602,0.02983215975656783,0.027208859789860245,0.09035657733593304,0.09181523364964406,0.11851539425622853,0.018543406507984375,0.018187122202324008,0.46080235181038914,0.03318707021130844,0.9278370955592145,0.26938901159262213,0.020215122862248833,0.08380025651891573,0.39561415951587175,0.02204722919807708,0.08676252527872196,0.042531080224658915,0.04885765440254173,0.14688718788763072,0.10109752015739976,0.41832418821577355,0.09078283334326177,0.022147973542130165,0.16656699571459177,0.03530735287246042,0.04484939491668804,0.11882452078027081,0.057592171953885024,0.023904281592389606,0.14389657026233518
COPZ1,0.03973226039830789,0.029591983877639234,0.019963628428951996,0.0300401953960196,0.02463385124283598,0.021453748636407605,0.033754093511830646,0.06715828778031525,0.0446144739222176,0.205109422235719,0.09259971413093457,0.16433517105488668,0.05815296503795157,0.022284681568318778,0.041200167267835174,0.018329610388809106,0.3368233592236686,0.02083968730084339,0.3028069914574286,0.3254549859293327,0.02194067627679325,0.05846580716691118,0.1559295374713982,0.3641887148069151,0.043228748448937974,0.0,0.018488275711829774,0.027114830905993405,0.04987942427836905,0.9469504830714237,0.0519418999079117,0.027171148048596484,0.026005298284365843,0.08024914235965812,0.1318989018914712,0.2603925526603698,0.04264287925366113,0.031178716640028522,0.9855060090749785,0.11540797549651358,0.17547923560611187,0.054732988971536514,0.1758084573789634,0.1504242939278151,0.23929089282466218,0.3715569370859687,0.0670429365677135,0.41515694563886074,0.026913592274611483,0.02231635309310003,0.048890333894245706,0.08450116343432272,0.3730415354440774,0.01945309946859323,0.5600798111771259,0.02826643106395483,0.18507050729028934,0.05797096446413993,0.019109445961469497,0.026410229866508858,0.5137665251652812,0.022014337665888152,0.02397271918096623,0.46261182281535634,0.04795893638972406,0.05773453154302429,0.03173585260569045,0.06674298335398583,0.02511317309904894,0.04526959944986901,0.3385113119095941,0.22674087159733644,0.020249647152417206,0.04419674559940122,0.15134714806294197,0.13196216772787595,0.13432431530269584,0.02772284952499807,0.019566337080058626,0.037839615599156703
ECE1,0.08955103307687685,0.03711766659094041,0.02669847578268675,0.020935770616210502,0.03744003727549328,0.027688343040884588,0.05375770057250098,0.20043029299351875,0.03860927705890169,0.772175832968636,0.5431281430793242,0.028702295698042585,0.3792643410072414,0.04629484378194371,0.020935875345061014,0.5954771551829802,0.15314526384893593,0.03681095460692336,0.5225281563018914,0.02996043824909081,0.7063372223109232,0.020037673314694814,0.2915287683240879,0.10222647310892012,0.08685892627491985,0.018436512139274473,0.0,0.02554279046129596,0.03628936088996616,0.026144921453656107,0.08490230555833793,0.15405463773449277,0.05752898426638122,0.884186306925513,0.7228234448669595,0.14538706160747084,0.603392752162543,0.04101173356956335,0.5314418623690083,0.04267340726098832,0.040906155038532566,0.05160854447247897,0.4021757617507653,0.06678352383943345,0.15452942554227794,0.03137891612607394,0.018199007942391366,0.03997747547749208,0.07566748847644965,0.44123708449066024,0.021012005523234706,0.3996484199558767,0.10223099963641889,0.027738987999439087,0.02340518056712243,0.05259888520622527,0.04195556650649661,0.1241517733488219,0.01873368575109557,0.20066778213851072,0.3843053192179642,0.08831977939306677,0.07058253523975644,0.0747226939530258,0.03186484157087686,0.5052421768920092,0.12671302647874572,0.04746798906488331,0.45750412468252866,0.22249202428587525,0.021559759415897814,0.1264774180659501,0.08234550366663862,0.021089803111835396,0.021680537122092572,0.04239213039358771,0.18604292319242088,0.24947310412184576,0.041204326492027564,0.09367879633860465
EIF2S1,0.17307735519006487,0.03937499911885754,0.1936829041903425,0.11302448921182774,0.04724842314380402,0.023821213581251787,0.024859877916215856,0.09401862831671103,0.4806258634739862,0.47938732123581385,0.29981270284687256,0.08267579304290294,0.056054225210822116,0.03090652527651624,0.03434037118568474,0.02386170319134975,0.03988335288375958,0.05003581675948828,0.3098956752519216,0.1769246301632944,0.10243444572210456,0.1283549141003778,0.0362008734086713,0.23349680265063363,0.2035474509666043,0.02750538072723497,0.026938474198400095,0.0,0.018833390484098683,0.019516034971920452,0.01864944608943995,0.05177640075722974,0.12149253663154432,0.05375652832675162,0.07454295798520427,0.02605543874646797,0.2369896552916396,0.020076954917609715,0.6064288257772004,0.10317778410195622,0.033870953532435605,0.14666991518427402,0.06650355753026628,0.07166537919979955,0.07058579116501101,0.03561287128365014,0.09617662836466295,0.16722128560818145,0.11081714122565514,0.7658974172690828,0.06081152961521199,0.2115133767856848,0.05274694665454505,0.20298760691669412,0.5065391346781614,0.08633599946443477,0.19501993936139625,0.11049739806630166,0.19529272929363145,0.1435884121617902,0.1548630877332954,0.05482837863668217,0.08023670907919622,0.7826086803991538,0.14191938355342482,0.03466849247849568,0.02371780007012978,0.06349002759143296,0.10296902671043398,0.14399338637201903,0.19549637845569345,0.4092348750259016,0.09432582151545318,0.09548342905245247,0.12831685661263598,0.04043241258823174,0.05400272284557505,0.02254777628384739,0.0258019770552011,0.03223091430809511
GGA1,0.039300742530251245,0.07817644654580573,0.1044533503185768,0.019924499108695492,0.06111654839050216,0.026410141152103106,0.03349685913650836,0.14715070820218215,0.04433950333121196,0.044790813458870385,0.05391408317041656,0.3760143117200065,0.08876107044366596,0.03314378316136113,0.01957679524224571,0.0741708366468309,0.05090309103956796,0.025266754586709912,0.02759220555767573,0.041003798593458596,0.03305747919529256,0.028483871125674187,0.07578634801154673,0.0226520238605545,0.44864834952562016,0.05785998732734651,0.044024199271628116,0.018929005549045447,0.0,0.051286305182472035,0.35474941615091343,0.03707801664633169,0.02460295524369114,0.11243200140535763,0.062415858948746766,0.049177535810653435,0.024973016296701206,0.02319334123362554,0.04791876058199594,0.0754127164912774,0.023545198527764717,0.19553953469525717,0.3628160767996282,0.07484977515396504,0.019391977434370322,0.7337340557567823,0.23624045672521507,0.10555468650389786,0.0314884666225224,0.0598683928155037,0.061668735942207044,0.03238131651875319,0.01886205200573396,0.03923562037350956,0.025209126271948858,0.024779527377472767,0.0710239659887237,0.0542668235886928,0.021164880171484546,0.6418206931988631,0.05570167930976557,0.13384357218793747,0.08203206347303181,0.019807493187201933,0.056200974591050744,0.0748579939250836,0.02944069123798814,0.16586802896856645,0.04771417562341349,0.08606941931576167,0.2839579583172058,0.07936283260313985,0.03152604361602334,0.03729815743952142,0.12898110463837642,0.14221176982628692,0.02915920535632965,0.024582187050289094,0.02063371517224011,0.02483156012872168
GGA2,0.01848109499285471,0.038408590215623616,0.02680362102897676,0.06767601836496973,0.03117675790763322,0.029649024024262973,0.019044320952954864,0.02008808729147981,0.05981243254067726,0.18131373316888355,0.7030412688527765,0.04872884680484703,0.040321322679414316,0.06872051232694282,0.04440149268550737,0.10683699111896694,0.252843483063576,0.024797406045799362,0.2687888522539052,0.35094900856486855,0.22882516303600242,0.4605980879318199,0.04140373615999586,0.033715459186622374,0.24962989661326848,0.8744853680216825,0.0257698381459316,0.01925366528868259,0.03966643140208218,0.0,0.12142990920010645,0.0801502219046607,0.20230337959875788,0.05949168376592875,0.021342141319517696,0.20068987836199828,0.3515140012461246,0.2250941067765818,0.021357828600584536,0.7011403072498164,0.031308033953296226,0.1964313236546714,0.15983223951469042,0.04741467028686062,0.20953772070843746,0.031961362492064285,0.046407655769820706,0.06899222576860004,0.16731192373365,0.1784830287815196,0.0396411649967811,0.0750308331198169,0.028840154103703188,0.19305686484711385,0.6025824054376234,0.09775547901510775,0.07351024505388822,0.05354358778716243,0.05366519662592365,0.185955193969048,0.13360083899855463,0.0639913008117905,0.1473603625072437,0.14126196996679583,0.02833281281791295,0.2333573106824332,0.058982522719175624,0.45919928119001324,0.1591458440316787,0.12117723273087999,0.27863543262913476,0.34666369714987905,0.12276323549056224,0.05073511767585996,0.05173914744238546,0.019230303507048865,0.028165090961445816,0.051166132307103304,0.028201822351240254,0.10589250909240933
GGA3,0.021616099914856617,0.37472177015460395,0.02747324320028183,0.10979522829607041,0.05079299126915708,0.05366644447180505,0.06437963666921014,0.19653574820832018,0.49362007861836504,0.08184150234432984,0.12422021011500126,0.5453786597484119,0.019150722645533025,0.05212228868994991,0.024197003677883227,0.05197475444907821,0.021738703153689407,0.019601032079390734,0.05601852185789281,0.030387215772239653,0.0339717262088462,0.042773836918880134,0.018322724002354473,0.019713151083998147,0.09753317516896923,0.058194722628370485,0.11970719532788934,0.018698269348570867,0.3286677209748121,0.1975117505992378,0.0,0.03914909351062745,0.038794904272452684,0.02259343226704764,0.030047271080029,0.1554233806665434,0.025863252943096732,0.042286794264437204,0.1338653297763696,0.12467347748164338,0.44286106183899177,0.15353225964128459,0.4358055084544686,0.5097484956846483,0.021170274872567358,0.026735495760625304,0.05636168069007474,0.034767063463399916,0.14474073780998217,0.029090223440488654,0.036681919607219796,0.07537400386970482,0.08364390352393428,0.13518185789667173,0.35010920089056285,0.02776499887188603,0.028750402732237456,0.035770460690853136,0.029463899575522152,0.08933230347440518,0.05473186553508234,0.0397712778515307,0.020667148731043392,0.2428138638623803,0.020514637057793345,0.024076233592164813,0.09224626902281854,0.103386857428572,0.08990901543872672,0.05353835799188924,0.027552551583617614,0.11343022763974152,0.08009977081771867,0.5999361167106395,0.13008366054710882,0.023384880737664544,0.06782967212770513,0.0725061297702125,0.07610865217590351,0.06284492358590452
GORASP1,0.8652033227249954,0.04641717035376739,0.0406854529689466,0.03381656452674258,0.1177258454629306,0.07553563897214978,0.025189798645335316,0.2235843250199193,0.037895832424446226,0.03319648037218704,0.28690973658009084,0.05331484054751511,0.03084208848387153,0.2205463822307548,0.12310445275144649,0.07908100260696826,0.03404895434768405,0.055440852816096085,0.13355277780630626,0.118336629130197,0.02140126293526573,0.01957783957467384,0.021063087214830647,0.048615981709580335,0.026357184600668604,0.02822962768018777,0.230687507855494,0.054872582023909496,0.03581082164024586,0.1165996922510302,0.038700938506554636,0.0,0.048403328355892485,0.2854434032411398,0.04690703016277142,0.018510769423210657,0.16509142619341372,0.02065156438183832,0.044366908397940344,0.26083876268721445,0.027214433095496073,0.045070642947981625,0.18758666646743502,0.2709171142151909,0.042976598622582005,0.06874319121558581,0.03266322256044344,0.04014531269277915,0.14396986908140083,0.02992834620452851,0.04185762014082551,0.2570972307631344,0.021427980894344476,0.2955942356329997,0.20158635216286064,0.047212884758407535,0.0319434541187569,0.31249367586561083,0.0270755613063689,0.019280867022936216,0.03670727600885754,0.1334300393301503,0.034952055848840445,0.6770144766032978,0.029724800736927695,0.15840033437475132,0.05357618572184353,0.06629145296330155,0.14194068591892614,0.029837585923369332,0.053446721641070484,0.27369137010990446,0.04453888176887549,0.05577363847720752,0.08210022464081916,0.16403449573636986,0.06689697021299623,0.1351917763023282,0.045432197634505345,0.025790220370573953
HSPA5,0.020326657924237906,0.4808243886362979,0.1480010994293583,0.035562558878495035,0.045044068023816795,0.034462012110225294,0.03836035129866586,0.022419974057618197,0.06814764214059829,0.08128823734416567,0.07758108313694469,0.03898531811377636,0.14771430118158288,0.12339369359312864,0.12415448220003918,0.22406665558370373,0.6715540755032315,0.15688464013352374,0.2509427790746227,0.12209371673040256,0.13325660579571252,0.3633546549012203,0.5409867391405009,0.02019625574329704,0.10690392941530838,0.02646280673003944,0.06939626123213496,0.12412225724987501,0.023933975159338466,0.3076467311563298,0.03717538364936654,0.04647678684194512,0.0,0.22834765322742226,0.6603562456245323,0.21095993730780804,0.027040398858704604,0.07152089775968415,0.6257430383908729,0.053654577807676046,0.045911929636877125,0.0232732021069068,0.13539336679020517,0.17797239350494398,0.12166084180599858,0.15696552849990789,0.07342634158400588,0.02235483412956921,0.022083812256570256,0.07255970376510493,0.06858384800527169,0.05473149355028732,0.14499250495019445,0.17030611366723675,0.029387095523909456,0.07683958706115708,0.10842450792348433,0.9503388550360976,0.02166847007881099,0.03222422789396113,0.033152181958985116,0.044370564865402036,0.06742408435226767,0.019474956347372643,0.018655575803351816,0.31464424519997436,0.030301594463921125,0.16480272732292545,0.30187179718636853,0.6412088240013138,0.024084020142660197,0.6308188972803935,0.267565034010046,0.03192414562541259,0.2165941634974577,0.04169519242127338,0.11928062505759575,0.04207079641151603,0.18366081441749102,0.029958932120481414
HSPA9,0.020335301844142898,0.11571036221299456,0.0647949515773803,0.02312425441767107,0.03831047964519125,0.03782394403147802,0.02221154081855334,0.03698552838864368,0.743892392386324,0.02184911349303217,0.0849485367745323,0.10736677001801768,0.03356158013277133,0.0946065347764631,0.09369078162717134,0.19872056217862127,0.3443715805324308,0.03936717821933805,0.022922628464188577,0.14891667660356994,0.22546296330621712,0.06296274164904406,0.05868262634254976,0.06327792136318477,0.029644141077368968,0.0930288555294677,0.968106012992879,0.05770348720083952,0.10504077152615374,0.08199511589270578,0.022564957861342858,0.2915063969872375,0.25566273505519593,0.0,0.11019283830479613,0.02693348684448937,0.33396021211202515,0.07250886385702032,0.17678616197938105,0.03649514955744237,0.03037161164012837,0.16634273952052164,0.3826724200522029,0.12616525181187258,0.4274147278225025,0.15663797946368366,0.05586779359619346,0.025383306569574597,0.061432942256487155,0.018885697933204302,0.06230728465268246,0.025190957228022757,0.055687637410836266,0.08987642946119959,0.026549430950183958,0.01829042008728763,0.041675052707564095,0.02267506379025174,0.03300108602836647,0.018152402832820706,0.8561224651101804,0.042102936648720064,0.053304213010646,0.06486102028719753,0.06484800174092306,0.02200672219260074,0.23629686306394596,0.031019031624074437,0.14223239882931712,0.01897582354224865,0.04065942472688778,0.08100913784391096,0.022520508293317348,0.042260085312927506,0.022882496739524482,0.16048205929680667,0.02064675010360615,0.0776869976595733,0.12455676691727803,0.11228184692091658
IDE,0.14325132520735603,0.039876585831446695,0.07476044734717896,0.023609688602162317,0.02808333312913292,0.05412486143674098,0.019912474662604825,0.01909330035953477,0.3005474897869519,0.18002880528719048,0.02473031862841392,0.30242521032511505,0.37180654536601,0.06713438917665593,0.3427437906885536,0.7515678134515793,0.1909688305244604,0.06455008508976569,0.2491393523405323,0.08444455657946935,0.16340740712102939,0.3774314719567678,0.24017521979254414,0.17346392688681905,0.16441207349371786,0.10411267001615893,0.694525356636303,0.06006775834701852,0.04657008796932282,0.021384411430848318,0.026949818791114848,0.03877836211243549,0.4722846648387046,0.07672840978067583,0.0,0.5488121997385259,0.24193960183109306,0.1455197998634196,0.027992398355954153,0.02242859894558088,0.06438209292528221,0.022962424224903303,0.8733959920543751,0.1363660130467158,0.41639619124196925,0.033411246275058995,0.042749450358096915,0.02112275646388529,0.10529865917114697,0.27629133700004505,0.0441927981898853,0.06370777199370214,0.04138023775410599,0.06613220533736469,0.041630374577228436,0.024394839528093324,0.03582258366454933,0.7773484231751507,0.03871307739143183,0.1471594591932854,0.6290823327699778,0.021950784874421498,0.08500127647966446,0.0260670802686833,0.02935072945089432,0.26114553007906977,0.09012026534652265,0.05438750125337896,0.19060226438947667,0.048273381065400696,0.17569201184595848,0.2933344761392447,0.032420015853848155,0.026890106463297158,0.047703265864729213,0.030243717249686528,0.1364203230974265,0.058426883809514316,0.34206466216664555,0.5576422368175642
ITPR1,0.3986333527286429,0.16613159393441757,0.07234252851354715,0.0184614711783524,0.05674871401460084,0.05841926157625574,0.04341196963054972,0.023795184802256408,0.02291626393600505,0.03527879842238775,0.08270163707054726,0.0622883756616687,0.04172312210098875,0.07896579230380536,0.030729950862249333,0.06882761598735504,0.12314906156775159,0.04068268054173801,0.11467969142510975,0.031472515259351394,0.031811523585270896,0.02046608003213054,0.2033583130496909,0.02874626182439849,0.02199857075166155,0.357364372655937,0.24328503317761344,0.027189897466411213,0.04941799457401518,0.3778978771624402,0.16806169656614467,0.018540713954542012,0.26018285103209315,0.027438174680883932,0.8245653332243553,0.0,0.027614230898433522,0.02670629737820027,0.023784928912151906,0.06405098442584306,0.22796988059495407,0.019484886188257996,0.07828940428524087,0.07969877939115927,0.1151678033248073,0.055035746395913625,0.08258019312178447,0.02883243737227705,0.14731850135557906,0.09255864195237117,0.0557590879685837,0.051103308835687984,0.07629539396060568,0.14061612175804591,0.11613415327430571,0.037811660251775944,0.1099075121219886,0.10452692527162828,0.03616159666720972,0.13763436040350566,0.023232561194265196,0.06869671556117372,0.047647291329492254,0.022106738474131953,0.03753261382006877,0.08638152668269992,0.02573191003891236,0.09411409207533981,0.018884349763450773,0.34839790914100066,0.0482864948435873,0.026386192314394194,0.026443503034255873,0.02390887951593588,0.07940200818806137,0.04284019009461277,0.030901256251948544,0.14617885438526693,0.08084904275127018,0.03885091829940231
ITPR2,0.182208901752663,0.02208600988608888,0.4849249536734411,0.04180054613176182,0.032993630148758946,0.02598582422309652,0.05235226833361147,0.026033267704790773,0.11982209932169258,0.023662120930425988,0.10280971013800339,0.10994633510862006,0.08297635661975367,0.05397729898226568,0.06831256164348803,0.10460548158516542,0.10885609063345572,0.04244061615238285,0.021781956777645953,0.030447960102957222,0.05390460263831173,0.0921521211704492,0.018671689250043245,0.1651184502270254,0.05905672885617468,0.04534116454674574,0.7818078373374748,0.25587363904915394,0.02443343357619621,0.5516715618714527,0.0255485281650786,0.15890651065786973,0.027300256759820892,0.3133451691147217,0.37963480282122075,0.026785942191122084,0.0,0.0293969317542947,0.04639887412456823,0.8378635730854623,0.19237195895902534,0.23895918911761052,0.21535035352072096,0.021446982850440405,0.04503403866499283,0.06835280085328957,0.44788945057255236,0.12960949725142054,0.0920295973100572,0.03684185505159095,0.06588765628182507,0.05189623762109804,0.15127357692261453,0.1390896777384972,0.11628070009188214,0.03662929636797134,0.022177439928704242,0.09307505349235518,0.023702115842839655,0.04611630557240493,0.03618480228287684,0.09114543549257309,0.11562428599485092,0.9147103395801873,0.03787064760767059,0.23618438839053868,0.05328127639295946,0.12647025689062702,0.17824258659135372,0.051207931942962547,0.019948079938896936,0.7021141284605632,0.023341563024035703,0.09651581154205575,0.0518909625406064,0.07721745523054639,0.057597455938641046,0.031421900698014274,0.018433832023042218,0.14984256773259613
LRP1,0.027755522915781983,0.13115315227698687,0.06826820446753538,0.08528181410605729,0.0232301439146382,0.019160171584009848,0.02259837444579105,0.056000653415181706,0.2502650451134112,0.07745487915620357,0.13985546208383856,0.10369147189269713,0.019246000871098862,0.03972532595023415,0.03836745915980301,0.08032282869324972,0.045353131270607784,0.10653795714749416,0.02116187528647156,0.028254474047653622,0.1954112993438705,0.040505818473950704,0.03371443467757095,0.02012818633406541,0.03637811789361345,0.03490516911534864,0.05415229439399685,0.02044699454455642,0.023493005858361442,0.4661911930836671,0.04552580548505781,0.020950816531053382,0.08748957228031487,0.08221196771801188,0.28541023140142735,0.027188225572575036,0.03125756790225269,0.0,0.024652692310864477,0.8572293719373357,0.03390427893834846,0.027032072880222007,0.1049382440195065,0.07838636024365556,0.027003316585608863,0.15271220473934677,0.03211632128794205,0.28879765894799647,0.08166843061397022,0.05373874222759138,0.021251388279992255,0.03922366226669629,0.03529822726498975,0.08180388574499473,0.12917993454430657,0.2539096627164146,0.033256976273993495,0.46663713152554404,0.11060179755749248,0.10513365198032412,0.021519779578024943,0.03854617214968073,0.21130957457490923,0.04716154705152078,0.023887340667179225,0.08323865737949358,0.020710928204050558,0.033015128062345946,0.29599119934394,0.020329455222296303,0.2930222305520528,0.043187826766754034,0.024346881677431282,0.09423906472235712,0.043542476187486225,0.02480073192427006,0.1279332716582034,0.02747332484372759,0.03303189531840342,0.03609609359632406
MAP2K3,0.16637772387169925,0.018480520954295296,0.018599864679965963,0.07768149370049308,0.018752841742795567,0.02242019119277214,0.028085461297452433,0.1295711032241345,0.06297221081362168,0.10513151682780736,0.6147560542393126,0.04350751070337563,0.024437669960228902,0.04013681520889476,0.02743885045236105,0.18808909725435236,0.13756183472730155,0.04648454982103257,0.14633435118663649,0.04189621407133513,0.10640285515157469,0.018467308101131244,0.8312731670631092,0.027582467613187073,0.1841342399459675,0.7820053653415077,0.2591399430277963,0.22262107525422584,0.031216057199700088,0.020439022704224114,0.059185443307882016,0.030658912084374712,0.22562132160150938,0.07123785735236797,0.024909938356621298,0.021014315898092256,0.03183192609686344,0.02127574757467725,0.0,0.4657125473370671,0.48097681311653656,0.037339932427099716,0.3488034625141714,0.11023368623327985,0.055195897263544784,0.7956852560413548,0.9167651049444393,0.021591271870053275,0.6586746159171912,0.24665354258357636,0.01995809961114873,0.54719914676757,0.04826525198422898,0.04587755749629339,0.07274553556398125,0.03330556635372201,0.05877938779960883,0.1133028050712508,0.02990076932108252,0.9106088163124648,0.1275586223234622,0.03943313947984543,0.11935399548828896,0.21356235212876853,0.06334738667269381,0.9186947202831085,0.08137893184128518,0.0825430329152071,0.08489856326231367,0.3006657113966786,0.020272092293224322,0.3923491703364465,0.11673447649879264,0.10288229314943878,0.09168817506620106,0.04192181488669252,0.09718010474537868,0.12475139819164227,0.028005836133925446,0.08950057890679355
MAPK14,0.07701741243460393,0.023629030987037298,0.1092204767600075,0.2363577162682792,0.11347105892845917,0.04154771341485969,0.04987110762212414,0.3824947287294215,0.2473800431175312,0.4812963350238455,0.026246429409879327,0.027660577703563605,0.019841065492885918,0.019711203756541597,0.0648587598820428,0.6901909671118945,0.0782657380294699,0.048750501424342174,0.35973955459771284,0.054731663749630705,0.04663047909707679,0.1221433068688134,0.2533158269965545,0.046986452912357944,0.10907283411775824,0.09151168459153804,0.04148061675140141,0.07882029794916914,0.05359174099482816,0.7069491358863775,0.08353283315860628,0.16107510009811818,0.044641877186547496,0.031420741126778576,0.02240009621821498,0.047029490270597066,0.6385533338990097,0.5414889345456765,0.7726598331093767,0.0,0.6103920301497194,0.32625000877098337,0.0658835116245977,0.29040450385383976,0.021133998408541153,0.019305655582932672,0.21788800863828683,0.5329249009551187,0.06523251710936258,0.02747323552542445,0.04531812995313963,0.08487598820720238,0.3347085146675852,0.11700871433697846,0.08006011321596165,0.3305573094782591,0.18976109791489412,0.23763193945519792,0.021660832003107724,0.3589990330658002,0.7643702791020222,0.1509886155414764,0.03528103604935763,0.37850528984805165,0.07429758521510436,0.25822634877248496,0.027959982046356226,0.10562932782991183,0.028976763267531774,0.021698338576068323,0.25468693518532615,0.18895818255499555,0.026103398955954114,0.20611876164266854,0.0415823470573719,0.058286575621454555,0.018381386066561374,0.05971423536023012,0.023145661336187843,0.02683950499156226
MAPKAPK2,0.08003105259359465,0.025714574016646407,0.03624501589681809,0.10362901630872244,0.01914674858543955,0.03647756418618873,0.06850074415879151,0.42231961710800014,0.14587508614999026,0.029367432626081432,0.024655169720159718,0.019411921401662056,0.061807357893523956,0.05181075167081989,0.0435661449726613,0.06928090874633948,0.025394513722616203,0.05944102086435692,0.11073710200443641,0.02014189986291403,0.02139720890813505,0.10065408858977178,0.724433798113516,0.04296666216141975,0.045672133657060805,0.16443360235567114,0.04356767501087138,0.032523162660305034,0.022570100103947485,0.033467307594551514,0.3293735837204361,0.025960269903457567,0.04280724654837636,0.028489535028700122,0.07359520780704676,0.15855306213260464,0.15658609674712898,0.02993001311526657,0.8717131993478306,0.7232030084967265,0.0,0.043446885299637986,0.04488715077113899,0.05587764959162387,0.10790843222202495,0.10242452135911095,0.029709757725820646,0.1543247250050478,0.027289313019947043,0.10830741947978582,0.12280535647861639,0.10049148715926909,0.16193189130928964,0.03968458635934858,0.018662191229693214,0.023771295254076844,0.0354279822222908,0.24855781067964303,0.019734803131210114,0.4497672366346944,0.9836475458342805,0.2081570829329181,0.034597192968015764,0.22865777403691742,0.31199997238936344,0.0377474208144466,0.038011421541693804,0.40989929991901997,0.06267690841545394,0.08068465578273608,0.04998998209182873,0.2217212468255214,0.33754868524391085,0.1879248240712492,0.08561355096067319,0.033639434264314025,0.05102138856883418,0.07488486637789712,0.031962143874761706,0.02567099307833618
MFN2,0.09267372885033798,0.06988804161546532,0.12755569443320258,0.05272390848268496,0.033105949973325756,0.025654685714120797,0.02738662181465526,0.32519518371415457,0.15304261840312425,0.05980593393908097,0.2284698860882661,0.07372900411760254,0.029042496483373127,0.021925363487300335,0.01928092875316143,0.0708185421244189,0.04726841407651197,0.08629906583611445,0.08179184161541068,0.03298584530261072,0.0349165802243485,0.039906611660426354,0.05085817306616111,0.030972556453962005,0.15897483344208563,0.0671361596178241,0.07185661872705426,0.19341012695770757,0.2100808537167406,0.3938127788290048,0.17600930614731372,0.04877818723785415,0.024094403070826557,0.19354041329659458,0.025073550118960727,0.019531232424182438,0.2996293164809907,0.026867331938018397,0.06846428063304272,0.6187675708110033,0.05292072713492473,0.0,0.06955758026189145,0.08065694721886202,0.20137140055485855,0.03896380106241206,0.11565491111718487,0.06969177735201715,0.1416053259221258,0.05037851305189259,0.020435016802598616,0.0671089798876521,0.027348730460735396,0.050721833531977484,0.10299006864032927,0.042284329688434194,0.034910205280384916,0.07526348824311987,0.030990620214957416,0.03717469699935231,0.6633431932950509,0.021072367925090013,0.06164047019238241,0.15027742996012491,0.03576636408230023,0.20550904277049276,0.030184594631140097,0.022984611764024013,0.20446617391487226,0.027539865103439736,0.06337300531549697,0.43161848459919266,0.033104154217911255,0.048594124228213534,0.04486415913572953,0.12822583597843856,0.14887667983510144,0.020185689075729367,0.020393107350634435,0.03960321301875379
MIA3,0.0987736635536644,0.10483827148302753,0.02768769688107905,0.040298486650081594,0.04200908376908029,0.01974473806001372,0.05042561031643618,0.02718025824878999,0.13160530544724108,0.026836076740454975,0.9919888006021218,0.17822163581411274,0.038353544872010085,0.12154567663168026,0.09122731177089222,0.16373021927216472,0.1999327790650051,0.03930488126973081,0.044840907800333785,0.04096572267248672,0.026204010719778507,0.02353862636438866,0.01845362390863563,0.02939197188775758,0.5048752382057694,0.16086330197426785,0.4595195240572846,0.060384442303196395,0.2425278318020609,0.19673862480584292,0.3153912231502744,0.14398457240197232,0.11500924627106314,0.27933910572349635,0.9238873731028805,0.06127835453288222,0.17006880395636084,0.0738507030455812,0.7366889794649556,0.07483469980577391,0.04440656560943266,0.05373377723679774,0.0,0.10580546588765,0.11741258867167813,0.09008435723631435,0.1775589373785484,0.6156228252151952,0.7406069602809084,0.09036243348436875,0.04429314731062789,0.1037255975397903,0.024030181462456772,0.06540217812463038,0.5112036447602867,0.03168826748124233,0.026834686189277934,0.053660668946227834,0.01922787313332534,0.13720096732117718,0.05180995918992994,0.19180385300486727,0.018199030993253713,0.4796107964756158,0.03683411231173765,0.20646103127209084,0.03299885733919948,0.03222052948163979,0.03419743121504419,0.020145764518051876,0.12710500224502017,0.24462963217157618,0.11177284065851781,0.018486407499780765,0.415007120329787,0.07675241217565665,0.1396301948016836,0.2001831623616111,0.02100276659829975,0.02830268945501957
NCSTN,0.07868790893939288,0.12223600614899771,0.1853311329464157,0.044116745692574566,0.02016573498460256,0.028234205230187354,0.02944693568309541,0.13413195599988897,0.34743728759748466,0.2009802578034322,0.020900242310343237,0.02057202484340765,0.10810740695867452,0.029791240141267553,0.024021932272209362,0.09928735392200089,0.17357378984004382,0.03935523526572597,0.034547740726934714,0.19442291474541298,0.2984963431288792,0.0401392914524796,0.17783819922323954,0.06781090897320932,0.04371780721682254,0.15294027100070448,0.07802124019830778,0.06926195886152005,0.06321459204818665,0.05562169650193019,0.41844238113549204,0.2274549732301498,0.16494769192156508,0.10783545446330035,0.1806419481963001,0.06642741774355077,0.02122465997924149,0.06197780503847757,0.269532428995844,0.4034278330308507,0.058526882697095085,0.06470398687974803,0.1158176158557325,0.0,0.06100547696198875,0.0922822912891249,0.3808703059899601,0.045231944220414974,0.028700263046117277,0.4483547629664266,0.02102855933661806,0.4310680542747964,0.055015079186998855,0.08917875432010147,0.998147055256505,0.045776464144405414,0.06743089740852143,0.025852132344976856,0.03654105041131168,0.820027695386476,0.6186639632068456,0.03008426381663693,0.02213087449654374,0.07704376350582491,0.05058891193948248,0.1523468611409335,0.061512500329426185,0.0338759880381031,0.6657233367025476,0.018648027736515402,0.047943337923951654,0.02190617838157589,0.05168012832533016,0.05261461798703384,0.04043408835053909,0.12781671785381793,0.5448746517359481,0.05867005132415324,0.040539719572347185,0.052403525639570674
OSBP,0.12760762078995186,0.03311506402403562,0.039309758013948,0.11057717744002041,0.09659969935518072,0.06293933785913292,0.0690733739392122,0.7629881760479788,0.13949371376651215,0.2294301063318828,0.022428693593993798,0.2557360846782418,0.06185923991780063,0.037008093192247106,0.2039768976625228,0.021237889842288034,0.5943094419160516,0.01888936558779892,0.05971842284568743,0.13714237713936656,0.1015859789990557,0.029960461379035564,0.0272749536097596,0.18693004419003928,0.11640849728285253,0.2732116043943831,0.2178749341735985,0.07311885100143221,0.01928275928061434,0.3294717839804818,0.02102452040775094,0.0419595609787941,0.12482144634664927,0.394121593732,0.6122024394291463,0.10018193994462082,0.04467309675448081,0.02572681855419895,0.1110304838068039,0.021909512759746237,0.12699171611968854,0.1602672136760753,0.14220863279004248,0.0650096630206774,0.0,0.3310636226003693,0.02528142770390626,0.06342618123416131,0.019057737066034513,0.026535292016136993,0.048921077193557656,0.22965153525319087,0.15099663692996465,0.03861341706210815,0.5818180806633683,0.14619479232568605,0.034702584421781764,0.07831449086116589,0.018110106346823363,0.04717965099547753,0.206758452861084,0.027941001155617,0.14281342639207173,0.9056626795727154,0.029258230869730242,0.10709714491271664,0.4339960046945102,0.025674429301772758,0.06044966254335153,0.03811762466481934,0.018918643062570982,0.04516384957392227,0.028185209668516526,0.03481897310729346,0.07679917664304625,0.024243542857164957,0.4560907588649782,0.03157808596357434,0.06086021286557059,0.018027518431047218
PICALM,0.024521651501697866,0.08127173447408804,0.027089666323132974,0.018478463944924896,0.043473245780383286,0.0635208465807061,0.022962052677799605,0.03617644924779023,0.6820776489194381,0.08520514231816943,0.9047003478885434,0.07558824954065833,0.45229989869699083,0.07403934483519937,0.16828934400914972,0.6315662441115909,0.04637238342163775,0.03413225115449972,0.41793038672651794,0.037448805931214,0.351274486635029,0.03168532436223409,0.04037063760408089,0.08874722178213627,0.22652942883003316,0.359156884506232,0.03309124326706154,0.034458263684735306,0.5735848360166077,0.034625000904988774,0.025571275890822583,0.06039468301297446,0.13940292300805318,0.1263873552814697,0.036126663445165394,0.04681903871490915,0.061476036099946944,0.1057421219045797,0.9854982614532355,0.01948953219987997,0.10533391896408079,0.03416005592808042,0.09423340540249633,0.08892082421573577,0.2797846286866175,0.0,0.061333347359996224,0.7774267238319005,0.021993449154080223,0.19736891716938354,0.04511330776471507,0.04382998070844439,0.021900868841873273,0.06434823270246405,0.11242323971842237,0.04984576206051591,0.4118562054091955,0.5982328117427139,0.05063548074163657,0.5077354785959927,0.051646246118159184,0.019891832178097785,0.055431415433474775,0.02380199298573316,0.04588566497485644,0.06566151633597733,0.0519991887961393,0.19554154858136655,0.033459938914389045,0.1463393060517191,0.02343908065616736,0.048701696460430065,0.10527737758429162,0.18095236036677415,0.08629990685880803,0.032095708510206655,0.05078568509347392,0.06964565388511484,0.03880942132845369,0.0642147243942402
PLCG2,0.03057751465985596,0.07191187593295756,0.09404032194810291,0.2812467797281847,0.02032212751048035,0.05300598326271612,0.025890486963390198,0.07948843363911012,0.03433495602892655,0.04041760120843597,0.13835012490563642,0.025251765870493485,0.023233141301824196,0.026267529432457665,0.10978151926237854,0.39309504721516975,0.20875709170501147,0.03845624204226473,0.01834112568762066,0.03707478428200148,0.021366593037519897,0.11081071652727793,0.04544617663260499,0.029318726941937094,0.036656691387212226,0.07009666890527774,0.018231646817927886,0.09617098611183514,0.1894188059112062,0.055807312183150146,0.0522713166730881,0.03165026426575166,0.07224254906529105,0.052142670239366945,0.05003550246849887,0.07091027870573362,0.41560538360446536,0.029583878589378897,0.9981947492181964,0.31966272168084325,0.030751000394507642,0.0920565771446777,0.20907195741776788,0.40275469629126204,0.02505904927736776,0.06518836559381744,0.0,0.08541923915222739,0.04420293583958583,0.13137217550602773,0.029929823379346382,0.2138562548948437,0.07124535192831068,0.042307342158792866,0.778416099861753,0.04910463102133876,0.02489362476797108,0.027504878620852238,0.07386844410438066,0.857527747893873,0.3795266901258465,0.09833846547470323,0.027670454923696516,0.027137846190020534,0.03035993409337264,0.05529756960533711,0.026106178310752553,0.024279736293878282,0.3693727108631851,0.1472701860293957,0.07278721008160945,0.2903218798754,0.17699871730320849,0.11947409271596611,0.5358301123268396,0.04037991946866047,0.3481194999145884,0.022258403965306598,0.10963193507944889,0.28427242615669673
PLG,0.01893501865073267,0.16650024568789276,0.12483133334775785,0.029126506005092326,0.029259529909250646,0.019623915186336865,0.03765312293811647,0.157924062866897,0.4988246112796535,0.2146094273902038,0.36569758490570925,0.02635952572467491,0.01855430143999901,0.04798178594092189,0.6565389586463417,0.469607901170132,0.8266881130660387,0.16261212739834033,0.05458062142108186,0.14574793315245987,0.020461779121454124,0.051850400001282514,0.027693443204091957,0.03429926456606543,0.19008975293493238,0.23138966495860594,0.03557190359413763,0.0971682860463226,0.05959082440841003,0.05948643575966657,0.028373141044671122,0.03162096846967879,0.02108561319913978,0.022846950290801603,0.020708197052873918,0.024607313096499807,0.07558121676943363,0.11557313814079923,0.02236098806687238,0.4116126496839345,0.10135809532668197,0.043391123775882605,0.39604827651363483,0.03630656962164886,0.044870104795205416,0.5205008758676117,0.05758748744740358,0.0,0.047093365571054924,0.5735718659954017,0.11395855809448786,0.10788115195673413,0.24341138674269924,0.5556786326962286,0.6843161244272471,0.02923512287648919,0.25751086881932145,0.12933048868645536,0.18358217404751193,0.02273984632663206,0.0721795226355626,0.05541483193887973,0.24574287985549648,0.4763666206280875,0.07690843552536893,0.9794411274895422,0.03660248660195398,0.039890775875081726,0.10476011788582525,0.08678056182760986,0.29227462961014794,0.06366221392831974,0.02382854757462569,0.37396078987654807,0.03291976759240628,0.158102069107952,0.07455427342731326,0.03840123790237088,0.16910720163799509,0.05805458874858447
PREB,0.02780586137121759,0.04932915031636262,0.15593742740852473,0.05911901554482156,0.0322831960062075,0.03814283793450812,0.024602008385762472,0.06892067937524968,0.6910245627279417,0.023352467902885102,0.7106060098816137,0.04423564046520329,0.08935085777446468,0.03524507604855002,0.10242081069752403,0.12763269716671438,0.8732820044818528,0.05500723761227562,0.09791075796668598,0.42787597159351504,0.021246989740641056,0.027405399664412907,0.6974417983985421,0.02191988954769379,0.2765775109600434,0.02720358442703746,0.09209178947329816,0.1093118592867649,0.029678979327893262,0.2402404917996812,0.12533346707944965,0.12814777860058954,0.021994215039811776,0.05651082270495969,0.14029366536831336,0.11874201468216523,0.08614115250166388,0.06561757542523926,0.9691610720435835,0.08179583859787533,0.02798360122681075,0.10891269405750478,0.805318713296987,0.028940588253933492,0.01902049640414183,0.02218308058362418,0.043891794299431075,0.06485287248143105,0.0,0.07961562568552653,0.022323379365973346,0.23952272765318058,0.03544577018223432,0.29272161887460973,0.21006994133147108,0.04686972537465745,0.2580715715322493,0.4972807453677559,0.2144197374754603,0.06298986548774652,0.03033034791889607,0.4191392865523424,0.06323260169425264,0.07487063561436394,0.2711315878593486,0.04287254679561463,0.042152199012382936,0.02295129506777314,0.3298932409690212,0.018490066262009094,0.15451318331681255,0.30117416728268737,0.12611545757887907,0.04337255716645994,0.029601252168920327,0.02288160657329951,0.10295312639029533,0.02592172679890637,0.09681176133898858,0.060844702734376595
PSEN1,0.5324136689313168,0.026932410773334296,0.06632289998197831,0.02234686466527646,0.031868629305175415,0.02780506462967537,0.021502097298038,0.02236445921039519,0.9729181184924228,0.22168246401587582,0.7929006147733743,0.11302744652340857,0.30466378683794315,0.04945863534980583,0.03549586564890754,0.04048293111896594,0.539838145735592,0.0293672931546947,0.03828934189859922,0.4314764135408263,0.04213155632218944,0.2362597448287808,0.19190778743883177,0.09921527252137312,0.030897488834129704,0.022366268469931366,0.5582922252713548,0.7430435669850362,0.05194806547209615,0.2487563543877214,0.027870704687729904,0.02880312158391679,0.06917085094603732,0.01880802332112184,0.3807902083045212,0.0760460205047809,0.035364138181277906,0.04509547662937228,0.6312415183525549,0.029433258950753355,0.11655602802895787,0.04326365093525183,0.09850397664413015,0.4499946428481528,0.026034618397442585,0.20836094152257362,0.1257509865328661,0.8417318330781468,0.07782341822789487,0.0,0.02747755834211222,0.018654127620813275,0.054858801705739514,0.03474452179221124,0.9107889651113502,0.03034972384793508,0.023402106414076758,0.10617172786880827,0.06224825745611871,0.35900886017594363,0.6601542561985828,0.09944623272057881,0.15562487598172112,0.26398965816274145,0.07831143399670917,0.018802927286424458,0.07651528581872952,0.027846428656424404,0.6702662545557034,0.04892848514040797,0.2150310287548227,0.04833503851057057,0.0328445631546655,0.13543498806492213,0.02267214152106526,0.0261805543601437,0.031731948501107,0.048270595066330045,0.055854333911131405,0.09063466172479856
RAB1A,0.0758029719813395,0.06425399035450806,0.12759267807478164,0.08691452094111794,0.12680639808907954,0.1307255385095919,0.10378602439459701,0.10253005632742908,0.0584341670627604,0.021802789701304153,0.3270517131231457,0.14952675039606353,0.02009490400586327,0.03289616317357569,0.022415415172278505,0.0907543342958134,0.07466196170822693,0.02249122558905168,0.1201140189780557,0.02336924002454796,0.020361719262501517,0.02642284143127143,0.16314887933942512,0.04918020968328791,0.03348071554538045,0.061149758619518935,0.02224939171741938,0.07585124918440532,0.06705212025595894,0.0550516835222104,0.039573570279872815,0.04642478698691493,0.08571757813714755,0.07145864312271955,0.06318559197415291,0.05988668367974382,0.0791470485785149,0.02131673284724636,0.021946417165759288,0.06589258753164849,0.19511676854384286,0.02052384736535598,0.05696081305645701,0.021758858134184933,0.05703424940175567,0.056421133603393965,0.032908611872140066,0.29533217856615746,0.02329311174918974,0.030103041011936216,0.0,0.5129626693029542,0.07656724380175384,0.03879215992953349,0.02288068548431383,0.0252376823423677,0.03500438684129991,0.04353374916736656,0.040529757234944626,0.07081585832651335,0.07073573423042884,0.12031979518844675,0.09790349079347002,0.07463997515988002,0.018383015551733457,0.022249980744931515,0.1464541200495407,0.04505723268042056,0.19806143974772186,0.0507332173098097,0.026297732160664118,0.05001749126782106,0.038952669283037096,0.048335208915021126,0.026663563092836757,0.1048505777412237,0.09297742239157791,0.09813817559775066,0.15264533715244347,0.10130230872799881
RAB1B,0.023636749627733395,0.02545290346999221,0.3191199048806658,0.06713678037032642,0.06047037195738416,0.06606720466113579,0.14330491088948438,0.06245347947213701,0.03138113008955304,0.10320175827200843,0.3382033670682808,0.06402112748096021,0.29740605803481,0.022443009279302286,0.06922276825858042,0.028180153625203135,0.08491860303938505,0.02922066633169952,0.024505755895576697,0.1005365360487493,0.2937285605453318,0.13341837901192943,0.1164440448880573,0.3354940884551997,0.02721746589159454,0.08453846939505806,0.5004411200543307,0.19688537414491622,0.03002493711808715,0.09315587364266531,0.06572936600663065,0.2123625654727266,0.05210837958045154,0.024411489519891496,0.0760852123149302,0.044548048993878715,0.04839979254080047,0.034363201090978936,0.9259981510624413,0.10610345845502545,0.10606575832646462,0.05473184736694652,0.11184140837910364,0.4235533042868707,0.20197352815119812,0.04444677998814017,0.19904763370654407,0.17748058714504247,0.22644048371490105,0.018647343345366482,0.33110594184780817,0.0,0.04293979239846705,0.05803585513352033,0.02601801166041279,0.02516962273024853,0.018244812343519975,0.11385929026434931,0.031047748960471477,0.06953191227508816,0.08909400427051702,0.8291937885383774,0.027504557670238534,0.1367124084048436,0.04698872949401891,0.15170471189494214,0.192531999497483,0.31430220865446945,0.02401126001018953,0.06732908246990155,0.08341233165864109,0.023307156284688286,0.026665893153874604,0.04993329408068993,0.06759316466806728,0.05053711562557278,0.07872938600037904,0.07345364087681909,0.3982630008995565,0.054983489769357685
RTN3,0.18113901796816875,0.02076444336491192,0.05392800143375698,0.1056283221878472,0.0792805949846317,0.07001257646394052,0.05611127806712265,0.030762182304525303,0.03972071250606676,0.5122445176308289,0.04882844178986218,0.024430354230916582,0.1107701416038931,0.48297899618961443,0.027081077090942596,0.043523498436534594,0.04544073446892379,0.039945823156170866,0.32688181614399153,0.07223844644190627,0.05744641347253961,0.12585228638860338,0.04985473586431971,0.061712899415519246,0.11007698681803114,0.4826381948463496,0.15412959773833512,0.058037071538136274,0.01884664400738016,0.03331490280684666,0.08582346481926519,0.021551825633487162,0.1678570359539148,0.05712962108047911,0.052576604069978335,0.07398968981316775,0.16746165128669346,0.033808000177637805,0.09895472420397541,0.5765752497385167,0.22239492443844008,0.02678162988995076,0.025315509359707396,0.0626607477149831,0.17016195906034876,0.02254189346869762,0.08036985475696065,0.5567065733527551,0.03790011761746863,0.06233131693431502,0.06830673010592743,0.04794283603828423,0.0,0.17383137865295092,0.6222513190380063,0.06657941148413092,0.028252829010406936,0.16721890911356593,0.09825562317558129,0.05461323774526151,0.09753648006961364,0.01936639634196758,0.07400819027530439,0.30023553982903367,0.021369058580628812,0.35268677750118277,0.060138045504200224,0.034588637502525554,0.04353240925084459,0.020631648212138427,0.27029419101426183,0.04228116055889734,0.0329851013895629,0.03118204080494647,0.03437652839098287,0.09199147657740406,0.10685377381996038,0.1499682312008897,0.06863529261770723,0.12462625492608456
RTN4,0.044491607321576074,0.29227394938467166,0.19966105091670022,0.018017700375035323,0.07905000563997831,0.05335635426705458,0.03770234834935182,0.03339714271749042,0.9421630286341022,0.039804686395145006,0.021814544324352605,0.0653776775930809,0.06119738841556384,0.044553977208794754,0.021932142859177037,0.019055409417371515,0.17325102680793059,0.23421811944139254,0.8262298252934576,0.07650148285667008,0.17033655325854913,0.02288288941783697,0.03501245551143383,0.0899332321766516,0.09913164802673938,0.019528103076613876,0.029820707620875256,0.20885153564589784,0.03669190185841794,0.29377426859235006,0.12205766611064678,0.2700242245284102,0.1708293651646888,0.08329825113187411,0.08506717214338227,0.1181269228397644,0.1335691245972823,0.0675367893416697,0.08144279114594254,0.16675102296370609,0.04236400013775175,0.044991402344907054,0.07379888417093805,0.09479991520754595,0.03824366282567593,0.06976912819232671,0.04279739198915277,0.856785818428101,0.3069979222402317,0.03562388225787864,0.034696096866213715,0.06135877009862849,0.15035307982371648,0.0,0.03526504998416566,0.019276225665708566,0.03591974493872757,0.24752928450030143,0.018866229691775406,0.04645536537065075,0.13451909005083257,0.046313920294512756,0.11814161467757969,0.38191000831405475,0.08466047271650881,0.3181091433811723,0.08807345800649974,0.03658834670051776,0.38132851067331563,0.029714776721783798,0.056925158615208166,0.13752840701945834,0.12823764586334055,0.024810302786196156,0.10712633762381071,0.11750220151309732,0.07330949291863306,0.04240876701288076,0.15354578230495328,0.05145941480650558
SAR1A,0.3249860761653082,0.05061581334911867,0.10805769552499978,0.10812276003607602,0.026400053220885965,0.046759397475276306,0.027765737358255146,0.6579869025401998,0.27572812858676615,0.037621509936824435,0.3671911514748026,0.051761134735521214,0.03388477339135939,0.07330086408288208,0.037995944600940496,0.04824827737257908,0.07742183772855678,0.029864503868394645,0.08542426825519085,0.03882995075821514,0.02501581206312431,0.08503445725672625,0.02641421571464678,0.033149932147813053,0.057560001053255566,0.19175248657895635,0.0214738675412456,0.16097921403255588,0.021485004102137436,0.28683017406439454,0.10339891587457385,0.07238086585465783,0.023887012473417218,0.022266885554473724,0.03220711657921037,0.04882513691057012,0.052678313941148136,0.04956767362468821,0.06712089763424525,0.051364706867617155,0.018405009017933183,0.04445986575730995,0.1905686792255009,0.8966250644017862,0.1766419295623492,0.05657335652907648,0.28230954312679224,0.4417660889623319,0.0811827026839196,0.4450398300790995,0.02024648736210057,0.02248496304425822,0.16882954389388147,0.026539155022247674,0.0,0.04614516888984133,0.20588667887679857,0.9614248640610905,0.029717212079167925,0.2799005801152601,0.024469061965797796,0.02328020420016806,0.10162929776454797,0.12344169838089344,0.05377292767814143,0.025530134797496166,0.05424120981792778,0.020747280398787104,0.23412308479321844,0.05541633474287636,0.6567056014792759,0.43415571656053215,0.041891633812170405,0.7947173654849259,0.020709401019760862,0.025513848674383426,0.07138366069312302,0.06736672095693426,0.02205964934202532,0.14163872052881155
SAR1B,0.21378829697655446,0.23323891816129763,0.06990305677948469,0.02484359708141774,0.03921621985837459,0.04049381172335616,0.04296434039076242,0.6368080990627351,0.046287217304602356,0.01918881194031173,0.17495248765927543,0.06299395794699578,0.03457642893259799,0.17277181424324867,0.07194444301786977,0.020210479196312102,0.06725504334153605,0.137887529722384,0.31735317825674625,0.04445119080239541,0.18704988798677014,0.019985370322005463,0.04591576506895129,0.02601550305156299,0.01862616014100941,0.03017452480007602,0.07006769729680411,0.10118364440558238,0.024755472798183742,0.16227199012087085,0.02815310573834807,0.049402019413800485,0.08750107532987561,0.018302049736571645,0.02681361874588791,0.0375916055287152,0.03843123696210207,0.22667751704201872,0.053515873821119955,0.5856733383197433,0.025012872080110722,0.04100041918386702,0.035401980319135065,0.05183349963722706,0.16929809705897833,0.05864720728267618,0.0545364185658292,0.03711753187136729,0.052244182436481,0.0325303741829525,0.024662808683871384,0.026421618184122954,0.06780649896198158,0.019399134002251888,0.1036199905099365,0.0,0.09878036594582618,0.05909632917902495,0.2594247571967318,0.1893544561241622,0.10550081710597178,0.19350257212580746,0.16379660855278794,0.4998641958439728,0.01928602323890517,0.9336028085871747,0.02840120136841078,0.14169808919824245,0.1174634457434842,0.10321880688868604,0.028708918496312293,0.2583814481987913,0.02351264018639379,0.03448039812680318,0.040818224786891275,0.05364683789273835,0.03557909710066621,0.029922134257170708,0.022787656898085325,0.034041585125342735
SEC13,0.09077059293467905,0.02650245028167295,0.024410899885570648,0.06380883071606963,0.018715456863229174,0.02188247471064889,0.02133919021332293,0.07437563173410426,0.019314458538047495,0.019342994043034873,0.02337604537461339,0.06318940687456058,0.025925581118761795,0.05012501488878301,0.07479555872884974,0.4613963347853004,0.033138619149382154,0.045785844010797244,0.018519630847345904,0.5528011504855603,0.25467724439321443,0.09149315752274675,0.02648525789240431,0.20033900465191226,0.018219189952008608,0.2526704027081992,0.05335249946466102,0.2477334081559342,0.07177496840768348,0.11573925954219094,0.02933940957850075,0.0330422546950289,0.12929988023443886,0.04341216205297606,0.04469970741452367,0.11046320690200827,0.022551608303953728,0.0324429094547016,0.14336608757724525,0.3541288615176578,0.04040259655713724,0.03431968653397865,0.029180593260069707,0.08140692846167677,0.0367887217738579,0.5709196789151805,0.025870379527252983,0.6105265457711407,0.33638912964783263,0.02431687716408561,0.033689554921246964,0.018285930283504455,0.028578936308932167,0.03856248002688622,0.7468964851930678,0.10054671399313872,0.0,0.4334971197915813,0.08512546671145842,0.02770404183328573,0.09914224070436359,0.1316757701716777,0.13423032109868674,0.032972659736529124,0.1118542854289242,0.031676506002674354,0.04961228062345071,0.034296279824528896,0.0333074750668634,0.07174186410988416,0.01842221862901032,0.07414012824430909,0.10842812983688585,0.366383675486867,0.039526320685540586,0.07192310808584249,0.3865025315468593,0.0543219885466125,0.07379189799751798,0.044422100700637006
SEC16A,0.9111920389579707,0.023092740755787804,0.03201659983816737,0.01858878782642823,0.02197231057858556,0.08225633865329222,0.022940359089140817,0.09958328544770181,0.13879212406301533,0.049555087308443775,0.4804976166853889,0.04699473160159228,0.03687379296536703,0.22554077189421043,0.03576158541049109,0.05301903006565919,0.17371823585066193,0.03236394236292555,0.02225008809351904,0.05272556666516498,0.025966843737410178,0.02470029387376208,0.5765235264338122,0.06595138349104024,0.30909561888898507,0.047757571897495556,0.1084921913596861,0.07851643693528866,0.04016054764289009,0.05145722265391358,0.0301374340231108,0.17391872390425955,0.8199408290454623,0.021416953283827807,0.7304879569622033,0.06496495690974421,0.06512785297373917,0.2078741756850264,0.18463508542869056,0.21640934548482552,0.18012817269854742,0.04939254161319008,0.04662063430748892,0.02425909276689711,0.05733838014223201,0.4286871684523066,0.02530658001506055,0.15095067025967437,0.3163470667028596,0.07856329605644696,0.03278160412445516,0.08461278667347787,0.09643987133560104,0.152930155291595,0.9973536797306154,0.04286944430611778,0.21063280530572392,0.0,0.04900032126262738,0.043534423994864374,0.037619299221661275,0.020244435553834813,0.06861179965662459,0.8389953996890303,0.020106056806367744,0.07618166367888789,0.09519747979056342,0.7419953612565955,0.030054930027861193,0.4018363169963008,0.1847188614460228,0.06271729802214102,0.2548041661047015,0.031775256489175605,0.06680291931773362,0.021276473395292886,0.1583915809174999,0.04674206015257899,0.019149774418979824,0.17330447966588788
SEC23A,0.02184031702498221,0.11982374368492961,0.052824168480380074,0.057326707035956194,0.05559525740618435,0.053205011252408736,0.0431951195129916,0.06729075397231678,0.11548233903904065,0.15733753659735053,0.03982879861320304,0.024142982826164294,0.018684954880162294,0.19764073500399795,0.047618137136357694,0.04660138728099841,0.03303902672421858,0.06612161062086469,0.05325327586226573,0.03383542870784485,0.06575076726758895,0.022970287101120757,0.05406485945079696,0.019165817790389617,0.03833823914203161,0.01938630816789907,0.019024087699079168,0.28696641535583023,0.021431882312851147,0.08472722017662411,0.03117488822826984,0.028570651730870016,0.022411659301099344,0.035499372606709725,0.052980611681417156,0.03800156006410844,0.024729172861951778,0.11545095402303537,0.04757399410517133,0.023438198386393404,0.02025066291851264,0.03168349756126334,0.01960854327893249,0.042826658059385854,0.01813058504323827,0.06559116445409949,0.09615743763155457,0.5136493206912397,0.32222291482241744,0.08145400102151461,0.04074794462860226,0.03529810803622731,0.11450458357798654,0.01902876343576767,0.0499120625400003,0.3075669558281894,0.09423425591142573,0.07871608626969895,0.0,0.027756836103241173,0.10762891826714183,0.026237959614999563,0.41717579244489666,0.12063128691866286,0.11894928238637077,0.02720311574039852,0.024457084606883808,0.08011687109387497,0.16846616577183282,0.050164516018142945,0.1151351667733865,0.024332282038108777,0.052949638619514655,0.05335102910464935,0.02680514579234801,0.03305282072136987,0.055909854791750764,0.03296465031427822,0.02988306451994363,0.054555406153489444
SEC23B,0.01904742913821559,0.34179615925849083,0.060487771187083046,0.17237247101318426,0.01959012606945913,0.02639525890791653,0.09799710433293132,0.4309753649273822,0.022770550891869135,0.5800256867519875,0.039476003801252775,0.0814863673129943,0.042454806699421074,0.13304595086423293,0.12826175360905848,0.02110664432155729,0.1645318610800417,0.027517787040221925,0.029014071449049474,0.02517237617228161,0.024521157403665304,0.02451150429757327,0.03802237838084961,0.11200680218494143,0.8882914539019783,0.025675527883003105,0.21413161284168739,0.11727430394806342,0.42430479103271707,0.21543069597797676,0.06918033231737897,0.019077442505585223,0.030134683622297927,0.018125590150510733,0.16505839372713885,0.0942083374405211,0.04063997112434584,0.07083649112318494,0.9940527572006136,0.413075903285141,0.40957974685501136,0.031706475000248605,0.1293095369553443,0.7438373906163379,0.04176094284673941,0.44819138913571166,0.7660408204890808,0.023884434974321946,0.0558840166781143,0.2964041499212908,0.05089316865683653,0.06309179840815635,0.04488314037687489,0.041635464189679186,0.6650604436614382,0.12549280926871273,0.025418195116027165,0.04808150727454823,0.024896903022296316,0.0,0.10113910452024062,0.03940465793581968,0.1747122976181796,0.3484620636323621,0.029808693439618974,0.051829936950780045,0.1430922308569847,0.02876788830295983,0.03954184966737734,0.09413460181997622,0.02616764168080575,0.23444527206145638,0.026637000876025902,0.1636465990164525,0.02604358151063067,0.04663938863719411,0.03857663774598877,0.06960244484924497,0.13799043743110634,0.025342969473184433
SEC24A,0.2688550354650315,0.04212194728665434,0.11891170830120401,0.05082477715526033,0.11867282778654523,0.02788462638584596,0.041955901476536786,0.10432312884721613,0.7995711237344962,0.02654196580378657,0.1842379826231702,0.05126272203687497,0.06664774839511844,0.13257225324621305,0.063316228482638,0.6428095910305783,0.24590757806698277,0.08752608766339294,0.15199537758786258,0.07348547659883087,0.135918296162432,0.019306415829748114,0.020915346582107332,0.06148813119730294,0.17830734689694125,0.34017341851635396,0.3172619367108995,0.10260148160020612,0.040613338560014846,0.12251329168944503,0.04123296585635624,0.03081630125910036,0.029104873232214522,0.5776274531652226,0.5665198391302927,0.021589170462901652,0.030796876309434295,0.020327413955841558,0.2079684761054105,0.7124242967108222,0.9470424576462874,0.31831802811759097,0.04481000624446813,0.4155333144698455,0.12527832873224604,0.043558095329828225,0.22969657349677788,0.07981316379572796,0.02735865902901482,0.44996458468533107,0.04537724072491046,0.06776006277703324,0.06260919547870096,0.08928395398394624,0.027345943944785237,0.06526618281049192,0.06148157136094538,0.037351154125729334,0.06028021403569785,0.08417593466793874,0.0,0.042937330124136835,0.13529711727380506,0.02936408053594607,0.050471820905379265,0.02179185244699056,0.12161810042413326,0.18035760148242552,0.2533120846705072,0.25980744476116785,0.021012908139317034,0.03139254777306929,0.04227680617197004,0.04877728499712678,0.0712142217381185,0.1109903968004919,0.018477067538968304,0.17544545858308444,0.2140671655370168,0.10339604615040529
SEC24B,0.022698739035776554,0.027640187624542022,0.2810939101115349,0.03202642116417792,0.02200132952202562,0.027563945278733768,0.05050352652268314,0.17331018665958528,0.037756171917760505,0.03697736085687736,0.15016589243674044,0.05743870851387932,0.23607511504402248,0.020379934138584688,0.02555990730587701,0.20064616465970778,0.024366449065964947,0.02286245489091456,0.03632182845894053,0.07540766940388317,0.318213312542035,0.05471178410742006,0.02332274543949961,0.03160302933046055,0.0204911801919289,0.02253400364061391,0.12666337887212542,0.05967769469233545,0.1268538610591298,0.09131012003703895,0.03993865268334149,0.13859662669739087,0.04701089811707667,0.04249173127179461,0.023195322745086296,0.06575366814238288,0.09702468034353781,0.03640687220645674,0.06929857255511339,0.25370090842028636,0.28297793877180233,0.020868204199597777,0.26661437752238626,0.03176023675700085,0.02855876199135713,0.02016009088019747,0.11138913131347405,0.09085738768241595,0.49803681526698473,0.11752589419546673,0.1019911852013539,0.9023684620450627,0.01934933513042246,0.049126357098315816,0.028935219694793016,0.1832945419892719,0.123089320292158,0.021079580414109716,0.025283823230298978,0.046145181218267474,0.05811095360932344,0.0,0.06827747711939783,0.6521840482508172,0.11605233251539636,0.11688451612840557,0.052169682070679915,0.04362369089647524,0.2918051387459751,0.04434660790566783,0.020529754182565002,0.22278624979422917,0.08235192976785968,0.19929172633079442,0.026438828988882584,0.01799387517244168,0.1524520460732641,0.019748296035689023,0.09712294095169983,0.019674164339022204
SEC24C,0.0802802639827723,0.03472543204865381,0.020004507125417428,0.025839340680935727,0.05309729172704986,0.06385908489344526,0.06047728210338004,0.022139551610537968,0.025941710823831576,0.10348664774826788,0.07474613328876302,0.033221990260262624,0.020044145793149015,0.13271079678448228,0.03017471372979379,0.12590902499224516,0.2228045804258649,0.02065361133048903,0.021751748651042284,0.06830426336373588,0.04129269215577546,0.022005439424709495,0.06762083835799594,0.12072658268094952,0.10487169114047025,0.025048773585928323,0.10214971983669258,0.09443785757539933,0.08249496740031978,0.2687073871620223,0.020780158350295574,0.03624193081353019,0.07669211527455466,0.05591863414549089,0.13523372971706427,0.047598596684026585,0.13173327054229547,0.1920908524554568,0.40020120338547316,0.04388140510857379,0.03915558559005207,0.05946909739488067,0.018243148989472654,0.022797821533620314,0.16747944329189945,0.06685941195696109,0.029059761267973386,0.5835667240438719,0.07346214608673628,0.20353702187090184,0.08861062667456268,0.029340329637870675,0.0762014705735703,0.14035233752797285,0.37229426405662086,0.1660589934287827,0.13323399211314754,0.11217898710309088,0.35805080258664473,0.2784048373864574,0.2701456644729879,0.0713165592471846,0.0,0.16529171388427547,0.0869589769425906,0.03537812141305719,0.048885680706576715,0.01856843000143965,0.035411671478274016,0.019287627773136556,0.23015629389075384,0.2786036134587247,0.08843852202114388,0.362954120330995,0.02945105895752005,0.06818113986460646,0.07436033248526033,0.018580047030335816,0.0343027116340241,0.042819732592093214
SEC24D,0.43381514147497213,0.02065161680196555,0.12353208859938698,0.411686835437212,0.2062223567849594,0.0996131896556967,0.018878544464735032,0.38096442873727276,0.12138577398772818,0.04892033578549485,0.06846640944179382,0.759842164656555,0.303681017719705,0.06073595616517145,0.10011900439552184,0.01892274422234796,0.12384977151499119,0.06479066386844662,0.04776934635821673,0.04809305182763134,0.031009574620693595,0.042061366274931365,0.21309947674297838,0.31263127117923695,0.24332567992620033,0.2856749030305195,0.06434543908804974,0.5215567710051612,0.019237437489858386,0.12308253653569792,0.12629456149382562,0.3711564723602694,0.01911390676217627,0.045925472997841305,0.025280276146199907,0.02075478598403952,0.6813317955087003,0.034209668703312,0.3460099693776281,0.3169523034519519,0.15489286086294057,0.07780575527332377,0.32759224929864145,0.057561629676339904,0.6724320625456865,0.022592550440795497,0.024735508224893444,0.5215150308133665,0.05514801846000954,0.16217516267457738,0.04590280417372615,0.09339114075952351,0.14639422972095756,0.21181642911760884,0.2150402353652744,0.23082232702761177,0.0273788434592539,0.8091869860022465,0.06314930202675732,0.25303206712570403,0.02898145604920523,0.3368159864590731,0.08730625710520626,0.0,0.2260115740864796,0.02868108315947559,0.13202303977266372,0.08474336818085547,0.5254810173765153,0.11467695294966891,0.04636222541381059,0.052818986112791226,0.04965344311668353,0.11055742088710152,0.04394417078021126,0.05833104876342394,0.029407336706862863,0.08933944240435646,0.07946217240138749,0.018346539863904915
SEC31A,0.02303757028913893,0.018397702499348165,0.027108761165161428,0.15736109688350983,0.05324327957329389,0.05799590853216179,0.04981628260317335,0.047953363861328764,0.55788349563571,0.03500793512326485,0.02089075701711635,0.05523233781792637,0.23267436792952814,0.06409559284206334,0.019821248997670907,0.029188069657587745,0.10681025989311281,0.018329365935890254,0.11442085122409788,0.28169392031563617,0.22065014313995726,0.01984311042754214,0.4152967759249918,0.3397037791127589,0.02287251680420462,0.057015664302448685,0.03806510311719443,0.18387643553444846,0.0579384755263861,0.03343404925993222,0.020686877893982412,0.03093236461854773,0.01874222876895552,0.07069752158722208,0.034813022308895124,0.03814711510121291,0.04078629159677368,0.023738276371318177,0.16821189637624667,0.1201243609068016,0.47830961784042103,0.035592506669489814,0.04346148159729668,0.060074775332907386,0.03086732041755136,0.055062910803391533,0.032658297809353004,0.15924260469139062,0.36862022665653466,0.09909954461370622,0.018367047079255405,0.05565082610500145,0.021536457464300083,0.10174523271461426,0.14348090063212385,0.019327112213969988,0.11560616590607503,0.02106810153618576,0.10960867101911617,0.034199808156963676,0.07785158474041354,0.12829151890413454,0.09007500807594727,0.5203129534464627,0.0,0.023957211409641885,0.01998231373222796,0.13125710031118318,0.47917018443293036,0.020792902448017708,0.19848380329250345,0.04078712778490846,0.09162990227511598,0.20301478363359984,0.02656301937610335,0.02178129313093865,0.08721373164813374,0.019366936685819545,0.04986305779767657,0.12249346491486432
SIGMAR1,0.09191390364566786,0.024101197697246817,0.018102777294490027,0.036968172599754885,0.019010367756232906,0.0299593016747161,0.025696245619596412,0.05462898576486378,0.5178481262329532,0.04735972723333583,0.06107062616375981,0.6315219752673944,0.07632547085400077,0.28832858922979754,0.0382214177675573,0.04797344780216917,0.05584761496998826,0.07768797245701302,0.05097941633058609,0.09113013649448076,0.04239609519730658,0.07627528383635242,0.018668200595470613,0.2039612754842156,0.07211067159748191,0.0501972894412897,0.4822103024686303,0.03139876704353117,0.05389649173728155,0.2417650141620903,0.022654461903879538,0.10624549332008074,0.2139630902580559,0.02111725659197743,0.2639391048850917,0.05994453547087499,0.15619328844127472,0.05539824790660959,0.9916834395908796,0.26431387487602453,0.0352442556085696,0.1144911450764865,0.1728745475180276,0.11783805353033609,0.07957774395163215,0.057241690048512844,0.0467586695515713,0.9934079435820546,0.037846483317175744,0.01869351754039608,0.020937769496177774,0.11910773537977935,0.2036993737756242,0.2155273308907722,0.029892360307116964,0.7483079114395339,0.02763946466680818,0.08230320330441131,0.024128075259521556,0.0490767757028863,0.02207006951372294,0.07984502611689791,0.030128144017079958,0.029982696035364655,0.022262166281978083,0.0,0.09697981138185437,0.29249748518977237,0.9238372711716987,0.02591310452693773,0.02046284932199995,0.19316021266692932,0.07960092103445875,0.5917273246716536,0.02231795569606589,0.0735799350153621,0.05497986490852685,0.5735794104801093,0.033020271540840945,0.07667474653350227
SNX4,0.0449723984002939,0.10905920370925988,0.06362259420248864,0.17748694216783495,0.09785002959513904,0.1556722346750088,0.1524749774905637,0.18693234794033203,0.26623278086285196,0.023751384501390024,0.1055641534090485,0.11110611342164205,0.0706015661941349,0.022057624060831234,0.043713532482216134,0.25076745612983786,0.03716049617872632,0.018125319250304892,0.07466671081903628,0.11557345784967957,0.2376176305960722,0.08554390230218156,0.06678009507580014,0.019474017499625098,0.048783234926809214,0.03475755674422083,0.21030474788430953,0.02453138793704678,0.02960049260601757,0.08750202779769027,0.0991762666599322,0.057277215536499476,0.03205952759959714,0.2641621652819615,0.14743665569707484,0.02578779833324275,0.05820732683333936,0.020601309120003887,0.24082312409335072,0.032417832160970876,0.04405096344110655,0.02983051729712641,0.037534039822516865,0.07367403480551296,0.5205680061456339,0.06262676262927143,0.02731792269223205,0.05251641307975574,0.04705680372657629,0.09409050098098527,0.1317068856668445,0.2650941986781782,0.06220288906108489,0.10348891876162539,0.1413374941701407,0.02858419729723907,0.049765821737892284,0.17412404487294644,0.02400153840729854,0.22651146578262285,0.24141196882343408,0.054455452191283435,0.04923033592914733,0.2830042351833878,0.01994894698216768,0.15994793007077351,0.0,0.027093357014126265,0.5483447448845463,0.18902226327322755,0.19199471500580415,0.1449492155382321,0.10632180991065253,0.01812551389034947,0.04454942667414361,0.03010219494663941,0.17117815559639016,0.06194938429716715,0.08534492701614416,0.029827195809360777
SNX6,0.09199983836944442,0.059977520161363033,0.29476690359294394,0.07143852991163083,0.05698281720405144,0.0356484480911434,0.04090498461123087,0.13697945985898655,0.055941578997684045,0.024745253585122872,0.45947862725656924,0.059474824809518476,0.07355134595871068,0.037102109000161504,0.036550342859801924,0.04166138427055283,0.09045042789027653,0.06692490659908155,0.14972485955783432,0.1971976056060225,0.12248317928481034,0.0274697861733842,0.022790234220963546,0.047680232692747876,0.0542850679374258,0.07643218818275643,0.05918339457200804,0.06913570874079128,0.1542149811216205,0.7150880527190757,0.10298741680512047,0.0673754940214244,0.18429064710065507,0.03107303211462379,0.07247740156154739,0.08820575420007956,0.13410668290525476,0.03140777973264549,0.22179342278025388,0.1647488255282323,0.5394290414532348,0.022601206908202953,0.03528903441183512,0.03601540893742293,0.026058331028458028,0.2511424508818996,0.02479134128383028,0.05650627402112149,0.023392614859488833,0.02902992923294343,0.04117849597460974,0.392683049057892,0.03415431557347165,0.03803767573443769,0.023362032679446015,0.13299368778707055,0.03334552739921802,0.939078122673388,0.06881044111393719,0.03151073743940864,0.3417168722808874,0.04333281562598129,0.01854474490842085,0.14680988451587146,0.11703386626708781,0.48306555365530895,0.02658014647240109,0.0,0.04387693699900476,0.3154927387683197,0.06551201911818304,0.536146375509629,0.03986023093702294,0.04241784620576449,0.026805151412200048,0.026693746790409395,0.1352979872589862,0.07824557310990331,0.022885983559195452,0.02020517134128982
SORL1,0.1632607671394802,0.018136324987840208,0.041169278595521164,0.06363914421698172,0.04120846304524188,0.058780894660047905,0.028639750984954783,0.019780020080548875,0.018390150226626635,0.03690624341423443,0.04012704161127716,0.01965341291975305,0.09162410577970151,0.06004507188624218,0.01934371635529346,0.019930222188824877,0.03770058568628922,0.17037677246324465,0.9155847075120793,0.17601666428584023,0.09710967565416424,0.041215234947873124,0.09576886920694579,0.1534147127515613,0.1271379563219822,0.024493749902609767,0.4859465231447781,0.08628142525542722,0.03954859974849955,0.18273830222093393,0.06943031363193419,0.10546164220996565,0.22997620758578421,0.10399250165433446,0.2149819926933089,0.018702223140487594,0.13378892407428383,0.16811230260245222,0.15938016256016554,0.029886635863672115,0.05936999902458641,0.12508074106514494,0.03348587864293704,0.5743874706208003,0.05183534556072744,0.03223394537969961,0.28834892584884886,0.14690530302358656,0.26210758215669805,0.5771355100499262,0.11478540360405731,0.02349561765559952,0.037168483932682135,0.28901079903111576,0.577192367950254,0.0832840160698892,0.029445763858558106,0.03183235507463709,0.09940805537213566,0.03949760951294576,0.32745742124400434,0.1948046387074238,0.030996158974804473,0.6764069256959849,0.2826931993526271,0.9451229569119332,0.34057274173414265,0.037953524624002755,0.0,0.06979043821547844,0.035352860255808326,0.024318093210870726,0.02314837819301873,0.023344572021546117,0.26838580456691585,0.023155403687958803,0.36574427612408156,0.16168199772381098,0.08472251608410399,0.024469542944287173
SORT1,0.02274720353333838,0.6975344244308435,0.020791747822855595,0.05264659245729725,0.04334117636469868,0.07952163111867232,0.0656936515844999,0.4498523882826473,0.05198707847045752,0.01873783077997832,0.10787785854365242,0.04450803112068824,0.08215264395365486,0.02036807832322769,0.04252545658242786,0.04815655480941373,0.21995583051434453,0.13027297894214582,0.028007860934448316,0.022882486983004532,0.2017635971140098,0.04753529004858289,0.06813973516447115,0.03152610187158223,0.12374689710126938,0.05069170860466428,0.36421006777980447,0.1693962933519195,0.08341266356438554,0.202689508559447,0.054323168762650975,0.03027667274069505,0.7148508573304784,0.018995429641609104,0.0636904592513343,0.3289535989413336,0.05385109730553484,0.02016077983699612,0.8218879618659937,0.022932562245886357,0.10163366040131314,0.026918333816723893,0.020551495543379674,0.01872585803668151,0.03981038180694165,0.19078591556149851,0.17347487105977724,0.17073311528711452,0.018538972131985812,0.05467327167062471,0.046525457157520385,0.07888519569740234,0.020620931675464867,0.030804445190111614,0.1380679644777048,0.10020725653776577,0.06904556280699324,0.705817180068983,0.04576359808624098,0.13103412235416564,0.5090414220975216,0.04467222607729744,0.019254404691326908,0.22229178032643412,0.02065180764116114,0.028705489781673803,0.17699724745276624,0.3267594279327643,0.0923732597898309,0.0,0.04082873898398192,0.025966297730707487,0.06247277245497543,0.06869368376197592,0.022260798445059366,0.02184076649036165,0.055293156088546465,0.027434140704076133,0.2033739057764899,0.08430615478802633
SREBF2,0.052211522453889866,0.02683828111994037,0.048993280938789234,0.27558675556454304,0.06868948088137697,0.08376307461594927,0.022381325716918452,0.03532932841775805,0.8992586224675457,0.14374890314619526,0.9204522777420415,0.5201448085420411,0.09675836862680523,0.10677216209539339,0.2180598878241938,0.020451079478650217,0.2607874861607326,0.02474427288355691,0.032590626110299725,0.037808219318398485,0.08150362250165953,0.019572150589131265,0.3449881146528758,0.026690822781963462,0.3640839808893837,0.29353299472982874,0.021731040464084875,0.15997126505410084,0.1837666314540795,0.33416268062733806,0.025794174953877144,0.04589055440433985,0.02335839135837645,0.03600746471609995,0.2033360515349236,0.04020312708100986,0.019690385682144148,0.17112664631165495,0.021417023366834872,0.3014043545181064,0.04842758778204753,0.0488149648742027,0.12259178791864485,0.044788301468410334,0.01880634096871206,0.023144398919573445,0.06405506588832312,0.4540372069146932,0.1301433030661153,0.18389640774525384,0.024036418551194875,0.07602572339497574,0.1818639807791028,0.05048039352816255,0.9614453786940524,0.026382096489908278,0.01833835984148333,0.23809131426985514,0.07482044762189477,0.02628586317271877,0.02147126632291495,0.020100842495085383,0.15054674008935795,0.054302607528912,0.12654377622972063,0.02064351942875009,0.1265520615543058,0.053985390555143516,0.0356744442083569,0.03566618705181804,0.0,0.4712326214811238,0.2198422373106135,0.038920772286414544,0.027536305622407244,0.03884197915537493,0.01893390865704491,0.03880513272602047,0.024137006475729493,0.02851742284172368
SYK,0.04058408170191871,0.14656637687050342,0.09340765290920014,0.06928101089300624,0.02194492185718064,0.03194702084105136,0.023911237769182046,0.10999170069004953,0.39801419226786594,0.9478559470406689,0.030225992692533173,0.31538930113575986,0.049911869967246225,0.05717902244010767,0.018605126666521195,0.2836767728291007,0.024147970271081527,0.03114534805471486,0.02975764073279091,0.04524229981248446,0.03653163346110427,0.06477983826553203,0.04906680838189674,0.02019132516903795,0.08290434267750764,0.19931315508165026,0.13776922350887194,0.33239991193388707,0.06114160875858326,0.41800326773261376,0.08691469046581583,0.19828566006197548,0.5185523585489834,0.0653545235310995,0.3458068560430197,0.024585848340591854,0.5652928402585797,0.03567612076770824,0.7722207047481267,0.22375926328141885,0.2087348914931116,0.258806102069813,0.23610181379053685,0.021618820233706534,0.040702171159426766,0.046632582743875446,0.23576081181462258,0.08411570971012669,0.24869232834727376,0.0452107664547901,0.039474610107991095,0.022952404051775763,0.03672468719942399,0.11313396230798466,0.8605507101757174,0.1707486153311222,0.057250990000917275,0.07355904769079326,0.022636043634554116,0.24255926377078454,0.03397606250757404,0.15704355937616443,0.18050025983214377,0.06345260861855508,0.03460224286257076,0.22374970955638393,0.09996833754752615,0.3828460427781419,0.024445070066353606,0.024458027880120355,0.4748544841511242,0.0,0.06089265859501668,0.04584199731648051,0.025133148281438027,0.04316036678838705,0.38706401492296055,0.06419611252307636,0.044847826074645845,0.019632831821424522
TMED10,0.38920645120677155,0.08304384513360721,0.03367540350313654,0.02244592889824537,0.021731644451038198,0.02114359883371263,0.02345029365418875,0.15367002470320312,0.4267495695912836,0.04281211139294284,0.2928715041896074,0.30331845069017566,0.023565398445102435,0.03192892169324943,0.07886347377862485,0.022537531008018096,0.09727486242635819,0.048252386761072255,0.0962298505130052,0.09337398013554844,0.5455061340456994,0.17063717031688666,0.35780835114546405,0.3415987323131214,0.022755582900172405,0.02056324639028201,0.11910140984758837,0.10883252096554452,0.03123501094717135,0.20772245532001704,0.08219949051874356,0.045891787095451914,0.31608020563044364,0.022640721860551934,0.03847154332727285,0.02622641413186754,0.02366972543047289,0.023880754012500543,0.37229382894267704,0.029183576667331138,0.4704040191838024,0.03212299282942438,0.15141977207422794,0.05849238402011585,0.028991886725558472,0.13405477358236845,0.21230353625007217,0.027224897531478352,0.150783811231948,0.03524391197880838,0.03661460592688285,0.028053093485949327,0.032996121322270484,0.14724559340388577,0.08533002390608672,0.023427062663829573,0.10404582362159494,0.49461313590630607,0.048281790790689116,0.02902337889724435,0.057735335237778365,0.08388217017698227,0.08572979020872418,0.07438447692636505,0.08572221341429309,0.11903884748658936,0.10154736648528825,0.040505871708879995,0.024474566714350915,0.06280365418066575,0.3305721018040656,0.07712671134767887,0.0,0.11882807479733098,0.5919311508727819,0.03418710362673045,0.1303194011870035,0.053313009359494436,0.01828542492475369,0.03113211781090553
TMED2,0.05903319235741717,0.046431796231666725,0.05611004842021687,0.04755013282298764,0.019658571729910264,0.022294809402711297,0.01921103601851272,0.040450104631958674,0.018466849773000445,0.03218625836509209,0.027523841816490376,0.04873218235133066,0.06617926242011427,0.020287343715157724,0.12620985328993473,0.018036554051924523,0.04073264552989698,0.028661038368876332,0.07205949704583782,0.10711273228559537,0.13335707872505417,0.05107140748767689,0.047664871041497435,0.1491015745329681,0.2000306789829689,0.04799138370094663,0.02183031496654099,0.10433807246791661,0.03601532919590306,0.06637089757330915,0.5840794694002446,0.05577856571861855,0.03272694762970519,0.04192635914523243,0.02973738864571513,0.023550800295333,0.09957312467809634,0.08114899485653504,0.2938873807082518,0.3404222849920913,0.24313137424612796,0.04491687370361266,0.018559025290739058,0.0574515134298483,0.0354803649341166,0.22527667393764644,0.13184986859658926,0.7265039537015425,0.045875262096655704,0.15739656953533898,0.0433965468941703,0.0547899978874788,0.030644217276039717,0.025146853598377903,0.9966384031663644,0.033481202656346194,0.3227842687463182,0.03794627463823289,0.047103443082849035,0.2307113280623291,0.0670762250278536,0.1910316094608823,0.32259735162416203,0.20004519510787952,0.17336228640625745,0.8092954518295286,0.018117279910680146,0.04196858318024542,0.024475130421768364,0.06622603724444702,0.04416509563123259,0.05317445860236612,0.11222375793931305,0.0,0.02259316321393849,0.034768503431293014,0.028498974234537604,0.028768114867785303,0.026572168587757912,0.026526265132568918
TMED9,0.1444045958326795,0.03193834406268934,0.026398781044803914,0.03397388637470109,0.031807169821046796,0.03324212628561769,0.027039554205689587,0.02549528365079144,0.23955802455145728,0.029688350703523405,0.048956462944513196,0.06461090942895586,0.04035598904257548,0.05950739386749754,0.15282772215138293,0.06283834040823408,0.34990515264222755,0.02327676836835259,0.6413652759525585,0.03307608837053566,0.0417533391108654,0.12951447983381859,0.5688032341458958,0.41590584821585713,0.03834175082161141,0.19094786501370511,0.022716571128181328,0.14949956076500845,0.12379279180436648,0.07044446162107536,0.13296675039614717,0.08543660577419593,0.2516696982403738,0.02297975100538749,0.06261687893962635,0.07636511742913196,0.0545081328015539,0.04097835369261288,0.2661201956020798,0.052926950532714574,0.10841024871795812,0.042682397857010924,0.57290568169556,0.044267735009472856,0.08313011545898757,0.10631793221069633,0.621618443568111,0.04349628531220038,0.03100836254760936,0.023263819070012355,0.025775166745858284,0.07904873254401454,0.03425796194215286,0.12048278517908358,0.023370573314157605,0.04017932256336568,0.038609338383107164,0.10357663914512599,0.025837801617014218,0.02816336774300964,0.11444310807840173,0.026506076790535148,0.029074556006390206,0.06240435142688122,0.026067139459602647,0.023702829635102552,0.04324840978990717,0.026958853158046983,0.41082780959275295,0.022253232185456967,0.029943860988205766,0.02680701418106406,0.585648312901495,0.02273406896602555,0.0,0.09252126529983631,0.09513148116157821,0.018185494670669582,0.1097244490260609,0.18266902914211544
VDAC1,0.15081329942336658,0.03107482032999038,0.1064634012512609,0.029136030002397343,0.0756532466607685,0.04663325026970551,0.031473922096881775,0.03282701586785797,0.030552772235100126,0.02193059671504734,0.037075465558227536,0.030750767457347387,0.023102654992729635,0.01953685286534388,0.025837658770368827,0.04259536300312857,0.18267430019554473,0.055251660011082775,0.026784482367143075,0.0369085875830751,0.01987655810228065,0.042312162413842176,0.05420409561018297,0.025619987492424744,0.05501386728234945,0.19754697453439862,0.05767228301242453,0.04690024096468444,0.16166046218081934,0.01978053278127958,0.02404451818003769,0.2080911199254561,0.04806698516364334,0.19927556431687005,0.03726519133167864,0.045221873764558704,0.09445921616224666,0.02493678750691611,0.08829051461675089,0.09295023128589044,0.039712508605028375,0.13602648890077465,0.11321738857039004,0.18716281391111803,0.025389922999666033,0.03697575918748135,0.04683013055221269,0.43373328204545186,0.023982433437079405,0.028370222884627563,0.10462110683538561,0.06353078336820844,0.1052459330023587,0.15729273277337166,0.03649032501102773,0.05792102876260239,0.07793857975286443,0.023047302019577318,0.032894398613531856,0.06310751166705837,0.24290458940115447,0.017994645087621147,0.07407836549047953,0.10602196123213713,0.02194884457124036,0.12482770364813475,0.03099099102434472,0.027860344685044666,0.025144452177643085,0.022231096690583728,0.04910039029822517,0.056042489752610065,0.03612403345685856,0.03767239116541718,0.10685583176929635,0.0,0.04464885013729876,0.04699559202758198,0.020261066656095356,0.01911599753755048
VLDLR,0.01865758351952261,0.021591961232670407,0.02936810586993694,0.0333366870279826,0.056499240897722125,0.08719615996290583,0.14211116225307405,0.03954005878356594,0.45985617781754307,0.45619217528213823,0.03523679834179901,0.4027974715888781,0.029032809783675333,0.032557422141954936,0.05188947079780412,0.3883630416213951,0.062184015629045845,0.06211760445003804,0.16118728054604875,0.09551754470072073,0.06078121332920775,0.12478410070801786,0.4421743276740494,0.0613440853144535,0.12532362605294356,0.14192802562412699,0.24868414134300382,0.053716016393967336,0.027742802565985204,0.0306931413735624,0.06181450211472308,0.06213340101735921,0.11579006733967463,0.020457585614927918,0.1886250507520242,0.029157140976343386,0.05506954293694332,0.09754135501594895,0.23881833027931731,0.018455891580953745,0.05445628042116618,0.11452960419873388,0.16098258061675932,0.5666440008341769,0.4270256103307226,0.05321611132682996,0.34436910603300847,0.11846738924401722,0.1034779797909835,0.03207907976000697,0.07193967645173541,0.08209937498169939,0.09209456342675364,0.07150889788846547,0.1745510264652316,0.03323303095086847,0.2986805894419126,0.2472629625049694,0.04637779199099912,0.041966605291684174,0.018602492449593333,0.1311034593400269,0.06417183120877816,0.03380594942266243,0.07183887603776358,0.06638468404129705,0.135627454442108,0.11871810352057989,0.4603394876424576,0.05038526791662825,0.019029998425791894,0.46880103116833827,0.11065807450511984,0.027753034793670806,0.0833579324609868,0.038634107326322525,0.0,0.2309797225204084,0.040746543502928605,0.05288782395903756
VPS26A,0.12476011302027744,0.024335318399952097,0.04432031897956316,0.03656331857595254,0.03112594370446753,0.07124172923022339,0.10012654329668451,0.02449464000420337,0.1371835570720975,0.02854758121233717,0.029587238668352178,0.07442223038798246,0.09098861886063714,0.5144839632808937,0.10787577304600517,0.042990315746518945,0.43636913572901437,0.018826073774104547,0.824401867835495,0.030912383656602427,0.07580921047767791,0.021115003973287947,0.02763480011219727,0.04500941351809255,0.06683553506300705,0.029331537183895095,0.4135450995300842,0.02302498927587585,0.024464071335332828,0.07010519081333366,0.07441069137796058,0.1441523100173749,0.0449775451308092,0.08046064071621936,0.08170175414991415,0.1406028549788328,0.03239291586773407,0.026754144679338905,0.40488833505185384,0.08470356076657856,0.0941844377541698,0.020073000429582544,0.28749295907174766,0.06744886533057248,0.032735379978227,0.08451180879113447,0.022702578165815987,0.05478063661548264,0.026898886438808535,0.05418288603323852,0.08623994875650122,0.08761576326389592,0.1504755694583609,0.045303587940627825,0.19314287447611764,0.029734098468422114,0.052974918228069476,0.06538648303442537,0.0313033397636635,0.09266923619696515,0.34766718227036936,0.019773850185460025,0.018568427144626615,0.1638896010060548,0.019307315188711996,0.8232044484313477,0.06002255980157292,0.08067745493326815,0.24587291066217992,0.0274983605143898,0.0453787029716028,0.08222630364731451,0.05338098547501316,0.029237923916686278,0.018186932650765708,0.043626498957430364,0.28339025392910105,0.0,0.11338130202373622,0.2564077427100487
VPS29,0.3739661215923471,0.20581423681661673,0.05039864614704151,0.17780204314323145,0.03706878656966699,0.1452782180093965,0.09177510120720345,0.08208082103280014,0.021755095597138983,0.15365661323138533,0.054273436739308394,0.17523590046771664,0.020328868125814376,0.051599287755266315,0.10508899962441497,0.033018414846035425,0.14321488137468966,0.07048897191509758,0.056187003149944376,0.26538937159022946,0.04139603659279898,0.030548305208335787,0.02812067534170318,0.1142632518711668,0.024908202136621174,0.019805846236819614,0.05151094562911321,0.026802126909302268,0.02062304878155807,0.03261638151196392,0.07949521900306057,0.04742257447042569,0.2211069029154914,0.13310051924364907,0.5951824420346891,0.0798438102015827,0.018464450747437442,0.03201628671404843,0.039456019190458005,0.025072861044778585,0.035459981833503636,0.02029798661450126,0.021651878679468307,0.045158240157397896,0.06667469776036379,0.043896089306301775,0.1309426614727129,0.4015131969668493,0.11606014652226065,0.06466062654553267,0.1333539010876277,0.526194055741417,0.06986089904000592,0.18267412670824035,0.02646337264819599,0.02278372779552789,0.07263421385878994,0.019607455593599686,0.02877110336006049,0.21065795159710624,0.4388492605173517,0.10121836439183345,0.03413613097150651,0.14377736097375904,0.04837211524682514,0.03963984516271957,0.08349947325919448,0.02307272365290199,0.11973036815023208,0.21095357871941578,0.025751413458711313,0.05443312763209902,0.018289375867559497,0.027061632621568462,0.11334111429056593,0.020098489514722002,0.044570954320629276,0.11572373198768394,0.0,0.8304178441872987
VPS35,0.019842437673844367,0.08859092978020325,0.1211094543576855,0.4102633425398434,0.05284591389508964,0.266393826022139,0.08417611574553754,0.07411430857409486,0.10109652727929,0.2675547450709342,0.02568721915050221,0.3992327723486294,0.05198041381721415,0.04406621048381607,0.02596154053516538,0.08750789476102588,0.20265234491588915,0.05482589692461465,0.08079534955345986,0.26425216294002235,0.04928149072662384,0.03370872829497268,0.0181953837088901,0.029674977611263885,0.1803540844458715,0.041353162952421856,0.13703191172225612,0.033816391842156374,0.024638033134616908,0.171328985565206,0.06362088186815462,0.026026893832720315,0.031042331075942734,0.11534629890921765,0.8071755456537708,0.03799849518983062,0.1634387376223865,0.034361561088317776,0.2560801895678979,0.030133238240895813,0.027147381090384077,0.037876147097478476,0.03058129194596327,0.0588644191306895,0.018029788032658735,0.07612441513149923,0.3390065378023451,0.09770638691282131,0.06781934354051573,0.10712315929817036,0.08761757965291668,0.06269529574720371,0.12300731020254138,0.05521327666338874,0.5201473404855046,0.03358467514424974,0.04317314918784181,0.32904630347074243,0.04923823615074073,0.027227763756567613,0.1833262197500605,0.019682467731016538,0.041802708386464535,0.01849253320625097,0.11191802024382878,0.11213607491312017,0.02930682011288229,0.02023446739120351,0.026112181896475836,0.08387099511674319,0.031190582559177792,0.01996433353668667,0.0309996614024121,0.02678783113840204,0.1819589198389244,0.019015029356184508,0.058049473958271876,0.25139458216701277,0.8135374783522118,0.0
