version,variable,protein,beta,se,z,p,n,strata,strata_same_sign,q
cell,sex,ABCA7,-0.04495970760904815,0.06284516465293218,-0.7154044047357023,0.4743591915285851,1087.0,6.0,2.0,0.643198903767573
cell,sex,ADAM10,0.0839086944126444,0.023463259144306234,3.5761738766375215,0.0003486597952305785,1313.0,6.0,6.0,0.003486597952305785
cell,sex,ADAM17,-0.030004314564471585,0.04846435790100188,-0.619100631143435,0.5358500675779971,1281.0,6.0,4.0,0.6914194420361254
cell,sex,AP1G1,-0.006820602518263672,0.03763478477670131,-0.1812313411311475,0.8561859952418425,1313.0,6.0,3.0,0.927361466084295
cell,sex,AP2A1,-0.040299650102703304,0.024306554826575885,-1.6579745829977173,0.0973225966813039,1313.0,6.0,5.0,0.23593356771225188
cell,sex,AP2B1,-0.039236113847443174,0.030024369523351763,-1.3068089179000706,0.19127761567517476,1313.0,6.0,5.0,0.3923643398465123
cell,sex,AP3B2,-0.02408222826858257,0.022582962083320522,-1.0663892619458182,0.2862477137600815,1155.0,6.0,5.0,0.481533988826422
cell,sex,AP4B1,-0.073207052977194,0.061286841603580375,-1.1944987057860923,0.23228294667041072,1079.0,6.0,4.0,0.4321543193868106
cell,sex,AP4E1,0.0674283702344498,0.0644632227889306,1.0459975055114428,0.2955621840861643,1178.0,6.0,5.0,0.481533988826422
cell,sex,AP4M1,0.1438921289078991,0.07633026520498085,1.8851254940813382,0.059412896820918486,900.0,5.0,4.0,0.1828089132951338
cell,sex,AP4S1,-0.11300507153171163,0.06065181742283838,-1.863177004967368,0.062437366994849516,1240.0,6.0,5.0,0.18499960591066525
cell,sex,APBA1,-0.06788592589166872,0.04025089681640656,-1.6865692757433897,0.09168620393123711,1313.0,6.0,4.0,0.22921550982809277
cell,sex,APBA2,-0.142144548918702,0.047961135854633415,-2.9637444231832086,0.0030392059033090215,1313.0,6.0,4.0,0.020261372688726808
cell,sex,APOE,-0.0314438485598861,0.05341939946180346,-0.5886222772378681,0.5561146864286658,1313.0,6.0,3.0,0.7061773795919566
cell,sex,APP,0.04495576603337876,0.04337587486825402,1.0364232691541868,0.30000471931672434,1225.0,6.0,4.0,0.481533988826422
cell,sex,ARF6,0.05405652823799327,0.04457856256359703,1.2126126355212712,0.22527795567640319,1313.0,6.0,3.0,0.42910086795505364
cell,sex,BACE1,0.05354625346901054,0.05294173852586177,1.0114184943672273,0.3118161730993134,1305.0,6.0,4.0,0.481533988826422
cell,sex,BIN1,0.07193716523427508,0.02992497862239752,2.4039170133419345,0.016220455006652226,1313.0,6.0,6.0,0.07209091114067656
cell,sex,CLU,-0.07943230603316166,0.04639900418280366,-1.7119398881970136,0.0869077468278261,1313.0,6.0,4.0,0.22563329836106782
cell,sex,COPA,-0.0390559211026767,0.05599165910118819,-0.6975310560470229,0.48547051094767624,1313.0,6.0,5.0,0.6472940145969017
cell,sex,COPB1,-0.007973581995772822,0.055000451433991196,-0.14497302818218352,0.8847321671806136,1313.0,6.0,5.0,0.9374192700555871
cell,sex,COPB2,-0.15271099968906407,0.049439560873130686,-3.08884215377526,0.00200938167053699,1313.0,6.0,6.0,0.014613684876632654
cell,sex,COPE,-0.12123505473665584,0.056922227054401905,-2.1298368143746145,0.033185088160811685,1313.0,6.0,5.0,0.12641938346975878
cell,sex,COPG1,-0.02095812356348056,0.058111174608822334,-0.3606556519389084,0.718356881032942,1313.0,6.0,4.0,0.8707356133732631
cell,sex,COPG2,-0.17302453760890701,0.055691383527990766,-3.1068457389273516,0.001890950449640524,1313.0,6.0,5.0,0.014613684876632654
cell,sex,COPZ1,-0.08413497767613423,0.0575609494472746,-1.4616676494052838,0.14383230642908004,1313.0,6.0,5.0,0.32875955755218295
cell,sex,ECE1,-0.06426099782194629,0.05201065659848314,-1.2355352157546196,0.21663137858223047,1297.0,6.0,5.0,0.42269537284337655
cell,sex,EIF2S1,-0.32077441660658346,0.05648582629326546,-5.67884791029122,1.3560498403840486e-08,1313.0,6.0,6.0,5.424199361536195e-07
cell,sex,GGA1,-0.21802390910519484,0.043735791189681066,-4.985022636486224,6.195455908985518e-07,1313.0,6.0,5.0,1.6521215757294714e-05
cell,sex,GGA2,0.09607840720314859,0.04911528817785639,1.9561812781232037,0.05044380316317404,1313.0,6.0,5.0,0.16814601054391345
cell,sex,GGA3,-0.15784192829559182,0.038670084483625904,-4.081758041217285,4.4696315940255776e-05,1313.0,6.0,6.0,0.0005108150393172089
cell,sex,GORASP1,0.14559119233861786,0.07051428255982142,2.064705008025917,0.0389509204506431,928.0,6.0,6.0,0.13548146243701947
cell,sex,HSPA5,-0.04937460761393132,0.05079088133294662,-0.9721155907941177,0.33099304672831176,1313.0,6.0,5.0,0.49036006922712855
cell,sex,HSPA9,-0.10237794106195162,0.04649070574206603,-2.2021163032015956,0.027657094147209172,1313.0,6.0,4.0,0.11062837658883669
cell,sex,IDE,-0.2526328685188993,0.05659210170881406,-4.4641011888687725,8.04055609862722e-06,1313.0,6.0,6.0,0.00011316948296484181
cell,sex,ITPR1,0.04028674697371446,0.043624657337659384,0.923485694383588,0.35575415207738204,1313.0,6.0,3.0,0.5082202172534028
cell,sex,ITPR2,0.04655652561597906,0.0360269548473596,1.29226924155071,0.19626391999029658,1313.0,6.0,5.0,0.39252783998059315
cell,sex,LRP1,-0.006839522922797627,0.03817476520783374,-0.17916345747148452,0.8578093561279729,1313.0,6.0,3.0,0.927361466084295
cell,sex,MAP2K3,0.0025335784216759328,0.05870959869293376,0.04315441559952057,0.9655784422925124,1239.0,6.0,3.0,0.9860742523540086
cell,sex,MAPK14,0.012814040763675422,0.0450644498695229,0.2843492109806396,0.7761427769016336,1271.0,6.0,3.0,0.9131091492960396
cell,sex,MAPKAPK2,-0.001493148637081209,0.0450099956118218,-0.03317371212293645,0.9735360612677451,1235.0,6.0,2.0,0.9860742523540086
cell,sex,MFN2,-0.08843584362354834,0.03586024735800473,-2.466124752031519,0.013658375531202338,1313.0,6.0,5.0,0.06427470838212865
cell,sex,MIA3,-0.011635860221562589,0.04854926835706687,-0.23967117559803278,0.8105851822620974,1313.0,6.0,5.0,0.9133354166333492
cell,sex,NCSTN,0.10266535898706212,0.05739673187890479,1.7886969453881931,0.07366363517363426,1297.0,6.0,4.0,0.20321002806519797
cell,sex,OSBP,0.04257900372618962,0.05087207774738054,0.8369818102894777,0.4026027925493031,1313.0,6.0,4.0,0.5553141966197284
cell,sex,PICALM,-0.024873479726281955,0.047342378771831485,-0.5253956470197811,0.5993081789422847,1313.0,6.0,3.0,0.7491352236778559
cell,sex,PLCG2,-0.0016258843746037289,0.05137477442137847,-0.03164752337923946,0.9747531441760112,1245.0,6.0,3.0,0.9860742523540086
cell,sex,PLG,-0.05182828049500494,0.05730496410015028,-0.9044291591287992,0.3657678822365268,1313.0,6.0,3.0,0.5133584312091605
cell,sex,PREB,0.15453761759061335,0.05362323250217219,2.8819153635386168,0.003952658889033596,1313.0,6.0,4.0,0.024324054701745205
cell,sex,PSEN1,0.1155196629385572,0.059966632883158545,1.9263990219967906,0.05405456946519685,1313.0,6.0,6.0,0.1729746222886299
cell,sex,RAB1A,0.030241064437916066,0.03167645911944646,0.9546857596640532,0.3397366333854983,1313.0,6.0,3.0,0.49416237583345207
cell,sex,RAB1B,-0.013327028778631697,0.04668202849168341,-0.2854852115307277,0.7752724326953346,1313.0,6.0,4.0,0.9131091492960396
cell,sex,RTN3,0.04193291004259798,0.03770301370812513,1.11218987339363,0.26605652101357724,1203.0,6.0,5.0,0.472989370690804
cell,sex,RTN4,0.028582347546125642,0.042771725748643484,0.6682533156154481,0.503971907776174,1243.0,6.0,3.0,0.6609467642966217
cell,sex,SAR1A,-0.024029669976724524,0.056294921119075664,-0.4268532489084884,0.6694862190943065,1313.0,6.0,4.0,0.8239830388853002
cell,sex,SAR1B,-0.10367228568406639,0.04533602825179466,-2.2867527148226188,0.022210260885679428,1313.0,6.0,5.0,0.09351688793970285
cell,sex,SEC13,0.0009534573885886389,0.05462617331787324,0.01745422259473327,0.9860742523540087,1313.0,6.0,2.0,0.9860742523540086
cell,sex,SEC16A,0.13503983818483845,0.04903975284007878,2.7536810518847936,0.005892916581332544,1313.0,6.0,6.0,0.03367380903618596
cell,sex,SEC23A,-0.008766173127074605,0.04067315345405983,-0.21552725526866176,0.8293562647072098,1313.0,6.0,3.0,0.9215069607857888
cell,sex,SEC23B,-0.047505270460471045,0.047673009534087825,-0.9964814666567916,0.31901626759750457,1313.0,6.0,5.0,0.481533988826422
cell,sex,SEC24A,0.08801410170694147,0.054075675428744814,1.6276098450756684,0.1036076402482577,1313.0,6.0,4.0,0.24378268293707694
cell,sex,SEC24B,0.07017625407799508,0.04937528498111013,1.4212830185150918,0.1552344982591149,1313.0,6.0,4.0,0.3356421583980863
cell,sex,SEC24C,-0.08091737472963233,0.04734509173855114,-1.7090974324534822,0.08743290311491378,1313.0,6.0,5.0,0.22563329836106782
cell,sex,SEC24D,0.0718372439697642,0.05397201620107581,1.331009086303733,0.18318602117982496,1305.0,6.0,4.0,0.38565478143121046
cell,sex,SEC31A,0.0064672317584839505,0.0469966661248379,0.13761043690428917,0.8905483065528077,1313.0,6.0,3.0,0.9374192700555871
cell,sex,SIGMAR1,-0.01753612977274712,0.06892361215748022,-0.2544284784825216,0.7991645520268812,1071.0,6.0,4.0,0.9133309166021499
cell,sex,SNX4,0.24485970557014156,0.038502922005872964,6.359509689492979,2.0239876390386412e-10,1313.0,6.0,6.0,1.619190111230913e-08
cell,sex,SNX6,0.10714406554265513,0.042444650761314096,2.524324352323589,0.011592091814805045,1313.0,6.0,5.0,0.05796045907402522
cell,sex,SORL1,0.08250081788737117,0.057650001402710725,1.4310635885516552,0.15241199155867674,1313.0,6.0,4.0,0.3356421583980863
cell,sex,SORT1,-0.10467845532403772,0.0411393173981729,-2.544486927454143,0.010943840805840967,1313.0,6.0,4.0,0.05796045907402522
cell,sex,SREBF2,0.1370252223624122,0.07595276885440994,1.804084622972324,0.07121804193738476,809.0,5.0,3.0,0.20321002806519797
cell,sex,SYK,0.05413746918652831,0.046598963029254155,1.1617741182897479,0.24532722978342092,1227.0,6.0,6.0,0.4460495086971289
cell,sex,TMED10,-0.015148245676788564,0.059380253506306525,-0.2551057764544527,0.7986414027766024,1313.0,6.0,4.0,0.9133309166021499
cell,sex,TMED2,-0.058676799870378764,0.05847381783664452,-1.0034713319780368,0.31563350221200415,1313.0,6.0,4.0,0.481533988826422
cell,sex,TMED9,-0.05770706641146036,0.05604095780003022,-1.0297301951436177,0.3031366770019851,1313.0,6.0,3.0,0.481533988826422
cell,sex,VDAC1,-0.03835008728907962,0.03588754799726052,-1.0686182096365868,0.28524173983711965,1313.0,6.0,4.0,0.481533988826422
cell,sex,VLDLR,0.2548173717858443,0.05723020729717701,4.452497794786314,8.487711222363135e-06,1281.0,6.0,6.0,0.00011316948296484181
cell,sex,VPS26A,-0.10286326669504958,0.04973536704977878,-2.068211673035338,0.03862012308108543,1313.0,6.0,6.0,0.13548146243701947
cell,sex,VPS29,-0.12778355557250326,0.03677228582403153,-3.4749962562564924,0.000510860480577579,1313.0,6.0,6.0,0.004540982049578479
cell,sex,VPS35,-0.22907819315877842,0.04749362397042373,-4.82334625172918,1.4116959263393676e-06,1313.0,6.0,6.0,2.823391852678735e-05
cell,apoe_genotype,ABCA7,0.06614981673235254,0.054748588905286964,1.2082469713838522,0.22695227915534444,1072.0,6.0,4.0,0.5187480666407873
cell,apoe_genotype,ADAM10,-0.007758329246787438,0.020720577672657,-0.37442630072159505,0.7080871785283542,1292.0,6.0,3.0,0.7860898785167293
cell,apoe_genotype,ADAM17,-0.0291490131200293,0.042696251817246844,-0.6827066048981556,0.49479225530227444,1260.0,6.0,5.0,0.7368722493086517
cell,apoe_genotype,AP1G1,-0.09484815124884187,0.03287067659995813,-2.885494339017125,0.0039079948993756075,1292.0,6.0,4.0,0.05457313903537884
cell,apoe_genotype,AP2A1,-0.07078492588526206,0.020813280731479186,-3.4009499414574713,0.0006715212360909734,1292.0,6.0,4.0,0.017907232962425957
cell,apoe_genotype,AP2B1,-0.052443674890813974,0.026204408959777423,-2.0013301949039426,0.04535681781750812,1292.0,6.0,4.0,0.2419030283600433
cell,apoe_genotype,AP3B2,-0.02905725037692302,0.018789948019185935,-1.5464252667039529,0.12200189592655204,1137.0,6.0,5.0,0.37539044900477553
cell,apoe_genotype,AP4B1,-0.041526329157837175,0.052753488810254226,-0.7871769260076934,0.4311783025374393,1063.0,6.0,4.0,0.7039147505081601
cell,apoe_genotype,AP4E1,-0.1383205563516492,0.05803959819485888,-2.3832100954120934,0.01716239635701614,1159.0,6.0,5.0,0.1525546342845879
cell,apoe_genotype,AP4M1,-0.04284925833996931,0.06530413496667488,-0.6561492371323128,0.5117281069346737,893.0,5.0,3.0,0.7368722493086517
cell,apoe_genotype,AP4S1,-0.031717506545683886,0.05467843216625177,-0.5800734455817177,0.5618650900978469,1221.0,6.0,5.0,0.7368722493086517
cell,apoe_genotype,APBA1,-0.010218150301667613,0.035634163053726756,-0.28675151669091775,0.7743025885891258,1292.0,6.0,4.0,0.8259227611617342
cell,apoe_genotype,APBA2,-0.04540327157225505,0.04248067036152549,-1.068798377847082,0.2851605304491188,1292.0,6.0,5.0,0.5564107911202318
cell,apoe_genotype,APOE,0.136083694758326,0.04740097492517424,2.870904975544145,0.004092985427653413,1292.0,6.0,5.0,0.05457313903537884
cell,apoe_genotype,APP,0.23530087662473564,0.036764324002586043,6.4002503244227835,1.5512241842629856e-10,1204.0,6.0,5.0,1.2409793474103885e-08
cell,apoe_genotype,ARF6,-0.03421632127051105,0.03842879182574135,-0.8903824357962618,0.37326057028491144,1292.0,6.0,3.0,0.6635743471731759
cell,apoe_genotype,BACE1,0.06710419670225123,0.04684702871283632,1.4324109457098686,0.152026247836087,1284.0,6.0,5.0,0.43436070810310573
cell,apoe_genotype,BIN1,-0.04873425429913133,0.025797078079517033,-1.889138535337709,0.05887326807452398,1292.0,6.0,5.0,0.24431090810032646
cell,apoe_genotype,CLU,0.19838207654783682,0.040750871707372925,4.868167679268176,1.1263774039340618e-06,1292.0,6.0,5.0,4.505509615736247e-05
cell,apoe_genotype,COPA,0.05001686147597428,0.049775606080339894,1.004846860031096,0.31497059576282693,1292.0,6.0,4.0,0.5877591721944035
cell,apoe_genotype,COPB1,0.07009274837587902,0.04961377286826956,1.4127679538095916,0.15772396366590102,1292.0,6.0,3.0,0.43510058942317525
cell,apoe_genotype,COPB2,0.0878625299488435,0.043448503631559256,2.0222222310326856,0.04315339861126185,1292.0,6.0,4.0,0.2419030283600433
cell,apoe_genotype,COPE,0.06730037266984605,0.05129749807426489,1.3119620877496467,0.18953292675501987,1292.0,6.0,3.0,0.48911723033553517
cell,apoe_genotype,COPG1,0.09746990329345112,0.05184523957928379,1.8800164505826287,0.06010583595433911,1292.0,6.0,5.0,0.24431090810032646
cell,apoe_genotype,COPG2,-0.06048534381652979,0.0493598875398599,-1.2253946844527488,0.22042654873739165,1292.0,6.0,5.0,0.5187480666407873
cell,apoe_genotype,COPZ1,0.05923891594647841,0.05196138427122698,1.1400565396268953,0.2542627465952656,1292.0,6.0,4.0,0.5221203399384222
cell,apoe_genotype,ECE1,0.05308428109920445,0.045840595026805715,1.1580190237095072,0.24685627315920033,1276.0,6.0,4.0,0.5221203399384222
cell,apoe_genotype,EIF2S1,0.10629231137899693,0.050550288279334624,2.1027043563359875,0.03549162102391016,1292.0,6.0,3.0,0.2184099755317548
cell,apoe_genotype,GGA1,-0.07212025766338152,0.037910269946965135,-1.9023936723287573,0.05711970764686145,1292.0,6.0,5.0,0.24431090810032646
cell,apoe_genotype,GGA2,-0.02246446340358121,0.043416135478633225,-0.5174219942868211,0.6048616094005625,1292.0,6.0,4.0,0.7560770117507032
cell,apoe_genotype,GGA3,-0.06281062997554418,0.03353598431103118,-1.8729323520968946,0.061077727025081616,1292.0,6.0,4.0,0.24431090810032646
cell,apoe_genotype,GORASP1,0.022263833908299707,0.06179303738378245,0.36029680447692053,0.7186251887415608,916.0,6.0,4.0,0.7860898785167293
cell,apoe_genotype,HSPA5,0.08281923024944914,0.044905959713340736,1.844281489096982,0.06514212776440921,1292.0,6.0,3.0,0.24816048672155888
cell,apoe_genotype,HSPA9,-0.0003486036926137917,0.04099490646886591,-0.008503585509544779,0.9932152021797804,1292.0,6.0,3.0,0.9932152021797804
cell,apoe_genotype,IDE,0.037821681905796926,0.05074760808119976,0.7452899424398399,0.45609645988992553,1292.0,6.0,5.0,0.7154454272783146
cell,apoe_genotype,ITPR1,0.04478532911738467,0.03797427332593906,1.1793597400267612,0.23825495930243334,1292.0,6.0,4.0,0.5221203399384222
cell,apoe_genotype,ITPR2,0.044323875404227935,0.030697765526584077,1.4438795346796083,0.14877286430859823,1292.0,6.0,3.0,0.43436070810310573
cell,apoe_genotype,LRP1,0.07471632777885907,0.03315689243164229,2.2534176848116134,0.024232825502659386,1292.0,6.0,4.0,0.1762387309284319
cell,apoe_genotype,MAP2K3,0.04074521678147416,0.05275942463292353,0.7722831904434353,0.4399467190676001,1220.0,6.0,3.0,0.7039147505081601
cell,apoe_genotype,MAPK14,0.03958569986918615,0.039472166578360016,1.00287628728463,0.3159205550544919,1251.0,6.0,4.0,0.5877591721944035
cell,apoe_genotype,MAPKAPK2,0.08333631203886056,0.039411913433430014,2.114495460354202,0.034472972090382255,1215.0,6.0,5.0,0.2184099755317548
cell,apoe_genotype,MFN2,-0.010724889821229083,0.030735484606178264,-0.3489416210172014,0.7271331376279746,1292.0,6.0,4.0,0.7860898785167293
cell,apoe_genotype,MIA3,0.035229711333814764,0.04290298546273908,0.8211482476997202,0.41156183069912433,1292.0,6.0,3.0,0.6859363844985406
cell,apoe_genotype,NCSTN,-0.0008874904035535481,0.050761332260139465,-0.01748359162453373,0.9860508228337468,1276.0,6.0,3.0,0.9932152021797804
cell,apoe_genotype,OSBP,-0.13576556980627227,0.04545248390419299,-2.9869780074603995,0.0028174999019301853,1292.0,6.0,5.0,0.05457313903537884
cell,apoe_genotype,PICALM,-0.0227381019744735,0.04200219102730765,-0.5413551392995275,0.5882628217253216,1292.0,6.0,3.0,0.7560770117507032
cell,apoe_genotype,PLCG2,-0.07306834242448586,0.045822664534500346,-1.5945895588300407,0.11080404898425383,1225.0,6.0,4.0,0.3545729567496123
cell,apoe_genotype,PLG,0.005364895107508116,0.05186016203118252,0.10344925463754447,0.917606422258248,1292.0,6.0,4.0,0.9411347920597414
cell,apoe_genotype,PREB,-0.0213404331082744,0.04774445472845388,-0.44697197254943855,0.6548952965339787,1292.0,6.0,3.0,0.7769188767148618
cell,apoe_genotype,PSEN1,0.03518532033538447,0.053782830820852404,0.6542110148977617,0.5129758660543782,1292.0,6.0,3.0,0.7368722493086517
cell,apoe_genotype,RAB1A,-0.030436769260786575,0.027115154903751184,-1.1225002906612889,0.2616497840367674,1292.0,6.0,3.0,0.5232995680735348
cell,apoe_genotype,RAB1B,0.05684900168521931,0.04250658216543705,1.3374164373875341,0.18108674192684593,1292.0,6.0,4.0,0.48289797847158916
cell,apoe_genotype,RTN3,-0.0061998810083203825,0.03187840303827129,-0.19448530721181922,0.8457958992316079,1183.0,6.0,4.0,0.8903114728753768
cell,apoe_genotype,RTN4,-0.08414471675948433,0.037036251735991864,-2.2719555250703842,0.02308919670603335,1223.0,6.0,4.0,0.1762387309284319
cell,apoe_genotype,SAR1A,-0.09756786432329109,0.05063096430985167,-1.9270394244556495,0.05397471689740719,1292.0,6.0,5.0,0.24431090810032646
cell,apoe_genotype,SAR1B,0.03703192483587628,0.03977973668733896,0.9309243328315632,0.351892706624387,1292.0,6.0,5.0,0.639804921135249
cell,apoe_genotype,SEC13,-0.05922046929518281,0.04865304917596173,-1.217199544493137,0.2235283034656339,1292.0,6.0,4.0,0.5187480666407873
cell,apoe_genotype,SEC16A,-0.05527869915794381,0.04323737155433384,-1.2784935154644714,0.20107546973417634,1292.0,6.0,5.0,0.5026886743354408
cell,apoe_genotype,SEC23A,0.020626007060603233,0.03483455734316793,0.5921133676942961,0.5537746760311667,1292.0,6.0,4.0,0.7368722493086517
cell,apoe_genotype,SEC23B,0.0762114572182145,0.042460127889025624,1.7948946695921835,0.07267048337886259,1292.0,6.0,4.0,0.26425630319586396
cell,apoe_genotype,SEC24A,-0.11941343763884978,0.048814894365550476,-2.446250047057808,0.014435084949902973,1292.0,6.0,5.0,0.14435084949902974
cell,apoe_genotype,SEC24B,0.018732599504179014,0.042633472675983664,0.4393871371104959,0.6603810452076326,1292.0,6.0,1.0,0.7769188767148618
cell,apoe_genotype,SEC24C,-0.04694138799094555,0.041198106143359586,-1.1394064529956962,0.2545336657199808,1292.0,6.0,4.0,0.5221203399384222
cell,apoe_genotype,SEC24D,-0.041825952699253995,0.04801216770683758,-0.8711531825566253,0.3836705189492359,1284.0,6.0,5.0,0.6672530764334538
cell,apoe_genotype,SEC31A,-0.10585477656757457,0.04129294312279938,-2.5635076737634663,0.010362041026260108,1292.0,6.0,6.0,0.11842332601440123
cell,apoe_genotype,SIGMAR1,0.02887629518146258,0.060088032906969964,0.48056649193641765,0.6308246351935807,1056.0,6.0,3.0,0.7763995510074839
cell,apoe_genotype,SNX4,-0.011738832076027291,0.03342721647727249,-0.35117587741739265,0.7254564061211597,1292.0,6.0,2.0,0.7860898785167293
cell,apoe_genotype,SNX6,0.06342705676510561,0.03667334983045372,1.7295135857056474,0.08371721712932777,1292.0,6.0,4.0,0.2911903204498357
cell,apoe_genotype,SORL1,-0.019373899617860544,0.0519048157408247,-0.37325822934426467,0.7089562617181187,1292.0,6.0,3.0,0.7860898785167293
cell,apoe_genotype,SORT1,0.03018962403728529,0.03645209101891234,0.8282000618735997,0.4075572088071965,1292.0,6.0,5.0,0.6859363844985406
cell,apoe_genotype,SREBF2,-0.04029559400167632,0.06653021352724998,-0.605673600989898,0.5447315174134364,803.0,5.0,3.0,0.7368722493086517
cell,apoe_genotype,SYK,0.025408131915477878,0.04150553963463123,0.6121624279347506,0.5404302972749437,1209.0,6.0,3.0,0.7368722493086517
cell,apoe_genotype,TMED10,-0.03445118974875921,0.0533948813245174,-0.6452152134092338,0.5187877286313227,1292.0,6.0,5.0,0.7368722493086517
cell,apoe_genotype,TMED2,-0.031195714855523846,0.05290737660719407,-0.5896288354482881,0.5554395152632459,1292.0,6.0,3.0,0.7368722493086517
cell,apoe_genotype,TMED9,-0.018122793185134062,0.050513892747151436,-0.3587684931717332,0.7197682844361206,1292.0,6.0,4.0,0.7860898785167293
cell,apoe_genotype,VDAC1,-0.05099582891993277,0.03083790648768381,-1.653673505375591,0.09819386870264786,1292.0,6.0,5.0,0.3273128956754929
cell,apoe_genotype,VLDLR,0.009008341229788379,0.050006380063739565,0.1801438380123914,0.8570396477637306,1260.0,6.0,4.0,0.8904308028714084
cell,apoe_genotype,VPS26A,0.020740503433448108,0.044507771206955295,0.4659973499236232,0.6412173974516804,1292.0,6.0,4.0,0.7769188767148618
cell,apoe_genotype,VPS29,0.01680641445785583,0.03212360480651106,0.5231795920503098,0.6008492818274078,1292.0,6.0,3.0,0.7560770117507032
cell,apoe_genotype,VPS35,-0.027583831640585817,0.04194710389826928,-0.6575860804951522,0.5108041412666854,1292.0,6.0,3.0,0.7368722493086517
cell,cts_mmse30_lv,ABCA7,0.023540710168921224,0.046783306486097756,0.503186113532113,0.6148334270547632,391.0,2.0,2.0,0.7555868867892175
cell,cts_mmse30_lv,ADAM10,-0.024137003858869126,0.017690706753201293,-1.364388896136177,0.17244520075143577,587.0,2.0,2.0,0.445019872906931
cell,cts_mmse30_lv,ADAM17,-0.027613399851568715,0.034177632568910085,-0.8079377585879787,0.4191264134616901,555.0,2.0,2.0,0.6174995774852835
cell,cts_mmse30_lv,AP1G1,0.004762271031182285,0.036036063834902994,0.13215291917009406,0.8948633394754694,587.0,2.0,1.0,0.9606238206598151
cell,cts_mmse30_lv,AP2A1,0.0874813523615735,0.02826649832001712,3.094877595772907,0.0019689413521940583,587.0,2.0,2.0,0.03937882704388117
cell,cts_mmse30_lv,AP2B1,0.07443338960897114,0.026749057912677583,2.782654621032235,0.005391616757002069,587.0,2.0,1.0,0.05162009276703554
cell,cts_mmse30_lv,AP3B2,0.036506971045856505,0.03727275855771907,0.9794544986339904,0.3273554604580081,429.0,2.0,2.0,0.5960387734488868
cell,cts_mmse30_lv,AP4B1,0.07351456793738585,0.049320189008032894,1.490557303529643,0.1360777611244838,353.0,2.0,2.0,0.38879360321281087
cell,cts_mmse30_lv,AP4E1,0.0004997480236149495,0.042047132616445944,0.011885424582305107,0.990517026493767,456.0,2.0,1.0,0.990517026493767
cell,cts_mmse30_lv,AP4M1,-0.048957133740400595,0.05383507968062035,-0.9093909404581836,0.36314380222896747,310.0,2.0,2.0,0.6174995774852835
cell,cts_mmse30_lv,AP4S1,-0.10626288054218813,0.04055580738328309,-2.62016434632711,0.008788740061298976,514.0,2.0,2.0,0.06391810953671982
cell,cts_mmse30_lv,APBA1,-0.08457009521468019,0.029897237866593335,-2.828692589999338,0.004673856990212626,587.0,2.0,2.0,0.05162009276703554
cell,cts_mmse30_lv,APBA2,-0.025253799604992837,0.03562739699587775,-0.7088308923583392,0.47842942468870975,587.0,2.0,1.0,0.6379058995849464
cell,cts_mmse30_lv,APOE,-0.004703717965265871,0.036119773256148464,-0.1302255673619209,0.8963879669893728,587.0,2.0,2.0,0.9606238206598151
cell,cts_mmse30_lv,APP,-0.028294626723160667,0.03487856589260856,-0.8112325148424995,0.4172321565405669,499.0,2.0,2.0,0.6174995774852835
cell,cts_mmse30_lv,ARF6,0.014385970000285787,0.03605692637296188,0.3989793764305279,0.6899084004866853,587.0,2.0,1.0,0.8045849482299122
cell,cts_mmse30_lv,BACE1,-0.06999525109871031,0.03749458348578033,-1.8668096719958425,0.06192817135201536,579.0,2.0,2.0,0.2359168432457728
cell,cts_mmse30_lv,BIN1,0.051487032582028726,0.025146875429919745,2.0474524847237867,0.040613677635148254,587.0,2.0,1.0,0.2008902301738303
cell,cts_mmse30_lv,CLU,-0.06797238564905524,0.0335378191381038,-2.0267383925339617,0.04268917391193894,587.0,2.0,2.0,0.2008902301738303
cell,cts_mmse30_lv,COPA,-0.06512329732237529,0.03710944854852722,-1.754898007638539,0.07927675503473593,587.0,2.0,2.0,0.253685616111155
cell,cts_mmse30_lv,COPB1,0.05786233278451111,0.036101324018631524,1.6027759190950712,0.10898413519993938,587.0,2.0,1.0,0.32603280427902703
cell,cts_mmse30_lv,COPB2,-0.0312708764668713,0.03577107668055775,-0.8741944433522632,0.38201237159342816,587.0,2.0,1.0,0.6174995774852835
cell,cts_mmse30_lv,COPE,0.01600436072488014,0.03695072198031031,0.4331271452127046,0.6649224031315801,587.0,2.0,2.0,0.7939371977690509
cell,cts_mmse30_lv,COPG1,0.02942177953302005,0.037061791060551234,0.7938574658993409,0.427278413746053,587.0,2.0,2.0,0.6174995774852835
cell,cts_mmse30_lv,COPG2,-0.07261815738298905,0.03737675898368164,-1.9428692951867093,0.05203195267088498,587.0,2.0,2.0,0.21908190598267363
cell,cts_mmse30_lv,COPZ1,0.03639666642212769,0.036004280350451286,1.0108983173071944,0.3120650994918456,587.0,2.0,1.0,0.594409713317801
cell,cts_mmse30_lv,ECE1,-0.057584975275488524,0.036034954384928874,-1.598031030103722,0.11003607144417163,571.0,2.0,1.0,0.32603280427902703
cell,cts_mmse30_lv,EIF2S1,-0.026735413964355276,0.03557246392206722,-0.7515761073769782,0.45230601611367527,587.0,2.0,2.0,0.6174995774852835
cell,cts_mmse30_lv,GGA1,0.08084625454716679,0.03464152631164506,2.3337959713394496,0.019606407864009707,587.0,2.0,2.0,0.11203661636576975
cell,cts_mmse30_lv,GGA2,0.042474513891182106,0.03595172130473662,1.1814319968481208,0.237431153307742,587.0,2.0,2.0,0.5547801432886443
cell,cts_mmse30_lv,GGA3,0.0033435927795897407,0.030460283015207104,0.10976893346396266,0.9125926296268244,587.0,2.0,1.0,0.9606238206598151
cell,cts_mmse30_lv,GORASP1,-0.041766720391701005,0.04967024293776173,-0.8408801310683326,0.4004150903610135,316.0,2.0,2.0,0.6174995774852835
cell,cts_mmse30_lv,HSPA5,0.002833217500564163,0.037276661813086046,0.07600512928895249,0.9394150174221407,587.0,2.0,1.0,0.9746600224182125
cell,cts_mmse30_lv,HSPA9,0.09723575984860315,0.03527399042085617,2.7565851974352,0.005840839435570354,587.0,2.0,2.0,0.05162009276703554
cell,cts_mmse30_lv,IDE,0.023082308730500295,0.03429970627585823,0.6729593701141028,0.5009731396584161,587.0,2.0,2.0,0.6570139536503817
cell,cts_mmse30_lv,ITPR1,-0.03430309930078936,0.03584992055502505,-0.9568528680039469,0.33864152333995134,587.0,2.0,1.0,0.6020293748265801
cell,cts_mmse30_lv,ITPR2,-0.008013561383720776,0.030172053641619876,-0.26559549041324537,0.7905507590281837,587.0,2.0,1.0,0.9034865817464958
cell,cts_mmse30_lv,LRP1,0.041219983898940236,0.030977930204790626,1.3306242097661423,0.1833126923830124,587.0,2.0,2.0,0.458281730957531
cell,cts_mmse30_lv,MAP2K3,-0.0695415704317318,0.039211659001006774,-1.773492175629353,0.07614718727386954,521.0,2.0,2.0,0.253685616111155
cell,cts_mmse30_lv,MAPK14,-0.005395969785084868,0.033842510338123605,-0.15944354396802254,0.8733194345596831,547.0,2.0,1.0,0.9606238206598151
cell,cts_mmse30_lv,MAPKAPK2,-0.051319924178919,0.036484294083890374,-1.4066305918079773,0.159536956873626,513.0,2.0,1.0,0.44010194999620966
cell,cts_mmse30_lv,MFN2,0.19967372963760444,0.03173257868204525,6.292389018815628,3.1261682700430254e-10,587.0,2.0,2.0,2.5009346160344204e-08
cell,cts_mmse30_lv,MIA3,-0.05116812275520354,0.03726179241357035,-1.3732061567861844,0.16968826623256206,587.0,2.0,2.0,0.445019872906931
cell,cts_mmse30_lv,NCSTN,0.0019669429186121683,0.03723796448760523,0.05282090322812546,0.9578746063805956,571.0,2.0,1.0,0.9746600224182125
cell,cts_mmse30_lv,OSBP,0.02690497715411283,0.035076291099724224,0.7670416771722014,0.4430567363978237,587.0,2.0,2.0,0.6174995774852835
cell,cts_mmse30_lv,PICALM,0.03454141257128488,0.03354001566811725,1.0298567810187265,0.3030772414678178,587.0,2.0,1.0,0.5913702272542786
cell,cts_mmse30_lv,PLCG2,0.004226598586860435,0.034919068342454784,0.12103984405911869,0.9036594761874174,522.0,2.0,1.0,0.9606238206598151
cell,cts_mmse30_lv,PLG,-0.06827246846232168,0.0358270562145107,-1.9056120060087416,0.0567005632896877,587.0,2.0,2.0,0.2268022531587508
cell,cts_mmse30_lv,PREB,-0.028538877565677096,0.03642154448582726,-0.7835713166085653,0.43329169188330596,587.0,2.0,1.0,0.6174995774852835
cell,cts_mmse30_lv,PSEN1,-0.03944058054892913,0.036689180522786725,-1.07499213629025,0.2823782490267869,587.0,2.0,1.0,0.5838470173647095
cell,cts_mmse30_lv,RAB1A,-0.055939446224860835,0.030591072398797832,-1.8286199808758303,0.06745655730856252,587.0,2.0,2.0,0.24082396515232507
cell,cts_mmse30_lv,RAB1B,-0.024674584528478354,0.0330566670177099,-0.7464329212397336,0.45540593839539656,587.0,2.0,1.0,0.6174995774852835
cell,cts_mmse30_lv,RTN3,-0.049956830589614046,0.03852553767526308,-1.2967198799587656,0.19472758658868683,477.0,2.0,2.0,0.4720668765786347
cell,cts_mmse30_lv,RTN4,-0.008956591970414617,0.03656158938556866,-0.24497271920979183,0.8064775547770652,517.0,2.0,1.0,0.9087071039741579
cell,cts_mmse30_lv,SAR1A,-0.0017466876874667832,0.0371274352403811,-0.04704574060012162,0.9624767721379849,587.0,2.0,1.0,0.9746600224182125
cell,cts_mmse30_lv,SAR1B,0.018391366604218133,0.03318172263562189,0.5542619593979209,0.5793995802975487,587.0,2.0,1.0,0.7242494753719358
cell,cts_mmse30_lv,SEC13,0.09411098025721917,0.03718599242253429,2.530818034593827,0.011379686763548917,587.0,2.0,2.0,0.07376369249632081
cell,cts_mmse30_lv,SEC16A,-0.0830307134478445,0.0360347004301778,-2.304187698430516,0.02121210945140567,587.0,2.0,1.0,0.1131312504074969
cell,cts_mmse30_lv,SEC23A,0.12850107014108622,0.035917663604094714,3.577656708339925,0.0003466883693577953,587.0,2.0,2.0,0.009245023182874542
cell,cts_mmse30_lv,SEC23B,-0.013401651201050522,0.034058066683900434,-0.39349418525231816,0.6939545178482993,587.0,2.0,2.0,0.8045849482299122
cell,cts_mmse30_lv,SEC24A,0.029450924869153985,0.0380687206823135,0.7736252845196532,0.4391524153475168,587.0,2.0,1.0,0.6174995774852835
cell,cts_mmse30_lv,SEC24B,-0.06755402601770522,0.037181523251742184,-1.8168708570738799,0.06923688998129346,587.0,2.0,2.0,0.24082396515232507
cell,cts_mmse30_lv,SEC24C,0.08903657205715643,0.03543689756757327,2.512538573315454,0.01198660003065213,587.0,2.0,1.0,0.07376369249632081
cell,cts_mmse30_lv,SEC24D,-0.042393213622277943,0.037200765511324604,-1.139579066171976,0.2544617107944368,579.0,2.0,2.0,0.5654704684320817
cell,cts_mmse30_lv,SEC31A,0.024067966308937726,0.03680633581419387,0.6539082409734532,0.5131709242687689,587.0,2.0,1.0,0.6621560313145405
cell,cts_mmse30_lv,SIGMAR1,-0.13033261959934928,0.047593185164060074,-2.7384723075388906,0.0061725358568419176,368.0,2.0,2.0,0.05162009276703554
cell,cts_mmse30_lv,SNX4,0.02672834566797625,0.03043166669332039,0.8783069930850353,0.37977714181429556,587.0,2.0,1.0,0.6174995774852835
cell,cts_mmse30_lv,SNX6,-0.03449101632906485,0.033419757322496156,-1.032054661445659,0.3020465114935641,587.0,2.0,2.0,0.5913702272542786
cell,cts_mmse30_lv,SORL1,0.03522039471472801,0.0359938425013029,0.9785116638617593,0.3278213253968877,587.0,2.0,2.0,0.5960387734488868
cell,cts_mmse30_lv,SORT1,0.024279303544790246,0.02978958652904335,0.8150265369114521,0.4150571203157022,587.0,2.0,1.0,0.6174995774852835
cell,cts_mmse30_lv,SREBF2,-0.09943383769699311,0.05001049035819522,-1.9882596028314865,0.04678298611617559,322.0,2.0,2.0,0.20792438273855818
cell,cts_mmse30_lv,SYK,-0.0374115018356714,0.032024246336160626,-1.1682242711650541,0.2427163126887819,504.0,2.0,2.0,0.5547801432886443
cell,cts_mmse30_lv,TMED10,0.10105366342396074,0.03701638507924834,2.729971152169912,0.006333986789325268,587.0,2.0,2.0,0.05162009276703554
cell,cts_mmse30_lv,TMED2,0.039512368430647045,0.03569865490635556,1.1068307344995374,0.26836711741723274,587.0,2.0,2.0,0.5802532268480708
cell,cts_mmse30_lv,TMED9,0.10068434246211405,0.036963934153283626,2.7238535282687146,0.006452511595879442,587.0,2.0,2.0,0.05162009276703554
cell,cts_mmse30_lv,VDAC1,0.03525681439077889,0.032950711991390325,1.0699864209304832,0.28462542096529586,587.0,2.0,2.0,0.5838470173647095
cell,cts_mmse30_lv,VLDLR,-0.0217430039543634,0.038211814020808414,-0.5690126080516134,0.5693475837091551,555.0,2.0,2.0,0.7229810586782922
cell,cts_mmse30_lv,VPS26A,-0.14107956595036042,0.033735421174613416,-4.181941740704445,2.8903004007126578e-05,587.0,2.0,2.0,0.001156120160285063
cell,cts_mmse30_lv,VPS29,-0.02797110155359953,0.03213715352515373,-0.8703664912857503,0.38410015273281606,587.0,2.0,2.0,0.6174995774852835
cell,cts_mmse30_lv,VPS35,0.01811373589271592,0.036884374555302024,0.491095107646664,0.6233591816011044,587.0,2.0,1.0,0.7555868867892175
cell,cts_mmse30_first_ad_dx,ABCA7,-0.06373426226572436,0.12632940801170323,-0.5045085168120156,0.6139040787794496,91.0,1.0,1.0,0.8724806408505053
cell,cts_mmse30_first_ad_dx,ADAM10,0.025683094389834335,0.04712306246424213,0.5450217589173698,0.5857385526154383,126.0,1.0,1.0,0.8724806408505053
cell,cts_mmse30_first_ad_dx,ADAM17,-0.017863617265599006,0.083522557561938,-0.2138777569443063,0.8306423862736088,119.0,1.0,1.0,0.9356702165200578
cell,cts_mmse30_first_ad_dx,AP1G1,-0.0826824417967618,0.0965975337906662,-0.8559477509637109,0.392026680684083,126.0,1.0,1.0,0.8106968900141052
cell,cts_mmse30_first_ad_dx,AP2A1,-0.0945982145071568,0.07733480611739864,-1.2232294778569863,0.22124303474070472,126.0,1.0,1.0,0.8106968900141052
cell,cts_mmse30_first_ad_dx,AP2B1,-0.06435910014250018,0.06606365971626554,-0.9741982266637026,0.3299581250096554,126.0,1.0,1.0,0.8106968900141052
cell,cts_mmse30_first_ad_dx,AP3B2,-0.02608705256594114,0.13610775714934628,-0.19166470091279758,0.8480048578942693,83.0,1.0,1.0,0.9356702165200578
cell,cts_mmse30_first_ad_dx,AP4B1,-0.12450164222730385,0.1412926200346832,-0.8811616784849933,0.37823031755495995,74.0,1.0,1.0,0.8106968900141052
cell,cts_mmse30_first_ad_dx,AP4E1,-0.2158654738357612,0.10157566459907515,-2.1251691996089255,0.03357249708600236,109.0,1.0,1.0,0.5518902854767804
cell,cts_mmse30_first_ad_dx,AP4M1,0.10263104098552842,0.11321098232840693,0.9065466872093045,0.36464656529766304,73.0,1.0,1.0,0.8106968900141052
cell,cts_mmse30_first_ad_dx,AP4S1,0.10373991672933798,0.08603377323170981,1.2058045675846534,0.22789285393278869,106.0,1.0,1.0,0.8106968900141052
cell,cts_mmse30_first_ad_dx,APBA1,-0.11356404174215771,0.07222428495962945,-1.5723802846319015,0.11586238377610528,126.0,1.0,1.0,0.8106968900141052
cell,cts_mmse30_first_ad_dx,APBA2,-0.004344066885446165,0.08603080646274298,-0.050494317838662046,0.9597284773383612,126.0,1.0,1.0,0.9829483001452879
cell,cts_mmse30_first_ad_dx,APOE,-0.02250072628921939,0.07188955069736648,-0.31299022001042576,0.7542880924339563,126.0,1.0,1.0,0.9006424984286046
cell,cts_mmse30_first_ad_dx,APP,-0.007387651043584586,0.10329717205006701,-0.07151842491877582,0.9429851611405435,98.0,1.0,1.0,0.9829483001452879
cell,cts_mmse30_first_ad_dx,ARF6,0.08426144557860651,0.10126273009936983,0.832107187865863,0.4053484450070526,126.0,1.0,1.0,0.8106968900141052
cell,cts_mmse30_first_ad_dx,BACE1,-0.06555429815609973,0.08701272492564774,-0.7533874868545467,0.4512170999483054,126.0,1.0,1.0,0.8203947271787371
cell,cts_mmse30_first_ad_dx,BIN1,-0.06655785126520568,0.07928026653031654,-0.83952607853247,0.40117416130961236,126.0,1.0,1.0,0.8106968900141052
cell,cts_mmse30_first_ad_dx,CLU,-0.013339001066907124,0.06671105838009707,-0.1999518729099755,0.8415182207968007,126.0,1.0,1.0,0.9356702165200578
cell,cts_mmse30_first_ad_dx,COPA,0.004395553018244035,0.0980667498200947,0.04482205259486788,0.9642491473265535,126.0,1.0,1.0,0.9829483001452879
cell,cts_mmse30_first_ad_dx,COPB1,-0.03238622020408288,0.08802173729663562,-0.3679343443874602,0.7129221906735506,126.0,1.0,1.0,0.8873942211455366
cell,cts_mmse30_first_ad_dx,COPB2,0.016690809285733167,0.0909669589684943,0.18348210685501645,0.8544197571093711,126.0,1.0,1.0,0.9356702165200578
cell,cts_mmse30_first_ad_dx,COPE,0.05824018059829015,0.08838928738615122,0.6589054207876235,0.5099565046852101,126.0,1.0,1.0,0.8325820484656491
cell,cts_mmse30_first_ad_dx,COPG1,-0.08634931322920147,0.08547191360996378,-1.0102653559769534,0.312368174447722,126.0,1.0,1.0,0.8106968900141052
cell,cts_mmse30_first_ad_dx,COPG2,0.13702414032479515,0.10340543369320583,1.3251154744085583,0.18513285442791905,126.0,1.0,1.0,0.8106968900141052
cell,cts_mmse30_first_ad_dx,COPZ1,0.08261686461256652,0.0889792670613975,0.9284956747908387,0.3531505103518725,126.0,1.0,1.0,0.8106968900141052
cell,cts_mmse30_first_ad_dx,ECE1,-0.21704165192405445,0.09122250539296445,-2.37925554652431,0.017347644942630087,122.0,1.0,1.0,0.5518902854767804
cell,cts_mmse30_first_ad_dx,EIF2S1,0.050943760597456714,0.08776740169151043,0.5804405692277023,0.5616175535478991,126.0,1.0,1.0,0.8724806408505053
cell,cts_mmse30_first_ad_dx,GGA1,-0.050948525818490714,0.08893825157262025,-0.5728527930065052,0.5667443700886184,126.0,1.0,1.0,0.8724806408505053
cell,cts_mmse30_first_ad_dx,GGA2,-0.04104783143682741,0.08868604146488322,-0.4628443299398024,0.6434759534781976,126.0,1.0,1.0,0.8725097674280646
cell,cts_mmse30_first_ad_dx,GGA3,-0.06513568622337912,0.08593885540058036,-0.7579305765682708,0.4484925443636891,126.0,1.0,1.0,0.8203947271787371
cell,cts_mmse30_first_ad_dx,GORASP1,0.054070320803410676,0.11483353831904332,0.47085826662578745,0.6377419521504362,85.0,1.0,1.0,0.8725097674280646
cell,cts_mmse30_first_ad_dx,HSPA5,0.06689278208617812,0.09948178565880733,0.6724123581335812,0.5013212175249138,126.0,1.0,1.0,0.8325820484656491
cell,cts_mmse30_first_ad_dx,HSPA9,-0.10703518964432293,0.09213456221341122,-1.1617267947330927,0.2453464581147955,126.0,1.0,1.0,0.8106968900141052
cell,cts_mmse30_first_ad_dx,IDE,-0.11830241947067015,0.11235736973835378,-1.0529119696034233,0.2923813397090821,126.0,1.0,1.0,0.8106968900141052
cell,cts_mmse30_first_ad_dx,ITPR1,0.2553399696139754,0.12077042428694884,2.114259108730886,0.03449314284229878,126.0,1.0,1.0,0.5518902854767804
cell,cts_mmse30_first_ad_dx,ITPR2,-0.08066035523375817,0.07529212908697329,-1.0712986365491644,0.28403517269518663,126.0,1.0,1.0,0.8106968900141052
cell,cts_mmse30_first_ad_dx,LRP1,-0.05902954025058275,0.06749083023380932,-0.874630524562907,0.3817749734792758,126.0,1.0,1.0,0.8106968900141052
cell,cts_mmse30_first_ad_dx,MAP2K3,0.13409600593603077,0.09601380780083252,1.396632515754344,0.16252410712098597,112.0,1.0,1.0,0.8106968900141052
cell,cts_mmse30_first_ad_dx,MAPK14,0.0701063471427667,0.08803380674164842,0.7963571011816724,0.42582450503914304,119.0,1.0,1.0,0.8203947271787371
cell,cts_mmse30_first_ad_dx,MAPKAPK2,0.08929906621502116,0.08393180346452586,1.0639479020936777,0.287352301111098,118.0,1.0,1.0,0.8106968900141052
cell,cts_mmse30_first_ad_dx,MFN2,-0.19586074969686035,0.0772250757056923,-2.5362325372563324,0.011205230095508155,126.0,1.0,1.0,0.5518902854767804
cell,cts_mmse30_first_ad_dx,MIA3,0.003607736318559717,0.09809305258014084,0.036778713921786055,0.9706614463934718,126.0,1.0,1.0,0.9829483001452879
cell,cts_mmse30_first_ad_dx,NCSTN,0.030583666473683616,0.07973067536496464,0.3835871994522541,0.7012844289298885,122.0,1.0,1.0,0.8873942211455366
cell,cts_mmse30_first_ad_dx,OSBP,0.11732342202899074,0.08354928800534481,1.4042420328164296,0.16024678920978108,126.0,1.0,1.0,0.8106968900141052
cell,cts_mmse30_first_ad_dx,PICALM,-0.014890013824366305,0.08790707564562251,-0.1693835645766676,0.8654949502810534,126.0,1.0,1.0,0.9356702165200578
cell,cts_mmse30_first_ad_dx,PLCG2,0.020369925299099895,0.07956403283967982,0.2560192661443513,0.7979359607438865,113.0,1.0,1.0,0.9356702165200578
cell,cts_mmse30_first_ad_dx,PLG,-0.10023679227026996,0.08661782625685983,-1.1572305217291408,0.2471781908894949,126.0,1.0,1.0,0.8106968900141052
cell,cts_mmse30_first_ad_dx,PREB,0.03872253574556652,0.0980956485145357,0.39474264487714417,0.6930328271489391,126.0,1.0,1.0,0.8873942211455366
cell,cts_mmse30_first_ad_dx,PSEN1,-0.030850000333341638,0.08040374690490075,-0.3836885906552357,0.7012092699229732,126.0,1.0,1.0,0.8873942211455366
cell,cts_mmse30_first_ad_dx,RAB1A,0.10870025584886175,0.0767767640097684,1.4157962666286859,0.15683516298542702,126.0,1.0,1.0,0.8106968900141052
cell,cts_mmse30_first_ad_dx,RAB1B,0.11832251878472227,0.09037442468426012,1.3092478231325293,0.19045041753377057,126.0,1.0,1.0,0.8106968900141052
cell,cts_mmse30_first_ad_dx,RTN3,0.06861432029939046,0.1324662015464179,0.5179760535018219,0.604474977118553,92.0,1.0,1.0,0.8724806408505053
cell,cts_mmse30_first_ad_dx,RTN4,0.0048323301920927125,0.09633365243731422,0.05016243098679544,0.9599929495731485,108.0,1.0,1.0,0.9829483001452879
cell,cts_mmse30_first_ad_dx,SAR1A,0.07689937716367293,0.07395030469239287,1.0398791118379722,0.29839606810843733,126.0,1.0,1.0,0.8106968900141052
cell,cts_mmse30_first_ad_dx,SAR1B,-0.062358398590717685,0.07976626217622301,-0.7817640803194822,0.4343532343394958,126.0,1.0,1.0,0.8203947271787371
cell,cts_mmse30_first_ad_dx,SEC13,0.07032674136359121,0.10654117827320517,0.6600897653229559,0.5091962261631793,126.0,1.0,1.0,0.8325820484656491
cell,cts_mmse30_first_ad_dx,SEC16A,0.1996491275439452,0.09160786538028766,2.179388491535641,0.029302820342735878,126.0,1.0,1.0,0.5518902854767804
cell,cts_mmse30_first_ad_dx,SEC23A,-0.023644935698365302,0.09820051158382705,-0.2407822048684669,0.8097239223744338,126.0,1.0,1.0,0.9356702165200578
cell,cts_mmse30_first_ad_dx,SEC23B,0.05038861490825548,0.09742841514628242,0.5171860266083591,0.6050263054690288,126.0,1.0,1.0,0.8724806408505053
cell,cts_mmse30_first_ad_dx,SEC24A,-0.03046271470179003,0.0871874973368415,-0.3493931542053549,0.726794172042587,126.0,1.0,1.0,0.8873942211455366
cell,cts_mmse30_first_ad_dx,SEC24B,-0.16771046905742423,0.08450324788443792,-1.984662995282454,0.04718197849720823,126.0,1.0,1.0,0.6290930466294431
cell,cts_mmse30_first_ad_dx,SEC24C,0.09433051441944793,0.08371571236872982,1.1267958158674527,0.2598288199839006,126.0,1.0,1.0,0.8106968900141052
cell,cts_mmse30_first_ad_dx,SEC24D,0.16163961619905612,0.10736872656169538,1.505462729933525,0.1322051519193195,124.0,1.0,1.0,0.8106968900141052
cell,cts_mmse30_first_ad_dx,SEC31A,0.04264992769911703,0.09610936632269902,0.44376452921263315,0.6572128359256246,126.0,1.0,1.0,0.8762837812341662
cell,cts_mmse30_first_ad_dx,SIGMAR1,-0.1430630489204425,0.13627061026755286,-1.0498452207673643,0.29378928049704134,66.0,1.0,1.0,0.8106968900141052
cell,cts_mmse30_first_ad_dx,SNX4,0.06714710177648583,0.07140705387873408,0.9403426990632796,0.3470418040463613,126.0,1.0,1.0,0.8106968900141052
cell,cts_mmse30_first_ad_dx,SNX6,0.10388035116938976,0.09310141187039067,1.1157763247887666,0.26451789033936823,126.0,1.0,1.0,0.8106968900141052
cell,cts_mmse30_first_ad_dx,SORL1,-0.07209147600089737,0.07408987693655492,-0.9730273416789607,0.3305397133373472,126.0,1.0,1.0,0.8106968900141052
cell,cts_mmse30_first_ad_dx,SORT1,-0.14661292524656921,0.07791128383505656,-1.8817932144072822,0.05986409749401728,126.0,1.0,1.0,0.6841611142173403
cell,cts_mmse30_first_ad_dx,SREBF2,-0.07653412988176991,0.13652610853719255,-0.5605823728647509,0.5750822708619274,74.0,1.0,1.0,0.8724806408505053
cell,cts_mmse30_first_ad_dx,SYK,-0.048005225346679406,0.06985774204083695,-0.6871854707044045,0.49196585898969947,102.0,1.0,1.0,0.8325820484656491
cell,cts_mmse30_first_ad_dx,TMED10,0.11196832447196338,0.07380671155789961,1.5170480042878876,0.12925456450352515,126.0,1.0,1.0,0.8106968900141052
cell,cts_mmse30_first_ad_dx,TMED2,-0.0012479824297217989,0.08492124644831144,-0.014695762037376615,0.9882749003986769,126.0,1.0,1.0,0.9882749003986768
cell,cts_mmse30_first_ad_dx,TMED9,0.06710430944718225,0.09319548513299204,0.7200382009002142,0.471501475491401,126.0,1.0,1.0,0.8325820484656491
cell,cts_mmse30_first_ad_dx,VDAC1,-0.04153482324991925,0.08415969971921093,-0.4935239002574316,0.6216424566059849,126.0,1.0,1.0,0.8724806408505053
cell,cts_mmse30_first_ad_dx,VLDLR,0.183528482950889,0.10244841246947545,1.7914233957072923,0.07322537733243299,115.0,1.0,1.0,0.6942806603286912
cell,cts_mmse30_first_ad_dx,VPS26A,0.028354121347386536,0.0828261181319668,0.3423330947637789,0.7321002324450677,126.0,1.0,1.0,0.8873942211455366
cell,cts_mmse30_first_ad_dx,VPS29,-0.14803505450742085,0.08402587371652391,-1.7617794134083413,0.07810657428697776,126.0,1.0,1.0,0.6942806603286912
cell,cts_mmse30_first_ad_dx,VPS35,-0.12412928207794485,0.09357002941166578,-1.3265923165614515,0.18464357886853366,126.0,1.0,1.0,0.8106968900141052
cell,braaksc,ABCA7,-0.009555453831349451,0.02931922392316384,-0.32591087186997825,0.7444917898590947,1081.0,6.0,4.0,0.9030253890305279
cell,braaksc,ADAM10,0.030857173435023692,0.0107404396923855,2.872989776843128,0.00406607273762569,1307.0,6.0,5.0,0.046469402715722176
cell,braaksc,ADAM17,0.005610745015376627,0.022614071033931017,0.24810857836954925,0.8040503985200357,1275.0,6.0,3.0,0.9030253890305279
cell,braaksc,AP1G1,-0.004701162842666076,0.01690448404244848,-0.2781015280242265,0.7809344227983083,1307.0,6.0,4.0,0.9030253890305279
cell,braaksc,AP2A1,-0.02731871304087603,0.011017151769256366,-2.479652964127223,0.013151030874397092,1307.0,6.0,6.0,0.10520824699517675
cell,braaksc,AP2B1,-0.031591299198096945,0.013632821227179629,-2.3172972542993278,0.020487544777689902,1307.0,6.0,5.0,0.14617674066336828
cell,braaksc,AP3B2,-0.04526579656287387,0.010318970766847686,-4.386658086899687,1.1510551375477856e-05,1150.0,6.0,5.0,0.00046042205501911426
cell,braaksc,AP4B1,-0.011264054342994146,0.028629731355851742,-0.3934390512781337,0.6939952316350102,1074.0,6.0,4.0,0.9030253890305279
cell,braaksc,AP4E1,0.006639847573314672,0.02947908315701793,0.22523928366252322,0.8217931305656889,1172.0,6.0,5.0,0.9030253890305279
cell,braaksc,AP4M1,0.01914140384816523,0.036936069273912416,0.5182306678660205,0.6042973399302165,897.0,5.0,3.0,0.8632819141860235
cell,braaksc,AP4S1,-0.006378198497896135,0.02868030124576874,-0.22238952245444502,0.8240106674903567,1234.0,6.0,3.0,0.9030253890305279
cell,braaksc,APBA1,-0.005040418093853333,0.018678537785305035,-0.2698507855266262,0.7872750503888051,1307.0,6.0,3.0,0.9030253890305279
cell,braaksc,APBA2,-0.004057027176876533,0.022342939640939197,-0.1815798297840272,0.8559124791876963,1307.0,6.0,4.0,0.925310788311023
cell,braaksc,APOE,-0.017148412999660752,0.025041766941680744,-0.6847924525293019,0.49347489870336925,1307.0,6.0,4.0,0.8224581645056155
cell,braaksc,APP,0.10208361105632296,0.02119291467781337,4.816874536053938,1.4582431401310392e-06,1219.0,6.0,5.0,0.00011665945121048314
cell,braaksc,ARF6,-0.013320459997907895,0.020572901261054866,-0.6474760087982309,0.5173239167773083,1307.0,6.0,5.0,0.8446104763711156
cell,braaksc,BACE1,0.049187235960031925,0.024556530490782238,2.0030205805537267,0.04517507949919334,1299.0,6.0,3.0,0.19819802552935648
cell,braaksc,BIN1,0.0031091944897158478,0.013763503418411148,0.22590138536651533,0.8212781203083351,1307.0,6.0,4.0,0.9030253890305279
cell,braaksc,CLU,0.0442368425799414,0.021288789635378384,2.0779407067101276,0.03771482065111256,1307.0,6.0,4.0,0.19819802552935648
cell,braaksc,COPA,0.016166593597143626,0.026269265494646303,0.6154185620621326,0.5382783360427681,1307.0,6.0,3.0,0.8603714158684428
cell,braaksc,COPB1,0.023668629088958205,0.02554921620024507,0.9263935497454193,0.35424149499049373,1307.0,6.0,3.0,0.6747457047437976
cell,braaksc,COPB2,0.022219512282436855,0.023163209722204186,0.9592587792846902,0.33742839565324334,1307.0,6.0,4.0,0.6747457047437976
cell,braaksc,COPE,0.008341456065189086,0.026841247672955287,0.3107700568477587,0.7559754344874584,1307.0,6.0,4.0,0.9030253890305279
cell,braaksc,COPG1,0.025669112046822196,0.027256261838892473,0.9417693518850211,0.34631073953142266,1307.0,6.0,4.0,0.6747457047437976
cell,braaksc,COPG2,-0.015113557726682667,0.02645508479653702,-0.5712912221948742,0.5678022508585321,1307.0,6.0,4.0,0.8603714158684428
cell,braaksc,COPZ1,0.030995331208346622,0.026989454878480056,1.148423758386489,0.25079367039863854,1307.0,6.0,4.0,0.5901027538791496
cell,braaksc,ECE1,0.04087721272297411,0.024228800509381063,1.6871331582076052,0.09157775048752345,1291.0,6.0,5.0,0.3330100017728126
cell,braaksc,EIF2S1,0.0022474775585276524,0.02697482901882273,0.08331758310532342,0.9335990196074555,1307.0,6.0,3.0,0.9575374560076466
cell,braaksc,GGA1,-0.04702859237284948,0.020521819683747215,-2.291638514400114,0.02192651109950524,1307.0,6.0,4.0,0.14617674066336828
cell,braaksc,GGA2,-0.006729312827252738,0.022554071374742614,-0.2983635511053947,0.7654257048559291,1307.0,6.0,3.0,0.9030253890305279
cell,braaksc,GGA3,-0.021495462340062034,0.018172659793212215,-1.1828462418083092,0.2368700902495623,1307.0,6.0,5.0,0.5890488954055585
cell,braaksc,GORASP1,-0.03957332600963615,0.03245411196667674,-1.2193624663114888,0.22270664918947303,924.0,6.0,6.0,0.5747268366179948
cell,braaksc,HSPA5,-0.04907299669629168,0.023514477987737595,-2.086926901880723,0.03689474269209213,1307.0,6.0,5.0,0.19819802552935648
cell,braaksc,HSPA9,-0.04844895398833466,0.021539272281404412,-2.2493310523848242,0.024491441608974943,1307.0,6.0,4.0,0.1507165637475381
cell,braaksc,IDE,-0.08580928743853551,0.027560295921744474,-3.11351110605579,0.0018487555181583657,1307.0,6.0,5.0,0.027928594277095032
cell,braaksc,ITPR1,0.041003713527697626,0.020631821138041087,1.9874015605968351,0.04687791488892992,1307.0,6.0,3.0,0.19819802552935648
cell,braaksc,ITPR2,0.026801817970277128,0.017047970932103446,1.5721412288312844,0.11591780173490857,1307.0,6.0,5.0,0.38639267244969516
cell,braaksc,LRP1,0.05656122624894536,0.017588494040904165,3.215808364116075,0.0013007766246959714,1307.0,6.0,4.0,0.026015532493919427
cell,braaksc,MAP2K3,-0.03603483468317126,0.02728445648635507,-1.32070927273894,0.1865983210410065,1233.0,6.0,4.0,0.5147539890786386
cell,braaksc,MAPK14,-0.010975325008034238,0.020891600355544184,-0.5253463028801247,0.5993424746540461,1265.0,6.0,3.0,0.8632819141860235
cell,braaksc,MAPKAPK2,-0.00318024099941472,0.020630818489814358,-0.1541500159571874,0.8774914525018203,1229.0,6.0,3.0,0.9359908826686082
cell,braaksc,MFN2,-0.05083993237831253,0.016525389042588417,-3.0764741602930115,0.0020946445707821274,1307.0,6.0,3.0,0.027928594277095032
cell,braaksc,MIA3,-0.03348624421464365,0.022541661137461214,-1.4855269099487085,0.13740430039621426,1307.0,6.0,3.0,0.4227824627575823
cell,braaksc,NCSTN,-0.013396845025940978,0.027618450823264428,-0.4850686633971567,0.6276276398287193,1291.0,6.0,4.0,0.8808808980052201
cell,braaksc,OSBP,-0.043889379306744095,0.023867494984194975,-1.8388766536164598,0.06593333039990673,1307.0,6.0,5.0,0.2637333215996269
cell,braaksc,PICALM,-0.08533537534864945,0.021972806037241936,-3.8836812742083846,0.00010288676020346979,1307.0,6.0,5.0,0.0027436469387591943
cell,braaksc,PLCG2,-0.019775127317459902,0.023705707734357442,-0.8341926568511252,0.4041724284149565,1239.0,6.0,4.0,0.751948704027826
cell,braaksc,PLG,-0.026436999134822288,0.02710034854162092,-0.9755224769238722,0.32930115785266945,1307.0,6.0,5.0,0.6747457047437976
cell,braaksc,PREB,-0.029100370424130082,0.024924004041088414,-1.1675640228655366,0.24298266935479285,1307.0,6.0,4.0,0.5890488954055585
cell,braaksc,PSEN1,-0.022139245044927914,0.02895546016109925,-0.7645965535257248,0.444511822067555,1307.0,6.0,4.0,0.7902432392312089
cell,braaksc,RAB1A,-0.008136109203024903,0.014369746112172163,-0.5661971436038845,0.5712597714760352,1307.0,6.0,4.0,0.8603714158684428
cell,braaksc,RAB1B,0.006167639437239037,0.02133717695881462,0.2890560194136234,0.7725385090103738,1307.0,6.0,4.0,0.9030253890305279
cell,braaksc,RTN3,-0.04666041526339884,0.017848552853810224,-2.614240809637292,0.008942598276212799,1198.0,6.0,6.0,0.08942598276212799
cell,braaksc,RTN4,-0.032949293095808595,0.019830875790578593,-1.6615147734152216,0.09661010434201041,1238.0,6.0,5.0,0.33603514553742747
cell,braaksc,SAR1A,-0.03814825994967831,0.02627659989682549,-1.4517958982313786,0.1465583647698057,1307.0,6.0,4.0,0.43424700672535016
cell,braaksc,SAR1B,-0.0001730693237457592,0.021080383984218364,-0.008209970172997131,0.9934494651426793,1307.0,6.0,2.0,0.9934494651426793
cell,braaksc,SEC13,-0.010226659075701713,0.02588417092600938,-0.3950931673622038,0.6927741312018685,1307.0,6.0,3.0,0.9030253890305279
cell,braaksc,SEC16A,0.018146390323257284,0.022715050952782603,0.798870773434666,0.42436534743168264,1307.0,6.0,3.0,0.7715733589666957
cell,braaksc,SEC23A,0.013526835779096769,0.01873624330246796,0.721960937458311,0.47031849411052673,1307.0,6.0,5.0,0.8175609868684566
cell,braaksc,SEC23B,-0.022093491972103425,0.021883871889003256,-1.009578747497855,0.3126971559755606,1307.0,6.0,3.0,0.6747457047437976
cell,braaksc,SEC24A,-0.002635342289858425,0.02517204533251249,-0.10469321245240998,0.916619248042149,1307.0,6.0,3.0,0.9575374560076466
cell,braaksc,SEC24B,0.010180847192150979,0.022984673837650335,0.44294068578315493,0.6578086379013917,1307.0,6.0,2.0,0.9030253890305279
cell,braaksc,SEC24C,-0.008165131674640112,0.02220830741398046,-0.3676611424020563,0.7131259179969098,1307.0,6.0,3.0,0.9030253890305279
cell,braaksc,SEC24D,0.05004685501283235,0.025204248778399583,1.985651524584349,0.047072031063222164,1299.0,6.0,5.0,0.19819802552935648
cell,braaksc,SEC31A,0.0011679123310093873,0.02185900195989289,0.05342935295729806,0.9573898183296664,1307.0,6.0,3.0,0.9695086767895357
cell,braaksc,SIGMAR1,-0.04107661818945048,0.033681016521559255,-1.2195777453200467,0.22262498709944334,1066.0,6.0,4.0,0.5747268366179948
cell,braaksc,SNX4,-0.017359805744549806,0.017729709842826753,-0.9791364832500852,0.32751254726707946,1307.0,6.0,5.0,0.6747457047437976
cell,braaksc,SNX6,-0.0018828064142586162,0.019789063793089146,-0.09514378416002384,0.9242006210626753,1307.0,6.0,4.0,0.9575374560076466
cell,braaksc,SORL1,-0.014960499032508767,0.027088195622767996,-0.552288503850521,0.5807507057111989,1307.0,6.0,3.0,0.8603714158684428
cell,braaksc,SORT1,0.018573605080290722,0.019034199498390043,0.9758017447417067,0.32916271998558144,1307.0,6.0,5.0,0.6747457047437976
cell,braaksc,SREBF2,-0.015020319782098678,0.03626844174621668,-0.4141429589724658,0.678769413155014,807.0,5.0,2.0,0.9030253890305279
cell,braaksc,SYK,-0.055496395028382974,0.02197137923199547,-2.5258493990021,0.01154189469749514,1223.0,6.0,4.0,0.10259461953329013
cell,braaksc,TMED10,-0.038345529682871235,0.027910926829677295,-1.373853685220477,0.16948711055017973,1307.0,6.0,5.0,0.4842488872862278
cell,braaksc,TMED2,-0.030729111037763403,0.027340646669149295,-1.1239350484141106,0.2610405813667772,1307.0,6.0,4.0,0.5966641859812051
cell,braaksc,TMED9,-0.039456434457779944,0.026116277233202013,-1.5107985761316085,0.13083977760950977,1307.0,6.0,3.0,0.4186872883504313
cell,braaksc,VDAC1,-0.03404480663445773,0.01703029438077684,-1.9990732909987887,0.04560042450239553,1307.0,6.0,2.0,0.19819802552935648
cell,braaksc,VLDLR,-0.016219636857225488,0.02707373555732421,-0.599091204938567,0.5491120663214839,1275.0,6.0,4.0,0.8603714158684428
cell,braaksc,VPS26A,0.03976927106944958,0.023043939535832635,1.7258017452966128,0.08438308574806634,1307.0,6.0,5.0,0.321459374278348
cell,braaksc,VPS29,0.01170582928054784,0.01658536528186396,0.7057926721305393,0.4803170797852182,1307.0,6.0,4.0,0.8175609868684566
cell,braaksc,VPS35,0.0070686126452724676,0.021566607658766567,0.3277572790822835,0.7430951908980655,1307.0,6.0,3.0,0.9030253890305279
cell,ceradsc,ABCA7,0.0037926658064300323,0.05981142618891878,0.06341038908603548,0.9494397146071843,391.0,2.0,1.0,0.9707938222937373
cell,ceradsc,ADAM10,0.008161962625572918,0.023422322147946817,0.3484694034185842,0.7274876881192709,587.0,2.0,1.0,0.9109906248542797
cell,ceradsc,ADAM17,0.06470044188507725,0.04554882918481387,1.4204633366657113,0.15547283502563264,555.0,2.0,2.0,0.4091186142960744
cell,ceradsc,AP1G1,-0.02504171395345605,0.04790402451317804,-0.5227476022722739,0.6011499072677873,587.0,2.0,1.0,0.8522623058265536
cell,ceradsc,AP2A1,-0.055204304613960906,0.03796762106301741,-1.4539837648067182,0.14595080739240873,587.0,2.0,2.0,0.4091186142960744
cell,ceradsc,AP2B1,-0.05607885645217577,0.035448246039348784,-1.581992417619938,0.1136513014540336,587.0,2.0,2.0,0.3953088746227255
cell,ceradsc,AP3B2,-0.09677745728746777,0.054325953624876404,-1.781422153317754,0.07484351182770423,429.0,2.0,2.0,0.3742175591385211
cell,ceradsc,AP4B1,0.04628336360280807,0.06437958749355471,0.7189136402503615,0.47219413152135215,353.0,2.0,1.0,0.8522623058265536
cell,ceradsc,AP4E1,0.0935520230783765,0.0557557698359332,1.6778895413633865,0.09336866463570485,456.0,2.0,2.0,0.3931312195187573
cell,ceradsc,AP4M1,0.05870423294463832,0.06526384551751,0.8994908663310108,0.3683912586868421,310.0,2.0,1.0,0.7072620335893981
cell,ceradsc,AP4S1,-0.00886986302362728,0.053227819760657935,-0.1666396080754603,0.8676536266750855,514.0,2.0,1.0,0.9707938222937373
cell,ceradsc,APBA1,-0.027884613506813958,0.039464418666432355,-0.706576061401154,0.47982996968314273,587.0,2.0,1.0,0.8522623058265536
cell,ceradsc,APBA2,-0.012198244391728154,0.047267155812527197,-0.25807020079882315,0.7963527290967963,587.0,2.0,2.0,0.9638533507837866
cell,ceradsc,APOE,0.20294015318363923,0.04823193923740691,4.207588506543945,2.581103235021813e-05,587.0,2.0,2.0,0.0010324412940087252
cell,ceradsc,APP,-0.00012669303435375626,0.048835073599714014,-0.0025943041550877933,0.997930047090569,499.0,2.0,1.0,0.997930047090569
cell,ceradsc,ARF6,-0.005850487542765477,0.047904204049132655,-0.122128895759649,0.9027969376610111,587.0,2.0,1.0,0.9707938222937373
cell,ceradsc,BACE1,0.14281373206103662,0.04979334744889151,2.86812876373942,0.004129074497861844,579.0,2.0,2.0,0.06592233429739243
cell,ceradsc,BIN1,-0.047201776962530015,0.033475937445149866,-1.410021064828128,0.15853346303972882,587.0,2.0,2.0,0.4091186142960744
cell,ceradsc,CLU,0.12612608376917936,0.04487436937270064,2.810648607039997,0.004944175072304432,587.0,2.0,2.0,0.06592233429739243
cell,ceradsc,COPA,0.07276326936776668,0.04927650139621598,1.4766322142617514,0.13977425157720086,587.0,2.0,2.0,0.4091186142960744
cell,ceradsc,COPB1,-0.008102157340156938,0.04818837603347872,-0.1681350982761484,0.8664769979458531,587.0,2.0,1.0,0.9707938222937373
cell,ceradsc,COPB2,0.030801907752503205,0.04816969588008253,0.6394457592006377,0.5225329888192809,587.0,2.0,2.0,0.8522623058265536
cell,ceradsc,COPE,-0.0042285145222644895,0.04952187951484038,-0.08538679395230378,0.9319538917178852,587.0,2.0,1.0,0.9707938222937373
cell,ceradsc,COPG1,0.029356500033111764,0.049327154789095086,0.595138725487603,0.5517507447030543,587.0,2.0,1.0,0.8522623058265536
cell,ceradsc,COPG2,0.03020725155236039,0.04984300376047628,0.6060479761116175,0.5444828955080698,587.0,2.0,2.0,0.8522623058265536
cell,ceradsc,COPZ1,-0.09578445021155292,0.047713914080828264,-2.0074741730324672,0.04469919795285757,587.0,2.0,2.0,0.2554239883020432
cell,ceradsc,ECE1,0.023078151047331612,0.04757500327622594,0.48508984672764416,0.6276126139752796,571.0,2.0,2.0,0.8522623058265536
cell,ceradsc,EIF2S1,0.08806095422669677,0.047629974345548894,1.8488557979860896,0.06447863776943574,587.0,2.0,2.0,0.3438860681036573
cell,ceradsc,GGA1,0.010267306227573679,0.045915572931662624,0.22361272161091805,0.8230586639031037,587.0,2.0,1.0,0.9638533507837866
cell,ceradsc,GGA2,0.10969045187439883,0.04788304806097878,2.290799276911292,0.021975025491027436,587.0,2.0,2.0,0.20074783197684037
cell,ceradsc,GGA3,-0.020878402140446208,0.040241884145312566,-0.5188226790041628,0.6038844012407512,587.0,2.0,1.0,0.8522623058265536
cell,ceradsc,GORASP1,0.09099547115768332,0.06376731797119084,1.4269922909223463,0.15358211671849786,316.0,2.0,2.0,0.4091186142960744
cell,ceradsc,HSPA5,0.01843810452328973,0.049583021249843304,0.3718632721145043,0.7099946518629223,587.0,2.0,2.0,0.9109906248542797
cell,ceradsc,HSPA9,-0.009959751666402339,0.04675842717922296,-0.21300442010649878,0.831323515051016,587.0,2.0,1.0,0.9638533507837866
cell,ceradsc,IDE,0.050880369263343356,0.0457493881099824,1.1121540935372944,0.26607190197463815,587.0,2.0,2.0,0.5912708932769737
cell,ceradsc,ITPR1,-0.07310611385539056,0.047655385735788494,-1.534057750800849,0.1250154459414489,587.0,2.0,2.0,0.40004942701263646
cell,ceradsc,ITPR2,0.15892516277188773,0.041182041554979884,3.8590889808052733,0.00011381049670473909,587.0,2.0,2.0,0.0030349465787930427
cell,ceradsc,LRP1,0.2263799282454394,0.04116371705806585,5.499501610267755,3.808662295024533e-08,587.0,2.0,2.0,3.0469298360196264e-06
cell,ceradsc,MAP2K3,0.15414700665164352,0.051219467811111176,3.0095394044333275,0.0026164413678326313,521.0,2.0,2.0,0.052328827356652625
cell,ceradsc,MAPK14,-0.057916369896097095,0.04418926262565974,-1.3106435014931959,0.1899782349492175,547.0,2.0,1.0,0.4605532968465879
cell,ceradsc,MAPKAPK2,-0.005010186491745983,0.04705742946949042,-0.10646961698140199,0.9152097604990228,513.0,2.0,1.0,0.9707938222937373
cell,ceradsc,MFN2,-0.03835694196120015,0.04243796716527549,-0.9038355162446471,0.36608262602441777,587.0,2.0,1.0,0.7072620335893981
cell,ceradsc,MIA3,-0.02430298561687661,0.049615789514068524,-0.4898236197568824,0.6242587152516208,587.0,2.0,1.0,0.8522623058265536
cell,ceradsc,NCSTN,0.02237040721693621,0.049812892365575734,0.44908870283540814,0.6533676696324415,571.0,2.0,1.0,0.8711568928432553
cell,ceradsc,OSBP,-0.07921066168512318,0.04669388936640855,-1.6963817484458064,0.0898136079172829,587.0,2.0,2.0,0.3931312195187573
cell,ceradsc,PICALM,-0.07231343952031655,0.04456407024399897,-1.622684802451462,0.1046568018002238,587.0,2.0,2.0,0.3953088746227255
cell,ceradsc,PLCG2,-0.08006444540209952,0.046056639809229624,-1.7383909406707265,0.08214195189779354,522.0,2.0,2.0,0.3865503618719696
cell,ceradsc,PLG,0.06567344792261806,0.047705892811713974,1.3766317754877493,0.16862612160340884,587.0,2.0,2.0,0.4215653040085221
cell,ceradsc,PREB,-0.004904204153041236,0.04840754225084781,-0.101310744669243,0.9193037870683021,587.0,2.0,1.0,0.9707938222937373
cell,ceradsc,PSEN1,-0.07768071451040141,0.0488426427846465,-1.5904281603455752,0.11173832694147869,587.0,2.0,2.0,0.3953088746227255
cell,ceradsc,RAB1A,-0.025974707033897745,0.04042663724750555,-0.6425146587105873,0.5205390746351942,587.0,2.0,2.0,0.8522623058265536
cell,ceradsc,RAB1B,-0.046562038338774384,0.04361451038071964,-1.0675813607059943,0.2857093951887425,587.0,2.0,1.0,0.6177500436513351
cell,ceradsc,RTN3,-0.11159835705437518,0.05213831733407201,-2.140428820119334,0.03232012749742095,477.0,2.0,2.0,0.23505547270851598
cell,ceradsc,RTN4,-0.11308212035370584,0.049655764002857455,-2.2773211252413414,0.022767056325208552,517.0,2.0,2.0,0.20074783197684037
cell,ceradsc,SAR1A,-0.03295361444941022,0.049486788307918264,-0.6659073174109663,0.5054703430766037,587.0,2.0,2.0,0.8522623058265536
cell,ceradsc,SAR1B,0.010553442592142222,0.04435989745294793,0.23790502679444075,0.8119547566215504,587.0,2.0,1.0,0.9638533507837866
cell,ceradsc,SEC13,0.024890359925453815,0.04948018113936874,0.5030369605023512,0.6149382865026196,587.0,2.0,1.0,0.8522623058265536
cell,ceradsc,SEC16A,-0.07484292931231472,0.047969438437486696,-1.5602210855532381,0.11870764445668858,587.0,2.0,2.0,0.3956921481889619
cell,ceradsc,SEC23A,0.024105664362122962,0.04809283668580132,0.5012319094340258,0.616207919568883,587.0,2.0,2.0,0.8522623058265536
cell,ceradsc,SEC23B,-0.034129213234417914,0.04522004145063726,-0.7547364429480626,0.45040713562658385,587.0,2.0,1.0,0.8379667639564351
cell,ceradsc,SEC24A,-0.002622837216114887,0.05059818127112812,-0.05183659076717659,0.9586588995150656,587.0,2.0,1.0,0.9707938222937373
cell,ceradsc,SEC24B,0.03344704228785793,0.049369691446981556,0.6774812907991724,0.4981006366720293,587.0,2.0,2.0,0.8522623058265536
cell,ceradsc,SEC24C,-0.02338287619432929,0.047564558234534836,-0.491602930043653,0.6230000716958995,587.0,2.0,2.0,0.8522623058265536
cell,ceradsc,SEC24D,-0.0028580665105389343,0.04952505349398185,-0.05770950880217098,0.9539800193924958,579.0,2.0,2.0,0.9707938222937373
cell,ceradsc,SEC31A,-0.01172426499083408,0.04899060432995029,-0.23931660266673785,0.8108600923347886,587.0,2.0,1.0,0.9638533507837866
cell,ceradsc,SIGMAR1,-0.06295717017901352,0.06800489497572747,-0.9257740961365266,0.354563391738266,368.0,2.0,1.0,0.7072620335893981
cell,ceradsc,SNX4,-0.08988548278524833,0.04012815298526447,-2.2399606285954734,0.025093478997105043,587.0,2.0,2.0,0.20074783197684037
cell,ceradsc,SNX6,0.05242096489412714,0.04510821930866877,1.1621155899641782,0.24518851561716626,587.0,2.0,1.0,0.5604308928392372
cell,ceradsc,SORL1,0.09787410209632719,0.04777741029298835,2.048543474753609,0.04050677678288902,587.0,2.0,2.0,0.2513098773599866
cell,ceradsc,SORT1,0.05692979321646059,0.039721543385951553,1.4332220846331751,0.15179438025643052,587.0,2.0,2.0,0.4091186142960744
cell,ceradsc,SREBF2,-0.031195643225821752,0.06448338927146084,-0.48377797101351133,0.6285434505470833,322.0,2.0,2.0,0.8522623058265536
cell,ceradsc,SYK,0.09329710322588476,0.0397479362396005,2.3472188005809906,0.018914144087464002,504.0,2.0,2.0,0.20074783197684037
cell,ceradsc,TMED10,0.020536730048635023,0.04907291946196439,0.4184941567324663,0.675585857894524,587.0,2.0,1.0,0.8860142398616708
cell,ceradsc,TMED2,-0.00627421165038063,0.047472968036429766,-0.13216387999094412,0.894854670046725,587.0,2.0,1.0,0.9707938222937373
cell,ceradsc,TMED9,0.10008457078275398,0.04893698257506702,2.0451724956525257,0.040837855070997825,587.0,2.0,2.0,0.2513098773599866
cell,ceradsc,VDAC1,0.039752051537962456,0.04446451532848855,0.8940174259021596,0.371312567634434,587.0,2.0,1.0,0.7072620335893981
cell,ceradsc,VLDLR,0.06155181828368429,0.05127073948281952,1.2005252684976366,0.2299354050973097,555.0,2.0,1.0,0.5410244825819052
cell,ceradsc,VPS26A,0.015539243395329016,0.04481626560662268,0.3467322228881275,0.7287924998834238,587.0,2.0,1.0,0.9109906248542797
cell,ceradsc,VPS29,0.06806197687846326,0.042429811476867994,1.6041074543913418,0.10869036904614822,587.0,2.0,1.0,0.3953088746227255
cell,ceradsc,VPS35,-0.04765249157506664,0.04908203294752406,-0.970874446582402,0.33161080444882696,587.0,2.0,2.0,0.6981280093659515
cell,amyThal,ABCA7,-0.0055865052228218914,0.06807433446758411,-0.08206477913466924,0.934595200800079,272.0,2.0,1.0,0.963486659857202
cell,amyThal,ADAM10,0.03765588065721811,0.028419764933130982,1.3249891667231883,0.18517474445156212,272.0,2.0,2.0,0.6992067548919493
cell,amyThal,ADAM17,0.010091406428744806,0.055810621221170004,0.1808151604110249,0.8565126629662629,272.0,2.0,2.0,0.9136135071640138
cell,amyThal,AP1G1,0.023484295975293442,0.03762241564574064,0.6242102101158455,0.5324895424264229,272.0,2.0,2.0,0.8519832678822766
cell,amyThal,AP2A1,0.059522896449926165,0.02454704563135244,2.42484970875278,0.015314725326305725,272.0,2.0,2.0,0.16448545601534528
cell,amyThal,AP2B1,0.03379391056718401,0.028589664700482215,1.1820324204996366,0.23719283704211291,272.0,2.0,1.0,0.6993805111193278
cell,amyThal,AP3B2,0.024800966353751387,0.02320077226756827,1.0689715871406567,0.2850824724797749,272.0,2.0,1.0,0.7602199266127331
cell,amyThal,AP4B1,-0.01975493501710292,0.06928493754211569,-0.2851259699136576,0.7755476343703347,272.0,2.0,1.0,0.9017928203630787
cell,amyThal,AP4E1,-0.05315347372965883,0.07751109835241676,-0.6857530709729844,0.4928688341299571,270.0,2.0,2.0,0.8519832678822766
cell,amyThal,AP4M1,-0.028517855282432735,0.07558426741868297,-0.3772988249586933,0.7059515453200738,229.0,2.0,1.0,0.9017928203630787
cell,amyThal,AP4S1,-0.02916244145573014,0.06941062204846689,-0.4201437848427158,0.6743804183965487,272.0,2.0,1.0,0.9017928203630787
cell,amyThal,APBA1,-0.03643444362574452,0.045917699482680235,-0.7934727574818352,0.4275024352799125,272.0,2.0,2.0,0.8341510932290976
cell,amyThal,APBA2,-0.03762769637106419,0.05410121716724163,-0.6955055420425517,0.4867385392631832,272.0,2.0,1.0,0.8519832678822766
cell,amyThal,APOE,0.22800251631528354,0.06709050239972471,3.398432090385108,0.0006777328639828301,272.0,2.0,2.0,0.027109314559313202
cell,amyThal,APP,0.2075187875025287,0.0432235972076264,4.8010531494105715,1.5783336795299378e-06,272.0,2.0,2.0,0.00012626669436239502
cell,amyThal,ARF6,0.09478059476042819,0.04415593654877892,2.146497213477159,0.03183333085018393,272.0,2.0,2.0,0.23151513345588312
cell,amyThal,BACE1,0.08540820061877254,0.05653677410682456,1.5106663223726962,0.13087348694696457,272.0,2.0,1.0,0.5930901617320856
cell,amyThal,BIN1,-0.046544546204012806,0.03160705206284793,-1.472600042277367,0.14085891341137033,272.0,2.0,2.0,0.5930901617320856
cell,amyThal,CLU,0.18015549158051386,0.05637561672350013,3.1956278627354897,0.0013952694473136082,272.0,2.0,1.0,0.03720718526169622
cell,amyThal,COPA,0.02489674178542554,0.06655082350986775,0.37410118271089465,0.7083290388063235,272.0,2.0,1.0,0.9017928203630787
cell,amyThal,COPB1,0.04400592535681937,0.07775693324453758,0.5659421420135647,0.5714331125201068,272.0,2.0,1.0,0.8826122655432594
cell,amyThal,COPB2,0.04619853415858558,0.06078301916390276,0.7600565880745445,0.44722076037461156,272.0,2.0,1.0,0.8360760344084567
cell,amyThal,COPE,-0.021860623897297017,0.07476978758369315,-0.2923724221207322,0.7700018914554589,272.0,2.0,1.0,0.9017928203630787
cell,amyThal,COPG1,0.06879688314837958,0.06912824883970109,0.9952065082381892,0.3196358370883976,272.0,2.0,2.0,0.8198554270083063
cell,amyThal,COPG2,-0.06551322426712852,0.05632570326263184,-1.1631141818444362,0.2447831788917647,272.0,2.0,2.0,0.6993805111193278
cell,amyThal,COPZ1,0.03270564565386207,0.07334222253205795,0.44593202284763594,0.6556463497770351,272.0,2.0,1.0,0.9017928203630787
cell,amyThal,ECE1,0.10979602297165462,0.059740902228549914,1.837870184009099,0.06608153657548398,272.0,2.0,2.0,0.3637296050578071
cell,amyThal,EIF2S1,0.0851871498549093,0.07182040277115095,1.186113507694328,0.23557747685739017,272.0,2.0,2.0,0.6993805111193278
cell,amyThal,GGA1,-0.01410527529333719,0.042189876834219715,-0.33432843022420405,0.738131739284456,272.0,2.0,2.0,0.9017928203630787
cell,amyThal,GGA2,-0.025500956769085883,0.06162456817783781,-0.4138115287963487,0.6790121401226494,272.0,2.0,2.0,0.9017928203630787
cell,amyThal,GGA3,-0.04820535499013022,0.037626167891173345,-1.2811656804794789,0.2001354778634129,272.0,2.0,2.0,0.6992067548919493
cell,amyThal,GORASP1,-0.14633480216798517,0.07992032513983398,-1.831008594020957,0.06709926035282265,261.0,2.0,2.0,0.3637296050578071
cell,amyThal,HSPA5,-0.014518124733419987,0.06704817400894773,-0.2165327385572426,0.8285725087314604,272.0,2.0,1.0,0.9136135071640138
cell,amyThal,HSPA9,-0.014120063081284604,0.05583134827291234,-0.2529056438376436,0.8003411280722323,272.0,2.0,1.0,0.9017928203630787
cell,amyThal,IDE,-0.015722743067255202,0.06165967110045303,-0.25499232783192194,0.7987290249167014,272.0,2.0,1.0,0.9017928203630787
cell,amyThal,ITPR1,0.05337895390979376,0.0362337528868938,1.473183141597833,0.1407016595617823,272.0,2.0,1.0,0.5930901617320856
cell,amyThal,ITPR2,0.07085446186152333,0.03874693251637186,1.8286469988710714,0.06745250712760216,272.0,2.0,2.0,0.3637296050578071
cell,amyThal,LRP1,0.1117818961651795,0.04164125582352658,2.684402618376958,0.007265954710826519,272.0,2.0,2.0,0.09687939614435359
cell,amyThal,MAP2K3,0.043690546464416204,0.06966744016629946,0.6271300676488876,0.5305739791952677,272.0,2.0,2.0,0.8519832678822766
cell,amyThal,MAPK14,-0.02534714260324605,0.04874646062417771,-0.5199791385607624,0.603078115283556,272.0,2.0,1.0,0.8934490596793423
cell,amyThal,MAPKAPK2,0.04320377348451548,0.050481017770202065,0.8558419658095285,0.3920851990605684,272.0,2.0,1.0,0.8340498675781027
cell,amyThal,MFN2,-0.031050693301894534,0.03811037226653317,-0.8147570190271238,0.4152114080233207,272.0,2.0,1.0,0.8340498675781027
cell,amyThal,MIA3,-0.03400481322839172,0.05433498943576153,-0.6258363824399835,0.5314222654683844,272.0,2.0,2.0,0.8519832678822766
cell,amyThal,NCSTN,-0.003895553685891206,0.05747428407110228,-0.06777907282971911,0.9459615029081891,272.0,2.0,1.0,0.963486659857202
cell,amyThal,OSBP,-0.01929078655249136,0.06397270401901034,-0.30154714965243373,0.762997301873311,272.0,2.0,1.0,0.9017928203630787
cell,amyThal,PICALM,-0.10601715063670537,0.058133391600804815,-1.8236876899375272,0.06819930094833884,272.0,2.0,2.0,0.3637296050578071
cell,amyThal,PLCG2,0.18241316438370508,0.061458073636871106,2.9680911487968977,0.002996554561396735,272.0,2.0,2.0,0.0599310912279347
cell,amyThal,PLG,0.02389602411595962,0.0723101788907315,0.3304655649112567,0.7410482076763556,272.0,2.0,1.0,0.9017928203630787
cell,amyThal,PREB,0.06613988603123419,0.07124925626425767,0.9282887920391303,0.35325778633479743,272.0,2.0,1.0,0.8198554270083063
cell,amyThal,PSEN1,-0.15223460633547475,0.06463317945864111,-2.3553631062338494,0.018504613801726345,272.0,2.0,2.0,0.16448545601534528
cell,amyThal,RAB1A,0.09186834098337365,0.033357145414791047,2.7540828161704116,0.005885687287201695,272.0,2.0,2.0,0.09417099659522712
cell,amyThal,RAB1B,0.04328924184289594,0.05183084959669815,0.8352022430605431,0.4036038469788641,272.0,2.0,1.0,0.8340498675781027
cell,amyThal,RTN3,0.006479386374693242,0.03462884152916657,0.18710953322639737,0.8515747537292104,272.0,2.0,2.0,0.9136135071640138
cell,amyThal,RTN4,-0.035658090701439014,0.04713991616838507,-0.7564309315711836,0.44939086849454546,272.0,2.0,1.0,0.8360760344084567
cell,amyThal,SAR1A,-0.04331269419525754,0.06704693155339284,-0.6460056141535048,0.5182757195729308,272.0,2.0,1.0,0.8519832678822766
cell,amyThal,SAR1B,-0.06208678315776008,0.051024090550893755,-1.216813126651065,0.22367532450718586,272.0,2.0,2.0,0.6993805111193278
cell,amyThal,SEC13,-0.049011618380233685,0.060389369300536164,-0.8115934799106859,0.41702493378905137,272.0,2.0,2.0,0.8340498675781027
cell,amyThal,SEC16A,0.11795935496531706,0.05388503948037418,2.1890928558803378,0.028590091688082114,272.0,2.0,2.0,0.2287207335046569
cell,amyThal,SEC23A,0.02195833271096952,0.04134516651517856,0.5310979386891141,0.5953509125782082,272.0,2.0,1.0,0.8934490596793423
cell,amyThal,SEC23B,0.010782241230993363,0.05717536677106949,0.18858193379266847,0.8504204934850574,272.0,2.0,1.0,0.9136135071640138
cell,amyThal,SEC24A,0.07955346221368374,0.06463613193776048,1.2307893407094268,0.21840166325017207,272.0,2.0,2.0,0.6993805111193278
cell,amyThal,SEC24B,0.002765686135575843,0.04899942360422534,0.056443238147343255,0.9549887127751793,272.0,2.0,1.0,0.963486659857202
cell,amyThal,SEC24C,0.07379419597829914,0.05215227441559087,1.4149756037531211,0.15707564911179642,272.0,2.0,2.0,0.6283025964471857
cell,amyThal,SEC24D,-0.022179728646513363,0.06060944629365604,-0.36594507956814815,0.7144060572928185,272.0,2.0,1.0,0.9017928203630787
cell,amyThal,SEC31A,0.03308821154175355,0.05116658579297345,0.6466761662705557,0.5178415514706266,272.0,2.0,2.0,0.8519832678822766
cell,amyThal,SIGMAR1,0.025241117323341125,0.07155527878643148,0.3527498984201767,0.724275947395898,264.0,2.0,1.0,0.9017928203630787
cell,amyThal,SNX4,0.09334784019590861,0.03933370163107713,2.373227952747664,0.017633377546816577,272.0,2.0,2.0,0.16448545601534528
cell,amyThal,SNX6,0.013074683131431305,0.04702189606072793,0.27805520888705954,0.7809699784834552,272.0,2.0,1.0,0.9017928203630787
cell,amyThal,SORL1,-0.03892694259498728,0.06918947009253049,-0.562613683020384,0.5736979726031186,272.0,2.0,1.0,0.8826122655432594
cell,amyThal,SORT1,0.04063403683740945,0.04959695155640224,0.8192849673673985,0.4126238472552618,272.0,2.0,1.0,0.8340498675781027
cell,amyThal,SREBF2,0.07586659028207715,0.08265501853628243,0.917870343816747,0.358686749316134,192.0,2.0,1.0,0.8198554270083063
cell,amyThal,SYK,0.05014901648947316,0.05300397075451009,0.9461369738078726,0.3440787274607673,272.0,2.0,2.0,0.8198554270083063
cell,amyThal,TMED10,-0.06578257029294741,0.07107760526653738,-0.9255034697112564,0.35470407970469575,272.0,2.0,1.0,0.8198554270083063
cell,amyThal,TMED2,-0.08976220956287141,0.0702010166408938,-1.2786454364619948,0.20102194203143542,272.0,2.0,1.0,0.6992067548919493
cell,amyThal,TMED9,-0.017852641236971948,0.06650223451833169,-0.2684517500242909,0.7883516100325543,272.0,2.0,1.0,0.9017928203630787
cell,amyThal,VDAC1,0.00852256778846497,0.031163892543785827,0.2734757147712087,0.7844875578812873,272.0,2.0,1.0,0.9017928203630787
cell,amyThal,VLDLR,-0.007780513128150009,0.05981304693644797,-0.13008053471037667,0.8965027103098941,272.0,2.0,1.0,0.9436870634840991
cell,amyThal,VPS26A,0.06638918556282353,0.0614478304013426,1.080415453714261,0.2799572172353757,272.0,2.0,1.0,0.7602199266127331
cell,amyThal,VPS29,0.06928856202333442,0.03915986802090626,1.7693768014321027,0.0768310143865358,272.0,2.0,2.0,0.38415507193267906
cell,amyThal,VPS35,-0.0022083994957206097,0.048240796328919505,-0.04577867000086633,0.9634866598572022,272.0,2.0,1.0,0.963486659857202
cell,amyA,ABCA7,-0.03945507400509958,0.12055435714778352,-0.3272803649621136,0.7434558419164208,273.0,2.0,1.0,0.9164455869669543
cell,amyA,ADAM10,0.06198530983869182,0.049681996217144406,1.2476412897697085,0.21216245052821225,277.0,2.0,2.0,0.7384609795156551
cell,amyA,ADAM17,0.09271235424587942,0.09736902941597143,0.9521749862556587,0.3410082445398701,277.0,2.0,2.0,0.7384609795156551
cell,amyA,AP1G1,-0.0034315536694185427,0.06851035308660225,-0.05008810369260249,0.9600521797177335,277.0,2.0,1.0,0.9600521797177335
cell,amyA,AP2A1,0.05802825806009981,0.044036864433314185,1.317720024048784,0.18759738883613508,277.0,2.0,2.0,0.7384609795156551
cell,amyA,AP2B1,0.031139940495283853,0.052330839282379575,0.5950590688456443,0.5518039875103216,277.0,2.0,2.0,0.8101891015810314
cell,amyA,AP3B2,0.042058930052667115,0.04105158732918214,1.0245384597532698,0.30558101482947075,277.0,2.0,2.0,0.7384609795156551
cell,amyA,AP4B1,-0.026000666351335338,0.12118284514732724,-0.21455731889876986,0.8301124734770566,277.0,2.0,1.0,0.922347192752285
cell,amyA,AP4E1,-0.08314778574355425,0.13670075823225522,-0.6082467048374799,0.5430238624678017,275.0,2.0,2.0,0.8101891015810314
cell,amyA,AP4M1,-0.09460024820946929,0.13291176613923367,-0.7117522470536537,0.47661820793397414,231.0,2.0,1.0,0.7943636798899569
cell,amyA,AP4S1,-0.15275360548348615,0.1212713426104096,-1.2596018333384411,0.20781303384290095,277.0,2.0,1.0,0.7384609795156551
cell,amyA,APBA1,-0.09322023463894073,0.08045233488921942,-1.15870141950886,0.2465779120310133,277.0,2.0,2.0,0.7384609795156551
cell,amyA,APBA2,0.04207816126451973,0.09459464609916786,0.44482603402741505,0.656445478821942,277.0,2.0,1.0,0.8900955645043281
cell,amyA,APOE,0.3001251587469739,0.11915482529576313,2.518783087483119,0.011776117802612316,277.0,2.0,2.0,0.18841788484179706
cell,amyA,APP,0.31500066509626357,0.0761952993706247,4.13412202193807,3.563141374692658e-05,277.0,2.0,2.0,0.0028505130997541267
cell,amyA,ARF6,0.14102956130540753,0.07901303925089757,1.7848897174754035,0.0742792068483015,277.0,2.0,1.0,0.48330147759165415
cell,amyA,BACE1,0.089289965575718,0.10146012239493513,0.8800498507990696,0.3788323045749098,277.0,2.0,1.0,0.7534324254217725
cell,amyA,BIN1,-0.06149833171848035,0.05603128352549137,-1.0975713538759424,0.2723917072592229,277.0,2.0,2.0,0.7384609795156551
cell,amyA,CLU,0.326436006339099,0.09890747643724199,3.300417906691075,0.0009654095309535334,277.0,2.0,2.0,0.03861638123814134
cell,amyA,COPA,0.012685835112524779,0.11893920901926429,0.10665814256819285,0.9150601905077571,277.0,2.0,2.0,0.9507118862418257
cell,amyA,COPB1,0.031444803887965576,0.1381117411302712,0.22767654386679465,0.8198977088396426,277.0,2.0,1.0,0.922347192752285
cell,amyA,COPB2,0.06836642558720592,0.10912915897324678,0.6264725782773244,0.5310050176404929,277.0,2.0,1.0,0.8101891015810314
cell,amyA,COPE,-0.08078209393933306,0.13303509650645598,-0.60722392857747,0.5437023143403613,277.0,2.0,2.0,0.8101891015810314
cell,amyA,COPG1,0.015577172691513413,0.12355219935194894,0.12607766412267993,0.8996704478188201,277.0,2.0,1.0,0.9470215240198107
cell,amyA,COPG2,-0.12142192273591879,0.0986851710227147,-1.2303968415677236,0.21854853552394127,277.0,2.0,2.0,0.7384609795156551
cell,amyA,COPZ1,0.07560693326052724,0.13169434112732145,0.5741092032757188,0.5658939058897334,277.0,2.0,1.0,0.8101891015810314
cell,amyA,ECE1,0.2054110657263916,0.10578941803163337,1.9416976626619606,0.05217371183994111,277.0,2.0,2.0,0.46376632746614316
cell,amyA,EIF2S1,0.11449183057222095,0.12740792206989296,0.8986241099624359,0.368852912085442,277.0,2.0,1.0,0.7534324254217725
cell,amyA,GGA1,0.004707452283412456,0.07458894123632066,0.0631119332891159,0.9496773718535253,277.0,2.0,1.0,0.9600521797177335
cell,amyA,GGA2,0.02454532074923395,0.10868836834343143,0.22583208418104242,0.8213320220488347,277.0,2.0,1.0,0.922347192752285
cell,amyA,GGA3,-0.036794914127737846,0.0660126522212006,-0.5573918467090586,0.577259734876485,277.0,2.0,1.0,0.8101891015810314
cell,amyA,GORASP1,-0.2980670096940818,0.14217923847198877,-2.096417261039171,0.03604519251841827,261.0,2.0,2.0,0.3604519251841827
cell,amyA,HSPA5,-0.01981104067137985,0.11737109479133236,-0.1687897749152022,0.8659620013623679,277.0,2.0,1.0,0.9270604038197588
cell,amyA,HSPA9,-0.01875367902840772,0.09792354434030616,-0.19151348283753397,0.8481233182623867,277.0,2.0,1.0,0.9270604038197588
cell,amyA,IDE,-0.025902870921173476,0.10843908711572499,-0.2388702414428316,0.8112062015411493,277.0,2.0,1.0,0.922347192752285
cell,amyA,ITPR1,0.06667083333918196,0.06331562790932291,1.0529917421756314,0.29234477679023096,277.0,2.0,1.0,0.7384609795156551
cell,amyA,ITPR2,0.07594847655212908,0.06967583660160812,1.0900260442710807,0.27570167168556703,277.0,2.0,2.0,0.7384609795156551
cell,amyA,LRP1,0.1717097606371807,0.07560900241692234,2.2710226976721715,0.023145603950249796,277.0,2.0,2.0,0.3086080526699973
cell,amyA,MAP2K3,0.12684092908644115,0.13375491233027126,0.9483085658434891,0.3429723914160534,274.0,2.0,2.0,0.7384609795156551
cell,amyA,MAPK14,-0.08798530649189129,0.08698171580592946,-1.0115379499779127,0.3117590270994546,276.0,2.0,2.0,0.7384609795156551
cell,amyA,MAPKAPK2,0.14885234799037278,0.08960182421954148,1.6612647040048678,0.09666029551833083,275.0,2.0,1.0,0.48330147759165415
cell,amyA,MFN2,-0.039195973251002846,0.06671906633177886,-0.5874778441306435,0.5568828263188538,277.0,2.0,2.0,0.8101891015810314
cell,amyA,MIA3,-0.06610619031521262,0.09523135286612745,-0.6941641415946505,0.4875792774816907,277.0,2.0,2.0,0.7960477999701073
cell,amyA,NCSTN,0.07745854747935949,0.10203356491721653,0.7591477132275479,0.4477641998403573,277.0,2.0,1.0,0.7844824936392332
cell,amyA,OSBP,-0.06317999853856172,0.11263976765136646,-0.560903132667242,0.5748635743472057,277.0,2.0,2.0,0.8101891015810314
cell,amyA,PICALM,-0.18947090195021934,0.10274980918936158,-1.8440024701265978,0.06518278019422925,277.0,2.0,2.0,0.48330147759165415
cell,amyA,PLCG2,0.29146102247696165,0.10874778480938826,2.680155949731122,0.007358786796406306,275.0,2.0,2.0,0.14717573592812613
cell,amyA,PLG,-0.09597238630211445,0.12761692842134592,-0.7520349180106232,0.4520300603873041,277.0,2.0,1.0,0.7844824936392332
cell,amyA,PREB,0.10505864627979247,0.12505880673956815,0.8400739541564193,0.40086692262877377,277.0,2.0,1.0,0.7534324254217725
cell,amyA,PSEN1,-0.19765376848152863,0.11301627301728374,-1.7488965367960874,0.080308905345045,277.0,2.0,2.0,0.48330147759165415
cell,amyA,RAB1A,0.17618976355294225,0.05915308366442379,2.978538947394003,0.002896262183959658,277.0,2.0,2.0,0.07723365823892421
cell,amyA,RAB1B,0.08569774700898575,0.09184209451881971,0.9330987871952887,0.3507689652699362,277.0,2.0,1.0,0.7384609795156551
cell,amyA,RTN3,-0.009992567935784185,0.06064280033954374,-0.1647774819077454,0.8691191285810239,277.0,2.0,1.0,0.9270604038197588
cell,amyA,RTN4,-0.081172079946263,0.08297141147875489,-0.978313837255226,0.3279191282563534,277.0,2.0,1.0,0.7384609795156551
cell,amyA,SAR1A,0.03133342068506923,0.11761572106595919,0.2664050383834094,0.7899272853287939,277.0,2.0,1.0,0.922347192752285
cell,amyA,SAR1B,-0.08755967617738122,0.08932279493387112,-0.9802612674872613,0.3269571685750181,277.0,2.0,2.0,0.7384609795156551
cell,amyA,SEC13,-0.14723211147296766,0.1063528557643126,-1.3843738413498472,0.16624401442097703,277.0,2.0,2.0,0.7384609795156551
cell,amyA,SEC16A,0.10589097728801886,0.09493454468577554,1.1154103876361137,0.26467460018603794,277.0,2.0,2.0,0.7384609795156551
cell,amyA,SEC23A,0.03093661314610973,0.0728733128682913,0.42452596058070663,0.6711822765683406,277.0,2.0,2.0,0.8949097020911209
cell,amyA,SEC23B,0.08618259495346392,0.10348807491194383,0.8327780280655058,0.40496992866420267,277.0,2.0,2.0,0.7534324254217725
cell,amyA,SEC24A,0.19322900549140906,0.11356853321623936,1.7014308454921465,0.08886211327905881,277.0,2.0,2.0,0.48330147759165415
cell,amyA,SEC24B,0.01901403049463408,0.08600228999347495,0.22108749076421905,0.8250243101948844,277.0,2.0,1.0,0.922347192752285
cell,amyA,SEC24C,0.15470657047746425,0.09102886263617554,1.6995331590134877,0.08921877229631688,277.0,2.0,2.0,0.48330147759165415
cell,amyA,SEC24D,-0.0880363880962205,0.10820170703559191,-0.8136321552418926,0.4158557112371568,277.0,2.0,1.0,0.756101293158467
cell,amyA,SEC31A,-0.032038940989049004,0.0896216468237403,-0.3574910986857927,0.7207241887684046,277.0,2.0,1.0,0.91520531907099
cell,amyA,SIGMAR1,-0.0068903587013127415,0.12649321495409097,-0.05447216045393032,0.9565589883878598,265.0,2.0,1.0,0.9600521797177335
cell,amyA,SNX4,0.10304588700670135,0.07146391588203199,1.4419289194396068,0.1493224268728997,277.0,2.0,2.0,0.702693773519528
cell,amyA,SNX6,0.030110043598296218,0.08209289199712705,0.36678015435672506,0.7137830120564821,277.0,2.0,1.0,0.91520531907099
cell,amyA,SORL1,-0.04004379464315384,0.12292726182178056,-0.3257519450909854,0.7446120394106504,277.0,2.0,2.0,0.9164455869669543
cell,amyA,SORT1,0.09710378586765572,0.08717605602973283,1.1138813831465015,0.2653300771030699,277.0,2.0,1.0,0.7384609795156551
cell,amyA,SREBF2,0.15416081553894898,0.14404292264878132,1.0702422076983125,0.28451030034116553,192.0,2.0,1.0,0.7384609795156551
cell,amyA,SYK,0.19880663003172716,0.09320927277978512,2.132906138012951,0.03293242673457053,276.0,2.0,2.0,0.3604519251841827
cell,amyA,TMED10,-0.10747404151015685,0.12650905201521176,-0.8495363754463507,0.39558289826971416,277.0,2.0,2.0,0.7534324254217725
cell,amyA,TMED2,-0.09490983758183168,0.12871000027139218,-0.7373928784221041,0.46088346501304955,277.0,2.0,2.0,0.7844824936392332
cell,amyA,TMED9,-0.054947582099643906,0.11820802648105246,-0.4648379956538014,0.6420474759424974,277.0,2.0,2.0,0.8855827254379276
cell,amyA,VDAC1,0.07106439113552168,0.0549020687335827,1.2943845792108148,0.19553261451953352,277.0,2.0,1.0,0.7384609795156551
cell,amyA,VLDLR,0.028427247969643153,0.10469384945731428,0.27152739265006676,0.7859854344795303,277.0,2.0,1.0,0.922347192752285
cell,amyA,VPS26A,0.11368534324718026,0.10837219629530427,1.049026845754774,0.2941657629115645,277.0,2.0,1.0,0.7384609795156551
cell,amyA,VPS29,0.11631973653446284,0.06888529659729863,1.688600358570923,0.09129604192641758,277.0,2.0,2.0,0.48330147759165415
cell,amyA,VPS35,-0.033818736782879895,0.08726011804945308,-0.3875623542442808,0.6983399324694861,277.0,2.0,1.0,0.91520531907099
cell,amyCerad,ABCA7,0.03574997389533872,0.04769574855425618,0.7495421495413039,0.45353050391731664,549.0,2.0,2.0,0.7042914180159412
cell,amyCerad,ADAM10,0.020284825938438555,0.017916984986399417,1.1321562167873969,0.2575687637109568,579.0,2.0,2.0,0.5283461819711934
cell,amyCerad,ADAM17,0.0664627701150863,0.03934998316152716,1.6890164817165048,0.09121627149036894,579.0,2.0,1.0,0.3040542383012298
cell,amyCerad,AP1G1,-0.028507490210557845,0.02937539514358404,-0.9704546975867402,0.3318198956852104,579.0,2.0,1.0,0.6055242002737722
cell,amyCerad,AP2A1,-0.021521064295595627,0.017600931289373265,-1.222723044694185,0.22143431994698315,579.0,2.0,2.0,0.4920762665488514
cell,amyCerad,AP2B1,-0.036334486532466764,0.024768007910339968,-1.4669926892787413,0.14237804410773408,579.0,2.0,2.0,0.37967478428729085
cell,amyCerad,AP3B2,0.008424183817065573,0.014667222215532258,0.5743544137583565,0.5657279943894706,579.0,2.0,2.0,0.7803144750199595
cell,amyCerad,AP4B1,-0.019292773021199795,0.04472797848800611,-0.4313356801129116,0.6662243103990969,579.0,2.0,1.0,0.8327803879988711
cell,amyCerad,AP4E1,0.06500953131186363,0.051969021512886224,1.250928522788213,0.21096055646989398,579.0,2.0,2.0,0.48219555764547195
cell,amyCerad,AP4M1,0.01507128745978305,0.0629769132377602,0.2393144834343276,0.8108617355036916,531.0,2.0,1.0,0.8766072816256125
cell,amyCerad,AP4S1,-0.07245719004012054,0.05443689083361399,-1.331031014640154,0.18317880604296444,579.0,2.0,2.0,0.4508321730997256
cell,amyCerad,APBA1,0.08518695898587518,0.03177034054583595,2.681336036136396,0.007332883961809876,579.0,2.0,2.0,0.07332883961809876
cell,amyCerad,APBA2,-0.00671226566572591,0.03859499161229251,-0.17391545859510052,0.861931903568013,579.0,2.0,1.0,0.9072967405979084
cell,amyCerad,APOE,0.08732311876679169,0.04337862379708341,2.013044931422258,0.044109902706120876,579.0,2.0,1.0,0.2350448348863751
cell,amyCerad,APP,0.2644029399049313,0.0349655487144691,7.561812973794936,3.974896462146697e-14,579.0,2.0,2.0,3.1799171697173573e-12
cell,amyCerad,ARF6,-0.0585526747419055,0.034463967256068054,-1.6989534114531217,0.08932796208739337,579.0,2.0,2.0,0.3040542383012298
cell,amyCerad,BACE1,0.09152354912752542,0.044470901819521166,2.0580547140456185,0.03958488149575373,579.0,2.0,2.0,0.2350448348863751
cell,amyCerad,BIN1,-0.009730211027402269,0.021935473763810154,-0.44358335416741634,0.6573438426990708,579.0,2.0,1.0,0.8327803879988711
cell,amyCerad,CLU,0.06575765178615384,0.03609152235714624,1.8219694679388776,0.06845961849846353,579.0,2.0,1.0,0.2607985466608135
cell,amyCerad,COPA,-0.028326058196011958,0.0467916597696275,-0.6053655359837956,0.5449361451666284,579.0,2.0,2.0,0.7648226598829871
cell,amyCerad,COPB1,-0.05022704016398875,0.043501338440658364,-1.1546090755921254,0.24825054847900485,579.0,2.0,2.0,0.5226327336400103
cell,amyCerad,COPB2,-0.018722383489742544,0.03868386672919534,-0.48398428266770077,0.6283970236828598,579.0,2.0,1.0,0.8246252130668004
cell,amyCerad,COPE,0.0021918001645840936,0.0481611409023389,0.0455097226419246,0.9637010253817974,579.0,2.0,1.0,0.9758997725385289
cell,amyCerad,COPG1,0.014530044422738852,0.050367968278901665,0.2884778743165079,0.772980964703112,579.0,2.0,1.0,0.8766072816256125
cell,amyCerad,COPG2,-0.10896768080082482,0.054086924755106916,-2.0146769537037885,0.04393850849580503,579.0,2.0,2.0,0.2350448348863751
cell,amyCerad,COPZ1,0.03350697880164859,0.04872882622301423,0.6876212993167382,0.49169129179747584,579.0,2.0,2.0,0.7342040101157384
cell,amyCerad,ECE1,0.01651439956810153,0.04123652056464955,0.4004799469492263,0.6888030504623648,579.0,2.0,1.0,0.8347946678140135
cell,amyCerad,EIF2S1,-0.00628329754812297,0.04802641491541959,-0.13083003507941676,0.8959097626430397,579.0,2.0,1.0,0.9297003271454094
cell,amyCerad,GGA1,-0.09610183778272406,0.035833636858975774,-2.6818890351804194,0.007320773834099716,579.0,2.0,2.0,0.07332883961809876
cell,amyCerad,GGA2,-0.00015787847364491135,0.037178614947474785,-0.0042464861552254955,0.9966118044421066,579.0,2.0,1.0,0.9966118044421066
cell,amyCerad,GGA3,-0.031169557807059916,0.03146425182220004,-0.990634005321169,0.32186432670969234,579.0,2.0,2.0,0.6055242002737722
cell,amyCerad,GORASP1,-0.024653470502949193,0.05099494129055526,-0.4834493359347243,0.6287767249634353,474.0,2.0,1.0,0.8246252130668004
cell,amyCerad,HSPA5,0.06106178088569612,0.0379216797469859,1.6102077042235834,0.10735252006548984,579.0,2.0,2.0,0.32387567901914727
cell,amyCerad,HSPA9,0.11359501513586315,0.035447147778789344,3.204630619218268,0.0013523591271722927,579.0,2.0,2.0,0.027047182543445854
cell,amyCerad,IDE,-0.006401839122781227,0.05448021170735742,-0.11750760362622956,0.9064578189667741,579.0,2.0,1.0,0.9297003271454094
cell,amyCerad,ITPR1,-0.12093859217330126,0.04401547380140506,-2.7476380856188958,0.006002622671300937,579.0,2.0,2.0,0.07332883961809876
cell,amyCerad,ITPR2,0.0292909565951013,0.02718117686747748,1.0776191457018254,0.2812037544944176,579.0,2.0,1.0,0.5624075089888352
cell,amyCerad,LRP1,0.1430230236691109,0.02856187260694007,5.0074806241646295,5.514710095849998e-07,579.0,2.0,2.0,2.2058840383399993e-05
cell,amyCerad,MAP2K3,0.08451946474669282,0.050830829879220364,1.6627598830772654,0.0963605098923711,571.0,2.0,2.0,0.30835363165558755
cell,amyCerad,MAPK14,0.06758683186201438,0.03491311337618031,1.9358580580821507,0.052885087849434395,577.0,2.0,2.0,0.2350448348863751
cell,amyCerad,MAPKAPK2,-0.03393319286970032,0.03330684940361285,-1.0188052450863012,0.3082954351418735,575.0,2.0,2.0,0.6015520685695093
cell,amyCerad,MFN2,-0.007090410112914301,0.02584825349992407,-0.2743090597179082,0.7838471228006858,579.0,2.0,2.0,0.8766072816256125
cell,amyCerad,MIA3,0.0093186373666129,0.03883642568890529,0.2399458034902277,0.8103722718129756,579.0,2.0,1.0,0.8766072816256125
cell,amyCerad,NCSTN,-0.030988585754386812,0.055356697355236996,-0.5597983123076462,0.5756170149425051,579.0,2.0,1.0,0.780497647379668
cell,amyCerad,OSBP,-0.06288568361638537,0.04098236317750391,-1.5344572333228617,0.12491720670962579,579.0,2.0,1.0,0.3569063048846451
cell,amyCerad,PICALM,-0.04221648301641891,0.03645941681516083,-1.1579034088900766,0.2469034562556368,579.0,2.0,1.0,0.5226327336400103
cell,amyCerad,PLCG2,0.016356276365882213,0.04232104543248382,0.38648091507984905,0.6991405342942363,576.0,2.0,1.0,0.8347946678140135
cell,amyCerad,PLG,-0.019869005159776715,0.04938901669914316,-0.40229602627665634,0.6874661787576899,579.0,2.0,1.0,0.8347946678140135
cell,amyCerad,PREB,0.031983223676381144,0.04188596469611467,0.7635785377851856,0.4451184431804094,579.0,2.0,1.0,0.7042914180159412
cell,amyCerad,PSEN1,0.0828268159435857,0.05630161464055022,1.4711268313063828,0.1412568200478819,579.0,2.0,2.0,0.37967478428729085
cell,amyCerad,RAB1A,0.04405815921428331,0.02253430756185177,1.9551592208171142,0.050564280125381625,579.0,2.0,2.0,0.2350448348863751
cell,amyCerad,RAB1B,0.11458371253095481,0.04347608867560298,2.6355570618581092,0.008399930109914537,579.0,2.0,2.0,0.07466604542146255
cell,amyCerad,RTN3,-0.02575476960013813,0.028898169172563777,-0.891224957759261,0.3728084976973537,579.0,2.0,2.0,0.6434505522737112
cell,amyCerad,RTN4,-0.12250674345196487,0.03232221228452109,-3.7901719836990426,0.00015054301433606093,579.0,2.0,2.0,0.004014480382294958
cell,amyCerad,SAR1A,0.02177521688849445,0.04930266507321263,0.44166409373933563,0.6587322962320306,579.0,2.0,1.0,0.8327803879988711
cell,amyCerad,SAR1B,0.007836493240107595,0.03606085274208945,0.21731303183967718,0.8279644018208961,579.0,2.0,1.0,0.8831620286089558
cell,amyCerad,SEC13,-0.04563515010088863,0.04714315919829561,-0.9680121331906517,0.3330383101505747,579.0,2.0,1.0,0.6055242002737722
cell,amyCerad,SEC16A,-0.06362956013834255,0.03973591510251623,-1.6013110551042344,0.10930804166896219,579.0,2.0,2.0,0.32387567901914727
cell,amyCerad,SEC23A,-0.007246049229792604,0.030089623203142346,-0.24081555228766968,0.8096980753113301,579.0,2.0,1.0,0.8766072816256125
cell,amyCerad,SEC23B,-0.07428592317221525,0.03827690046980385,-1.9407507468066398,0.05228851778623844,579.0,2.0,2.0,0.2350448348863751
cell,amyCerad,SEC24A,-0.1100942423382544,0.04637824013699666,-2.3738339793197647,0.01760446406664295,579.0,2.0,2.0,0.1408357125331436
cell,amyCerad,SEC24B,-0.02766564846854675,0.04059829339875173,-0.6814485573769804,0.49558770682812336,579.0,2.0,2.0,0.7342040101157384
cell,amyCerad,SEC24C,-0.051905478304362755,0.037406679008846005,-1.387599211683241,0.16525912164791878,579.0,2.0,2.0,0.4264751526397904
cell,amyCerad,SEC24D,-0.08648072764712739,0.04574992909600237,-1.8902920585003504,0.058718910319017784,579.0,2.0,2.0,0.24430253899205848
cell,amyCerad,SEC31A,-0.0701612940520631,0.037460363398282695,-1.8729475020330295,0.06107563474801462,579.0,2.0,2.0,0.24430253899205848
cell,amyCerad,SIGMAR1,0.052976979139548165,0.05910733654659729,0.8962843233138029,0.3701009296161686,563.0,2.0,2.0,0.6434505522737112
cell,amyCerad,SNX4,-0.08526507472697936,0.030515974552342506,-2.7941127877377303,0.005204232403851972,579.0,2.0,2.0,0.07332883961809876
cell,amyCerad,SNX6,0.02426068503675122,0.031689084338283484,0.7655849180672589,0.4439233212521071,579.0,2.0,1.0,0.7042914180159412
cell,amyCerad,SORL1,-0.04339690694298566,0.04922868074581488,-0.8815370691540418,0.3780271994608053,579.0,2.0,1.0,0.6434505522737112
cell,amyCerad,SORT1,0.07189938058050423,0.03207370487417793,2.2416924038728485,0.024981259163769937,579.0,2.0,2.0,0.1815842660157048
cell,amyCerad,SREBF2,0.02174206163804336,0.060380305135260236,0.36008532234704904,0.7187833286831428,430.0,2.0,1.0,0.8456274455095797
cell,amyCerad,SYK,0.08619051961894382,0.03903387903618188,2.2080951662285675,0.02723763990235572,576.0,2.0,2.0,0.1815842660157048
cell,amyCerad,TMED10,0.039739573593044156,0.050681082317654766,0.7841105946389955,0.43297521930888117,579.0,2.0,1.0,0.7042914180159412
cell,amyCerad,TMED2,0.031806909492957725,0.05210779182909758,0.610406013697099,0.5415928854828442,579.0,2.0,1.0,0.7648226598829871
cell,amyCerad,TMED9,0.06135082192430868,0.047668048800411304,1.2870428613763463,0.19807934925241777,579.0,2.0,2.0,0.4660690570645124
cell,amyCerad,VDAC1,0.02396007475855795,0.032269817587605935,0.7424917941823272,0.45778942171036174,579.0,2.0,1.0,0.7042914180159412
cell,amyCerad,VLDLR,0.030436421331909054,0.047631206132140114,0.6390016924507705,0.5228218308826906,579.0,2.0,1.0,0.76046811764755
cell,amyCerad,VPS26A,0.06848108012408746,0.040185237503569476,1.7041352590737977,0.08835582079101625,579.0,2.0,1.0,0.3040542383012298
cell,amyCerad,VPS29,0.03734490949666671,0.028235971326765613,1.322600489442575,0.1859682714036368,579.0,2.0,1.0,0.4508321730997256
cell,amyCerad,VPS35,0.010380567713269383,0.04059410215131357,0.25571615488811794,0.7981700200250406,579.0,2.0,1.0,0.8766072816256125
cell,amyAny,ABCA7,-0.1054935571925046,0.11784810200530227,-0.8951655172839201,0.37069861495220024,549.0,2.0,1.0,0.7413972299044005
cell,amyAny,ADAM10,0.023369508563502613,0.04449048120593412,0.5252698539117081,0.5993956108205025,579.0,2.0,2.0,0.8562794440292893
cell,amyAny,ADAM17,0.12515089375259628,0.0976515351740282,1.281607027780572,0.19998053363203427,579.0,2.0,1.0,0.5925349144652867
cell,amyAny,AP1G1,-0.07884232545759258,0.07310172193222148,-1.0785289781640668,0.2807977568788579,579.0,2.0,2.0,0.718980080888332
cell,amyAny,AP2A1,-0.0773136216260973,0.043592985637837145,-1.7735335282700126,0.0761403412295758,579.0,2.0,2.0,0.42249724522251986
cell,amyAny,AP2B1,-0.0486633340778026,0.06162397028344542,-0.7896819022528228,0.42971356315689635,579.0,2.0,1.0,0.7775074377950081
cell,amyAny,AP3B2,0.02180234644962015,0.03636484078407594,0.5995446695085583,0.5488097315894704,579.0,2.0,2.0,0.836849778037049
cell,amyAny,AP4B1,-0.030846439680199674,0.11100596045453243,-0.2778809313832679,0.7811037621946522,579.0,2.0,1.0,0.881165184800259
cell,amyAny,AP4E1,0.003650807900446116,0.12920035939451494,0.028256948491128635,0.9774572170035912,579.0,2.0,1.0,0.9854181536052934
cell,amyAny,AP4M1,0.020525897750330712,0.15563607680964422,0.13188393186905875,0.8950760981164949,531.0,2.0,1.0,0.9299491928483063
cell,amyAny,AP4S1,-0.2457078236880694,0.13511356899122612,-1.8185281132202566,0.06898345386316877,579.0,2.0,2.0,0.42249724522251986
cell,amyAny,APBA1,0.2046487767568005,0.0788437197738571,2.595625591280863,0.00944188893484133,579.0,2.0,2.0,0.16556436517116385
cell,amyAny,APBA2,-0.0634224902226537,0.0957952642609854,-0.6620628974921448,0.5079309127970045,579.0,2.0,2.0,0.8126894604752073
cell,amyAny,APOE,0.22352635814912888,0.10798988993231642,2.069882266656869,0.03846337096935041,579.0,2.0,1.0,0.3077069677548033
cell,amyAny,APP,0.586585362872453,0.08858722048565557,6.621557372007574,3.554340171766499e-11,579.0,2.0,2.0,2.843472137413199e-09
cell,amyAny,ARF6,-0.12670865659337716,0.08567871086590409,-1.4788814550640137,0.1391720005887644,579.0,2.0,2.0,0.44535040188404607
cell,amyAny,BACE1,0.0764952675318834,0.11094988663097155,0.6894578251018224,0.49053520501867265,579.0,2.0,1.0,0.8008738041121186
cell,amyAny,BIN1,-0.016948464922087996,0.05437892695520782,-0.31167339760213597,0.7552887472190178,579.0,2.0,1.0,0.881165184800259
cell,amyAny,CLU,0.1820623012632691,0.08994672682688222,2.02411257959035,0.042958569573215144,579.0,2.0,1.0,0.3124259605324738
cell,amyAny,COPA,-0.11030285784154703,0.11603544999680143,-0.950596200080127,0.341809398350182,579.0,2.0,2.0,0.7413972299044005
cell,amyAny,COPB1,-0.09863080175791433,0.10780972987807852,-0.914859928407718,0.3602651689809886,579.0,2.0,2.0,0.7413972299044005
cell,amyAny,COPB2,-0.0399007298123851,0.09584773519334318,-0.41629288091051614,0.6771957013106412,579.0,2.0,1.0,0.879765979045186
cell,amyAny,COPE,-0.05824040108190297,0.11937709841201821,-0.48786912947818517,0.6256425418645453,579.0,2.0,2.0,0.869768089531316
cell,amyAny,COPG1,-0.03793644813120752,0.12497710310308326,-0.3035471873589268,0.7614728923534575,579.0,2.0,1.0,0.881165184800259
cell,amyAny,COPG2,-0.2863398383673354,0.1349150059816369,-2.122372054049412,0.033806507048026575,579.0,2.0,2.0,0.30050228487134734
cell,amyAny,COPZ1,0.06997331441395847,0.12075119781307408,0.5794833979392812,0.5622630456862325,579.0,2.0,1.0,0.836849778037049
cell,amyAny,ECE1,-0.023949415617652715,0.10250154004984409,-0.2336493247419178,0.8152572317937542,579.0,2.0,1.0,0.9058413686597269
cell,amyAny,EIF2S1,-0.08274482626865744,0.11866890801639622,-0.6972746918445122,0.4856309031950464,579.0,2.0,1.0,0.8008738041121186
cell,amyAny,GGA1,-0.14087864926617563,0.08967551219830798,-1.5709823764891053,0.11618674243619297,579.0,2.0,2.0,0.42249724522251986
cell,amyAny,GGA2,0.041869123836269596,0.09213646670068736,0.4544251080550416,0.6495228841942355,579.0,2.0,1.0,0.869768089531316
cell,amyAny,GGA3,-0.043896498056762843,0.07835681272564828,-0.5602129097626548,0.5753342224004712,579.0,2.0,2.0,0.836849778037049
cell,amyAny,GORASP1,0.05035547362409472,0.1228234090726448,0.40998270610052523,0.6818186337600192,474.0,2.0,1.0,0.879765979045186
cell,amyAny,HSPA5,0.14848408647933484,0.09381074133749515,1.5828047445563393,0.11346597498929073,579.0,2.0,2.0,0.42249724522251986
cell,amyAny,HSPA9,0.19755430371299784,0.08822650743716515,2.2391717574641143,0.02514474272076457,579.0,2.0,2.0,0.28736848823730937
cell,amyAny,IDE,-0.04546631751649196,0.13616701569496062,-0.3339011087556251,0.7384541830932609,579.0,2.0,1.0,0.881165184800259
cell,amyAny,ITPR1,-0.10459175675604458,0.11201291712284325,-0.9337472806046112,0.3504342697557151,579.0,2.0,1.0,0.7413972299044005
cell,amyAny,ITPR2,0.04788095859641159,0.06768072374301244,0.7074534069437306,0.479284757724423,579.0,2.0,1.0,0.8008738041121186
cell,amyAny,LRP1,0.251300005453973,0.07168516389514029,3.505606903843729,0.00045556750960791667,579.0,2.0,1.0,0.018222700384316667
cell,amyAny,MAP2K3,0.11455588984155121,0.12559501502323783,0.9121053874658629,0.3617132425692391,571.0,2.0,1.0,0.7413972299044005
cell,amyAny,MAPK14,0.1721938767656755,0.08668497378933707,1.9864328180353754,0.046985285629004066,577.0,2.0,2.0,0.31323523752669374
cell,amyAny,MAPKAPK2,-0.07450330955274342,0.08234866731041446,-0.9047299972919071,0.36560844521481106,575.0,2.0,2.0,0.7413972299044005
cell,amyAny,MFN2,-0.05115072496455541,0.0641474431803202,-0.7973930437222468,0.42522279801920304,579.0,2.0,2.0,0.7775074377950081
cell,amyAny,MIA3,-0.026647972028777143,0.0963170791281086,-0.2766692290713409,0.7820341015102298,579.0,2.0,1.0,0.881165184800259
cell,amyAny,NCSTN,-0.14671192205871073,0.13796249450491768,-1.0634188848584583,0.2875920323553328,579.0,2.0,1.0,0.718980080888332
cell,amyAny,OSBP,-0.017740423707667815,0.10185807720212868,-0.17416806005932603,0.8617333862413488,579.0,2.0,2.0,0.9299491928483063
cell,amyAny,PICALM,0.04083021965721785,0.09062645214327597,0.45053313565301306,0.652326067148487,579.0,2.0,1.0,0.869768089531316
cell,amyAny,PLCG2,-0.05962142417276171,0.10479817065986362,-0.568916649950608,0.5694127055455136,576.0,2.0,2.0,0.836849778037049
cell,amyAny,PLG,-0.0022290345132046085,0.12196076997985081,-0.01827665169359679,0.9854181536052935,579.0,2.0,1.0,0.9854181536052934
cell,amyAny,PREB,0.0743387504560747,0.10361908653911091,0.7174233332776546,0.4731129265081253,579.0,2.0,1.0,0.8008738041121186
cell,amyAny,PSEN1,-0.15657148055524722,0.14048422465767785,-1.1145128994858295,0.2650592136496982,579.0,2.0,2.0,0.718980080888332
cell,amyAny,RAB1A,0.09013087806196723,0.05593757403889881,1.6112761343438045,0.10711955007929333,579.0,2.0,1.0,0.42249724522251986
cell,amyAny,RAB1B,0.2773468080401596,0.10817017395061326,2.563985966841345,0.01034777282319774,579.0,2.0,2.0,0.16556436517116385
cell,amyAny,RTN3,-0.03293940082328065,0.07195801364489395,-0.45775861721021804,0.6471258698574603,579.0,2.0,2.0,0.869768089531316
cell,amyAny,RTN4,-0.2248949103998304,0.08076736850532565,-2.784477376961975,0.005361406103473338,579.0,2.0,2.0,0.1429708294259557
cell,amyAny,SAR1A,0.11514568633401019,0.12195263797539502,0.9441836457628888,0.3450758109544302,579.0,2.0,1.0,0.7413972299044005
cell,amyAny,SAR1B,0.06955022265295567,0.08954817286560506,0.7766794165341314,0.43734793375969205,579.0,2.0,2.0,0.7775074377950081
cell,amyAny,SEC13,-0.07395340899148767,0.11718465278644168,-0.6310844230281674,0.5279853256088385,579.0,2.0,2.0,0.8282122754648448
cell,amyAny,SEC16A,-0.16335311420920665,0.09875312125782434,-1.6541564674469866,0.09809572532992444,579.0,2.0,2.0,0.42249724522251986
cell,amyAny,SEC23A,-0.05852603785799893,0.07461765663163064,-0.7843456964472612,0.4328372928824299,579.0,2.0,1.0,0.7775074377950081
cell,amyAny,SEC23B,-0.16138782464782342,0.09502520009868277,-1.6983686904128976,0.08943819757460783,579.0,2.0,2.0,0.42249724522251986
cell,amyAny,SEC24A,-0.17544694870291425,0.11538921442616958,-1.5204796182677187,0.12839047745978535,579.0,2.0,2.0,0.44535040188404607
cell,amyAny,SEC24B,-0.032299943652042924,0.10060718804151643,-0.32105005895517197,0.7481724556250741,579.0,2.0,1.0,0.881165184800259
cell,amyAny,SEC24C,-0.01781747882973884,0.09295966165968353,-0.19166892942195654,0.8480015454378009,579.0,2.0,1.0,0.9293167621236174
cell,amyAny,SEC24D,-0.2654821572984897,0.11344856872928166,-2.340110239134003,0.0192780486309714,579.0,2.0,2.0,0.257040648412952
cell,amyAny,SEC31A,-0.13830181539929914,0.09310465324167333,-1.4854447182173245,0.13742605726037502,579.0,2.0,2.0,0.44535040188404607
cell,amyAny,SIGMAR1,-0.04972992976638679,0.14600668419084384,-0.34060036389419895,0.7334044554624521,563.0,2.0,2.0,0.881165184800259
cell,amyAny,SNX4,-0.1640631682978665,0.07612779732855438,-2.1551020002562047,0.031153853235785595,579.0,2.0,2.0,0.30050228487134734
cell,amyAny,SNX6,0.08606410668788975,0.07870372186760781,1.093520162015505,0.27416548156908993,579.0,2.0,2.0,0.718980080888332
cell,amyAny,SORL1,-0.15748803202471087,0.12236415951654209,-1.2870437932720036,0.19807902445903436,579.0,2.0,2.0,0.5925349144652867
cell,amyAny,SORT1,0.12990512662379838,0.07981357397577195,1.6276069364245251,0.10360825739006964,579.0,2.0,2.0,0.42249724522251986
cell,amyAny,SREBF2,-0.02142426674988045,0.145589997883912,-0.14715479814048324,0.8830098379565787,430.0,2.0,1.0,0.9299491928483063
cell,amyAny,SYK,0.09200135953672306,0.09718674837592305,0.9466451041335116,0.34381965219831134,576.0,2.0,2.0,0.7413972299044005
cell,amyAny,TMED10,0.21576381835986197,0.12551510810438538,1.7190266703225936,0.08560951572359014,579.0,2.0,1.0,0.42249724522251986
cell,amyAny,TMED2,0.16155760340229405,0.1292164846684152,1.2502863223440104,0.21119497302146228,579.0,2.0,1.0,0.6034142086327494
cell,amyAny,TMED9,0.1977656539508686,0.1181884780544716,1.6733073917723256,0.09426679805238534,579.0,2.0,1.0,0.42249724522251986
cell,amyAny,VDAC1,-0.011246975889779293,0.08058894892132418,-0.13955977885701518,0.8890078213531974,579.0,2.0,1.0,0.9299491928483063
cell,amyAny,VLDLR,0.034769934475326086,0.11858703000548013,0.2932018322216123,0.7693678836939389,579.0,2.0,1.0,0.881165184800259
cell,amyAny,VPS26A,0.032320192446704595,0.09978804899374133,0.3238884092095207,0.7460225195048997,579.0,2.0,1.0,0.881165184800259
cell,amyAny,VPS29,0.05851756034386173,0.06999549736313514,0.8360189233355094,0.4031442574357599,579.0,2.0,1.0,0.7775074377950081
cell,amyAny,VPS35,-0.003883525238014537,0.10105873425238997,-0.038428397770306474,0.9693461195525035,579.0,2.0,1.0,0.9854181536052934
cell,reag,ABCA7,0.04262657281399561,0.05153251502185274,0.8271781960558202,0.4081360681141861,570.0,2.0,1.0,0.5952972618024265
cell,reag,ADAM10,0.07568331587749491,0.01825530929343264,4.145824902825505,3.3859250575933506e-05,609.0,2.0,2.0,0.0002462490950976982
cell,reag,ADAM17,0.07270847925273718,0.03996834006105366,1.819151837220943,0.06888826840108134,609.0,2.0,2.0,0.17777617651891955
cell,reag,AP1G1,0.025322831889849858,0.030687479869246,0.8251844725518689,0.4092668674891682,609.0,2.0,2.0,0.5952972618024265
cell,reag,AP2A1,-0.04087229039034706,0.01888871175855855,-2.1638474297659642,0.030476060663712844,609.0,2.0,2.0,0.09262749112090066
cell,reag,AP2B1,-0.06626293218668847,0.025738358959512035,-2.5744816245248576,0.010039041898576555,609.0,2.0,2.0,0.0382439691374345
cell,reag,AP3B2,-0.06535286246070662,0.0156616514691953,-4.172795096944172,3.0088551664689313e-05,609.0,2.0,2.0,0.00024070841331751448
cell,reag,AP4B1,-0.03941793183963362,0.046064614430019045,-0.8557095794108295,0.39215844021412416,609.0,2.0,1.0,0.5952972618024265
cell,reag,AP4E1,0.034838667688322465,0.05414913676668217,0.643383621024936,0.5199752086613061,609.0,2.0,1.0,0.6597627028598584
cell,reag,AP4M1,-0.04892024957823622,0.06632968250582633,-0.7375317916520876,0.4607990172805504,557.0,2.0,1.0,0.6355848514214488
cell,reag,AP4S1,-0.13287021687270148,0.057420094826563635,-2.314002045347253,0.02066760994580105,609.0,2.0,2.0,0.06613635182656336
cell,reag,APBA1,0.08959792933655158,0.03269950930735466,2.7400389557649887,0.006143190265268592,609.0,2.0,2.0,0.025866064274815123
cell,reag,APBA2,0.025870825524400187,0.03883917051476028,0.6661013914951748,0.5053462951854608,609.0,2.0,1.0,0.6597627028598584
cell,reag,APOE,0.08424235373051822,0.04369711857996466,1.9278697650591485,0.05387132732599875,609.0,2.0,1.0,0.14365687286933002
cell,reag,APP,0.500525759195174,0.03767475513762691,13.285441600529047,2.8119459477925592e-40,609.0,2.0,2.0,2.2495567582340474e-38
cell,reag,ARF6,-0.03420410376207603,0.03686868360999806,-0.927727827873967,0.35354876965907145,609.0,2.0,2.0,0.5952972618024265
cell,reag,BACE1,0.2844594704282373,0.04696595322154305,6.0567166408060285,1.3892799680235841e-09,609.0,2.0,2.0,2.7785599360471682e-08
cell,reag,BIN1,0.003959888183163985,0.02244095140788672,0.17645812386422746,0.8599340447226476,609.0,2.0,1.0,0.9096215192159522
cell,reag,CLU,0.15677378746819257,0.03713542007154656,4.2216780412378805,2.4249030772549586e-05,609.0,2.0,1.0,0.00021554694020044075
cell,reag,COPA,0.09501798734517936,0.04762181644872403,1.9952617189117166,0.046014342731211695,609.0,2.0,2.0,0.12693611787920467
cell,reag,COPB1,0.03665044589399068,0.04427219024180695,0.8278435219448679,0.40775912340753107,609.0,2.0,2.0,0.5952972618024265
cell,reag,COPB2,0.0067074946805656815,0.039200822490781384,0.17110596804806943,0.8641404432551546,609.0,2.0,1.0,0.9096215192159522
cell,reag,COPE,0.08120741472315136,0.049388211770623844,1.64426716035614,0.10012102957510828,609.0,2.0,2.0,0.24271764745480798
cell,reag,COPG1,0.07429026933439888,0.05123895505266387,1.4498786959656507,0.1470923491747592,609.0,2.0,2.0,0.32367306467664836
cell,reag,COPG2,-0.054852663209851334,0.055931303036425066,-0.9807149169067048,0.3267333457244209,609.0,2.0,2.0,0.5940606285898563
cell,reag,COPZ1,0.029237958466176037,0.04949604296345273,0.5907130492788077,0.5547127030300224,609.0,2.0,2.0,0.6597627028598584
cell,reag,ECE1,0.02681613576367467,0.04274932123153188,0.6272879894030949,0.5304704749376961,609.0,2.0,2.0,0.6597627028598584
cell,reag,EIF2S1,0.056019251894656105,0.04942518154953347,1.1334151972413924,0.25703993507174094,609.0,2.0,2.0,0.4895998763271256
cell,reag,GGA1,-0.17630189277741865,0.03717419239529071,-4.742588376977165,2.1100472831788042e-06,609.0,2.0,2.0,2.8133963775717392e-05
cell,reag,GGA2,-0.02682262610040009,0.03962355970482437,-0.6769363050724163,0.4984463681392859,609.0,2.0,1.0,0.6597627028598584
cell,reag,GGA3,-0.02516395133354457,0.03287335229340914,-0.7654817527870365,0.44398472803918887,609.0,2.0,2.0,0.6231364604058791
cell,reag,GORASP1,-0.057119532552599064,0.056163992115870684,-1.0170133995239694,0.3091470550976836,493.0,2.0,1.0,0.5751573118096439
cell,reag,HSPA5,-0.03447941925307464,0.03942104221317207,-0.8746450453193183,0.3817670700865803,609.0,2.0,1.0,0.5952972618024265
cell,reag,HSPA9,0.00255960329893181,0.03722943888629212,0.06875213206273319,0.9451869209547757,609.0,2.0,1.0,0.9617442185746115
cell,reag,IDE,-0.21174541823004886,0.057896687500110074,-3.6572976343360972,0.0002548883504823135,609.0,2.0,2.0,0.0014916754417340773
cell,reag,ITPR1,-0.06914332873105862,0.04799632843632745,-1.4405962077450372,0.14969879241294987,609.0,2.0,2.0,0.32367306467664836
cell,reag,ITPR2,0.12841480575487157,0.028849414075409134,4.451210184692475,8.538771476654665e-06,609.0,2.0,2.0,9.758595973319618e-05
cell,reag,LRP1,0.23823849730719435,0.02937696835795852,8.109703302405373,5.074351229573854e-16,609.0,2.0,2.0,2.0297404918295416e-14
cell,reag,MAP2K3,0.08080184935444396,0.05667868914875892,1.425612528588503,0.15398021781678758,598.0,2.0,2.0,0.32416887961428964
cell,reag,MAPK14,0.08201113576312963,0.038078748307142044,2.153724568403096,0.03126177825330397,605.0,2.0,2.0,0.09262749112090066
cell,reag,MAPKAPK2,-0.02387468465850649,0.0341536056456489,-0.6990384823848921,0.48452798179221446,604.0,2.0,2.0,0.6569870939555451
cell,reag,MFN2,-0.10492779982960117,0.02720131217278321,-3.857453609704486,0.00011457441574124631,609.0,2.0,2.0,0.0007638294382749754
cell,reag,MIA3,-0.03894612652827982,0.04112982017398414,-0.9469072892498186,0.3436860232563873,609.0,2.0,1.0,0.5952972618024265
cell,reag,NCSTN,0.027191107103834756,0.05782416371669677,0.4702377925784563,0.6381851359977342,609.0,2.0,2.0,0.7293544411402676
cell,reag,OSBP,-0.10205062851203751,0.04256329123758452,-2.3976207089437693,0.01650194280190398,609.0,2.0,2.0,0.055006476006346595
cell,reag,PICALM,-0.21650358861355712,0.03784252638011792,-5.7211716374017225,1.0579195649836981e-08,609.0,2.0,2.0,1.692671303973917e-07
cell,reag,PLCG2,-0.025899659224194,0.04452743802024487,-0.5816561737151471,0.5607982974308796,602.0,2.0,2.0,0.6597627028598584
cell,reag,PLG,-0.0023310711819173485,0.05073423365318893,-0.045946711205932,0.9633527233085126,609.0,2.0,1.0,0.9633527233085125
cell,reag,PREB,0.06758526194839161,0.04317221944593996,1.5654803671379818,0.1174703172806357,609.0,2.0,2.0,0.27640074654267227
cell,reag,PSEN1,-0.050742958959686266,0.05846977686458418,-0.8678493690373883,0.3854767993710245,609.0,2.0,1.0,0.5952972618024265
cell,reag,RAB1A,0.009866309711120251,0.023626965712029123,0.4175868298694423,0.6762492275970122,609.0,2.0,1.0,0.7619709606726899
cell,reag,RAB1B,0.16344876339194817,0.044766071126295784,3.6511750814767763,0.0002610432023034635,609.0,2.0,2.0,0.0014916754417340773
cell,reag,RTN3,-0.09919816819836258,0.030173235130664312,-3.287621223537609,0.0010103767922192254,609.0,2.0,2.0,0.005051883961096127
cell,reag,RTN4,-0.20616189956592967,0.03385084438441069,-6.090303013560078,1.1269717542842749e-09,609.0,2.0,2.0,2.7785599360471682e-08
cell,reag,SAR1A,0.031130082312554385,0.052292125957755696,0.595311086370879,0.551635546662439,609.0,2.0,2.0,0.6597627028598584
cell,reag,SAR1B,0.02089099282830666,0.036903750851585086,0.5660940242178486,0.571329865366852,609.0,2.0,2.0,0.662411438106495
cell,reag,SEC13,-0.018686326482624877,0.04812992425733465,-0.3882475771770452,0.6978328276462682,609.0,2.0,2.0,0.7647483042698829
cell,reag,SEC16A,-0.0042973142661196645,0.042410230855369956,-0.10132730191388575,0.9192906439325814,609.0,2.0,1.0,0.9551071625273573
cell,reag,SEC23A,0.03623358584218859,0.030657661615648705,1.1818770229916604,0.23725450019578087,609.0,2.0,2.0,0.462935610138109
cell,reag,SEC23B,-0.09939707599641077,0.04020729611931128,-2.4721154016788276,0.013431615022699501,609.0,2.0,2.0,0.04671866094852
cell,reag,SEC24A,-0.1269481895296053,0.04820587876433375,-2.6334586731676985,0.008452012085153192,609.0,2.0,1.0,0.03380804834061277
cell,reag,SEC24B,0.025022363952311274,0.041949097794768686,0.5964934949192571,0.5508455982681513,609.0,2.0,1.0,0.6597627028598584
cell,reag,SEC24C,-0.05812550791234325,0.03836391828230698,-1.515108740577995,0.12974486854141898,609.0,2.0,1.0,0.2965596995232434
cell,reag,SEC24D,0.042492030583121856,0.04829716589075939,0.8798038104188589,0.37896560010618874,609.0,2.0,1.0,0.5952972618024265
cell,reag,SEC31A,-0.03494736360518881,0.03827817344350501,-0.9129840967142239,0.36125090571075535,609.0,2.0,2.0,0.5952972618024265
cell,reag,SIGMAR1,0.003901707714874046,0.06187748841407242,0.06305536657798,0.9497224158424289,589.0,2.0,1.0,0.9617442185746115
cell,reag,SNX4,-0.09097202135087236,0.03198497546258108,-2.8442110720797538,0.004452154392970924,609.0,2.0,2.0,0.01978735285764855
cell,reag,SNX6,0.059026682932750485,0.032726974272467985,1.803609537543087,0.07129253985421341,609.0,2.0,2.0,0.17823134963553353
cell,reag,SORL1,-0.12642108787665088,0.05075937383040831,-2.4905958907025774,0.012752907750631651,609.0,2.0,2.0,0.04637421000229691
cell,reag,SORT1,0.11873522429600773,0.032950509498768654,3.6034412244959313,0.0003140317835097246,609.0,2.0,2.0,0.0016748361787185312
cell,reag,SREBF2,-0.09356939215581637,0.0664942629001499,-1.4071799291364946,0.159374041620153,449.0,2.0,2.0,0.3269211110156985
cell,reag,SYK,0.016089893357867244,0.040723857144195894,0.3950974805970812,0.6927709481302,603.0,2.0,1.0,0.7647483042698829
cell,reag,TMED10,-0.046295195904041984,0.05170136709226534,-0.8954346569100272,0.37055478124446495,609.0,2.0,1.0,0.5952972618024265
cell,reag,TMED2,-0.032500043781820594,0.05395214357492217,-0.6023865156847473,0.5469168837021391,609.0,2.0,1.0,0.6597627028598584
cell,reag,TMED9,-0.05893231562429929,0.04905828653677999,-1.201271381137956,0.22964594807082517,609.0,2.0,1.0,0.4592918961416503
cell,reag,VDAC1,-0.06939814042571574,0.03386602265104116,-2.049196657688475,0.04044288877553712,609.0,2.0,2.0,0.1155511107872489
cell,reag,VLDLR,-0.012226741592907677,0.04912689208866225,-0.24888082826085034,0.8034529656020819,609.0,2.0,1.0,0.8685978006508993
cell,reag,VPS26A,0.17557136514352267,0.04038526675557987,4.347411302396924,1.3775374940721194e-05,609.0,2.0,2.0,0.00013775374940721194
cell,reag,VPS29,0.0846514093777304,0.028806098474119753,2.938662778431578,0.003296315115017525,609.0,2.0,2.0,0.015512071129494235
cell,reag,VPS35,0.03288411978454007,0.04140193772647743,0.7942652346803074,0.42704103849393804,609.0,2.0,1.0,0.6100586264199114
cell,PlaqueTotal,ABCA7,0.01494730772455555,0.13768801583963822,0.10855924993475324,0.9135520835052259,113.0,1.0,1.0,0.9724594789558748
cell,PlaqueTotal,ADAM10,-0.025407563432201942,0.04477788973540234,-0.5674131492649193,0.5704335182575117,189.0,1.0,1.0,0.8165068888100648
cell,PlaqueTotal,ADAM17,-0.026485589819728712,0.08304145197345926,-0.3189442042534821,0.7497688232567509,189.0,1.0,1.0,0.8776389700888227
cell,PlaqueTotal,AP1G1,0.10586393583457016,0.09052044953476672,1.1695029838965876,0.24220103974158924,189.0,1.0,1.0,0.6681407992871428
cell,PlaqueTotal,AP2A1,0.07103870481912639,0.06506087590054077,1.0918805478076252,0.2748856087887117,189.0,1.0,1.0,0.7330282901032312
cell,PlaqueTotal,AP2B1,0.09453875539179996,0.07032493161979443,1.3443135060964644,0.17884702992006452,189.0,1.0,1.0,0.6220766258089201
cell,PlaqueTotal,AP3B2,0.0883701403149449,0.06245015231734382,1.4150508371202566,0.15705359117935652,189.0,1.0,1.0,0.6220766258089201
cell,PlaqueTotal,AP4B1,0.10049375262965882,0.11332410449254143,0.8867817935086612,0.37519639160106066,122.0,1.0,1.0,0.7773467329882232
cell,PlaqueTotal,AP4E1,0.031139460327948097,0.12543166817752727,0.24825836075045632,0.803934513953924,122.0,1.0,1.0,0.8932605710599155
cell,PlaqueTotal,AP4M1,-0.44146046292626634,0.1251280444116765,-3.5280697065307196,0.0004186019074741916,80.0,1.0,1.0,0.016744076298967663
cell,PlaqueTotal,AP4S1,0.00788989318492552,0.09314110204427667,0.08470903834887937,0.9324927102345115,172.0,1.0,1.0,0.9724594789558748
cell,PlaqueTotal,APBA1,0.15429784719331704,0.08018874179825458,1.9241834169379068,0.05433159699049725,189.0,1.0,1.0,0.4845987890573594
cell,PlaqueTotal,APBA2,-0.17220910833279948,0.09007199001279899,-1.9119052250131148,0.055888351389096536,189.0,1.0,1.0,0.4845987890573594
cell,PlaqueTotal,APOE,-0.06905337809628506,0.08583320652300346,-0.8045065644585774,0.42110447972356113,189.0,1.0,1.0,0.7773467329882232
cell,PlaqueTotal,APP,0.2864338318222472,0.0612435453684115,4.676963590190607,2.9115392834949115e-06,189.0,1.0,1.0,0.00023292314267959292
cell,PlaqueTotal,ARF6,-0.12159680480305918,0.08991750625806322,-1.3523151370999589,0.17627452404926813,189.0,1.0,1.0,0.6220766258089201
cell,PlaqueTotal,BACE1,-0.06405951438942495,0.0921342561421625,-0.695284436774326,0.4868770656000704,181.0,1.0,1.0,0.7773467329882232
cell,PlaqueTotal,BIN1,0.0481600660329097,0.061846280138765274,0.7787059452056349,0.43615295317030056,189.0,1.0,1.0,0.7773467329882232
cell,PlaqueTotal,CLU,-0.13130049311145814,0.07968237190306741,-1.6477985026748891,0.09939402640920666,189.0,1.0,1.0,0.5192802341681996
cell,PlaqueTotal,COPA,-0.13105050416811287,0.09223504060686362,-1.420832075378962,0.1553655834767111,189.0,1.0,1.0,0.6220766258089201
cell,PlaqueTotal,COPB1,-0.1427199630765904,0.08627532098381648,-1.6542385638108703,0.09807905021199356,189.0,1.0,1.0,0.5192802341681996
cell,PlaqueTotal,COPB2,0.04492408761084454,0.07940441192121171,0.5657631172361058,0.5715548221670453,189.0,1.0,1.0,0.8165068888100648
cell,PlaqueTotal,COPE,-0.1071533989608155,0.08507448644653293,-1.2595244877341527,0.20784095103536426,189.0,1.0,1.0,0.630830289264963
cell,PlaqueTotal,COPG1,0.004544732508155815,0.091310235794687,0.04977243206747097,0.9603037354689263,189.0,1.0,1.0,0.9724594789558748
cell,PlaqueTotal,COPG2,-0.06428319241690961,0.08944546232123363,-0.7186858980732139,0.47233447407970974,189.0,1.0,1.0,0.7773467329882232
cell,PlaqueTotal,COPZ1,-0.0003109762834587523,0.09178728435555247,-0.0033880105032210867,0.9972967638992107,189.0,1.0,1.0,0.9972967638992107
cell,PlaqueTotal,ECE1,0.08632875399436254,0.09062331868471359,0.9526108207834211,0.3407872926084191,189.0,1.0,1.0,0.7773467329882232
cell,PlaqueTotal,EIF2S1,-0.027385146413417456,0.08238381561929473,-0.33240929917554957,0.7395802176693984,189.0,1.0,1.0,0.8776389700888227
cell,PlaqueTotal,GGA1,-0.11967764587829828,0.08755018941291776,-1.3669604449838029,0.17163770411182655,189.0,1.0,1.0,0.6220766258089201
cell,PlaqueTotal,GGA2,-0.14622448183740422,0.08901092791951071,-1.6427699975179408,0.1004305299493904,189.0,1.0,1.0,0.5192802341681996
cell,PlaqueTotal,GGA3,-0.12947562907000926,0.07960675700629018,-1.626440190997589,0.10385604683363991,189.0,1.0,1.0,0.5192802341681996
cell,PlaqueTotal,GORASP1,-0.21522336282940088,0.20849925722730475,-1.0322500218538695,0.30195500723442537,52.0,1.0,1.0,0.7730091157199257
cell,PlaqueTotal,HSPA5,0.04661171991880734,0.09183709183144857,0.5075478653478624,0.6117704604366447,189.0,1.0,1.0,0.8367466797393789
cell,PlaqueTotal,HSPA9,-0.006208795052252068,0.08958637322871292,-0.06930512787252911,0.9447467441025352,189.0,1.0,1.0,0.9724594789558748
cell,PlaqueTotal,IDE,-0.21830322583174946,0.08143895559619456,-2.680574968497634,0.00734957997282162,189.0,1.0,1.0,0.19598879927524324
cell,PlaqueTotal,ITPR1,-0.008064141745394049,0.08989910569486749,-0.08970213533341574,0.9285239190345176,189.0,1.0,1.0,0.9724594789558748
cell,PlaqueTotal,ITPR2,-0.04162645572717914,0.060697204439315235,-0.685805155471321,0.4928359848600711,189.0,1.0,1.0,0.7773467329882232
cell,PlaqueTotal,LRP1,0.15975659802179212,0.0777385729974073,2.0550492742788093,0.039874245663747546,189.0,1.0,1.0,0.4845987890573594
cell,PlaqueTotal,MAP2K3,-0.12060849421312597,0.09363120806380579,-1.2881228033599255,0.19770321862214668,171.0,1.0,1.0,0.630830289264963
cell,PlaqueTotal,MAPK14,0.06465604591797645,0.09268927581969602,0.6975569217279111,0.4854543298804843,180.0,1.0,1.0,0.7773467329882232
cell,PlaqueTotal,MAPKAPK2,-0.03830326623142257,0.10528102933788536,-0.3638192604338372,0.715992979129696,147.0,1.0,1.0,0.8728180730960297
cell,PlaqueTotal,MFN2,-0.10990674070120451,0.07569013665347056,-1.4520615969341766,0.14648447879106094,189.0,1.0,1.0,0.6220766258089201
cell,PlaqueTotal,MIA3,-0.04532570114215133,0.09204415769459354,-0.4924343084603365,0.6224123505869011,189.0,1.0,1.0,0.8367466797393789
cell,PlaqueTotal,NCSTN,0.03138859309686824,0.08758987832303004,0.35835867908284585,0.7200749103042245,189.0,1.0,1.0,0.8728180730960297
cell,PlaqueTotal,OSBP,0.14863726271617111,0.0855967802756115,1.7364819358575956,0.08247865569721165,189.0,1.0,1.0,0.5192802341681996
cell,PlaqueTotal,PICALM,0.08281772906630361,0.0839209715762704,0.9868537924520556,0.3237143194369302,189.0,1.0,1.0,0.7730091157199257
cell,PlaqueTotal,PLCG2,0.014326989955246706,0.09186373711498358,0.155959145634517,0.8760652241536482,180.0,1.0,1.0,0.960071478524546
cell,PlaqueTotal,PLG,-0.18260795120995477,0.08812815669207821,-2.0720727411557136,0.03825865799774201,189.0,1.0,1.0,0.4845987890573594
cell,PlaqueTotal,PREB,-0.17034616126546623,0.09077449970013217,-1.8765860657805222,0.060574848632169935,189.0,1.0,1.0,0.4845987890573594
cell,PlaqueTotal,PSEN1,0.10678796760096844,0.08949285420983284,1.1932569202741479,0.23276876857746098,189.0,1.0,1.0,0.6650536245070313
cell,PlaqueTotal,RAB1A,0.06113051454374407,0.08177446445269679,0.7475501668262907,0.45473153254712073,189.0,1.0,1.0,0.7773467329882232
cell,PlaqueTotal,RAB1B,-0.08570042611964288,0.08771063441786299,-0.9770813617805651,0.32852887418096843,189.0,1.0,1.0,0.7730091157199257
cell,PlaqueTotal,RTN3,0.14658836527609065,0.07496994234593014,1.955295158154119,0.050548242364600614,189.0,1.0,1.0,0.4845987890573594
cell,PlaqueTotal,RTN4,0.057168699161879145,0.0742444879358176,0.7700059728514792,0.4412963496606044,189.0,1.0,1.0,0.7773467329882232
cell,PlaqueTotal,SAR1A,0.037069559440852384,0.08993733154449492,0.4121709951168928,0.6802140949646049,189.0,1.0,1.0,0.8615323854505406
cell,PlaqueTotal,SAR1B,-0.15217248281269938,0.07773741438301475,-1.9575192205768595,0.050286454262068354,189.0,1.0,1.0,0.4845987890573594
cell,PlaqueTotal,SEC13,0.024023003525696807,0.09103156795173419,0.26389750353892655,0.7918588993665248,189.0,1.0,1.0,0.8922353795679152
cell,PlaqueTotal,SEC16A,-0.06868587887313723,0.08837406966811553,-0.7772175608873018,0.43703042322302565,189.0,1.0,1.0,0.7773467329882232
cell,PlaqueTotal,SEC23A,-0.050692948977738045,0.08569612010859223,-0.5915431050262375,0.5541565823667425,189.0,1.0,1.0,0.8165068888100648
cell,PlaqueTotal,SEC23B,0.04034544690505647,0.08575564130104675,0.4704698873794557,0.6380193433012764,189.0,1.0,1.0,0.8367466797393789
cell,PlaqueTotal,SEC24A,-0.0731047896681214,0.09401560412000386,-0.7775814488710685,0.4368158009242289,189.0,1.0,1.0,0.7773467329882232
cell,PlaqueTotal,SEC24B,-0.09089072801605727,0.09191753365868813,-0.9888290557659691,0.32274678569876736,189.0,1.0,1.0,0.7730091157199257
cell,PlaqueTotal,SEC24C,0.05193238787439801,0.08224655058302621,0.6314232938191532,0.5277637892299485,189.0,1.0,1.0,0.8119442911229976
cell,PlaqueTotal,SEC24D,-0.0626979912906414,0.09119131013279501,-0.6875434863183679,0.4917403070911477,189.0,1.0,1.0,0.7773467329882232
cell,PlaqueTotal,SEC31A,-0.046266370543491905,0.09022761145108182,-0.5127739701784733,0.6081094398737782,189.0,1.0,1.0,0.8367466797393789
cell,PlaqueTotal,SIGMAR1,-0.040835738786302644,0.10211339750578795,-0.39990578889501754,0.6892259083604324,154.0,1.0,1.0,0.8615323854505406
cell,PlaqueTotal,SNX4,0.11435143541094012,0.0833214910450911,1.3724122549494049,0.16993513723307563,189.0,1.0,1.0,0.6220766258089201
cell,PlaqueTotal,SNX6,0.034206632472052766,0.07253274689557038,0.4716026062173276,0.6372104661072052,189.0,1.0,1.0,0.8367466797393789
cell,PlaqueTotal,SORL1,0.06286532784778204,0.091248681225988,0.6889450565547213,0.49085784396884835,189.0,1.0,1.0,0.7773467329882232
cell,PlaqueTotal,SORT1,0.004463285359757694,0.07206254579277473,0.0619362709248776,0.950613582911468,189.0,1.0,1.0,0.9724594789558748
cell,PlaqueTotal,SREBF2,0.13155258965124134,0.15224560091523218,0.8640813846863636,0.3875431843343413,68.0,1.0,1.0,0.7773467329882232
cell,PlaqueTotal,SYK,-0.06011032100799573,0.08820365620217481,-0.6814946635569695,0.4955585422799923,162.0,1.0,1.0,0.7773467329882232
cell,PlaqueTotal,TMED10,-0.12114643445678024,0.0931641609761135,-1.3003544838217471,0.19347950237675016,189.0,1.0,1.0,0.630830289264963
cell,PlaqueTotal,TMED2,-0.15209417240012313,0.08736915970192285,-1.7408221953721708,0.08171475014878103,189.0,1.0,1.0,0.5192802341681996
cell,PlaqueTotal,TMED9,-0.11816253981007757,0.09486269653158796,-1.2456164976369934,0.21290522262692502,189.0,1.0,1.0,0.630830289264963
cell,PlaqueTotal,VDAC1,-0.057296126821239336,0.07139466960150974,-0.802526675185114,0.4222483643432563,189.0,1.0,1.0,0.7773467329882232
cell,PlaqueTotal,VLDLR,0.053247821905329375,0.09150791712373159,0.5818930599560126,0.5606387154426467,189.0,1.0,1.0,0.8165068888100648
cell,PlaqueTotal,VPS26A,-0.023306083665147234,0.08793137791586546,-0.26504854373426256,0.7909720661478237,189.0,1.0,1.0,0.8922353795679152
cell,PlaqueTotal,VPS29,0.03859273133281038,0.08604841601566038,0.44850019465537516,0.6537922457214917,189.0,1.0,1.0,0.8436028977051506
cell,PlaqueTotal,VPS35,0.028318751436719226,0.09150709659793055,0.309470549165688,0.7569636117016096,189.0,1.0,1.0,0.8776389700888227
cell,TangleTotal,ABCA7,-0.027797682839183702,0.16593818341815614,-0.16751830269911352,0.8669622475385348,113.0,1.0,1.0,0.9818862898270899
cell,TangleTotal,ADAM10,0.06782984512280872,0.06285142148721037,1.0792094039847835,0.2804943884226263,189.0,1.0,1.0,0.8238041130152156
cell,TangleTotal,ADAM17,0.20653658766877497,0.11599367276998859,1.7805849468904207,0.07498028071616152,189.0,1.0,1.0,0.4512413678874665
cell,TangleTotal,AP1G1,0.12345788993659014,0.12644718245418876,0.9763593584326671,0.3288864141263741,189.0,1.0,1.0,0.8238041130152156
cell,TangleTotal,AP2A1,-0.026333817346787435,0.09123596604973622,-0.28863417013014214,0.7728613438946307,189.0,1.0,1.0,0.9818862898270899
cell,TangleTotal,AP2B1,-0.05798843020912421,0.09812076093896005,-0.590990425004941,0.5545268365146561,189.0,1.0,1.0,0.9818862898270899
cell,TangleTotal,AP3B2,0.032016330808291124,0.08741530724708535,0.36625542844338205,0.7141744852524634,189.0,1.0,1.0,0.9818862898270899
cell,TangleTotal,AP4B1,0.16441355510746128,0.18780717046606604,0.8754381139945259,0.3813355691945449,122.0,1.0,1.0,0.8716241581589598
cell,TangleTotal,AP4E1,-0.0718962802772829,0.1832370081454857,-0.3923676827346963,0.6947865609446475,122.0,1.0,1.0,0.9818862898270899
cell,TangleTotal,AP4M1,1.3728436379721596e-05,0.18776541588503406,7.311482956013215e-05,0.9999416628063802,80.0,1.0,1.0,0.9999416628063802
cell,TangleTotal,AP4S1,-0.0446599576508354,0.14456244625243478,-0.3089319446964133,0.7573732962253247,172.0,1.0,1.0,0.9818862898270899
cell,TangleTotal,APBA1,0.04030433513952936,0.11196294061230269,0.3599792477681731,0.7188626525811166,189.0,1.0,1.0,0.9818862898270899
cell,TangleTotal,APBA2,-0.01963491264380027,0.12735763447145898,-0.1541714615326063,0.8774745435321547,189.0,1.0,1.0,0.9818862898270899
cell,TangleTotal,APOE,-0.04043112718107264,0.12125351117624357,-0.33344293941563036,0.7387999548806807,189.0,1.0,1.0,0.9818862898270899
cell,TangleTotal,APP,-0.10258496432621007,0.0857033209183687,-1.1969777043286447,0.23131524507165202,189.0,1.0,1.0,0.8238041130152156
cell,TangleTotal,ARF6,0.10397126728172312,0.12767706804795886,0.814330003588967,0.41545592585718616,189.0,1.0,1.0,0.8865312676013724
cell,TangleTotal,BACE1,-0.0593782548572282,0.13124327946874836,-0.452428917485008,0.6509600186027105,181.0,1.0,1.0,0.9818862898270899
cell,TangleTotal,BIN1,-0.050404899313558425,0.08710129793333199,-0.578692861180309,0.5627964337616133,189.0,1.0,1.0,0.9818862898270899
cell,TangleTotal,CLU,0.028991539798542958,0.1126172079431219,0.25743436840651684,0.7968434745195252,189.0,1.0,1.0,0.9818862898270899
cell,TangleTotal,COPA,0.2372496064570403,0.1291035738461074,1.8376687754580978,0.06611122762859098,189.0,1.0,1.0,0.4512413678874665
cell,TangleTotal,COPB1,0.20890791301338363,0.12113730880747925,1.7245546815423825,0.08460775647889997,189.0,1.0,1.0,0.4512413678874665
cell,TangleTotal,COPB2,0.04479925641109333,0.11176301569439802,0.40084151391898093,0.6885368122583246,189.0,1.0,1.0,0.9818862898270899
cell,TangleTotal,COPE,0.05384567204261773,0.11990666847335907,0.4490631983039475,0.6533860674157199,189.0,1.0,1.0,0.9818862898270899
cell,TangleTotal,COPG1,-0.12534061578542657,0.12847868227321177,-0.9755751971279403,0.32927502065124004,189.0,1.0,1.0,0.8238041130152156
cell,TangleTotal,COPG2,0.06093966069173512,0.12605590662355484,0.48343359961482296,0.6287878959756846,189.0,1.0,1.0,0.9818862898270899
cell,TangleTotal,COPZ1,0.09356238343571495,0.12904417912386548,0.7250414863417228,0.4684265796714666,189.0,1.0,1.0,0.9608750352235211
cell,TangleTotal,ECE1,-0.1039593795758893,0.12766661437677107,-0.8143035677995132,0.4154710663301492,189.0,1.0,1.0,0.8865312676013724
cell,TangleTotal,EIF2S1,0.32561328305462045,0.11610971253661548,2.804358704720223,0.005041678001766903,189.0,1.0,1.0,0.20166712007067614
cell,TangleTotal,GGA1,-0.08242254478259704,0.12324444916112325,-0.6687728765361447,0.5036403713014425,189.0,1.0,1.0,0.974778238238898
cell,TangleTotal,GGA2,-0.19670660601555426,0.1243925285168285,-1.5813377890211686,0.11380082359390838,189.0,1.0,1.0,0.5690041179695419
cell,TangleTotal,GGA3,0.00030360335887724514,0.11251363479472738,0.0026983694858951674,0.997847015260581,189.0,1.0,1.0,0.9999416628063802
cell,TangleTotal,GORASP1,-0.2713328834337956,0.24610261312938667,-1.1025193108825069,0.27023596788786264,52.0,1.0,1.0,0.8238041130152156
cell,TangleTotal,HSPA5,0.1450081855020213,0.1290262901485175,1.123865417932327,0.2610701240234692,189.0,1.0,1.0,0.8238041130152156
cell,TangleTotal,HSPA9,0.04582390930163229,0.12612228248783566,0.36332921033245613,0.7163589754062312,189.0,1.0,1.0,0.9818862898270899
cell,TangleTotal,IDE,0.38113069019739565,0.11643863847428125,3.273232109129987,0.0010632512590376785,189.0,1.0,1.0,0.08506010072301429
cell,TangleTotal,ITPR1,-0.011124433306588938,0.12673033674247916,-0.08778034993463489,0.9300512559485344,189.0,1.0,1.0,0.9833214052554475
cell,TangleTotal,ITPR2,0.10706707511845755,0.08572730719806772,1.2489261428810028,0.2116920886989343,189.0,1.0,1.0,0.8238041130152156
cell,TangleTotal,LRP1,0.119319500103698,0.10967728337737842,1.0879144379711025,0.2766328816758491,189.0,1.0,1.0,0.8238041130152156
cell,TangleTotal,MAP2K3,0.024852227020729693,0.13821337570547754,0.17981057834581762,0.8573012786582058,171.0,1.0,1.0,0.9818862898270899
cell,TangleTotal,MAPK14,-0.008393074058577872,0.13418786705026362,-0.06254719031664781,0.9501270830399875,180.0,1.0,1.0,0.9833214052554475
cell,TangleTotal,MAPKAPK2,-0.305694051842525,0.1395225725562649,-2.191000683557842,0.02845174298548885,147.0,1.0,1.0,0.2946926375875329
cell,TangleTotal,MFN2,0.02175915576244021,0.10678055857002672,0.20377450777400224,0.8385297147001117,189.0,1.0,1.0,0.9818862898270899
cell,TangleTotal,MIA3,0.25858821663432446,0.12938153425577417,1.9986485561619773,0.045646392765910135,189.0,1.0,1.0,0.3851552500202359
cell,TangleTotal,NCSTN,-0.1528516297556221,0.1229517759736133,-1.243183585964839,0.21380018984401816,189.0,1.0,1.0,0.8238041130152156
cell,TangleTotal,OSBP,-0.09635465959552682,0.11976809443919466,-0.8045102499684951,0.42110235211065183,189.0,1.0,1.0,0.8865312676013724
cell,TangleTotal,PICALM,0.02854473251626536,0.1177561852049025,0.2424053774041329,0.8084660680483571,189.0,1.0,1.0,0.9818862898270899
cell,TangleTotal,PLCG2,0.12844918048138793,0.1336751926637906,0.9609051456873772,0.33659986328092295,180.0,1.0,1.0,0.8238041130152156
cell,TangleTotal,PLG,0.26783812392595924,0.12222751102681673,2.191308009758912,0.028429510829594783,189.0,1.0,1.0,0.2946926375875329
cell,TangleTotal,PREB,0.25578377823306403,0.12943923309527894,1.9760915768465974,0.048144406252529484,189.0,1.0,1.0,0.3851552500202359
cell,TangleTotal,PSEN1,-0.11825978535370724,0.126567300750917,-0.9343628619088682,0.35011674803146664,189.0,1.0,1.0,0.8238041130152156
cell,TangleTotal,RAB1A,0.11830944326530826,0.1148711691132537,1.0299315674994542,0.30304213080838216,189.0,1.0,1.0,0.8238041130152156
cell,TangleTotal,RAB1B,-0.04429429202247252,0.12371281842372886,-0.3580412489735713,0.7203124447629718,189.0,1.0,1.0,0.9818862898270899
cell,TangleTotal,RTN3,0.013482422689531783,0.10528524617552926,0.12805614441983812,0.8981045419113592,189.0,1.0,1.0,0.9833214052554475
cell,TangleTotal,RTN4,0.04528602580747904,0.10445993704878634,0.4335253024930403,0.664633188252577,189.0,1.0,1.0,0.9818862898270899
cell,TangleTotal,SAR1A,0.08601524882367466,0.12654571810888024,0.6797167862263576,0.496683805117927,189.0,1.0,1.0,0.974778238238898
cell,TangleTotal,SAR1B,0.24420410388775424,0.10935932456338597,2.233043271460685,0.025546090975525355,189.0,1.0,1.0,0.2946926375875329
cell,TangleTotal,SEC13,0.2780738769486754,0.12704450367849915,2.1887910842044267,0.02861202805564959,189.0,1.0,1.0,0.2946926375875329
cell,TangleTotal,SEC16A,0.07457436227816032,0.1242564394751729,0.6001649700662852,0.5483962967720615,189.0,1.0,1.0,0.9818862898270899
cell,TangleTotal,SEC23A,0.006291642032292304,0.12078780524721808,0.05208838772602179,0.9584582656583659,189.0,1.0,1.0,0.9833214052554475
cell,TangleTotal,SEC23B,0.06574472868724378,0.12072161773968518,0.5445978103856317,0.5860301610287102,189.0,1.0,1.0,0.9818862898270899
cell,TangleTotal,SEC24A,0.04303182165202427,0.13250004637472565,0.3247683516300458,0.7453563989660528,189.0,1.0,1.0,0.9818862898270899
cell,TangleTotal,SEC24B,-0.12155118748740225,0.12962794787213602,-0.9376927543996868,0.3484023284622161,189.0,1.0,1.0,0.8238041130152156
cell,TangleTotal,SEC24C,0.005994900804854302,0.11587292557984213,0.051736855480735415,0.9587383701240613,189.0,1.0,1.0,0.9833214052554475
cell,TangleTotal,SEC24D,0.046468723133912614,0.12845193691891485,0.3617596141290259,0.7175316741646991,189.0,1.0,1.0,0.9818862898270899
cell,TangleTotal,SEC31A,0.31272789617966645,0.1256786042472211,2.4883145230074533,0.012835016663309771,189.0,1.0,1.0,0.2946926375875329
cell,TangleTotal,SIGMAR1,-0.24692626577029325,0.14207034503661434,-1.738056353045778,0.08220088463444497,154.0,1.0,1.0,0.4512413678874665
cell,TangleTotal,SNX4,-0.03324290162558386,0.11650671634946187,-0.2853303454701425,0.7753910663799021,189.0,1.0,1.0,0.9818862898270899
cell,TangleTotal,SNX6,0.1822813982795221,0.10158487905523475,1.7943753044231143,0.07275328590261777,189.0,1.0,1.0,0.4512413678874665
cell,TangleTotal,SORL1,0.12331127102656426,0.12853654090166416,0.9593479812165052,0.3373834713080901,189.0,1.0,1.0,0.8238041130152156
cell,TangleTotal,SORT1,-0.13923735638090493,0.1017418292198678,-1.368536003810271,0.17114436024302904,189.0,1.0,1.0,0.8053852246730778
cell,TangleTotal,SREBF2,-0.03375471574000113,0.2307487598133446,-0.14628341130546363,0.8836976608443808,68.0,1.0,1.0,0.9818862898270899
cell,TangleTotal,SYK,-0.07990933651760738,0.12179409781818154,-0.6561018797224379,0.5117585750754214,162.0,1.0,1.0,0.974778238238898
cell,TangleTotal,TMED10,0.12415346797644342,0.1315060979075536,0.9440890571000065,0.3451241408124661,189.0,1.0,1.0,0.8238041130152156
cell,TangleTotal,TMED2,-0.053972873485521516,0.12332568335324277,-0.4376450388758566,0.6616436168591253,189.0,1.0,1.0,0.9818862898270899
cell,TangleTotal,TMED9,-0.01979706115265679,0.13365955367261154,-0.14811557130549846,0.8822515608639584,189.0,1.0,1.0,0.9818862898270899
cell,TangleTotal,VDAC1,-0.13333705750189137,0.10036353943671115,-1.3285408052589973,0.18399951261091563,189.0,1.0,1.0,0.8177756116040694
cell,TangleTotal,VLDLR,-0.13764357132401286,0.12858597557285426,-1.0704399971365988,0.28442130387778275,189.0,1.0,1.0,0.8238041130152156
cell,TangleTotal,VPS26A,0.012279221199639687,0.12375439122208517,0.09922250902276136,0.920961603427956,189.0,1.0,1.0,0.9833214052554475
cell,TangleTotal,VPS29,0.2631591499775068,0.12087314409703707,2.1771515247939806,0.02946926375875329,189.0,1.0,1.0,0.2946926375875329
cell,TangleTotal,VPS35,0.02414955803517329,0.12836717238879666,0.18812876832738398,0.8507757098541752,189.0,1.0,1.0,0.9818862898270899
nocell,sex,ABCA7,-0.11399138773190334,0.06276829778436499,-1.8160662588542835,0.06936020876561853,1087.0,6.0,4.0,0.16814596064392373
nocell,sex,ADAM10,0.11569319947927033,0.05338837929098075,2.1670108929269394,0.030234023543738452,1313.0,6.0,4.0,0.10516182102169896
nocell,sex,ADAM17,-0.07735667572862487,0.05584009758911135,-1.3853248663324182,0.16595315352054085,1281.0,6.0,5.0,0.2972444633327053
nocell,sex,AP1G1,0.09376851960949535,0.05084545411678309,1.8441868843205829,0.06515590912153339,1313.0,6.0,5.0,0.1628897728038335
nocell,sex,AP2A1,0.028680174275801964,0.050101337279280324,0.5724432886078433,0.5670216960022652,1313.0,6.0,4.0,0.657416459133061
nocell,sex,AP2B1,0.07859968764245831,0.049887290364412855,1.5755453356618356,0.11513062255666973,1313.0,6.0,4.0,0.23026124511333945
nocell,sex,AP3B2,0.03994782735519003,0.05230008195383429,0.763819593828788,0.4449747586741374,1155.0,6.0,5.0,0.5562184483426718
nocell,sex,AP4B1,-0.12740344880253804,0.062053071256190175,-2.0531368749911594,0.04005930451003921,1079.0,6.0,5.0,0.12186087723609293
nocell,sex,AP4E1,0.01633092502433158,0.062067498663538216,0.26311556573046246,0.7924615068138745,1178.0,6.0,4.0,0.8040512054896921
nocell,sex,AP4M1,0.1303360053427819,0.07366094511135488,1.7694044672621303,0.07682640066356165,900.0,5.0,4.0,0.17560320151671235
nocell,sex,AP4S1,-0.07768496002351921,0.05964956200407666,-1.3023559170176295,0.1927947447917424,1240.0,6.0,5.0,0.3281612677306254
nocell,sex,APBA1,0.06246556220986642,0.05593752477606206,1.116702293495081,0.2641216369027115,1313.0,6.0,4.0,0.3972514873089761
nocell,sex,APBA2,-0.1250708924645469,0.05579825364151375,-2.2414839946082914,0.024994741138548625,1313.0,6.0,5.0,0.09088996777654046
nocell,sex,APOE,-0.058448999793980085,0.054306963754643806,-1.0762708086213362,0.28180615995277747,1313.0,6.0,5.0,0.40989986902222175
nocell,sex,APP,0.011776357869439166,0.04278310898335731,0.27525717857531545,0.7831186606982977,1225.0,6.0,3.0,0.8040512054896921
nocell,sex,ARF6,0.0661563280827888,0.05419266816038454,1.2207615961442888,0.22217629833264263,1313.0,6.0,4.0,0.3702938305544044
nocell,sex,BACE1,0.01899239544259329,0.05603677650121823,0.3389273371600952,0.734664469937142,1305.0,6.0,3.0,0.8040512054896921
nocell,sex,BIN1,0.12566015670347022,0.051418756477846314,2.4438583371344405,0.014531131087019464,1313.0,6.0,6.0,0.06118370984008195
nocell,sex,CLU,-0.15397920585911254,0.05081130888099253,-3.0304121119917267,0.0024422025312801424,1313.0,6.0,6.0,0.01953762025024114
nocell,sex,COPA,-0.09800088624421713,0.056580999087858005,-1.7320458780171597,0.08326539428578988,1313.0,6.0,5.0,0.18503420952397753
nocell,sex,COPB1,-0.01754121357472789,0.05506684623463552,-0.31854400195693344,0.7500723227377248,1313.0,6.0,5.0,0.8040512054896921
nocell,sex,COPB2,-0.21958647389438152,0.054124025396447,-4.0570979761013195,4.968624220086485e-05,1313.0,6.0,6.0,0.0007949798752138377
nocell,sex,COPE,-0.16105967290712014,0.05708162501671149,-2.8215677612536,0.004778954031735185,1313.0,6.0,5.0,0.02940894788760114
nocell,sex,COPG1,-0.06107140342660823,0.05798723971524388,-1.0531869377902734,0.29225532388607034,1313.0,6.0,4.0,0.41750760555152905
nocell,sex,COPG2,-0.19745195266997057,0.05574198704144187,-3.5422481893796354,0.00039673200539559175,1313.0,6.0,5.0,0.004534080061663906
nocell,sex,COPZ1,-0.05152006713225946,0.05676621299950915,-0.9075833036934302,0.36409841884853955,1313.0,6.0,5.0,0.4936927713200537
nocell,sex,ECE1,-0.15413450604644865,0.05635781510084052,-2.734926926649963,0.006239412550206986,1297.0,6.0,5.0,0.035653786001182776
nocell,sex,EIF2S1,-0.32092653822155887,0.05609057934486022,-5.721576456688292,1.05540143993213e-08,1313.0,6.0,6.0,8.443211519457039e-07
nocell,sex,GGA1,-0.19570732675920266,0.054652130992197574,-3.580964240665069,0.0003423285092822641,1313.0,6.0,5.0,0.004534080061663906
nocell,sex,GGA2,0.038613185654438345,0.05451753190362281,0.708270978273549,0.4787769959730722,1313.0,6.0,5.0,0.5716740250424743
nocell,sex,GGA3,-0.10487070608139884,0.05433763576961359,-1.9299828672347958,0.05360896062189718,1313.0,6.0,5.0,0.14295722832505914
nocell,sex,GORASP1,0.12184836611021968,0.06874891765122601,1.7723677735317298,0.07633352767551348,928.0,6.0,6.0,0.17560320151671235
nocell,sex,HSPA5,-0.04825136425709962,0.0547944260878566,-0.8805889157363209,0.37854036011532377,1313.0,6.0,4.0,0.504720480153765
nocell,sex,HSPA9,-0.07188689642526325,0.055148437534009956,-1.3035164664625487,0.19239849842422307,1313.0,6.0,4.0,0.3281612677306254
nocell,sex,IDE,-0.3124868397798218,0.057700605649411235,-5.415659615056577,6.106317037086135e-08,1313.0,6.0,6.0,1.8414563112073654e-06
nocell,sex,ITPR1,0.06750055980125597,0.05746137491353868,1.1747118808560204,0.24011000450724618,1313.0,6.0,4.0,0.37664314432509205
nocell,sex,ITPR2,-0.018939636416653152,0.051176534330166966,-0.3700843885688607,0.7113196137416069,1313.0,6.0,5.0,0.8014868887229374
nocell,sex,LRP1,0.00022135432966317558,0.05023667848863068,0.004406229398969349,0.9964843489671876,1313.0,6.0,4.0,0.9964843489671876
nocell,sex,MAP2K3,-0.119325827401172,0.0585444921003638,-2.038207577180954,0.04152917805504122,1239.0,6.0,4.0,0.12186087723609293
nocell,sex,MAPK14,-0.05234439977202675,0.055869251757644615,-0.9369089100940831,0.3488054155470566,1271.0,6.0,4.0,0.4811109179959401
nocell,sex,MAPKAPK2,-0.049028829117772545,0.05711026132630551,-0.8584942176615363,0.3906196220401774,1235.0,6.0,5.0,0.5122880289051507
nocell,sex,MFN2,-0.0676223977383075,0.048957150399962034,-1.381256817152494,0.16720001062464673,1313.0,6.0,5.0,0.2972444633327053
nocell,sex,MIA3,0.02543100201797658,0.05603553881275409,0.45383702123318037,0.6499461353354,1313.0,6.0,3.0,0.7427955832404572
nocell,sex,NCSTN,0.10474341619374475,0.05676170724545672,1.8453182836943043,0.06499125232991501,1297.0,6.0,4.0,0.1628897728038335
nocell,sex,OSBP,0.12762319111171325,0.0560451765018755,2.277148526911008,0.022777357691447415,1313.0,6.0,6.0,0.0867708864436092
nocell,sex,PICALM,0.04311860516559945,0.05170964683491062,0.8338599817411416,0.4043598902097123,1313.0,6.0,3.0,0.5134728764567776
nocell,sex,PLCG2,-0.1458931741128917,0.05969691438844858,-2.4438980742549434,0.014529530734256743,1245.0,6.0,4.0,0.06118370984008195
nocell,sex,PLG,-0.19757290296227695,0.057313130255793626,-3.447253745877976,0.0005663164161713173,1313.0,6.0,4.0,0.005663164161713173
nocell,sex,PREB,0.1629541960099328,0.05597824525272449,2.911027226277725,0.0036024262527821114,1313.0,6.0,5.0,0.02401617501854741
nocell,sex,PSEN1,0.1524264990113335,0.05858257054517906,2.601908683637938,0.009270653341734806,1313.0,6.0,5.0,0.046353266708674026
nocell,sex,RAB1A,0.10658968585943777,0.052378957082764674,2.034971519020778,0.04185373882070218,1313.0,6.0,6.0,0.12186087723609293
nocell,sex,RAB1B,0.08879119470487903,0.058265132114726455,1.5239164742653548,0.12752957756811395,1313.0,6.0,6.0,0.24883820013290528
nocell,sex,RTN3,0.1525061818103976,0.05753538547511338,2.650650213795184,0.00803369941471502,1203.0,6.0,5.0,0.0428463968784801
nocell,sex,RTN4,0.15139370827144996,0.051201656456036505,2.956812703929643,0.003108368676109385,1243.0,6.0,5.0,0.022606317644431887
nocell,sex,SAR1A,-0.015782038768653788,0.05710633515528191,-0.2763623112171306,0.7822698011529416,1313.0,6.0,3.0,0.8040512054896921
nocell,sex,SAR1B,-0.11486816270062594,0.05406227859152753,-2.1247377227386735,0.033608503927950416,1313.0,6.0,5.0,0.11202834642650139
nocell,sex,SEC13,0.017991839951629823,0.057454970319592354,0.3131467974232778,0.754169136485998,1313.0,6.0,3.0,0.8040512054896921
nocell,sex,SEC16A,0.14299145183868398,0.05617084796728411,2.545652362627092,0.010907375217031775,1313.0,6.0,6.0,0.05132882455073777
nocell,sex,SEC23A,-0.016691953566677024,0.05228950719260715,-0.31922185659911867,0.7495582841470545,1313.0,6.0,3.0,0.8040512054896921
nocell,sex,SEC23B,-0.11233091002057197,0.05541435211346471,-2.0271086051961174,0.04265130703263252,1313.0,6.0,5.0,0.12186087723609293
nocell,sex,SEC24A,0.0631411691251131,0.05702031764726092,1.107345096106216,0.26814475393355885,1313.0,6.0,4.0,0.3972514873089761
nocell,sex,SEC24B,0.08122754085206448,0.056342141803286,1.441683582701982,0.1493916571102697,1313.0,6.0,5.0,0.27793796671678084
nocell,sex,SEC24C,-0.09139770586865173,0.05457115050674514,-1.674835604892639,0.09396649096712896,1313.0,6.0,5.0,0.20317079128027882
nocell,sex,SEC24D,0.041949755594122555,0.056905801019878625,0.7371788963917484,0.46101356528135196,1305.0,6.0,4.0,0.5637245188716979
nocell,sex,SEC31A,0.08769585805386919,0.053701778596912095,1.633015895285669,0.10246565365148218,1313.0,6.0,3.0,0.215405789198767
nocell,sex,SIGMAR1,-0.06842589339814477,0.06619615621556753,-1.033683786341251,0.3012840153020955,1071.0,6.0,4.0,0.4228547583187305
nocell,sex,SNX4,0.2898268613421599,0.053735191247648216,5.39361365639216,6.90546116702762e-08,1313.0,6.0,6.0,1.8414563112073654e-06
nocell,sex,SNX6,0.07709479405008805,0.0519617298680038,1.4836841314930955,0.13789273802462718,1313.0,6.0,4.0,0.2626528343326232
nocell,sex,SORL1,0.17581397092602918,0.05741295524970237,3.0622700078993166,0.002196652093776655,1313.0,6.0,5.0,0.019525796389125823
nocell,sex,SORT1,-0.06698298229747643,0.055528824754088844,-1.2062740854702523,0.22771182631286646,1313.0,6.0,3.0,0.3717744103067207
nocell,sex,SREBF2,0.1193446091375795,0.07362251538035998,1.6210341160038202,0.1050103222343989,809.0,5.0,4.0,0.215405789198767
nocell,sex,SYK,-0.04062571557980912,0.059418714150430846,-0.6837191979105549,0.4941524983455492,1227.0,6.0,3.0,0.5813558804065285
nocell,sex,TMED10,-0.06752029117828671,0.05929702386195635,-1.1386792587680987,0.25483695678199214,1313.0,6.0,5.0,0.3920568565876802
nocell,sex,TMED2,-0.06923496428196212,0.05842088903482422,-1.1851063108726696,0.23597541619002937,1313.0,6.0,5.0,0.37664314432509205
nocell,sex,TMED9,-0.1321543045571583,0.05799928881488781,-2.278550431522458,0.02269380337697045,1313.0,6.0,4.0,0.0867708864436092
nocell,sex,VDAC1,0.01426286119546669,0.05462202610022463,0.26111922632265805,0.794000565421071,1313.0,6.0,4.0,0.8040512054896921
nocell,sex,VLDLR,0.2618670961601923,0.05747810235744185,4.555945402158665,5.215048222445713e-06,1281.0,6.0,6.0,0.00010430096444891426
nocell,sex,VPS26A,-0.046760292717205096,0.05521156806311838,-0.846929264239485,0.3970345498086647,1313.0,6.0,6.0,0.512302644914406
nocell,sex,VPS29,-0.0387186685639838,0.053001557353763794,-0.7305194506937309,0.4650727280691508,1313.0,6.0,3.0,0.5637245188716979
nocell,sex,VPS35,-0.107606012981001,0.054624179398307,-1.9699337210425187,0.048845967127147415,1313.0,6.0,4.0,0.13474749552316528
nocell,apoe_genotype,ABCA7,0.0708914338579473,0.056437487431151664,1.2561054200796602,0.20907775128416106,1072.0,6.0,4.0,0.3484629188069351
nocell,apoe_genotype,ADAM10,0.0005889196406040462,0.04947705995437241,0.011902882692446682,0.990503097922503,1292.0,6.0,3.0,0.990503097922503
nocell,apoe_genotype,ADAM17,0.0827361506310783,0.052307467026030854,1.581727339041376,0.1137118287610788,1260.0,6.0,3.0,0.23150311448186406
nocell,apoe_genotype,AP1G1,-0.1285489064528967,0.04633851739134324,-2.7741264436076167,0.005535016048294717,1292.0,6.0,4.0,0.029520085590905163
nocell,apoe_genotype,AP2A1,-0.15089567139832494,0.045932613594036546,-3.2851531753010415,0.0010192694294070663,1292.0,6.0,5.0,0.010192694294070662
nocell,apoe_genotype,AP2B1,-0.13227596281566908,0.04548475081249988,-2.9081386718143283,0.003635870715856229,1292.0,6.0,5.0,0.02136937659734168
nocell,apoe_genotype,AP3B2,-0.09777007453196518,0.0467185228964894,-2.0927475542963276,0.03637169575055703,1137.0,6.0,5.0,0.10015034866697363
nocell,apoe_genotype,AP4B1,0.03287035657180549,0.054721711092674756,0.6006821774293098,0.5480516919595877,1063.0,6.0,4.0,0.6959386564566192
nocell,apoe_genotype,AP4E1,-0.12708184816687143,0.05756067665995964,-2.2077893371130592,0.027258961716119173,1159.0,6.0,6.0,0.08387372835728976
nocell,apoe_genotype,AP4M1,-0.061166741618339925,0.06390628059831288,-0.957131928907074,0.3385006696811578,893.0,5.0,3.0,0.49911882943714264
nocell,apoe_genotype,AP4S1,-0.05302252071067439,0.0552896112352911,-0.9589960849070026,0.33756071750504624,1221.0,6.0,4.0,0.49911882943714264
nocell,apoe_genotype,APBA1,-0.08067807727303247,0.051761286823072884,-1.5586567147915218,0.11907765181937988,1292.0,6.0,5.0,0.232346637696351
nocell,apoe_genotype,APBA2,-0.1283752401504826,0.05195326057448582,-2.470975617910063,0.013474500539587727,1292.0,6.0,5.0,0.05241765900593426
nocell,apoe_genotype,APOE,0.20001368344366163,0.050099236347691124,3.99234994432963,6.542173137410259e-05,1292.0,6.0,5.0,0.0010304954482170945
nocell,apoe_genotype,APP,0.2530185238526054,0.037275241137146135,6.787844052347746,1.1382158393995484e-11,1204.0,6.0,5.0,9.105726715196387e-10
nocell,apoe_genotype,ARF6,-0.002464081803561708,0.04941331804921294,-0.04986675456822427,0.9602285703393911,1292.0,6.0,4.0,0.9848499443046534
nocell,apoe_genotype,BACE1,0.10662965814842082,0.05176376399422813,2.059928604888749,0.03940536663261821,1284.0,6.0,5.0,0.10169126872933731
nocell,apoe_genotype,BIN1,-0.13711409118240825,0.047175802932679874,-2.9064495495301013,0.003655558420770571,1292.0,6.0,3.0,0.02136937659734168
nocell,apoe_genotype,CLU,0.2828235393552631,0.04645976517531014,6.087493948539423,1.1469170973130158e-09,1292.0,6.0,5.0,4.587668389252063e-08
nocell,apoe_genotype,COPA,0.11566621184674782,0.052086627549517234,2.2206508136236565,0.026374621294596057,1292.0,6.0,5.0,0.08387372835728976
nocell,apoe_genotype,COPB1,0.11902455042245942,0.05121355107079159,2.3240831368622317,0.020121038661482706,1292.0,6.0,4.0,0.06707012887160903
nocell,apoe_genotype,COPB2,0.19644371663139273,0.04969911595113826,3.952660180606162,7.728715861628209e-05,1292.0,6.0,4.0,0.0010304954482170945
nocell,apoe_genotype,COPE,0.08552242320296162,0.052831554063474305,1.6187754594576373,0.10549558411190778,1292.0,6.0,3.0,0.2220959665513848
nocell,apoe_genotype,COPG1,0.14285929815821632,0.053219685839502984,2.68433185774609,0.007267492887442171,1292.0,6.0,5.0,0.03419996652913963
nocell,apoe_genotype,COPG2,-0.020830682375651267,0.051030598687489485,-0.4081998430631396,0.6831269633765777,1292.0,6.0,4.0,0.793669039126568
nocell,apoe_genotype,COPZ1,0.08298580027954336,0.052761131188314686,1.5728586254784982,0.11575155724093202,1292.0,6.0,3.0,0.23150311448186406
nocell,apoe_genotype,ECE1,0.15047159573016405,0.05189879280380476,2.899327471816123,0.003739640904534794,1276.0,6.0,4.0,0.02136937659734168
nocell,apoe_genotype,EIF2S1,0.132263097294805,0.05177652948958769,2.5544990867223585,0.010634070868992403,1292.0,6.0,3.0,0.04477503523786275
nocell,apoe_genotype,GGA1,-0.11056577072633987,0.05048494202642274,-2.190074233787812,0.028518853547175458,1292.0,6.0,6.0,0.08450030680644581
nocell,apoe_genotype,GGA2,-0.03740032245857833,0.04997756571977977,-0.748342219552648,0.45425376474484613,1292.0,6.0,4.0,0.6159373081286049
nocell,apoe_genotype,GGA3,-0.1352608915218638,0.050330991958577945,-2.6874274926507025,0.0072004733207734805,1292.0,6.0,4.0,0.03419996652913963
nocell,apoe_genotype,GORASP1,0.021909982915517996,0.06227109041980492,0.3518483901247001,0.72495196594734,916.0,6.0,3.0,0.8168472855744676
nocell,apoe_genotype,HSPA5,0.13077091440352004,0.05056556358310301,2.5861654678999453,0.00970503278230599,1292.0,6.0,4.0,0.04313347903247106
nocell,apoe_genotype,HSPA9,-0.03627358315281156,0.05075447329889507,-0.7146874116729577,0.47480221797939137,1292.0,6.0,5.0,0.6330696239725219
nocell,apoe_genotype,IDE,0.08041839166962755,0.05305160998502568,1.5158520484548237,0.1295567676278906,1292.0,6.0,3.0,0.24103584674956388
nocell,apoe_genotype,ITPR1,0.06622084441541286,0.0525418945902467,1.2603436730221254,0.20754541167846974,1292.0,6.0,4.0,0.3484629188069351
nocell,apoe_genotype,ITPR2,0.17958777229157177,0.04645942669075872,3.865475428419217,0.00011087301148299414,1292.0,6.0,4.0,0.0012671201312342186
nocell,apoe_genotype,LRP1,0.08848312502448345,0.04608540493796425,1.9199815026816178,0.054860235903213005,1292.0,6.0,2.0,0.13299451128051637
nocell,apoe_genotype,MAP2K3,0.09151566223577041,0.05427132742604353,1.6862617255949817,0.09174539958910526,1220.0,6.0,3.0,0.2041985201330487
nocell,apoe_genotype,MAPK14,0.15110099442174302,0.05115802171821217,2.9536129300314857,0.003140776697925196,1251.0,6.0,3.0,0.02136937659734168
nocell,apoe_genotype,MAPKAPK2,0.21446486998664374,0.053063626161207016,4.041654999888259,5.307528064991223e-05,1215.0,6.0,5.0,0.0010304954482170945
nocell,apoe_genotype,MFN2,-0.06846419611384261,0.04461346625810103,-1.534608311260968,0.12488006988391441,1292.0,6.0,5.0,0.23786679977888459
nocell,apoe_genotype,MIA3,0.06932336337230324,0.05168766117780142,1.3411975274686239,0.17985632894221715,1292.0,6.0,2.0,0.32602828622341856
nocell,apoe_genotype,NCSTN,0.02163185519427175,0.05181215360162355,0.41750542470394264,0.6763087572758475,1276.0,6.0,3.0,0.793669039126568
nocell,apoe_genotype,OSBP,-0.15875750941004713,0.052304279393810216,-3.035268074620196,0.002403219758572707,1292.0,6.0,6.0,0.021361953409535173
nocell,apoe_genotype,PICALM,-0.0795474662437577,0.04756432889502464,-1.672418555916566,0.09444181556153503,1292.0,6.0,3.0,0.2041985201330487
nocell,apoe_genotype,PLCG2,0.001092493029664985,0.05460444068556584,0.02000740262053037,0.9840374673111718,1225.0,6.0,3.0,0.990503097922503
nocell,apoe_genotype,PLG,0.05065471081645146,0.05358728924917104,0.9452747382110778,0.34451863185105736,1292.0,6.0,4.0,0.49911882943714264
nocell,apoe_genotype,PREB,-0.04863706186528572,0.05197453438175043,-0.9357863893122902,0.3493831806059998,1292.0,6.0,5.0,0.49911882943714264
nocell,apoe_genotype,PSEN1,0.04211346246532774,0.05409096340421845,0.7785674318761235,0.4362345701776478,1292.0,6.0,3.0,0.6033793363763829
nocell,apoe_genotype,RAB1A,-0.08016975816328215,0.04779926862256831,-1.6772172561115337,0.09350000586115602,1292.0,6.0,6.0,0.2041985201330487
nocell,apoe_genotype,RAB1B,0.011654210548572784,0.05435294050699982,0.21441729628357278,0.8302216548193619,1292.0,6.0,3.0,0.9224685053548467
nocell,apoe_genotype,RTN3,-0.10209317120790676,0.05235433547982851,-1.9500423464880385,0.05117107199864771,1183.0,6.0,5.0,0.12792767999661928
nocell,apoe_genotype,RTN4,-0.1954584837456535,0.04644759519337779,-4.208150775769782,2.574690560797305e-05,1223.0,6.0,5.0,0.0006865841495459481
nocell,apoe_genotype,SAR1A,-0.11071846364305103,0.05323863583431239,-2.0796637988175646,0.03755638075011511,1292.0,6.0,4.0,0.10015034866697363
nocell,apoe_genotype,SAR1B,0.04691409539633381,0.04953567387863059,0.947076959350144,0.3435995644934826,1292.0,6.0,5.0,0.49911882943714264
nocell,apoe_genotype,SEC13,-0.003606327375883361,0.05311633946337161,-0.06789487777805625,0.9458693162868576,1292.0,6.0,4.0,0.9848499443046534
nocell,apoe_genotype,SEC16A,-0.051545423427618996,0.051771026508143476,-0.9956422907610496,0.3194239789064278,1292.0,6.0,4.0,0.49911882943714264
nocell,apoe_genotype,SEC23A,0.02528875108585952,0.04771924562870239,0.5299486769474144,0.5961475153650906,1292.0,6.0,4.0,0.7337200189108807
nocell,apoe_genotype,SEC23B,0.14941761709411366,0.0512268424010348,2.9167836643996505,0.003536609744114232,1292.0,6.0,5.0,0.02136937659734168
nocell,apoe_genotype,SEC24A,-0.13097778215034298,0.053167831942652774,-2.4634779595981384,0.013759635489057743,1292.0,6.0,5.0,0.05241765900593426
nocell,apoe_genotype,SEC24B,0.06807795608476483,0.05117155686356113,1.3303866494873564,0.18339091100067295,1292.0,6.0,2.0,0.32602828622341856
nocell,apoe_genotype,SEC24C,-0.05929166599356727,0.050055264234140126,-1.184524083545392,0.23620566858932057,1292.0,6.0,4.0,0.38564190790093156
nocell,apoe_genotype,SEC24D,-0.04923212892914947,0.05251590959695465,-0.9374707456653173,0.34851646501958944,1284.0,6.0,3.0,0.49911882943714264
nocell,apoe_genotype,SEC31A,-0.11753294833119417,0.049106016066263206,-2.3934531396844796,0.016690613231115967,1292.0,6.0,6.0,0.058054306890838146
nocell,apoe_genotype,SIGMAR1,0.03484478121504314,0.05968354125649785,0.5838256323513566,0.5593376311361983,1056.0,6.0,4.0,0.6991720389202478
nocell,apoe_genotype,SNX4,-0.0636518987701065,0.04929078443423386,-1.291354956118297,0.19658062229580198,1292.0,6.0,4.0,0.3418793431231339
nocell,apoe_genotype,SNX6,0.0796025546958291,0.04731185848540706,1.6825074567802452,0.0924704801904023,1292.0,6.0,4.0,0.2041985201330487
nocell,apoe_genotype,SORL1,-0.006825415010212284,0.053342082792637295,-0.12795554003291343,0.8981841576474929,1292.0,6.0,4.0,0.9843114056410881
nocell,apoe_genotype,SORT1,-0.04010109661450194,0.0516429670957829,-0.7765064416249728,0.4374500188728776,1292.0,6.0,3.0,0.6033793363763829
nocell,apoe_genotype,SREBF2,-0.04504312085338095,0.0659487625000066,-0.6830017599401723,0.4946057304451015,803.0,5.0,3.0,0.6486632530427561
nocell,apoe_genotype,SYK,0.11469016922397146,0.05491115157141565,2.08864986331254,0.03673925310745936,1209.0,6.0,6.0,0.10015034866697363
nocell,apoe_genotype,TMED10,-0.0027545863108713233,0.05523910718221749,-0.049866597260248204,0.9602286956970371,1292.0,6.0,4.0,0.9848499443046534
nocell,apoe_genotype,TMED2,-0.02085780729689889,0.05415572405718874,-0.38514501763235465,0.7001299764960733,1292.0,6.0,3.0,0.800148544566941
nocell,apoe_genotype,TMED9,0.004558701168728588,0.054127642003331304,0.08422131465560648,0.9328804717491621,1292.0,6.0,3.0,0.9848499443046534
nocell,apoe_genotype,VDAC1,-0.12242357843552916,0.05008974397599824,-2.444084731081706,0.014522015490593116,1292.0,6.0,6.0,0.05280732905670224
nocell,apoe_genotype,VLDLR,-0.026779385282966806,0.05235160926136765,-0.5115293619584754,0.6089804338072874,1260.0,6.0,5.0,0.7381581015845907
nocell,apoe_genotype,VPS26A,0.0331010876587417,0.050992127735254675,0.6491411346982574,0.5162471559348798,1292.0,6.0,2.0,0.6661253624966191
nocell,apoe_genotype,VPS29,0.0031519381636620097,0.048631428096814,0.06481278233053787,0.9483230640222088,1292.0,6.0,2.0,0.9848499443046534
nocell,apoe_genotype,VPS35,-0.02037288752948196,0.05014539132912523,-0.40627636936296213,0.684539546246665,1292.0,6.0,5.0,0.793669039126568
nocell,cts_mmse30_lv,ABCA7,0.020775523045295532,0.04643223283589054,0.4474375186462443,0.6545591914986901,391.0,2.0,2.0,0.8006107904067622
nocell,cts_mmse30_lv,ADAM10,-0.08378081783602537,0.03531588064745583,-2.3723270183285368,0.017676437989573263,587.0,2.0,2.0,0.08838218994786631
nocell,cts_mmse30_lv,ADAM17,-0.06688568240346192,0.036348302991354546,-1.8401321904731205,0.06574883231585305,555.0,2.0,2.0,0.1943080068299121
nocell,cts_mmse30_lv,AP1G1,0.03127900681375523,0.036564883892490796,0.8554384284583737,0.39230847705868854,587.0,2.0,1.0,0.6405036360141854
nocell,cts_mmse30_lv,AP2A1,0.14635817168871135,0.03444646315010994,4.248859194945947,2.148619121344939e-05,587.0,2.0,2.0,0.0006795051704988844
nocell,cts_mmse30_lv,AP2B1,0.12247479462099065,0.0350410888023417,3.4951766285528776,0.00047374813226886374,587.0,2.0,2.0,0.007579970116301819
nocell,cts_mmse30_lv,AP3B2,0.122432520415491,0.040315153354346094,3.0368858910043666,0.002390359260753409,429.0,2.0,2.0,0.023209753334867453
nocell,cts_mmse30_lv,AP4B1,0.08412525939124868,0.04921384340193696,1.709382027007825,0.0873802079355578,353.0,2.0,2.0,0.22549731080143948
nocell,cts_mmse30_lv,AP4E1,0.0040328028288334735,0.041663717880831806,0.09679411809498743,0.9228898950820562,456.0,2.0,1.0,0.96791303849879
nocell,cts_mmse30_lv,AP4M1,-0.040433701191619986,0.052349205205569085,-0.7723842421836523,0.4398868840165293,310.0,2.0,2.0,0.6785469033437432
nocell,cts_mmse30_lv,AP4S1,-0.08283477034465259,0.04018398542523263,-2.061387626639899,0.039266074352946885,514.0,2.0,2.0,0.15447289730727615
nocell,cts_mmse30_lv,APBA1,-0.0336985057667542,0.036671653354132194,-0.9189251829289835,0.3581347068646159,587.0,2.0,1.0,0.6322887548412846
nocell,cts_mmse30_lv,APBA2,0.004769650604580351,0.03661360753981298,0.13026988939546366,0.8963529018191501,587.0,2.0,1.0,0.96791303849879
nocell,cts_mmse30_lv,APOE,-0.025407882308428737,0.03569215161579316,-0.711861884425768,0.4765503068295065,587.0,2.0,2.0,0.6814749568524118
nocell,cts_mmse30_lv,APP,-0.03144757105872025,0.03461135914918236,-0.9085910473256624,0.36356603403373866,499.0,2.0,1.0,0.6322887548412846
nocell,cts_mmse30_lv,ARF6,0.0257697764993918,0.03673141646362324,0.701573175782991,0.4829453849544657,587.0,2.0,2.0,0.6814749568524118
nocell,cts_mmse30_lv,BACE1,-0.07373837965792279,0.036600273366828175,-2.014694778885283,0.043936639612245226,579.0,2.0,2.0,0.15447289730727615
nocell,cts_mmse30_lv,BIN1,0.032292967856964415,0.03628785680428761,0.8899111355936795,0.37351360413109425,587.0,2.0,1.0,0.6327272750848021
nocell,cts_mmse30_lv,CLU,-0.09881837664223005,0.03517565490147055,-2.809283207918294,0.0049651947082141315,587.0,2.0,2.0,0.03310129805476088
nocell,cts_mmse30_lv,COPA,-0.0674707398531789,0.03666265120751036,-1.8403126241824403,0.0657223530277784,587.0,2.0,2.0,0.1943080068299121
nocell,cts_mmse30_lv,COPB1,0.025140528205873928,0.03623573870467311,0.6938047658079537,0.4878046534626762,587.0,2.0,1.0,0.6814749568524118
nocell,cts_mmse30_lv,COPB2,-0.06521994015345246,0.035526414383924315,-1.8358154428037199,0.0663849567286967,587.0,2.0,2.0,0.1943080068299121
nocell,cts_mmse30_lv,COPE,-0.013491530590690332,0.036474665829274146,-0.3698877092895032,0.7114661595677916,587.0,2.0,1.0,0.8248883009481641
nocell,cts_mmse30_lv,COPG1,0.012124702480719013,0.036864742314788604,0.32889698176067506,0.7422335557269358,587.0,2.0,1.0,0.8482669208307838
nocell,cts_mmse30_lv,COPG2,-0.07906495526208128,0.03663935137083329,-2.1579245347945992,0.030933699598175445,587.0,2.0,2.0,0.130247156202844
nocell,cts_mmse30_lv,COPZ1,0.026625659293916186,0.03627549567093706,0.7339847134121433,0.46295805481703445,587.0,2.0,1.0,0.6814749568524118
nocell,cts_mmse30_lv,ECE1,-0.0743420232073587,0.03684896580146326,-2.0174792315177164,0.04364552622946565,571.0,2.0,2.0,0.15447289730727615
nocell,cts_mmse30_lv,EIF2S1,-0.028184343748199274,0.0360426068834366,-0.7819729532702421,0.4342304688883223,587.0,2.0,2.0,0.6785469033437432
nocell,cts_mmse30_lv,GGA1,0.1010006042718513,0.035838100619255485,2.8182465735247306,0.0048286712528131485,587.0,2.0,2.0,0.03310129805476088
nocell,cts_mmse30_lv,GGA2,0.04330634938642602,0.036541014566560635,1.1851435954943754,0.23596067671862275,587.0,2.0,2.0,0.4662364941719087
nocell,cts_mmse30_lv,GGA3,0.05861799673070344,0.03539130387335438,1.6562824851117202,0.09766462575943013,587.0,2.0,2.0,0.24207552089868095
nocell,cts_mmse30_lv,GORASP1,-0.046659531975594346,0.04981379758652065,-0.9366788768624251,0.34892376491928856,316.0,2.0,2.0,0.6322887548412846
nocell,cts_mmse30_lv,HSPA5,0.010474439053073633,0.03696545150818677,0.2833575304971955,0.7769027805271915,587.0,2.0,1.0,0.8753834146785257
nocell,cts_mmse30_lv,HSPA9,0.11807836680309278,0.036587167370288894,3.2273164415286195,0.0012495718546747339,587.0,2.0,2.0,0.014280821196282672
nocell,cts_mmse30_lv,IDE,0.0058352098043104724,0.036508620451480775,0.1598310133921754,0.8730141929728175,587.0,2.0,2.0,0.956727882709937
nocell,cts_mmse30_lv,ITPR1,-0.014346227584460197,0.03688570973790648,-0.38893727913596177,0.697322544299369,587.0,2.0,1.0,0.8203794638816105
nocell,cts_mmse30_lv,ITPR2,-0.081779817164038,0.03379584817635538,-2.4198184563171785,0.015528257347373986,587.0,2.0,2.0,0.08281737251932793
nocell,cts_mmse30_lv,LRP1,0.039908886774369885,0.033889304541466395,1.177624838111919,0.23894620326310323,587.0,2.0,2.0,0.4662364941719087
nocell,cts_mmse30_lv,MAP2K3,-0.08798748399732371,0.039077876378167606,-2.2515932837763257,0.024347985880442503,521.0,2.0,2.0,0.11457875708443531
nocell,cts_mmse30_lv,MAPK14,-0.04391096295391224,0.03837610797779309,-1.1442265843978232,0.2525296808169848,547.0,2.0,2.0,0.469822661985088
nocell,cts_mmse30_lv,MAPKAPK2,-0.07573489400873913,0.03881068522668605,-1.951392859115617,0.05101033028702968,513.0,2.0,1.0,0.17003443429009893
nocell,cts_mmse30_lv,MFN2,0.23074828992656246,0.033842090446696935,6.818381692171266,9.207175240591763e-12,587.0,2.0,2.0,7.365740192473411e-10
nocell,cts_mmse30_lv,MIA3,-0.04255682088648498,0.036842357550741854,-1.155105799835767,0.24804710345208325,587.0,2.0,2.0,0.469822661985088
nocell,cts_mmse30_lv,NCSTN,-0.02030263343496779,0.03742419696002618,-0.5425001759330627,0.5874739862898415,571.0,2.0,2.0,0.7343424828623019
nocell,cts_mmse30_lv,OSBP,0.045578753414404476,0.0363816048359313,1.2527966707337181,0.21027971358659403,587.0,2.0,2.0,0.4426941338665138
nocell,cts_mmse30_lv,PICALM,0.050866201062154864,0.0361365413347066,1.4076112207590123,0.15924622303150615,587.0,2.0,1.0,0.3538804956255692
nocell,cts_mmse30_lv,PLCG2,0.016421920096397053,0.03859930021685563,0.42544605741909003,0.6705115369656633,522.0,2.0,1.0,0.8006107904067622
nocell,cts_mmse30_lv,PLG,-0.062483846124552093,0.03653749882992211,-1.710129267890155,0.08724197169570237,587.0,2.0,2.0,0.22549731080143948
nocell,cts_mmse30_lv,PREB,-0.02449434569777991,0.035818256528102624,-0.6838508646718163,0.4940693437179985,587.0,2.0,1.0,0.6814749568524118
nocell,cts_mmse30_lv,PSEN1,-0.055661467575904094,0.03653505864110997,-1.5235083682956705,0.1276315686886007,587.0,2.0,1.0,0.29172929985965873
nocell,cts_mmse30_lv,RAB1A,-0.02325348912359162,0.03690348345994881,-0.630116372315598,0.5286184485783991,587.0,2.0,1.0,0.6932700964962611
nocell,cts_mmse30_lv,RAB1B,-0.003918268670224393,0.036891543167738225,-0.10621048440312825,0.9154153526501407,587.0,2.0,2.0,0.96791303849879
nocell,cts_mmse30_lv,RTN3,-0.0004029613482026391,0.040776936627996294,-0.009882089767527491,0.9921153614762107,477.0,2.0,1.0,0.9921153614762106
nocell,cts_mmse30_lv,RTN4,0.02532299570351092,0.038197186441446096,0.6629544755169204,0.5073597109165238,517.0,2.0,1.0,0.6879453707342695
nocell,cts_mmse30_lv,SAR1A,0.0027421128125136103,0.03674041107295525,0.07463478857295883,0.9405052940250386,587.0,2.0,1.0,0.96791303849879
nocell,cts_mmse30_lv,SAR1B,-0.015689925844710913,0.03644101863134591,-0.4305567306841066,0.6667907086399095,587.0,2.0,1.0,0.8006107904067622
nocell,cts_mmse30_lv,SEC13,0.10186313889833393,0.03679522553932779,2.7683792504399705,0.0056335857115432705,587.0,2.0,2.0,0.03466821976334321
nocell,cts_mmse30_lv,SEC16A,-0.07360718693566067,0.03661700810807508,-2.0101911854297074,0.044410957975841894,587.0,2.0,1.0,0.15447289730727615
nocell,cts_mmse30_lv,SEC23A,0.1530296264556806,0.03634482707213291,4.210492628069616,2.5481443893708163e-05,587.0,2.0,2.0,0.0006795051704988844
nocell,cts_mmse30_lv,SEC23B,-0.04419504583292761,0.03676155097173308,-1.2022084124500172,0.22928279080745662,587.0,2.0,2.0,0.4662364941719087
nocell,cts_mmse30_lv,SEC24A,0.022153037692679886,0.03715147710320187,0.5962895534716341,0.5509818085868697,587.0,2.0,1.0,0.6996594394753901
nocell,cts_mmse30_lv,SEC24B,-0.07901547990054654,0.03657429764569302,-2.1604100416635448,0.030740940774381182,587.0,2.0,2.0,0.130247156202844
nocell,cts_mmse30_lv,SEC24C,0.11833397658265353,0.0355989016857581,3.324090659515906,0.0008870735338248094,587.0,2.0,2.0,0.011827647117664125
nocell,cts_mmse30_lv,SEC24D,-0.028622118121151927,0.037381757265008836,-0.765670749992902,0.44387223544617915,579.0,2.0,2.0,0.6785469033437432
nocell,cts_mmse30_lv,SEC31A,0.022437965852961747,0.03658459345537363,0.6133173484716148,0.5396665244856795,587.0,2.0,1.0,0.696343902562167
nocell,cts_mmse30_lv,SIGMAR1,-0.135431774337535,0.045477198948500386,-2.9780148617090867,0.0029012191668584316,368.0,2.0,2.0,0.023209753334867453
nocell,cts_mmse30_lv,SNX4,0.05914298833548776,0.035941137052145876,1.6455513983789396,0.0998561523707059,587.0,2.0,2.0,0.24207552089868095
nocell,cts_mmse30_lv,SNX6,-0.06560123660735026,0.03594676708721765,-1.8249551190008817,0.06800780239046923,587.0,2.0,2.0,0.1943080068299121
nocell,cts_mmse30_lv,SORL1,0.027630837042069506,0.036539707137050056,0.7561866037522985,0.4495373234652299,587.0,2.0,1.0,0.6785469033437432
nocell,cts_mmse30_lv,SORT1,0.002587819469173878,0.036654080999368226,0.07060112813136638,0.9437152125363202,587.0,2.0,1.0,0.96791303849879
nocell,cts_mmse30_lv,SREBF2,-0.08782385666490229,0.05047720188201267,-1.7398717319986379,0.08188154332414573,322.0,2.0,2.0,0.22549731080143948
nocell,cts_mmse30_lv,SYK,-0.054857278833044025,0.041590509314911525,-1.318985502622252,0.18717395920464797,504.0,2.0,2.0,0.40470045233437396
nocell,cts_mmse30_lv,TMED10,0.0968690595952339,0.03667421014450456,2.641340037414527,0.008257879243013942,587.0,2.0,2.0,0.04718788138865109
nocell,cts_mmse30_lv,TMED2,0.0232009015705634,0.03655387443914265,0.6347043077250216,0.5256212836349474,587.0,2.0,2.0,0.6932700964962611
nocell,cts_mmse30_lv,TMED9,0.10990365447571304,0.03665024597178151,2.998715330869328,0.0027112049486609576,587.0,2.0,2.0,0.023209753334867453
nocell,cts_mmse30_lv,VDAC1,0.05404891940517129,0.03542294886995457,1.5258164870349094,0.1270555735300706,587.0,2.0,2.0,0.29172929985965873
nocell,cts_mmse30_lv,VLDLR,0.00039134533559042825,0.03790884000908111,0.010323326577565576,0.9917633234064696,555.0,2.0,1.0,0.9921153614762106
nocell,cts_mmse30_lv,VPS26A,-0.1337776051689522,0.036363228277481216,-3.6789254284058472,0.00023421873429554604,587.0,2.0,2.0,0.004684374685910921
nocell,cts_mmse30_lv,VPS29,0.007489133754766234,0.03653280538846694,0.20499749951123333,0.8375740786422929,587.0,2.0,1.0,0.9306378651581032
nocell,cts_mmse30_lv,VPS35,0.03228458702497507,0.03674689046249811,0.8785665023254954,0.3796363650508813,587.0,2.0,1.0,0.6327272750848021
nocell,cts_mmse30_first_ad_dx,ABCA7,-0.05014547080630508,0.12417676824288097,-0.40382328768795217,0.6863426704279382,91.0,1.0,1.0,0.9391459836974324
nocell,cts_mmse30_first_ad_dx,ADAM10,0.11281146952891816,0.08747511975836465,1.2896406411393424,0.19717545803290015,126.0,1.0,1.0,0.7935897307030592
nocell,cts_mmse30_first_ad_dx,ADAM17,0.019868337028603508,0.08461512474569055,0.23480834056934252,0.8143574938738765,119.0,1.0,1.0,0.9391459836974324
nocell,cts_mmse30_first_ad_dx,AP1G1,-0.11939519067157897,0.09565935852964834,-1.248128698611062,0.21198393002574822,126.0,1.0,1.0,0.7935897307030592
nocell,cts_mmse30_first_ad_dx,AP2A1,-0.1309329263927599,0.10180647761864077,-1.2860962234959605,0.19840948195809527,126.0,1.0,1.0,0.7935897307030592
nocell,cts_mmse30_first_ad_dx,AP2B1,-0.10467051233672221,0.09457636512727412,-1.1067301243377679,0.2684106269671429,126.0,1.0,1.0,0.7935897307030592
nocell,cts_mmse30_first_ad_dx,AP3B2,0.009717674197302122,0.12803416080595692,0.07589907362324819,0.9394993938768847,83.0,1.0,1.0,0.9540207390544284
nocell,cts_mmse30_first_ad_dx,AP4B1,-0.14152786713217744,0.13357960699141389,-1.0595020476536845,0.2893711971901073,74.0,1.0,1.0,0.7935897307030592
nocell,cts_mmse30_first_ad_dx,AP4E1,-0.138780978605231,0.1084757017787252,-1.2793738720245775,0.20076543015046078,109.0,1.0,1.0,0.7935897307030592
nocell,cts_mmse30_first_ad_dx,AP4M1,0.07356793235885284,0.10925687980272042,0.6733482824302753,0.5007257426131086,73.0,1.0,1.0,0.8522991363627382
nocell,cts_mmse30_first_ad_dx,AP4S1,0.08344447219253719,0.08407615598542476,0.992486766485886,0.3209601317754749,106.0,1.0,1.0,0.7935897307030592
nocell,cts_mmse30_first_ad_dx,APBA1,-0.15676987824897898,0.09120249747574927,-1.7189208912909877,0.08562877755574912,126.0,1.0,1.0,0.7935897307030592
nocell,cts_mmse30_first_ad_dx,APBA2,-0.03633797333857705,0.08584498047120677,-0.42329758990119587,0.672078152485996,126.0,1.0,1.0,0.9391459836974324
nocell,cts_mmse30_first_ad_dx,APOE,-0.06631009543377916,0.07276819519697118,-0.9112510658576727,0.36216310317104894,126.0,1.0,1.0,0.7978628886928308
nocell,cts_mmse30_first_ad_dx,APP,-0.028753583407556536,0.09669239113093328,-0.2973717277155829,0.7661827259373353,98.0,1.0,1.0,0.9391459836974324
nocell,cts_mmse30_first_ad_dx,ARF6,0.021649386519844445,0.10231098983637368,0.2116037246288828,0.8324162032992254,126.0,1.0,1.0,0.9391459836974324
nocell,cts_mmse30_first_ad_dx,BACE1,-0.058779127162517854,0.08450517346923614,-0.6955683865191546,0.48669916998140605,126.0,1.0,1.0,0.8522991363627382
nocell,cts_mmse30_first_ad_dx,BIN1,-0.022806537895208326,0.09911506373296977,-0.2301016317424001,0.8180127969649379,126.0,1.0,1.0,0.9391459836974324
nocell,cts_mmse30_first_ad_dx,CLU,-0.023160982233036583,0.0679510669487838,-0.340847955345477,0.733218046649206,126.0,1.0,1.0,0.9391459836974324
nocell,cts_mmse30_first_ad_dx,COPA,0.011524257516434199,0.09676717260971111,0.11909263447134837,0.9052019660548605,126.0,1.0,1.0,0.9540207390544284
nocell,cts_mmse30_first_ad_dx,COPB1,-0.008777305930542646,0.092486638419663,-0.09490350260883261,0.9243914743997368,126.0,1.0,1.0,0.9540207390544284
nocell,cts_mmse30_first_ad_dx,COPB2,0.009733904968779098,0.09142514466445748,0.10646857606300579,0.9152105863377333,126.0,1.0,1.0,0.9540207390544284
nocell,cts_mmse30_first_ad_dx,COPE,0.028799965725926736,0.08875192602356653,0.3244996138819501,0.7455598145348012,126.0,1.0,1.0,0.9391459836974324
nocell,cts_mmse30_first_ad_dx,COPG1,-0.07793357194882744,0.08320942109325091,-0.9365955311897802,0.348966651574547,126.0,1.0,1.0,0.7976380607418218
nocell,cts_mmse30_first_ad_dx,COPG2,0.11331962742313562,0.10384123082947472,1.0912777758694527,0.2751506737757894,126.0,1.0,1.0,0.7935897307030592
nocell,cts_mmse30_first_ad_dx,COPZ1,0.09215704927742126,0.09223900684184361,0.9991114652333272,0.31774069769983626,126.0,1.0,1.0,0.7935897307030592
nocell,cts_mmse30_first_ad_dx,ECE1,-0.17505412898661982,0.09362464547406862,-1.8697441053072383,0.06151936159396427,122.0,1.0,1.0,0.7935897307030592
nocell,cts_mmse30_first_ad_dx,EIF2S1,0.02583142909205281,0.08946449583631397,0.2887338586171045,0.7727850502522845,126.0,1.0,1.0,0.9391459836974324
nocell,cts_mmse30_first_ad_dx,GGA1,-0.09014630715754049,0.09126798440145813,-0.9877100688563062,0.32329466186766087,126.0,1.0,1.0,0.7935897307030592
nocell,cts_mmse30_first_ad_dx,GGA2,-0.019207653033640568,0.09136711675323639,-0.2102250100056944,0.8334920605314713,126.0,1.0,1.0,0.9391459836974324
nocell,cts_mmse30_first_ad_dx,GGA3,-0.09010893160216163,0.10432277302039016,-0.8637513075361754,0.38772452172542715,126.0,1.0,1.0,0.7978628886928308
nocell,cts_mmse30_first_ad_dx,GORASP1,0.04367052650771516,0.11531745613530436,0.37869831655387565,0.704911903612309,85.0,1.0,1.0,0.9391459836974324
nocell,cts_mmse30_first_ad_dx,HSPA5,0.022276130761343462,0.09690858954114906,0.22986745413196455,0.8181947670028378,126.0,1.0,1.0,0.9391459836974324
nocell,cts_mmse30_first_ad_dx,HSPA9,-0.1737465474126281,0.09473486668000902,-1.8340295764546861,0.066649603918522,126.0,1.0,1.0,0.7935897307030592
nocell,cts_mmse30_first_ad_dx,IDE,-0.09179695792108725,0.1154951051262554,-0.7948125405032349,0.4267225550926881,126.0,1.0,1.0,0.8326293757906109
nocell,cts_mmse30_first_ad_dx,ITPR1,0.19744247222340924,0.15002407157502248,1.3160719486584143,0.1881498950427486,126.0,1.0,1.0,0.7935897307030592
nocell,cts_mmse30_first_ad_dx,ITPR2,-0.05770907356719378,0.08036643599076465,-0.7180743161713111,0.47271146553903465,126.0,1.0,1.0,0.8522991363627382
nocell,cts_mmse30_first_ad_dx,LRP1,-0.08206677059211467,0.07007706087692572,-1.1710932160275118,0.2415613104251899,126.0,1.0,1.0,0.7935897307030592
nocell,cts_mmse30_first_ad_dx,MAP2K3,0.14663200292258036,0.09405038629762874,1.5590792201379542,0.11897763122695945,112.0,1.0,1.0,0.7935897307030592
nocell,cts_mmse30_first_ad_dx,MAPK14,0.16795792799940254,0.09343588517320221,1.7975741085778632,0.07224452440292989,119.0,1.0,1.0,0.7935897307030592
nocell,cts_mmse30_first_ad_dx,MAPKAPK2,0.1039178447539539,0.08718014859396901,1.191989764068179,0.23326525886341465,118.0,1.0,1.0,0.7935897307030592
nocell,cts_mmse30_first_ad_dx,MFN2,-0.26147922114395533,0.08609830694494357,-3.036984470683737,0.0023895776620575845,126.0,1.0,1.0,0.19116621296460676
nocell,cts_mmse30_first_ad_dx,MIA3,-0.04022927126371296,0.09917048367511502,-0.4056577095610933,0.6849941197135976,126.0,1.0,1.0,0.9391459836974324
nocell,cts_mmse30_first_ad_dx,NCSTN,0.0545210279675666,0.07946806698055145,0.6860746717409115,0.49266602188471986,122.0,1.0,1.0,0.8522991363627382
nocell,cts_mmse30_first_ad_dx,OSBP,0.08659276626905896,0.08552082723668361,1.012534245364684,0.31128268137449167,126.0,1.0,1.0,0.7935897307030592
nocell,cts_mmse30_first_ad_dx,PICALM,0.006677278372955262,0.09192747216149304,0.07263637535061329,0.9420954798162481,126.0,1.0,1.0,0.9540207390544284
nocell,cts_mmse30_first_ad_dx,PLCG2,0.1470922604271095,0.08940516377134718,1.6452322687232752,0.09992192139525366,113.0,1.0,1.0,0.7935897307030592
nocell,cts_mmse30_first_ad_dx,PLG,-0.029382748449338053,0.0912285536002378,-0.32207842051396357,0.7473932858804737,126.0,1.0,1.0,0.9391459836974324
nocell,cts_mmse30_first_ad_dx,PREB,0.011366137227857037,0.09691596689076648,0.11727827304934961,0.9066395417985555,126.0,1.0,1.0,0.9540207390544284
nocell,cts_mmse30_first_ad_dx,PSEN1,-0.05918797444075454,0.08198183818960189,-0.7219644710072091,0.4703163215720394,126.0,1.0,1.0,0.8522991363627382
nocell,cts_mmse30_first_ad_dx,RAB1A,0.02976126825625431,0.08968674669009122,0.33183574334670785,0.7400132928022876,126.0,1.0,1.0,0.9391459836974324
nocell,cts_mmse30_first_ad_dx,RAB1B,0.08067836638846776,0.0936478121917495,0.8615082883439281,0.38895815823775504,126.0,1.0,1.0,0.7978628886928308
nocell,cts_mmse30_first_ad_dx,RTN3,0.10181620633284269,0.12720464241370544,0.8004126610545205,0.42347174779100016,92.0,1.0,1.0,0.8326293757906109
nocell,cts_mmse30_first_ad_dx,RTN4,0.05501459052503989,0.10013534566716734,0.5494023130244032,0.5827293870910308,108.0,1.0,1.0,0.9391459836974324
nocell,cts_mmse30_first_ad_dx,SAR1A,0.04745426766399181,0.07680511018910914,0.6178529989365311,0.5366722436909348,126.0,1.0,1.0,0.8944537394848914
nocell,cts_mmse30_first_ad_dx,SAR1B,-0.02607622460680609,0.08228465549764616,-0.31690264058469597,0.7513174783283612,126.0,1.0,1.0,0.9391459836974324
nocell,cts_mmse30_first_ad_dx,SEC13,0.036949784241279766,0.10614804741855358,0.3480966926841589,0.7277675680547494,126.0,1.0,1.0,0.9391459836974324
nocell,cts_mmse30_first_ad_dx,SEC16A,0.19987690156490356,0.08955412489297084,2.231911727168159,0.025620797660320868,126.0,1.0,1.0,0.7935897307030592
nocell,cts_mmse30_first_ad_dx,SEC23A,-0.044632242445614465,0.096056472213443,-0.46464586317972467,0.6421850828630473,126.0,1.0,1.0,0.9391459836974324
nocell,cts_mmse30_first_ad_dx,SEC23B,0.09792784365929957,0.10096752949629581,0.9698944219774362,0.3320991207472166,126.0,1.0,1.0,0.7935897307030592
nocell,cts_mmse30_first_ad_dx,SEC24A,-0.01117457974701181,0.08653246261770939,-0.1291374289944785,0.8972489058986179,126.0,1.0,1.0,0.9540207390544284
nocell,cts_mmse30_first_ad_dx,SEC24B,-0.14486650920844052,0.08168092764752932,-1.7735659153330199,0.07613497981210968,126.0,1.0,1.0,0.7935897307030592
nocell,cts_mmse30_first_ad_dx,SEC24C,0.06046950395315189,0.08200228566800273,0.7374124204046067,0.4608715845841751,126.0,1.0,1.0,0.8522991363627382
nocell,cts_mmse30_first_ad_dx,SEC24D,0.15263129429751082,0.10556512625359842,1.44584958796758,0.1482193941182514,124.0,1.0,1.0,0.7935897307030592
nocell,cts_mmse30_first_ad_dx,SEC31A,0.02399565928843982,0.09474943003327901,0.2532538642186215,0.8000720451697773,126.0,1.0,1.0,0.9391459836974324
nocell,cts_mmse30_first_ad_dx,SIGMAR1,-0.15293199371731922,0.12085653387159105,-1.2654011232839761,0.20572757275700215,66.0,1.0,1.0,0.7935897307030592
nocell,cts_mmse30_first_ad_dx,SNX4,-0.0019483917632751584,0.08727812864172453,-0.022323940643517677,0.982189551767404,126.0,1.0,1.0,0.982189551767404
nocell,cts_mmse30_first_ad_dx,SNX6,0.09009997874070975,0.09341437134478767,0.9645194571631311,0.3347855582447813,126.0,1.0,1.0,0.7935897307030592
nocell,cts_mmse30_first_ad_dx,SORL1,-0.07167001251107272,0.07469033027036939,-0.9595621314249982,0.33727563554880013,126.0,1.0,1.0,0.7935897307030592
nocell,cts_mmse30_first_ad_dx,SORT1,-0.08530409803548712,0.09546609773693736,-0.8935538380394238,0.3715606543136959,126.0,1.0,1.0,0.7978628886928308
nocell,cts_mmse30_first_ad_dx,SREBF2,-0.06255179996163086,0.12274023976062101,-0.5096274871519314,0.6103124630316253,74.0,1.0,1.0,0.9391459836974324
nocell,cts_mmse30_first_ad_dx,SYK,0.09857805325659091,0.09432417673814265,1.045098474914418,0.29597745886507176,102.0,1.0,1.0,0.7935897307030592
nocell,cts_mmse30_first_ad_dx,TMED10,0.10820018531389605,0.07348560390101876,1.4723997568236087,0.14091295880358234,126.0,1.0,1.0,0.7935897307030592
nocell,cts_mmse30_first_ad_dx,TMED2,-0.019853503261412407,0.08562590716220994,-0.23186327502261528,0.816644209536969,126.0,1.0,1.0,0.9391459836974324
nocell,cts_mmse30_first_ad_dx,TMED9,0.026056569903715507,0.0935859400267059,0.27842398010085645,0.7806869135152019,126.0,1.0,1.0,0.9391459836974324
nocell,cts_mmse30_first_ad_dx,VDAC1,-0.11230787463065563,0.09330363138537841,-1.2036817105947644,0.22871262393325942,126.0,1.0,1.0,0.7935897307030592
nocell,cts_mmse30_first_ad_dx,VLDLR,0.14240942181937544,0.10297994048916936,1.382885066187749,0.1667001100595139,115.0,1.0,1.0,0.7935897307030592
nocell,cts_mmse30_first_ad_dx,VPS26A,0.011752798161789695,0.08424734091791004,0.13950349095577427,0.889052297531317,126.0,1.0,1.0,0.9540207390544284
nocell,cts_mmse30_first_ad_dx,VPS29,-0.19278739784973467,0.09767579637888577,-1.9737478986289467,0.04841041579657356,126.0,1.0,1.0,0.7935897307030592
nocell,cts_mmse30_first_ad_dx,VPS35,-0.11566742139678982,0.09361310821216332,-1.2355900109057691,0.2166109996248189,126.0,1.0,1.0,0.7935897307030592
nocell,braaksc,ABCA7,-0.025780351577245977,0.029767361958879284,-0.8660610104737876,0.38645670516484354,1081.0,6.0,4.0,0.605717290273361
nocell,braaksc,ADAM10,0.02242784788273617,0.025917535224288087,0.865354197019413,0.3868444124326401,1307.0,6.0,3.0,0.605717290273361
nocell,braaksc,ADAM17,0.031266449314578004,0.026263133339858417,1.1905071991972211,0.23384710212470705,1275.0,6.0,4.0,0.5196602269437934
nocell,braaksc,AP1G1,-0.04539445901779379,0.02412217348336634,-1.8818560876819805,0.05985555803356435,1307.0,6.0,5.0,0.20819324533413686
nocell,braaksc,AP2A1,-0.08221631755840487,0.024178130656544766,-3.400441445465917,0.0006727714322847086,1307.0,6.0,6.0,0.013455428645694174
nocell,braaksc,AP2B1,-0.061544890421725666,0.023971247339278978,-2.567446305594578,0.010245065486170981,1307.0,6.0,6.0,0.05122532743085491
nocell,braaksc,AP3B2,-0.08377865776287399,0.025280108279795082,-3.3140149890035633,0.0009196657706606055,1150.0,6.0,5.0,0.01412629998032473
nocell,braaksc,AP4B1,-0.006483778260109006,0.029652599874495915,-0.2186580025883558,0.8269164663637293,1074.0,6.0,3.0,0.918796073737477
nocell,braaksc,AP4E1,-0.024753587569027232,0.028957201261921982,-0.8548335643741096,0.3926432938985954,1172.0,6.0,3.0,0.605717290273361
nocell,braaksc,AP4M1,0.011877484100017764,0.03635107728159425,0.32674366176299613,0.7438617738312516,897.0,5.0,3.0,0.8501277415214303
nocell,braaksc,AP4S1,-0.029550349109053534,0.028390215069603784,-1.040863869350953,0.2979387324230349,1234.0,6.0,4.0,0.5850219576176253
nocell,braaksc,APBA1,-0.04568228169326581,0.026830240537368568,-1.702641526066102,0.08863517385837288,1307.0,6.0,5.0,0.2626227373581419
nocell,braaksc,APBA2,-0.03886429524053047,0.026516185495527356,-1.465681979298491,0.14273494580275026,1307.0,6.0,3.0,0.38062652214066733
nocell,braaksc,APOE,0.017208533132289892,0.025912547747422895,0.6641003925984603,0.5066260588966482,1307.0,6.0,3.0,0.665371776779684
nocell,braaksc,APP,0.1147763649332573,0.02131369243775013,5.385099989993713,7.240438641434951e-08,1219.0,6.0,5.0,5.792350913147961e-06
nocell,braaksc,ARF6,-0.022304613422279594,0.02615158056920684,-0.852897336864717,0.39371623867768457,1307.0,6.0,4.0,0.605717290273361
nocell,braaksc,BACE1,0.03625121366343099,0.026489235226409964,1.3685262467407235,0.1711474121359594,1299.0,6.0,3.0,0.4149028172992955
nocell,braaksc,BIN1,-0.018783408906312634,0.024384115329468208,-0.7703133229366284,0.44111405522744307,1307.0,6.0,3.0,0.6191074459332534
nocell,braaksc,CLU,0.07149852101806421,0.024183525774617885,2.9564969841207507,0.003111552744940916,1307.0,6.0,5.0,0.019424274498630205
nocell,braaksc,COPA,0.016431198387835945,0.027208019621290425,0.6039101197566927,0.5459034003431411,1307.0,6.0,4.0,0.6823792504289263
nocell,braaksc,COPB1,0.020520999012178156,0.02629938942926578,0.7802842369162583,0.4352235890102636,1307.0,6.0,4.0,0.6191074459332534
nocell,braaksc,COPB2,0.040135236297405785,0.026200108576792558,1.5318728996778523,0.12555380220502094,1307.0,6.0,4.0,0.35872514915720266
nocell,braaksc,COPE,-0.004514940364936015,0.027632950349155944,-0.16338973247110852,0.8702115865542793,1307.0,6.0,3.0,0.9466181304450272
nocell,braaksc,COPG1,0.020776644492495725,0.027919233243461346,0.7441695948924956,0.4567738800061536,1307.0,6.0,4.0,0.6300329379395222
nocell,braaksc,COPG2,0.0035216113658017184,0.026485696732039564,0.13296276104912313,0.8942228313242738,1307.0,6.0,3.0,0.9538376867458921
nocell,braaksc,COPZ1,0.02464843858235259,0.02740804378660976,0.8993140398584237,0.3684854111231469,1307.0,6.0,5.0,0.605717290273361
nocell,braaksc,ECE1,0.0788334635715415,0.02716858085678412,2.901640832368188,0.003712138796080041,1291.0,6.0,5.0,0.021212221691885948
nocell,braaksc,EIF2S1,-0.0019772162407436862,0.027314913968332914,-0.07238595893203027,0.9422947586296626,1307.0,6.0,3.0,0.9542225403844685
nocell,braaksc,GGA1,-0.08520995423503712,0.026222213181477112,-3.2495332733862394,0.001155945543381273,1307.0,6.0,5.0,0.01412629998032473
nocell,braaksc,GGA2,-0.021793396538061213,0.026152808144162418,-0.8333099993671513,0.40466991829953136,1307.0,6.0,4.0,0.6108225181879718
nocell,braaksc,GGA3,-0.07363139765913809,0.026342860503810114,-2.7951177757817294,0.005188081071072326,1307.0,6.0,5.0,0.027669765712385736
nocell,braaksc,GORASP1,-0.03485931762058218,0.032420071710356775,-1.0752387573975097,0.28226784736171506,924.0,6.0,4.0,0.5799751088673393
nocell,braaksc,HSPA5,-0.046423475515145834,0.02622349754363738,-1.7703006793008655,0.07667706497899411,1307.0,6.0,4.0,0.23592943070459726
nocell,braaksc,HSPA9,-0.06451200810303474,0.026433500772727117,-2.4405397021644326,0.014665333837994426,1307.0,6.0,4.0,0.06901333570820907
nocell,braaksc,IDE,-0.09102741385595454,0.028368505245436573,-3.2087490358906887,0.0013331380115186716,1307.0,6.0,4.0,0.01412629998032473
nocell,braaksc,ITPR1,-0.0010601022760834487,0.027658390542646422,-0.03832841518557918,0.969425835384743,1307.0,6.0,3.0,0.9694258353847431
nocell,braaksc,ITPR2,0.07987641266049465,0.02502348469511213,3.1920579261327666,0.001412629998032473,1307.0,6.0,5.0,0.01412629998032473
nocell,braaksc,LRP1,0.04798199760987817,0.02407218489217508,1.9932547803533707,0.046233555301254683,1307.0,6.0,3.0,0.17612782971906546
nocell,braaksc,MAP2K3,-0.004307686135363017,0.027521324872046945,-0.1565217574150392,0.8756217706616501,1233.0,6.0,3.0,0.9466181304450272
nocell,braaksc,MAPK14,0.029152815000379757,0.026713542251318653,1.0913122163325493,0.27513552411125075,1265.0,6.0,5.0,0.5799751088673393
nocell,braaksc,MAPKAPK2,0.051194213697507006,0.02693893046826029,1.9003803346173866,0.05738322573132299,1229.0,6.0,5.0,0.20819324533413686
nocell,braaksc,MFN2,-0.06988946954083869,0.023674679001763958,-2.95207675405573,0.003156444606027408,1307.0,6.0,4.0,0.019424274498630205
nocell,braaksc,MIA3,-0.057334355459652306,0.02684789775823317,-2.1355249478358194,0.032718154592544096,1307.0,6.0,4.0,0.13776065091597514
nocell,braaksc,NCSTN,-0.0178777721513347,0.02721436442481283,-0.6569241108212159,0.5112297141626576,1291.0,6.0,4.0,0.665371776779684
nocell,braaksc,OSBP,-0.08268150763941072,0.026715521311493805,-3.094886552104776,0.0019688818997249924,1307.0,6.0,6.0,0.017409694803917217
nocell,braaksc,PICALM,-0.11639538372588472,0.02458961721727745,-4.733517512590704,2.206619148233209e-06,1307.0,6.0,5.0,8.826476592932836e-05
nocell,braaksc,PLCG2,-0.002297556372887744,0.028723556777289556,-0.07998857490741955,0.9362463427568812,1239.0,6.0,3.0,0.9542225403844685
nocell,braaksc,PLG,-0.025563470896494387,0.02758843557800276,-0.9266009601819195,0.3541337562011301,1307.0,6.0,4.0,0.605717290273361
nocell,braaksc,PREB,-0.05519106919937536,0.026972569112109306,-2.046192521371551,0.04073743285644206,1307.0,6.0,5.0,0.16294973142576824
nocell,braaksc,PSEN1,-0.012719567484480006,0.028682956873717236,-0.4434538440538255,0.6574374972711137,1307.0,6.0,2.0,0.7849999967416283
nocell,braaksc,RAB1A,-0.03193017021624571,0.02493921684103611,-1.2803196836440498,0.20043272781615706,1307.0,6.0,5.0,0.4581319492940733
nocell,braaksc,RAB1B,-0.024290153971139872,0.027832948109990728,-0.8727122213266671,0.3828199546233493,1307.0,6.0,4.0,0.605717290273361
nocell,braaksc,RTN3,-0.11476025300887786,0.027886574129166133,-4.115251033609463,3.867582572264193e-05,1198.0,6.0,6.0,0.0010313553526037848
nocell,braaksc,RTN4,-0.0736396169757038,0.024025450396061725,-3.0650670751951803,0.002176211850489652,1238.0,6.0,5.0,0.017409694803917217
nocell,braaksc,SAR1A,-0.06574227381623282,0.02720483976859354,-2.4165653749642217,0.015667712442289365,1307.0,6.0,4.0,0.06963427752128608
nocell,braaksc,SAR1B,0.005939309826023595,0.025838803998790516,0.2298600905174097,0.8182004891315612,1307.0,6.0,3.0,0.918796073737477
nocell,braaksc,SEC13,-0.01940062638038341,0.02776570944194296,-0.6987261183060847,0.48472320817784864,1307.0,6.0,4.0,0.6572518076987778
nocell,braaksc,SEC16A,0.0026118774597282944,0.027038368899341348,0.09659892833964254,0.9230449075770788,1307.0,6.0,2.0,0.9542225403844685
nocell,braaksc,SEC23A,-0.014161260070265,0.024953477090924565,-0.567506484914496,0.5703701219602966,1307.0,6.0,3.0,0.7019939962588265
nocell,braaksc,SEC23B,-0.010352902798793319,0.02635508889228406,-0.3928236721608752,0.6944497194160872,1307.0,6.0,4.0,0.8051590949751736
nocell,braaksc,SEC24A,-0.026567882173788217,0.026977674773313767,-0.9848099362539978,0.3247174390194688,1307.0,6.0,4.0,0.605717290273361
nocell,braaksc,SEC24B,-0.01773135668091431,0.027277120074378332,-0.6500450426058559,0.5156631270042551,1307.0,6.0,4.0,0.665371776779684
nocell,braaksc,SEC24C,-0.0378770536049511,0.026409623128454875,-1.434214090095845,0.1515111773774636,1307.0,6.0,4.0,0.3909965867805512
nocell,braaksc,SEC24D,0.020896010146798462,0.026856902116678315,0.7780499052354181,0.4365395932603149,1299.0,6.0,4.0,0.6191074459332534
nocell,braaksc,SEC31A,-0.03524895469077705,0.02571788067638632,-1.3706010667956006,0.17049935024157037,1307.0,6.0,5.0,0.4149028172992955
nocell,braaksc,SIGMAR1,-0.058541535339057094,0.032338410983542495,-1.8102786611515873,0.07025258446822268,1066.0,6.0,5.0,0.22480827029831257
nocell,braaksc,SNX4,-0.04704473372007216,0.025769419431540357,-1.8256031667710753,0.06791005845785485,1307.0,6.0,5.0,0.22480827029831257
nocell,braaksc,SNX6,0.01067846512929389,0.0249996653939858,0.42714432217412085,0.6692742120142818,1307.0,6.0,3.0,0.787381425899155
nocell,braaksc,SORL1,-0.02473099840025603,0.02755457161468296,-0.8975279581946998,0.36943726160039114,1307.0,6.0,4.0,0.605717290273361
nocell,braaksc,SORT1,-0.0028231998279263154,0.026331670562316143,-0.10721689006570899,0.9146169163320023,1307.0,6.0,3.0,0.9542225403844685
nocell,braaksc,SREBF2,-0.033222188693925556,0.03607685939958464,-0.9208725273438866,0.3571169833575919,807.0,5.0,2.0,0.605717290273361
nocell,braaksc,SYK,-0.031140725740872247,0.028989980572129953,-1.0741892587127138,0.2827378655728279,1223.0,6.0,5.0,0.5799751088673393
nocell,braaksc,TMED10,-0.025838143277228002,0.028495981536048903,-0.9067293661929631,0.3645499301216194,1307.0,6.0,4.0,0.605717290273361
nocell,braaksc,TMED2,-0.017004535541068278,0.027605899579186344,-0.6159746938255533,0.5379112219345635,1307.0,6.0,4.0,0.6823792504289263
nocell,braaksc,TMED9,-0.041443815787007975,0.027808227784409445,-1.4903436532637746,0.13613389995515418,1307.0,6.0,3.0,0.3755417929797357
nocell,braaksc,VDAC1,-0.08016816700662094,0.026573010268803602,-3.016901969165963,0.002553723833537907,1307.0,6.0,5.0,0.018572536971184776
nocell,braaksc,VLDLR,-0.03680237885538831,0.02784783798491354,-1.3215524621812962,0.1863172220350221,1275.0,6.0,5.0,0.4383934636118167
nocell,braaksc,VPS26A,0.02742328964919647,0.02644964086740462,1.0368114178439274,0.299823753279033,1307.0,6.0,4.0,0.5850219576176253
nocell,braaksc,VPS29,-0.020634566330518852,0.02526146582076907,-0.8168396274753721,0.41402008281911407,1307.0,6.0,5.0,0.6133630856579467
nocell,braaksc,VPS35,-0.014044749033852088,0.026060488696734874,-0.5389288434798907,0.5899359540756957,1307.0,6.0,5.0,0.7150738837281159
nocell,ceradsc,ABCA7,-0.005709257739793679,0.059979714554817105,-0.09518647733102885,0.924166710741617,391.0,2.0,1.0,0.9704961495037937
nocell,ceradsc,ADAM10,0.0388252366024694,0.04813756227296107,0.8065476266187576,0.4199271581863179,587.0,2.0,2.0,0.8384385927014362
nocell,ceradsc,ADAM17,0.07145656308390194,0.049009866898316094,1.4580036144998607,0.14483954673151433,555.0,2.0,2.0,0.6053704333399761
nocell,ceradsc,AP1G1,-0.027826353051196736,0.049240695557500574,-0.5651088542951764,0.5719997263897972,587.0,2.0,2.0,0.924196882536154
nocell,ceradsc,AP2A1,-0.04533091715947587,0.04716097739632762,-0.9611954556948122,0.33645390086694915,587.0,2.0,2.0,0.8114726430067551
nocell,ceradsc,AP2B1,-0.06383858624795098,0.047803018946410904,-1.3354509329110906,0.18172880432917182,587.0,2.0,2.0,0.6053704333399761
nocell,ceradsc,AP3B2,-0.05646473795985884,0.05845108394026842,-0.9660169521845062,0.3340356984169336,429.0,2.0,2.0,0.8114726430067551
nocell,ceradsc,AP4B1,0.06092540265433807,0.06450033070426979,0.9445750430905145,0.34487587327787095,353.0,2.0,2.0,0.8114726430067551
nocell,ceradsc,AP4E1,0.09235312614393736,0.055478112171285975,1.6646767982804023,0.09597725431617611,456.0,2.0,2.0,0.548441453235292
nocell,ceradsc,AP4M1,0.030497939811040643,0.06468077177015624,0.47151477906626366,0.6372731682446614,310.0,2.0,1.0,0.924196882536154
nocell,ceradsc,AP4S1,-0.007183088310871429,0.053325120471339235,-0.13470364900032694,0.8928461880036208,514.0,2.0,1.0,0.9704961495037937
nocell,ceradsc,APBA1,-0.01560219661765239,0.04928092132503507,-0.3165970967699088,0.7515493389894443,587.0,2.0,1.0,0.9525055957957859
nocell,ceradsc,APBA2,-0.022210126806852838,0.049361147493139516,-0.44995159016389813,0.65274534705836,587.0,2.0,2.0,0.924196882536154
nocell,ceradsc,APOE,0.2130221763155841,0.04822539525319295,4.417219914884578,9.997849643812117e-06,587.0,2.0,2.0,0.00039991398575248463
nocell,ceradsc,APP,-0.0012513237743538798,0.049589233037376515,-0.025233779546675567,0.9798684933464447,499.0,2.0,1.0,0.9798684933464447
nocell,ceradsc,ARF6,0.014630954121076742,0.04953581816764746,0.29536110762439016,0.7677180402814635,587.0,2.0,1.0,0.9525055957957859
nocell,ceradsc,BACE1,0.12787756614330745,0.04926087777729969,2.5959254465870636,0.009433653193011347,579.0,2.0,2.0,0.1257820425734846
nocell,ceradsc,BIN1,-0.024698645906344362,0.04874339406396782,-0.5067075524927827,0.6123600305429535,587.0,2.0,2.0,0.924196882536154
nocell,ceradsc,CLU,0.13209350619371624,0.048004365056714314,2.751697809931567,0.005928720176375806,587.0,2.0,2.0,0.1013585626695612
nocell,ceradsc,COPA,0.06697264769738533,0.04936691588836288,1.3566301741197608,0.17489874918330084,587.0,2.0,2.0,0.6053704333399761
nocell,ceradsc,COPB1,0.005259533264118532,0.04879711738014105,0.10778368777699567,0.9141672827684071,587.0,2.0,1.0,0.9704961495037937
nocell,ceradsc,COPB2,0.0382990207796526,0.04849785242250648,0.7897054996579418,0.42969977875948606,587.0,2.0,2.0,0.8384385927014362
nocell,ceradsc,COPE,-0.002256889341664765,0.04941886549932325,-0.045668578565318765,0.9635744083402247,587.0,2.0,1.0,0.9757715527495947
nocell,ceradsc,COPG1,0.037053619328891015,0.0496603750315997,0.7461405457633615,0.45558251866454447,587.0,2.0,1.0,0.8605181498863554
nocell,ceradsc,COPG2,0.030513212733324743,0.049502492160595525,0.6163975064999568,0.5376321986547403,587.0,2.0,2.0,0.924196882536154
nocell,ceradsc,COPZ1,-0.0742979596883415,0.04870276961257803,-1.5255386968619795,0.12712478929471155,587.0,2.0,2.0,0.6053704333399761
nocell,ceradsc,ECE1,0.004814874378977097,0.04945627638762949,0.09735618470826572,0.9224435389152352,571.0,2.0,1.0,0.9704961495037937
nocell,ceradsc,EIF2S1,0.11537852206153941,0.048976332075835294,2.3558016121518963,0.01848278570749809,587.0,2.0,2.0,0.1848278570749809
nocell,ceradsc,GGA1,0.012841267717324797,0.0483097720708476,0.26581097709367635,0.7903847887639427,587.0,2.0,1.0,0.9525055957957859
nocell,ceradsc,GGA2,0.08651422600987686,0.04926663725013446,1.7560408186706664,0.07908143905534022,587.0,2.0,2.0,0.5272095937022682
nocell,ceradsc,GGA3,-0.03202970594908586,0.04806972758156634,-0.6663176090344337,0.5052081125681462,587.0,2.0,1.0,0.9185602046693568
nocell,ceradsc,GORASP1,0.10894581209793779,0.0634568709832097,1.716848158598368,0.08600691908180579,316.0,2.0,2.0,0.5292733481957279
nocell,ceradsc,HSPA5,0.021739170837242493,0.04973233669328883,0.43712345493261534,0.662021818076447,587.0,2.0,2.0,0.924196882536154
nocell,ceradsc,HSPA9,-0.013907764993865937,0.049145859622385976,-0.2829895560018028,0.7771848430177564,587.0,2.0,1.0,0.9525055957957859
nocell,ceradsc,IDE,0.06515128868448454,0.04920593278684453,1.3240535235194868,0.18548526947509325,587.0,2.0,2.0,0.6053704333399761
nocell,ceradsc,ITPR1,-0.06298922573072355,0.049697643436036096,-1.2674489447732975,0.20499480824195337,587.0,2.0,2.0,0.6307532561290874
nocell,ceradsc,ITPR2,0.1606415372263803,0.046652487373597736,3.443364893707531,0.0005745235738703994,587.0,2.0,2.0,0.015320628636543985
nocell,ceradsc,LRP1,0.21051468592007416,0.045719695041802025,4.60446391270979,4.135297144989746e-06,587.0,2.0,2.0,0.0003308237715991797
nocell,ceradsc,MAP2K3,0.14045879801047034,0.05145155855833886,2.729923095550346,0.006334910166847576,521.0,2.0,2.0,0.1013585626695612
nocell,ceradsc,MAPK14,-0.037474145914388454,0.051006767659033336,-0.7346896820612736,0.4625285055639161,547.0,2.0,1.0,0.8605181498863554
nocell,ceradsc,MAPKAPK2,0.010650081991339195,0.05064506425777018,0.21028864603928735,0.8334423963213126,513.0,2.0,2.0,0.9525055957957859
nocell,ceradsc,MFN2,-0.04091873842473264,0.046228530220668106,-0.8851403717446865,0.37608092756923406,587.0,2.0,1.0,0.8347058236855168
nocell,ceradsc,MIA3,-0.018714867227028833,0.04952625946411966,-0.3778776638802535,0.7055214759884665,587.0,2.0,1.0,0.9252740668701199
nocell,ceradsc,NCSTN,0.008561580469910974,0.05055762651268789,0.1693430063961244,0.8655268502228721,571.0,2.0,1.0,0.9616965002476358
nocell,ceradsc,OSBP,-0.05928013474408357,0.04897491139148194,-1.2104184175082344,0.22611837823343361,587.0,2.0,2.0,0.6699803799509143
nocell,ceradsc,PICALM,-0.047113007326575335,0.04854554914258473,-0.9704907691578104,0.33180192386415397,587.0,2.0,2.0,0.8114726430067551
nocell,ceradsc,PLCG2,-0.09866467244519969,0.05215441123715612,-1.8917800068061834,0.05852029821019135,522.0,2.0,2.0,0.4900224439234324
nocell,ceradsc,PLG,0.039844764649268935,0.04934187693927037,0.8075243002674906,0.41936448010524907,587.0,2.0,2.0,0.8384385927014362
nocell,ceradsc,PREB,0.0032468089180379485,0.04814574732627502,0.0674370863128349,0.9462337457661988,587.0,2.0,1.0,0.9704961495037937
nocell,ceradsc,PSEN1,-0.05108690047191926,0.04914843517694984,-1.0394410379087418,0.2985996665838889,587.0,2.0,2.0,0.8114726430067551
nocell,ceradsc,RAB1A,-0.027255143953801065,0.04962380228929272,-0.5492353003284853,0.5828439819455568,587.0,2.0,2.0,0.924196882536154
nocell,ceradsc,RAB1B,-0.019536004257797963,0.049565822079952096,-0.39414264583941394,0.6934757272264258,587.0,2.0,1.0,0.9246343029685679
nocell,ceradsc,RTN3,-0.08519136959228066,0.05540210912930792,-1.53769181229987,0.1241239865416117,477.0,2.0,2.0,0.6053704333399761
nocell,ceradsc,RTN4,-0.097268949185417,0.05196917688287473,-1.8716661494300053,0.06125280549042905,517.0,2.0,2.0,0.4900224439234324
nocell,ceradsc,SAR1A,-0.01952653556257938,0.0495284850960417,-0.39424859300087767,0.6933975128050712,587.0,2.0,2.0,0.9246343029685679
nocell,ceradsc,SAR1B,0.04258219877045665,0.049125732057604385,0.8668002895208798,0.38605144345455156,587.0,2.0,2.0,0.8347058236855168
nocell,ceradsc,SEC13,0.02565245405959713,0.04939246679993078,0.5193596457432469,0.6035099667079669,587.0,2.0,1.0,0.924196882536154
nocell,ceradsc,SEC16A,-0.06598794052562942,0.04919268381736448,-1.3414177760786534,0.17978484931360872,587.0,2.0,2.0,0.6053704333399761
nocell,ceradsc,SEC23A,0.011685025605004451,0.049066194793727494,0.23814819254127767,0.8117661575196707,587.0,2.0,2.0,0.9525055957957859
nocell,ceradsc,SEC23B,-0.025808367050841698,0.049455475824118585,-0.5218505457843639,0.6017743935079407,587.0,2.0,1.0,0.924196882536154
nocell,ceradsc,SEC24A,-0.003974591428935668,0.049934127466956746,-0.0795966932948974,0.9365580252421087,587.0,2.0,1.0,0.9704961495037937
nocell,ceradsc,SEC24B,0.026506643513045974,0.04919405389307107,0.5388180362338345,0.5900124171950539,587.0,2.0,2.0,0.924196882536154
nocell,ceradsc,SEC24C,-0.027610156614908263,0.04833436854137842,-0.5712323849078854,0.5678421284444476,587.0,2.0,2.0,0.924196882536154
nocell,ceradsc,SEC24D,-0.0222229299479047,0.05033297279649484,-0.4415183271164205,0.658837796565914,579.0,2.0,1.0,0.924196882536154
nocell,ceradsc,SEC31A,-0.016469387606829734,0.04925634777834963,-0.33436071389094685,0.7381073808803058,587.0,2.0,1.0,0.9523966204907172
nocell,ceradsc,SIGMAR1,-0.07018295661205999,0.06657011804973727,-1.054271175538902,0.291758781587384,368.0,2.0,1.0,0.8114726430067551
nocell,ceradsc,SNX4,-0.11711390924268093,0.04847376242962989,-2.4160268023902005,0.015690906301860187,587.0,2.0,2.0,0.1793246434498307
nocell,ceradsc,SNX6,0.0686127392814183,0.04881806725484157,1.4054784046087685,0.1598790665588926,587.0,2.0,1.0,0.6053704333399761
nocell,ceradsc,SORL1,0.08905752584623235,0.04912734211166394,1.8127894166105942,0.06986430691541655,587.0,2.0,2.0,0.5081040502939386
nocell,ceradsc,SORT1,0.07061484511479325,0.04934386552288957,1.4310764745829758,0.15240829880729886,587.0,2.0,2.0,0.6053704333399761
nocell,ceradsc,SREBF2,-0.011439537436928894,0.06503207128423329,-0.17590609081064829,0.8603677201936573,322.0,2.0,1.0,0.9616965002476358
nocell,ceradsc,SYK,0.04637765757436728,0.05318204012767653,0.8720548791100593,0.3831784396434458,504.0,2.0,2.0,0.8347058236855168
nocell,ceradsc,TMED10,0.011761738467642226,0.04927194734536545,0.23871064776879664,0.8113299596909176,587.0,2.0,1.0,0.9525055957957859
nocell,ceradsc,TMED2,0.010469497562284881,0.049350985076014244,0.21214363900049701,0.8319949754220775,587.0,2.0,1.0,0.9525055957957859
nocell,ceradsc,TMED9,0.0714937805302317,0.0492019407893226,1.4530683014387653,0.14620479108736792,587.0,2.0,2.0,0.6053704333399761
nocell,ceradsc,VDAC1,0.020606147504875827,0.04836109486632341,0.42608935057888986,0.6700427398387117,587.0,2.0,1.0,0.924196882536154
nocell,ceradsc,VLDLR,0.05178151116648845,0.05149156522016859,1.005630940622607,0.31459313454294546,555.0,2.0,1.0,0.8114726430067551
nocell,ceradsc,VPS26A,0.02832597621716909,0.048996003397261324,0.5781283013535018,0.5631775009085109,587.0,2.0,1.0,0.924196882536154
nocell,ceradsc,VPS29,0.0644608280596983,0.049093789090513894,1.313013911817894,0.18917826041874253,587.0,2.0,1.0,0.6053704333399761
nocell,ceradsc,VPS35,-0.04151149535690252,0.049427323039758164,-0.8398491523304157,0.4009929703004522,587.0,2.0,2.0,0.8384385927014362
nocell,amyThal,ABCA7,0.010555266833076898,0.07071418295161601,0.14926661657533416,0.8813432562398125,272.0,2.0,1.0,0.9643219487503379
nocell,amyThal,ADAM10,0.01307843046648729,0.07915818290968155,0.1652189323422142,0.8687716641917611,272.0,2.0,2.0,0.9643219487503379
nocell,amyThal,ADAM17,-0.020678286484369004,0.07784395480233655,-0.26563766623722884,0.790518273986437,272.0,2.0,1.0,0.9643219487503379
nocell,amyThal,AP1G1,0.057840322839687396,0.07151164897386415,0.8088237884267875,0.4186165109638762,272.0,2.0,2.0,0.9638409816118575
nocell,amyThal,AP2A1,0.11614422107504264,0.07125925904706586,1.6298825251372713,0.1031263276298778,272.0,2.0,2.0,0.6322766534865655
nocell,amyThal,AP2B1,0.08454294129665263,0.06878418687449628,1.2291043208944201,0.2190326953338937,272.0,2.0,2.0,0.7354420353270089
nocell,amyThal,AP3B2,0.07460804643177099,0.06960441743790158,1.0718866586065958,0.2837709432838451,272.0,2.0,2.0,0.8731413639502926
nocell,amyThal,AP4B1,-0.04013460476282351,0.0707792408975384,-0.5670392088680812,0.5706875431571448,272.0,2.0,1.0,0.9643219487503379
nocell,amyThal,AP4E1,-0.040954964945719506,0.07836818803279018,-0.5225968083960735,0.6012548620252035,270.0,2.0,2.0,0.9643219487503379
nocell,amyThal,AP4M1,-0.043008229537455214,0.0715441026095235,-0.6011429030312588,0.5477448099489802,229.0,2.0,1.0,0.9643219487503379
nocell,amyThal,AP4S1,-0.012723323719809408,0.07141617372757281,-0.1781574544772497,0.8585993215337133,272.0,2.0,1.0,0.9643219487503379
nocell,amyThal,APBA1,0.017832155398234458,0.07794805817610033,0.22876971941941177,0.8190479030913789,272.0,2.0,1.0,0.9643219487503379
nocell,amyThal,APBA2,-0.02993731941815349,0.07876891831154065,-0.3800651330483904,0.7038970669828639,272.0,2.0,1.0,0.9643219487503379
nocell,amyThal,APOE,0.2212925979577662,0.07468376626586587,2.9630615731133494,0.0030459563282171573,272.0,2.0,2.0,0.12183825312868629
nocell,amyThal,APP,0.2138814708701435,0.04400460504770857,4.8604338259202455,1.1712879212587373e-06,272.0,2.0,2.0,9.370303370069898e-05
nocell,amyThal,ARF6,0.12069021356451735,0.06925964627869403,1.7425762337692536,0.08140766443860378,272.0,2.0,2.0,0.6322766534865655
nocell,amyThal,BACE1,0.114193497534519,0.06923497996741156,1.6493613140101886,0.09907363526294295,272.0,2.0,2.0,0.6322766534865655
nocell,amyThal,BIN1,-0.05906190107505682,0.07610731861556695,-0.776034449109817,0.4377286458448597,272.0,2.0,2.0,0.9638409816118575
nocell,amyThal,CLU,0.1705352318650989,0.06550746226204028,2.6032947388944914,0.009233253804820636,272.0,2.0,1.0,0.24622010146188364
nocell,amyThal,COPA,0.011606646815726054,0.07643530926361751,0.15184928179849347,0.8793058115377849,272.0,2.0,1.0,0.9643219487503379
nocell,amyThal,COPB1,0.04480706485744538,0.08304496897471306,0.5395518284929337,0.5895061450308514,272.0,2.0,2.0,0.9643219487503379
nocell,amyThal,COPB2,0.048481142509459715,0.07454504328651133,0.6503603777265793,0.5154594647895037,272.0,2.0,1.0,0.9643219487503379
nocell,amyThal,COPE,-0.01444226712409117,0.07987627302408132,-0.18080797434974308,0.8565183036509272,272.0,2.0,1.0,0.9643219487503379
nocell,amyThal,COPG1,0.06960217368301264,0.07405535054423298,0.9398669126741831,0.34728583110479294,272.0,2.0,2.0,0.9169158604702997
nocell,amyThal,COPG2,-0.09468532300290863,0.060661468530691535,-1.5608808242913341,0.11855187252873103,272.0,2.0,2.0,0.6322766534865655
nocell,amyThal,COPZ1,0.03663629677209371,0.07528404813057041,0.48664089779753616,0.6265128354690863,272.0,2.0,1.0,0.9643219487503379
nocell,amyThal,ECE1,0.06913318171112376,0.06910556760806322,1.0003995930287,0.31711716687015423,272.0,2.0,1.0,0.9169158604702997
nocell,amyThal,EIF2S1,0.07032475987377268,0.07470068214810807,0.9414205848126085,0.3464893687744264,272.0,2.0,1.0,0.9169158604702997
nocell,amyThal,GGA1,0.017809995103804672,0.07365560245894169,0.24180095619654474,0.8089343979566336,272.0,2.0,1.0,0.9643219487503379
nocell,amyThal,GGA2,0.008016722998244439,0.07512051609742987,0.10671815656653508,0.9150125780089242,272.0,2.0,1.0,0.9643219487503379
nocell,amyThal,GGA3,0.007535236218563364,0.07541041627078936,0.09992301582722041,0.9204054438081393,272.0,2.0,1.0,0.9643219487503379
nocell,amyThal,GORASP1,-0.12268686863530334,0.0833457130216189,-1.4720237452822535,0.14101446550014324,261.0,2.0,2.0,0.6635974847065564
nocell,amyThal,HSPA5,-0.03447231895814151,0.08265308953698218,-0.41707235810849236,0.6766254826743702,272.0,2.0,1.0,0.9643219487503379
nocell,amyThal,HSPA9,0.002154616857990483,0.07865021614855515,0.027394926085401033,0.978144745128783,272.0,2.0,1.0,0.984389896911139
nocell,amyThal,IDE,-0.001256805182715348,0.06423541659420572,-0.019565611143381557,0.9843898969111389,272.0,2.0,1.0,0.984389896911139
nocell,amyThal,ITPR1,0.11125311895646631,0.060050627830487036,1.852655383895659,0.06393176873632632,272.0,2.0,2.0,0.5974544253276632
nocell,amyThal,ITPR2,0.04839892159771568,0.06652811196155771,0.727495793442662,0.4669222913028864,272.0,2.0,1.0,0.9643219487503379
nocell,amyThal,LRP1,0.13670599929345337,0.07259795236674617,1.883055855389004,0.059692798835325724,272.0,2.0,2.0,0.5974544253276632
nocell,amyThal,MAP2K3,0.013782043118716735,0.07215366280155514,0.19100961175902617,0.8485180627094889,272.0,2.0,1.0,0.9643219487503379
nocell,amyThal,MAPK14,-0.03091553643107514,0.06886569305314716,-0.44892507517808683,0.6534857066776556,272.0,2.0,1.0,0.9643219487503379
nocell,amyThal,MAPKAPK2,0.020004147634618493,0.07480738732241561,0.267408719253912,0.7891544868155423,272.0,2.0,1.0,0.9643219487503379
nocell,amyThal,MFN2,-0.005115910175008895,0.06821120764443597,-0.07500102038475201,0.9402139000315796,272.0,2.0,1.0,0.9643219487503379
nocell,amyThal,MIA3,-0.007770039968555145,0.07857978455712686,-0.09888090190558349,0.9212328326548086,272.0,2.0,1.0,0.9643219487503379
nocell,amyThal,NCSTN,-0.00929284794924265,0.058792602834670915,-0.15806151626548692,0.8744083249173998,272.0,2.0,1.0,0.9643219487503379
nocell,amyThal,OSBP,0.012599871332945446,0.08159839644549904,0.15441322234023452,0.8772839287735195,272.0,2.0,1.0,0.9643219487503379
nocell,amyThal,PICALM,-0.09535645562226971,0.07281881008401515,-1.309503073618638,0.19036399728765718,272.0,2.0,2.0,0.7354420353270089
nocell,amyThal,PLCG2,0.13791354585761978,0.07535259092720391,1.830242917471203,0.06721362284936211,272.0,2.0,1.0,0.5974544253276632
nocell,amyThal,PLG,-0.006604126505797981,0.07656292106686441,-0.08625750446525444,0.9312617190425996,272.0,2.0,1.0,0.9643219487503379
nocell,amyThal,PREB,0.07100060339479339,0.08293207706023341,0.8561295690595786,0.3919261146801697,272.0,2.0,2.0,0.9638409816118575
nocell,amyThal,PSEN1,-0.15661276476723826,0.0654981847851006,-2.3911008416658324,0.016797938395505082,272.0,2.0,2.0,0.33595876791010165
nocell,amyThal,RAB1A,0.14243817516689128,0.075352688428593,1.8902865728788294,0.058719643576915045,272.0,2.0,2.0,0.5974544253276632
nocell,amyThal,RAB1B,0.09994841257739125,0.07706296221647077,1.2969708106552533,0.19464123030985292,272.0,2.0,2.0,0.7354420353270089
nocell,amyThal,RTN3,0.0549001941843838,0.07173720932809349,0.7652959279931728,0.4440953482565576,272.0,2.0,2.0,0.9638409816118575
nocell,amyThal,RTN4,-0.027441763018208526,0.06127533644175128,-0.4478435307212852,0.6542661247123316,272.0,2.0,1.0,0.9643219487503379
nocell,amyThal,SAR1A,-0.05874832489878666,0.07273540133235284,-0.8076991921766615,0.419263768765581,272.0,2.0,1.0,0.9638409816118575
nocell,amyThal,SAR1B,-0.08387124919910514,0.07373130188109217,-1.1375256785017285,0.25531859618591657,272.0,2.0,2.0,0.817019507794933
nocell,amyThal,SEC13,-0.03380448907635686,0.07621451187313787,-0.4435439950415978,0.6573723044792985,272.0,2.0,1.0,0.9643219487503379
nocell,amyThal,SEC16A,0.14340112086241455,0.07447306946107715,1.9255433125038868,0.05416142280119185,272.0,2.0,2.0,0.5974544253276632
nocell,amyThal,SEC23A,0.044895644922232955,0.07457642042130717,0.6020085795027761,0.5471684264762333,272.0,2.0,2.0,0.9643219487503379
nocell,amyThal,SEC23B,-0.03189489116089491,0.08058070416131903,-0.3958130112271387,0.6922429775245793,272.0,2.0,1.0,0.9643219487503379
nocell,amyThal,SEC24A,0.06011421268626687,0.07884087855596542,0.7624751751541509,0.44577645399548405,272.0,2.0,2.0,0.9638409816118575
nocell,amyThal,SEC24B,0.02945233108766059,0.0698653068522111,0.421558745171796,0.6733471239602773,272.0,2.0,1.0,0.9643219487503379
nocell,amyThal,SEC24C,0.09524508678677575,0.07656753368751897,1.2439356761245837,0.2135232377370262,272.0,2.0,2.0,0.7354420353270089
nocell,amyThal,SEC24D,-0.04020675853467073,0.07538678894278639,-0.533339582419209,0.5937985321739176,272.0,2.0,1.0,0.9643219487503379
nocell,amyThal,SEC31A,0.068670789210734,0.07429101555468137,0.9243485056438534,0.3553048959322411,272.0,2.0,2.0,0.9169158604702997
nocell,amyThal,SIGMAR1,0.03342288088988722,0.07270912688228781,0.45967930469027746,0.6457464263423757,264.0,2.0,2.0,0.9643219487503379
nocell,amyThal,SNX4,0.11234482351690744,0.06945683191405792,1.617476933815766,0.10577537076098503,272.0,2.0,2.0,0.6322766534865655
nocell,amyThal,SNX6,-0.01886707577180975,0.06979466294705468,-0.2703226145833252,0.7869120688491748,272.0,2.0,2.0,0.9643219487503379
nocell,amyThal,SORL1,-0.019250576105724428,0.07383711848016743,-0.26071678448414953,0.7943109214516187,272.0,2.0,1.0,0.9643219487503379
nocell,amyThal,SORT1,0.054647411680250876,0.07998486845868749,0.6832218735031925,0.49446665293867476,272.0,2.0,1.0,0.9643219487503379
nocell,amyThal,SREBF2,0.10026113744116184,0.08185600366074285,1.2248476954323373,0.22063261059810269,192.0,2.0,1.0,0.7354420353270089
nocell,amyThal,SYK,0.009164731629895373,0.0783352532360984,0.11699370655346382,0.9068650406756215,272.0,2.0,1.0,0.9643219487503379
nocell,amyThal,TMED10,-0.10089457477678378,0.0777358579003204,-1.297915498741385,0.19431637362728627,272.0,2.0,2.0,0.7354420353270089
nocell,amyThal,TMED2,-0.11688098123615634,0.07386918397087507,-1.5822698309790433,0.11358798483302036,272.0,2.0,2.0,0.6322766534865655
nocell,amyThal,TMED9,-0.03270246821971065,0.07668735359711804,-0.42643886750239396,0.6697880847387656,272.0,2.0,1.0,0.9643219487503379
nocell,amyThal,VDAC1,0.06382392587481606,0.0689077559005211,0.9262226732061288,0.3543302719003262,272.0,2.0,2.0,0.9169158604702997
nocell,amyThal,VLDLR,-0.010785805943736603,0.06600248057766912,-0.16341516029907832,0.8701915671377063,272.0,2.0,1.0,0.9643219487503379
nocell,amyThal,VPS26A,0.10756123781905175,0.07673425351430845,1.40173694136472,0.1609938149709016,272.0,2.0,1.0,0.7155280665373405
nocell,amyThal,VPS29,0.11794133098035248,0.07754993765568503,1.520843659526868,0.12829907522259124,272.0,2.0,2.0,0.6414953761129562
nocell,amyThal,VPS35,0.0347497189090343,0.07375070327854968,0.4711781361296011,0.6375135306329369,272.0,2.0,1.0,0.9643219487503379
nocell,amyA,ABCA7,0.0022016983127970684,0.1259370423290955,0.017482531525900426,0.986051668540821,273.0,2.0,1.0,0.99665169216943
nocell,amyA,ADAM10,0.0005831547611159127,0.13896237691721344,0.004196493857206588,0.9966516921694301,277.0,2.0,1.0,0.99665169216943
nocell,amyA,ADAM17,0.006947879577030047,0.13715565688597686,0.05065689403395227,0.9595989260973624,277.0,2.0,2.0,0.99665169216943
nocell,amyA,AP1G1,0.04861712368037697,0.12996781744602626,0.3740704786441994,0.7083518815534473,277.0,2.0,2.0,0.9941780793732594
nocell,amyA,AP2A1,0.15805200167572414,0.1262871029485179,1.2515292376305085,0.21074145342354877,277.0,2.0,2.0,0.8811891105407647
nocell,amyA,AP2B1,0.1153785931670189,0.12377613225784759,0.9321554249785805,0.3512562079439704,277.0,2.0,2.0,0.9035901572410332
nocell,amyA,AP3B2,0.13474567859929412,0.12311989283027402,1.0944265423057729,0.2737679482425711,277.0,2.0,2.0,0.8811891105407647
nocell,amyA,AP4B1,-0.06583923917615894,0.12440475429506402,-0.5292341080470365,0.5966430585652056,277.0,2.0,1.0,0.9849330402722687
nocell,amyA,AP4E1,-0.0721292720544872,0.1394242370930445,-0.5173366808982564,0.6049211524373466,275.0,2.0,1.0,0.9849330402722687
nocell,amyA,AP4M1,-0.09954627089579621,0.12846066730488603,-0.7749163458690047,0.43838909264387327,231.0,2.0,1.0,0.9849330402722687
nocell,amyA,AP4S1,-0.12693747665883828,0.1254961577818297,-1.011484964181248,0.311784373958622,277.0,2.0,1.0,0.8908124970246344
nocell,amyA,APBA1,0.0026230072273305295,0.13768934603597593,0.019050182914262526,0.9848010724835852,277.0,2.0,1.0,0.99665169216943
nocell,amyA,APBA2,0.08093085218414096,0.13909275233562227,0.5818480893156804,0.5606690089013329,277.0,2.0,2.0,0.9849330402722687
nocell,amyA,APOE,0.2653808713568919,0.13333911991602176,1.9902701587053468,0.046561183409186135,277.0,2.0,2.0,0.658175222787714
nocell,amyA,APP,0.3173987308105661,0.07829301443874909,4.0539853151123255,5.0352378568333225e-05,277.0,2.0,2.0,0.004028190285466658
nocell,amyA,ARF6,0.1798714840974024,0.12236034534809033,1.4700145180671447,0.14155782200830752,277.0,2.0,2.0,0.7712249017841224
nocell,amyA,BACE1,0.11881760501327507,0.12411512011629344,0.9573177297169377,0.33840690913550653,277.0,2.0,1.0,0.9024184243613507
nocell,amyA,BIN1,-0.07845476914259655,0.13369924801209632,-0.5868003770335225,0.5573377835666624,277.0,2.0,2.0,0.9849330402722687
nocell,amyA,CLU,0.29037262741645714,0.11586101636723214,2.506215088741276,0.012203136097576072,277.0,2.0,2.0,0.4881254439030429
nocell,amyA,COPA,-0.020743486201944415,0.13608562174235864,-0.15242966844224443,0.8788480584485363,277.0,2.0,2.0,0.99665169216943
nocell,amyA,COPB1,0.007220932029757012,0.14716797227952955,0.049065920511846405,0.9608667621721558,277.0,2.0,1.0,0.99665169216943
nocell,amyA,COPB2,0.048082904451133314,0.13467424951720278,0.35703116686008624,0.7210684735452895,277.0,2.0,1.0,0.9945772048900544
nocell,amyA,COPE,-0.0950080900016589,0.1429790315054791,-0.6644896737744239,0.506376955863613,277.0,2.0,2.0,0.9849330402722687
nocell,amyA,COPG1,0.011792842950684152,0.13204732003900616,0.08930770383829525,0.9288373717594168,277.0,2.0,1.0,0.99665169216943
nocell,amyA,COPG2,-0.1617427191033298,0.10739315103707785,-1.5060803928500763,0.1320465372914541,277.0,2.0,2.0,0.7712249017841224
nocell,amyA,COPZ1,0.042205541306376784,0.13606610523091117,0.3101840920246215,0.7564209670723601,277.0,2.0,1.0,0.99665169216943
nocell,amyA,ECE1,0.1277228400647529,0.12272455806023985,1.0407276431344705,0.2980019699309443,277.0,2.0,1.0,0.8829687997953904
nocell,amyA,EIF2S1,0.10131606818805272,0.13312447873350994,0.7610626471700096,0.4466196495874779,277.0,2.0,1.0,0.9849330402722687
nocell,amyA,GGA1,0.05905295953752463,0.1301642212585359,0.4536804274365991,0.6500588562888603,277.0,2.0,2.0,0.9849330402722687
nocell,amyA,GGA2,0.05768720378495577,0.13314850236749723,0.43325461991105163,0.6648298021837814,277.0,2.0,2.0,0.9849330402722687
nocell,amyA,GGA3,0.05778011514720321,0.1326432913110312,0.43560525810322653,0.6631231551664243,277.0,2.0,2.0,0.9849330402722687
nocell,amyA,GORASP1,-0.3176078727349517,0.14826173198272005,-2.1422107275258933,0.032176528657063344,261.0,2.0,2.0,0.658175222787714
nocell,amyA,HSPA5,-0.03525595802059176,0.14509586828777268,-0.24298388669943127,0.8080178799949294,277.0,2.0,1.0,0.99665169216943
nocell,amyA,HSPA9,0.01220970048575117,0.1385897908186425,0.08809956645167816,0.9297975409625977,277.0,2.0,1.0,0.99665169216943
nocell,amyA,IDE,-0.02648476008367247,0.11472974781857465,-0.23084475114120848,0.8174354136270634,277.0,2.0,2.0,0.99665169216943
nocell,amyA,ITPR1,0.15294586175129324,0.10552652422310439,1.4493594181869838,0.14723723556408402,277.0,2.0,2.0,0.7712249017841224
nocell,amyA,ITPR2,0.009277374906605669,0.12018171686539889,0.07719456127420898,0.9384687682125528,277.0,2.0,1.0,0.99665169216943
nocell,amyA,LRP1,0.1985445699742583,0.1291809709684202,1.5369490450942254,0.1243057878370445,277.0,2.0,2.0,0.7712249017841224
nocell,amyA,MAP2K3,0.08547449843850982,0.13991456749863598,0.6109049255313826,0.5412625238257667,274.0,2.0,2.0,0.9849330402722687
nocell,amyA,MAPK14,-0.1349576754003343,0.12372633252323555,-1.0907756873419774,0.27537159704398895,276.0,2.0,2.0,0.8811891105407647
nocell,amyA,MAPKAPK2,0.04047305190713983,0.13592187301649272,0.2977670260784947,0.7658809829247819,275.0,2.0,1.0,0.99665169216943
nocell,amyA,MFN2,0.019530730139132382,0.11985727020361671,0.16294989954262315,0.8705578816855053,277.0,2.0,2.0,0.99665169216943
nocell,amyA,MIA3,-0.015038495375420359,0.13866572247841533,-0.10845142625468415,0.9136376094043426,277.0,2.0,1.0,0.99665169216943
nocell,amyA,NCSTN,0.04855668772511657,0.10545187648903755,0.460463003047313,0.6451839213038,277.0,2.0,1.0,0.9849330402722687
nocell,amyA,OSBP,-0.020410314060917586,0.14552662666746718,-0.14025140641482595,0.8884613568022752,277.0,2.0,1.0,0.99665169216943
nocell,amyA,PICALM,-0.19597599009552988,0.12860380982864547,-1.5238739066646048,0.12754021281635036,277.0,2.0,2.0,0.7712249017841224
nocell,amyA,PLCG2,0.21424965050115855,0.13606003520078658,1.5746699623073444,0.11533264466283859,275.0,2.0,2.0,0.7712249017841224
nocell,amyA,PLG,-0.12988548243911938,0.1354876139902785,-0.9586520761110968,0.3377340486789906,277.0,2.0,1.0,0.9024184243613507
nocell,amyA,PREB,0.09882394790669306,0.14612151162554068,0.6763134791538767,0.49884163655656066,277.0,2.0,1.0,0.9849330402722687
nocell,amyA,PSEN1,-0.22697372834502605,0.11548230249828327,-1.965441660192047,0.04936314170907855,277.0,2.0,2.0,0.658175222787714
nocell,amyA,RAB1A,0.2651557157413732,0.13267792350175978,1.998491600886837,0.04566338962154155,277.0,2.0,2.0,0.658175222787714
nocell,amyA,RAB1B,0.1944542100234879,0.13648817396653012,1.4246963994929869,0.1542449803568245,277.0,2.0,1.0,0.7712249017841224
nocell,amyA,RTN3,0.06787910711269649,0.12677441607418174,0.5354322205907632,0.5923510148129674,277.0,2.0,2.0,0.9849330402722687
nocell,amyA,RTN4,-0.05460439337622216,0.10823176224806969,-0.5045135757012589,0.6139005247220102,277.0,2.0,1.0,0.9849330402722687
nocell,amyA,SAR1A,0.018760800918961335,0.12830265401321284,0.14622301512975183,0.8837453373834232,277.0,2.0,1.0,0.99665169216943
nocell,amyA,SAR1B,-0.11348748318003726,0.13025812490498997,-0.8712507051887536,0.38361727965648773,277.0,2.0,2.0,0.9299812840157279
nocell,amyA,SEC13,-0.14322963413652376,0.13578493305708386,-1.0548271513770247,0.2915043844659164,277.0,2.0,2.0,0.8829687997953904
nocell,amyA,SEC16A,0.12064675026277076,0.13219647820369368,0.9126321056516602,0.3614360628964133,277.0,2.0,2.0,0.9035901572410332
nocell,amyA,SEC23A,0.08078287482096692,0.1311070299068443,0.6161597503838331,0.5377890901413158,277.0,2.0,2.0,0.9849330402722687
nocell,amyA,SEC23B,0.009296403656779056,0.14420694027722908,0.06446571599749142,0.9485994049776996,277.0,2.0,1.0,0.99665169216943
nocell,amyA,SEC24A,0.20912441341750573,0.13918263866077707,1.5025179536019164,0.13296339481256747,277.0,2.0,2.0,0.7712249017841224
nocell,amyA,SEC24B,0.057975968705429315,0.1232843355388427,0.4702622474463762,0.6381676662549682,277.0,2.0,1.0,0.9849330402722687
nocell,amyA,SEC24C,0.21389111814886655,0.13445755375424623,1.5907705604982552,0.11166122059575251,277.0,2.0,2.0,0.7712249017841224
nocell,amyA,SEC24D,-0.09033725206583686,0.13671982548295725,-0.6607472745574694,0.5087744009104154,277.0,2.0,1.0,0.9849330402722687
nocell,amyA,SEC31A,0.0376259444240873,0.13160126241409031,0.2859086891256049,0.7749480584670563,277.0,2.0,1.0,0.99665169216943
nocell,amyA,SIGMAR1,-0.015681214620934067,0.1290984090267865,-0.12146714075833723,0.9033210398327443,265.0,2.0,2.0,0.99665169216943
nocell,amyA,SNX4,0.16762941899720932,0.12531618658462373,1.3376517716170069,0.1810099793941493,277.0,2.0,2.0,0.8518116677371732
nocell,amyA,SNX6,-0.02637181798800366,0.12245235150588278,-0.2153639163616774,0.829483600479303,277.0,2.0,1.0,0.99665169216943
nocell,amyA,SORL1,-0.049906240669456536,0.13267615354931625,-0.37615079525881934,0.7068047933308824,277.0,2.0,2.0,0.9941780793732594
nocell,amyA,SORT1,0.11265434305592278,0.14189536973692696,0.7939254343872049,0.42723884177705695,277.0,2.0,1.0,0.9849330402722687
nocell,amyA,SREBF2,0.17163260680241052,0.14310234268840621,1.1993696509646012,0.23038424302488092,192.0,2.0,1.0,0.8811891105407647
nocell,amyA,SYK,0.1020370952634418,0.1402722140427614,0.7274220055608177,0.46696747809966455,276.0,2.0,1.0,0.9849330402722687
nocell,amyA,TMED10,-0.1627897622289935,0.13839724716886623,-1.1762500017819328,0.2394949888442982,277.0,2.0,2.0,0.8811891105407647
nocell,amyA,TMED2,-0.1499271476581165,0.13550581914234106,-1.1064258982164201,0.2685422211014591,277.0,2.0,2.0,0.8811891105407647
nocell,amyA,TMED9,-0.07304502299690474,0.13598634199285478,-0.5371497014070927,0.5911642118121878,277.0,2.0,2.0,0.9849330402722687
nocell,amyA,VDAC1,0.17967151082075203,0.12116948796351394,1.482811505111369,0.13812449843725833,277.0,2.0,2.0,0.7712249017841224
nocell,amyA,VLDLR,0.04376842609953003,0.11609433946596168,0.3770074088096494,0.7061680990557918,277.0,2.0,1.0,0.9941780793732594
nocell,amyA,VPS26A,0.1553492618184399,0.1352850869436877,1.1483103225051248,0.2508404792807266,277.0,2.0,1.0,0.8811891105407647
nocell,amyA,VPS29,0.15636307947098307,0.13651818863502674,1.1453644458249477,0.25205821994287636,277.0,2.0,2.0,0.8811891105407647
nocell,amyA,VPS35,-0.0018219426796832981,0.13389084684332406,-0.013607671641776177,0.9891429839528935,277.0,2.0,1.0,0.99665169216943
nocell,amyCerad,ABCA7,0.02623413505855228,0.0499688673754458,0.5250095997061457,0.5995765175598116,549.0,2.0,2.0,0.774150186602188
nocell,amyCerad,ADAM10,0.07056145788967157,0.04346692391562405,1.6233368164409827,0.10451742338433569,579.0,2.0,2.0,0.22003668080912778
nocell,amyCerad,ADAM17,0.19071732713553777,0.048862681488321874,3.903128549773082,9.495723541519404e-05,579.0,2.0,2.0,0.0012660964722025873
nocell,amyCerad,AP1G1,-0.09879576564887164,0.0383835792682514,-2.5739070595375555,0.01005572812610252,579.0,2.0,2.0,0.044692125004900086
nocell,amyCerad,AP2A1,-0.09354791967915442,0.03914631449481911,-2.389699282969159,0.016862173062883862,579.0,2.0,2.0,0.06744869225153545
nocell,amyCerad,AP2B1,-0.10933823801843011,0.03847684658484707,-2.8416631746919103,0.004487887890804894,579.0,2.0,2.0,0.025645073661742252
nocell,amyCerad,AP3B2,-0.06908544396424608,0.0385131820826043,-1.79381292919576,0.07284303259006712,579.0,2.0,2.0,0.16649836020586772
nocell,amyCerad,AP4B1,0.055759526961041715,0.04726059406433937,1.1798312751873603,0.23806732787591767,579.0,2.0,2.0,0.42323080511274247
nocell,amyCerad,AP4E1,0.06646286047939737,0.05169735816765996,1.2856142525475158,0.1985777201268144,579.0,2.0,2.0,0.3844104402352168
nocell,amyCerad,AP4M1,-0.00019426369456761492,0.062260249485262945,-0.0031201881806399976,0.997510454063395,531.0,2.0,1.0,0.997510454063395
nocell,amyCerad,AP4S1,-0.09163208487966706,0.054923905687825965,-1.668346118727998,0.0952470377300298,579.0,2.0,2.0,0.20593954103790227
nocell,amyCerad,APBA1,0.025604672130686398,0.04602615896350893,0.5563069503798185,0.5780010365798833,579.0,2.0,2.0,0.774150186602188
nocell,amyCerad,APBA2,-0.09870553910149882,0.04689118046246374,-2.1049915597776927,0.03529204276700033,579.0,2.0,1.0,0.10834666304660698
nocell,amyCerad,APOE,0.16890031994929897,0.046620913084191064,3.6228445299706555,0.00029138097084594166,579.0,2.0,1.0,0.0025900530741861483
nocell,amyCerad,APP,0.3081930307825042,0.03543165195876059,8.698240520685134,3.370695177095259e-18,579.0,2.0,2.0,2.696556141676207e-16
nocell,amyCerad,ARF6,-0.08869417477882971,0.043765996305640174,-2.026554454728581,0.04270799839804371,579.0,2.0,2.0,0.11781516799460334
nocell,amyCerad,BACE1,0.14509717440700481,0.048992617072670046,2.9616130567547403,0.0030603211639054,579.0,2.0,2.0,0.018832745624033233
nocell,amyCerad,BIN1,-0.01994108415166593,0.039055539907614414,-0.5105827290785485,0.6096432719492231,579.0,2.0,1.0,0.774150186602188
nocell,amyCerad,CLU,0.16435283369674697,0.0426430165234254,3.854155899277478,0.00011612958358071016,579.0,2.0,1.0,0.0013271952409224018
nocell,amyCerad,COPA,0.01373032539510238,0.04796311585815839,0.28626842000230246,0.7746725436253501,579.0,2.0,1.0,0.8489562121921644
nocell,amyCerad,COPB1,-0.017575507396609468,0.04466248009291285,-0.3935183930683328,0.6939366418201752,579.0,2.0,2.0,0.8045642224002031
nocell,amyCerad,COPB2,0.04958812030262689,0.045451566813680726,1.0910101406603452,0.27526842050702915,579.0,2.0,1.0,0.46039839074917105
nocell,amyCerad,COPE,0.028397442138848872,0.04925212533751463,0.5765729284624181,0.5642279912343002,579.0,2.0,1.0,0.774150186602188
nocell,amyCerad,COPG1,0.05553992469073365,0.051009892662819085,1.0888069311938875,0.2762390344495026,579.0,2.0,1.0,0.46039839074917105
nocell,amyCerad,COPG2,-0.06564445729827521,0.05492940209920337,-1.1950695763940828,0.23205984743835795,579.0,2.0,2.0,0.42192699534246897
nocell,amyCerad,COPZ1,0.0699315757399714,0.049577887459112784,1.4105396442646823,0.15838039897771972,579.0,2.0,2.0,0.3248828696978866
nocell,amyCerad,ECE1,0.14916723654253258,0.05004748520832843,2.9805141241684128,0.002877649674271231,579.0,2.0,1.0,0.018832745624033233
nocell,amyCerad,EIF2S1,-0.021511728218025876,0.04878063550993839,-0.44098909317495777,0.6592208930166555,579.0,2.0,1.0,0.7990556278989764
nocell,amyCerad,GGA1,-0.16747937096645016,0.04582697302391827,-3.6546025171472354,0.00025758072595152365,579.0,2.0,2.0,0.0025758072595152364
nocell,amyCerad,GGA2,0.022632767343424696,0.04373092126831217,0.5175460906611316,0.6047750031270206,579.0,2.0,2.0,0.774150186602188
nocell,amyCerad,GGA3,-0.09940948336826108,0.04546555222459121,-2.1864791804836563,0.02878056624042274,579.0,2.0,2.0,0.10010631735799214
nocell,amyCerad,GORASP1,0.016738625992201727,0.051161601248267435,0.32717165967843065,0.743538054684237,474.0,2.0,1.0,0.8377893573906895
nocell,amyCerad,HSPA5,0.03495788299428137,0.04328951168828778,0.8075370137228741,0.419357158594611,579.0,2.0,2.0,0.6284732052562326
nocell,amyCerad,HSPA9,0.05077289273762714,0.04419812775185779,1.148756640160917,0.2506563432094049,579.0,2.0,2.0,0.4359240751467911
nocell,amyCerad,IDE,0.03576249044734758,0.05604234947428711,0.6381333185139897,0.5233868993042123,579.0,2.0,1.0,0.747695570434589
nocell,amyCerad,ITPR1,-0.15688669528142862,0.057032097408635844,-2.7508491254903897,0.00594410133711195,579.0,2.0,2.0,0.0317018737979304
nocell,amyCerad,ITPR2,0.17173771090369594,0.04378131921972979,3.922625310621142,8.758931147483707e-05,579.0,2.0,1.0,0.0012660964722025873
nocell,amyCerad,LRP1,0.17515435482678962,0.03958212656119028,4.42508702901592,9.640341077171973e-06,579.0,2.0,2.0,0.00025707576205791926
nocell,amyCerad,MAP2K3,0.10523469267580825,0.05291509084740214,1.9887463290819378,0.046729209512068846,571.0,2.0,2.0,0.12461122536551693
nocell,amyCerad,MAPK14,0.19229947396017708,0.04614308606229693,4.167460184621312,3.080122903499548e-05,577.0,2.0,2.0,0.0006160245806999097
nocell,amyCerad,MAPKAPK2,0.10747370729093839,0.047473016462388266,2.263890422385256,0.023580855167984548,575.0,2.0,1.0,0.08574856424721654
nocell,amyCerad,MFN2,-0.0684724717054404,0.038154383276375256,-1.7946161312437656,0.07271488122363297,579.0,2.0,2.0,0.16649836020586772
nocell,amyCerad,MIA3,0.0014182400237801372,0.04593310275544561,0.030876207760905012,0.975368264330927,579.0,2.0,1.0,0.9877146980566349
nocell,amyCerad,NCSTN,0.017385241193018854,0.05633552782475196,0.30860172726348994,0.7576245067895835,579.0,2.0,1.0,0.8418050075439817
nocell,amyCerad,OSBP,-0.10063182544918434,0.04754231828737177,-2.116678973055343,0.03428710257601505,579.0,2.0,2.0,0.10834666304660698
nocell,amyCerad,PICALM,-0.05659205785106851,0.04052627753751374,-1.3964287195803573,0.16258543166246386,579.0,2.0,1.0,0.32517086332492773
nocell,amyCerad,PLCG2,0.10868713378549441,0.05198933736038558,2.0905658603048662,0.03656699877822985,576.0,2.0,1.0,0.10834666304660698
nocell,amyCerad,PLG,-0.0052519594587156085,0.05121975224375349,-0.1025377755386568,0.9183298303060533,579.0,2.0,1.0,0.9541089146036918
nocell,amyCerad,PREB,0.010720457678495754,0.0463413647886103,0.23133668435096694,0.8170532495136361,579.0,2.0,1.0,0.8715234661478786
nocell,amyCerad,PSEN1,0.13136121058149608,0.05625227388534037,2.335216010098562,0.01953213918195016,579.0,2.0,2.0,0.07440814926457204
nocell,amyCerad,RAB1A,-0.007588520950294584,0.039911561929011366,-0.19013339953449815,0.8492045983871174,579.0,2.0,1.0,0.8938995772495972
nocell,amyCerad,RAB1B,0.10162169172453732,0.0520946416159084,1.9507129442177524,0.051091202689057695,579.0,2.0,1.0,0.12772800672264423
nocell,amyCerad,RTN3,-0.08985227765539049,0.04724582763672992,-1.90180344275602,0.057196856043145394,579.0,2.0,2.0,0.13865904495307974
nocell,amyCerad,RTN4,-0.2198984897935695,0.04213797395308364,-5.218534949933856,1.8034395116833641e-07,579.0,2.0,2.0,7.213758046733457e-06
nocell,amyCerad,SAR1A,-0.025847152826926408,0.05288209683828436,-0.48876943941856293,0.6250049363080827,579.0,2.0,2.0,0.7812561703851034
nocell,amyCerad,SAR1B,0.014090148775113954,0.042997614580021,0.32769605739154173,0.7431414846874389,579.0,2.0,2.0,0.8377893573906895
nocell,amyCerad,SEC13,-0.03763542240952306,0.04924834692754097,-0.7641966635935215,0.44475005452209226,579.0,2.0,1.0,0.6469091702139523
nocell,amyCerad,SEC16A,-0.060503713404677154,0.04740198304093287,-1.2763962501828372,0.2018154811234888,579.0,2.0,2.0,0.3844104402352168
nocell,amyCerad,SEC23A,-0.04057035746605639,0.040201091082076534,-1.0091854816384447,0.3128856880957164,579.0,2.0,2.0,0.5006171009531463
nocell,amyCerad,SEC23B,-0.018429321678112624,0.044448471654089425,-0.4146221679236761,0.678418517496143,579.0,2.0,2.0,0.8045642224002031
nocell,amyCerad,SEC24A,-0.12927105563397087,0.04971332085129401,-2.6003303223426886,0.00931340638346065,579.0,2.0,2.0,0.043827794745697174
nocell,amyCerad,SEC24B,-0.0465874182611719,0.04791241965558897,-0.9723453458635227,0.3308787718874838,579.0,2.0,2.0,0.5190255245293864
nocell,amyCerad,SEC24C,-0.07874161472728168,0.044935585596642014,-1.7523219889486865,0.07971845708071172,579.0,2.0,2.0,0.17715212684602605
nocell,amyCerad,SEC24D,-0.09961711211902008,0.04818578795614959,-2.067354635970142,0.03870074949631404,579.0,2.0,2.0,0.11057356998946867
nocell,amyCerad,SEC31A,-0.11246372910318389,0.04222140054020111,-2.6636664739745317,0.007729415609700412,579.0,2.0,2.0,0.03864707804850206
nocell,amyCerad,SIGMAR1,0.07055674978138553,0.05846753155331582,1.2067680626647577,0.22752147879325746,563.0,2.0,2.0,0.42192699534246897
nocell,amyCerad,SNX4,-0.15277628950348485,0.04483164601256499,-3.4077778331107043,0.0006549419565543097,579.0,2.0,2.0,0.0047632142294858895
nocell,amyCerad,SNX6,0.07983687054658718,0.04068838984571524,1.9621535983438416,0.04974460435645973,579.0,2.0,2.0,0.12772800672264423
nocell,amyCerad,SORL1,-0.020126275696878353,0.05025697713385479,-0.4004672951831919,0.6888123672314101,579.0,2.0,1.0,0.8045642224002031
nocell,amyCerad,SORT1,0.11603100328852901,0.04570315637262208,2.5387962779313855,0.011123457421871201,579.0,2.0,2.0,0.046835610197352426
nocell,amyCerad,SREBF2,0.015277912474769745,0.059928393986975366,0.2549361239029732,0.7987724350080474,430.0,2.0,1.0,0.8635377675762674
nocell,amyCerad,SYK,0.17934868398536577,0.04997570974461565,3.588717096802986,0.00033230920554648877,576.0,2.0,2.0,0.00265847364437191
nocell,amyCerad,TMED10,0.04965470035489364,0.052567213604950806,0.944594490551752,0.34486594084956634,579.0,2.0,1.0,0.5305629859224097
nocell,amyCerad,TMED2,0.05334049533631754,0.05233227507142309,1.019265744963666,0.3080768218087734,579.0,2.0,1.0,0.5006171009531463
nocell,amyCerad,TMED9,0.041466107548089055,0.05188955406511529,0.7991224495021476,0.424219413547957,579.0,2.0,2.0,0.6284732052562326
nocell,amyCerad,VDAC1,-0.025037499495589855,0.04704746233317846,-0.532175344937427,0.594604557350914,579.0,2.0,1.0,0.774150186602188
nocell,amyCerad,VLDLR,-0.027912389137682847,0.050447187681853876,-0.5532992109235672,0.5800585412897545,579.0,2.0,2.0,0.774150186602188
nocell,amyCerad,VPS26A,0.09511100862586454,0.04533742429146674,2.097847641595423,0.0359186064462805,579.0,2.0,1.0,0.10834666304660698
nocell,amyCerad,VPS29,0.018709755966994528,0.041035264437160913,0.45594335076469633,0.6484307150232217,579.0,2.0,1.0,0.7980685723362729
nocell,amyCerad,VPS35,-0.0013687571638284215,0.04380416056036826,-0.031247195387800724,0.9750724017957286,579.0,2.0,1.0,0.9877146980566349
nocell,amyAny,ABCA7,-0.1278499508832733,0.12461199630755383,-1.0259842926176057,0.30489898798513104,549.0,2.0,1.0,0.5689258347172398
nocell,amyAny,ADAM10,0.022405951926775837,0.10904363609279052,0.20547693317663696,0.837199518260045,579.0,2.0,1.0,0.9433234008563888
nocell,amyAny,ADAM17,0.3880859387229791,0.12300185272770499,3.1551227084530447,0.0016043061506198159,579.0,2.0,2.0,0.01685997276420519
nocell,amyAny,AP1G1,-0.20573229433396603,0.09641721258661758,-2.1337714378451245,0.03286149502055844,579.0,2.0,2.0,0.1643074751027922
nocell,amyAny,AP2A1,-0.2340396161072814,0.0980397513912492,-2.3871910402270897,0.016977666351357345,579.0,2.0,2.0,0.11576339007551695
nocell,amyAny,AP2B1,-0.22977452794167186,0.09658866674517218,-2.3788973974336045,0.017364508511327544,579.0,2.0,2.0,0.11576339007551695
nocell,amyAny,AP3B2,-0.11825950322947572,0.09665747148875171,-1.223490552856412,0.22114447020629235,579.0,2.0,2.0,0.46796283268649946
nocell,amyAny,AP4B1,0.10408417753615741,0.11867654615207486,0.877040838404427,0.3804644567828296,579.0,2.0,2.0,0.6211664600535993
nocell,amyAny,AP4E1,0.008583898167813075,0.12979873308666315,0.06613237250999851,0.9472724377204621,579.0,2.0,1.0,0.9725427081087181
nocell,amyAny,AP4M1,-0.00444795465526028,0.15499509262264693,-0.028697390220536387,0.9771059378142667,531.0,2.0,1.0,0.9771059378142667
nocell,amyAny,AP4S1,-0.3085993443393727,0.13759751476545223,-2.242768300469736,0.024911759632928167,579.0,2.0,2.0,0.13699188621738087
nocell,amyAny,APBA1,0.10716901078863135,0.11524918202352083,0.9298895567584989,0.3524282706406925,579.0,2.0,2.0,0.6098169992373086
nocell,amyAny,APBA2,-0.23473213044089128,0.11774171347043326,-1.9936191135848902,0.04619369494895836,579.0,2.0,2.0,0.20530531088425938
nocell,amyAny,APOE,0.39083384067999266,0.11752460451308058,3.3255490822476457,0.0008824456173492744,579.0,2.0,2.0,0.011765941564656992
nocell,amyAny,APP,0.6563370325582043,0.09141931124040589,7.179413448349343,7.00111278746716e-13,579.0,2.0,2.0,5.600890229973728e-11
nocell,amyAny,ARF6,-0.10974688648750283,0.10991124645252717,-0.9985046119452814,0.31803472921619724,579.0,2.0,2.0,0.5782449622112676
nocell,amyAny,BACE1,0.17589130497289593,0.12362748171989558,1.4227524699679248,0.1548079242171042,579.0,2.0,1.0,0.378248105801252
nocell,amyAny,BIN1,-0.1539379591585912,0.09736612444135398,-1.5810217366853483,0.11387306777259457,579.0,2.0,1.0,0.3183511092578214
nocell,amyAny,CLU,0.3838084340087168,0.10781856231685882,3.5597621203738066,0.00037119087484760444,579.0,2.0,1.0,0.005939053997561671
nocell,amyAny,COPA,-0.009444185910298719,0.12009258352422492,-0.07864087550746754,0.9373182742445928,579.0,2.0,1.0,0.9725427081087181
nocell,amyAny,COPB1,-0.008197250660745163,0.1117122294254265,-0.07337827472342442,0.9415051052416804,579.0,2.0,1.0,0.9725427081087181
nocell,amyAny,COPB2,0.14804373003168525,0.11363895340532404,1.3027551345324986,0.19265837235865568,579.0,2.0,1.0,0.43285973737933464
nocell,amyAny,COPE,0.006752740096442375,0.12336215305074931,0.054739155644149634,0.956346274417835,579.0,2.0,1.0,0.9725427081087181
nocell,amyAny,COPG1,0.0424370945587179,0.12788916283695878,0.331827135445553,0.7400197930033927,579.0,2.0,1.0,0.9107935913887911
nocell,amyAny,COPG2,-0.1935587723294874,0.13828926042849515,-1.3996659735523735,0.16161336772414403,579.0,2.0,2.0,0.38026674758622125
nocell,amyAny,COPZ1,0.16083053289504173,0.12404521765378197,1.2965476294614589,0.19478688182070059,579.0,2.0,1.0,0.43285973737933464
nocell,amyAny,ECE1,0.22439554484284147,0.1265649310374446,1.7729677802807273,0.07623404594052763,579.0,2.0,1.0,0.2567562141496674
nocell,amyAny,EIF2S1,-0.0787913932350238,0.12163491109015129,-0.6477695632681191,0.5171340041294786,579.0,2.0,1.0,0.7387628630421122
nocell,amyAny,GGA1,-0.2717860309799394,0.11587297666320445,-2.345551472021908,0.018998955110643482,579.0,2.0,2.0,0.11691664683472912
nocell,amyAny,GGA2,0.07092769099324021,0.10943313191493634,0.6481372665855268,0.5168961724390455,579.0,2.0,1.0,0.7387628630421122
nocell,amyAny,GGA3,-0.1999928176505594,0.11414565095537174,-1.7520844287685728,0.07975929134708383,579.0,2.0,2.0,0.2567562141496674
nocell,amyAny,GORASP1,0.12642372335671306,0.1234092728023542,1.0244264509943808,0.30563389368588745,474.0,2.0,2.0,0.5689258347172398
nocell,amyAny,HSPA5,0.17908371326802558,0.1079623241123926,1.6587611904463366,0.09716392359923377,579.0,2.0,1.0,0.2989659187668731
nocell,amyAny,HSPA9,0.11329360809888019,0.11062967961984985,1.0240796908043506,0.30579763616051636,579.0,2.0,1.0,0.5689258347172398
nocell,amyAny,IDE,0.017028841419459168,0.14127014099539564,0.12054098126803867,0.904054617939046,579.0,2.0,1.0,0.9725427081087181
nocell,amyAny,ITPR1,-0.14986654877018749,0.14466706316843328,-1.0359410462055245,0.3002296468941589,579.0,2.0,1.0,0.5689258347172398
nocell,amyAny,ITPR2,0.3477990437844073,0.1107427180717785,3.1406041845476413,0.001685997276420519,579.0,2.0,2.0,0.01685997276420519
nocell,amyAny,LRP1,0.3554292831052935,0.09962496860900188,3.567672723694868,0.0003601659615968597,579.0,2.0,1.0,0.005939053997561671
nocell,amyAny,MAP2K3,0.18705374290297,0.1318617097839501,1.418559968693336,0.15602734364301646,571.0,2.0,1.0,0.378248105801252
nocell,amyAny,MAPK14,0.4296775747318288,0.11616503249488491,3.698854685473004,0.00021657454533908637,577.0,2.0,2.0,0.005775321209042303
nocell,amyAny,MAPKAPK2,0.21109742224180922,0.11874625800332154,1.77771852175674,0.07545009612768891,575.0,2.0,1.0,0.2567562141496674
nocell,amyAny,MFN2,-0.16731043897407963,0.09564331800038553,-1.7493165489449582,0.08023631692177108,579.0,2.0,2.0,0.2567562141496674
nocell,amyAny,MIA3,0.025741130495402054,0.11492725189644923,0.22397760383755724,0.8227747300954287,579.0,2.0,1.0,0.9433234008563888
nocell,amyAny,NCSTN,-0.08678876590453831,0.141953900157266,-0.6113869770988182,0.540943422065667,579.0,2.0,1.0,0.7461288580216098
nocell,amyAny,OSBP,-0.07892313500330375,0.11959474150076752,-0.6599214481582976,0.5093042395347913,579.0,2.0,2.0,0.7387628630421122
nocell,amyAny,PICALM,-0.05672798919335993,0.10176683359749504,-0.5574310135041509,0.5772329808704628,579.0,2.0,1.0,0.7729965330285467
nocell,amyAny,PLCG2,0.11527366338084685,0.13063012612130334,0.8824431760389142,0.37753719591611723,576.0,2.0,1.0,0.6211664600535993
nocell,amyAny,PLG,0.047013199850491315,0.12788703832028014,0.3676150489367931,0.7131602920136344,579.0,2.0,1.0,0.891450365017043
nocell,amyAny,PREB,0.048897744177740246,0.11581017076596849,0.4222232283600875,0.6728620884002363,579.0,2.0,1.0,0.8617726280237845
nocell,amyAny,PSEN1,-0.08795974447342655,0.14216921523850257,-0.6186975452165618,0.5361156274600671,579.0,2.0,2.0,0.7461288580216098
nocell,amyAny,RAB1A,0.02362604701737013,0.09980242661251584,0.23672818206213112,0.8128676701712263,579.0,2.0,1.0,0.9433234008563888
nocell,amyAny,RAB1B,0.2565099953066761,0.13055012298824367,1.9648391700846992,0.04943285503651566,579.0,2.0,1.0,0.20813833699585543
nocell,amyAny,RTN3,-0.22142840233535768,0.11852599650650654,-1.8681842706397518,0.0617363904765979,579.0,2.0,2.0,0.2469455619063916
nocell,amyAny,RTN4,-0.4560044247829428,0.10666043306686994,-4.2752913303572875,1.908875169457661e-05,579.0,2.0,2.0,0.0007635500677830644
nocell,amyAny,SAR1A,0.03831328394479664,0.13219931777528596,0.28981453603203944,0.7719581267572757,579.0,2.0,1.0,0.9310909425186237
nocell,amyAny,SAR1B,0.0596740849173289,0.10776285905518035,0.5537537277734306,0.57974739977141,579.0,2.0,2.0,0.7729965330285467
nocell,amyAny,SEC13,-0.020215798746451998,0.12354142576356364,-0.16363578954594105,0.8700178684650475,579.0,2.0,2.0,0.9534442394137506
nocell,amyAny,SEC16A,-0.14500204691189233,0.11880723330736777,-1.2204816396721874,0.22228234552608728,579.0,2.0,2.0,0.46796283268649946
nocell,amyAny,SEC23A,-0.06931032386989483,0.10058518670645143,-0.6890708874674618,0.4907786593797655,579.0,2.0,1.0,0.7387628630421122
nocell,amyAny,SEC23B,-0.08523058056825115,0.11123845093152011,-0.7661971184830706,0.44355902266680236,579.0,2.0,2.0,0.6957788590851801
nocell,amyAny,SEC24A,-0.19287466956363872,0.125051253125308,-1.5423649483173756,0.1229849342883972,579.0,2.0,2.0,0.3279598247690592
nocell,amyAny,SEC24B,-0.005952674931820284,0.11984617009459742,-0.049669296291418384,0.9603859242573591,579.0,2.0,1.0,0.9725427081087181
nocell,amyAny,SEC24C,-0.046705909369205524,0.1127313674334731,-0.414311565915923,0.6786459445687303,579.0,2.0,1.0,0.8617726280237845
nocell,amyAny,SEC24D,-0.3003115511036622,0.12063976416191685,-2.489324752828583,0.012798599856165377,579.0,2.0,2.0,0.10238879884932302
nocell,amyAny,SEC31A,-0.19520084961185744,0.1061901481155065,-1.838219958027849,0.0660300000338077,579.0,2.0,2.0,0.2515428572716484
nocell,amyAny,SIGMAR1,-0.04070649323251735,0.14559120538778628,-0.2795944516297839,0.7797886643593473,563.0,2.0,1.0,0.9310909425186237
nocell,amyAny,SNX4,-0.28383910740562557,0.11298177247604442,-2.512255748738657,0.011996211583082518,579.0,2.0,2.0,0.10238879884932302
nocell,amyAny,SNX6,0.1521430607411921,0.10216066450702722,1.4892528496692266,0.136420798668723,579.0,2.0,2.0,0.35205367398380133
nocell,amyAny,SORL1,-0.11583241198724269,0.12608688510251065,-0.918671374053448,0.3582674870519188,579.0,2.0,2.0,0.6098169992373086
nocell,amyAny,SORT1,0.09159279565996946,0.11518470937288429,0.7951818966131922,0.42650770090466605,579.0,2.0,2.0,0.6824123214474657
nocell,amyAny,SREBF2,-0.030785583400400596,0.14533363494014398,-0.21182696911888096,0.8322420276114074,430.0,2.0,1.0,0.9433234008563888
nocell,amyAny,SYK,0.2810327387045396,0.12597129571497753,2.2309267925639493,0.02568597866575891,576.0,2.0,2.0,0.13699188621738087
nocell,amyAny,TMED10,0.2723248078383764,0.13119438943716014,2.075735166775675,0.037918451550288876,579.0,2.0,1.0,0.17843977200135944
nocell,amyAny,TMED2,0.21458915883492405,0.13090994391726024,1.639212059937571,0.10116910305322083,579.0,2.0,1.0,0.2997603053428765
nocell,amyAny,TMED9,0.2042631986767697,0.12974293885564434,1.5743685203865987,0.11540227710596025,579.0,2.0,1.0,0.3183511092578214
nocell,amyAny,VDAC1,-0.10866937348531433,0.11798753724185648,-0.9210241693795054,0.35703780852867384,579.0,2.0,2.0,0.6098169992373086
nocell,amyAny,VLDLR,-0.06349030055969343,0.12664242705040313,-0.5013351531428292,0.616135269208107,579.0,2.0,1.0,0.8080462546991568
nocell,amyAny,VPS26A,0.1263610077676536,0.1135928134155132,1.112403187915026,0.2659648345671807,579.0,2.0,1.0,0.5455688914198578
nocell,amyAny,VPS29,0.071970819721536,0.10247632972442687,0.7023165243629974,0.4824817903670878,579.0,2.0,1.0,0.7387628630421122
nocell,amyAny,VPS35,-0.018811194160169197,0.10978968700465667,-0.17133844419623248,0.8639576532914338,579.0,2.0,2.0,0.9534442394137506
nocell,reag,ABCA7,-0.01826844801150421,0.051813271239631385,-0.3525824093795275,0.7244015270006677,570.0,2.0,2.0,0.7938646871240195
nocell,reag,ADAM10,0.18038590318610154,0.042463044658846136,4.248068046823923,2.1562190808456943e-05,609.0,2.0,1.0,6.899901058706223e-05
nocell,reag,ADAM17,0.2875582449819323,0.04758216604419216,6.043403839893737,1.5089632545909987e-09,609.0,2.0,2.0,1.0974278215207264e-08
nocell,reag,AP1G1,-0.11075954349767383,0.03770469022309361,-2.9375534672828345,0.0033081312253513376,609.0,2.0,2.0,0.007561442800803058
nocell,reag,AP2A1,-0.21386725783886687,0.03850345000477055,-5.55449596886432,2.7841393850879887e-08,609.0,2.0,2.0,1.5909367914788508e-07
nocell,reag,AP2B1,-0.1998454874684085,0.0376017557872271,-5.314791378340205,1.0677959100569487e-07,609.0,2.0,2.0,5.338979550284744e-07
nocell,reag,AP3B2,-0.23845453999122082,0.0377029894940746,-6.3245525935999405,2.539673432752868e-10,609.0,2.0,2.0,2.2574874957803274e-09
nocell,reag,AP4B1,0.07614041212080312,0.04637566626886679,1.6418181828239995,0.10062768966486889,609.0,2.0,2.0,0.15784735633704922
nocell,reag,AP4E1,0.006705944245924613,0.05182895350728117,0.12938606304259126,0.8970521750636616,609.0,2.0,1.0,0.9200535128858067
nocell,reag,AP4M1,-0.09731014219210393,0.06298482376222642,-1.5449776053904476,0.12235168032143098,557.0,2.0,1.0,0.1812617486243422
nocell,reag,AP4S1,-0.1981711855537248,0.055662253810860346,-3.5602436478247546,0.0003705108583815594,609.0,2.0,2.0,0.0010220989196732674
nocell,reag,APBA1,-0.03742458321913985,0.045673301376679507,-0.8193973742009506,0.412559732572211,609.0,2.0,1.0,0.5156996657152637
nocell,reag,APBA2,-0.1592706001932361,0.04571890554583879,-3.483692321408435,0.0004945476618922001,609.0,2.0,1.0,0.001318793765045867
nocell,reag,APOE,0.23446656090775364,0.045194019166398196,5.187999767059439,2.1256486944245451e-07,609.0,2.0,1.0,1.0003052679644918e-06
nocell,reag,APP,0.560287478857059,0.036604851681414835,15.306372055088271,6.932447501899563e-53,609.0,2.0,2.0,5.545958001519651e-51
nocell,reag,ARF6,-0.0993074948940777,0.04399694019180462,-2.257145484689316,0.023998985532396464,609.0,2.0,2.0,0.04363451914981175
nocell,reag,BACE1,0.354366963694598,0.04957608162644391,7.1479421541370565,8.808841466500846e-13,609.0,2.0,2.0,1.1745121955334462e-11
nocell,reag,BIN1,-0.002267959987776958,0.0376129757106221,-0.06029727627044605,0.9519188712221656,609.0,2.0,1.0,0.9519188712221656
nocell,reag,CLU,0.333091026472717,0.043165131028120356,7.716668953367048,1.1940926015373427e-14,609.0,2.0,2.0,2.3881852030746855e-13
nocell,reag,COPA,0.13678683594836963,0.04674853340549073,2.926013416547174,0.003433361301383077,609.0,2.0,2.0,0.007629691780851282
nocell,reag,COPB1,0.06431083868479931,0.043480802760182895,1.4790628185846493,0.1391235263364599,609.0,2.0,2.0,0.2023614928530326
nocell,reag,COPB2,0.11170537934373376,0.044397180999099076,2.516046668503582,0.011867946685950783,609.0,2.0,2.0,0.023156969143318603
nocell,reag,COPE,0.07755644991871591,0.04835294320788209,1.6039654418817946,0.10872167027428352,609.0,2.0,2.0,0.16410818154608833
nocell,reag,COPG1,0.11766326257007845,0.049775444390999915,2.3638817093384623,0.018084585893841834,609.0,2.0,2.0,0.033645741197845275
nocell,reag,COPG2,0.030135956173132035,0.05476047798173203,0.550323103154529,0.5820977807876309,609.0,2.0,2.0,0.6950421263135892
nocell,reag,COPZ1,0.05733784470896653,0.04824665608140683,1.18843147620884,0.23466346166356977,609.0,2.0,2.0,0.3128846155514264
nocell,reag,ECE1,0.2443871684873075,0.04987533652667574,4.899960291127007,9.585602687909247e-07,609.0,2.0,2.0,4.260267861292999e-06
nocell,reag,EIF2S1,0.03241590497031732,0.0480840874695959,0.674150361922003,0.5002157239711179,609.0,2.0,2.0,0.6072898483483427
nocell,reag,GGA1,-0.3405511847119857,0.04476317094084031,-7.607843178984423,2.7870771876477646e-14,609.0,2.0,2.0,4.459323500236424e-13
nocell,reag,GGA2,-0.045067249958219736,0.043159961787961595,-1.0441911459428153,0.2963969625658902,609.0,2.0,1.0,0.38244769363340675
nocell,reag,GGA3,-0.20088253515647087,0.04447940101242699,-4.51630486436512,6.292805085878588e-06,609.0,2.0,2.0,2.3972590803347004e-05
nocell,reag,GORASP1,-0.008885568550146198,0.05342001459689776,-0.16633407192408753,0.8678940539893647,493.0,2.0,1.0,0.9017081080408984
nocell,reag,HSPA5,-0.08447161021763899,0.04322760664213254,-1.9541125863606628,0.050687903919305076,609.0,2.0,1.0,0.08815287638140014
nocell,reag,HSPA9,-0.13209153789709518,0.04386244730702645,-3.011494934892405,0.00259964739792528,609.0,2.0,1.0,0.0061913371967234326
nocell,reag,IDE,-0.18640257707631316,0.05722903259479567,-3.2571331127701844,0.0011254364228754344,609.0,2.0,2.0,0.002813591057188586
nocell,reag,ITPR1,-0.16509746759872895,0.05702403949987484,-2.895225751221839,0.0037888594144580385,609.0,2.0,2.0,0.007976546135701134
nocell,reag,ITPR2,0.3975478828890688,0.04432127663839646,8.969684834047957,2.9736406827038417e-19,609.0,2.0,2.0,7.929708487210244e-18
nocell,reag,LRP1,0.23775812732276025,0.03863871469415549,6.153365328136126,7.58557929759983e-10,609.0,2.0,2.0,6.068463438079864e-09
nocell,reag,MAP2K3,0.1407847446979687,0.05566106764290392,2.529321672397295,0.0114283232820729,598.0,2.0,2.0,0.0228566465641458
nocell,reag,MAPK14,0.2848409506763777,0.04822346782944671,5.906687417914089,3.4905514977415287e-09,605.0,2.0,2.0,2.3270343318276858e-08
nocell,reag,MAPKAPK2,0.21859631856998357,0.046274689012556006,4.723885200193791,2.313810636365422e-06,604.0,2.0,2.0,9.255242545461688e-06
nocell,reag,MFN2,-0.2561037214282279,0.038040889421842417,-6.7323273803681785,1.6697042444304013e-11,609.0,2.0,2.0,1.908233422206173e-10
nocell,reag,MIA3,-0.08068245034106578,0.04604638423712351,-1.7521994761972641,0.0797395136992168,609.0,2.0,1.0,0.12758322191874685
nocell,reag,NCSTN,0.08180669776959565,0.056971140269734946,1.4359322524048939,0.1510216199136731,609.0,2.0,2.0,0.2157451713052473
nocell,reag,OSBP,-0.1965171587335316,0.046788501461077985,-4.200116537115612,2.6677763283191344e-05,609.0,2.0,2.0,8.20854254867426e-05
nocell,reag,PICALM,-0.264831398781917,0.040408797948129675,-6.553805414401712,5.6089044605338257e-11,609.0,2.0,2.0,5.608904460533826e-10
nocell,reag,PLCG2,0.061522212937116585,0.052230164273875834,1.1779057905029104,0.23883416636003119,602.0,2.0,1.0,0.313225136209877
nocell,reag,PLG,-0.005343092924113448,0.051200985451119535,-0.10435527513849088,0.9168874140980987,609.0,2.0,1.0,0.9284935838968089
nocell,reag,PREB,-0.019712812997692047,0.04553185060678611,-0.4329455696394214,0.66505431319486,609.0,2.0,1.0,0.7389492368831777
nocell,reag,PSEN1,0.013868498321154022,0.0561931807996736,0.24680037904589622,0.805062717127105,609.0,2.0,1.0,0.8703380725698432
nocell,reag,RAB1A,-0.11382510960514072,0.039019392531834354,-2.917142021426279,0.0035325488533703457,609.0,2.0,2.0,0.007637943466746694
nocell,reag,RAB1B,0.09228787926704089,0.05116202318147933,1.8038356094652865,0.07125708166337583,609.0,2.0,1.0,0.11633809251163402
nocell,reag,RTN3,-0.26653292453958133,0.046629465721705746,-5.715976377046752,1.0907589134682989e-08,609.0,2.0,2.0,6.7123625444203e-08
nocell,reag,RTN4,-0.3994623068472708,0.043030490691983406,-9.283238476332103,1.6440401567882e-20,609.0,2.0,2.0,6.5761606271528e-19
nocell,reag,SAR1A,-0.08575747963856495,0.05326374508505579,-1.610053508284492,0.10738617543086129,609.0,2.0,1.0,0.16410818154608833
nocell,reag,SAR1B,0.05278534931840194,0.04246514495679618,1.2430276494312096,0.21385764483916792,609.0,2.0,2.0,0.2994704702267197
nocell,reag,SEC13,-0.024857263606243428,0.04783306878662643,-0.5196669215836144,0.6032957458636821,609.0,2.0,1.0,0.7097597010160965
nocell,reag,SEC16A,-0.057868844576096735,0.047268970809120334,-1.2242459183166985,0.22085947179220577,609.0,2.0,2.0,0.2994704702267197
nocell,reag,SEC23A,-0.07456733981153792,0.038992242926887584,-1.9123634398604725,0.05582959393688655,609.0,2.0,1.0,0.09502909606278563
nocell,reag,SEC23B,-0.01944668049652877,0.044558647417653266,-0.4364288779740737,0.6625255906326237,609.0,2.0,2.0,0.7389492368831777
nocell,reag,SEC24A,-0.21384662845569088,0.0491860205206668,-4.347711528437996,1.3756537347279725e-05,609.0,2.0,1.0,4.7848825555755566e-05
nocell,reag,SEC24B,-0.0572010565705044,0.04657849912143894,-1.2280571003666403,0.2194255336847628,609.0,2.0,1.0,0.2994704702267197
nocell,reag,SEC24C,-0.1671515142978713,0.04377168827164579,-3.818712983162404,0.00013414973412261198,609.0,2.0,2.0,0.00039748069369662805
nocell,reag,SEC24D,-0.02265154309109603,0.04860626330678932,-0.4660210752701918,0.6412004151740771,609.0,2.0,2.0,0.7328004744846595
nocell,reag,SEC31A,-0.13734783446288584,0.041329859288798315,-3.3232107930285504,0.0008898764267555307,609.0,2.0,2.0,0.0022964552948529825
nocell,reag,SIGMAR1,-0.011955952560386163,0.058846082986999074,-0.20317329469537682,0.838999585249775,589.0,2.0,1.0,0.8831574581576579
nocell,reag,SNX4,-0.23765672206373764,0.04417985543667072,-5.379300582013105,7.477577166792099e-08,609.0,2.0,2.0,3.9880411556224527e-07
nocell,reag,SNX6,0.17410769123894773,0.0405472547928221,4.2939452283159065,1.7552579388989972e-05,609.0,2.0,2.0,5.850859796329991e-05
nocell,reag,SORL1,-0.11066754057955035,0.04941217749390678,-2.2396815156182344,0.025111606423812088,609.0,2.0,1.0,0.044642855864554826
nocell,reag,SORT1,0.16321543272904154,0.04485307799202236,3.6388903512501707,0.0002738153453700079,609.0,2.0,1.0,0.0007823295582000226
nocell,reag,SREBF2,-0.11956116526891515,0.06313018108652615,-1.8938828181887322,0.058240565587740566,449.0,2.0,2.0,0.09706760931290094
nocell,reag,SYK,0.15171203229510155,0.05043925527999925,3.007816658927955,0.0026313183086074587,603.0,2.0,2.0,0.0061913371967234326
nocell,reag,TMED10,-0.049356514917375915,0.05180098399195385,-0.9528103737381199,0.340686157276056,609.0,2.0,1.0,0.4326173425727695
nocell,reag,TMED2,-0.010759391588228024,0.05204960645843293,-0.20671417749950763,0.8362330844978345,609.0,2.0,1.0,0.8831574581576579
nocell,reag,TMED9,-0.1361669158709326,0.05130416651499198,-2.6541102822739013,0.00795178337414805,609.0,2.0,1.0,0.016311350511072922
nocell,reag,VDAC1,-0.2267858154823745,0.04655921211482851,-4.870911795565934,1.110844248558625e-06,609.0,2.0,2.0,4.677238941299474e-06
nocell,reag,VLDLR,-0.11813479954230974,0.04982986943404394,-2.3707627750997005,0.017751420429095145,609.0,2.0,2.0,0.033645741197845275
nocell,reag,VPS26A,0.19814647280194123,0.04400126165156455,4.503199803019642,6.693789694129619e-06,609.0,2.0,2.0,2.4341053433198614e-05
nocell,reag,VPS29,0.019756248418739755,0.039908073583030564,0.4950439007695017,0.6205691319791604,609.0,2.0,2.0,0.719500442874389
nocell,reag,VPS35,0.028720854227868547,0.04268252304117304,0.6728949504733687,0.5010141248873827,609.0,2.0,2.0,0.6072898483483427
nocell,PlaqueTotal,ABCA7,0.0189919872492394,0.13024104589768704,0.14582182689287418,0.884062044714904,113.0,1.0,1.0,0.9966563974839948
nocell,PlaqueTotal,ADAM10,0.04009143763537126,0.08074211717866694,0.49653686373688394,0.6195156854054609,189.0,1.0,1.0,0.9896810806948595
nocell,PlaqueTotal,ADAM17,-0.004444256810268762,0.0900297927735429,-0.04936429012391105,0.9606289858028317,189.0,1.0,1.0,0.9966563974839948
nocell,PlaqueTotal,AP1G1,0.058194300511654015,0.09195795920724208,0.6328359286497842,0.5268407916721949,189.0,1.0,1.0,0.8967546289532243
nocell,PlaqueTotal,AP2A1,-0.015802505307693553,0.07908233093901018,-0.19982346397807557,0.841618649801666,189.0,1.0,1.0,0.9966563974839948
nocell,PlaqueTotal,AP2B1,0.016651151394384684,0.08190691480643243,0.20329359778396894,0.838905559279214,189.0,1.0,1.0,0.9966563974839948
nocell,PlaqueTotal,AP3B2,0.000680425969328098,0.07987791200649312,0.008518324430823723,0.9932034426479658,189.0,1.0,1.0,0.9966563974839948
nocell,PlaqueTotal,AP4B1,0.07228656390183899,0.1120693430008744,0.6450163975822986,0.5189165594871101,122.0,1.0,1.0,0.8967546289532243
nocell,PlaqueTotal,AP4E1,0.019432042548217853,0.12055960570832082,0.16118203467943729,0.8719500303538061,122.0,1.0,1.0,0.9966563974839948
nocell,PlaqueTotal,AP4M1,-0.41186276086026236,0.13285853321336402,-3.100009844296804,0.0019351421083453394,80.0,1.0,1.0,0.07740568433381358
nocell,PlaqueTotal,AP4S1,-0.0016355488134547345,0.09480758070594893,-0.01725124511432774,0.9862361805700022,172.0,1.0,1.0,0.9966563974839948
nocell,PlaqueTotal,APBA1,0.08677953675008046,0.09200181135429239,0.9432372631871201,0.34555955736957344,189.0,1.0,1.0,0.8967546289532243
nocell,PlaqueTotal,APBA2,-0.19023731519714365,0.09045313620176464,-2.103158864196821,0.0354518848002233,189.0,1.0,1.0,0.5672301568035728
nocell,PlaqueTotal,APOE,-0.057072435835741585,0.08700313147380967,-0.6559813982433719,0.5118360930137122,189.0,1.0,1.0,0.8967546289532243
nocell,PlaqueTotal,APP,0.287611125953755,0.06283124344515591,4.577517651784256,4.705260969953177e-06,189.0,1.0,1.0,0.00037642087759625416
nocell,PlaqueTotal,ARF6,-0.14772980689105136,0.0903480661354431,-1.6351186385061725,0.10202417966152705,189.0,1.0,1.0,0.710725434868988
nocell,PlaqueTotal,BACE1,-0.06522706148267751,0.09063206366862486,-0.7196907897978043,0.4717153982504779,181.0,1.0,1.0,0.8967546289532243
nocell,PlaqueTotal,BIN1,0.06684324057270519,0.09175055037542812,0.7285323117866178,0.46628779654481334,189.0,1.0,1.0,0.8967546289532243
nocell,PlaqueTotal,CLU,-0.12025737473863349,0.08135264182335511,-1.4782233501372222,0.13934800594838484,189.0,1.0,1.0,0.7431893650580524
nocell,PlaqueTotal,COPA,-0.11273641363794912,0.09112386727472131,-1.237177668261928,0.21602113028683456,189.0,1.0,1.0,0.7874591364005931
nocell,PlaqueTotal,COPB1,-0.11288326190821749,0.09001286662308618,-1.2540791793788466,0.20981322726973073,189.0,1.0,1.0,0.7874591364005931
nocell,PlaqueTotal,COPB2,0.07397660953255342,0.08140919691110989,0.9087008880990184,0.3635080352696136,189.0,1.0,1.0,0.8967546289532243
nocell,PlaqueTotal,COPE,-0.06373250983202504,0.08696639094273693,-0.7328406886976573,0.46365560140371087,189.0,1.0,1.0,0.8967546289532243
nocell,PlaqueTotal,COPG1,0.025695728792432763,0.09175338743615591,0.2800520995512284,0.7794375337486321,189.0,1.0,1.0,0.9966563974839948
nocell,PlaqueTotal,COPG2,-0.04270215458520633,0.08888320333083077,-0.48042996859896364,0.630921688942973,189.0,1.0,1.0,0.9896810806948595
nocell,PlaqueTotal,COPZ1,-0.0025216517730265774,0.09224338242030006,-0.027336939592445344,0.9781909943351152,189.0,1.0,1.0,0.9966563974839948
nocell,PlaqueTotal,ECE1,0.10807114013372708,0.08956847200875256,1.2065756812638988,0.22759559691120956,189.0,1.0,1.0,0.7916368588215985
nocell,PlaqueTotal,EIF2S1,-0.03568577657746363,0.0844660059258243,-0.4224868476532664,0.6726696987493949,189.0,1.0,1.0,0.9966563974839948
nocell,PlaqueTotal,GGA1,-0.14255077068296115,0.08834195096424334,-1.6136248874632504,0.1066088152303482,189.0,1.0,1.0,0.710725434868988
nocell,PlaqueTotal,GGA2,-0.13548098767418792,0.0912907894114864,-1.4840597671197422,0.13779306547902923,189.0,1.0,1.0,0.7431893650580524
nocell,PlaqueTotal,GGA3,-0.17685297063993058,0.08240963457573103,-2.1460229929476276,0.0318711443029088,189.0,1.0,1.0,0.5672301568035728
nocell,PlaqueTotal,GORASP1,-0.2057806979685906,0.18743539168407922,-1.097875359182071,0.27225891904031896,52.0,1.0,1.0,0.8472048387117692
nocell,PlaqueTotal,HSPA5,0.010176751768689114,0.09247824781806814,0.11004481603835933,0.9123738326608556,189.0,1.0,1.0,0.9966563974839948
nocell,PlaqueTotal,HSPA9,-0.05999554464107336,0.09312862196507907,-0.6442224031143745,0.5194312254323723,189.0,1.0,1.0,0.8967546289532243
nocell,PlaqueTotal,IDE,-0.20382900123618403,0.08977506531834326,-2.2704411354467346,0.023180831025219218,189.0,1.0,1.0,0.5672301568035728
nocell,PlaqueTotal,ITPR1,-0.025447188890578176,0.09172028728493127,-0.2774434058577016,0.7814396561658661,189.0,1.0,1.0,0.9966563974839948
nocell,PlaqueTotal,ITPR2,0.012439685530329706,0.07272711403412221,0.17104604926978453,0.8641875570148723,189.0,1.0,1.0,0.9966563974839948
nocell,PlaqueTotal,LRP1,0.1600622446089499,0.08383211834727679,1.909318859698711,0.056220970829033066,189.0,1.0,1.0,0.6425253809032351
nocell,PlaqueTotal,MAP2K3,-0.10212498794421115,0.09362016624275514,-1.090843907277447,0.27534157258132497,171.0,1.0,1.0,0.8472048387117692
nocell,PlaqueTotal,MAPK14,0.0589014365245519,0.09307594223930536,0.6328320198264746,0.5268433445100194,180.0,1.0,1.0,0.8967546289532243
nocell,PlaqueTotal,MAPKAPK2,-0.00044139206636642503,0.1053291719197432,-0.004190596568087983,0.9966563974839948,147.0,1.0,1.0,0.9966563974839948
nocell,PlaqueTotal,MFN2,-0.13844910439709324,0.07725218258353009,-1.7921707810312422,0.07310561356754239,189.0,1.0,1.0,0.6747385150226864
nocell,PlaqueTotal,MIA3,-0.06390776996712601,0.0932690633659905,-0.6851979387457776,0.4932190244013278,189.0,1.0,1.0,0.8967546289532243
nocell,PlaqueTotal,NCSTN,0.023996266640257776,0.09235806898285137,0.2598177604245201,0.7950043504730441,189.0,1.0,1.0,0.9966563974839948
nocell,PlaqueTotal,OSBP,0.1023405721975878,0.09076003025837695,1.1275951749491842,0.25949092536419016,189.0,1.0,1.0,0.8472048387117692
nocell,PlaqueTotal,PICALM,0.022818800736622832,0.09150531344736469,0.2493713192922788,0.8030735683813955,189.0,1.0,1.0,0.9966563974839948
nocell,PlaqueTotal,PLCG2,0.0010764776594988854,0.09320006432530689,0.011550181507831709,0.9907844934025956,180.0,1.0,1.0,0.9966563974839948
nocell,PlaqueTotal,PLG,-0.15968815438236295,0.08996828705053533,-1.77493825455036,0.07590808294005222,189.0,1.0,1.0,0.6747385150226864
nocell,PlaqueTotal,PREB,-0.17586927012779915,0.09038512507941265,-1.945776696920869,0.05168156900000921,189.0,1.0,1.0,0.6425253809032351
nocell,PlaqueTotal,PSEN1,0.11349768032518973,0.09170172986709231,1.237683089399593,0.21583359187275908,189.0,1.0,1.0,0.7874591364005931
nocell,PlaqueTotal,RAB1A,0.007131457176723862,0.09296652454331636,0.07670994706703343,0.9388542912450117,189.0,1.0,1.0,0.9966563974839948
nocell,PlaqueTotal,RAB1B,-0.1446439521319497,0.09309442553196477,-1.5537337633850583,0.12024793587505908,189.0,1.0,1.0,0.7399872976926714
nocell,PlaqueTotal,RTN3,0.07828414923712355,0.08659690619349467,0.9040063055163098,0.36599205787426525,189.0,1.0,1.0,0.8967546289532243
nocell,PlaqueTotal,RTN4,0.0023589841252385554,0.08402293452264666,0.0280754788991896,0.9776019513662071,189.0,1.0,1.0,0.9966563974839948
nocell,PlaqueTotal,SAR1A,0.02622609273757719,0.09093294644147508,0.2884113378472393,0.7730318899448575,189.0,1.0,1.0,0.9966563974839948
nocell,PlaqueTotal,SAR1B,-0.1253082657681721,0.09084679027030895,-1.3793361922344773,0.16779112259360984,189.0,1.0,1.0,0.7874591364005931
nocell,PlaqueTotal,SEC13,0.034391178183798866,0.09341404512648685,0.36815853694411427,0.7127550250857617,189.0,1.0,1.0,0.9966563974839948
nocell,PlaqueTotal,SEC16A,-0.06658402827546495,0.09273580242527675,-0.717997003682758,0.4727591343127705,189.0,1.0,1.0,0.8967546289532243
nocell,PlaqueTotal,SEC23A,-0.06912577345591,0.09097952791161967,-0.7597948136536927,0.44737724351178954,189.0,1.0,1.0,0.8967546289532243
nocell,PlaqueTotal,SEC23B,0.0707204876088783,0.09257975129078527,0.7638872066824974,0.4449344619270871,189.0,1.0,1.0,0.8967546289532243
nocell,PlaqueTotal,SEC24A,-0.07132820791820732,0.09339451992167867,-0.7637301201186502,0.4450280875247381,189.0,1.0,1.0,0.8967546289532243
nocell,PlaqueTotal,SEC24B,-0.07688470250026677,0.09071143728772717,-0.8475745153987204,0.396674972069867,189.0,1.0,1.0,0.8967546289532243
nocell,PlaqueTotal,SEC24C,0.021771679486537344,0.08478714824612221,0.2567804194019827,0.7973482864264771,189.0,1.0,1.0,0.9966563974839948
nocell,PlaqueTotal,SEC24D,-0.046519295214325636,0.09423840289480906,-0.49363416383712994,0.6215645685827915,189.0,1.0,1.0,0.9896810806948595
nocell,PlaqueTotal,SEC31A,-0.046286307379135846,0.09152530856331423,-0.5057214021531158,0.613052241586939,189.0,1.0,1.0,0.9896810806948595
nocell,PlaqueTotal,SIGMAR1,-0.031803050144297254,0.10190081156587283,-0.31209810457435333,0.7549659669746451,154.0,1.0,1.0,0.9966563974839948
nocell,PlaqueTotal,SNX4,0.05706507513735549,0.08977059003756878,0.6356767301348235,0.5249871463845868,189.0,1.0,1.0,0.8967546289532243
nocell,PlaqueTotal,SNX6,0.07375284643625676,0.0848425711547423,0.8692905628913667,0.38468822332350394,189.0,1.0,1.0,0.8967546289532243
nocell,PlaqueTotal,SORL1,0.0725533380823636,0.09229182846855827,0.7861295987551149,0.43179156541176356,189.0,1.0,1.0,0.8967546289532243
nocell,PlaqueTotal,SORT1,0.01242643700164785,0.09191436786326511,0.13519580551469204,0.8924570633620931,189.0,1.0,1.0,0.9966563974839948
nocell,PlaqueTotal,SREBF2,0.023267541660844333,0.14958227879468508,0.15555012163426854,0.8763876434052451,68.0,1.0,1.0,0.9966563974839948
nocell,PlaqueTotal,SYK,0.019344782890069644,0.09835987910383806,0.19667351227269655,0.8440830393762735,162.0,1.0,1.0,0.9966563974839948
nocell,PlaqueTotal,TMED10,-0.11426696721993386,0.09219624602151136,-1.2393885017105026,0.21520165756919163,189.0,1.0,1.0,0.7874591364005931
nocell,PlaqueTotal,TMED2,-0.14471496165190748,0.08893452621823708,-1.6272078775884,0.10369295522918207,189.0,1.0,1.0,0.710725434868988
nocell,PlaqueTotal,TMED9,-0.12299939822120587,0.09277832160435896,-1.3257342458265278,0.18492773978476895,189.0,1.0,1.0,0.7874591364005931
nocell,PlaqueTotal,VDAC1,-0.09964813340579717,0.08063773470698249,-1.235750654056612,0.2165512625101631,189.0,1.0,1.0,0.7874591364005931
nocell,PlaqueTotal,VLDLR,0.02160195031644526,0.09122220944589313,0.23680582226259367,0.8128074345024943,189.0,1.0,1.0,0.9966563974839948
nocell,PlaqueTotal,VPS26A,-0.06688565323125119,0.09121022799347014,-0.7333130801519279,0.4633674990597614,189.0,1.0,1.0,0.8967546289532243
nocell,PlaqueTotal,VPS29,-0.003966656075814257,0.09212812761880729,-0.04305586337569822,0.9656570025718052,189.0,1.0,1.0,0.9966563974839948
nocell,PlaqueTotal,VPS35,-0.017634769419454577,0.0928610264768088,-0.18990495893192286,0.8493836065186916,189.0,1.0,1.0,0.9966563974839948
nocell,TangleTotal,ABCA7,-0.0048096901697556515,0.1631514020777526,-0.029479919317294687,0.9764818340440156,113.0,1.0,1.0,0.9867915570995229
nocell,TangleTotal,ADAM10,0.07035895194010307,0.11412053825006095,0.616531897053732,0.5375435266321158,189.0,1.0,1.0,0.9688568205392191
nocell,TangleTotal,ADAM17,0.24636133508841576,0.12645224792814994,1.9482558762292472,0.05138435393173529,189.0,1.0,1.0,0.3425623595449019
nocell,TangleTotal,AP1G1,0.0973536699140985,0.1294202455530343,0.7522290619840043,0.4519133194351267,189.0,1.0,1.0,0.9414523906010437
nocell,TangleTotal,AP2A1,-0.04493850274276504,0.11181141101431406,-0.4019133855399788,0.6877477712799913,189.0,1.0,1.0,0.9867915570995229
nocell,TangleTotal,AP2B1,-0.08638523187943188,0.11558565864835932,-0.7473698111825232,0.45484036299307906,189.0,1.0,1.0,0.9414523906010437
nocell,TangleTotal,AP3B2,0.007166567632615314,0.11288991454407596,0.06348279792361122,0.9493820568802283,189.0,1.0,1.0,0.9867915570995229
nocell,TangleTotal,AP4B1,0.2260048947692959,0.18569618468906116,1.217068057417171,0.223578322812512,122.0,1.0,1.0,0.9262132920554988
nocell,TangleTotal,AP4E1,-0.017622984579340143,0.17626809074779784,-0.09997830296213332,0.9203615508535354,122.0,1.0,1.0,0.9867915570995229
nocell,TangleTotal,AP4M1,0.0033014277287769893,0.199420773052081,0.016555084398929613,0.986791557099523,80.0,1.0,1.0,0.9867915570995229
nocell,TangleTotal,AP4S1,-0.056219566935761855,0.1481623484284881,-0.3794457062274275,0.7043569150345189,172.0,1.0,1.0,0.9867915570995229
nocell,TangleTotal,APBA1,0.029958420732130717,0.1296641477763286,0.23104629341187793,0.8172788378849596,189.0,1.0,1.0,0.9867915570995229
nocell,TangleTotal,APBA2,-0.029871070146659483,0.12832133796069412,-0.2327833439190701,0.8159296472932731,189.0,1.0,1.0,0.9867915570995229
nocell,TangleTotal,APOE,-0.03162084477912697,0.12354728885765574,-0.25594122761818544,0.797996219526645,189.0,1.0,1.0,0.9867915570995229
nocell,TangleTotal,APP,-0.08581357255851324,0.08845608184929529,-0.9701263131314797,0.3319835345337324,189.0,1.0,1.0,0.9262132920554988
nocell,TangleTotal,ARF6,0.0715431966125599,0.1287979928640531,0.5554682570874694,0.5785744163024922,189.0,1.0,1.0,0.9688568205392191
nocell,TangleTotal,BACE1,-0.05863576840773601,0.12940250951431237,-0.45312698051849365,0.6504573082824234,181.0,1.0,1.0,0.9867915570995229
nocell,TangleTotal,BIN1,-0.05638796532626904,0.12986581216715773,-0.43420176862012655,0.6641419288890258,189.0,1.0,1.0,0.9867915570995229
nocell,TangleTotal,CLU,0.03777044192241144,0.11556585734286373,0.3268304565971689,0.7437961223041454,189.0,1.0,1.0,0.9867915570995229
nocell,TangleTotal,COPA,0.2542931181483809,0.12795206409247747,1.9874092688695535,0.04687706136983351,189.0,1.0,1.0,0.3425623595449019
nocell,TangleTotal,COPB1,0.22901371688678956,0.1268297354441664,1.805678424580544,0.07096858467215439,189.0,1.0,1.0,0.4367297518286424
nocell,TangleTotal,COPB2,0.04082642110294001,0.115004212147563,0.3549993547241143,0.7225900746470064,189.0,1.0,1.0,0.9867915570995229
nocell,TangleTotal,COPE,0.0558089664153117,0.12303475693716383,0.45360325654818334,0.6501144091755089,189.0,1.0,1.0,0.9867915570995229
nocell,TangleTotal,COPG1,-0.12818419509520337,0.12953219798646187,-0.9895932987148154,0.3223729467805313,189.0,1.0,1.0,0.9262132920554988
nocell,TangleTotal,COPG2,0.08176626533700325,0.12559631287899423,0.6510244087800647,0.5150307305420712,189.0,1.0,1.0,0.9688568205392191
nocell,TangleTotal,COPZ1,0.10647532332325062,0.13022629684216672,0.8176176847929408,0.4135755261683123,189.0,1.0,1.0,0.9414523906010437
nocell,TangleTotal,ECE1,-0.094528363290213,0.12676967646611084,-0.7456701470361734,0.4558666969881531,189.0,1.0,1.0,0.9414523906010437
nocell,TangleTotal,EIF2S1,0.32089539201260336,0.11939725378700924,2.687627912992398,0.007196153460962445,189.0,1.0,1.0,0.2784738401500851
nocell,TangleTotal,GGA1,-0.09051341605126396,0.12482568754070665,-0.7251185059304947,0.4683793322568197,189.0,1.0,1.0,0.9414523906010437
nocell,TangleTotal,GGA2,-0.20204485905589847,0.1282161700766913,-1.575814181121205,0.11506863324267003,189.0,1.0,1.0,0.5753431662133501
nocell,TangleTotal,GGA3,-0.01899099476024338,0.1170248718779096,-0.16228169666407682,0.8710840275683897,189.0,1.0,1.0,0.9867915570995229
nocell,TangleTotal,GORASP1,-0.18537124835015925,0.23823571565706403,-0.7781001594949675,0.4365099687052685,52.0,1.0,1.0,0.9414523906010437
nocell,TangleTotal,HSPA5,0.14632294047489278,0.13041219202897608,1.1220035350865163,0.26186093684392586,189.0,1.0,1.0,0.9262132920554988
nocell,TangleTotal,HSPA9,0.002617913964846261,0.13169408374192468,0.019878751500913863,0.9841400956421492,189.0,1.0,1.0,0.9867915570995229
nocell,TangleTotal,IDE,0.34529311493672105,0.12811828463369693,2.695111911027757,0.007036499354373993,189.0,1.0,1.0,0.2784738401500851
nocell,TangleTotal,ITPR1,-0.02795360835408254,0.12981312682347174,-0.21533730091946449,0.8295043497746448,189.0,1.0,1.0,0.9867915570995229
nocell,TangleTotal,ITPR2,0.10920787423521595,0.10305873832043727,1.0596663224777638,0.2892964291810748,189.0,1.0,1.0,0.9262132920554988
nocell,TangleTotal,LRP1,0.13586563971230206,0.11882680245900627,1.143392205299591,0.25287578732133786,189.0,1.0,1.0,0.9262132920554988
nocell,TangleTotal,MAP2K3,0.020564636954459436,0.13869180686708346,0.148275788015133,0.8821251224933477,171.0,1.0,1.0,0.9867915570995229
nocell,TangleTotal,MAPK14,0.006445322230336278,0.13558716214378863,0.0475363753354546,0.9620857397671871,180.0,1.0,1.0,0.9867915570995229
nocell,TangleTotal,MAPKAPK2,-0.31182301490999853,0.14078531635085337,-2.2148830786649607,0.02676809084866003,147.0,1.0,1.0,0.3425623595449019
nocell,TangleTotal,MFN2,-0.004635916411888791,0.10947317045370952,-0.0423475121134733,0.9662216700440378,189.0,1.0,1.0,0.9867915570995229
nocell,TangleTotal,MIA3,0.2695981463932322,0.1316396121798103,2.0480016761594557,0.040559835159326804,189.0,1.0,1.0,0.3425623595449019
nocell,TangleTotal,NCSTN,-0.15897527957768334,0.13018338641527405,-1.2211641128351476,0.22202388897112946,189.0,1.0,1.0,0.9262132920554988
nocell,TangleTotal,OSBP,-0.1107290279072997,0.1278329869066482,-0.8662007404095242,0.386380087410515,189.0,1.0,1.0,0.9414523906010437
nocell,TangleTotal,PICALM,0.03174619160189728,0.12930683284581446,0.24551054962231933,0.8060611406767808,189.0,1.0,1.0,0.9867915570995229
nocell,TangleTotal,PLCG2,0.09770992218714629,0.135464016208462,0.7212979868896185,0.47072619530052184,180.0,1.0,1.0,0.9414523906010437
nocell,TangleTotal,PLG,0.29098868003251893,0.1252299918344157,2.3236341052970464,0.020145112902352345,189.0,1.0,1.0,0.3425623595449019
nocell,TangleTotal,PREB,0.25346879428919517,0.12913958142652376,1.9627506260225158,0.049675157415703,189.0,1.0,1.0,0.3425623595449019
nocell,TangleTotal,PSEN1,-0.09850092665274174,0.13015386630290754,-0.7568036928192374,0.44916748010909036,189.0,1.0,1.0,0.9414523906010437
nocell,TangleTotal,RAB1A,0.1263641170550889,0.13127484774976972,0.962591990934612,0.3357523183701183,189.0,1.0,1.0,0.9262132920554988
nocell,TangleTotal,RAB1B,-0.0662505197519736,0.1318901986518439,-0.5023157173859286,0.6154454549309041,189.0,1.0,1.0,0.9847127278894464
nocell,TangleTotal,RTN3,0.033914227147354745,0.12249059515005292,0.2768720905128208,0.7818783236782161,189.0,1.0,1.0,0.9867915570995229
nocell,TangleTotal,RTN4,0.06348715664467443,0.11891660731976379,0.5338796495762702,0.5934248025802716,189.0,1.0,1.0,0.9688568205392191
nocell,TangleTotal,SAR1A,0.07962263866122196,0.12852304223516997,0.6195203387383982,0.5355736274752787,189.0,1.0,1.0,0.9688568205392191
nocell,TangleTotal,SAR1B,0.2152423123920992,0.12830525707548304,1.6775798381002454,0.0934291515127658,189.0,1.0,1.0,0.5338808657872331
nocell,TangleTotal,SEC13,0.2826000887001163,0.13097843205785756,2.1576078157301684,0.030958336524263035,189.0,1.0,1.0,0.3425623595449019
nocell,TangleTotal,SEC16A,0.10126370874991565,0.13103878972926447,0.7727765874450896,0.4396546116638269,189.0,1.0,1.0,0.9414523906010437
nocell,TangleTotal,SEC23A,-0.011148393165150289,0.12881308310724143,-0.08654705637212998,0.9310315507965289,189.0,1.0,1.0,0.9867915570995229
nocell,TangleTotal,SEC23B,0.09120197249699766,0.1309121466684852,0.696665472364093,0.48601217159513677,189.0,1.0,1.0,0.9483164323807547
nocell,TangleTotal,SEC24A,0.041144469170813915,0.1320987222624218,0.31146757868768804,0.7554451863957464,189.0,1.0,1.0,0.9867915570995229
nocell,TangleTotal,SEC24B,-0.13009498728129845,0.12848756181223245,-1.0125103585622945,0.3112940964403169,189.0,1.0,1.0,0.9262132920554988
nocell,TangleTotal,SEC24C,0.0173991618746328,0.11988188815152287,0.14513586783552657,0.8846035996566491,189.0,1.0,1.0,0.9867915570995229
nocell,TangleTotal,SEC24D,0.07633806945065447,0.13317375589496686,0.5732215701032096,0.5664946813178533,189.0,1.0,1.0,0.9688568205392191
nocell,TangleTotal,SEC31A,0.32749824613636636,0.12788841134945692,2.560812529303165,0.01044276900562819,189.0,1.0,1.0,0.2784738401500851
nocell,TangleTotal,SIGMAR1,-0.30444473509705516,0.14184456488924943,-2.1463264054901368,0.03184694632318209,154.0,1.0,1.0,0.3425623595449019
nocell,TangleTotal,SNX4,-0.07002458360996867,0.1265018223374133,-0.5535460463422801,0.5798895593006006,189.0,1.0,1.0,0.9688568205392191
nocell,TangleTotal,SNX6,0.19399059932068197,0.11940091331896321,1.6246994593957804,0.10422661262040109,189.0,1.0,1.0,0.5558752673088059
nocell,TangleTotal,SORL1,0.1380762960622447,0.13055768874955376,1.0575883916504814,0.2902431370939621,189.0,1.0,1.0,0.9262132920554988
nocell,TangleTotal,SORT1,-0.16254636575697823,0.1303953603379321,-1.246565562882941,0.21255683532802083,189.0,1.0,1.0,0.9262132920554988
nocell,TangleTotal,SREBF2,0.0723843603064408,0.23080943744555785,0.31361092123243206,0.7538165637898377,68.0,1.0,1.0,0.9867915570995229
nocell,TangleTotal,SYK,-0.0053890515766952035,0.13671775107363737,-0.03941735096119752,0.9685576465928945,162.0,1.0,1.0,0.9867915570995229
nocell,TangleTotal,TMED10,0.1180729361276594,0.13058741477545857,0.9041678046133507,0.36590642908950743,189.0,1.0,1.0,0.9414523906010437
nocell,TangleTotal,TMED2,-0.06801671358078434,0.12603900418052483,-0.5396481352975818,0.589439714048184,189.0,1.0,1.0,0.9688568205392191
nocell,TangleTotal,TMED9,-0.016946240575325427,0.13122275870141134,-0.129141017480706,0.8972460664762845,189.0,1.0,1.0,0.9867915570995229
nocell,TangleTotal,VDAC1,-0.13119719838971722,0.11367471503294342,-1.1541458305102916,0.248440386511247,189.0,1.0,1.0,0.9262132920554988
nocell,TangleTotal,VLDLR,-0.13975279555255538,0.1287646990126473,-1.0853346967310413,0.27777344390197567,189.0,1.0,1.0,0.9262132920554988
nocell,TangleTotal,VPS26A,-0.013467921860653423,0.12914606742077403,-0.10428441322005765,0.9169436469143105,189.0,1.0,1.0,0.9867915570995229
nocell,TangleTotal,VPS29,0.2746880568884219,0.13017231229785192,2.110188042599246,0.03484216206982381,189.0,1.0,1.0,0.3425623595449019
nocell,TangleTotal,VPS35,0.004688675601572177,0.1311716408594877,0.03574458298188654,0.9714860211696658,189.0,1.0,1.0,0.9867915570995229
