,ABCA7,ADAM10,ADAM17,AP1G1,AP2A1,AP2B1,AP3B2,AP4B1,AP4E1,AP4M1,AP4S1,APBA1,APBA2,APOE,APP,ARF6,BACE1,BIN1,CLU,COPA,COPB1,COPB2,COPE,COPG1,COPG2,COPZ1,ECE1,EIF2S1,GGA1,GGA2,GGA3,GORASP1,HSPA5,HSPA9,IDE,ITPR1,ITPR2,LRP1,MAP2K3,MAPK14,MAPKAPK2,MFN2,MIA3,NCSTN,OSBP,PICALM,PLCG2,PLG,PREB,PSEN1,RAB1A,RAB1B,RTN3,RTN4,SAR1A,SAR1B,SEC13,SEC16A,SEC23A,SEC23B,SEC24A,SEC24B,SEC24C,SEC24D,SEC31A,SIGMAR1,SNX4,SNX6,SORL1,SORT1,SREBF2,SYK,TMED10,TMED2,TMED9,VDAC1,VLDLR,VPS26A,VPS29,VPS35
ABCA7,0.0,-0.02590686509120436,0.005923186259852383,0.015068112888683628,0.0658695700282138,0.048443505456490024,0.036615571384715107,-0.02372192167099655,0.032090275883041565,-0.13468705045252632,0.03511325098825013,0.04263225749622207,0.02061891565114527,0.0726800968455066,0.00929166276435682,-0.02519976958279617,0.0014662244497525207,0.01428082685427322,0.04559917229735702,0.0017773918590993456,0.011552615581345363,-0.003714725332329908,0.04420180379493933,-0.005492235522957091,0.022133099476934096,-0.04922229978416097,0.04999621966456353,-0.03870985947405237,-0.001038898252704325,0.09317702987331342,0.009886757462767067,0.031225601755058435,0.012003668757546023,0.006816291825836824,0.10862308260071205,-0.05155992913812022,-0.02510225549528594,0.06058317271582731,-0.005912660961488331,0.010783850884811265,-0.02268444605326539,0.010456222420310878,-0.05168376032945323,0.08163336823136358,0.016320695823396732,-0.0424317343780895,0.027559424099569862,-0.03022939118073121,-0.0005919783498234199,0.032911357370744805,0.03053280324407817,-0.002406353551540418,0.05879808984928363,0.0015280541394812285,0.043989727897531715,-0.0849412633382834,-0.039870187086743315,0.022225070825704327,0.032288309898366785,-0.0675678450204897,-0.015659096173839412,0.044522604269006165,-0.01460346821090552,0.07022912544477408,-0.044631409110339526,-0.06189799436922488,0.07721700431293928,-0.01909942262691635,0.006338614783998071,0.014849133458664392,-0.021459919197310492,-0.0671220180244132,0.020590225696678996,0.03873265860255089,0.007299485293374069,0.06678341901856431,0.023126180380830617,0.026091525426016813,0.03220499006793816,-0.0009656450767305029
ADAM10,-0.021000396249360155,0.0,0.008891385317721151,0.006585523899890191,-0.0019636956870225366,-0.0014301019869520577,-0.024682285178589843,0.00658979527794139,-0.014840232353852635,-0.008043001341842987,-0.006765582639781634,-0.0331597483867602,-0.0025250567958048824,-0.0430927832814503,0.008425381874263145,-0.030297666298812545,-0.0003697596292303965,0.05998196094175894,-0.019196321619584178,-0.003714549056344909,0.025468481694002055,-0.0041326515564927176,0.01129741156350171,0.01943985383879129,0.004447175316018764,-0.0064815220049522036,0.024351767413788004,-0.017535120583943305,-0.04695402630385149,0.018094567734907228,-0.010543946247089514,-0.009387679318134915,-0.0335715548478854,-0.01618381873532651,0.018070051961562916,-0.07693189517073298,0.011553422628947829,-0.01896323555068979,0.02533756624655468,-0.011640062343448285,0.0019249225019092326,-0.004260429652546087,-0.025453463704331,0.04927809270448984,-0.025333531709247115,0.04603905919329872,-0.023823961249882477,0.03159990955170509,-0.004890446084128475,0.006470658669020336,-0.04092619117668219,-0.013529508240279564,0.013502595476573105,0.01550701199153257,-0.021960752332991395,0.012450031463769799,-0.0016046984421584315,-0.034611146426103835,-0.025077656844690245,0.013323642246416047,-0.017496284639394854,-0.02377603416665754,-0.004167589894390162,-0.0412201744806227,-0.01843041984697487,0.016462532233674214,-0.015597542568469583,0.05369977480617509,-0.012325709026151575,0.0787906326361874,-0.0752780900246845,0.029541077535359027,-0.0034099505849859023,0.028306891302013065,-0.023763384818991182,0.008874593158239307,-0.017289269776912124,-0.026277433596532545,-0.03026019691047582,-0.03466476715730233
ADAM17,0.005644595291318948,0.010452838127253231,0.0,-0.02143795094814528,-0.018648734866409476,-0.045020319583108995,-0.03446139980404611,-0.014164869236997397,-0.0705411684858912,0.0370410817978436,-0.015310876925183292,-0.04415878093662687,0.00685349826974285,-0.010567699459936963,-0.06410971311714184,0.00019129679037021988,-0.0032873352596638748,0.0040986165827965205,0.060752407140951405,-0.02813505620769974,-0.016053239027677205,0.06040495195121682,0.05401811041695322,-0.06433905759496715,0.028860592133143303,0.040216613867637786,0.01110018358709223,0.012259635492697988,0.03611677362475756,0.015114395119187983,-0.006991130068707449,0.009255521425186077,0.01816246502809858,-0.026870029147175883,0.015698752500897348,-0.010594327768035653,0.07319014151033126,4.3719748622853595e-05,0.01722471887747215,0.009455151514990308,0.04242557627638482,-0.04010779294139388,0.04044080310076347,-0.027733618098538842,0.019066961817843307,0.024573835995841998,0.06198771537681205,-0.0022075450395774316,0.017611202707772066,0.08426309269339481,0.010617909214301767,0.057396747521953964,-0.016475006771613548,-0.04996275897475173,0.0006728762658297255,0.04502766168441337,0.021202247281489676,0.005397620285531948,-0.023109243020655455,0.06399385508655597,0.045783628381724534,0.010390774439265867,-0.04978471538723399,-0.010298049417363493,-0.06083703897133827,-0.02315852551663917,-0.03310015396311925,0.0396064219785428,-0.010677758659614069,0.0029879156005132206,-0.04382582862078538,0.06836719790687766,-0.0019371768356378088,-0.016371322791766774,0.023932577422592992,-0.021340371715426028,0.011028014801794803,0.08341395702258271,-0.024870272924533192,-0.02919904113362394
AP1G1,0.01217127865190794,0.006562284345226273,-0.018171182639245265,0.0,0.0689593747936516,0.08561995549681489,0.03791072063180025,0.026477912873648733,-0.013912171838135654,0.026859608172212456,-0.01825699495015994,-0.0030026411735287473,0.03032817727416895,-0.010013341027702636,0.014683268261436259,0.022761209747946754,0.01926998485439524,0.012713762444104224,-0.027542623072068523,0.037609833636396334,0.045006897641547215,0.025010498911216542,0.018331656588138463,0.04140968296024129,0.029621241247570918,-0.015356118906049626,-0.003556321690702827,-0.029707348531367556,0.02286830225962064,0.013986118791856132,0.026896833072910357,-0.04302060606824817,-0.0054421895030233826,0.019392046428831612,-0.04980506526676219,-0.0005876750749207626,-0.009852931764755952,-0.005270524451095645,-0.02078253452877277,-0.007939331657637463,-0.027627359812975365,0.030681941763174785,0.02117514475742647,-0.03958143960220921,0.008788165324019626,-0.022051672757453844,0.026073735885878344,-0.04481235942020389,0.007073803114664572,-0.012807707737135722,0.019275017045879445,-0.0001621970674145751,0.05245894594917422,-0.01454309649335577,-0.02045144067248988,-0.0020330163599488484,0.02985955556130048,-0.0230142219018665,0.036929286592595395,0.005591549527495397,-0.004586421301741074,0.021504045386211017,0.033773184656768464,0.00925258073148731,0.02591808127107472,-0.0032870337351946157,0.06361969129136821,0.0005050088489139781,-0.03847838585127528,-0.006576615803207568,-0.002568334881578013,0.00860079722800566,0.01944691271940502,0.02493932152690566,0.029004093632765855,0.005869601975573707,-0.0355626512563503,-0.015119045902261579,-0.00041577921445301765,0.07514050622817904
AP2A1,0.051639815447934646,-0.0018991593824430148,-0.01534164072093902,0.06692922993893623,0.0,0.07700557706484586,0.05212748375942104,0.00724009903763147,-0.029264246711520957,0.000587923892972042,0.011193531155909398,0.003188847193825592,0.013252798762070476,0.0006086707574043137,0.04076838481823801,-0.0043458668426534725,0.016528699006359077,0.01747833097144414,-0.014123999312970524,0.010425105248478646,0.0004636123338466122,-0.007924385087963837,0.017540703244411475,0.005564871389089675,-0.015394159259494193,-0.04099222869635234,0.014473818633769328,-0.036328081090002046,0.023030401810407945,0.023694872211406,0.03516246120559483,-0.027919204619647857,0.0031657276613892738,0.030378593300405647,-0.036364318619450706,-0.05381832680942795,-0.020811963999738812,0.0035250957640908112,-0.018528876685383878,-0.023714558827553408,-0.022639554107013016,0.052584957162221335,-0.0033736961709253444,-0.013517093868993548,0.030173242577510626,-0.01675749425090411,0.03137704791795072,-0.02149912925903683,-0.006849048643808769,0.00383400363495847,0.02605766782919756,0.023663642862783794,0.0659250325664578,0.003153918822479046,0.02382192678968622,-0.014097734508452009,0.030108352418435864,-0.0039241867225443365,0.025379321495370304,-0.028768060486963093,0.011886951081244044,0.01802238279299469,0.01059943509252995,0.014555640500321638,0.019529503866585217,-0.013618725353248382,0.0630007001742409,-0.023063952916232488,-0.0038231621280982292,0.0177696464435476,0.019721729521889428,0.003130631341109717,0.006446829017144153,-0.001785311413744015,0.010883354982437882,0.04930852768534024,-0.01455493701150749,-0.008590649216338033,0.018014977367850623,0.03027109137087439
AP2B1,0.03820220669278155,-0.0013912567111968761,-0.037254954914422114,0.08358927254720089,0.07745959373733763,0.0,0.04708030728414026,0.0041810354021725536,-0.029860659262056118,0.00908202097853849,-0.00011513762537844396,-0.006438504518109492,0.02085779803986934,0.015366264021527411,0.03925464742307329,-0.009326915801501311,-0.0031966112344218125,0.018417045670829555,-0.0055701389790503465,0.023665819424003514,0.014033802626165662,-0.009793516258926004,0.016207828383554935,0.026208671478988668,0.007606770686802222,-0.03927526374678962,0.008934654532815285,-0.04668980980368835,0.020578185996873388,0.012449887188553048,0.03460462908952771,-0.04052132498035861,-0.01066361474130061,0.023946298072718024,-0.05255337555238602,-0.038319836869983796,-0.01774612685220262,-0.0023998401222941673,-0.038349248210101355,-0.01689061593349003,-0.03178806225892292,0.038573215823262216,0.007430528491999537,-0.017275187127803328,0.0062405875523716915,-0.013926371586021431,0.014943656237533595,-0.02917711904440629,-0.01531877051424581,-0.00827893251580164,0.00934390125151581,-0.006899099969421526,0.0740160827311824,0.009838067859669545,-0.011003455083464496,-0.015280927201591455,0.029736721941022767,-0.015779514789352193,0.030212770519723462,-0.005606043499184576,0.006588678218118573,0.011295927527306557,0.024562826821941223,0.03432026827612798,0.033404702512479865,-0.037714266692746315,0.058425272464935674,-0.016874075059048387,-0.010315953150361204,0.002780384837285585,0.016088681887966208,-0.006108849967664367,-0.0007951649992270656,0.006385837581114233,-0.00036246897091283024,0.014674039558081041,-0.02140868200011403,-0.028888526472823504,0.008244153207543023,0.06720700782287149
AP3B2,0.027888249360523462,-0.0231914646548144,-0.027542980338585158,0.03574704417771896,0.05064334066606316,0.04547176773957443,0.0,-0.0021146132832099785,-0.017526458602353672,0.02463488781066746,0.017613426844066776,0.03373647742846096,0.018827409221548,0.0038161766110195337,0.033383585484986086,0.0054518927012584895,0.021912932006834477,0.004829401592081703,-0.008754416801396414,-0.011312107686421855,-0.014151952471356548,-0.027258530988979554,-0.0023099736559563156,-0.019607032180258364,-0.008542336526547319,-0.010214124620893248,0.008545896434425859,-0.019589676002508213,0.021618266935780995,0.00858874511871069,0.03500436599857154,0.007836078687356524,-0.007737415026389275,0.0250871050293984,-0.010833223673814448,-0.020339473119458752,-0.019385357406933403,0.01690376016348935,-0.01797057767025195,-0.010525057580781887,-0.015220734423784863,0.03878615803237492,0.009137000424156218,-0.014962105191937093,0.031616618528316084,-0.00865475989203392,0.0014070906470576676,-0.019204197436946197,0.021461442408836556,-0.009040645120893769,0.03653183268557395,0.03099740001560494,0.05317360795054918,0.023462300855467945,0.024634771336207836,-0.012837048242517655,0.002936693788980379,0.01422100769395711,0.027160198907481004,-0.025289768851445907,0.021561465520868944,0.011241987709899304,0.022177309234154917,0.0172401914382253,0.017534747856970463,-0.0013682955753248325,0.04215301400750855,-0.031232502297092058,0.015298557760943812,0.006445358737052797,0.012505011173339029,-0.02309095950939019,0.0172850297040487,0.01078275034083062,0.023530582532511488,0.03402937737889527,0.011360568879719032,-0.004147178032489313,0.033363714173017624,0.020395254903610657
AP4B1,-0.021007501656995345,0.0071991933208692075,-0.013163145720196771,0.029028924614713496,0.008178415915371957,0.004695215127003431,-0.0024586689551708133,0.0,0.02717722593947948,-0.0017662157827241034,-0.025918287117840534,0.007704741057091461,-0.03141917177366016,0.010539078677640664,-0.003798278522249236,0.010679930431351145,0.013858400849242487,-0.02043174557867093,0.025962606606304513,0.025887945930960138,0.022267249032597834,0.014316317389688325,0.011862002688205175,0.043746546782022964,-0.0038816786358216986,-0.025339913778594115,0.03123427854946452,-0.020863603678406457,-0.009455264976192888,-0.01330434124097233,0.004369474676764438,0.013579312814418524,-0.029250116894529502,0.01465531871433725,0.055692456766145856,-0.016583526548685036,0.07237885492299768,0.036397972541826605,0.018335826951861606,0.07219803926970557,0.02363114413910793,0.009646816749582706,-0.04947656164526275,0.027033304133812903,-0.012762965786192251,-0.06862366587439475,0.05199331621603313,0.026834540782930807,-0.025545225795511408,0.019843985344373833,-0.010182741287147351,-0.02842100759455042,-0.05656883031357383,-0.04646772742039484,-0.07681000647080839,-0.04794743150566863,-0.015812604570449924,-0.021471219114151334,0.028630302355296268,-0.035478071595285134,0.01970247081958461,0.041177948002631,0.025988233437129863,0.026342758268896944,-0.015453241014145906,-0.02297818185754959,-0.004348346049321451,-0.04417696265493492,0.01850212670861412,0.017800881019517604,0.05109097396042982,0.07244613043299221,0.034418986076143895,0.025752032520115507,0.007261917813492858,-0.007113162808434149,-0.10062469312300436,-0.0031927205607437366,-0.00882329530930914,0.03372104154569072
AP4E1,0.031018794896033326,-0.01769618073879241,-0.07155116348185832,-0.016648268193791643,-0.03608186413395175,-0.03660142331587541,-0.022242838288218224,0.029664160097055157,0.0,0.030645622312543763,0.049615441284222316,0.0019116032070020596,-0.007622620563959502,-0.012592116148144082,-0.06934926917002508,0.006175098081333401,0.022743250101840324,0.002411626895386541,-0.03915462053674387,0.0161447313913915,0.006958411233575954,-0.04981899650442613,-0.03790957258602307,0.05522576781077507,0.01264518335423139,0.003929671766895447,-0.06854020715404653,-0.06879375736606204,-0.00911947054447153,-0.025074303561112496,-0.03683650746908829,0.020533868266123325,-0.011832759088146393,-0.0837513134746571,0.046533683632511355,0.05007217923163113,0.03124779099766271,-0.028180415434986287,-0.007341519284225362,0.017296039927806022,-0.005813879152607419,-0.009900317094783086,-0.04720511678838526,0.08808225887404685,-0.07945670132282441,0.021736125763142135,-0.12013412700223491,0.04771261341679306,0.013557548170704242,-0.009765145768215919,-0.000302537085157342,-0.05523022642334818,-0.014252890951152628,-0.02017772919717205,0.014800747635986156,-0.06602458588222994,-0.0007009182499309692,0.017404802565105633,0.01827105867215214,0.002124113542519543,-0.012838099481509876,0.024680530341234987,0.007076279042659746,0.0038351473353761276,-0.012643805918668174,0.05874432921527711,0.004963422879632641,-0.054883811158676944,-0.03393646056613418,0.010043865325250726,0.012523697031584782,-0.04653403086047329,0.0005174176417918947,0.026947540036140596,0.02889347238867428,0.018676296089089835,-0.0368316378970182,0.006849165355541076,-0.023126381890234783,0.015085359553029209
AP4M1,-0.27063222770115886,-0.019936971382601188,0.07810159668594745,0.06681531233471506,0.0015068670181322989,0.02314106183430656,0.06499034188962005,-0.004007494107751753,0.06370457822434239,0.0,0.09369984006429866,-0.06383807817505764,0.08733307077895038,-0.20876006744498987,0.008680683184168769,0.024006031847880277,0.0607615691964168,-0.0441929994298887,0.03770851438948599,-0.04591114151646214,-0.06259415332946293,-0.08888804866299344,-0.14883634869936355,-0.047002141849409484,-0.11508037755353366,-0.09480074807469487,0.11832692976187163,0.1622454745257633,-0.11715687199981861,-0.05542599761797266,-0.04573005761485352,-0.11535708727062725,-0.01703523539119293,0.1342989326167704,-0.05054698323418755,-0.028568159980708545,-0.020196725111753182,0.06111334282478953,0.021786823605474574,-0.008847773349817834,0.00276458830454821,0.062340069852918706,0.09186349759666505,0.07689743012411046,0.13539723158013256,-0.06511531902951101,0.03917765153341382,-0.024055907443422325,-0.002628936812201271,0.06063918932738084,0.015677239966352053,-0.02321237633711725,0.004735669905648538,-0.10352143612370303,0.023329229725305222,0.04242167616314064,-0.025229673204900355,0.013929169517341253,0.05449752846539924,0.09029369758237828,-0.0026913044651005573,0.10157150964823579,0.07453974838442157,0.155034434227946,0.01621088272365529,0.08487552885571807,-0.05374658298703897,-0.04106310402002856,-0.00707574402271224,0.12912754414670113,-0.07525222605908226,0.11958279669471192,-0.18346971894554445,0.00727247052771171,-0.11078187740948146,-0.03332072473534751,0.08584360338974201,0.12331657105115264,0.02111739484023008,0.13106359511185675
AP4S1,0.031223596294992818,-0.0074217181887658345,-0.014286785628649223,-0.020098508857671334,0.012696357473158061,-0.0001298303603278643,0.020563654804192727,-0.026025173887855645,0.0456433245949219,0.0414664696040498,0.0,0.05576876848583805,0.05400554823833066,0.0469051613757918,0.08152662026787862,-0.0014350893844384644,0.0066137270661434586,0.009981688508768556,-0.011544599519502182,-0.0076425752591064286,0.02905388686590962,-0.030106517090624264,0.03517244896272556,0.0013614818856933736,-0.01253969088742968,0.012722459665162309,-0.017336372697605303,0.04490294675412346,0.010678269243853351,0.035271570610563234,-0.000500736290277183,0.024442532607574865,0.026694104675378562,0.013727780810217187,0.015178801193381556,-0.08590700156413872,-0.01702778261651226,-0.012991736281156234,-0.06326034484515258,-0.0068324505249537865,-0.02073055822638624,-0.01244845287543937,-0.03554481435207526,0.0336305295710017,-0.007326531552345902,0.015001433662342946,0.041444558085117066,0.023134338584763926,0.027061479724934664,-0.0270860906974205,0.0298057497794152,0.03705306821582449,0.023114398633620404,0.04015871582484356,-0.015201017605788071,-0.011375231101760985,-0.008785832690770896,0.032982339545251885,0.00015448100073117097,0.011058100955117556,0.01394746093256869,0.034352254795297923,-0.03144332317873993,0.029326270793872865,0.02259836691941434,-0.05666611808112942,0.02661943880271428,-0.022978516283518977,0.017906009710506366,0.06291033776565394,0.007004814249308429,0.016394808319083045,-0.08286584373717384,-0.005839706325654646,-0.021561219038002937,0.05812757992391024,-0.009234447012417824,0.06360540218106983,0.038050080059774775,-0.0018787553468038662
APBA1,0.03636483876023762,-0.034893291341510944,-0.03952601144009698,-0.0031708042477410847,0.003469582285356473,-0.0069642676355072776,0.037782233931365185,0.007421246283032217,0.0016869010789783043,-0.02710001117850336,0.05349614753627892,0.0,0.029609451415430036,-0.011973898885853053,-0.001714166167747994,-0.0061464239637222355,0.0775602385759604,0.006087840675026449,-0.037591965767926255,-0.034997197790692755,-0.018184996022613767,-0.01951305330303774,0.013320592899197415,-0.021568602200994092,-0.020197213207725002,0.045369817182059784,0.027053549743141163,0.006970424234816103,-0.0007804194877475772,-0.0015639653043180667,0.03839157999563855,0.04750978035096797,-0.0227772699184346,0.03784842803934878,-0.038695931794926745,-0.024705823127317634,-0.0008269545663276353,0.05822997141624146,0.011708106719145883,0.037266702341011,0.01293856715806876,-0.0051200119462598915,0.024504391937212423,-0.005834939977427807,0.053258189699690095,0.02107260358746379,-0.03356934823836862,-0.01786193369807555,0.010499857737648942,-0.034518530362719686,0.04403923855399107,0.028444027266539808,0.018834629898532212,0.058960837266474324,0.00882497236845784,-0.028665339624406833,-0.03657626094788637,0.020572957364220996,0.04363049350849144,-0.0220451744474772,0.007665834228692505,0.01707646250260885,0.02279034851336239,0.050880824697935534,0.005096016012197693,0.01971494126127823,0.02574038302338788,-0.03746854384099652,0.057017806790321354,0.03114242374434669,0.007483144046700734,0.01952877576291769,0.041715285795530146,0.023392335545673347,0.041247924784750784,0.022100260890686386,-0.00599425129043093,0.052794508349833624,0.07410629933964774,0.03019855951696015
APBA2,0.020221361321568033,-0.003054942867610513,0.007053090482124456,0.03682252258253376,0.01657877043134369,0.025939412602441207,0.024242627719923998,-0.034794833372123,-0.0077338794649490766,0.04262551392152639,0.05956224576793629,0.03404329534626533,0.0,-0.06258770202283692,0.001155165713827818,0.04157381305414745,-0.05465107007905973,-0.0020169417437759084,-0.044059278652212305,-0.01921522294547718,0.038666879155485286,0.04141017439332622,0.05021324078464709,0.019098122092602535,0.015916058972824696,0.037381662867846055,-0.02852012954039907,-0.003853018022871076,0.0714704171656031,0.0183749342725909,0.023589408558032626,0.009492879974899776,-0.0323671055256071,0.019787649168296725,-0.056909644898152395,-0.007017682457824331,-0.07202380568633901,0.018557434982675362,0.04479715767758259,-0.04350683760432462,-0.0688168168517484,-0.022164978371908135,-0.008986656682141932,-0.004571713093987841,-0.05477999174720036,-0.016378411488234084,-0.07548545219515862,-0.06386055504185807,-0.056523965106895044,-0.031180131625085233,0.055161860307489784,0.07958972835784701,0.06364529371682566,0.06702790112240183,-0.04344123699696381,-0.0585186141151306,-0.05982313788132881,0.007557898101570457,0.013125953996133996,-0.01575676591728933,0.0063662019009548786,-0.033914931149010515,-0.0332820083319892,0.046892743575621385,-0.0038937108786065754,0.11095989968872585,-0.013790266786204663,-0.00027856193869138957,0.008838951690378127,-0.010117231280718312,0.008224042099018431,-0.05464640711512919,-0.04021483165490818,-0.01044565828769603,-0.020635135827109446,0.06236516174664221,-0.006161186677379976,0.04012016550236364,0.03907178515683964,-0.014978361309692467
APOE,0.06852066560594107,-0.05011849199617876,-0.010454640653410348,-0.011687126448127031,0.0007319622104850762,0.018370521218750976,0.004723665149642889,0.011219775922983913,-0.012281554117835842,-0.09794896111173527,0.04972958418632265,-0.013234219277457531,-0.06016591344276398,0.0,0.16931310636094588,-0.005659029354087659,0.008010811420469208,-0.007361320498706579,0.18668467793540602,0.005567543754861805,0.021150059326077168,0.007845480713639122,-0.03216706009707647,0.006673382135024945,-0.00047979925167393033,-0.00760344969949589,0.03027425984448825,-0.015026406863049176,0.06885223617316612,-0.021658847083787923,-0.027730607009414553,-0.017611637446327055,0.01909301075252973,0.022779586663088578,0.04475050899166186,-0.00241524862191423,0.01950880385887276,-0.02898379398545384,0.006448229661230184,0.01301485569066045,0.04166541438128588,-0.029327993187652827,0.010498077278049507,0.02062803380173078,-0.009166333558405343,-0.00676822502463403,0.08728025222582333,0.053497477775656326,0.03616933698206811,0.03694432060934115,0.005760203611817173,-0.014719066082239001,-0.013798144907963897,-0.019435147760245543,-0.04727721331026606,0.004476178105681831,-0.010573353289318688,-0.0166600292313047,-0.01599342714925782,0.07604399651319181,0.04007248049728667,0.0068701066210779755,0.01554817321220657,0.05267994837660374,0.009011650693694816,0.0013527189537307614,0.011372649507535682,-0.013042027673677598,-0.08067796434789551,-0.03601165411455486,0.0003241127000782031,-0.02827545363304745,-0.01096910381243491,0.025481452856550953,0.014314166951250039,-0.022170137017901062,-0.0513687355996882,-0.004669462753651778,-0.004992442740795849,0.03044984285441441
APP,0.009314058282297377,0.010418914652714113,-0.06743601928873896,0.01822178447160603,0.052127772227624734,0.04989806508128636,0.04393625682048944,-0.004299399296608353,-0.07191772331308242,0.004330576833649218,0.09190371534335064,-0.0020144435209709126,0.001180715420010127,0.18002383713038292,0.0,-0.007924228252539581,0.0617093632961057,0.03344801332209492,0.12046754874329908,0.023525871899201793,-0.01508162605939129,0.0010957840632335632,0.03751922711405581,0.05320740303021375,-0.011979150638651471,-0.037899529095811596,0.0710210628041726,-0.0015827638703553954,-0.018749647421024543,-0.036905122839315095,-0.010911673417237677,0.014539098100235228,0.024769404422989666,0.07449271405252343,-0.005109302281642159,-0.005376358776983231,-0.0048960604588002285,0.054004415921351495,0.0277968200659624,-0.002066733607840301,0.032988525516631256,-0.007576100908935122,-0.03433291801582431,0.033222269201410054,0.033708304613321534,0.003881251642012183,0.03170518166924387,0.03400986906123231,-0.010398272213260397,-0.03720866908532111,0.028658381853723578,-0.006337925040258601,-0.006008588639416195,-0.023217546762367827,-0.036809100711249654,-0.004382860574658697,0.036044300716217226,0.0005254156860968702,-0.010015319311690836,0.026857197183122974,-0.0413505702026682,-0.07036260368793183,-0.02238127871950835,0.04086134009607203,0.054476900790858276,0.03324149740477608,0.0315446985165948,0.020748192235131933,-0.02495012183697865,0.030686796467022763,-0.02638299184890338,0.006688617254434471,-0.04602025319001782,-0.04734287756756364,0.007054857806975299,0.025479465105409025,0.04045722806559281,-0.00645730758309365,0.019983130279959772,0.03457787322624644
ARF6,-0.021737509003781134,-0.03224109306659347,0.0001731583620242884,0.02430699131842007,-0.004781781941554251,-0.01020230665667796,0.006174546529709938,0.010402963864223864,0.005510685102560636,0.01030575735378886,-0.0013921315459007673,-0.006215733454636057,0.03656692967856516,-0.005177845363873853,-0.006819062476970945,0.0,-0.010353864847019221,-0.059005272139547524,-0.02888489651336751,-0.01672501895280021,0.034928588627609676,0.033663281994976584,0.0014057107714047447,-0.03864226800269019,0.022980638399955077,-0.005365862891009782,-0.05709657153007806,0.011102486526328495,0.0029487365163588593,0.027787418477382964,-0.055372577243074816,0.03281992955919674,0.012286258161571303,-0.00739204390712159,-0.021346377807829792,0.13234794669347197,-0.004446011033381633,0.0173832866066339,0.06500642312570203,0.029284456923559923,0.003821652070305063,-0.014403461080981181,0.0045772878966587015,-0.060401296398045194,0.010323620114932562,-0.025886030735049935,0.010384109016983393,-0.029196079776178167,-0.0007204651640231752,-0.049063006451898705,0.05599365703705028,0.03162778632377137,-0.042955669491586766,-0.0020269188782126384,-0.029687319902061013,-0.06233843030117577,0.020319694952123494,0.0005571245300582182,0.017893527670631716,-0.005240126561303458,0.06737734995124238,0.08104930268043313,0.010377270545412662,-0.008972016353190428,-0.011696967458706967,-0.004473864316758725,0.026248220537421325,-0.006240219998344242,-0.04364639814325577,-0.09350200383726216,-0.005997132156838177,-0.020614221359593756,-0.004503709730471049,-0.024800623820835015,-0.012822742647216617,-0.013185834936790632,0.024677250500643868,0.039978056318783185,0.013793884383957945,-0.01049312861677811
BACE1,0.0013410420178466432,-0.00041720431841488117,-0.0031550664224098113,0.021819558633834238,0.019283272849902944,-0.00370748038163069,0.026314006771298568,0.01431299462943416,0.02152003558423243,0.027657775003246864,0.006802621612808728,0.08316445171116535,-0.05096781677621157,0.007771634380346635,0.056305067246156845,-0.010978201929768238,0.0,0.012938331787763019,0.03555254068248342,-0.050858214394788624,-0.033656894182062726,-0.014521723113726098,-0.022154632478741835,-0.0085143361853364,-0.03705713499019122,0.05287258401002656,0.035293934744359726,-0.0619094603774826,-0.03964241162654464,-0.0045476708257791345,0.04525262941240701,0.007974939349118824,-0.01862723846571929,0.013858636895466982,-0.048893503932023644,-0.10846998279218167,0.0570960561162384,0.04635194505081248,-0.06370454164476318,0.024864913873273463,0.04471075779278283,0.01062462113737967,-0.02636045155265362,0.02770909766355482,0.07081241148229388,0.0006377886178676287,-0.01312627368991732,-0.011813424542559268,0.07131131058782553,0.0405568209433681,0.04237408019344364,0.038475498980124145,0.0069665187969741695,-0.05691354997889009,0.06346167536717356,-0.010731819723778513,-0.023930650523296203,0.02715032143642725,0.014971861039372711,0.0084959635334372,-0.02364293750298987,0.0065582812380892,0.018442569833004897,-0.01335765874882333,-0.03887926209943524,0.06786356153241906,0.03632045134877923,0.023325604007933327,-0.008678113201238945,0.04350470684179516,0.014078063063751369,0.04639307489735217,0.06303614932910738,-0.06344222374516642,0.06961386008937742,0.014903477991862646,0.0257258856963952,0.08726280411481856,0.06365235557311207,0.041152404158089934
BIN1,0.011254788821658708,0.05831657786656651,0.0033895642483009456,0.01240454243637551,0.017570499295593175,0.01840564638192117,0.0049971441851658464,-0.01818297451366109,0.00196626770049845,-0.017333401840860237,0.00884659463504934,0.005624759255128995,-0.0016208125247719855,-0.006153662135121439,0.02629715778581147,-0.05390904141950382,0.011148600483836677,0.0,-0.01014607563810006,-0.014055591509930285,-0.014670812174968295,-0.041010238539315715,0.039473588049450205,-0.007018239042678591,0.005283348803829271,-0.007209193512218233,0.013987776267428824,-0.022773018025756365,0.01739275956297601,-0.010093131283520292,0.040324775302219236,0.010816358258330308,-0.04439398296971726,-0.029269809928751743,-0.01564093200352585,-0.07628072500890955,-0.04402112272443741,-0.029189679924557024,-0.011640493431426648,-0.03482809526450209,-0.009630033530742904,0.0025256914730337632,-0.016447805441547076,0.018569547400518253,0.006689199425377729,0.050050109623992596,-0.023484011083623246,0.007026703305325625,-0.002962021913569824,0.007854735457151634,-0.034450299944761655,-0.02480657709689911,0.055638389764767884,0.03952855346597775,0.004259446213923679,0.03717204290769079,-0.025531380512772504,-0.006436067691946403,-0.01335019300549872,0.02861421921284197,-0.0006448605323994174,-0.005058717344289284,0.004803350476243662,0.009379346544134918,-0.00266185177089654,-0.02716503178676693,0.020205552113239496,0.02965975323748894,-0.017850873474422834,0.07631941392903634,-0.04034611834586998,0.00564630537113813,-0.0005473581924038455,-0.00607262233471656,0.008238135962564756,-0.0019552477302084348,-6.797474358350164e-05,-0.04255373157620953,-0.03248400605128052,-0.017362803388539953
CLU,0.04129610197092823,-0.021446552590873497,0.057734867149478106,-0.030880196741609755,-0.01631585867347973,-0.006396836392746204,-0.010409356497751768,0.026550692562592078,-0.036684588266523946,0.01699565288712238,-0.011757611059038468,-0.03991202846374453,-0.040685992545180516,0.179330722919649,0.10883702479805121,-0.03032562154743313,0.03520309226031029,-0.011659131449845341,0.0,0.009783176214949738,0.005170326693371064,0.03423874243208087,-0.019089059911782013,0.009581649228975454,0.03552151445183167,0.0002954161568187209,0.05166124887946441,-0.00883668797327169,-0.01846772193618471,-0.012094171575608005,0.003383553732888784,-0.039569587825652584,0.012175097984357671,-0.01603794613584167,-0.022966793707681666,-0.08849331295256212,0.047901064376351984,0.007845128913524858,0.0013252225079889001,0.0021845720207275742,0.0613376211846617,-0.061221037424157174,-0.01781962128613129,0.031329169542007075,-0.026360159206331616,-0.027051509761873982,0.0641125456765883,0.05706072760756042,0.05425007763325998,0.04508014270832025,-0.0029104603166138945,-0.03068806989676573,-0.0017027507743395643,-0.027849434585541878,-0.017381762240968424,-0.03146877434094846,0.0015235031294020328,-0.0011933932010762557,-0.03219527761028407,0.021837149220339677,0.010028235382303751,-0.008512368128440303,-0.056314448283252494,0.008168685803234495,-0.018246328458041212,0.03391213780769349,-0.051805020923575355,0.004535565176375381,-0.07170581714113293,0.002251139420405247,-0.011534352679467876,-0.008626591817344305,-0.008690388801626085,-0.009005944705135356,-0.009494554822344419,-0.03750113314496863,-0.02613949895388425,0.02554633945472374,0.0059693583345286,0.03312278872506262
COPA,0.0014906157278383487,-0.0038430495588308525,-0.024760127699388266,0.039048700431863266,0.011152265699188474,0.025168142888737585,-0.012455770740439695,0.024516336099483428,0.014007539830958027,-0.019162269043371326,-0.007207926582092124,-0.034409031485992427,-0.016431733134349136,0.004952677801670337,0.019682611858856978,-0.01626057601780055,-0.04663389522359739,-0.01495710845250373,0.009059626400813729,0.0,0.10951311907739628,0.0820950117114639,0.07359765793362097,0.1303074386155694,0.07051779578507986,0.02102629763661447,-0.006621690701504331,0.06655333369810776,-0.05948804620420189,0.008294271355081264,0.006732468645674717,-0.003443619560390606,0.02194165850304201,0.003074355349134433,-0.01732953940649695,-0.020003338800626286,0.006180767927889242,0.02532090915728422,0.04158623248733407,0.01106586549313103,0.020835954598745,0.008001958305764334,0.05128650606790942,-0.03605413243000356,-0.043734635449817684,-0.011637738739824462,0.014012329996780171,-0.02183129304808741,0.02255295049334066,0.01983890772601155,-0.014386197199025865,-0.022574525706300617,-0.015253668373587858,-0.02211452557774447,-0.004554441753841368,0.020717756191744447,0.0570818388045741,0.009340503830016868,0.025740341200910143,-0.009038080019963644,-0.023141744208968088,-0.03297376438727081,-0.011042829344377053,-0.0033169387160714215,0.052013028335573884,-0.06431088766288345,-0.01910133393430907,-0.0045176088252669305,-0.002337787460710237,0.024665370550085997,0.051834442673293506,0.001557721373884294,-0.0027562640689211535,0.021321206548085225,0.022431303396933746,-0.007311312535354617,-0.032006996797249575,-0.009999336823978454,-0.008932687842606547,0.046985346222980874
COPB1,0.009929372142141521,0.02700423601687679,-0.014478604946228015,0.04788981984077392,0.0005082724778969847,0.015295509278628229,-0.01596990709690527,0.021611429423546557,0.006187284511404182,-0.02677451205539068,0.028082374355044275,-0.018323622677220073,0.03388722602834707,0.01928177362904748,-0.01293135760537709,0.03480240829968579,-0.031628134334645605,-0.015999692123472173,0.004906901622736845,0.11223417058767139,0.0,0.08449768038996615,0.05309170508797408,0.10883171700837983,0.09358459561132622,0.07540291009733088,-0.01327341613618216,0.04455419015019986,-0.028309616011925703,0.0485819296575776,-0.029865691163996268,0.015663977366081414,0.03142143131481043,0.0012390488496455512,0.0009777883947302713,-0.049939937000912794,0.0024626473677214584,-0.0007414145200359448,0.03115967660399704,0.031355510103258745,0.038979811662007195,-0.006040698216017235,0.0338426002254558,-0.02669164551159163,-0.05249038997270593,0.034072841064844886,0.017589180961840763,-0.011099597949125154,0.047156468972883704,-0.0019410495677983201,-0.009603759827186354,0.0005726667493420454,-0.01090608550807941,0.03195640224853549,-0.0009789691317130722,0.021511012852432326,0.04262674896875003,0.011126460563213848,0.032875636415102785,0.023781103364586383,0.0055182994273023245,-0.0005328606975894919,0.020611644103933253,0.012495231017056543,0.058663137772641656,-0.025957946410122907,0.0007234289617319144,0.003929271049630318,-0.027534546735482845,-0.0025659772447201253,1.7425506814456102e-07,-0.03202517083023913,0.014717907792240654,0.04946522776429521,0.020317377272657283,-0.027024812886480145,-0.0675694521343436,0.022623345782276028,0.0005469031934374575,0.03804891319075645
COPB2,-0.0030661515559490776,-0.004208071145572437,0.052319313150176766,0.025557120770767616,-0.008343199517156749,-0.010250679873300687,-0.029540233246287868,0.013343620728787383,-0.04254126650588286,-0.03651376468716243,-0.02794573551496911,-0.01888203529944556,0.03485213618204129,0.006868792448116983,0.0009022904855876548,0.03221144148609988,-0.013105184326822757,-0.04295119077851689,0.03120560559017916,0.0807981034397801,0.08114658200646883,0.0,0.05553185406471318,0.059669098224724035,0.036250869532607845,0.05929017310124924,-0.013226350438646452,0.06751729145832683,-0.018349016765734187,-0.02117005294155927,-0.02156015703994269,-0.003270644618826674,0.052806453389835854,0.02740850546138998,-0.03522355484267192,0.02322664700667318,0.05412102491312804,0.015105404009579198,0.05786185285513891,0.0032640364557626643,0.021583883692883006,-0.024234944951710816,0.029076894198171797,-0.02248320900162961,-0.007034477167486545,-0.021504123970180863,0.032285915708027635,0.01086523881732981,0.02418931330694212,0.0016598752205816355,0.009306722428898588,0.04413060395806127,-0.04143278618327559,-0.01971671355888134,0.004668782980368756,0.0055444991082866475,0.04321920442678663,0.006220422803622174,0.0035741965660787793,0.009018292033406596,-0.008853599378466177,-0.0043033126796310234,-0.021973530985186642,-0.020356543135381204,0.012968484452655318,0.022949692660768087,-0.0275220446668953,0.028927890347093123,-0.027640377052034464,-0.02847511177013627,0.010975552215010571,0.017442047882813082,0.027882411138235176,0.007743928499268494,0.03318930570923459,-0.004642908832911673,-0.0246189447702376,0.058972265056764527,0.002811934704991882,0.016335553601904182
COPE,0.040640710278602436,0.012814085622102874,0.05211746288481065,0.020866310702043114,0.020571617718841927,0.01889701633443857,-0.0027885143691514787,0.012315577350219119,-0.036059418144819236,-0.06810462941856654,0.036367380703330454,0.014358250198300499,0.04707550434183943,-0.03137087207685549,0.034413565276204316,0.0014983182334126093,-0.0222712154227324,0.04605151313644457,-0.01937999845144373,0.08068685327181632,0.05679452931904513,0.06185809774711165,0.0,0.07939612419524253,0.07323059481267413,0.01915732178288508,0.013357812708790514,0.019045288564997636,0.04750277501346493,-0.014552260954743918,0.052766014751023195,0.01313207163088177,-0.0016816756096992348,-0.043921787103962114,0.040879266270770154,-0.04565215958027693,0.011795241452767655,0.025637889487949508,0.031309846295190014,0.028209213242593865,0.015403425157077667,0.003278176467827908,0.041903988222014445,0.028216126080534303,0.016241714548186296,0.041184138465807485,0.06047034219036971,0.014693476036059128,0.07902660566547941,-0.018545974343717322,-0.035372729379718734,-0.004137834765566571,0.02260391432262418,0.03199040847433085,-0.019001248302583266,-0.0021640468779115123,0.0385042701054489,0.09845714764848489,0.025013654367346188,0.05792250518009069,0.016358323460223697,0.007389404757075894,-0.024287299890710903,0.03989539179878593,0.022045195442966792,-0.039034839406600984,-0.00824630383065245,0.03928228161026147,0.08188339458365512,0.032275806546789514,0.038258145632423524,0.04013660166647189,-0.026703899050261992,-0.022155804483031397,-0.005117853607383293,0.007384530836643616,0.010873083267648586,0.010940596549972696,0.007277132886659726,0.03386347660251046
COPG1,-0.0049386802207013955,0.02156463557107517,-0.060709831786610415,0.046098449580368295,0.006382885186138882,0.029885042151981088,-0.023148250745863314,0.044420249306129124,0.05137502497906944,-0.021034187089147015,0.0013767710933243783,-0.022737379919090316,0.017510875159244602,0.006365047843845426,0.04772965593641649,-0.04028201221865696,-0.008370870429185572,-0.008007665312650755,0.009513710276644138,0.1397167418024271,0.11386120327177247,0.06500463408508565,0.07764969587936378,0.0,0.016249513501993676,0.016288313795823628,-0.011691899249902998,0.018082055649250684,-0.07167769361022648,0.06293248060563467,-0.022761223903350506,-0.016180490238903507,0.013578055121751866,-0.015760127061908585,-0.008798428576694233,-0.040571335159254575,0.0424577978379878,0.02264454701238838,0.052746141480075455,0.030001461237818584,0.03307560679109255,-0.007490060483594396,-0.011290630724003919,0.010857195082390345,-0.02646610444165333,0.02217464160172711,0.04573230050906477,-0.030155518353022204,0.020659639083342913,0.02463227741727847,-0.04613314727406076,-0.057077407567511805,-0.009222067750521576,-0.018567105613493066,-0.04108146572896044,0.014850166371793597,0.06169244914487692,0.02121652127991571,0.044918065578497736,-0.008586031365821355,-0.03324454983698248,-0.004396197225047139,0.004135814540386151,0.034197833058484256,0.06536068246446516,0.027880339916943456,-0.021612562092233813,0.010999894794134067,-0.03236923864429038,0.009323027676377129,0.017911666301333416,0.02693851359522494,-0.022789331465386503,0.05267196663037822,0.011991534523391368,-0.013281335420669968,-0.050136439706698774,-0.043865341434262975,-0.012619836396511158,0.06016819639105084
COPG2,0.01974129113841709,0.004893334924887893,0.02701227330681607,0.0327083947515836,-0.01751416511465261,0.008603610751199628,-0.010003559431614378,-0.003909564259661624,0.01166828365003126,-0.051083532925989446,-0.012577903722851025,-0.021119392987056403,0.014475190559133681,-0.00045392782808875037,-0.010658935432371381,0.02376195677338978,-0.03613792637255154,0.005979413725999938,0.03498425991677231,0.07499797437939604,0.0971172150137777,0.03917281986518674,0.07104026651792937,0.016118028774291228,0.0,0.05858763181645586,-0.05582646481812007,-0.0071332744264831814,-0.03851641998819786,-0.03543149515970216,-0.015666786093145504,-0.00934908744360789,0.02133079352724954,-0.030924807189719877,-0.018423925433215502,-0.015642162175643386,-0.05568919878304138,0.015631059455232573,-0.027441429322339558,-0.0116002735887051,-0.013787808549996065,-0.006545246597889886,0.06770921375067764,-0.030244698712223628,-0.05259204594205011,0.006754027193642241,-0.016110668285166458,0.09529234817956758,0.027372660898087372,-0.025041600273347734,-0.001816455090070099,-0.03003943017160687,-0.01378851221417804,0.025958285047980482,-0.011852855463484269,0.016606358454651627,-0.01209154875774039,-0.01358429389150872,-0.0038779397245680375,0.050183920272982165,-0.01994664440794746,-0.04493949443012735,-0.00027806968980495283,0.06139630721554573,0.02754138297682103,-0.020487986511656345,-0.028048159501880162,0.0326978149360845,0.03645048463754447,-0.007857213171158907,0.014451327735423616,-0.05242242371432598,0.035811222826418986,0.0322397799824423,0.0162571139613702,-0.04440411628318263,0.025034955301297446,-0.002880415343716691,-0.010621402575898593,0.04380754134022032
COPZ1,-0.04233161916848947,-0.006876498510592,0.0362936846268624,-0.01634959900266828,-0.0449681123470611,-0.042832083583822005,-0.011533170017143993,-0.024608411088965568,0.003496292717194863,-0.04057523777369502,0.012304449258882529,0.04574321368157042,0.03278060980518576,-0.006935975985240275,-0.03251556320711594,-0.005349698979034336,0.049715474286877386,-0.007866936878351783,0.0002805337539008948,0.0215617136658056,0.07544832818657363,0.06177585819127343,0.017919111684869572,0.015578202789344391,0.056490524293043055,0.0,-0.03269553532496303,0.06397194425376197,0.00040604534684401657,-0.04075723805404215,-0.0030890854899435108,0.022984089680011893,0.004188627243516776,0.0008011305328451546,-0.03293240647707135,-0.03385693973945351,0.03009961648630479,0.023728458443434557,-0.01719183933288306,0.02806165368270075,0.025288600957531,0.001607099189003027,0.05924860658026053,0.008418644333935353,-0.018092988244436076,0.02050834536129693,-0.039394046320259446,-0.018718677460503676,0.07524602013780655,0.0033708373140076656,0.010522824578771857,0.024423054769784652,-0.013037246824367639,0.05121062826942343,0.018604678813928487,0.0300537573918781,-0.02415962995620531,0.04633373759737183,0.00039762892441746686,0.014769845339513888,-0.012757761756286365,-0.008924849944885804,0.005237315667285067,0.001989142531818693,0.007071481343682606,0.01626415054253949,-0.030419357150434184,0.029193487972998266,0.008984732582791487,0.010057076954832206,-0.017348767075481393,-0.07142078518327766,0.047550597138294376,0.005335304014618538,0.07877479893292508,-0.00557157567655047,0.0308267055014736,0.030167093063592613,0.007542519203865565,-0.026981503744612105
ECE1,0.04523907936699795,0.02718281641679369,0.01053972629655562,-0.003983825335785064,0.016705514825496842,0.010251831687663695,0.01015263513608576,0.031914168293731456,-0.06416091268129138,0.053285189744370576,-0.017640989576855993,0.02869838863645473,-0.026313796831111673,0.02905655011514934,0.06410888824999604,-0.05989263447405455,0.0349168245672941,0.016059842102559133,0.05161659969645526,-0.007144354060201842,-0.013973906573250915,-0.01449938914445694,0.013145909665066456,-0.011765215904300994,-0.05663480383211308,-0.034400286847990506,0.0,0.04715534252285175,-0.03929589448580722,-0.005179345384840541,0.006459139461111416,-0.00974999488560085,-0.026438221773440088,0.005567470824939104,0.11846317661401759,-0.1131612066572511,0.016261466513717685,0.04901660786782901,-0.02133578604673874,0.10096756183362542,0.0686042722444612,-0.005260870187252762,-0.010751759806992797,0.037743485335467473,0.020871487517528174,-0.014856646394535988,0.036697283896052285,-0.0730477607036802,-0.036372880333785315,-0.021153447630355576,0.0029090027294616104,0.00845055219552648,0.011960070818802387,-0.03628438072937205,0.009229023343810448,-0.04343321304406161,0.017089713311907673,-0.007414832618174732,-0.032937985976126495,0.03613512369806113,0.04065933598110619,-0.05491665463305265,-0.041289190975761544,0.013816904717371611,-0.005411348526157338,0.06661536285559322,0.02884810249229898,0.019734103495202326,0.00872892351844592,0.02657337335587397,-0.018554497709638636,0.03141398839236099,0.039832883789371804,0.02261665162514461,0.031046608828655408,0.04221016562612814,-0.02509415481894912,0.040204397929851275,0.014135110208694852,0.012804630557577362
EIF2S1,-0.03737428236639113,-0.020885621277453557,0.012420852542370912,-0.035508949068452866,-0.044739782969440124,-0.05716372014286235,-0.024832650918009944,-0.022746577085692055,-0.06871456913350088,0.07795970543530224,0.048754446225681605,0.00788982086304994,-0.003793217458764308,-0.015388643398021234,-0.0015244805349674752,0.012426771632445406,-0.06535312482948813,-0.02789895013620398,-0.009420819605870398,0.07661936873356219,0.050049340140910434,0.07897677021916664,0.019999425846664073,0.019414996447341917,-0.007721592572220859,0.07181874942734036,0.05031593885724118,0.0,0.008235743503620201,-0.00382256220122587,0.008029117452716299,0.028658975167501464,0.08878585152351251,0.026544049022375678,0.039071492109908144,0.06512577514262323,-0.05565257800876938,-0.018273512354156755,0.053212774243632806,0.013522191190009044,0.01014279269047665,-0.0006336398127233961,0.030898288700339154,-0.018394825691170263,-0.006622392601803746,-0.06952685199149947,0.08735096833711485,-0.03624918401136357,0.02805172800960014,-0.005980680071084982,-0.0003480499308556066,0.011646026223136595,-0.08241662038622431,0.00869347894913017,0.009225056249309423,0.06681217365641197,0.04388550997077947,0.01962966854122555,-0.04210879625870594,-0.03074073287376042,-0.028422160324129538,0.06902136542954472,-0.04633462141544812,-0.022090189970143035,0.04922990760737025,-0.06118599848207429,-0.031280304098071636,0.015597031456709756,-0.04723439525421279,-0.010719349604334431,0.023553207159671,-0.0004197841366311977,-0.006390407977743794,0.0006750755417525054,0.04883894050182676,0.052908118054034205,0.06164897225581309,0.05750513721744727,-0.0053149871915114345,-0.057588071094422835
GGA1,-0.0009563231425779098,-0.053320211434263756,0.03488696402174116,0.02606082941328333,0.027041657755473673,0.02402071054961912,0.0261274537445528,-0.009828354551202147,-0.008684599681702902,-0.05367174895168377,0.01105402988934275,-0.0008422022928580247,0.06708314259172464,0.06722698336564221,-0.017217862805313778,0.0031466932800548806,-0.03989787710264442,0.020314968169938642,-0.018771236291742776,-0.06529483708073347,-0.030319648546697615,-0.020463387915278755,0.047558629791183964,-0.07337598064884825,-0.039750651043908874,0.00043461349620342734,-0.03997626708639617,0.007852052495984616,0.0,0.020335230169423818,0.08079507349837382,-0.032725198508349596,0.023075768220166003,0.013873961318700818,0.016830839243216593,0.12498588249788338,-0.040997884341136506,-0.07110425820386014,-0.03443282481387025,-0.02633186125505136,-0.03651841020365133,0.04607165231764607,0.05839599404568047,0.024962580814591077,-0.0015015014443273598,0.021433013033110824,0.03632055443760737,0.01856135194626734,0.0723594813693544,0.052190500084166536,0.0015033756273454778,-0.00469146399979743,0.04209104320046951,0.05307706075513849,-0.00824552420587235,0.0211673599092538,0.03642329096829851,0.08192296357148712,0.02352742671649044,0.04139283628400314,0.02334254856540858,0.06537138975782673,0.04735642778388542,0.02043882427980912,0.02952989439230097,0.04354703844938897,0.04610252261822197,-0.027163502249545605,0.015049875892954406,-0.05025779625033917,0.0386768434267282,-0.02177305862099285,-0.02336265520925383,-0.010538746847919252,0.01544511258928383,0.040928705472586244,0.006160038299481494,-0.02147789793935009,-0.007380506806044529,-0.0017327932294085838
GGA2,0.09430694166149473,0.02259281703093132,0.016052702244207427,0.017524864585898033,0.030590693049058808,0.015978916470924934,0.011413243311209425,-0.015205602565014445,-0.02625501116847486,-0.02791866496294668,0.040146502382356807,-0.0018557461863160565,0.018963392117307465,-0.023252200426686426,-0.037262839111495236,0.03260391819822221,-0.005032478077991226,-0.012962140474654927,-0.013516331162358237,0.010009918129061227,0.05720949228559921,-0.02595911200394309,-0.01601931625472823,0.0708349995160452,-0.04020600851409417,-0.047966338189577115,-0.005793394204569043,-0.004007172993504662,0.022358993054323734,0.0,0.011056205345839608,0.06988846470750254,-0.03029681822885806,-0.022233046469519218,0.02542253642035152,-0.045017615033933374,-0.023349104829842145,0.07850144393221237,-0.04541666558182385,0.058501023118391,0.023511540958715382,0.008613088639030743,0.035584297845385894,0.00804547088023418,-0.0235883047904157,-0.0044720740898496324,0.06957388878045159,-0.00027356172218196887,0.004110257452230497,0.1013802704240553,-0.008008173715926476,-0.04317055714950821,0.0822724505246664,0.032231902938088745,-0.08913562321363443,-0.031022263076236,0.03199926831266135,0.061835831201836,0.07566955328351359,-0.026702825835515562,0.03397658603454,0.11601313492551242,0.06256152280790325,-0.0077574521573595505,0.01594332224946258,0.034444175416571125,0.059428765858057425,-0.020481525742648204,0.023401623438448642,0.00454527715333816,-0.001096321514530338,0.03353612431520924,-0.03478781811214865,0.02192989619569249,-0.008024123269860538,0.05414561669694564,0.048371522552868605,-0.01675145250819519,0.0072009197700746465,-0.054486505529013754
GGA3,0.008148493992468649,-0.01072047495889442,-0.006046352071229465,0.027443991543980806,0.036966036021525484,0.03616635824148499,0.03787827982710187,0.0040665691076038684,-0.03140873506492042,-0.01875735283211237,-0.0004641097098236425,0.03709506352635376,0.019824212949053573,-0.024242464582672252,-0.008971587895065695,-0.05290600904396693,0.040777947283986135,0.04217076005508332,0.0030792464330301954,0.006616301633113458,-0.028638783970537606,-0.02152823764904702,0.04729949095492767,-0.020862066553485346,-0.014476716368961999,-0.002960400150014575,0.005883307393421189,0.006853935491981087,0.07233969942024633,0.009003155830049916,0.0,-0.009940913618149359,-0.023897652607776494,0.012086120645272022,-0.054983084037874094,-0.08324378467725707,-0.01853392630871313,0.002889906831316168,-0.031229901220104734,-0.026628268975440447,-0.023467175500235225,0.03490821458540086,0.006454557653490576,-0.03392485782397316,-0.011487748809726464,0.004409724751452123,-0.0024983126845960894,0.0002306589771202218,0.03971953275332212,0.018555323147800756,0.006240531712023482,0.007381176249899849,0.06708760962869041,0.030863245269415408,0.025752717044844057,0.025677928486518595,0.036804827683928405,0.04773350979716517,0.02283881466004026,-0.03171742616488284,-0.014185024549824603,0.0017240396350277848,0.006313412350544731,-0.02153904688390362,0.014058211550744585,-0.0453981094672307,0.01408732471008027,-0.008449870935964351,0.031530406189101065,0.08321978746771937,0.03552809588480806,0.005765649591205739,-0.01768500817465253,-0.05264218591155701,0.012981970539963153,0.005331676683418165,-0.008989961180735891,-0.002777190479604229,0.030493127204233993,0.034581427328888574
GORASP1,0.02919718493446598,-0.010828686584956799,0.009081417357651143,-0.0498000006480631,-0.033299165726661174,-0.04804640676264278,0.009619965515838083,0.014337829715307534,0.019863211427360642,-0.05368102202998238,0.025701855946250917,0.0520798651244735,0.009050729528020425,-0.017467221396845544,0.013561949373368022,0.03557579416116005,0.008152965879238928,0.012832971529197816,-0.04085447092217727,-0.0038393951999943546,0.01704083005916097,-0.0037050716517447154,0.013354945194639773,-0.016825194222035895,-0.009800902494064309,0.024989323107687613,-0.010075299416212154,0.027754892697488837,-0.03324151463606772,0.06456555163384742,-0.011278023491378367,0.0,-0.0424986019396173,-0.033223567299482115,-0.006556210227606008,0.005303044818144002,0.003623967000620866,0.033330259543890836,0.04667294986010687,0.057287855939857184,0.06239003090874744,-0.018951232869106528,-0.02775133369415991,0.006870005952670616,0.019943308156722662,0.0344240329761628,0.0021225120928016162,0.06415725781855033,-0.04561383555557183,-0.026288057663804862,-0.017109473570783254,0.03408916663249861,0.004645388987463669,0.03387570079354097,0.01767952145328678,0.01866282489552426,-0.08037066020931977,-0.0005333643866561331,0.017403165277869913,-0.0085097392234741,0.043718451847582364,-0.002445780150589361,0.05219939230983465,0.012041243162486013,0.012546849752300653,-0.021961928687298158,0.021661203244771794,-0.028081547246692234,0.04584227419141887,-0.006373322974138957,0.03382206161078492,0.006712066489502141,0.03536467703866424,-0.05381481741140761,0.023709571396220718,-0.0020671981721074495,0.02351959326509799,0.02717337767458619,-0.02509006141279547,-0.052055934158801935
HSPA5,0.010110628960050501,-0.03488373674946224,0.016053197248586868,-0.005674929760923962,0.003401244624946735,-0.01138979031113503,-0.008556666897398446,-0.027820647752672092,-0.010310950989541136,-0.007140993524562992,0.025285273016769222,-0.022491711430796164,-0.027798634716568522,0.017058172892029055,0.020812977864608027,0.011996943177751893,-0.017154209772456595,-0.04744651129567544,0.011323600409578837,0.022036930870637853,0.030792763678767637,0.05388703153932232,-0.0015405829914179913,0.012718619770804353,0.020143635994853356,0.0041023518323203036,-0.024610465080933754,0.07745628566327688,0.02111488346026447,-0.025213108535184103,-0.024422827653264763,-0.038283236799437556,0.0,0.059707174185031665,0.0491917326248935,0.06497668810695116,-0.007300188371485884,-0.018092728595370228,-0.002416150588759965,-0.041064765272610375,0.015697317549014527,0.015058907258509377,0.0034071904084370074,-0.02520609024038454,0.014572436577171605,-0.008710179931860513,0.01572325612997006,0.05064463461313783,-0.002554824687428566,0.008061613248309896,0.003586760713249521,0.026986254743991727,-0.062415416333463376,-0.019260380064759244,0.07086993343572066,0.05141228745013719,0.07722249922200312,-0.00551499959294349,-0.026128232504488424,-0.006057846368434099,-0.054904894088544307,0.048353392059679284,-0.04135952790572181,-0.0027121930678081314,0.013653020691831313,-0.023147240989982998,-0.005974466814335097,-0.005964495212044983,-0.00025167050095230737,-0.047305237005592575,0.0026924658829755093,0.024456566491529254,0.04371394855254852,0.03859365617781356,0.048794905288683875,0.019839527166423447,0.03230389841835117,0.05902254803402416,0.03423208368890588,0.02988525902989079
HSPA9,0.0056148622188522115,-0.016445962961633344,-0.023226386365478174,0.019775944303319547,0.03191969514445091,0.02501361287321284,0.027132264293090267,0.013632065270398624,-0.07137252881227048,0.055056654610896025,0.012716845122480499,0.0365506781253144,0.016620365208777067,0.019903556773637667,0.06121519164171898,-0.0070589850291543,0.012481578601828434,-0.030593335785376555,-0.01458772536955404,0.003019690825407336,0.0011875116837942146,0.027353277583402193,-0.03935044369510918,-0.014437396668877665,-0.02856042141445757,0.0007673459986639493,0.005068416397074322,0.02264679929396951,0.01241537259688509,-0.01809485492227474,0.012079650914014445,-0.029268942123590984,0.05839198984694613,0.0,-0.006447176738816987,0.047205051930983205,-0.005566905679008458,0.02760855827310918,0.025516103386195612,-0.02337056519195249,-0.029286195487049662,0.04228109559130951,0.015111397623737968,-0.04068258663650209,0.018751656056864012,-0.029711732112796117,-0.02183273867674111,0.0185580041854354,-0.002658490658050963,0.030649012574592304,0.03758879479917164,0.04247761880092376,-0.03636086383027881,0.007597784895188111,0.0024071111099773037,0.03198995161833458,0.026445080696517995,-0.014257516494918611,0.017468932964433713,-0.03433593771373616,-0.03224262026576958,-0.007443390410646662,0.011076387494402368,0.02763580998491978,0.014760186067160392,-0.016850079594136053,0.009305855255880959,-0.01650580865718462,0.03269719260945968,0.015567680330636742,0.01822895662732752,0.014249214599688621,0.0005875486052554081,-0.018461488224201447,0.01728867333013437,0.029139056613812428,-0.00031262128464167873,0.022127422688753305,0.04900585034544561,0.028506071950917936
IDE,0.1389685512466718,0.028519452384380806,0.021075705905028948,-0.07888430071409981,-0.059343069727463664,-0.08525937307558241,-0.01819686945258675,0.08045744629754077,0.06159002340369759,-0.03218370045071008,0.021838358799076807,-0.05803852672109211,-0.0742396156737093,0.060727626903735586,-0.006520944320090708,-0.03165959778730887,-0.06839173798147541,-0.025390604323485076,-0.03244461881136799,-0.026436193007379725,0.0014554517723318577,-0.054595981785764344,0.05688217599422015,-0.012518081240164963,-0.026426719583339,-0.0489908409610514,0.16749474654019347,0.05177297672922532,0.023392063203935366,0.03213501347602768,-0.08534931370993792,-0.008970509559792608,0.07471750402665805,-0.010013203772275032,0.0,0.05655092496367275,0.02547115388470523,0.08044300152631315,-0.030271001620375274,0.10562905766738334,0.051608104398815934,0.01087126294648404,-0.059614313565322936,0.041198134054496335,-0.016491744317934272,-0.024846061504573247,0.017723875263292367,0.041191620882482835,-0.020401828027615983,-0.04372954458346322,-0.048393877074227994,-0.02272992475427558,-0.08654341136805918,-0.047442810930396324,-0.06491547053722353,-0.016959775979718872,-0.026215876235006107,-0.07712407572171355,-0.019017820284527826,0.03235977859067882,-0.039887227806173056,-0.017736437626901528,-0.029359078917269608,-0.03414977752080279,-0.10346976753274265,-0.016356565009906045,0.01640146657774387,0.009367818217338175,0.10965728755182953,-0.037913675936497804,-0.008127714893382414,-0.009595331575530669,0.1396176879156589,0.147441646941335,0.04990394787212327,0.011717594592248384,-0.07941984133853293,0.00439943153251007,-0.001343426434452202,-0.07531807288612215
ITPR1,-0.06450850853144299,-0.1187403964010338,-0.013909152688219862,-0.0009102582427315852,-0.08588850191120584,-0.06079606247362074,-0.03341095968997979,-0.023429177389021033,0.06481114765099721,-0.01778825260872643,-0.12087079200332047,-0.036237704656581604,-0.008952695938144585,-0.0032052392802663465,-0.00671038471213046,0.19195909414333676,-0.1483789631964889,-0.12109759114989652,-0.12225399034072831,-0.02984177607734303,-0.07269611693042634,0.035206617226136785,-0.06212189836883262,-0.0564497776278386,-0.021941593049294206,-0.04925489645001081,-0.15646804926162494,0.0843929808384588,0.1698767721553594,-0.055648360493188595,-0.1263668142639228,0.007095774778800146,0.09651572782894383,0.07169720747518239,0.055303166095462035,0.0,-0.023723343176285345,-0.023329727892902583,0.15705955518897363,-0.0011819857670165384,-0.05327169977158698,-0.026119638149462446,0.08068944308838158,0.002281339941617141,-0.005772662521704464,-0.05636600648603009,-0.05578120219317593,-0.06350173539585957,0.07251630378471156,-0.021478308251302723,0.04160913032500867,-0.084188481613163,-0.20650980250421305,-0.05929683926077301,-0.07028685098978572,-0.02194033560616225,0.07328872256307667,0.021225219639602236,0.05231595079574888,0.0035293658653810693,-0.03273188229240696,0.07250477323133012,0.06389369766255262,-0.013876514862384967,0.012180663440590562,0.05621746373134236,-0.009569926025415586,-0.042015935921875996,-0.015565083556535011,-0.2800351417427628,0.02592038883803349,-0.022277246601032894,-0.016070177148579536,0.007331471486551966,-0.0102786703556783,-0.013467853248539661,0.13129502097363768,-0.058857599199798424,-0.03647284647089371,-0.010640702855020334
ITPR2,-0.02175766191618764,0.01235371315337846,0.06656940050323149,-0.010572741489681103,-0.023009791933773227,-0.01950518941314908,-0.02206062710464835,0.07084132045101803,0.028019948282242114,-0.008712178460494779,-0.016597615267709975,-0.0008403066341667752,-0.0636547734249317,0.01793593598485565,-0.0042335114464786,-0.004467420261286104,0.054108271544570895,-0.04841462767566805,0.045845059655760516,0.006387919038603329,0.0024834775676984035,0.05683273818748414,0.011119493798944375,0.04092561266565324,-0.05411742584465809,0.030335940325878667,0.015576956135876443,-0.04996127327519007,-0.038603730465889566,-0.019995621860933316,-0.01949141826844504,0.003359336810015974,-0.007512238625113828,-0.005857636442770891,0.01725653877475002,-0.016435036795818835,0.0,0.019926394925296458,0.010769674982376378,0.0855854159849215,0.061570710438027594,-0.022786003130954434,-0.010421805085993559,0.044137230799145145,-0.0018566478866086469,-0.009057474105073468,0.005516363863342493,0.027880469419952644,0.027712978348364486,0.010635455094896672,-0.009863903527081016,0.017610198149358502,-0.029012251664781698,-0.06457325436943506,-0.009111975235183232,-0.03574760138224047,0.04358615491791678,0.011831717511071522,0.017954255523246088,0.022366054130126205,-0.010958942769720044,-0.03811987592696864,0.001384741120156175,-0.034211967493441534,-0.03306688318211811,0.004850986564793065,-0.030910639112242948,-0.013036217037781898,-0.005372821348531071,-0.013170384320655298,-0.017477265171858332,0.052098054469364136,0.009942046631210311,0.020045018348629602,0.01069491258525594,-0.023120833250667085,-0.03171287333855029,0.04874330545281711,0.012384687259781365,0.039326028606830495
LRP1,0.050894539737872634,-0.01965255369825924,3.8540683685791425e-05,-0.005481452690048394,0.003777376242380263,-0.0025565164974026364,0.018644342080503404,0.034528032508209655,-0.024491483870605207,0.025550626141265822,-0.012273671397658304,0.057348546976830124,0.015896172174883857,-0.025826665409808908,0.04525879000695613,0.01692925564830505,0.04257407418143951,-0.03111462088350974,0.007277247778315565,0.025363895798363425,-0.0007246675246610637,0.015373919863409326,0.023425029793377287,0.021155391238279503,0.014722252952018565,0.023178521130365646,0.04550779993916082,-0.01589973702312881,-0.06489080144114649,0.06515714169767553,0.00294563919577261,0.029945233863536716,-0.01804509097264175,0.02815606621744061,0.05282178072451262,-0.015664775028638535,0.019312941841531196,0.0,-0.023034508916254276,0.059826726690232125,0.03957465215186551,0.002436305487798927,0.030900860079942388,0.016941179056778652,-0.0006091063981049691,-0.017920148361257063,-0.02528688071666536,-0.028630120192255176,-0.028771071371716955,-0.017304351787399582,0.03226787290192238,-0.0025463148566258263,-0.00686464162764439,-0.009657883042412945,-0.025816336456252843,-0.06909145176023813,0.00022014727241447858,0.004018895968266068,0.052425735895478755,-0.04346489069100392,0.005064481309756868,0.02034987743280413,0.005057883222628358,0.03763805025470198,-0.025445412830679852,0.003440662592074316,-0.005016108237842208,0.007371454787352848,0.0967255971404393,0.032058213206227835,0.016254080213256663,-0.002374163178921456,0.046346830532614174,0.005389226622862928,0.01581311031224542,0.0023228033793462606,0.02961357750627168,0.02781971458633722,0.04879031762649767,0.017870143056623287
MAP2K3,-0.005893498171884956,0.031156053988852545,0.018016270733135744,-0.025645510404901976,-0.023558054078200663,-0.04847235752988582,-0.02351780455975811,0.020637930186745694,-0.007570501501395871,0.010807628886589829,-0.07091038594156972,0.01368149363729256,0.04552983416289016,0.006817491382379065,0.0276401108186848,0.07511613634703056,-0.06942544040561573,-0.01472236462400835,0.0014585686669592595,0.04942620213195969,0.036136131031718546,0.06987399953863715,0.0339429680182441,0.058468118426284146,-0.03066645586833743,-0.019925514347546393,-0.023502942238158037,0.05493571864128932,-0.03728474520463334,-0.04472708798965256,-0.03776915926476996,0.04975368618270402,-0.002859236008106477,0.030875471710327916,-0.023584276677520236,0.12512665950731927,0.01238492254190714,-0.027330649733983085,0.0,-0.010956525257303232,0.01600240120724446,-0.025177187831754766,-0.004543569454278632,-0.07216661350512822,0.019449635863021775,0.009286330104246699,0.0312853944475895,-0.03318036763900347,0.011658088535444798,0.014803366096461467,0.007077927586130109,0.011105594085775359,-0.06699997430223631,0.00405983475111007,-0.008612416069225403,0.015460122996480577,0.022870278330785573,0.02826409423988322,-0.0126292552140987,-0.03347207498040076,-0.005758681588498334,-0.048209821954155595,-0.019124413236990895,-0.09003155466482958,0.012167425421097814,0.060701751833576754,-0.042328965651885986,-0.009020038465792943,-0.04704147454590281,0.008835128978614245,-0.04727518811409896,0.01961542429203211,-0.04253086337159761,0.04253962049858148,-0.023685017143044915,-0.01544670512739576,-0.051853642757484816,0.007431509489629342,0.0127954492646104,-0.051590081677719515
MAPK14,0.008911109248562579,-0.011865897012708456,0.008198774982045673,-0.008122028302162427,-0.024996148196354356,-0.017699071873362258,-0.011418970138784233,0.06736879176166945,0.01478608174710353,-0.003638632655967347,-0.006349251166015723,0.03610235419972475,-0.03665817528201234,0.011407518333088375,-0.0017037147509920592,0.028053164830589238,0.022464819067444824,-0.03651771718778913,0.001993297679261064,0.010903370467663041,0.03014604193090586,0.0032677286406511625,0.02535289576455405,0.02757011312759783,-0.010747137583752972,0.026962997745754242,0.09220684715728872,0.011573206400634922,-0.023637840747840793,0.04776244572649831,-0.02669791585573329,0.05062794487286631,-0.04028682744674957,-0.023444241231584704,0.0682255260440775,-0.0007806663358608859,0.08159399197316737,0.05884830496672003,-0.009083235243164716,0.0,0.06706547051421653,-0.010403294409899436,0.021201822105637553,0.028154550718696148,-0.00793264711430906,-0.015103150352495978,0.03624314814449,-0.019854678892656002,-0.022774105175919157,-0.017318983252081362,-0.007479014160673542,-0.03714410044558401,-0.026192565792889724,-0.026484455740142885,-0.06029322363429628,-0.06151063427422287,0.009787797942583365,0.02053819021850069,0.02266684752926642,0.02283185135799158,0.017807400797715773,-0.026594136456674747,0.015379448207026273,0.0297088310391529,-0.002741599866032494,0.019725968528503397,0.015582426607166373,-0.017712544511212087,0.032110414137047946,-0.03564666497019979,0.011167245075258712,0.024584956503464803,0.007562637326754729,0.0030323904634720635,0.0109086651208594,-0.007300076810330087,-0.00619467574887245,0.01880897505027169,-0.008004171338646582,0.012685500399256115
MAPKAPK2,-0.01825022589593374,0.0019104720549429563,0.035817098118203855,-0.02751706500172071,-0.02323314923521839,-0.03243031991276757,-0.016077563627433355,0.02146842955002725,-0.004838988565977201,0.0011069216002699233,-0.018755954932064407,0.012203458102789968,-0.056453396849587355,0.03555573786772045,0.02647631004356736,0.0035643308250312778,0.03932875227661087,-0.00983068699061276,0.05448975999010254,0.019988074331738225,0.036487015128706855,0.02103791750800374,0.013478329577222909,0.029592805011029805,-0.012436609354609274,0.023657120948476686,0.06099786534862724,0.008451744259479844,-0.03191686883586895,0.01868901280335536,-0.02290748537208623,0.05368155685382637,0.014993441844916001,-0.028603033506918982,0.03245365139637301,-0.03425562779842465,0.05714980491022332,0.037899893924810885,0.012916208420596828,0.06529518365064206,0.0,-0.019284323126547945,0.013906717885837661,0.02350567586430219,0.024959713338748885,0.048377257372073094,0.0066826569752107936,0.004576518833064802,-0.01040697774867589,0.012992158175523289,-0.021898893133057692,-0.01591329303898783,-0.019819372445877233,-0.02298464423084698,0.05760508023450099,-0.004474048762142094,0.033163815096150184,-0.004821555537474055,0.007754140482724541,0.02962060524596311,0.02872711165525565,-0.01808716841880648,-0.004506202835749313,-0.0027438631701320383,-0.008336071652646639,0.013386285516677426,-0.010263831415464575,-0.0035243782491471633,-0.006823456774790908,-0.011287319561904914,-0.0013545893715294403,0.04027811731092409,0.05537331074882874,0.04053327141670565,0.03392506290201694,-0.00990461871351903,0.005590538731645699,0.024074912859960457,-0.008748338933687318,0.0006742233428394037
MFN2,0.008272232139549859,-0.004158040100625095,-0.03329655065242955,0.030050617572350252,0.05306517148294235,0.03869731740160846,0.040287398636727194,0.00861801787132976,-0.008102994327747316,0.02454491400992618,-0.01107519541512261,-0.004748708802904223,-0.01788012888593956,-0.024610711621386446,-0.005979269641577603,-0.013209961712267,0.009190082810754667,0.0025353866639439763,-0.053480626375264885,0.007548517601502951,-0.005560240470414902,-0.02322859959590475,0.002820713206423614,-0.006589788430032954,-0.0058055129304844045,0.0014783851896786005,-0.004599693520262974,-0.0005192052673875605,0.03959588359498786,0.006732432669740467,0.033508274780664885,-0.01603449197109059,0.014144160921071834,0.0406072149747825,0.006722541535554503,-0.01651620890948179,-0.020797760594496957,0.002294354208055099,-0.019983195816215465,-0.009960035708849445,-0.018963226588657657,0.0,0.027370774810322088,0.0038853551401602467,0.024291273233349876,-0.01412362013123987,0.000941298172782021,0.003404306385152038,0.021187680064587013,0.02489623474262898,0.006422361723700309,0.007211653279407267,0.02434680659793537,0.009180811888552479,0.060784083496743815,0.019837031233610067,0.027769074486050895,0.012151153860523687,0.012578155025655572,-0.025293356240105157,0.0055799606890938516,-0.00017054487193405242,0.028580961109818896,0.019624212706529635,0.018004925984729286,-0.0015547079672626203,0.03163998544854679,-0.01762550195806538,0.04686919759126264,0.016239973715930316,0.04228167854863634,-0.026618266433984836,0.0163318152601195,0.004895163245346946,0.03247587989985246,0.07103941949298999,0.028709665457772926,-0.03995263282514257,0.007476316019947634,-0.011876579781081762
MIA3,-0.044672321380991524,-0.027140552275301436,0.036679783966957744,0.022658620461914695,-0.0037195511246492286,0.008144252556472985,0.010368898539386669,-0.04829024280834833,-0.04221064838016317,0.039516067958178476,-0.034550058347105304,0.02483047407681164,-0.007920233773233696,0.009624720062375936,-0.029603947226668145,0.004586479334386042,-0.02491123933819399,-0.01803883060720661,-0.017007120428639673,0.05285730520478996,0.03403350478501907,0.03044847339168826,0.0393929476675073,-0.010852776686699648,0.06561435597080635,0.059546957823439654,-0.010270400514612242,0.027660980861221013,0.0548322191634425,0.0303884129501463,0.0067690454819955,-0.02565299712969235,0.003496364090854195,0.015856163751349354,-0.0402754645253658,0.0557437839849579,-0.010392687894881434,0.03179331455652138,-0.003939956364181863,0.0221768423534664,0.014940632923817957,0.029903609183366903,0.0,-0.015508098200598498,0.007184779864247753,0.023209133793973068,-0.028986267898618454,-0.013188149032990953,0.05790822444374411,0.08496566892573892,0.011293287032331697,0.005383868962671369,0.020671097050476466,0.02065073566673291,-0.0312384605396801,0.01362969230796875,-0.008473652309498625,0.05406573657082337,0.02056627514818751,0.04122821705568845,-0.008546409501301961,-0.007485863989495036,0.029152856355185365,0.01846030387595499,0.02500572951492211,0.014874441016404004,-0.01002838283278805,-0.0047383163501005,0.06618872931235165,-0.013245695054665958,0.004288695093537251,-0.015393111443704338,0.02386886516173005,0.05881316079194207,0.037774752415989384,0.012028940133583159,0.06723182872755855,0.004258508272153902,0.022058109468958354,0.031039506161538326
NCSTN,0.07809870088586061,0.05815905725772488,-0.02784230618011905,-0.04688029536926696,-0.016495275388714547,-0.02095781324500382,-0.01879374630847456,0.029204561189856273,0.08717923765211964,0.036612910137997376,0.03618244557435467,-0.006544389673810195,-0.004459749792836336,0.02093282546589486,0.03170734473565287,-0.06698987209750072,0.028983881726779518,0.022542050350983604,0.033095799482906994,-0.04112904549454827,-0.029710501082159224,-0.02605958415177036,0.029359738555215,0.011551329740530556,-0.03244083610316293,0.009365161617237258,0.039906303809987165,-0.018227222827468963,0.025943820315745336,0.007604886952660702,-0.0393795419840741,0.007029153751086727,-0.028629740396763876,-0.047249119916351695,0.030807696949002195,0.0017444615790663885,0.048717130164203724,0.01929303484153033,-0.06926634048717027,0.032596187027833234,0.02795173503315337,0.004698496576504055,-0.01716525339739749,0.0,-0.007334887983954251,0.020506071982250143,-0.038490751344910194,0.08784296026823663,0.06914040528507968,-0.0007325225760451695,-0.0305490211202821,-0.03783050022285842,-0.01763294713959125,-0.018831864979852404,0.009195195734946357,-0.08050354978170624,-0.020524383405188733,0.059497107530536414,0.02204361206982684,0.013914362951957176,0.017639703977911477,0.08968300637841266,0.060362375443648274,0.019131445257361202,-0.021553560330695193,0.11923309013918706,-0.04832569150680793,0.001414123226619095,0.04592516995339464,0.006458575501445549,-0.026609478118720796,0.00538851525294285,0.00019308963005934302,0.04971390853617072,-0.03261809669342779,0.10501344003898927,0.06733863023331643,-0.013480500563345332,-0.036486335970000325,-0.044133286781418424
OSBP,0.013703079936857574,-0.026239927635659244,0.016799006489203124,0.00913482851006518,0.03231481335143396,0.006644344055950308,0.03485294672407012,-0.012100591126696173,-0.06901739787765226,0.056576442390851585,-0.00691776910573531,0.05242308621036504,-0.04689828004368691,-0.008163362869539961,0.028233902986541062,0.010048432754670595,0.06500503202072118,0.007126391335976282,-0.024438550833047273,-0.04378471414470575,-0.05127643865685637,-0.007155573295286795,0.014831671463308287,-0.024711993935971007,-0.04950696114928534,-0.017663909957895182,0.019366731528963704,-0.005758948259558415,-0.0013695365432301481,-0.019567775309960612,-0.011702832306007424,0.017907978164632236,0.01452604963852066,0.01911297188389383,-0.010823100892460085,-0.003873923141945335,-0.0017984964690199484,-0.0006087703668384564,0.016383278691172634,-0.008060087590677644,0.026048279765676204,0.025779939809055,0.006979247016776057,-0.006437198665874567,0.0,0.04103777892914703,0.028277205241407238,-0.036125613149990785,-0.003219696950712672,0.026826276234732317,0.019021615648278187,0.03883940528450719,0.01321313579539451,0.004040897732231136,0.07505057519462967,0.01555386774798011,-0.010153361331711762,0.03307450455514092,0.013851946246195878,-0.004197894714556647,0.03849434873100272,0.015998045486317707,0.029466786441494048,0.03367944284804254,0.017221345353691957,0.017749286793963745,0.04978395388164845,-0.018420261872151674,0.00371482643549746,-0.03375779721161643,-0.01728028748692837,0.06172733356687114,0.04497516382574914,0.03831064455732659,0.048587504885007154,0.028631375616944014,0.041975940007716706,0.006712728530369767,0.004687986428911606,-0.023398413283669692
PICALM,-0.03735133463620706,0.049995297305904796,0.02269921701251248,-0.024031425867941734,-0.018815881401755413,-0.01554534739417361,-0.010002646650913395,-0.06821261772386636,0.019794567119212618,-0.028526260474953498,0.014850334101011702,0.021746541719628556,-0.014700853564294531,-0.006319519445824927,0.003408329942627055,-0.02641603298797957,0.0006138329214982627,0.05590316249447855,-0.026293884399197245,-0.012215223894202643,0.03489652826913662,-0.022933491869295212,0.03942975052174889,0.02170751932906742,0.006665685644314392,0.02099147635018972,-0.01445305105789141,-0.06338939973446003,0.020495896492929086,-0.0038894619973952513,0.0047098096356855265,0.03240760418018741,-0.00910286908943629,-0.03175063266532548,-0.01709536942822059,-0.039657736065181595,-0.009198626039471622,-0.018777499711876776,0.00820104664711471,-0.016088849627820118,0.05293178239037301,-0.015714966829082043,0.0236368639722427,0.018867820014421364,0.04302488002924349,0.0,-0.07877625430033039,0.016285138160278493,0.021577719975550105,0.020703843787245376,-0.024785505674835572,-0.009329930426789217,0.03315120971464175,0.09841805820553796,0.04154057954873333,0.01724936610268498,0.057198181167037156,0.04333550081818654,0.029572702367321867,0.007450117393970994,0.04160550021412401,-0.02772721312289035,0.023762989332050934,0.02142774371290928,0.06244463408325779,0.03220952825852221,0.0025441334927887096,0.008301360028653332,0.02897035905904242,0.04074242161751703,-0.07345501818051417,0.02129750866819116,-0.008973219911343925,0.029689799786029175,-0.009035489949407236,-0.04341357219125831,-0.04113806668332632,-0.026617514740021976,-0.028248892970917216,-0.0015150132332060525
PLCG2,0.032303460361198855,-0.03444928851674802,0.07624425397983717,0.03783596634646644,0.046912776445610344,0.022211755746456827,0.0021654369724116358,0.06881797481711133,-0.14567795458511104,0.022854074436209862,0.05463042001953215,-0.04612947182578925,-0.09021891551034947,0.10851476282951969,0.03707350460735869,0.014110257599833044,-0.016822031259236928,-0.0349274748325412,0.0829793120758703,0.019584241350701255,0.023987393526042355,0.045848497393792924,0.07709035361418241,0.05961289367447918,-0.021171866501852807,-0.053691621576838516,0.04753748917640482,0.106046261982089,0.04624872114782949,0.08057315856385772,-0.0035530574711398776,0.0026607184291758904,0.021880499258342918,-0.03106677678962096,0.016238398197156705,-0.052259119656650664,0.007459888476102272,-0.035282145835299455,0.03679004908053994,0.051409920083209874,0.00973616693705979,0.001394627497305341,-0.03930852911290144,-0.047158415391822764,0.03947624832032207,-0.10489599204080838,0.0,0.046054975215273825,0.07446022538582295,-0.005713274160282398,-0.03790523288433103,-0.011966324425907213,-0.0009740411572917208,-0.0769068925395819,-0.07332626190511453,0.01792186367695593,0.0135929407759782,0.0351765915262324,-0.031019966235289267,0.03183476665677463,0.02684637500334373,-0.004088873756999293,-0.03358221716964821,0.051175233792461715,-0.02737955051922853,0.09668420900319595,0.05053266854743324,0.057601295229408475,-0.013380956974360625,0.015144293959442686,0.03728104207097545,0.1575680429516137,-0.0890217290289387,0.024033733105421083,-0.05872031765554145,-0.006417843467552673,-0.041639006217032745,-0.011650316439002896,-0.025113526522599183,-0.02321811693285728
PLG,-0.03459861692655463,0.044617224578681676,-0.002651315991346852,-0.06349650307477396,-0.03138703961703184,-0.0423466302572735,-0.02885825473541973,0.034681587337486566,0.05649513785002646,-0.013702424307130685,0.02977656132710841,-0.023967044087290067,-0.07452765547722004,0.06494662222620594,0.0388319129443899,-0.03873831035765179,-0.014783021926917482,0.010204622820672037,0.07211316268161333,-0.029793826504742146,-0.014780704007175889,0.015066129775940173,0.018290795311721,-0.03838259929059613,0.12227961119825857,-0.024911594126602786,-0.09239737944462084,-0.04297108354470057,0.023078484871817878,-0.0003093498205692279,0.0003203142281497279,0.0785316941995128,0.06881745530274676,0.025785150935060293,0.036850536311412045,-0.05809118592011868,0.03681543537953603,-0.03900617197248485,-0.038099594641763344,-0.02750010241827396,0.006510652645496998,0.0049250435663057614,-0.017463398599883415,0.10508971321953868,-0.04924532910998032,0.021174123616816035,0.04497042397011857,0.0,-0.050997692429724385,-0.005566279681460844,-0.0656334144239811,0.010704349247342843,-0.02780595708051252,0.0410956395949732,-0.022718205360722506,0.0717234196158341,0.02153226882005005,-0.04775507311001481,0.007085951635514373,0.07300447110209729,-0.027048085456439868,0.003061237008148056,0.08649949220240681,0.026424918939557437,0.006990968001740399,0.08154308621217307,-0.060005103604145085,0.024030937309644264,0.04198338512781552,0.032663188232674424,0.06392866568467949,0.0761794758391697,0.026297767546380774,0.0059808792647351216,-0.05803932343157867,-0.0026850668264007784,0.06572692468220773,0.024204302381577857,-0.047287656065269267,0.004510261881732848
PREB,-0.0005996660499625692,-0.006111382802081875,0.018720404765146307,0.00887113658681747,-0.00884981181817354,-0.019677714733716305,0.028543492310681352,-0.029220580881750412,0.014208012289317963,-0.0013253485761571158,0.030827854187743618,0.01246934718472675,-0.05838371022659014,0.038863159979392055,-0.010507981717982139,-0.0008460643964931032,0.07898054534952928,-0.003807219432793426,0.06068088445422734,0.027241090700786792,0.05557806862958737,0.02968658680046386,0.0870674188524272,0.023273656208863073,0.031087610220515847,0.0886307028755264,-0.04071971608642094,0.029431472422022646,0.079628298148553,0.004113749715677234,0.04881848524848411,-0.049416281990477866,-0.003072561411711965,-0.003269247864044648,-0.016153934371052715,0.0587130455772202,0.0323882409978689,-0.03469289125610102,0.011847884480282555,-0.027918177629877024,-0.013103526708598025,0.027129334737552437,0.06786712784336478,0.0732081556132621,-0.003884535672772725,0.024830979427246793,0.06435007776731311,-0.045136182613266365,0.0,0.057842734919140756,0.04455631594074751,0.044325050479284346,-0.01312414711733934,0.023316760854197205,0.062456235344654935,0.025823516987072484,0.036744991595063205,0.1758801629182959,0.03738912789444675,0.021606093588868457,0.05673021980015952,0.06542634230016012,0.023092697922253543,-0.05856730015233274,0.02838932230528593,0.10014554573583864,-0.047499894025652016,0.029549705567943223,0.008176415412426478,0.02720574926947073,0.0024750728173685375,-0.08731700136566012,-0.0460259556619796,-0.003647408671335558,0.020585289516227394,0.04324649826172074,0.019695853818492398,0.004074179445813655,0.07025852523955033,0.014000154505564018
PSEN1,0.03167399769624317,0.007682329877699444,0.08509755100302212,-0.015259881284979801,0.004706626695505031,-0.010103655756512111,-0.011423549581729437,0.02156559500907547,-0.009722643161003382,0.02904402506955942,-0.02931511029473311,-0.03894628590785042,-0.030597818437407578,0.0377136611937125,-0.035723640498066804,-0.05473914862511965,0.042675543766316965,0.00959190021993731,0.04790603953876524,0.022766293545076637,-0.0021734629766480295,0.0019353771882077754,-0.01941267769236155,0.026363307773677645,-0.027020031303026583,0.003772175585897813,-0.022498919162445917,-0.005961511550565534,0.05456534367072189,0.09639971132308973,0.021667167428511692,-0.027057360061052905,0.0092111716462216,0.03580821278834517,-0.03289558653044454,-0.016521613882750683,0.011809015322922172,-0.019824089242870248,0.01429313151216315,-0.020170728536580355,0.015541692778532653,0.0302860654209582,0.09460544877828451,-0.0007368888865596737,0.03074949291014099,0.022635637367047785,-0.0046909763417470295,-0.0046805056375673944,0.054954374276501884,0.0,-0.014055200397019695,-0.005488077434107093,0.020173701029222713,-0.007093241140666362,-0.0048238562773534705,0.019165585845324528,-0.04880521124778988,0.07689474894202888,-0.00871252094049412,-0.04154916717291296,-0.018723273101579896,0.008759756040913981,-0.03446338128577104,0.019042529253582206,-0.018807590795435706,-0.04108573406255971,0.006540912352641803,0.005834009354547088,-0.030419855591339286,0.06069695184761343,0.019057989821619613,0.043131798723790186,-0.016722213384986768,0.038153507544177366,0.017675712973071224,0.05151812771513965,0.08970517960888122,0.0026571292828089575,0.0016924519388404466,-0.012655773116391246
RAB1A,0.023880199089574703,-0.03948752982136163,0.008714306929226236,0.01866331107173115,0.02599602552590422,0.009267159035116804,0.03751347418183998,-0.008993141670082052,-0.0002447926715586581,0.006102210712035675,0.026215577732323782,0.04038013155598343,0.043991178926487094,0.004778625800058124,0.022360289233803298,0.050768799249379694,0.036235112999071284,-0.034188517937891086,-0.0025135113243000824,-0.013416361775008918,-0.008739188139148682,0.008818629873763603,-0.03008974716911654,-0.040125697447190724,-0.0015928050043719094,0.009569750505428274,0.0025144256716669224,-0.0002819431504310797,0.001277341785772659,-0.006188279931950104,0.005922013447457991,-0.014311255891654702,0.0033305004589935074,0.03568935812569404,-0.029584707138039373,0.02601089007223551,-0.00890062700436371,0.03004155605583024,0.005553761209505254,-0.0070787687585211045,-0.021288906880569974,0.0063491871127019685,0.01021897209815789,-0.02497425082264246,0.017718997450954437,-0.022021845277726045,-0.025292486374171298,-0.04485046234617137,0.03440146207449564,-0.011422238385216343,0.0,0.07437064936156797,-0.002680166270248395,-0.005765466122730663,0.016740520100759403,-0.03642482716716383,0.010276844979953882,0.022471784371615913,0.023226867726145725,-0.03671471246189366,0.03395180639387101,0.019004496072558524,0.0009480789151077925,-0.005942936718684588,0.006441465419209326,0.03274370459618553,0.017334298413565312,-0.02374202867961549,-0.008222594943637142,-0.014862469590219137,0.0033732268052786857,-0.034441470476830216,0.0015653124690756409,-0.011840045850127648,0.019416360094189403,0.032843254657533655,0.005246107029125453,0.052842491273289265,0.052044313010638985,0.009043367855426377
RAB1B,-0.002071810552137539,-0.014370106616128685,0.0518561736765704,-0.00017288458120013765,0.025987969829126524,-0.007532344150048359,0.03503970451295962,-0.02763156838090881,-0.049194432837153655,-0.00994618510679333,0.035875907727083635,0.028710341280400335,0.06987198151958418,-0.013442027638501714,-0.005443675023534362,0.031567936591091764,0.03621870659525457,-0.027100259566207156,-0.029174812879153335,-0.023175372670530967,0.0005736554268881306,0.04603239439713152,-0.0038747389798558843,-0.05465036794650939,-0.028996726836834547,0.024450492349055768,0.008040797082825,0.01038525346791172,-0.0043880073154392235,-0.03672344876698788,0.0077106805518165735,0.031388952638243775,0.027584749846489086,0.04439763532975501,-0.015296574847121224,-0.057934677315072104,0.017492640415955555,-0.0026096576079660274,0.009592730070444,-0.03870103285180712,-0.017029841224938412,0.007848335188842584,0.005362911974290349,-0.03404525526755935,0.03982755586256928,-0.009125436953531834,-0.00878966795346788,0.008052329487386517,0.03767352044548282,-0.004909686350621524,0.08186926926353666,0.0,0.0011341554670300173,-0.010207175016485574,0.06608932935576081,0.03558837474725215,-0.022844539150257304,0.020106793921592123,-0.0032541171645056673,-0.0020908868724623703,0.057390616956146126,0.022734985777110257,0.008546154694297687,-0.026776934389759904,-0.011230869946419328,0.03796975304231696,-0.010247714669861551,0.0041424577133878015,-0.007652232970192044,0.005554607964436272,-0.01351987840666922,-0.02049093863596093,0.0319865951740669,0.001543686109841826,0.035371414341948154,0.037275762736312924,0.004700429731501333,0.10459886761515566,0.07340886590126368,-0.007367749766951004
RTN3,0.04964220127869531,0.014063468494815524,-0.014596071960992971,0.05483148822270316,0.07099672466647917,0.07924302065706591,0.05894249365926718,-0.05393124840406223,-0.01244913870015629,0.001989828130274,0.021946159447573114,0.018642389105794775,0.05479103966208606,-0.012356698196401198,-0.005060748716722664,-0.042043135808337725,0.006430751068730388,0.05960440667647231,-0.0015874015498619884,-0.015356052959703888,-0.01071310215923057,-0.04238039909572949,0.02075631098796076,-0.008658733404888987,-0.013051844901036159,-0.012798843305265156,0.011159506103301122,-0.07206947320465978,0.0386052041483381,0.0686289648509108,0.06872372039837138,0.004194495525484015,-0.06256270457256509,-0.03726757015824876,-0.057112006347200206,-0.1393553979500725,-0.028259844713523528,-0.006899005725656963,-0.05675083728179526,-0.02676134660710714,-0.020798769723527916,0.02598255880938282,0.020191422781798255,-0.01556096856721413,0.013286610124690514,0.031795953521251606,-0.0007015945600228881,-0.02051144816973746,-0.01093843688771292,0.017697678751660083,-0.002893198869967753,0.0011121664747453244,0.0,0.07338657920638962,0.012399831334963982,-0.030863335423296064,-0.015463017471318658,0.016829343585193546,0.020939070985135057,-0.005539820767889362,0.027056635421322292,-0.008931154499037655,0.007619053141939961,-0.0020800562448323253,0.020865001576421478,-0.008915727704423008,0.07623262357141067,-0.008309598363355647,-0.005791483610208676,0.052931408900500604,-0.005651214753381171,-0.030820963927563515,0.006731999424488113,0.028588602571142284,0.003526327174356873,0.02930040986956769,0.0008671930968903412,-0.02758140303064413,0.006436976732913727,0.020845826753200125
RTN4,0.0012837299171285898,0.01607127815255845,-0.044045740283905725,-0.015125664609897168,0.0033797577984410374,0.010480737565951154,0.02587915447124843,-0.04408205326278634,-0.017537017669207663,-0.04328242038418373,0.03794048298644145,0.05807045473490695,0.057417724050214315,-0.0173187559320373,-0.019458337751458523,-0.001974049703192409,-0.052276760595397896,0.04213682860121206,-0.025834448985248976,-0.02215287184342517,0.03123570656237457,-0.020067928161138997,0.029230309188629823,-0.01734672025403098,0.024449928894508192,0.0500255699632455,-0.03368821850734625,0.0075644483163008,0.04844066939260536,0.026753836518584203,0.031459588790068944,0.030436383311826704,-0.019210364404933827,0.00774873817326481,-0.031153792771872704,-0.039816380328378996,-0.06258757384245178,-0.009658233142907119,0.003421788017142364,-0.026925766743933488,-0.024001182579093963,0.009749180456284465,0.020071786615636987,-0.016536826076017284,0.004043274805894808,0.09392784794784804,-0.05512153155664259,0.03016486090608246,0.019337463232542394,-0.006191880393764305,-0.006192957238684041,-0.009959783029593293,0.07302368608408301,0.0,-0.015140525588818744,-0.013527007664459863,0.0005629067942620433,0.04293817660869659,0.021359907482202383,-0.032934497960797476,0.03594109116943075,0.018847827927794318,0.012853956346850588,0.04318339249794344,0.0611979418273045,-0.007880659555711421,0.023004913146643092,-0.015608764884269667,0.03466796900221039,0.032062206583653385,-0.020869810359884233,-0.05249420830332503,-0.0032201350989572363,0.011046739469761632,-0.0034813539425451318,0.0022801494937117897,-0.011195590349189226,-0.03387160949061157,0.004706037959063191,-0.02593094155007723
SAR1A,0.04372976432100462,-0.026931494202436197,0.0007019135906874145,-0.02516937478446232,0.03020667297284004,-0.013870817190857842,0.032152811858176186,-0.08622220476793675,0.015221520762928762,0.011541774652311522,-0.01699364888673159,0.010284800680153364,-0.04403352741958382,-0.04985074524290769,-0.03650358817220364,-0.03421240845474685,0.06897559667152194,0.005372729834320309,-0.019079525341075997,-0.005398567064603506,-0.001132278845904328,0.005622929494298398,-0.020544079988055613,-0.04541612092697541,-0.013210386748058005,0.021505277884373945,0.01013923093574326,0.009498250439051864,-0.008904560363120208,-0.08754722163791348,0.031061716238227656,0.018796033152834752,0.08364186647332501,0.0029048992227147944,-0.05044053263842557,-0.055846409743078626,-0.010450544365919086,-0.030549302281895487,-0.008589357665216455,-0.07253313879039126,0.07117813114995086,0.07637792111575681,-0.03592783663396669,0.009554561182535748,0.08885878398515934,0.046911905252243126,-0.06218798686956976,-0.0197319744498153,0.06129118608272132,-0.004982681583224081,0.021277644262897615,0.07630739036344084,0.014600032596069646,-0.017915622048127737,0.0,0.0753931009887016,0.0807377242727269,0.014362033303051662,-0.009071041843037099,0.01743797085179931,0.06144115159279939,-0.06384138841705131,-0.009501652392640099,-0.021669901285689165,0.006457600657939708,0.004163330456501895,0.010590710171491864,0.005336348512257886,-0.023863933197371418,0.00534319339258955,0.05261287134291893,-0.05982015826872234,0.10096849986135031,0.06719199714158708,0.08626627987789595,0.08819519868597812,0.09409972901643394,0.030314049384603414,0.03484895338977104,-0.03675967833313044
SAR1B,-0.07364379023050338,0.013316044549419306,0.04096560669842898,-0.0021821316559554865,-0.015590745809633945,-0.016800191608182614,-0.01461258842682308,-0.046941636357496375,-0.05922044027606455,0.01830423447760584,-0.011090873775362484,-0.029136083426009207,-0.05173290676163911,0.00411641070758584,-0.003790788542784196,-0.06265562602070862,-0.010172995600414394,0.04089308254296418,-0.03012625476345278,0.021417936252783945,0.021698854633552245,0.005823885446837296,-0.0020406230292097515,0.014318152436012957,0.01614204326256527,0.03029794781738245,-0.041616234661788286,0.059995924488575374,0.01993666267196666,-0.026573948825610056,0.027011825282750652,0.017304722264766002,0.052920041111824544,0.033669763929340325,-0.011493257080706483,-0.01520393462642425,-0.0357573103780366,-0.07130542237191574,0.013447457631344391,-0.064537141784309,-0.004821454396841969,0.021739331890298346,0.013671590789213608,-0.07295521697982528,0.016061137409926155,0.016989289434687714,0.01325628025869223,0.05433117108405801,0.02210187752216272,0.01726562996669768,-0.04037789291605192,0.035837273960942446,-0.031693664878494066,-0.01395996185509025,0.06575414904958697,0.0,0.008523048271564845,-0.014085889960831407,-0.022898368937990982,0.07739779638836766,-0.028066341900351892,-0.004187246360699296,0.047585087947777,-0.016198515357179158,0.02445766835177149,-0.061289975951686636,-0.03149964758522237,0.03882073488729302,-0.0336134764892531,0.02515824547981714,-0.017055659930307505,0.004030345985646936,0.007539167344604756,-0.0012971973289329065,0.048552556118209154,-0.045925211026874184,0.02565338795859735,-0.022012822794155548,-0.020258466609565488,-0.00982888204339852
SEC13,-0.03602077812175632,-0.001788486316897826,0.02010061255663671,0.03339725832384274,0.03469700227145743,0.03406787307145457,0.0034834376705214533,-0.01613183191769201,-0.000655119783009422,-0.011343909986725421,-0.008926390114417412,-0.03874010450118017,-0.055109876590555995,-0.010132380363656284,0.032485975225382144,0.02128182145828231,-0.02363836274735952,-0.029268139614419993,0.0015198336901146032,0.061492232260964605,0.044806968554136295,0.047305830858501034,0.03783488470474238,0.06198335427081023,-0.012247668714764827,-0.025380029086927262,0.0170632990871406,0.04106527149552885,0.03574804945700279,0.02856341081920133,0.04034466708461695,-0.07765549428574656,0.0828293969126884,0.02900405935059976,-0.018512914192188906,0.05292212564036891,0.04543116736456267,0.00023675488459524958,0.0207293693766529,0.010701186126803316,0.03724167757043697,0.031711612178727804,-0.00885708963098525,-0.019382011274196736,-0.010925344448412025,0.05870454073217986,0.0104770576288649,0.016996725952431894,0.0327717271830881,-0.045815657885752696,0.011871165456484003,-0.02397157743037333,-0.016546694539862898,0.0006053497766506699,0.07337624100211944,0.008881418779637678,0.0,0.04692658858392925,0.05016040759883343,0.005234853879650057,0.03690001327913614,0.01528181567946402,0.01409456285763414,-0.03243059029902868,0.08329904645380287,0.004119275204192854,0.016185532204547447,-0.015524483660650283,-0.013428161092194657,-0.022313979624169058,0.015943486348258828,0.041306998342374834,-0.017907170984629597,0.007455021687800271,0.023619026540174917,0.011167354593572891,-0.01931000628229843,0.0030096915063210924,-0.0004917675270995097,0.04150683607148178
SEC16A,0.0195317456910089,-0.03752332079404648,0.004977632360480467,-0.02503899327151271,-0.004398936759064986,-0.01758484983667375,0.016408649619567044,-0.021307381037769135,0.01582397317993211,0.006092134191700728,0.032596238247845584,0.02119587245489783,0.006772583564016539,-0.015529861792452453,0.00046063340479430263,0.0005675929376012628,0.02608740945720288,-0.007176860647368322,-0.001158055481590508,0.009787813771640534,0.011376625830451502,0.006622941240425022,0.09410741849260365,0.020735300369209047,-0.013384484797209929,0.04734697780878539,-0.007201495080719549,0.01786732783478209,0.07821173356672825,0.053691224899475636,0.05089765889398711,-0.0005012931350185807,-0.005754124067312801,-0.015210758178701591,-0.05297774555643899,0.014908893461990251,0.01199626969763383,0.004204220581428479,0.024919699644312666,0.02184249198975557,-0.005266778026358452,0.013497941043561288,0.05497125021577617,0.05465346064156703,0.03461877803711497,0.043263971760157206,0.0263738027931029,-0.0366680727178157,0.1525847492630448,0.07021622940966744,0.025250163942124166,0.020523438747040042,0.01751770751298607,0.04491657000862109,0.012696615731877518,-0.014277914680816408,0.04564698255139101,0.0,0.03366356145715551,0.00013209897158458848,0.034152231206601776,0.04191719359327872,0.02808947467107455,-0.008662639882339458,0.0587619402901442,0.06193367514488994,0.00039233731500976364,-0.014307280669082524,0.05313148646355705,0.012257691307560489,-0.011461789918205425,-0.015198685872775806,-0.06215227859920344,-0.007426692983274413,0.02104146338124354,0.02662468104443191,0.06744566157108035,0.02014030549163501,0.03607154074303874,-0.01851499089903076
SEC23A,0.02543601892626372,-0.02437126971947784,-0.01910346410990943,0.03601615978440564,0.02550257191287763,0.030181546590695874,0.028091914338809903,0.0254686087700334,0.014890732723227315,0.02136618396234636,0.0001368570008599813,0.04029494951875107,0.010543629511971681,-0.013364086788151316,-0.007870876798582721,0.016341299536635268,0.012895485156967737,-0.013344655726379606,-0.0280055367550908,0.02417884846212568,0.030132594670186738,0.0034112641457086285,0.02143185064686386,0.03935166547692985,-0.0034250866548153447,0.00036423260149397483,-0.028676376659005094,-0.0343578030283708,0.02013476689985806,0.05889659645757089,0.021830009134936997,0.014662293447318607,-0.024437101247018672,0.01670626156431146,-0.01171035764633215,0.032940733093212264,0.016318181142309617,0.04916195943740595,-0.009981398385862835,0.021609118734209537,0.007592720716734649,0.012524859684305334,0.018744551400004406,0.018151415258528248,0.012996760131550444,0.026465463116024015,-0.020848088344912197,0.004877223667850272,0.02907672731731201,-0.00713165909637677,0.02339500860056671,-0.0029774632349430243,0.019537699345458293,0.020029415371811566,-0.007188448004183156,-0.020806113282376297,0.04373811546869596,0.030176299380373726,0.0,-0.023113577142980107,0.03239787791960437,0.047924175693249096,0.07731538042649877,0.025291251398980488,0.03822024891495456,-0.00840349985177928,0.021427257536951773,-0.03653010753760303,0.02137239573877564,-0.011952257445111365,0.03117152162942757,-0.0006235053804753716,0.005119908359304112,0.012372240218072242,-0.006025829259493578,-0.008912529648798379,-0.01757465007820937,-0.006212176232270525,0.013684131185083031,0.04148403195722972
SEC23B,-0.059744479809592854,0.014533427659908388,0.059377043602828694,0.006120861492572386,-0.03244654408139133,-0.006285810605189151,-0.02935939748762213,-0.03542363979002871,0.001943049988034011,0.03973392649547094,0.010995788668455386,-0.022852194936518563,-0.01420627547915286,0.07132086039298072,0.023690427167447205,-0.005371385066172382,0.00821350314111116,0.03210373923886073,0.02132070484035055,-0.009529089054123415,0.02446517074479358,0.00966084469599678,0.055703663185621755,-0.00844283755125168,0.04974953012757827,0.0151855555414743,0.035311053197184805,-0.028152739745696174,0.039760446443015185,-0.023328141501024656,-0.034027667808187355,-0.008047181626513682,-0.006359336424681137,-0.036856636593302565,0.02236499734977527,0.0024943058662595208,0.022816425600886137,-0.04574852856215617,-0.02969273316616543,0.02443098350349751,0.032554541156059616,-0.02826937952860532,0.04217623931681982,0.012860117897250235,-0.004420890292632042,0.007483512551346992,0.024014883185012756,0.05639983551685979,0.01885950678554227,-0.03817358543772319,-0.041507500649443974,-0.002147324342931127,-0.005801838246516993,-0.034663614247470324,0.015510571584828645,0.07893486959923615,0.0051233905539158,0.000132910485788088,-0.025943051231551155,0.0,0.05269741927316005,-0.03731993125002678,0.05174840602316631,0.04215150801964536,-0.008679628391296176,0.0389352679436961,-0.006104542574986592,0.05006424905816627,-0.019006778091031688,-0.03988330948074822,-0.00837471667767318,0.02960856036255779,0.028479566669403728,0.039810330679060035,0.04640141789194704,-0.03661232164639872,0.028790450589370447,0.016721933444340437,-0.02391874094178131,0.014962176440818915
SEC24A,-0.013948126195306299,-0.019225709956918254,0.04279390959460922,-0.005057615183278479,0.013505783979228785,0.007442084317505573,0.02521575728474105,0.019817338635381408,-0.011830373140574668,-0.0011930491573698674,0.013971159407744491,0.008005072400392681,0.00578209226088276,0.03786075995795435,-0.036743892933181005,0.06957446844655783,-0.023025479472699128,-0.0007288379486822061,0.00986328530440337,-0.02457891755735783,0.00571890619238657,-0.00955437169696688,0.015847715676974287,-0.03293122447998887,-0.019919833525829735,-0.013213585675792618,0.0400251407279075,-0.026221346757214846,0.022587376854492025,0.0299015786194235,-0.01533048162712449,0.04164700612237068,-0.058062544509870834,-0.03486491228087271,-0.02777081488431059,-0.02330319493800712,-0.011262073489302141,0.00536988483223839,-0.005146145560119648,0.019195163517431273,0.03180541546054746,0.006282498815423456,-0.008807414941432634,0.01642344935373355,0.040838203832004524,0.04210024114846064,0.02040120971700818,-0.021050206895230784,0.04988385458294318,-0.017329014383102685,0.038667028469910256,0.05937443164451759,0.028545335562995607,0.038107066152929366,0.0550532120234129,-0.02883484171167753,0.03638068586557886,0.03461547943535798,0.03663210830637801,0.053086098384798545,0.0,0.09943710934811854,0.05596015911716439,0.03158281921406516,0.026201736719498065,0.026693869178675497,0.019280381956589977,0.0019479381022085443,-0.027517890647011933,-0.028429457562063054,0.0346307769316373,-0.021887921561325442,0.014165162833283543,0.030198521150289252,0.007006353064757897,0.03485576621948979,-0.012630328285948395,-0.002889598477084457,-0.01186549954467156,-0.03364330285686996
SEC24B,0.04742252378229679,-0.031241429226906637,0.011613806908703572,0.02835612820143507,0.024485921913349733,0.015257139341331598,0.01572142007567278,0.04952725579544954,0.02719613076338364,0.05384214342338696,0.04114788044983585,0.021323509118904998,-0.0368341350179933,0.007761783143289498,-0.07476537100639563,0.10007836023022014,0.007637517381320544,-0.0068369203484337235,-0.010011574887673791,-0.04187840389308472,-0.0006603532607356982,-0.005553158843281249,0.00856036459476872,-0.005207382956866802,-0.053665968101862596,-0.011053556794307516,-0.06464450078046498,0.07614412181065107,0.07564150678728955,0.12208898057874101,0.0022280651200294794,-0.002786065710294689,0.06114583482119703,-0.00962462846901356,-0.014766449780055639,0.06172569844344564,-0.04684422984400595,0.02580160506427674,-0.051516868306734555,-0.03427931240893769,-0.02394609052022437,-0.00022961215153920504,-0.009224898966711236,0.0998477236071831,0.020295114699175297,-0.03355018992584889,-0.003715599508231651,0.0028488640221112876,0.06879440305895217,0.009694803883463013,0.025881485374374662,0.02812601380226392,-0.011267404661337889,0.02389629058538368,-0.06840385309874501,-0.005144168679288553,0.01801665838005934,0.05080405697038347,0.06479700435838139,-0.0449559544166862,0.1189059035988214,0.0,0.09490233638057449,-0.02153046215786204,0.01464170353418945,-0.10292962880213172,0.016413305990197115,0.0023791972323053824,-0.05474031499829334,-0.03268693726708713,-0.02405067775877058,-0.020694971846401112,0.029081457796040485,0.016134661311696347,-0.003122185273114241,0.010006457867255656,0.018214604880095953,0.06442994759653173,0.03561487369516707,0.04845828797224186
SEC24C,-0.012332014140995651,-0.004341605461552579,-0.044116049322005566,0.03530796430383138,0.011417233186182959,0.026302889631339844,0.024588465097193535,0.024781650322193344,0.006182035354508354,0.03132652750525364,-0.029860327154995817,0.022562417697309798,-0.02865780756257257,0.013926798720484607,-0.018854602802204606,0.010158929317813996,0.017027759703918257,0.00514681174794161,-0.05251044975443801,-0.011119259157221216,0.020251125905958723,-0.022480757695282523,-0.02230673165042583,0.0038839828753773906,-0.0002632681607715206,0.005142612202253895,-0.038533440484794255,-0.04052587081210926,0.04344354831460781,0.052197597884252094,0.006468725028756501,0.047142573555471454,-0.041465738728862535,0.01135494975764835,-0.01937876178656296,0.04312522140223015,0.001349109233716374,0.005084258515651719,-0.01620227306786412,0.015716681932893533,-0.004729864234551867,0.030507521985051533,0.02848227662297858,0.05328049279299536,0.029636796598985923,0.02279626708389847,-0.02419404374793829,0.06382079718499327,0.01925081146579108,-0.03023979222900528,0.0010236493817975998,0.008382202521000824,0.00762063557123165,0.012920517372630962,-0.008071444809225592,0.04634804975194882,0.013174216571499999,0.02699129452417092,0.08287815511055799,0.049421652792133376,0.05305273387688461,0.0752403497149176,0.0,0.024888720644396848,0.05083963494619497,0.02051944356375917,0.020808665307685877,-0.03021056719775557,0.017320205699894866,-0.03879982469931211,0.005169116189795421,-0.005186693480017905,0.03495089297964685,0.03402715527990813,0.02030897926080843,-0.024097858212280783,-0.0011274407681541516,-0.030544511128545285,-0.016538817026670434,0.01205332957735673
SEC24D,0.06395273629191398,-0.04630619227348051,-0.009840551143639709,0.010431035267579622,0.016907264174382042,0.03963142212036211,0.020612397900195364,0.027088102149140095,0.003613037368646127,0.07026133046981961,0.0300321779733233,0.05431911390425164,0.043541455886655554,0.050883987327052405,0.037120085191529886,-0.009471499095922712,-0.013299346056939935,0.010837533580018143,0.008213759123682652,-0.003601611013617344,0.013238680316058548,-0.022458409189892774,0.039513300582751015,0.03463209027913365,0.06268314870852829,0.002106225153833963,0.013905161672360809,-0.020834834441865124,0.02021930068893768,-0.006979529998510743,-0.02379824236024038,0.011726894910569217,-0.0029322318175804517,0.03055083893524998,-0.024307222863009372,-0.01009991193067191,-0.03594350651006568,0.04079902745956869,-0.08225199567601794,0.03273931138337395,-0.0031057339900940387,0.022588438649259693,0.01944895624760282,0.0182101513970938,0.036528113933072634,0.02216679848632962,0.03975784145808238,0.021024525198502116,-0.052649401278699964,0.018018117544358846,-0.006919452183807815,-0.028321230627975896,-0.002243515816830076,0.04680839043444729,-0.019850568206170288,-0.017013735092613818,-0.032688267842005486,-0.00897623520599379,0.0292353543924019,0.043410748211310426,0.032288181701908884,-0.018407343621052445,0.026839006744762476,0.0,0.02009304468211004,0.0007990064366690525,0.02146141285012138,-0.026954679336170084,0.04882012998040739,-0.026905242677341144,0.027610706815886323,0.01101766262928698,0.009012525895997688,0.008059314059743765,0.025913491999030917,-0.0016944045100147661,0.02882512201465607,-0.03106371510319207,-0.003575450855176307,0.03268851637707911
SEC31A,-0.036721657851598984,-0.018707005930682558,-0.052525758161905696,0.026400198260090525,0.020496185295795423,0.034852697871407434,0.01894199724438523,-0.014357430420921875,-0.010762372800994598,0.006637960670637212,0.020909654396056312,0.004915516170658772,-0.0032666365295200782,0.007864660047740928,0.044714518793801845,-0.011156854200979553,-0.03497500349955363,-0.0027789552397688086,-0.016576966872464276,0.05102832452143316,0.056157207572188936,0.012927185971020301,0.019727603816836203,0.05980486379568614,0.025405872137707973,0.006765331811578122,-0.004920515413940006,0.0419526534097731,0.026394407969342597,0.012960617896395249,0.014034220192913486,0.011040435740706917,0.01333663480575328,0.01474288864484884,-0.06654275045956495,0.00801028439748065,-0.031388854268452275,-0.024921375257461523,0.010043618263271771,-0.0027297813180458858,-0.008525170119708455,0.018725142052498322,0.023803279334874878,-0.018536366465687702,0.016875989120980803,0.0583662062236422,-0.019218924766248754,0.005025620120103556,0.023058607044067616,-0.016078952854642014,0.006776338568742743,-0.01073258840927936,0.020333506992776026,0.05993542328633019,0.005344745182271808,0.023210223181065893,0.075860708490033,0.055014845962727286,0.03991823823014414,-0.00807653532102229,0.024202631197971888,0.011310171408176603,0.04953430799084643,0.018154553006764183,0.0,0.00428926796510735,0.027238826420263686,-0.026897508064875418,0.0003946728019502358,-0.028703451464470512,0.03392738733572415,-0.03565947757732708,-0.02982365279331382,-0.002625583636939665,-0.0038714282581275316,-0.010171854080777637,-0.03599497630874561,-0.007700776433929768,-0.0016202956206956966,0.047652405879921145
SIGMAR1,-0.07125690273036243,0.023379454652580532,-0.027975885987924255,-0.004684650387396527,-0.019998018821073396,-0.05505580839510625,-0.0020681157849218148,-0.02987043088983808,0.06996242314811627,0.04862719150618033,-0.07336044281036844,0.02660740472248215,0.1302482366021898,0.0016517787081523835,0.03817556125696707,-0.005970627372858357,0.08541715139206983,-0.03968044964300487,0.043107559119173064,-0.0882779736196488,-0.034767961652355954,0.0320081318831174,-0.04887440283310549,0.035693297741825745,-0.02644334104511388,0.021771019679496403,0.08475165178091495,-0.07295434255053557,0.05445996264919398,0.03917701637005902,-0.0634110088199897,-0.02703900318587016,-0.03163628118258845,-0.02354839937188461,-0.014717975025632319,0.051726956162835944,0.006442893571207228,0.004714908532948088,0.07010700473310892,0.027480890770652605,0.01915448068795039,-0.0022623056897241286,0.019811009254366796,0.1434732942179632,0.024336143101536527,0.04212300905289181,0.09495700407092378,0.08201781039061005,0.1138094601847348,-0.04914556456577866,0.048195546989478574,0.050768874075309056,-0.012156802095972186,-0.010798862458629613,0.004821313663035987,-0.08138088319969172,0.005248876508008261,0.08112959510815573,-0.012280236598907384,0.05069157857653008,0.03449949320092623,-0.11124657969581274,0.027972928760203505,0.0010100869757834457,0.006001390160727808,0.0,-0.040162262448688237,0.027474124017766333,0.035750145523080916,-0.06819053501849169,-0.05001982134414746,0.014801045280768492,0.018220511707972568,0.05463149016091423,0.0407917354759592,0.11447665425382497,-0.01046535151007682,-0.006425936549834215,0.004546591789317067,-0.08700218007833571
SNX4,0.06224051047566009,-0.015509712619761336,-0.027997083427357107,0.06348548099280506,0.06477474623311268,0.05971838514444186,0.04461012011195513,-0.003957853883983465,0.004138948332548514,-0.02156042838043625,0.024129438182188753,0.02432382477597796,-0.011334132824332746,0.009723346808067197,0.02536536206961899,0.024527137077929893,0.03200880830842475,0.020665547805803614,-0.046108389211469585,-0.01835867702437477,0.0006784449633961158,-0.026876578611023216,-0.007229333038484885,-0.019373348786158817,-0.025347273333790596,-0.0285106586016708,0.02569809076291168,-0.026114390612231246,0.04036948758266792,0.0473284313143466,0.013777336089448944,0.01867293606489408,-0.0057173552723478425,0.009105956307721987,0.01033352450724982,-0.0061654401846338094,-0.028745422958104772,-0.004812911971154292,-0.03423006130263757,0.015199783183567853,-0.01028323216903983,0.03223655110032129,-0.009352047084817539,-0.04071572576397274,0.047793634967459996,0.0023296182053330547,0.03474989700070047,-0.04225898379137991,-0.03779629234745985,0.005478244865121065,0.017864678371226194,-0.009593931585045389,0.07278020087485877,0.02207221278458846,0.00858735504294495,-0.029285218977572046,0.014440504447339256,0.0003598503300267568,0.021924159854884592,-0.0055648774906121076,0.017447236732295483,0.012420874101775987,0.019862157326604072,0.018996633123061695,0.026684981624447223,-0.02812082144041186,0.0,-0.020122773759517147,-0.021328083152489147,-0.012741235736616292,0.012229758673457306,0.008149048896832538,0.02792022463139413,0.00884699457375541,0.03464968876603657,0.028019640811538325,-0.005587878474393587,0.0007996544162559531,-0.002880871766885913,0.018713730784630393
SNX6,-0.015410871586675954,0.053452349758688705,0.03353475622110196,0.0005044621781509591,-0.023737821112581915,-0.017265296913565622,-0.033087069686176744,-0.04025114852175676,-0.045814162707320284,-0.016489408151311738,-0.02085052830865785,-0.03544299734082936,-0.0002291839349938763,-0.011162102456103967,0.016700970686698263,-0.005837053295776986,0.02057775219882735,0.030366203589355812,0.004040976036096125,-0.004346433840673906,0.003688735247492707,0.028278529048609554,0.03447326124451982,0.009870376992416413,0.029579605454004707,0.027389869952020206,0.017597370326889586,0.013034598048020695,-0.0238100921831235,-0.01632805558411908,-0.00827243891779546,-0.024232478255446843,-0.005713687539465173,-0.016167871209161296,0.005908143170756543,-0.027096694555632024,-0.012135538898576438,0.007080126075463664,-0.0073017200183698875,-0.017295376613400415,-0.0035346743565638316,-0.01797631031630193,-0.004423302068016121,0.0011926640389449514,-0.017702036929966226,0.007609232803895033,0.0396515622869026,0.01694136251276815,0.02353729131661347,0.0048912177519047475,-0.024493650918678545,0.0038821690419317,-0.007941438598107644,-0.014991344383107258,0.004331370027578455,0.03612878020872804,-0.013864982021609332,-0.013136091121472132,-0.037415718284346665,0.0456853496401026,0.0017645458148091684,0.001802325824460475,-0.028866081772553637,-0.02388357100068575,-0.026377724507871955,0.01925663741228558,-0.02014348503477284,0.0,-0.026031481053859162,0.043851778435502274,-0.03455193742029169,-0.017574310257248593,-0.006588304522864586,-0.005417681325721044,-0.021089191489698726,-0.02145596474555968,0.04575379341891788,0.001563025824415547,-0.012692568172622784,-0.00733481787474789
SORL1,0.005756067006415011,-0.01380799963709279,-0.010174994023656736,-0.043258453261578594,-0.004428476497577569,-0.011879220801463688,0.01824007143769621,0.01897267614536862,-0.031882073344405876,-0.0031977898868035715,0.018285987353576588,0.06070139247066464,0.00818441560145083,-0.077710613505979,-0.02260261253249815,-0.045948007844943274,-0.008616182007541861,-0.02056870533280547,-0.07190080800622621,-0.0025313604706318276,-0.02909162278563638,-0.03040944784388782,0.08087345988304151,-0.03268904345165731,0.037110898665734325,0.009487103922833709,0.008760231421568692,-0.044426139238850075,0.014846796316545886,0.02099629519320892,0.03474062104727754,0.04452126257203623,-0.00027133113083116506,0.0360454970958567,0.0778349362791571,-0.011297393318816943,-0.0056290408873397165,0.10455714677990623,-0.04285704586611225,0.035287386510029425,-0.007701864263525446,0.053798615531321356,0.0695394270559517,0.04359193628602326,0.004017820114166662,0.029886153220907066,-0.010366681299152372,0.03331038075010531,0.007329777501111437,-0.028703281040805564,-0.00954704818329528,-0.00807103183989073,-0.0062292175678334005,0.03747356063121563,-0.021799555845862007,-0.035206876537666125,-0.01349718521928277,0.05490166818507678,0.02463660509795929,-0.019520110408083113,-0.028054171372802247,-0.046669663609351694,0.018625439211887078,0.048684256541323544,0.0004355991257688906,0.028200637856083625,-0.024028303556543645,-0.02929701657010842,0.0,0.04204017831234182,0.05668618766392108,0.03755017647713545,0.01281753641515486,-0.014656409939544871,-0.00859443518313083,0.02503141078552948,-0.000741643676405258,-0.0006408638572986193,0.051472009580993995,-0.0009764339177967451
SORT1,0.013142622558100692,0.08602860622600748,0.0027750565103222273,-0.007206195774270484,0.020061336330931327,0.0031205629538625995,0.007489840722142245,0.017790898563977624,0.009196664331457141,0.05687823958386737,0.06261682743074926,0.03231394629412395,-0.009130573057888045,-0.03380787854735643,0.02709486338881339,-0.09593755325957652,0.04209933572806904,0.08571009072876858,0.0022000432477589722,0.026030712570773367,-0.0026423616653401504,-0.03053370126803229,0.031069676528566674,0.009176480472630887,-0.007796795504077308,0.010350223288751556,0.025992677818426686,-0.00982648267431435,-0.04832286961464894,0.003974719602123008,0.08936841552072473,-0.0060327688900352755,-0.04970796425217406,0.016726839976078194,-0.0262290410106378,-0.19810195914108336,-0.013448687265583058,0.03377544348343941,0.007845193188354803,-0.03818052847094442,-0.012417428839118,0.018168469599997957,-0.013563484028616105,0.005975050390450265,-0.035585699293562235,0.04096494941031391,0.011435391756820809,0.025258651508409447,0.023770481449494913,0.055820114158683765,-0.016819018179340763,0.005710100248825635,0.05548895748435563,0.03377842629435757,0.004757249808841388,0.02568288807829409,-0.02186015014540065,0.012345017154272114,-0.013428485591424856,-0.039922193691065956,-0.02824882068580434,-0.027161331199524626,-0.04066611496106402,-0.026150257391544814,-0.03087687686132479,-0.05242695796615163,-0.013990469177746415,0.04810178284182697,0.04097453114261447,0.0,-0.0419143689750584,0.028712172656249636,-0.042192171132191474,-0.002913008382855364,-0.017735163681046287,0.011241343438346048,-0.028433734634513028,-0.002587639980462381,0.02139866593794442,-0.007154939089277174
SREBF2,-0.01896005296418757,-0.08204789237805303,-0.04063162394989129,-0.002809220143066645,0.022225759422188223,0.018025156348167662,0.014505747403825741,0.05097193336682549,0.011447022757687995,-0.03308850497958221,0.006959791108268983,0.007750901773148107,0.007408874209732793,0.000303739614157489,-0.023253589142806463,-0.006142453508245581,0.013599171222612354,-0.04523027465733479,-0.011252592462451196,0.05460688263928466,1.7912467539885913e-07,0.011748189246757237,0.03676326567686783,0.01759890713671147,0.014314820173737303,-0.017822847896167792,-0.018116907838450744,0.021553125016724933,0.037121954692192115,-0.0009570058715435673,0.03808552325699744,0.03195813124303487,0.0028242133546379474,0.019551601968293707,-0.005612876907747337,0.01830409608532768,-0.01781498499189475,0.017094432380926478,-0.041903910458325935,0.01193987051276007,-0.0014875756523390973,0.04721889105858674,0.0043838149932235206,-0.024573766488120524,-0.01818372717689786,-0.07372547740203154,0.028100923866496492,0.049348932892597015,0.0021587174694711613,0.017495705834283944,0.003810533135330858,-0.013873742987532788,-0.005913784049470431,-0.021948004762120717,0.04676033422762775,-0.017380512390919707,0.015591573320755513,-0.01152301163719576,0.034959534401269345,-0.008368042381844564,0.03434982447394303,-0.019949622402180584,0.005408162763053447,0.02678842111587346,0.03643176397196199,-0.03838868502102313,0.01340507209459836,-0.037833533574021305,0.055151487749952384,-0.04184017293827004,0.0,-0.0009726533222926721,0.012272067081448044,-0.07341667014284046,-0.01860986633942348,0.048686324045532456,-0.009698486377946078,0.017185015141781945,0.01792834204408172,0.037932044147796266
SYK,-0.06083256216481323,0.0330281927324089,0.06501917644976574,0.009650114631363543,0.0036191216325064768,-0.007020655686545223,-0.027476261809426195,0.07414156654287701,-0.043630511724914965,0.05393691956184491,0.01670958118390725,0.0207492682949639,-0.050499624568367,-0.02718157445354946,0.006047305877484235,-0.02165832336980377,0.0459708287781835,0.006493090695575896,-0.008632930658416603,0.0016833652972859019,-0.03376922493576153,0.019151450296184033,0.03956310829436957,0.027150821744186746,-0.053266588438639,-0.07526494431560948,0.03146426503782143,-0.00039404503405223953,-0.02143674765204793,0.030029574321465687,0.006340096653936676,0.00650574728693239,0.026314942086221475,0.015677293990378108,-0.006797303845572649,-0.016137190532663524,0.05447448466128119,-0.0025613120395491917,0.01783522669154153,0.026963896637806205,0.04537328258709485,-0.030493197791811585,-0.016140355646068732,0.005104628328953568,0.06662989060022691,0.0219272701008235,0.12183170886315413,0.060322557480404375,-0.07812072732714907,0.04061735015736723,-0.03990998134412607,-0.021569612926726198,-0.03308487568321371,-0.056630131877175235,-0.05453719536499919,0.0042130442157205785,0.041437154444021226,-0.015673978084799766,-0.0007173109861913789,0.03034804216781374,-0.022270319652736653,-0.017608884307660846,-0.005566518825598406,0.010965254159841429,-0.039279359613758655,0.011652339419595589,0.009162581067339779,-0.019739785530949783,0.03747585968847424,0.02940060283471081,-0.000997740759441831,0.0,0.006020297943986795,0.0205413883202027,0.010046321916742124,-0.00018221082545844588,-0.02823450722593404,0.028385491896281412,-0.026830479954196546,0.005747495565395497
TMED10,0.017999738178091876,-0.003677397195548853,-0.0017770388745685394,0.021046428377255563,0.007188716882957501,-0.0008814738810422322,0.019838999832170332,0.0339764980769211,0.0004679450340323869,-0.07982075041603433,-0.08146456733245554,0.04275205235081146,-0.035846500852175354,-0.01017115217106356,-0.040133641996013235,-0.004564174788282189,0.060249414146722684,-0.0006071453966634735,-0.008388652183327181,-0.0028730513742290277,0.014969582667405612,0.029530343408441826,-0.02538975214904533,-0.022155161096465308,0.03509869055344655,0.04833459419836869,0.03848311684062854,-0.005786052881334333,-0.022186849155688023,-0.030046747901001404,-0.018758014897601594,0.03306317935565259,0.0453691818094989,0.0006235308597105388,0.09540060218269959,-0.011228482228482273,0.0100272397292202,0.04822874300560614,-0.03730088220279293,0.008000561365341635,0.06016799027208154,0.018046444035044983,0.02414084317781845,0.00017643629833836023,0.04682721338400354,-0.008911238172917049,-0.0663929853958731,0.020086053973019654,-0.03971954431417994,-0.015189439744688641,0.0017495842543661943,0.03247749242300535,0.006970458364753597,-0.003350767178212763,0.08879021825140247,0.007601705630376863,-0.017327154370980365,-0.06182501475232777,0.005681505637240229,0.028156634395285627,0.013902006126068333,0.023868061630920815,0.0361813987730163,0.008651865028137548,-0.0316872269505538,0.013836150787502747,0.03028055227709068,-0.007137921752421737,0.012338948714690313,-0.041673121261606653,0.012142590181509531,0.005807001822440068,0.0,0.1144315257293569,0.1328847755514334,0.016167914872702412,0.017153412828328555,0.03522820727450086,0.020782572628625606,0.007221085349768079
TMED2,0.03687112819398901,0.03324211671415,-0.016353679063994337,0.029391138735697944,-0.0021678201418051254,0.007708574941315985,0.013476689769684613,0.027681912514195908,0.02653852455797752,0.003445382300497378,-0.006251557695509151,0.026105941928900294,-0.01013912239579434,0.025729256057752486,-0.04495916717725002,-0.02736897408866925,-0.06603065229957453,-0.007335021551657579,-0.009466431457385469,0.02420128262164773,0.05478575689823364,0.008931071017587926,-0.022939045643264204,0.05576053074857777,0.03440866875914728,0.0059056174431605215,0.023793637254019673,0.0006655952661786289,-0.010898492789686461,0.020625804459747998,-0.0608022378394186,-0.05478741697090044,0.0436175102357607,-0.0213346193221748,0.10970713796804897,0.00557821924072004,0.022014868626728103,0.006106837831183535,0.04062679413056048,0.0034933037222800263,0.04796016951039786,0.0058901777036743175,0.06477377699426828,0.049466471624576354,0.043435923235810615,0.03210709748089382,0.01951872493972951,0.0049744470946627255,-0.0034275982039633384,0.03773866230883489,-0.014410904450696186,0.0017067798630740407,0.03223400227992108,0.012517232220963568,0.06434292609415983,-0.0014242877795874298,0.007855127038224871,-0.008044641256896358,0.014950428338208846,0.042859508603125956,0.032273466658053876,0.014419986993550276,0.038358070859931315,0.008424911116659831,-0.003037758848479183,0.045175378629257364,0.010448277108405063,-0.006391688648074454,-0.015364033329035546,-0.003133068772180552,-0.07910288765167625,0.021575844714723652,0.12460909050307226,0.0,0.07523476936010774,0.04079915916009194,0.029286855122046415,-0.019113100624032563,0.014015725529291397,0.002130247495840282
TMED9,0.006217286123718833,-0.024969180656278636,0.02139048685984439,0.030583738718048453,0.011824194317854888,-0.00039149530950792526,0.026313938661538392,0.006984501372214838,0.02545991117527989,-0.04695952194895673,-0.02065237706708907,0.041187685154617994,-0.01792137720952715,0.012932087039924678,0.005994477977548935,-0.012661242805823087,0.06482796727992171,0.008903352635200533,-0.008929581859378546,0.022781410690606022,0.020134219358570925,0.03424836739340667,-0.004741057018857484,0.011358516802172975,0.015524540301991508,0.07801766363413919,0.029224439835137908,0.04308475053482193,0.014291178548095449,-0.006752605994032565,0.013416083925591295,0.021597433997857577,0.04934224727510273,0.01787637089355591,0.033223785455376915,-0.006997467104324073,0.010509604602980588,0.016032702695331906,-0.020239144144327894,0.011244038710988955,0.03591610330363983,0.034964042751391936,0.03722423882246632,-0.029039634007375723,0.049289418356850266,-0.008742688054032402,-0.04266955406404705,-0.04319183147305231,0.017308600639558004,0.01564330347936397,0.0211448773379056,0.03499213469596653,0.0035574876964389445,-0.0035295706147653633,0.07391350980413736,0.047698343745076546,0.022267209436223047,0.020393259693295075,-0.006515107885776256,0.044697388718419474,0.006699639870108557,-0.0024966817344416322,0.02048418588006666,0.024237771473196147,-0.004007727190110001,0.030180778290069526,0.03661404891225964,-0.02226186700052624,-0.00806110309318154,-0.017067224154757917,-0.017940742238927734,0.009441578387917876,0.1294728663486149,0.06731596745637887,0.0,0.04675129962586335,0.03654990139034929,0.01734092213550804,0.01021323621435556,-0.02271636605442819
VDAC1,0.05738200381696429,0.00940682116353713,-0.019241176398732285,0.006243647455528566,0.054041729935961076,0.015988357781493257,0.03838889633494063,-0.006901528264331403,0.016601462200550438,-0.014248456783210375,0.05616650758818959,0.022261843499615436,0.0546392269790757,-0.02020548885270589,0.021839960826716548,-0.013134135441097365,0.014000797140282434,-0.002131693957964101,-0.03557945992066474,-0.00749065676103846,-0.02701645057613913,-0.004833150362965167,0.0069009466838519965,-0.012690743077538851,-0.04277568516208533,-0.0055664987417548785,0.04008182857293045,0.04708451562062025,0.03820352349899654,0.045965878724400375,0.005558369287017902,-0.0018995862130900326,0.020238308315722375,0.030394263195711195,0.007869572165599303,-0.009249127092522258,-0.02291981267309717,0.0023757477803243838,-0.013315354719324256,-0.0075906085687973785,-0.010578029076003484,0.0771540208631554,0.011957764804436666,0.0943139322632696,0.029300144003502244,-0.042375734814952014,-0.004704541159679508,-0.0020157321469819285,0.036682115181408396,0.04599493884249051,0.03608128402471721,0.03720000471039217,0.029818990916911554,0.0023320371341352146,0.07623003910772964,-0.04551355983015208,0.0106206855432238,0.0260311627320993,-0.009720849554169641,-0.035577597184922836,0.03362269478865211,0.008072040431087175,-0.024519268026880932,-0.0015987563731119224,-0.010622469701949378,0.08544243657181007,0.029868225902980508,-0.02284799761788012,0.02368431925033741,0.010913004945172066,0.04734810284660948,-0.00017274684839924882,0.01589117439474587,0.036825542623173245,0.04716199115699596,0.0,0.0806662261078498,-0.0017712186379908233,0.013297491297241833,-0.07271982540069172
VLDLR,0.022137015927671238,-0.02041640131953109,0.011077329893820554,-0.042143631857165055,-0.017771563845833605,-0.025986764575638963,0.014277751228286532,-0.1087665113153395,-0.03647411228399192,0.040894927069364935,-0.00994063620111488,-0.006726773092522401,-0.006013605979590413,-0.05215644344523633,0.03863365348836024,0.02738411647371982,0.026924247628486664,-8.256172340016252e-05,-0.027628692156088062,-0.03653234771198961,-0.0752530489927938,-0.028550761267204412,0.011320004139930964,-0.0533711923786241,0.026867587484277807,0.03431146827270336,-0.02654673723328421,0.061120900204927504,0.0064057049558071824,0.04574779095781029,-0.010441178391105083,0.02407768961267118,0.03671182160437546,-0.00036328108337382674,-0.05942234374610065,0.10045203437296252,-0.03502283380050932,0.033743246696505996,-0.049797124302793205,-0.007175891334211168,0.006651640415617647,0.03473724727339959,0.0744570243889034,0.06737570972946033,0.047855965081243644,-0.044734615173628776,-0.034004517428108345,0.05497043117605385,0.01861171282467834,0.08922274951237305,0.006420680379641622,0.005225912439171833,0.0009832029372571916,-0.01275637410003683,0.09061032339318033,0.028323210599312885,-0.020459394059644226,0.07346344332308553,-0.021354923938961146,0.031167783217488112,-0.013573149451728392,0.016369326841477315,-0.001278000133436876,0.030300127245071185,-0.041876982424569324,-0.008701990897248072,-0.006635931956234029,0.05427943431475354,-0.0007817699722595326,-0.03075163063862915,-0.010507700003925202,-0.02982114247947228,0.01878281269870188,0.029449558546370748,0.041076436659221394,0.08986691792701798,0.0,-0.013768400271526959,0.0031275647289936647,-0.07102461423509496
VPS26A,0.022339961272204226,-0.02775576915202018,0.0749452736480799,-0.016026179057487794,-0.009382294872259936,-0.0313657334461706,-0.004662084999831843,-0.003086876932767643,0.006066931985017268,0.05254733744056824,0.06124421409889757,0.05299420229210151,0.03502685090943864,-0.0042407608817380095,-0.005515551027319166,0.039681804726328235,0.08169024180446229,-0.046231352416873865,0.024152357250365884,-0.010208727945260504,0.022537114600742186,0.06117357251872312,0.010188321742917547,-0.04176790627284794,-0.002765061170811295,0.030034017472264883,0.03804345201260268,0.05099625941605969,-0.019977588802214275,-0.014171003891915288,-0.002885128386463943,0.02488263712351671,0.05999799385083692,0.022999735902069,0.0029443206300191235,-0.04027919658302851,0.048150238606951355,0.028354137270716392,0.006383660846782411,0.019489028088919856,0.025621680020230516,-0.04323947863812989,0.0042184802808385565,-0.01206459841538001,0.006845457981346192,-0.02589018225168346,-0.008510239026000625,0.01810698648588335,0.0034436536121710184,0.0023639514037104284,0.05784888139263317,0.10402059258763223,-0.027971224960922372,-0.03452103897855224,0.026109649266315517,-0.021739085292608668,0.0028523322429879,0.019622353332424524,-0.006751851569879489,0.016192418493656043,-0.002777610009086183,0.05179246963175055,-0.03096977993744987,-0.02920750562396053,-0.00801374980716318,-0.004779351962452754,0.0008494250966617256,0.0016586018136746368,-0.000604250812482725,-0.002503259498966198,0.016654108917843944,0.02681688109452411,0.034503917552653106,-0.017191151709429236,0.01743197189354254,-0.001765013607782536,-0.012315477629899645,0.0,0.08780755398026367,0.05773487632213227
VPS29,0.025816706004750056,-0.02992518083676748,-0.02092092060265157,-0.00041263217950308087,0.018420928949896963,0.00838051727236434,0.0351153186880034,-0.007987004619951296,-0.019179349894005097,0.008424891753862454,0.03430215082591774,0.06964492098818453,0.03193716385284133,-0.004245068244651423,0.015980695156643274,0.012818908157575172,0.0557892099776734,-0.033041765555354034,0.005283883205856417,-0.008538415888817142,0.0005100898163775315,0.002730964037539813,0.006344781464252356,-0.011250443178980699,-0.009546105111806624,0.007030579199033465,0.012522766066792215,-0.00441294601038182,-0.006427353624122846,0.005703360630029117,0.02965897621386796,-0.021510436319106378,0.03257968075410367,0.04769080584458863,-0.0008417771692596264,-0.023369134545855857,0.011454159468546112,0.046557765353469,0.01029065509142679,-0.007764904917909541,-0.008716922684416387,0.007575606527013845,0.020457922550798945,-0.030572560895561846,0.004475942357080502,-0.025725495699963925,-0.01717538389589765,-0.03312044089975813,0.05559977714239744,0.0014097331679559964,0.05334327500823014,0.06834953583868948,0.006111837310311182,0.00449053581670421,0.028102278797060662,-0.018731252283716505,-0.0004363476993332757,0.0329036779022716,0.013924867197047974,-0.021684941681035953,-0.010678604697514853,0.02680433053423814,-0.01570016069883442,-0.0031475062547255007,-0.0015786659310835242,0.0031660171186433366,-0.0028651105902398537,-0.012610148513665783,0.04543780069889587,0.01938132362588778,0.01626695723855201,-0.023732035954776083,0.019057761411668064,0.011802774917857766,0.009612412944986494,0.01240624386208804,0.002619200816972732,0.08221036826438305,0.0,0.058179108460690694
VPS35,-0.000834780897730846,-0.03696839820320911,-0.026487815478138634,0.08041771862554582,0.03337975908977993,0.07367440618242609,0.023148810098498,0.03291784631405298,0.013491466752232149,0.05638756989055489,-0.0018264732634030066,0.030605386154704588,-0.01320306334895069,0.027921191797070952,0.0298200067485706,-0.010515907636876837,0.03889629683655099,-0.019045431755924932,0.03161766301270551,0.048432277362946655,0.03826976211069455,0.017108893336529832,0.031839425136756486,0.057844252258915506,0.04245907553126513,-0.02712177713528765,0.012233350917626593,-0.051562769570558,-0.0016273091429511127,-0.04653815149667605,0.036272243410468905,-0.04812769387643618,0.03067240471234018,0.029915855085507443,-0.050893200711909906,-0.007352255626579741,0.03922252822396136,0.0183892417991891,-0.044743608984556205,0.013271031534814825,0.0007244671378417551,-0.012977721854764384,0.031044549201341195,-0.039879081820947015,-0.024091390048056438,-0.0014878394072128074,-0.01712391476339057,0.0034066490364704463,0.011947695958311157,-0.011368065468459532,0.009995715916732038,-0.007397742914309189,0.021344514579129885,-0.026683226173684134,-0.031966921401892605,-0.009800352095413762,0.0397163916848517,-0.01821296141302409,0.04552312901732466,0.014628238335388982,-0.032651596465786026,0.039329546174358944,0.012339114642100224,0.031031895993568027,0.050067755534314556,-0.06533332225770955,0.02007035953087104,-0.007858458133282935,-0.0009295362843843645,-0.006988435928227006,0.037115024835002126,0.005482296416914964,0.007140890429331837,0.001934531994782691,-0.023056066380373157,-0.07316455553556848,-0.06414291411266923,0.05829217586468889,0.0627399797486626,0.0
