,ABCA7,ADAM10,ADAM17,AP1G1,AP2A1,AP2B1,AP3B2,AP4B1,AP4E1,AP4M1,AP4S1,APBA1,APBA2,APOE,APP,ARF6,BACE1,BIN1,CLU,COPA,COPB1,COPB2,COPE,COPG1,COPG2,COPZ1,ECE1,EIF2S1,GGA1,GGA2,GGA3,GORASP1,HSPA5,HSPA9,IDE,ITPR1,ITPR2,LRP1,MAP2K3,MAPK14,MAPKAPK2,MFN2,MIA3,NCSTN,OSBP,PICALM,PLCG2,PLG,PREB,PSEN1,RAB1A,RAB1B,RTN3,RTN4,SAR1A,SAR1B,SEC13,SEC16A,SEC23A,SEC23B,SEC24A,SEC24B,SEC24C,SEC24D,SEC31A,SIGMAR1,SNX4,SNX6,SORL1,SORT1,SREBF2,SYK,TMED10,TMED2,TMED9,VDAC1,VLDLR,VPS26A,VPS29,VPS35
ABCA7,0.0,0.03678671675630921,0.9030443042183371,0.1209467714536001,0.036046610790599336,0.032040050865557064,0.245431521490448,0.021212251546988237,0.0410514127265182,0.018292800295490526,0.1779164294291792,0.018384226769330717,0.1102719502601005,0.018704137661101888,0.025613077512517922,0.15207743226050588,0.03738335256971073,0.026072681856999208,0.0381984873094652,0.04173188250810169,0.03111245243699271,0.1485780848345155,0.5429590249570856,0.01848527600840386,0.027746793452127487,0.1923489820228912,0.06540455968364098,0.05606289937096187,0.0344768458075874,0.6886586647448604,0.06540476915517257,0.14513783427627355,0.03174047367576205,0.10465611493850865,0.034205713787633714,0.04647654348039065,0.08985247707690334,0.11792499821367237,0.05272877346415017,0.02076802910947877,0.02779933324945339,0.019554844546875942,0.09149623142925824,0.13910874188985237,0.3086446223872974,0.15015881004270296,0.06662286983088063,0.04873743640875137,0.0207490194451211,0.4387676885480292,0.023227322089103507,0.027638077090221404,0.018271224151724445,0.03538549968843398,0.33937228534392105,0.2616433313528883,0.11114372381658005,0.19165736696784233,0.044734625138414995,0.08119032152885697,0.14472570829669668,0.1683694498226063,0.0415116734513635,0.37479774122586695,0.02949072495074361,0.03190743354760463,0.04301382807801346,0.05829015119280999,0.050462777707409825,0.545198097565106,0.0600635968734583,0.029171041301338744,0.018675510417825003,0.054512124426338855,0.09552036591213052,0.04988575212248348,0.023854309199372488,0.0481849053259294,0.36370773588779837,0.024358513295195925
ADAM10,0.040157747617088055,0.0,0.07923437796059031,0.01880343309949783,0.06384063769665838,0.07486036132717082,0.09001861968796664,0.03423430875864871,0.14690096829199356,0.04758088233548566,0.04512468940180798,0.6958063823943765,0.01814488113282623,0.03552924109322403,0.11825177507565304,0.1416321866678946,0.049910812120694786,0.8851654016800797,0.02327236884754993,0.06741729390019309,0.06151347705167764,0.05447081058816229,0.022817597961727987,0.06645457084811209,0.29883348694830675,0.1917538395083319,0.08049357979122433,0.026303996158582026,0.1644527416913971,0.07032687042667697,0.10451947522489627,0.1017499424027792,0.21696406602735926,0.17191878854841097,0.21916922457610785,0.0190857105596137,0.030615399927961404,0.0901041781094162,0.01966570979435197,0.029545746222780164,0.2012732069074262,0.03287859423615819,0.07685618428811462,0.0622057776932316,0.18897937213331883,0.052352651650505344,0.4500184695692827,0.02562465915482789,0.04783674712602155,0.01802902946882348,0.09587497801649979,0.14056973907572148,0.0425742299527675,0.058436940115596775,0.13758283383673403,0.410856240629403,0.02755142993541705,0.02369253223703101,0.08115751066521656,0.03227287660945697,0.3205645959124887,0.20234134191327421,0.05948530241394744,0.07756707117582651,0.1295325224006662,0.055067283840475684,0.05183356452363954,0.5385638648933628,0.06918890692818057,0.7339478853319813,0.022731043710354025,0.06905762297770933,0.04627475407576161,0.029576374237442297,0.03129361475922073,0.05629236498693034,0.22538410126863365,0.05953093990927142,0.05534696898005209,0.029224211633276913
ADAM17,0.7490051534879076,0.05340374307133605,0.0,0.02020368069967213,0.06138668958888004,0.024650933332846015,0.06013747528813421,0.10420951279184074,0.0586162603194641,0.10075865783957891,0.06603043223451524,0.022191548120705454,0.030731921639200292,0.02311155072492921,0.02697640819178132,0.036817531662886656,0.03752313252204058,0.05019285305523235,0.26866284961558085,0.061227482769470445,0.01960941581881998,0.020768871881129018,0.4769198190490294,0.10277785995405248,0.05640474416241848,0.2478183951633005,0.15143846535956915,0.6498265072963801,0.17292357099556868,0.020196903713867592,0.020501806565491484,0.031387891824469626,0.03317791544407068,0.10253373677633307,0.27694727790107665,0.2699097182306543,0.17096860677822656,0.025260668585615008,0.21272736782855856,0.027724959125470603,0.10023330337862334,0.02031497749797803,0.0911203952950551,0.02440458260255921,0.3332870099399595,0.4906459040838648,0.09450162535955053,0.030403727145502754,0.03478233995724692,0.7058489136798293,0.08697872669924538,0.019316695163063596,0.08853952922770614,0.020613616901181575,0.020098089987242756,0.20148864694317903,0.028205277207141832,0.06528402386290255,0.02909232782607203,0.6821945731577403,0.05262321671503818,0.06416646004699342,0.32374106246111545,0.03833407073807467,0.034421050675683566,0.02925593846817355,0.032595482731841284,0.0666490718271035,0.04463187349863689,0.30905382603766113,0.03395901690165026,0.38446234846919275,0.10378425663912838,0.022484228610253804,0.11717336317961824,0.042766181327408906,0.018491955308549243,0.10768233293540208,0.048959040010924874,0.04245471111259762
AP1G1,0.10665973501270788,0.018659528828963188,0.0205286193611932,0.0,0.391579505376199,0.7544036942599672,0.09404239741591947,0.04753633936399489,0.023693721065348363,0.07286905577275951,0.22789100406947144,0.028882866890176342,0.028785623587145016,0.14530863197026928,0.023448532612736852,0.054502765155295736,0.022933311788464344,0.02262789876087223,0.04821215755515609,0.039605713266894174,0.20299483499954787,0.037579676021246615,0.12629977640025758,0.053254052364130174,0.020380528200829615,0.05586305950215208,0.08210237018787073,0.24581531754422672,0.09992723548294233,0.022850628797209144,0.018975052194614168,0.08729197466802933,0.03630660486956503,0.07472405070921656,0.043262017459480225,0.04470107074617885,0.0893238822582806,0.09841445155023652,0.018038518141426624,0.7119241449083846,0.12818013884817842,0.018246845459782505,0.04659593831026403,0.15331253603689707,0.08251114178024874,0.09421172085160534,0.029050570195780005,0.03348785648878375,0.14636265494752834,0.6931186474627051,0.05534638294601548,0.05400377667464081,0.12581217225509858,0.07384300941197608,0.06233565246319585,0.030127258438862194,0.20339889790881643,0.25787652307397246,0.05135113885182911,0.020721314557836816,0.023570420903871306,0.09386416734227619,0.06313262449820466,0.11182389438632252,0.08670319390001087,0.08384422419191158,0.20986486915724728,0.10104046053721732,0.06048667080236168,0.16879275794258985,0.020216442407138175,0.1424532119476482,0.2317987506243148,0.09018534245394506,0.026198637792220102,0.08263369097615879,0.09610320448454339,0.4243237671055427,0.044260106793360024,0.9533956268265299
AP2A1,0.042219178487001394,0.0716905735794122,0.11066915009659203,0.6705980846354517,0.0,0.6614889644173043,0.5842510833018647,0.01973385251672444,0.07885458293183521,0.025996628778933818,0.05217369806452692,0.15032490049207503,0.03969080389172423,0.03327721256305317,0.03461128499505752,0.029358772259450324,0.019506021032966347,0.03325912431896329,0.04146852744030473,0.04238289535150436,0.032893407038911755,0.05667695292460034,0.7382525270598415,0.018606547550522462,0.055221439898856584,0.021654969073663682,0.02684226220252079,0.04057819053535578,0.159612108952597,0.06439462238537497,0.053469630031403335,0.03155827144446254,0.03876676003163182,0.1038073487740407,0.06929044614109388,0.08409646530859233,0.09057823516903234,0.0350281542723871,0.03371209145971426,0.020287998934153915,0.05870086594220678,0.0371449943343826,0.03170366698034043,0.08488326076931775,0.44548933006930835,0.16575425720871378,0.3852344329933307,0.13874722426197936,0.0494134758467582,0.4906256802789013,0.16825113555087742,0.03196668177735762,0.16958912691222933,0.12660365906136392,0.020140624071982197,0.13425514356884147,0.056203267487304316,0.08117789105073668,0.05420530803545476,0.02190806540791685,0.0328199344233195,0.05706480040331187,0.055267117035574055,0.038539312159512396,0.06844117842783651,0.03861865234756838,0.1642750393463712,0.06465556721593287,0.02367475639305704,0.10701111605992245,0.03119941134847864,0.033944799895249574,0.0743934564692041,0.05914355429020354,0.019146100344249822,0.19190362079242002,0.020976086412640055,0.019601269851900187,0.04976570777069519,0.08090972785839566
AP2B1,0.03674031284240841,0.0861378172138584,0.028982652879407832,0.9442514098127042,0.669168954273689,0.0,0.5919550827131973,0.06120239507854977,0.03096362970595638,0.035124324757913286,0.04723935056213108,0.11912908784083304,0.08042129004222265,0.08705057628952104,0.027700568702134054,0.03822150456030436,0.07660630385834476,0.019142000974888048,0.032411331385590825,0.04974062739682504,0.0184108125331572,0.026193433844371727,0.05945632235060731,0.05930891818498152,0.13400892101194262,0.018307884650585013,0.052724888449262985,0.03343496118476849,0.022735047145637722,0.019762293166017394,0.03071161728149352,0.05770134083832257,0.04945981959629939,0.032315499646242696,0.1890212449067976,0.024356529930875927,0.022118759874963603,0.027984917461605172,0.05996796262318318,0.03376285036339167,0.04488436210379206,0.07163243702433877,0.03957213421327889,0.04526449172264356,0.3607567422107971,0.3680085965849655,0.823122646355348,0.023387159526415947,0.01800926369003524,0.033580158047985885,0.16112570114459443,0.020964559932268402,0.05512664830058513,0.08914926014856363,0.1390474805920815,0.09473394913413681,0.03311433225769648,0.08174872083755862,0.05348294611404547,0.02483082875329999,0.04931334710140595,0.12675115537623047,0.049046264188087184,0.209463338644572,0.021896560224864373,0.018171392723128735,0.29615258521212856,0.04704930636843071,0.03133400949892975,0.038740285956271575,0.036236940891915106,0.0186825044580434,0.05325681993171222,0.05975479660284515,0.048938815973529656,0.030215333556092305,0.045149973887937185,0.03317286867431286,0.018943552680603402,0.4160711920868346
AP3B2,0.3414517539515565,0.0947996445764265,0.0978362342158037,0.13805319232778546,0.5247575868500312,0.5246984561755036,0.0,0.019068733804837413,0.050370348679504406,0.02164115130169963,0.027801724704447365,0.1585787380070355,0.060048578015959,0.0291197573892807,0.028179406938765826,0.424352027624035,0.17589559061616666,0.05786243238676975,0.07983547121317124,0.06598537948601782,0.5028460671514271,0.07170894516032382,0.4174935754685221,0.08021758638779419,0.10926805495002363,0.032158082249712595,0.019228013950820615,0.02546671404763048,0.033427326784026996,0.058057290769043014,0.1148559533449186,0.11819901478126532,0.05625031670713087,0.20512690564619343,0.06672296964111732,0.04805426526839779,0.2239453253984178,0.021424630799949874,0.05478268441338229,0.4089097560163458,0.07152232196896446,0.1627013572300275,0.047338783356124056,0.056144207710538185,0.2350815621197836,0.055779141552903734,0.02299151406245315,0.16726607451202594,0.062440241253754344,0.03314798616754313,0.15423607310757986,0.08253663032292824,0.35639231060200083,0.2774348477789758,0.07113666117158832,0.018669926736467498,0.038999862093266856,0.2208140005396625,0.11053204290269496,0.019086625979734127,0.027090087848780326,0.06930717771481315,0.11707877494603208,0.018752271718134702,0.07455302049567544,0.021295129299499196,0.645606437360994,0.022706097334581506,0.050999034412116714,0.055809700300980834,0.07745021183654809,0.023929425106396007,0.04571768765894646,0.04376402057893064,0.03006798839193149,0.1302024500782097,0.049975714289048456,0.02410620899064815,0.06995584489030743,0.12896686430952542
AP4B1,0.0212446241393565,0.03207297839474134,0.15222816556509938,0.05157658670441911,0.019407867631659872,0.04897308468382448,0.018922802946424486,0.0,0.10926878940430541,0.047114890213871545,0.028561027609031578,0.11388562055683342,0.03934675822729197,0.3165739031384961,0.03572552117542516,0.07824397637638529,0.11073856917799141,0.11700464663256609,0.4938624994253714,0.06229737577593688,0.3510802863157074,0.030559945288502036,0.049728484359840154,0.15569667215256697,0.042523287377045325,0.06313193527409723,0.4486590589010796,0.07483725390074415,0.0288314978939384,0.09961322563778206,0.22991930500636815,0.047991300742616476,0.19251887409159715,0.08325068780033083,0.02600645327498017,0.22448079414163488,0.02115905722543325,0.6341170901233961,0.04925530868594314,0.055377629730209994,0.02689327551099106,0.03644091036294007,0.17701487533634222,0.05120437656570478,0.02137372120656643,0.15415200622596828,0.1421567971214591,0.1880197310063391,0.04786837539698734,0.772199533015881,0.019265719593489574,0.02197786697828579,0.34097375002537494,0.018094951471653287,0.08370827927762156,0.10579387248612182,0.022411143120846095,0.052917440897255696,0.08619403213794025,0.1192186666037523,0.026839769866660045,0.144059510115635,0.06942475241483097,0.509675973443338,0.03791084111263404,0.6062369559672312,0.04274589935038262,0.04669399411287208,0.023944464963856913,0.030774826120979402,0.08087861081321991,0.030542036539084282,0.027049781851163635,0.018784701990150508,0.02179746364285279,0.042280665401902014,0.033222864099992096,0.02564634143700145,0.03415994221325729,0.0675359355376261
AP4E1,0.0387936478271103,0.10481512098860343,0.06870285797393152,0.02370025747640364,0.05552588313280679,0.02706197304094418,0.041151089756988286,0.09565586469943764,0.0,0.027522897055748088,0.28643520526319605,0.038966149987809985,0.09365100131266592,0.047589978075869906,0.029999325660637177,0.4036801531992335,0.01954944356367908,0.025170428838002593,0.02166118121845069,0.47155890335625267,0.1846351937586463,0.06370426406707605,0.046783411463428876,0.04990176207853019,0.03859150374702612,0.23185326009764617,0.22272085623771323,0.05877669891494576,0.10283918762892941,0.06975473766924478,0.10944235785070176,0.3537486368791539,0.09409064424324501,0.07507487692462163,0.2343124092136361,0.042325093278222065,0.05072600884731541,0.04274349785186921,0.03307939957047569,0.7308476310129697,0.022067486510379385,0.15348440465607907,0.020474433855144573,0.027093424343462093,0.3111390216115811,0.057787619494067174,0.02900957180509482,0.15557084870725676,0.09541498960077623,0.03819206012726866,0.10420695439808288,0.0883352694866055,0.021274123373722625,0.02083664801068261,0.24304618409520318,0.31052051100576045,0.03515300761893366,0.023475989283116838,0.025430640081535314,0.14165075663308163,0.030160113055923147,0.0510652047876695,0.056904281212262674,0.0617073806428471,0.05053341770516342,0.03562870473504203,0.18379304091478652,0.045281941278804735,0.16436838334675155,0.05886680420202482,0.018395918840885123,0.04355233477586793,0.20991698528730063,0.028545909584651214,0.17494335510729692,0.02854026374332522,0.8797782928703939,0.043238818601108106,0.027609570171439737,0.051392980190524636
AP4M1,0.01836253851932397,0.05184097553240116,0.21667865857124982,0.1110115355466097,0.025955748326655634,0.0348554850562753,0.021859120413081284,0.05762449590281751,0.03145975110092932,0.0,0.021850309759685545,0.05578068143475577,0.06094788355342396,0.031942277817003345,0.05581704709032566,0.04194364907895382,0.021673202606975518,0.035756523134804194,0.05629820628483882,0.04376302117789602,0.3202671048330584,0.020109529723441794,0.062344352162959187,0.3195982039595678,0.062310155489547076,0.033006035106065715,0.19911786246467023,0.020805539920016183,0.09316650659903439,0.2172569440462294,0.030178455477681446,0.05929687877908361,0.05015443257712703,0.10102098355090383,0.14148561733782486,0.022021983106842103,0.054981669239795666,0.0766488989304622,0.17031203288794647,0.1539511466165112,0.1285901801123317,0.024827512070267857,0.1772002925868487,0.07809632600351091,0.08202002033541583,0.1847201304403502,0.15247499450527482,0.2878004403849445,0.04554265815815769,0.022611267253840134,0.02613608912324064,0.018063354854221305,0.026954491379035595,0.062105836782631284,0.01876518756653934,0.02555392512890627,0.07475632223060147,0.13283597303128053,0.06305047612114609,0.035675432999744176,0.29335181780081904,0.02187506212799191,0.0400369948362526,0.028599176408004506,0.10841246950179005,0.6454488455337065,0.05657359498286546,0.025673544213121288,0.2944809605933021,0.042079428250926164,0.022084033118256845,0.13235205179998086,0.04913288821270181,0.03164352078062822,0.1309379019177292,0.1081893547864761,0.022741842749420392,0.0231986683550069,0.04093054485451401,0.031159886654855643
AP4S1,0.13009546857246224,0.036159743327596076,0.0694731170373187,0.18885715805215997,0.03770494561078803,0.03499851793228926,0.024747205433413914,0.02656446058645635,0.23522728010729146,0.0205890290554345,0.0,0.0575414364174335,0.340568396819825,0.02005745943578437,0.026137388758260185,0.0239676026700893,0.05756268997379399,0.019429392800201763,0.024237088012591005,0.022749276223782016,0.1620837981342484,0.018779702632827747,0.43408309566081094,0.021568327983248124,0.08015625476131105,0.02396484171829707,0.10176018290803658,0.04294492407125552,0.6667110702073569,0.027904834244653967,0.2116749178834431,0.11126083445011042,0.029602061182689366,0.08563307975385585,0.11708460927201814,0.17175242421658993,0.3674910748602027,0.06881539719899842,0.07412105242713195,0.06820681811626228,0.03327318905431266,0.03809685035054646,0.76702547622602,0.028645055330998006,0.03903834069842302,0.5762603089357481,0.6408112491831282,0.03434637500552961,0.026508115384375305,0.7407596764533209,0.030129952695339333,0.0521512388200033,0.036304076803904524,0.04305440823511535,0.2795853030480815,0.15211361070568546,0.08020019726698463,0.021954998544916837,0.03173847655392552,0.04543441297131499,0.28353392968520086,0.03115709125770823,0.021755562719293672,0.044363159073410235,0.1057226462712127,0.554950626516222,0.023514985460853094,0.09727093039653348,0.02278217713879624,0.0535858520660549,0.047107004157342015,0.13689962376941417,0.02439829463230835,0.04355227124297668,0.15652068384717752,0.6011259380617576,0.07406060313835115,0.028906110651945625,0.03617558724492233,0.09883610106269565
APBA1,0.01841244351014832,0.6446275007401063,0.023676593656822405,0.031009142209827336,0.11633211652082168,0.09329791848059558,0.1354748342317848,0.12628311117756458,0.043679968316505335,0.048468196361676534,0.07692768455450358,0.0,0.2768943205496854,0.032626849619977916,0.11713611531537667,0.1396690778499846,0.09360666370937634,0.029259488764651682,0.48561339097026024,0.10124880848353464,0.3223489746892182,0.1546643515605079,0.10739915792474486,0.023277811487094794,0.3896643295882977,0.714644149437617,0.17968831595024937,0.03392113862490288,0.019535404879043393,0.3061597397417596,0.11768823930796601,0.018169894227307515,0.08243445507894086,0.16206167548837286,0.04368610284853009,0.28688598208670546,0.021673137953705027,0.10851685652401,0.0276178638273304,0.061698175346489775,0.45751366414712774,0.12228183485042672,0.06860020804278262,0.04225816756426135,0.1478068628734251,0.0239234097618223,0.09706605168562005,0.03026254407445143,0.04356365209756547,0.8338890460752741,0.09938557969893214,0.09539921580188264,0.04495142335703792,0.044151021945678756,0.12802432612998696,0.08715502233326185,0.03794425204708621,0.019061075484502876,0.04007248341330452,0.1648191715974164,0.08408507480882614,0.02806428175530082,0.04004360199506031,0.04024116365350145,0.1429150254736329,0.035413971558860856,0.11639971354730187,0.02086560209024005,0.5360776387001522,0.030610369744780104,0.045018792854427586,0.03590420832827434,0.046200843199067934,0.023919766574340254,0.1823387561637737,0.24043343441199266,0.043258412110395876,0.021112332426427783,0.07779171615832751,0.2259097073173357
APBA2,0.09732145577036717,0.018116977219269487,0.03300450218694833,0.028748554526835536,0.03271123610518364,0.05568807408942227,0.047277181062370305,0.03694384964195665,0.09310078153787459,0.04553620381680318,0.41112735059491806,0.20324660936732405,0.0,0.019033548966708946,0.03391788660787168,0.16646677038237534,0.06519295388153408,0.06787594795720986,0.037818612095424,0.034830266420765386,0.019658135366773948,0.04412448588552173,0.18209310178556187,0.1255551826793117,0.3525964204975153,0.05585647806811297,0.18199110718314798,0.2433127831880903,0.13757473558492128,0.02260526014411076,0.41473948957983436,0.025346777163316982,0.09919902966704604,0.08174324098352316,0.10521761685983971,0.22947831406082947,0.05329794237683049,0.034564580472811315,0.5985971139390536,0.029762135778860156,0.1126510654357126,0.05091981084061602,0.20771245084651987,0.05967982783888557,0.1423135780735177,0.30698509213068287,0.20264712114536376,0.04114339597558768,0.04162802529218675,0.18914065092005905,0.20264557005789655,0.06477810971059575,0.0527518984077818,0.054464029841335526,0.047426250974528225,0.48027701908268716,0.028569619121598704,0.022232413269536577,0.10841552356303301,0.031213659385090214,0.34634866577530815,0.8932317417046889,0.1054322211311971,0.47106761044562373,0.020087824020451374,0.18859540426184856,0.33851980838228435,0.4129063576927218,0.45900205634038876,0.2145340434342615,0.029635893994085723,0.06984198597983601,0.06397146970351869,0.03446896436289827,0.01864579096094554,0.03127022767227717,0.13607166011600386,0.057574748942804704,0.057705160059798165,0.04835759430650582
APOE,0.0187235276160188,0.03350775870166119,0.024637316843648015,0.17655843261656404,0.030071936749016776,0.06699697294351757,0.027536006723930872,0.3286199614521838,0.05250239655080032,0.02911879855890459,0.0205148659705915,0.03185071823375048,0.01914930545861228,0.0,0.3207053078648122,0.1406239963988784,0.08790789442615453,0.0237241599390086,0.9937515363148125,0.0505919379554939,0.09441207479442837,0.0243608077884349,0.08516743857887953,0.2849459089408614,0.02341651673562598,0.02823544103970719,0.0747697770083642,0.02010360181555783,0.030365755134529993,0.06111000280617659,0.059182679994189476,0.06512035962171395,0.17071263390301752,0.03894378126142408,0.022155117504741743,0.04311200586167787,0.2820018085089301,0.04123064848933338,0.0644083730693673,0.8469554760917564,0.12195035966851218,0.04047787672504608,0.041378565092690583,0.027137655411055707,0.027541760253044344,0.04332617928987295,0.11046676975714634,0.2692758386954566,0.3510889672167268,0.08514082645947284,0.020818126316046362,0.2071344235921615,0.019133471596561345,0.027981555596756788,0.7663687929848684,0.13730703229661512,0.14535458250375227,0.07593885681798432,0.12131141567676787,0.0202568767321717,0.16031196319696453,0.22289577511866493,0.021308066329777615,0.2066533119958538,0.02176041384521914,0.06333882897383342,0.04781153630196133,0.4285000390723019,0.2693040184424336,0.10104545717499298,0.09068290961534095,0.02886068676256705,0.08425998866095924,0.04725087911623408,0.11067001278068171,0.04966011148876618,0.06309685688092599,0.17116164210657478,0.044699426371434266,0.2286706670336516
APP,0.027766304563445844,0.1391570870962668,0.03304178570184421,0.025534077735214666,0.03459480069922415,0.02760481163216811,0.028919005086362717,0.04141768537921419,0.03530345737169714,0.05603801019241755,0.030843233369424565,0.15125884990091362,0.0416050859988429,0.47309595499804724,0.0,0.03484936018133589,0.03520579103558712,0.050298168698977554,0.9627618529906556,0.10877727818891325,0.025086169348825252,0.02830457304049385,0.09239402101585213,0.13359898552731775,0.1308737602915136,0.17393550519476825,0.13222277460541626,0.07541455229887882,0.2044430231892014,0.023714063576048872,0.021983978132997187,0.031128801785597536,0.029497410899374125,0.21250376778948346,0.044562855092011903,0.10973109434577828,0.02253552815175745,0.10479060033330129,0.020632247316773638,0.09131867547147259,0.019563169603618036,0.018031059242568766,0.037474994264161864,0.027906051488676094,0.02125530839885831,0.018362301222463826,0.06670473623314188,0.058910035173376694,0.0450003210855578,0.02487745449687427,0.025041066937221353,0.07864296653218326,0.30531822648929463,0.040023978581416764,0.08916771431464215,0.07753098823790176,0.020191387253278566,0.03442842179886647,0.047623126366741264,0.26435187365664764,0.029408140613017796,0.04101470380595823,0.09938695044045666,0.07692528997701742,0.06774738615151088,0.03454147734291779,0.035010680383038985,0.08441160309937168,0.025106642172622533,0.11465604072638459,0.0613519419568805,0.05630832444743818,0.02614759419688265,0.045819530500566745,0.03441367878712971,0.20827563090822707,0.07725204554416898,0.07076533718678026,0.019777418914132018,0.02526895565054342
ARF6,0.11782785443031235,0.09136415673012985,0.03856263338613601,0.05088087519670989,0.025456837946001763,0.030596026596632818,0.22598900838133218,0.06435495788066689,0.34930733042444406,0.032906572514696406,0.02413328265703436,0.09758282847187306,0.1472985556914173,0.10505955566887835,0.028768521699848334,0.0,0.03765831629675132,0.020414066384713315,0.024085700444572047,0.03489587893947046,0.11294807152992718,0.10703807341411664,0.09013999757036788,0.044449735186207144,0.16885367132574122,0.07823719573181513,0.02566318711607679,0.03214761955535908,0.09454895051501981,0.1432949835141196,0.06659251488171014,0.024047947301976322,0.03377680653812847,0.024668941833365057,0.07026060085393186,0.04507881030493294,0.02928395037295734,0.021204724333923744,0.05009470588096711,0.08280960313995689,0.028431750583208886,0.09148858081934269,0.02762925095741097,0.06506971667757301,0.039223948944179896,0.03693697277206569,0.7067601988062686,0.0573364307307019,0.28516300013131146,0.17330985323348616,0.11030396562881231,0.21405200280683326,0.24178059972870075,0.08163686051674303,0.019290315273265912,0.056722441840993856,0.03018080584850531,0.4879231648237028,0.09607086453945587,0.044955617935038286,0.033777241802919154,0.021857368614386363,0.026810393187194855,0.056408587877974425,0.033154904702140844,0.5707785017174642,0.20434047321015328,0.12384293335294642,0.10393777141197723,0.018499232855474154,0.17929515710702493,0.02027280601855279,0.16444715861390816,0.06550742654164877,0.1138330348350867,0.32430636732248497,0.049171338851237936,0.22140231857589238,0.026434094484697166,0.09315645115510089
BACE1,0.03488136322834072,0.04100207865048144,0.040538693792351324,0.022782602831778936,0.0190914214370398,0.052260666332761135,0.11017348630836157,0.09258990299847264,0.019503621041063186,0.02064185187123021,0.06185818975343339,0.07322218642481965,0.06322367934816643,0.07330570082478878,0.02951215600275973,0.03873331679707264,0.0,0.08147715629468204,0.03103995373172809,0.333094179688052,0.02431296377322483,0.06917788549649058,0.022934620673007205,0.035163430056442554,0.06515951223891979,0.10290870460915778,0.4046485401021247,0.025183738965279923,0.20032433084316267,0.09570754671360142,0.07026959725167856,0.02695297241320627,0.14705397478501214,0.04484109840325653,0.04268828047594255,0.02265771204349765,0.13300722009523144,0.04015252877167942,0.14280228590106803,0.033383600594387615,0.36116689032467514,0.20411463869997576,0.04349867649363733,0.06996053323522251,0.7674073221974229,0.34716387057831305,0.6154624546266413,0.049823940035624945,0.037006157424091225,0.32673929391894024,0.04101575800364889,0.04675222863146812,0.050587230443655484,0.01841285725670959,0.039929888751651266,0.4968030739672827,0.7931804878837473,0.1490843456873089,0.06420457049760948,0.2173726325471971,0.1061573338724447,0.019075908986182853,0.2571694548583092,0.6978028617909902,0.04063875476698809,0.02633232448826708,0.3661085503790319,0.06940466096932883,0.24504248498084974,0.17520455203714552,0.029673571156309128,0.07899007081513777,0.018626402100275368,0.0708308288042847,0.07092880605195243,0.13388290877241069,0.03202879119210091,0.10670972029941732,0.07920521201641567,0.01935031411889487
BIN1,0.026027891312524275,0.7941775143123845,0.06240784598764582,0.02299693325343295,0.029596676981976076,0.018908693974451343,0.04909384125794942,0.11421602042351582,0.02576340480052369,0.03146439561084154,0.019686587159819163,0.028287327934951926,0.07459316799297032,0.02352633788561805,0.04147015468635837,0.020786557140193705,0.09416967221321809,0.0,0.13426894671236803,0.12163457842928377,0.03201715170232446,0.07612032640129512,0.055074241544085446,0.03528242428389052,0.04126186327657333,0.18478826934692377,0.21226485888455907,0.018120820247553102,0.03648560126871989,0.028521332808090143,0.022794935557012917,0.0193252886674065,0.17925889346021753,0.3324211355567709,0.059132129790248886,0.03157982933952405,0.018615385817107682,0.4478182900858324,0.1190863365151705,0.028350997728821683,0.026667655696665068,0.1403540547898379,0.13589393112703219,0.03495164481852425,0.9336565637888664,0.050403869862621346,0.6945468876013666,0.06659015877673975,0.09786963380437705,0.14458640681012538,0.3100762024212424,0.08749321607261853,0.08665294795421363,0.13334999964160174,0.020501644771210133,0.4484482605877254,0.03368625799342022,0.2083993085923973,0.7154712199436222,0.8337421315157791,0.05653801976004001,0.05363706184855483,0.025655038089695936,0.137133434406243,0.033969278636615606,0.0549710863313751,0.11800962629945566,0.6490567339848974,0.13357819479554608,0.9325963803524063,0.07689335839876872,0.08598678311569041,0.14088135823258213,0.02917273553399856,0.2863583059579997,0.028419597202699712,0.02550429449765767,0.06764267466117976,0.05052935643134287,0.019863637474003142
CLU,0.03760356781598166,0.02251255465702117,0.3992340796000869,0.05074640497544944,0.035020544410276175,0.02865849891547423,0.06358123715494687,0.4640481356928456,0.02187087336230337,0.04493823065436058,0.025350828007733882,0.4028913394841819,0.03940261786370978,0.990518911275023,0.8549761322486348,0.024971556103602927,0.03245626366402958,0.13022295774854428,0.0,0.02086526441609619,0.026776516274607056,0.02904983592523043,0.025847226468550977,0.2801471608693539,0.10956984344278468,0.06005061194948138,0.10570253764704354,0.07144351197343306,0.018130749776586352,0.038234709594764396,0.055255944712639074,0.03891410476879872,0.10576545399463683,0.056235425368946164,0.12418367977811573,0.047980333782949275,0.29043436831293545,0.05431055533632414,0.10072324199229123,0.018833588604241135,0.12387735911122467,0.032906529199133824,0.025454154672778263,0.05347274872557835,0.0846789990155673,0.056623941228128055,0.3072639134719661,0.14275360155189695,0.2789033726699188,0.05824522925248237,0.021287896143564685,0.07751913677259219,0.10015055447722096,0.0727469452747228,0.1791135804674559,0.05988230038628226,0.027149634002892907,0.04147150200062689,0.1912788011011551,0.239164983032305,0.023900634020835063,0.24521029096580804,0.044581613815230556,0.02959128726929261,0.04380718124314434,0.01828214113120716,0.10175316856100816,0.26138560415422313,0.29741453655917066,0.1261519975817364,0.12090391427061745,0.04849553432157858,0.22932210014335513,0.09354324204001876,0.02499868516776373,0.018217411497172292,0.09458649338889949,0.021241967764205262,0.05463227412522333,0.12255825403349586
COPA,0.03927770036413467,0.05377431616941957,0.07179193391255195,0.03951964179285296,0.03438185428626179,0.03861923950676418,0.051025173700133715,0.05644221257808553,0.4678893613936669,0.03533060439940374,0.02323533669471054,0.08119617468695893,0.034829478508132665,0.045848752430400756,0.07110172238611702,0.03640643395208637,0.3517711935402447,0.10756971449872833,0.02070204747477333,0.0,0.05745380468529921,0.3845279737449862,0.06200341987981463,0.6627349775085682,0.03075108553270545,0.05022550297043134,0.10603998538181313,0.17231227412305228,0.09851046515084427,0.04156679220251326,0.021631784656517744,0.2161489225251078,0.06273788023756187,0.1419776036366931,0.055684518719974575,0.5046317251522008,0.052804968058717365,0.366502916884046,0.024626245492650536,0.0727723068037483,0.03364709334438156,0.05219246427447962,0.731168433662268,0.34815070098579853,0.3618801122095988,0.04648261850938441,0.022154919616200308,0.02683687479707912,0.023144981961328203,0.170495886901091,0.21841134608423762,0.0330195075067926,0.041743548046818034,0.031151804475353057,0.025637849495284824,0.04629774567573354,0.613034689777498,0.036650003145408755,0.0593212236899463,0.03529692765763054,0.11332606676347463,0.030849313780366067,0.023716731889401457,0.03242471682341563,0.06661506650335756,0.08450671604046003,0.10242013678799267,0.02167753375352279,0.4206245473010438,0.08522950567574288,0.051810620730655475,0.025691101132022665,0.021932387138355235,0.32736222619786115,0.13036611119560718,0.1047046887007101,0.044448338207280544,0.028404950048084354,0.4455315226824027,0.08749470678883992
COPB1,0.031256770402393975,0.05436666130012962,0.0200092971996496,0.24150568133081504,0.029521214714516346,0.018330935412672736,0.37314572175213145,0.3505060780216577,0.2184499578425666,0.20968494048579628,0.23070300445433817,0.28283991046199125,0.019812014621312102,0.09184031894547959,0.023634065967770398,0.1474979527766133,0.025168206926113542,0.032260215162364006,0.027098887570074816,0.06344814848584555,0.0,0.053490458267276664,0.8480491763633374,0.7570486984644907,0.9020930195936354,0.028053512996127607,0.03272938651732667,0.041905716835443474,0.04782749639705708,0.09663740953131084,0.08866683337612713,0.03526178574556559,0.07118373046644999,0.07023690569360172,0.11541697629469383,0.03807727292495284,0.05195998261147742,0.04521911179492273,0.026011136694829726,0.09736258268279017,0.06599277148908915,0.0765743040935088,0.6221596618368045,0.10307136104631767,0.09847414570598008,0.20830118930134173,0.048800480241758856,0.09473283814523263,0.6288441200936146,0.04116521867864891,0.05993988475034297,0.10101920402748053,0.04508074246526519,0.02886062427270924,0.021171801693416474,0.06887736800445356,0.6502340977749419,0.2512867381720585,0.04129256915352805,0.2669856659687225,0.1897690348980083,0.021038089215933403,0.18605969549800938,0.16692178884980163,0.3497814839171443,0.0337709820600182,0.10627026764326135,0.053013920286567366,0.41292078120021364,0.11592356605735266,0.024558064644571925,0.02493989928147498,0.04009336050039829,0.09833041525644386,0.17113385575346443,0.07872365430509161,0.12578977860655152,0.018480078974088484,0.37952792330936586,0.02367371883925201
COPB2,0.18778962502304247,0.0545092540761957,0.02192129444601522,0.04376871344020685,0.0514646283878462,0.025301353160730258,0.06869642214539573,0.03245647864597579,0.08212656068605667,0.01992674999743594,0.0190430887010519,0.17068766829724263,0.053227699029910126,0.025076406040103447,0.02723767276831012,0.17173555636318583,0.09466254816558908,0.09106724684761705,0.031185369430931566,0.5701582591391977,0.06046407940706484,0.0,0.10894255477684489,0.5978597501131083,0.20083395337524768,0.12115669461946253,0.1471515874496923,0.14415290970779132,0.0468631660522504,0.09882745391543644,0.02627768444824866,0.022752086937305186,0.09395858746423895,0.12141547422113394,0.09553032408562452,0.06639583707548646,0.272668256049023,0.2127678370403431,0.1390523614351736,0.02512815748849947,0.02436837731650919,0.0681449221017358,0.01898572837001201,0.2131671821353372,0.5055460646526612,0.059726059548439396,0.03961200942318867,0.03368904174907198,0.04078343560186295,0.5325732076397609,0.07116428657611255,0.06806023868413122,0.022826099612481755,0.024298681194916065,0.3716595616298851,0.3746446810683301,0.04731596539690319,0.026665157732474666,0.10492421706150172,0.0278905972878794,0.15268998303688788,0.07544747681399713,0.13847985301402155,0.0858824537779275,0.0285414809721948,0.18872450968158958,0.30026297824954307,0.03227802213241279,0.0186577871643903,0.05051259416790648,0.02922648436440474,0.04959369677988973,0.03462173384950441,0.04083388190986341,0.11780630845647246,0.17862109526904496,0.1284530282063598,0.049395976274257826,0.023799285629217064,0.04753650095030818
COPE,0.42209781811281305,0.02168654462508228,0.5556355750403311,0.11538668269910701,0.40523643745873617,0.04240651925315607,0.22927489452285554,0.04389470226840358,0.04460443492732844,0.04434700988044368,0.47005155723329006,0.07973414816679338,0.16521347641054782,0.06909123207779538,0.05909983400483296,0.09216420519551041,0.022806116220736396,0.04867903620565444,0.024952182349096585,0.058579965871509404,0.7330115741188087,0.07522858248769516,0.0,0.8006614731155735,0.058365490116150685,0.4489530924165748,0.16375946113060025,0.02343051910221111,0.05557840812523871,0.09792309535040067,0.029616501681607347,0.0472861472080102,0.032985273795297455,0.021865151284638163,0.02189493206245672,0.02872660359594454,0.04063333388212027,0.12094926303465686,0.23887592761829,0.09612151898283972,0.09752734729555208,0.024646016660520326,0.6424847591045626,0.14993512114091742,0.6532606437418218,0.08542055022236926,0.13664994395442134,0.033629567250522185,0.12269138824366226,0.38110007274957813,0.08004953182009822,0.12912652931787635,0.023850556385772943,0.05520913704035023,0.12650748389861438,0.025742443253933222,0.040342391813305525,0.027990685999507305,0.08539840278791568,0.018956109789673617,0.023558387790868787,0.10237112886986746,0.10488069199940164,0.4797176227033409,0.37277278068705133,0.05615723988431859,0.6605776874512735,0.04886970314273042,0.1714473301483759,0.04686370812110188,0.09001866498254882,0.027730006390229933,0.16989114772332783,0.05897297824801676,0.06844149951538017,0.03594117672008376,0.07723390733797067,0.037483252024777036,0.02820225911761059,0.032899869562339416
COPG1,0.018499615289511228,0.059630836136476906,0.1553174234555902,0.05958792321707224,0.018503231899024208,0.04859251161959128,0.06792519041445912,0.16152240016319216,0.0554167413186028,0.21808843571516148,0.022402151857294453,0.02304541564379365,0.15238802129588497,0.2860820962039783,0.09813319479508248,0.0521874145967779,0.03850724236679741,0.03607096519757745,0.312288323676645,0.7660661841964075,0.7751410004073943,0.5048642926508581,0.9067634982349946,0.0,0.07513185441927368,0.14606599934927914,0.0815916885805034,0.18665464578713664,0.035735454316185696,0.0757713780194947,0.21859260733605282,0.02645598523860756,0.051576460330004154,0.27059391971023594,0.06303050231223045,0.0700167667393061,0.028711609379126635,0.18939248881842136,0.020466880528870756,0.12347966855721192,0.5057977562325028,0.19584879463957042,0.23409512513364455,0.12272543946653086,0.025472821808093685,0.040884535162222124,0.1975256796884332,0.059249771744429656,0.10000943684613345,0.029940805644614796,0.053354170308742295,0.04511356764785041,0.12950333646796017,0.044352920815702926,0.06333639886363843,0.02440966482132351,0.10065104803239978,0.09169200293403908,0.2850578185786504,0.09210940254354519,0.37846242212079734,0.044367073557692524,0.019613097928927088,0.021202921057654277,0.01913114033675018,0.02535636498227834,0.31432646429082123,0.08020022941555287,0.024313688712506613,0.17076759694133997,0.04163752230623306,0.03983967900421419,0.03318513967415763,0.023399604449188746,0.11569400596244311,0.027435411395107034,0.020653972833025454,0.02526913807874114,0.07847810815802878,0.16923171762384787
COPG2,0.027023003204820355,0.20232646220290582,0.06651556410802513,0.02040532980953854,0.04250436298582207,0.08441215973011473,0.07843737532744613,0.04007306221874232,0.03884648438807502,0.04686022365601458,0.09295317043715938,0.29221159714993267,0.3623628132370061,0.02289559020752556,0.08381902826183904,0.1968486508719722,0.06832058924901938,0.039381516255137756,0.10216850363058154,0.030957586122209516,0.8569591265779838,0.14011115742332073,0.06270458714996266,0.06659452940430917,0.0,0.21494568459877458,0.05120844520446017,0.029223927797039806,0.10832204497238548,0.043541396924783295,0.039099403178041774,0.04716708404527325,0.025479262270194383,0.1625563921670481,0.03150538368626006,0.08331786460470642,0.08949604445972584,0.15927401659068338,0.049526400956126114,0.17068506596385172,0.029433197710149857,0.2236354531630583,0.2113423787578781,0.03926412138089341,0.09696854803124913,0.2059490792508382,0.07715203715512324,0.08851775037741763,0.08721970341413261,0.6460773546629448,0.06179932789943476,0.029572061122917152,0.042187483888476894,0.055447311057335046,0.023438740440278254,0.07300649884812317,0.4638096432856689,0.0264430002026059,0.03433962832815939,0.06901111132705554,0.03477811489461695,0.1042591097369232,0.04397900604612979,0.020783521719637703,0.09570273477667028,0.01832940656091256,0.15112696025748304,0.02163655595950658,0.056322307756423225,0.14864419601590861,0.07396912940192625,0.020663902744458448,0.04134259527417322,0.06155168388199958,0.023906530699719836,0.28577214567870757,0.10561341767154404,0.037792760469370565,0.08419318677201672,0.06643001799663308
COPZ1,0.2107520615897772,0.16523871043330735,0.4238925261140142,0.0640205450245507,0.02105722532510933,0.018256926503332816,0.030335961035737546,0.06588469204329238,0.29847024589449855,0.03020012197684885,0.02558198910877762,0.6901768071393255,0.0642306738531254,0.028459844399632624,0.1272723128743162,0.10335463564364146,0.13229304976456205,0.20428247989398465,0.06496064221980859,0.05703966767761476,0.0285008129506662,0.10664681664617039,0.6195335272145287,0.150529411155697,0.2708516679861939,0.0,0.03285554724915159,0.11263988731686657,0.18692460689428603,0.38603038482137747,0.03552752872182287,0.02243075530899664,0.13761457516583425,0.02652099953311835,0.02308333854537311,0.03062431721609947,0.046006011195457594,0.06719793337702346,0.06480482244897232,0.21501907029187817,0.050095602806647,0.04048073784726561,0.2050484725526919,0.07440878920783556,0.08684850508136453,0.03572958289930717,0.150894819139912,0.02315197629128694,0.04041877563969917,0.02816393283063531,0.24604991278987248,0.027155619394486165,0.1446987565274753,0.4148688006589066,0.06473652108895754,0.03643175407299331,0.19143024129150274,0.28592310071023186,0.29047924896366983,0.04163015394904758,0.14034431572551764,0.025339034965334312,0.041593511087574524,0.03571505650759588,0.06555194017283274,0.023355289526761722,0.24844475872845237,0.029315793408612838,0.018351463457229232,0.18242266039755922,0.022170821102863444,0.07493872871961038,0.8533568942150482,0.048454297796687605,0.22111535999782042,0.03228243060278178,0.08340944103328699,0.20727719111671392,0.059525358187492224,0.056021037302590865
ECE1,0.06283536179139393,0.06581689399219248,0.21356359236815317,0.08717475941971091,0.02465338199221745,0.0418089137371188,0.01901498018791294,0.4107234879917046,0.24246996188432346,0.12573987677183038,0.12724294969839517,0.14740956144219897,0.1989913349834214,0.0691308738758905,0.08850737938268435,0.026697430438368183,0.46713157980213765,0.2001992897505683,0.10376239020219996,0.11412773329753799,0.03195888926291186,0.11207730378861476,0.19726304139079656,0.07491841110334135,0.052874246894828926,0.031447063060225204,0.0,0.052262999868942214,0.0996903823924368,0.3159443822372095,0.09285120473736351,0.06277589114952424,0.06636369395384345,0.026875063211537223,0.06290063494779836,0.11980259108660353,0.040832654770530226,0.05895808215305553,0.021892142622401103,0.21630860850956488,0.18828603988297615,0.02542279983253918,0.32131008482154677,0.02200158231069441,0.024582928218314856,0.5997350887266472,0.03161044728508491,0.24756660107494322,0.05096057724555812,0.4505350332747001,0.07519818496810238,0.023276741784013892,0.1476095703691658,0.10815288745328709,0.5857526883237746,0.0798289506574248,0.03698416886124314,0.13758462465597182,0.11526561632979881,0.1378713840506653,0.12955051010936905,0.019639923054614112,0.10193742980481478,0.02647301054531898,0.17566572835236977,0.16662405968680177,0.16040139514364765,0.6705533660972841,0.22188993583144428,0.022804596925997296,0.028532207247372474,0.038787796958222195,0.04574426600661538,0.035759969133888035,0.04775082933058276,0.0405863092426781,0.03716384875281784,0.6511503001910147,0.26158933704973925,0.06789012307546873
EIF2S1,0.06303937889263592,0.026144370085910137,0.9045880666494235,0.360087416000745,0.03740813207505232,0.031290655132022636,0.02504447877817615,0.08531148829050117,0.07294913589798424,0.020513334639379568,0.0554864687310407,0.0346443286411002,0.358546805176022,0.020277472314335496,0.06559432872129457,0.03754419877209025,0.02713639631530927,0.018135846001886207,0.08483487932238458,0.24970438857287083,0.04541767143194879,0.1396347978179472,0.025038640960749214,0.2173862157996824,0.03184342496760374,0.12452417397980103,0.06061259649460866,0.0,0.1900127790439087,0.03422120110036055,0.03350649411926645,0.030276808051667117,0.18532573265060293,0.5561873937999088,0.15967894026190366,0.04967358873828437,0.05017685705348907,0.02732637637786269,0.025007349146504355,0.039432093242222875,0.05660610734822508,0.23729388594418532,0.05448001465860297,0.02177179949400457,0.02805856184439251,0.0636474912762846,0.032757871648931916,0.03591332286145157,0.2190848511432543,0.1412087216787098,0.0475688660807969,0.09478523072291595,0.04136411473116942,0.05722027824292141,0.02496133603529068,0.05895299997690231,0.0882788609097916,0.07449488103276654,0.027670125576631066,0.027555419655994493,0.057726522293932214,0.14230461703714425,0.2191117439052666,0.025552766474037304,0.028592343159425347,0.9243756858519016,0.11223438075464118,0.45454754333159436,0.028236145954314132,0.02603703189230531,0.05416643667880276,0.4400723878838969,0.092966388009976,0.052553774898339664,0.026120534512798093,0.07498797014508929,0.21928756197511745,0.04611562672547546,0.027378409720908676,0.0759416269331717
GGA1,0.033281375186228375,0.11887178735000699,0.23435111988037274,0.10268367444374334,0.09946709347072497,0.02150730112243821,0.029800890186151934,0.027986572395514775,0.10554061519332124,0.06479707764176851,0.7716072527673915,0.019348200062938962,0.14268942474383767,0.02914106123091333,0.12245573557829854,0.1080863609223202,0.2199530747834939,0.035222885353687845,0.018125764856097803,0.10167128500860677,0.04502840102714006,0.040305212958570306,0.06002867065994925,0.03382507263658215,0.10960623853683349,0.15307904235224323,0.09595568664582042,0.13937571051593403,0.0,0.03641538190578803,0.13276883473336185,0.033978038446281784,0.15417978918905534,0.04847616420602671,0.06549140351282742,0.07162618437831782,0.02271212201350526,0.038166904568596775,0.036231444550268874,0.07019195154039116,0.09084070472884587,0.0575601192223485,0.06417125201054769,0.2945558842214251,0.12936228796904195,0.04758818324244163,0.1068080166957242,0.018257285813002413,0.03329184331087747,0.12477994524636146,0.03174102022883114,0.023518932485461868,0.11815503812418787,0.0769802117201685,0.28273560799025843,0.018310212697162726,0.08553124866666727,0.2314856661973342,0.17266211251618255,0.053246486785121186,0.07312775783034706,0.026424844087511206,0.18664891502052133,0.15167596312430812,0.06435625748231949,0.023516441422360868,0.7386177051797013,0.12754810756099874,0.0370220582204619,0.037865386553404545,0.17383513588443533,0.04496549068252349,0.5023858973934657,0.05532468962322035,0.4160575664407343,0.6212812192504727,0.21283257713395737,0.08667344634920814,0.048646505828220464,0.0831595614641456
GGA2,0.5525440830362253,0.05256718447552129,0.020372350904606956,0.022551741003173382,0.04500541303078485,0.019227810752013935,0.04382486781735611,0.08056424447247026,0.06479625261758253,0.113943311713524,0.028310014773841305,0.19971390352778617,0.022336099201332824,0.05142015164561561,0.021917453197533153,0.145680464873595,0.09143608114352589,0.027024844141708117,0.03541373567567455,0.03980104871209016,0.07850543093116688,0.06898544761191204,0.09703578467303925,0.0618174437086885,0.04116905629199774,0.2637421346353298,0.2551428791318112,0.030006141074249135,0.03465925485784318,0.0,0.028704714977764917,0.09973560922171539,0.07591762210004209,0.03372436536972177,0.0293316955498663,0.03218055981703936,0.19103206951134516,0.8320767712180352,0.10593373660012267,0.07035862417245757,0.050702774822733866,0.15114564920037873,0.27005030149506454,0.033048141543252745,0.035006742798873655,0.09673587688356572,0.07348314364163083,0.12114903475701058,0.07642159125035582,0.9151608831086073,0.043933095385917095,0.035387650610299914,0.03363480641874791,0.024222937684988077,0.03031377312228753,0.05129311397697764,0.27001684746417476,0.38288047682852727,0.1817250291540144,0.17229853479906862,0.06591550559969772,0.22911891770596818,0.05516117247292671,0.11792899808592595,0.024711309203374325,0.11040132183314984,0.041764552955325954,0.02316783979665684,0.7372840368667899,0.05847918559626989,0.1392396458262482,0.024389992829040762,0.09076897957334304,0.023973060224909498,0.050428284478047626,0.5141263376494264,0.1028946952947983,0.12102100195758976,0.038907347303499276,0.20506861981798002
GGA3,0.0758677053063788,0.10375376210340267,0.021515088710988468,0.01918299068603197,0.04853996602702445,0.02916542477470225,0.10769639717666517,0.2880274921135626,0.15305151424838678,0.02886409082134076,0.38552266114385547,0.12746548115817732,0.6017230449745903,0.06569455731758654,0.021591941774010817,0.09513021633156252,0.09569417094509494,0.02347442201649186,0.06460520497784131,0.02247274158869416,0.1046221219248563,0.026227354504114744,0.033792997202133614,0.2624496292412888,0.045287417302530636,0.037275062944397204,0.11807055800986721,0.03375208201994325,0.18448189732816456,0.03259455142666311,0.0,0.029602930362604928,0.03373398590060525,0.04012674545160288,0.10489439427113695,0.025341241664699334,0.022241868765017395,0.0713014849919813,0.021586647539242162,0.02482100482197321,0.027081100780393726,0.020947771868049102,0.06008482140410872,0.07052429312909228,0.047648394930111686,0.3642156881495784,0.041717460247555446,0.026393065648108897,0.07275351231857066,0.6487980918533542,0.12226418811817744,0.031135096596179287,0.9130509851473108,0.0563730477617944,0.02971761939303482,0.05152120817373394,0.06845888665920921,0.03616771363974671,0.020778542400125517,0.23261779737803406,0.04517394356428368,0.08831706994683397,0.07881556658648968,0.029618950397402657,0.05449267249133811,0.18413775037262153,0.1688152239207021,0.09608749480007793,0.3345519446483794,0.03583378484700986,0.03223143401214696,0.027346655162444857,0.0345001392708183,0.3073266222771226,0.45379385598694755,0.021667013036517756,0.026332867489769027,0.01982562014364248,0.03456322319423002,0.032955876496421926
GORASP1,0.20598614906355547,0.11200313315503407,0.04034792188935634,0.1319750548212562,0.03099014221973364,0.055154224740424605,0.12334759449418416,0.057009113564435304,0.5856124938403421,0.05737031503517121,0.2126091350075287,0.018190661044030863,0.02792610555746489,0.07937492386518934,0.030593660724941525,0.026739811088453424,0.03060488073827721,0.019598921422237927,0.045854977009819324,0.37331845454583473,0.03975539748734523,0.023065187145171407,0.06557864596952064,0.028105429546224827,0.060700476547613284,0.023130906698334577,0.08275108905446539,0.03149484913745498,0.039991547882481555,0.17351669025213043,0.030550990006500654,0.0,0.02023064635902519,0.07608272970086327,0.10940975168014544,0.03036189354438321,0.06742889367915558,0.05072670417278662,0.023970165196681263,0.10677891759982876,0.10909274205920547,0.023422555771957402,0.03724354945296526,0.10556250237422829,0.08805246463824112,0.020503621874761287,0.4986063294652579,0.09726561054383807,0.04679535252499768,0.028180189790706717,0.03762785257829614,0.07635088405112883,0.036145827656065964,0.0508389784727945,0.023849889188400558,0.026906036244533395,0.0900370493945295,0.11077239890250508,0.02857579846542084,0.0231083820722474,0.09785750895005331,0.1638617691854663,0.020427409740220826,0.4217469295219764,0.07488572661980597,0.6686822022097152,0.03301692916494566,0.10225160070696478,0.050160343719478195,0.06654084607211037,0.033886760331193824,0.08463717326476444,0.06693242197285475,0.048159409837127076,0.02106997206889329,0.06521338939450162,0.0224163930396681,0.03094218436735244,0.03400937745769244,0.023117456820920465
HSPA5,0.03253660056177176,0.18587302627869584,0.039239485690168024,0.039540125188700585,0.03454689956302505,0.042265335426057156,0.050212314213442716,0.20661328946370164,0.11372223990633223,0.043198753533537394,0.0331276990578068,0.07954628150626068,0.12131576357844148,0.1766277448366282,0.02738603064551278,0.03823253111946216,0.19594819437018263,0.19776918596590137,0.1180742499029825,0.0730621234484739,0.07458425001859159,0.08387367310922757,0.03678687692329099,0.052391738654813266,0.02648908588065895,0.13745881453237005,0.07326432479809424,0.1649329839642807,0.18811522443789153,0.0982991152494592,0.03235052472309425,0.019940418283702247,0.0,0.3269296738279358,0.29795189110918674,0.4901914444580183,0.12589851663659374,0.07129768364980608,0.31209486796410146,0.2882891595185266,0.034626181120502884,0.14842875986777584,0.12954641060989677,0.10362727362647711,0.29099519874025803,0.05174269961458257,0.2591468042264567,0.2732565858270524,0.04567873134917432,0.06502779184421859,0.15221410826529358,0.028691778802524586,0.4540715547564731,0.03360723441372746,0.019204275949665388,0.2095580554574556,0.04920341182068946,0.2501774638250508,0.04910725746353248,0.027742441870523875,0.5920489465710201,0.4552463588593875,0.14093426974710432,0.08868126179118963,0.09616153589353348,0.38235510411457363,0.03360021648067575,0.04199361691278722,0.07482984759673049,0.10865254205035317,0.07258490404374505,0.10044067842229287,0.018008520393536797,0.01805510268637261,0.21403814760168974,0.1311670031920294,0.07021977912673778,0.05280130288732213,0.03018071328045816,0.09312626980020158
HSPA9,0.10181600310538196,0.1328663039406964,0.14217174184651105,0.08087949644520938,0.07406517109272034,0.02865228961045468,0.14663822788656614,0.0801785069806924,0.0811606913949498,0.07284154065130624,0.10786700840269521,0.13778624006064732,0.08925192879067524,0.037716700957623216,0.1360694396890446,0.025693647944447777,0.04850088285351079,0.3237162069657532,0.05652566272690307,0.1590767574897214,0.06797209108931208,0.09681863399384394,0.02235292257666625,0.24546617152082847,0.17845343142489883,0.02592739186386479,0.02704635157340414,0.4396592486436313,0.05041700243474582,0.03632926257712221,0.03644617469492922,0.05962909948225957,0.2865620440309068,0.0,0.13236011207979217,0.576453964104767,0.8540575055205276,0.15055634696431985,0.08681686056401991,0.019242359991780405,0.061314139560788954,0.934174805370086,0.027179864088958918,0.1345761573964152,0.06664291226949065,0.05131096503718794,0.020283186258913337,0.046647255278058006,0.1224079759063737,0.1311548346729657,0.05859153542792071,0.03980020897384165,0.038363939548026194,0.14984550144987052,0.10089757908707438,0.018596230101341746,0.03544287976943691,0.03269819983377801,0.12689238055708085,0.06245103572315212,0.07017529029952921,0.045383472867109226,0.24143620614734715,0.945511673185731,0.31503744843615944,0.04964023996724973,0.03284351343534805,0.06599768827818303,0.23572040937586577,0.027941651145952266,0.021051767114435613,0.06640098025004636,0.08423067699308931,0.037951330502748515,0.02342312183829179,0.1584823935828315,0.06706233577454845,0.021909438882760958,0.04006411674877359,0.06894065301033282
IDE,0.03594865480239099,0.20066214229211948,0.5025754686859455,0.04964420185864937,0.05889674873914515,0.1433611783788602,0.060849661382217014,0.026665747619911116,0.32348839305656807,0.11237371680974664,0.18391120682517542,0.043973155430808965,0.1373242586618696,0.022388059566122945,0.03991017012410624,0.09575532180949392,0.050245786595719676,0.06509992683591694,0.14854822499792117,0.06659111603819827,0.12998746719353493,0.08942579699372481,0.0228621643677419,0.06685259123678537,0.03421436212575203,0.023268254740928123,0.07218562494458515,0.15191890532624294,0.07801996933961494,0.032752019584580835,0.09867966851905496,0.09310336290514924,0.31988254721931536,0.15759606530494152,0.0,0.02158170454362888,0.03140784450561365,0.0991790623267175,0.02372689647983394,0.2760585375623963,0.29919240833765304,0.2828045579692194,0.04908196762134905,0.03151381327576243,0.04905944500949974,0.10781404980079673,0.019202313189957233,0.07407051298907805,0.037736165287558264,0.7022792401484409,0.041401956510443996,0.4039884959648681,0.044520433034183134,0.0465114962622571,0.023317932741247126,0.5781168397159896,0.02264755392563686,0.13514231753821623,0.07855049209089965,0.023525777545819988,0.12044076173151906,0.027183969115493624,0.20547213987515747,0.6237318584258738,0.06435525356913642,0.03447335454836782,0.18500271595578702,0.16637680577190386,0.1839821926215212,0.12692696997393815,0.034998956796218054,0.02152174362628748,0.06183695945009793,0.16377507559816792,0.03657134390396537,0.03347997645715545,0.03612640126359226,0.04937320982215581,0.02666702135674971,0.02975420486995627
ITPR1,0.05125577479258799,0.01906664190851164,0.5157333530364863,0.05290062019113396,0.07228416157982168,0.023571175466760484,0.045831871383150626,0.2733827723300435,0.049551656690114874,0.021590343359564935,0.3002515026003648,0.308026936776709,0.3372139156187847,0.04604863851327403,0.09225612907541415,0.057408258829187805,0.023845572981579213,0.033584782431302806,0.05430584153763629,0.6879117452664696,0.040876084210909366,0.06493962976428366,0.032279556042978795,0.0772104880474158,0.10773179544572402,0.03157610985354179,0.1531262194427627,0.049634789186227594,0.08957770788768601,0.037335327509682346,0.025233474881265934,0.029251290831565226,0.5480547479595316,0.6987430350105122,0.021680352819833486,0.0,0.029554132737207486,0.02738634673354142,0.06759470489389936,0.12597646786149413,0.07248480362363467,0.06335229768649504,0.07662955184463964,0.029451007393563763,0.019020450192426402,0.10507689449668796,0.027271056803027976,0.08147694700851912,0.022915285449307748,0.6110939123206391,0.06664495238798518,0.04224863520511057,0.06575816485214021,0.07311549550864027,0.05323564291020458,0.08367932189466003,0.06722005963457955,0.10372577152291124,0.08163696111902163,0.141770123743056,0.19053327732091663,0.7854419920076657,0.06627572045447598,0.019284255306246657,0.0335832709455065,0.04926513172780945,0.06572593024063236,0.05724264151355481,0.09391856758906783,0.020813263983402542,0.025618042876794464,0.403340558848628,0.0331872432445392,0.019327346096038128,0.07400756643069073,0.022220302087885436,0.18959653046085895,0.3159118507091946,0.19447283739189025,0.03028281432470579
ITPR2,0.09006491536289188,0.028900925292065,0.262475067143602,0.10045471498942404,0.0677594175103168,0.02125909857506723,0.1646910292835415,0.021132825567605467,0.05480373420516917,0.04499485210591829,0.5179202290300778,0.021416271379432143,0.058034657139607926,0.2671676776524724,0.021614411650033128,0.03149025967032985,0.16161238734504652,0.018619366461378115,0.305447891912766,0.05746009869274781,0.05158822632628375,0.2121551480486968,0.045235253120476056,0.02836577016254173,0.09909050554818974,0.04428571908234395,0.041990636350468145,0.04561757648427925,0.023028785017366403,0.2525749186891899,0.021752124394074552,0.05495497895312411,0.11695988245608986,0.866791191616307,0.0301969541115927,0.028217330441480917,0.0,0.058685139071625037,0.03774097694275226,0.20353187970972642,0.6577929761268801,0.13542719340294462,0.028668850722658304,0.020682988696200173,0.40364334081087994,0.07690827364599266,0.11491111246985289,0.06394554670260127,0.1764489607416347,0.03316273169888808,0.048985533213846924,0.03600812630924911,0.26647428310118776,0.13146981091740603,0.02476187991255197,0.3697537400841089,0.06951862786888467,0.15400704390966755,0.11044504772511327,0.052785664998124905,0.10436112655455455,0.08283682285180599,0.018229687713587597,0.1559157596814455,0.30476483005377286,0.04753853724491871,0.019028652268243903,0.0501651730979857,0.022436458570771638,0.05303733432105725,0.020612576811943437,0.06229876233264662,0.6390593364523174,0.4691584893709241,0.04236526987902319,0.09846312121748779,0.20097447843472505,0.1759476174949984,0.029026795832179743,0.07111063210347775
LRP1,0.13066051666356632,0.08239714791314108,0.02791321711019946,0.12273183467398473,0.031943822842543754,0.026246788458446527,0.021094976111431595,0.6843310417515155,0.04806307152784359,0.06333715805493388,0.094244959901132,0.1066179837441243,0.03788929244976149,0.04230977663831844,0.08298117706217054,0.021970681441032862,0.04595872932066561,0.5081394645112478,0.05931108456272312,0.48594403630814476,0.04731381184603451,0.18754573384436266,0.1703884092682298,0.2012860417430408,0.2035071660678179,0.06838289913489064,0.06569741160071753,0.026846342997225037,0.04172862691374074,0.9399831241022273,0.06636279873222152,0.045324794758716244,0.07266735723701902,0.17420945672116298,0.09636216906994961,0.02691123590459972,0.06268317180531345,0.0,0.40234125890081973,0.10422893906815696,0.052084527614966625,0.02272642861749512,0.03284680646375055,0.051044402879501655,0.17048442855874257,0.08675105970520429,0.4799557220096691,0.02121932547911913,0.4261771150246956,0.043205270256115154,0.03724558929585078,0.5534503443778704,0.07758133462013389,0.09312385859066571,0.14181832556289956,0.3884685562105181,0.0521141345086008,0.02017235721648962,0.156990214568526,0.024993305835609502,0.06762415758678382,0.05814574817616776,0.06774268735439816,0.46740933506553606,0.03977140869071736,0.09404124128040428,0.0193113613825383,0.29518361897987244,0.15510683008712597,0.22375761883820725,0.02840383031924227,0.04097151015377328,0.09181063051351351,0.13973968165084683,0.0881594621734727,0.06775417505975224,0.03358658306971531,0.018513003811092034,0.14748107371035407,0.06349958336951618
MAP2K3,0.05417360053714809,0.019512762272746405,0.34921183196117345,0.01804392961279442,0.030388338886486364,0.04892109291563085,0.048188587239566365,0.05005418215572661,0.035183480517305736,0.12165274837332031,0.09789087252490856,0.02713327939860978,0.7042215034948665,0.06434694793269082,0.02016858292296429,0.05984151915228004,0.18301616701508114,0.12562870922189565,0.10883498033119376,0.025459895454697363,0.026174432551419012,0.11763558864610012,0.3315306897995064,0.020460084041494003,0.05429028941929486,0.06335996776496247,0.022149227047634647,0.024418037336601844,0.038428859778462804,0.1394441825453548,0.021260921863219068,0.0230388087412748,0.30015850502344993,0.09259167753374127,0.023410433109947167,0.06162188685241477,0.03841352644411419,0.37547943397748207,0.0,0.02458171706628541,0.11736787998141977,0.1826402107855649,0.5489414162143663,0.06882389375858386,0.14359292987468383,0.03913818750709978,0.01988706522330344,0.022951031297119954,0.020024861586061593,0.05910530933373664,0.04306689131705472,0.20727483642192768,0.018633678382494145,0.026257343888352182,0.22822800372884,0.4325483457374192,0.0351150711473398,0.0719597642046124,0.042530826844699395,0.04341362012146746,0.12325689803767578,0.6711078841604232,0.4570042741796458,0.2709907120501964,0.04784984770724481,0.8168348483886491,0.12390855464432862,0.2231900498215692,0.1219742128106972,0.10735042554471454,0.059236053441962214,0.3475707309402001,0.15296331615953718,0.15848113157116173,0.03282771057152604,0.06514024643111221,0.018139066247408294,0.28176535049131973,0.33545366640082136,0.025300142014946663
MAPK14,0.020358947834263487,0.02632553515767194,0.028376785942010048,0.6329900655772985,0.019569056692854504,0.02789391888930746,0.2128495228002751,0.04711308707628966,0.6519662671916437,0.08428512887774281,0.06937075901038317,0.04875441192800582,0.028726135755770422,0.6884688961275439,0.05693500281647282,0.08152229629464677,0.032426564125039026,0.02667588435459477,0.018729906595682144,0.06612474303560711,0.07689092231621641,0.023241344833664673,0.0923953659750197,0.09187996772359192,0.14432508374168965,0.14565187049477746,0.16995734004760027,0.03320241218851914,0.062427347966978346,0.06859230151077524,0.023052000706849613,0.06645951131107619,0.19078389829561512,0.01908203067774462,0.1716363225322771,0.0837976741724332,0.15021478138604308,0.07615336960149724,0.023386007556461832,0.0,0.06754815119382353,0.12037790957569038,0.026805520500251676,0.06732915537396383,0.3642158039544599,0.07002214710093041,0.02169445930894012,0.2139279488587463,0.05703013024962583,0.5069887354327551,0.462841424554172,0.11611734753732549,0.05036429141476351,0.04464489141030215,0.6177070591971944,0.0649513774817493,0.1916058392579401,0.07729190364605656,0.024697453797764925,0.0928573822724506,0.09944763532882933,0.15253574107887513,0.3067362817695685,0.2530433247740944,0.17474156554494405,0.02976737918296938,0.5837008237939677,0.026629755463748267,0.12533461000756718,0.021765937441131287,0.25566631542195356,0.14909793698506818,0.03866437154411564,0.02024963981949637,0.02481927852296467,0.08470324008348354,0.061764344904647,0.09958072778748094,0.08017337082351353,0.06353932372947815
MAPKAPK2,0.02706267345666753,0.14035680376502296,0.12695915867234278,0.1302834223996395,0.044531888160446335,0.03602146787409739,0.05517347001842595,0.026143587342924296,0.022103368152177217,0.08298027231211126,0.03542998161971617,0.34456126347630683,0.11494764936898844,0.10445224368439575,0.01917742270040898,0.029447863945521575,0.39108476712219564,0.026072025324614008,0.11490090174170581,0.033894389514177545,0.06040855788378479,0.023173121205884467,0.1076175457123578,0.4181896092416567,0.029422215872025044,0.04520245374068607,0.17653677022750253,0.04771544923475476,0.0897675948762549,0.05431434598772141,0.02535265665849296,0.07565713998618273,0.03241685434410499,0.0580187182492395,0.2209173374181961,0.059047866969019085,0.5886252990949904,0.04622841647243936,0.10091803442258848,0.07565888332831028,0.0,0.017986723350056924,0.04603041187121384,0.46426857669369825,0.40355680684984924,0.027329744175295576,0.2490869687409303,0.055463625937310454,0.028860915058403637,0.4063422305702738,0.03720658532416034,0.07677032859469271,0.06989420577886961,0.020959537980132344,0.06653072148192726,0.40665103842070793,0.0753855566205492,0.09911221288028714,0.08006808362010993,0.40416429205768667,0.827400085357086,0.039738496669098095,0.041178538060383414,0.0310812928090621,0.02612627585596282,0.23015984119588942,0.14450051423924687,0.09206155028386502,0.08934582328932951,0.038835945222206555,0.031661217240828154,0.3319121847183491,0.024183324613875085,0.21767667425587572,0.10873700318766069,0.023809898260739974,0.1291229688991404,0.03875034482092346,0.05704181760412921,0.09073049012727978
MFN2,0.01966710633141256,0.03192020930671564,0.021088194210658544,0.018286090357388107,0.03379358955791009,0.05950794680410977,0.1384266217160375,0.037965619677597255,0.2029799199987947,0.023828161346905984,0.04604921411731079,0.12196362285266352,0.05945147770670836,0.041825937674638214,0.018025179455730254,0.12913590669421532,0.2928143015136593,0.1609018360018692,0.034759187355724794,0.061153732521902905,0.08317529812614391,0.06387432556740702,0.026319991954898127,0.2122625103741447,0.2965827495982064,0.04122923197463964,0.02634811239025426,0.22036030153162664,0.06669288087989098,0.22558560230314273,0.020804156922426067,0.022799307083133328,0.15525036706372225,0.9618796184399195,0.2773025551964267,0.060831830009580264,0.15312836141597203,0.022774606846600945,0.19875155912089204,0.18159937646431856,0.01798679478187882,0.0,0.08032694022998889,0.027415872691061785,0.026095940146710697,0.09749532570289349,0.036549348799405135,0.08337220414023361,0.025746824813374557,0.07007171898274275,0.050497408880821465,0.7255091567148443,0.2099257190401265,0.14103015017700196,0.018230760963993113,0.03900658513750903,0.2673813218667711,0.12402669285634099,0.11265750766862835,0.08517399970895174,0.21530775386566509,0.06630840294008723,0.05853021960925259,0.5076289304161276,0.031014910591583338,0.025722787521295018,0.08870689909723505,0.0450836852261854,0.05848567704233908,0.060351861973941594,0.025937105063928642,0.32588816224019984,0.024388732411171028,0.019942400917501213,0.23518922452423976,0.20143019759649466,0.6329651681100606,0.026640615792242795,0.0393223398182378,0.02513659711831789
MIA3,0.07606237966718084,0.05666308129399778,0.10283428197887588,0.04439864723737941,0.0270213582589652,0.031575670893642445,0.037589560541272986,0.13611225989089773,0.020335764726465068,0.09741401103273618,0.7995135235436813,0.05450890708180545,0.18709306444012655,0.03684044672253652,0.03049541119499497,0.027777612456354836,0.04256101946250819,0.10955825751323148,0.02459454358173956,0.680483697395613,0.483306632678214,0.01876520760745943,0.640475582649478,0.16986110031999463,0.18546416129298468,0.1458614199406103,0.2615796540882674,0.04367575838133291,0.059042793764038606,0.27229830539312977,0.04674561696850067,0.030882622684076995,0.09703980729067366,0.02604857603538705,0.04098690763067398,0.0576226988131459,0.02712144028538941,0.02971831872070445,0.40309359146844975,0.027056738692854007,0.043544669171331755,0.06232841858525458,0.0,0.08466735474830138,0.04822994400347249,0.2513515085547375,0.0895705731479038,0.046049933173466694,0.3459596197297416,0.052394052690465424,0.02396013849442301,0.02147901473861447,0.04161638659646958,0.04227714858101857,0.25237135038844705,0.1038098129626937,0.029727239370351526,0.03486366945076556,0.38227397794687606,0.11765784616019441,0.03106135419382526,0.02524024968506691,0.24099279252602546,0.13969812004331136,0.06364495345235942,0.025439578957407425,0.04687100084964209,0.04188896615235832,0.09834617482191901,0.042807461314691334,0.01956596899249744,0.029139960606878193,0.019334275952728547,0.030221910623020067,0.10041990217448703,0.03977237850482148,0.125967852515007,0.10723124507399534,0.04170084456455794,0.056104454632893354
NCSTN,0.14203435195636058,0.05507512316568891,0.026227371654199184,0.18121987728435868,0.06495304828289805,0.03826619822115639,0.048564786001966134,0.051301380142753795,0.028065664922317088,0.06087874350828231,0.03126012825746228,0.04034037329621595,0.06632265642000267,0.026971953420677514,0.02582016502215386,0.07944547042129431,0.08161914044926334,0.03531792304551213,0.055379441564455,0.42033773627566523,0.10351236615491172,0.17104389039623813,0.19659852919148638,0.11910751714938383,0.04166692630727778,0.0712086772306789,0.022199261329349775,0.021418585902750226,0.34172869886722024,0.03619623002108739,0.06204716578570251,0.08184971302031806,0.0983646176293504,0.14174177248242928,0.030442109030796,0.028247876734557947,0.02071061341053252,0.04874017129353939,0.06756468330613874,0.08392027468956086,0.5392825642778296,0.026805028484290127,0.10499576140036843,0.0,0.2362974966565605,0.04211590290335311,0.5290097133899739,0.2934547682682889,0.06555738632759404,0.3979715507327047,0.053497339394721566,0.03480829899381109,0.020747648313198863,0.0582061916389206,0.01918217301884434,0.09905909129225447,0.867711151452966,0.22398003385402007,0.0502042174439857,0.018595132629032233,0.0593102113210447,0.024277113025775676,0.27756497784244,0.5536699987105509,0.02219737095343528,0.02675198553812192,0.116030969389048,0.05021416161358899,0.07318109116532046,0.10549531810376934,0.08360907364248381,0.17976382647792455,0.08404508410380725,0.3782902004478862,0.028632184150566006,0.9263953334793751,0.04506125387848894,0.16146107754331765,0.1912660531275974,0.04131636548070733
OSBP,0.28165091520259083,0.13831145175112344,0.4703149239266505,0.08643980700969002,0.2588447093101981,0.20637209165129064,0.15817890151476702,0.021192407849161442,0.33274798141326056,0.059577217521239796,0.04305499219360675,0.12083480108273037,0.15192811948899437,0.02678843446716238,0.02049039503298711,0.042413197459102735,0.8189767541205452,0.9171277976545962,0.08220263966948013,0.389908120257392,0.09101210595792215,0.3613511022452479,0.7372393632909409,0.024887152870061786,0.10042472400360547,0.07676175196895817,0.024514168423280646,0.026459242934774963,0.13291005243954476,0.03719751381650758,0.04154525559219325,0.06535690899759004,0.2418423872406599,0.06459878902836733,0.044003244611624186,0.018880745323766494,0.3676353093264023,0.14069559689391217,0.1268629062438541,0.4585871642793835,0.4234673206686488,0.025125987110470583,0.05251257175151151,0.21117802535026417,0.0,0.048497640701789746,0.027584986992535053,0.04693966499845959,0.22590102901475392,0.15898655517077556,0.12346943421223638,0.10968042060649842,0.020132714645756507,0.17967978631866405,0.048731682945419505,0.05542422591013602,0.2693599654659258,0.07552491309923823,0.049837179606115764,0.12103184702621574,0.24009490252492055,0.055703710726900404,0.10387537858113605,0.07242125913555197,0.019570971172355907,0.059409272299253114,0.13531620324778804,0.02234664458290583,0.08093299372297517,0.4250776628480742,0.018513146072331507,0.06547995711043102,0.08613073571294895,0.49113668234890684,0.1302035681574095,0.03154979910097495,0.20084522144443112,0.033559428575142075,0.0310849874135028,0.036911490442037245
PICALM,0.16528016648065832,0.04886965322669199,0.7487057050034314,0.11527140023168807,0.12291099978584537,0.25559113463988536,0.05013239588699643,0.16671614580882682,0.06685295706660531,0.13660284375466078,0.7892009100621934,0.023797652666582916,0.403455724650815,0.04420341538153601,0.018306983010127887,0.04275370614396973,0.47796571173585034,0.053288301321128696,0.06142519423473896,0.052599765028220856,0.2270759514501533,0.05526099802694427,0.1127244966480367,0.041596234650528016,0.26218879699204495,0.035861025681573504,0.6853182477649262,0.059819737576785305,0.052901318948914706,0.13140986195270044,0.3167104686145482,0.020190195719317346,0.05206584047474518,0.05501192720436164,0.10321419574465643,0.09671082932113256,0.08230469893660336,0.08569079427086151,0.03986426686822156,0.0930791834696989,0.02872440801471751,0.09485812564413046,0.3692313929669,0.04350443234401709,0.05317391634361985,0.0,0.02127142131601963,0.031177970826802893,0.20444403856109214,0.7994969314793607,0.16161253931558922,0.05421381897765582,0.02242132604392294,0.02024125148967111,0.504265711125139,0.018607318886558876,0.037265872517768285,0.26569903550497315,0.06120976231569131,0.025346511092102654,0.03357920198776186,0.2724651147050762,0.02392549998811343,0.06366808608855927,0.04121580616052811,0.07126948034556772,0.0699689904181252,0.13822528505608792,0.06131194568888067,0.020870800994947758,0.06805740457478647,0.03630534619247242,0.10336085805664176,0.049816166453366395,0.10006680446749451,0.358736800242906,0.6225387204504844,0.04079449000666291,0.13154517014783992,0.21264802509134373
PLCG2,0.04983256096347372,0.2000705882662463,0.08679607554532834,0.026812216610198992,0.14436206594518047,0.3670842259641097,0.021181971890617532,0.09011986158239187,0.026770022570915427,0.07190819497798613,0.5410772929340907,0.0617514037257701,0.14114186700356024,0.07190023415417239,0.04134638663974141,0.5827195362731947,0.45586511018060144,0.43694320709329787,0.18512555514428486,0.02140388583143053,0.038787805355139766,0.031013893125361083,0.10794311067060545,0.11446614842619722,0.06013976978849154,0.08968100651472631,0.02824103194201882,0.02738079492632583,0.07835556155812229,0.06241198351110169,0.03224369151779288,0.19706024874774494,0.14005614759698481,0.019769656850490796,0.018850676827404586,0.02407845734317389,0.07673085344195747,0.2428655435236292,0.01940203322263438,0.02128337267753388,0.16634728718112635,0.03009159164558525,0.07409642003602192,0.2991166276420893,0.025399428378191823,0.020352426593764614,0.0,0.07943283428953762,0.09483231956510015,0.09269005270040556,0.022823139979025055,0.01826689101423139,0.022460699287708608,0.0364783480646877,0.22298394063975507,0.13637663802831024,0.06380770590984752,0.02329505619072798,0.3464207132718119,0.01872552359484011,0.06380215062240861,0.05265647708856206,0.060793411223998964,0.6861242644780998,0.019387901973791477,0.024720696640024353,0.2227086700357439,0.40953673004203395,0.07015210064924429,0.08371209760960813,0.1146458307281265,0.03596368486678435,0.018797447875217237,0.05102685838939343,0.1328413169537779,0.09544187024461441,0.166410977834496,0.3834080649829419,0.08430841316023659,0.05485612329024473
PLG,0.044302633710155255,0.023904871923510415,0.0321039922630298,0.032895220161652645,0.08280574224162647,0.021779852148948505,0.10530603479446614,0.15049614135420006,0.14670460240738636,0.151828430522295,0.03572884784330342,0.02791027712809955,0.040269562024284535,0.2042116433497249,0.043202832329404216,0.05976147431118225,0.04973357893479834,0.059144442564315905,0.1229913704747488,0.0265577146855983,0.08017570848568191,0.029788196294268352,0.034088737738753094,0.05137924855851774,0.08349149586900369,0.02237335824407897,0.21306672957657818,0.03165939285159232,0.0182449970404907,0.1272276190640408,0.024513449562677692,0.06560806893568719,0.1998893480541053,0.04318907297013051,0.059212387788832276,0.06230564711299449,0.05659858925942935,0.02070896181135528,0.022291568021167166,0.23645422346600664,0.053212558490615125,0.0662334793847458,0.04707466430782606,0.22912424191893113,0.04439613648134,0.02887337973677143,0.10056813149577672,0.0,0.08188190063341817,0.044231068000333426,0.08644148374845301,0.04182925484807594,0.1966627038831122,0.06501596642991506,0.2664221203711513,0.034419119153880615,0.07490156351072483,0.01961761317058573,0.9744181017940772,0.1298092231716879,0.593672938329682,0.06977986948097932,0.33210339586339305,0.12755301304910455,0.03382159999420027,0.01869724472611527,0.054961837381312224,0.024686259117079324,0.08933352299201235,0.03762940461169267,0.028272259516295795,0.06912518319178604,0.03792664430582934,0.21274944561350587,0.02302899564817883,0.10835368926680883,0.11290174045579378,0.8301671387227253,0.07090503393193695,0.11417429074432225
PREB,0.02088917309021373,0.04478882721778806,0.04176871398882946,0.18532218734486205,0.042605907332307714,0.01800568430872482,0.055372303505423985,0.04962764367148664,0.11609835727091836,0.03986431127531876,0.028982899199140745,0.04275849034316793,0.04632613212069664,0.3667981853375242,0.03934703833306953,0.42678935937029105,0.041409758843067385,0.10635895013255084,0.32361321273835386,0.02391120971005445,0.6683824380226104,0.03856933505032654,0.1693363169835442,0.10302262807509058,0.10366008446265065,0.040498567890376376,0.05538435645524974,0.19526720401509867,0.03555331029816008,0.09954931876461688,0.06669274718185574,0.041779861894895354,0.04580773426733522,0.1372584827405492,0.03695122125439085,0.02262679388770293,0.19333063313048893,0.41618261331886974,0.02006991321974188,0.0725628335356353,0.030482477154949197,0.02556382247519454,0.4985580032170434,0.06855323979845936,0.2732618892610824,0.20319198106396427,0.16264378960528222,0.10305306643578882,0.0,0.7053321906833909,0.019415265852247735,0.16114079908974097,0.18551292395959285,0.09867910076763045,0.04510702208700615,0.026421919562176877,0.020455158680428093,0.46492166275348307,0.05414497938880926,0.03306427412572104,0.15455585927041293,0.03937053720975147,0.024207150317072133,0.03632954827004395,0.030618146300573825,0.13941817532817496,0.21604746788908707,0.05026882859419955,0.41426420975592526,0.02461389904018488,0.04250447010877115,0.2217202600711486,0.06761157242715828,0.0234004801001519,0.0501279420562679,0.052222507758319804,0.058168011503443695,0.633005754399619,0.028289912835902667,0.09441775656672374
PSEN1,0.19421384105524953,0.018012350146927966,0.5237429498636599,0.3906853560694836,0.14318331394972747,0.025448034620841165,0.02584083142632687,0.38968478343435164,0.03139734253207122,0.02044980919201024,0.5192767267785833,0.4016547166028381,0.10756753738079838,0.05152426509528785,0.021563413209155127,0.11123539595078827,0.1805953931921306,0.07819068473439827,0.041227327529297336,0.09890461641352445,0.03167342660854828,0.1855864798239645,0.21955472704572004,0.025293364279761574,0.34650307803177033,0.024163985430755822,0.21348871976273934,0.06675346370302654,0.07518555186096583,0.7281222080874448,0.23692793250644392,0.023316012678943347,0.04218700552283162,0.07394736922003155,0.28775352163395773,0.22541740563718726,0.027386610002840046,0.03183140756645884,0.040115624446800016,0.31215655386150437,0.20589633085929865,0.04347068799111228,0.0414976396874996,0.17291409687156226,0.08870307774977787,0.3819916803274628,0.07767966404768609,0.03574047806417297,0.30887822962644923,0.0,0.024526098083912398,0.02637324138809074,0.03581862206085988,0.09669071987897541,0.0752511053754177,0.018721441120639483,0.0317422312415554,0.03198192388198428,0.11236728623517898,0.1004113745070445,0.17255247046444808,0.09616588708941798,0.05853024471385727,0.09252409991264264,0.044252212241506376,0.04782465081771068,0.08310802531880207,0.029539314610200623,0.029398779230909368,0.06759886590034894,0.018715394979026415,0.02252893201549339,0.03549306262743964,0.02790314489221087,0.32025961409430836,0.22519788927274587,0.022699392400687014,0.06193599980813997,0.12067938839367884,0.03446703743519491
RAB1A,0.023565892632287786,0.08713713289522243,0.1337601302603489,0.06426927542838376,0.12596371124508962,0.11957960618144566,0.12897396584279525,0.019328086045206277,0.13002773963337258,0.024832162057259136,0.03411249669790011,0.09740134443275464,0.2685448291058207,0.020907959933161427,0.023906830143708983,0.15719034407084123,0.0470199566227642,0.3538122260875425,0.021574542971540035,0.2903370191827986,0.06339221702934963,0.06564903260353189,0.10565620352387466,0.05494499196834809,0.07181506987573762,0.2523181727702838,0.08526442076011076,0.0455855938439468,0.03391985862722245,0.05248093450039977,0.11064319788718084,0.03466341913967045,0.15585680228595516,0.06382817288253927,0.04073303696837106,0.06303426293910612,0.05171053113440046,0.03719114525766096,0.04420309648811179,0.6734838828444212,0.040744744378694533,0.04993773786966492,0.025358079667017624,0.05613180089723063,0.14768925387543835,0.16359778843935371,0.024896160183852746,0.1112830851853504,0.01942883115878529,0.02896314711096213,0.0,0.7742828172664321,0.052903118518311816,0.031724296462271866,0.035729238952576604,0.08928531116689856,0.1320376696658388,0.03378122092740277,0.21430207695087677,0.3049649647529665,0.5787547180246618,0.1861308052037973,0.17758764986057182,0.024079172211327278,0.026425908368900877,0.3827111930282984,0.1001386606744894,0.018059579679899396,0.1512243056697345,0.13753889004738443,0.05908255259184301,0.020795290384103778,0.06892527934820127,0.04674454828346219,0.09183716035117417,0.051405962007903046,0.5436209594498431,0.02370387034509857,0.06014985818735648,0.024693286196417242
RAB1B,0.027567999675900613,0.11266321992968653,0.019616791925899026,0.058170642386943625,0.028642295904742324,0.020338707916735522,0.06670111952620722,0.021911759963799925,0.09792168748570665,0.01804877792100863,0.06214433178719654,0.08519288524059615,0.07084706708898501,0.1936859252837196,0.05976588398374356,0.285239047829628,0.05130324083084152,0.0873221251467794,0.07922075281574185,0.03448726324054604,0.09868332249837532,0.05854342699916758,0.16154539067194687,0.04377218700584803,0.03044552128917825,0.026622148792948223,0.023438043966989865,0.08068909922368508,0.02384561776450219,0.038645738318066516,0.029294931741753093,0.0605656419175384,0.02806174775117726,0.040138366495278896,0.33841078983086,0.03881491097855352,0.035823796679998396,0.48912919604388017,0.1941254948972787,0.151031839792662,0.08342817140941197,0.6514646099725881,0.021969129558728723,0.034426195965982856,0.11659812358947967,0.0511676810933108,0.018347749868453646,0.04549632375127696,0.1456675718909771,0.0312680471709615,0.7154898257284238,0.0,0.10859470859018404,0.11151383621965555,0.15449068134488464,0.04413589798128246,0.25757398901256356,0.07049167823504714,0.025095929024444918,0.06608703222666439,0.033061004517480175,0.030933325949959702,0.06168365688525691,0.10258909909852748,0.20150742348876316,0.1406083427835248,0.04003587659596938,0.04091635969430757,0.5644917701778297,0.09855399197356242,0.040068063238588275,0.16163782644002325,0.08508436103923935,0.35404751035720916,0.09013317027356742,0.06611238698244574,0.10318423857313155,0.2365574078521207,0.5725460677889328,0.02176207348252072
RTN3,0.018276455681565756,0.03929608672074833,0.12768477240987683,0.14903898904587157,0.1187329075041886,0.04529152840218133,0.2663728586361446,0.34766430365018075,0.021612403877433926,0.02518089783544589,0.04162751784923561,0.04302764000447688,0.058487267079465416,0.01912394670952586,0.20289326889871023,0.34089166421054123,0.0574469508076377,0.08969015306984059,0.10686925699732355,0.04528695826143781,0.04547456577784505,0.022317518909428735,0.024896082489804957,0.12719558952461762,0.0452940535466325,0.1378846172663424,0.1628626154911148,0.038749545892104116,0.1351115450963006,0.03711910159065347,0.8555568738756653,0.03270314829238594,0.43084946230758864,0.03939217126127726,0.042365276047789974,0.05954451450790543,0.2763065486213294,0.07349129316414738,0.01862887463927496,0.06046166772834034,0.0781601761743351,0.18980183273906326,0.04728447176756594,0.020768405323083557,0.020272300810981775,0.022271413831375483,0.024091517774182523,0.2543357010516575,0.17520643606790967,0.049681835675305173,0.05090195010455797,0.11313231470614868,0.0,0.5302970887832721,0.04247872793660615,0.46404070217379695,0.06085861704383264,0.1575871642941742,0.03526605796852151,0.06373437578315042,0.07006088481831875,0.018686496423119058,0.1561843703634824,0.063766440911023,0.18243390417855343,0.29041995544686344,0.03650263444478917,0.026082820495392622,0.08785353639591544,0.02654067357584597,0.03328283210977702,0.06423432438647574,0.03194289528720498,0.040683954594438534,0.03623244671768032,0.022919204843944305,0.037239733436378986,0.19428033669068823,0.020158101720809306,0.022214200284059078
RTN4,0.03841641909324778,0.05836340882710186,0.02168926545994034,0.0976645811975064,0.1079148160947162,0.07714187556555972,0.25731960835513074,0.018107230716953887,0.021478433588718104,0.05614020838199627,0.05661168288651338,0.046116538898275425,0.0683516681986036,0.02915959639679122,0.03736981921338445,0.1231326828839923,0.018517405929061113,0.16811876580199725,0.08856007422044046,0.03494566200848231,0.030439105986036663,0.024285967427436512,0.07409753226613561,0.04811938521279947,0.06870066874217438,0.48250490036711774,0.14094156050366025,0.05821288241203915,0.09980869735350198,0.026305544521736054,0.05658416114614193,0.047979938788730095,0.03521669376472922,0.19546824729731826,0.04834822419379044,0.07471781289926732,0.16352759369992506,0.10229559754468413,0.02721059092117194,0.058459824232935345,0.021599820714630777,0.1550884332834607,0.05316376792101452,0.06602579500612729,0.2505665445943632,0.020406990794536718,0.049935059712941605,0.08781636800842255,0.11078107168677226,0.24739713166882418,0.03286086826921536,0.13871428126151011,0.6329472168358607,0.0,0.028983646771506347,0.26780298130068836,0.14197905161656582,0.10784067852139337,0.04539968234393997,0.12415288124451923,0.025428328422942455,0.08015358402211402,0.10511596630023758,0.07110795484587855,0.0447641994935437,0.09388112085932523,0.02700396558563929,0.2870106895787226,0.028668616756918563,0.13534602370691715,0.1835241805060362,0.14197968119876944,0.029157164560862894,0.047215807738989375,0.11140803153249383,0.12898184203313004,0.04801651382013577,0.14370188997118089,0.05050957836621664,0.07514424492358208
SAR1A,0.32953076774106327,0.10909869711721636,0.02056523947079368,0.06712474177337134,0.019694728269402387,0.09387897723859019,0.058127654983325436,0.08099847617191344,0.2762213802997162,0.01861104104088293,0.38776410772911674,0.11099060381944718,0.050418276313879455,0.7285038494982724,0.06569128546972695,0.019470776936860845,0.042893587758696325,0.02047847077908872,0.18204115791997158,0.026226802985031907,0.02109752890554152,0.2785493330278795,0.15573004998589277,0.06027308653061801,0.02375734529928335,0.0604177519228523,0.6059474759037272,0.024097429606498324,0.31080598391592706,0.03231308693557078,0.02801338287480672,0.022728670577331397,0.019135450266522015,0.10144907611673085,0.022811789856615566,0.04749402199554241,0.02464556925176348,0.12453221612804027,0.21015558146303542,0.7560462893091687,0.07105089309485826,0.01821192892842582,0.3232289126949254,0.01915243296733844,0.050111133707658566,0.4437719653244044,0.38003223222519517,0.3241248665230541,0.042809207779065314,0.13510150764820886,0.03415519560351947,0.15229068046907787,0.04138026859563652,0.027363111538255214,0.0,0.01917345347666756,0.05254484219147942,0.262966875545833,0.1296246096236536,0.11668016958019087,0.06297704926723671,0.2632981601275557,0.01800132001598122,0.08492301508369815,0.03695566439578823,0.4939409924075825,0.06902253074945751,0.03160053154596695,0.13184495545531802,0.24741054566503565,0.050295734592933225,0.05750874192469474,0.030395221555219495,0.03934271749806093,0.3808758018786295,0.15550805217325317,0.17914428216812822,0.048779919926434025,0.2268629165631836,0.023024486001566136
SAR1B,0.24363122341815513,0.2959868204819846,0.2902379092630724,0.030766708030726106,0.08949283867700475,0.0666550420747889,0.01855386230355633,0.09875807793802201,0.3385608234587955,0.023742048973572637,0.19734998370608767,0.07538849446447145,0.5232680013150165,0.12330784427248274,0.057284400408872886,0.06423621279346142,0.5663040601503531,0.4226342264405962,0.059089346565141976,0.04822516521253681,0.06534933284506306,0.2690931238221271,0.02663498612607377,0.023976065650720055,0.0761223282092001,0.03460624871097119,0.07979728498889231,0.050983153231526655,0.018317994600189468,0.056925670863863395,0.04479381203738267,0.024961286975716746,0.1790776777754994,0.01858635975943603,0.46842078314180263,0.06958720249340138,0.3429664502295113,0.3188824005714658,0.38179175191173387,0.07568466241469063,0.43466795216714194,0.036289769966191585,0.12179114913306506,0.09241183561190192,0.05596294481926821,0.018557799102567,0.21344072434500952,0.03605006066387051,0.02566575579983893,0.01903108567518289,0.07844745063990641,0.04311637794174749,0.4170155646496638,0.19477264834701044,0.019149945761877635,0.0,0.05911414851200605,0.3036554112222572,0.0560487888359271,0.28114123067495894,0.02418920553659936,0.10993039303363505,0.020511656683844862,0.05798928873375886,0.039464146282129776,0.023528858281293346,0.05086528061307436,0.022410722495545276,0.047993055340730055,0.7832645868796341,0.02881533948392066,0.020427321928048893,0.11199533257690397,0.15379529540676487,0.07663965026405306,0.10081251313386744,0.09976732976882803,0.06466656277342425,0.42586041453464457,0.24474611118202141
SEC13,0.09762125802076982,0.02555145513250473,0.02990918572575727,0.20108418666482278,0.042533171181668494,0.028384029455593995,0.03334286798662564,0.022002325600691992,0.03500303581553828,0.053154778528610794,0.09084575092452592,0.03431562585533464,0.028534204596701876,0.1199726359626599,0.019620954036672307,0.031154205552965535,0.8121039560720694,0.03222856052629453,0.026539222107192142,0.6102148203250205,0.5586527425784481,0.03992543565043433,0.04186912928768173,0.08528633476598807,0.44942285622167744,0.1499817761924498,0.03581850205551545,0.06862896578134758,0.08278172861312763,0.3022779197767531,0.05457382525826903,0.063576932148597,0.043935699748521524,0.03404591222504881,0.021918029827139432,0.054476726669273993,0.06284922569067271,0.045641877977888656,0.032892999468620225,0.22234834388625438,0.0739115577704827,0.19608596337812778,0.030457345426603766,0.7986152779311393,0.24850556472158003,0.03418376443058147,0.08098226696980934,0.07743515777680983,0.020149816261182032,0.03856878532462648,0.10453737912895038,0.22026344778630524,0.05454815961288087,0.10087301663502621,0.04917824770743899,0.05612805674515364,0.0,0.15532580363337511,0.3172969849375246,0.08071941577415612,0.052780636747074096,0.05973394998805405,0.029665556729212138,0.06677581977197641,0.23190572321272676,0.26129142233927766,0.060810258402089964,0.10944610544967313,0.16701118085439864,0.38295009991193263,0.04305378608016725,0.022218424566571707,0.20357746121617434,0.05507950398598276,0.050870708427465806,0.6714456097520094,0.03656026678093596,0.02278292824296372,0.06510740661213661,0.1036565227882002
SEC16A,0.1480035266539207,0.02231154378021682,0.07167013639918951,0.22812402684062624,0.053327280448999204,0.05318457027994788,0.12682880913682257,0.04612699361368239,0.0231295924266485,0.07748370277461206,0.022100261604233964,0.01886413358664325,0.021987381685513497,0.06208065122927992,0.028636486313354362,0.4966724404564422,0.14107935047259354,0.16145469290506304,0.038105222548100746,0.035322153372549146,0.1874599526989358,0.024470039920581697,0.027922605532569113,0.07297825502392305,0.025800182473000515,0.19691137246939394,0.11550642510331596,0.05603604754551784,0.19818053916320683,0.38299047834516925,0.031160689697260675,0.0701005449796495,0.17398720621484629,0.030692261933000932,0.09508276826787018,0.0734737142349885,0.12072456076622787,0.019782365835928274,0.059299800529839304,0.07946293237349994,0.08941271939951839,0.0896027738742014,0.03478061585391019,0.16739162720555895,0.06718622403134455,0.18177266135788284,0.02412564782857921,0.01957202476636322,0.31817908922595173,0.03750296966267357,0.03039745393019962,0.06040933618689929,0.11972020478360762,0.07422035896645096,0.20484940182971503,0.245576388772595,0.14083370606073253,0.0,0.07945603449283944,0.02276115953202106,0.3954695353938791,0.027880192108265527,0.018876650771287064,0.12936706020427738,0.8011247913104667,0.026870919193089152,0.03025189628578481,0.23063943127522069,0.44277549944939043,0.03719209319237264,0.02103733474558556,0.04723331661884124,0.16208979391053768,0.04010569283313521,0.02744656023944538,0.040119270102126334,0.1038393551340397,0.09102864138014609,0.019302361872643413,0.4158821774177104
SEC23A,0.04287468082834069,0.06497289344991493,0.031485185379787665,0.05267443332112396,0.04242139583736019,0.04172121682768092,0.08088965916810043,0.0792281171727555,0.02563972748097715,0.047966261231065975,0.03396350769845895,0.036736853793794585,0.11356994415790238,0.10666410932283533,0.038353926926414254,0.11141901953009416,0.0685763861575539,0.6706576135771981,0.18089898510343805,0.06125679093948971,0.039459195059881866,0.08108212148430756,0.0959179289105361,0.24119847859458035,0.03466848814807624,0.2374999629274846,0.11212770497297042,0.026073282811001314,0.17540160031057928,0.21523005808339152,0.020337927842288203,0.026063413972826868,0.045043772655453014,0.1198874423261514,0.06654005762646968,0.066719022671433,0.10160228652603191,0.12859590249033664,0.04003593097847171,0.025537136695783835,0.08188356392858792,0.09331999444274978,0.45100377073227327,0.04736287619074488,0.049492609747879265,0.054772785200651014,0.5362437010410609,0.9830894076630736,0.0491138548054914,0.21126489104581916,0.17290851602800653,0.024751702711224923,0.033783977856226576,0.039528882703117545,0.12168252627109838,0.05508594094384594,0.33894779974196565,0.08957106887252894,0.0,0.3109099287984725,0.4624362945829693,0.23599607948045428,0.5830018941784066,0.3995521330758042,0.049192764302178366,0.5950888508831986,0.12685221860195783,0.05312287879241652,0.08793525784835264,0.035268189006734396,0.2625005189950047,0.023994134549142537,0.08254568357210512,0.09489749289182903,0.6491572889173058,0.03528707942968094,0.07521623016057065,0.04780940464669828,0.04669903695646396,0.025916437584552546
SEC23B,0.0799510269534429,0.030103654058692166,0.8540218273909591,0.020910258367779582,0.021078884465126953,0.023270568922469825,0.018918993583934864,0.11514125582274858,0.15938461115789174,0.0313019470119374,0.05270799376644691,0.14159454108325398,0.03238137800807503,0.020170086988364748,0.16729897804507127,0.0508075030149416,0.2639547457226886,0.8290158461901517,0.24472999190686498,0.036914968684420534,0.2560288079035315,0.02646207395527377,0.019075829716471666,0.08682611398747515,0.07401738281735232,0.03984593426963501,0.1436404805972849,0.02634873232297593,0.05594640680319568,0.2205632224516344,0.17962006212652332,0.022152970634187853,0.02712380115354669,0.06290779078106112,0.023012960916161708,0.11598095782769914,0.05211364212020227,0.024460944611004086,0.04209854465385222,0.11672601830890884,0.4525492236399841,0.07624607209289967,0.1452375182932942,0.018581821806977674,0.12790992772962306,0.02484929913503863,0.01893722568149215,0.15428760220848559,0.031979850864730305,0.19854107911643865,0.2638003608986135,0.06569456365153631,0.0615509598808472,0.10002549891912825,0.11722435843932892,0.2951407888641312,0.0892504243241016,0.023445479306140653,0.3379347164240311,0.0,0.06934262055448426,0.24613224660233854,0.042752000268320704,0.02090404367479456,0.07784763640937178,0.05239610059701693,0.018102425069311884,0.1080867945270703,0.2605472484141339,0.4821376224968123,0.05506720135753077,0.05026683549153631,0.13127557566794984,0.09892773435585468,0.18279582499200536,0.10952430485661123,0.07154582812441948,0.02736836604459656,0.025152536395207963,0.03966108475214769
SEC24A,0.10422028215715978,0.16843625678671503,0.053590470676074836,0.02290882428306231,0.027033420690491042,0.035514348706363504,0.024120496379173822,0.025019731124253982,0.028554379815969318,0.13217161873258843,0.2699234960776082,0.060230513210125264,0.27248520401029697,0.10898673341455933,0.02509716967941392,0.03283823584321975,0.09269134357459757,0.04698742095794253,0.022901660870205058,0.09470862233618689,0.13024854138685146,0.09031251477978919,0.023188866049090314,0.23744846675253245,0.0322753509171539,0.0946041314066654,0.0997114345342538,0.04342875196590416,0.06207238834002653,0.061618671695892975,0.03574731730139121,0.05966384125985117,0.37346688310928267,0.057175598909882906,0.07955624508370235,0.11117928180851236,0.07843580002601458,0.05120755517855043,0.08724330618905082,0.09398812534677754,0.718142093449198,0.13083505812791116,0.030116163033540887,0.04818095665581213,0.17775611484356435,0.029510691605083808,0.06995828880571994,0.5084256552498475,0.10218953256904516,0.25846157796025543,0.35374664429490227,0.029949121401478204,0.05493708348279486,0.02324949382867968,0.051934271984891464,0.023203495032585116,0.04745297537793891,0.3507624455223581,0.3452119284384884,0.05621560584070657,0.0,0.08749450514642874,0.12175476994652039,0.024312475845980983,0.03234805682436292,0.039578435978516104,0.025217977159086098,0.42476684416846855,0.08642903484195373,0.3564503781621772,0.06554984487446117,0.07084906956840523,0.1822720421630293,0.01834454076160796,0.369643691281872,0.020945503125346997,0.038297113564413766,0.040175928177445155,0.25019292579169805,0.030670560479463316
SEC24B,0.12061811640555474,0.11499127759974057,0.06619405458434763,0.08030057670918529,0.03969379717316852,0.06909786495716877,0.04794341637761348,0.10354417845937204,0.04610931764276453,0.02056453397322616,0.030910544591357024,0.025492708816747107,0.8227779050937454,0.1475234202795502,0.03161380951905851,0.021697513170911918,0.018993718721874882,0.045260093690099035,0.1767637588634064,0.02929984112256646,0.020488504613802864,0.05280387042063367,0.09404083813324673,0.03761256886399907,0.08712259522697309,0.023682900067897236,0.019409287302439383,0.08863866291559737,0.025299846212921206,0.20724201502246392,0.05992794408139203,0.08854508173487555,0.2822277071596995,0.03964737721426748,0.02480321959433101,0.5042192062749459,0.06506870479529932,0.04571894698807824,0.4626974045012969,0.14463881283171076,0.0365502602529629,0.05034259520392986,0.02482072441548554,0.023064805200242646,0.04841155215224974,0.16907727643375206,0.0574735516897918,0.06349155719444247,0.0337155808746719,0.1355768097937882,0.11940415334979403,0.02842264707765499,0.018560601867950343,0.055408919115122565,0.18589724667724458,0.08726492562478812,0.05351356978230706,0.02732438161378576,0.18019624539299273,0.173616151134781,0.08852271399643383,0.0,0.039304523849631234,0.11179493597196787,0.02737831703557596,0.06611676684390647,0.05083095505413039,0.8143361314901651,0.1703917541808076,0.08557454150562151,0.019162037046743803,0.0324038447513219,0.043965607782579776,0.03508122682123923,0.021657929095534382,0.02428385298391428,0.0333706460990864,0.02388818108643516,0.033991916998630856,0.023456041540448155
SEC24C,0.04389905567905193,0.05611128792278353,0.5655265926606402,0.07560323352510659,0.047781360125782275,0.042775224534081314,0.10148068143787199,0.07488277430200929,0.06711120341768749,0.03616804296542768,0.022837866041328023,0.03997823906868637,0.1352175787423369,0.02145391221360859,0.08015814508416866,0.02932898174618741,0.37066627461404605,0.026324493837366816,0.04834447016641727,0.024730473197340286,0.20961672736051742,0.12587523123710212,0.14721353295312034,0.01967844005847662,0.04962474000105376,0.04236625854799484,0.1204900987191514,0.20343841300605922,0.24156976718818443,0.06973838964235449,0.07384223379226268,0.020161859623671192,0.1471215309683311,0.2891087108636522,0.2014003319052288,0.0635044803461811,0.01824592692526201,0.06848313212348135,0.49624885649701433,0.48687477993848366,0.04609752358421073,0.05848945556758161,0.36702479510826264,0.3130800271981287,0.12497234355452604,0.024039942715859887,0.09475477074539165,0.47632544574394386,0.024349143329149888,0.10918612040911402,0.18140953339092655,0.06740975215633649,0.17163526131678095,0.09685884082746334,0.018002562995052714,0.020791848783064,0.03203814191332636,0.019074159548788893,0.7024989658984295,0.04574184024746635,0.1977236132889396,0.04853111345173211,0.0,0.4565343441319723,0.02044758399962498,0.48782729896388854,0.142462469486216,0.10521919797189831,0.03354784867033602,0.0551783199052479,0.17613536119386983,0.16592187249062812,0.18966594523907196,0.01813798594118555,0.13329875618084777,0.37408201672549213,0.0916639199309355,0.12993448017263917,0.02113179433646635,0.30031398438634427
SEC24D,0.2328121122838767,0.051723093832869126,0.037897458009052525,0.08857955748371646,0.02966437514911259,0.09404856532929348,0.018513418924063125,0.3144611008505395,0.052429916246535244,0.02440635561178658,0.042300281668831825,0.033019215383216186,0.3479355974170168,0.12803178833994186,0.047055284570303224,0.051823450678617794,0.5755332972058206,0.09510127754213805,0.027096171718758215,0.030016536057496372,0.1099973369117594,0.05571879020950932,0.394181582918442,0.020459030061079467,0.020359907687197094,0.030547446119238365,0.024808794853142715,0.023229038846025334,0.11303914647087916,0.10168049290930098,0.025763413665968137,0.18109144110114875,0.06224420824343094,0.8332644870984508,0.34601614632459166,0.018922706290736356,0.10500163876203229,0.2575012239280403,0.16276073730011342,0.2185165356315756,0.028772421874676237,0.2760519048598037,0.11835297642991938,0.34421887480170543,0.05821634906163317,0.04766111047101142,0.7263733153616115,0.10451383147716972,0.03091277159350757,0.12053429110997506,0.022465166273710025,0.07464930840396171,0.04917839026484299,0.048574358837374224,0.06437931578904889,0.04779417372587529,0.05658149884838883,0.11084214620336076,0.2758933053162908,0.020326713109949646,0.02407920037567011,0.10445048366185905,0.24663133929163567,0.0,0.018964762751089374,0.04468696040247136,0.04858972959754797,0.032119457318599144,0.1457597745905647,0.13582854936627878,0.20850674476987302,0.03361834288739959,0.04873504194816427,0.07518691377378559,0.02693977344851591,0.024537801909607887,0.6096685598465952,0.04744513842513393,0.338375173028769,0.07429973473492969
SEC31A,0.031143814646460637,0.126828434598436,0.04332547289491343,0.11573554341951475,0.060334395794498355,0.021455547454994728,0.07019134702725374,0.04083344773111487,0.061435695829831855,0.09251554387279785,0.17316753605541543,0.1536013265009664,0.02053266181466382,0.02210405449704668,0.059828536600354955,0.039173576066988076,0.048804835544272306,0.03654833616786677,0.04929573447761785,0.08549711477727717,0.4313940602621572,0.0283821372082086,0.5930254765148888,0.01922633182334937,0.12743692560904524,0.07098660209053113,0.2344445438976502,0.028653120064425327,0.07982709491222448,0.026870080989891618,0.054071850013374875,0.06830990086125202,0.10645327998997843,0.4113752265101344,0.06683708998318984,0.03369561437231824,0.38287497266465376,0.041336041661102885,0.05182783347387741,0.30085803287214785,0.02797929436877823,0.03169045500860949,0.08726039879817757,0.022662766249402996,0.01983388598982903,0.04321400304758858,0.02003298159090291,0.039062870908382154,0.031620909298373724,0.07592384373305876,0.026951357286851683,0.25577294066662115,0.21893674093717844,0.04434560962837611,0.04042027538398165,0.044257488069178896,0.3469836316215356,0.9438081091042525,0.05792697755409884,0.09246101353282625,0.03931595814517044,0.03136616895816253,0.020553879551443617,0.019350697492978287,0.0,0.1214126053286774,0.02037062877196431,0.023186488379806417,0.566432149109812,0.02960177476757038,0.032246323742527526,0.0947582579559366,0.09295987630074179,0.11599482846009951,0.09932245712149729,0.02723878018383025,0.02383691168901805,0.01848275791714553,0.02024980929559531,0.3545509619964379
SIGMAR1,0.02883090509163754,0.040950307544077386,0.029336944551727213,0.070600466927675,0.03002257754893503,0.018108809559229017,0.02026956424032093,0.40356995760086783,0.0329202725332765,0.28613067556641175,0.5200263383154141,0.030301176541699358,0.14840696978381512,0.04954804746693246,0.0278585636630846,0.5112386350971921,0.02543756129045636,0.045406125225271356,0.01823439067786497,0.07136549336997779,0.03008185187619527,0.10503185439803966,0.051971897172360566,0.02367316623963572,0.01828639301492656,0.022093564204535492,0.12235422426718742,0.6970990977465638,0.02271053751386489,0.0989036929164343,0.10384119326959478,0.3201899547941829,0.22652950341929845,0.04212590183676567,0.029568207673786595,0.0381827314342276,0.040032891609423034,0.06578370574440914,0.5996256938324716,0.02909232206746861,0.17469408597304414,0.023691141829520736,0.0248514424648373,0.02484463832531453,0.05024643448296472,0.05321769508883514,0.025217814840076947,0.01863256644316508,0.09205165356701424,0.05775122919084164,0.22090897673753432,0.10072305038145776,0.18363108973270909,0.06114564445617846,0.33449840696975636,0.022598160268520524,0.20298354173459324,0.026189083777244253,0.4461101308198918,0.0438561960665958,0.039227920639334016,0.06454719482114342,0.27720158534862627,0.04554981219779242,0.07551556189421227,0.0,0.0638069180143377,0.23474358680213034,0.07153780802871357,0.02085725219934591,0.06425742148365617,0.018964076789254207,0.023096543040716053,0.03524420469634222,0.04431496472955299,0.04874302052604401,0.06392132226399745,0.3327385709185358,0.13943563817214505,0.10614424834586353
SNX4,0.04289822351322892,0.046077927051439815,0.03709183408944646,0.24371309837390467,0.11132515681534241,0.1855332716310245,0.48645769865659866,0.04230038640233246,0.21212219966319376,0.04587032529888809,0.024622562414146804,0.10321773257123872,0.3966822892045038,0.04650419588031256,0.03089393690840785,0.2734624144406785,0.45115574474063014,0.11832583215434633,0.10484732543959946,0.11579265912671914,0.10423704689335067,0.23062080103564944,0.7799014031115131,0.2934854533925727,0.1700986880488557,0.22458650974652486,0.17002346162912002,0.09459755764648402,0.7881390354964745,0.04670251164233547,0.1350719483246794,0.02993255846048296,0.03267371359472553,0.03311218743277707,0.1580927712716341,0.05807914688803411,0.019023653672376333,0.01923114761477577,0.11780625493882155,0.7349079961630504,0.1626012403170719,0.0800591464111004,0.052981112636275404,0.11321335001222324,0.14543667864797757,0.06543772262464922,0.3880728789552085,0.06156601046835828,0.19479999449776592,0.1573618068757518,0.09129367447203023,0.040125325097525665,0.03597055474790663,0.025805402402672782,0.06995062406965083,0.05244546028764299,0.06669714594587368,0.03242880436752107,0.1378749324059272,0.01810330865666771,0.026962271261760738,0.06159468619304946,0.12547203435391335,0.06123471115270423,0.020111858735343005,0.0826812879756126,0.0,0.03660752335082429,0.05184448362545927,0.09123789144651526,0.0389331534392646,0.028339829546980767,0.03628236163886914,0.032605868522080445,0.059436066356678224,0.07963154198305934,0.027153487321512234,0.22347585402884487,0.06430501701357692,0.026480524688509137
SNX6,0.058083595679678926,0.42177634005846054,0.08782979003961557,0.1135987096484237,0.05098329198812517,0.039072807487619966,0.02196786961751849,0.04616089520705916,0.04830481147433106,0.024031862622860396,0.1275851500353049,0.02065507211619265,0.4806836611192346,0.40252976821032554,0.06358708391855027,0.15967744868173525,0.07927709801687444,0.6506982353309,0.2720241767008392,0.021983854319515106,0.052372277988258345,0.03021531487963418,0.055410722034135954,0.07675138794859604,0.021885255014519073,0.028672858527069255,0.7007909059589505,0.36380263284270137,0.14071208129468923,0.02397013471978851,0.0806542331200077,0.0780234657600463,0.04043903452358001,0.06714569947095018,0.1428988364986512,0.051227933729115493,0.049932124580274,0.2585352411200649,0.2100815470948412,0.028314392085891156,0.10144506367701621,0.042429058094871824,0.046695257896151206,0.049508001941376695,0.02253689451657321,0.1256119682613239,0.6646855645245986,0.025511916101062043,0.0478912854915823,0.03688335646297874,0.01805541635184465,0.04101145235100491,0.025881608083085355,0.2215683270467725,0.03178314297796529,0.022559141450549863,0.12481997713956088,0.30406076184341946,0.05579760828078254,0.10948205559033944,0.6063610928402662,0.9253694413229795,0.09413951607638836,0.03683403855122164,0.022590565845631277,0.35844114630714446,0.03660848185308435,0.0,0.0386490724570513,0.31160047078364683,0.034089392670384695,0.18361818381419995,0.060611512246659414,0.05766857360093646,0.0204597086659536,0.21652838798288596,0.022642041765816336,0.16735627535861608,0.08226251384550458,0.019863526471274394
SORL1,0.049782371166600746,0.05893584266203741,0.053668284636575365,0.06501112323857672,0.022422750062834465,0.027996309490444453,0.043681647098333616,0.02379150423772236,0.18493515657691353,0.1850478520121423,0.023658882007946757,0.45540749892406884,0.5204198292460539,0.2469704041074069,0.023509997087965438,0.12911375101214403,0.2965230754095824,0.1314220452738983,0.3025772822636537,0.4790153043900481,0.39383764602258065,0.018573947535695853,0.2154730231577889,0.024018867439382686,0.059610272264556924,0.01833098640725326,0.23109391269433463,0.02690057597363109,0.0381944146428321,0.8391055226494445,0.25352557697670786,0.04219379766933389,0.06937015285157863,0.23734679413061618,0.15411230009695792,0.07924584693659405,0.02236267825234837,0.13557689788335364,0.11393929772486973,0.16190196353303477,0.09667444791838117,0.053537067818815676,0.11882997852431246,0.07081205458408711,0.08431155985612718,0.05702298525228911,0.10027463165884076,0.10285303133692003,0.36405754061005063,0.036364806387522174,0.13283773787096032,0.5566020831369102,0.08380869424194681,0.02709942877115639,0.13180728938412575,0.04889951634264802,0.1905341397661662,0.5581924583271419,0.09279107064493686,0.2589467475566992,0.11386709234420912,0.23973844104594583,0.03200525145443484,0.2202412500989775,0.44746791887763787,0.09315651132537095,0.05129266096803411,0.03834779555430311,0.0,0.019632438921972514,0.03415602797631613,0.37117604551167477,0.17933164829320208,0.06034398799390532,0.03010556002854916,0.04917679650060501,0.08998638114650966,0.08671028252825544,0.18581705707795046,0.02144146115014653
SORT1,0.5559672686973195,0.6242489269154908,0.4875619563455696,0.20016556592371526,0.07888869795343269,0.03366206228075178,0.04827786241248688,0.030793526876496415,0.06498080002777741,0.03631452580654238,0.06544004441164104,0.02972178602755386,0.258266012358011,0.09849387015935275,0.08373585590944292,0.018582800935645957,0.22065830186648194,0.9386328511279387,0.13365656129064013,0.09734335426754158,0.1163044289148066,0.04555739869362894,0.05362832694596519,0.164875803200217,0.17177567402453425,0.17053247201025476,0.023042001456298446,0.025220912428873664,0.03983256089588709,0.06944063330923504,0.03353352456336169,0.05485997404878887,0.10289030875027838,0.028279223015314155,0.11319787607843161,0.020554793533210897,0.05353664536657991,0.20259810561704233,0.10469282134365523,0.02249381382218492,0.04118082932653868,0.05659643384277083,0.04847527076089566,0.10537138161689642,0.4737403675782985,0.020753532503528793,0.13005101319928525,0.04104579441147281,0.024345146209915125,0.12183957146853518,0.12666224152370414,0.10119562686899311,0.026462023743608586,0.11211205187911803,0.2605330442660018,0.8201747965401343,0.4625436048386075,0.0414183923890018,0.0367208981448891,0.5030159007248699,0.5356005674230011,0.11575905474707376,0.05201415596768652,0.21394662548899054,0.028302316004606243,0.021575932681686266,0.09317236556165612,0.32099573840911655,0.019673967620771355,0.0,0.24521962222374258,0.024618272637969858,0.09999426679099549,0.05010105352826749,0.028420329008482372,0.06480617371650277,0.01922462547695303,0.054515452561404616,0.2888901325625914,0.09657148826462147
SREBF2,0.07572792890236525,0.02308708199227595,0.045489930931671155,0.020911464858349584,0.030765090282911915,0.03542253196688645,0.08096796165451692,0.10568958274942404,0.01851573512821118,0.02198728693472892,0.06913402172419127,0.050172968775120785,0.03426443997867355,0.11705018502890688,0.05955153450995466,0.3572857898649204,0.03487696406564808,0.1019663659396307,0.17787105132987394,0.07001484069123912,0.02603872023460692,0.03016969490845203,0.15302364770053584,0.04774517759040091,0.10725702282264378,0.022864711437205212,0.031824850779127965,0.059286945410695284,0.28829248630373666,0.26370278939287517,0.03358831406718497,0.03403911192319833,0.08849871773240726,0.021788785756012705,0.03767843322472969,0.02639490878512355,0.021172761506716223,0.030160475122142226,0.07198227296304281,0.519863821447181,0.03699393001083391,0.027116019564147227,0.020166868522111598,0.1094778697632337,0.018647071671836657,0.08157343022609251,0.2752511431603767,0.03275627121752012,0.04804191088268477,0.019278414974903346,0.0689976349866053,0.04713128715973726,0.03708106568883316,0.2103485515513392,0.06238989869861889,0.03222023498799288,0.05547861210214347,0.022271661726839847,0.4338337550444971,0.06930402329679275,0.11266130246641692,0.01969145968794321,0.22422015044701737,0.4928608920867519,0.03375519419508252,0.11179517442546087,0.04542008575313603,0.03874718647487127,0.039148017634293916,0.35714044856111754,0.0,0.06279371331128679,0.12040968157514803,0.024112592237526084,0.0251531011211744,0.04854839421949814,0.028643077378890144,0.03770209955144826,0.022877116843867954,0.03627431207439055
SYK,0.030208836218496397,0.06506460434249915,0.6530149572471275,0.1891361128948939,0.031311146369239866,0.018587314031603866,0.023411607644400038,0.03156910152870651,0.04973095678724438,0.10489616189933341,0.21813287381410607,0.03596611361257467,0.08569046905868578,0.029478858996531975,0.04882122348450336,0.0208425405654795,0.10259958376038672,0.09653284643440894,0.05322936166186544,0.02716438293545762,0.025462737334662013,0.04735989522867676,0.030407577093274393,0.04121371921735804,0.021076853457188374,0.0777664263765606,0.04210229635350541,0.4124632721733749,0.05076189656982508,0.026082852916951726,0.02687873634034356,0.0730389949708608,0.10503820108173809,0.0744608900344333,0.021502709733019026,0.3781953184559782,0.06787245922278401,0.04140965375133053,0.38343007814344215,0.23364855818997704,0.44389980562585685,0.32876131149529936,0.03232515242111,0.2031701527975123,0.0758828497802285,0.036850478285632794,0.04683005218898288,0.08814249266281421,0.23351095470350558,0.02555922243938225,0.020841027423822808,0.18851550350448545,0.0686237795968392,0.13043716401764574,0.06346757962006402,0.02071090691904199,0.022981701205859573,0.05818956886948958,0.02487852201637679,0.054713733725092015,0.1034105772677451,0.038146623275128404,0.16744418363161628,0.041292259696708425,0.08972549840417032,0.01927262089769029,0.029331920469068413,0.21397290568112465,0.4442911141789218,0.025098056903890182,0.055227244516016655,0.0,0.03855102783246305,0.0928713292965978,0.16109150633198357,0.18492598651242206,0.3883005786088826,0.0474456336673388,0.12333491779087952,0.026169079845464013
TMED10,0.018687615854772372,0.04235536755589472,0.15383047901022237,0.2820605708021059,0.05856069111860473,0.043975998013487554,0.04076454687240663,0.027136730019524928,0.25418262225288035,0.04153218511289524,0.02589649102576,0.044129830552851156,0.07207856897871487,0.08314482059355613,0.024517413441235727,0.2268420450390404,0.01870784725014617,0.14681704007848248,0.2491738491893848,0.022358624358819613,0.040368854999414214,0.03253678893294773,0.2277995680797365,0.032968254962506396,0.04427639040180493,0.833443610621923,0.047925914570079914,0.08194927458253229,0.5780383047796843,0.11544625813462495,0.03253018289135494,0.055546662596593764,0.018007948703543032,0.08860733874225919,0.057773160044070196,0.03162101821581771,0.6554141575389739,0.08635682147923902,0.1505349004959572,0.044311017240847135,0.02479343265090076,0.024036024640632807,0.019550047485808564,0.08479818340088874,0.09423645875199675,0.09812315222354367,0.01906055479487494,0.04163828481115381,0.06517267678081479,0.04897681740640069,0.06564777738897654,0.08808015720614529,0.031925460852856836,0.027868877563051203,0.030888583586557324,0.12218116439802937,0.24973975974175266,0.21916034855231487,0.09108906300665744,0.13820393989836138,0.2803173659916513,0.053029622165130234,0.1717900777284399,0.06297740629028999,0.08139909454016626,0.0245047751613792,0.036800676663837455,0.062090407686213246,0.19094857042227945,0.1010958244752469,0.0916755008540988,0.03707522861606752,0.0,0.8854838332008382,0.14713230679444544,0.04499757886631211,0.3202968675680259,0.7800742644647085,0.019823982058927422,0.17342758982636702
TMED2,0.0594490849323223,0.029010685892137213,0.02415175422866675,0.11527032291589373,0.05129847687142678,0.05137586578735188,0.04114065445711279,0.018842093378752797,0.030730038141081283,0.0296100860055488,0.05503868264566847,0.023983917539954252,0.03833019496314997,0.04965238020958884,0.04096388110955095,0.08825288987004937,0.09138774122832166,0.030391656290141546,0.10984725950809342,0.4554937971821045,0.1101565996941862,0.03954263436088546,0.0761446925485811,0.023711029748018253,0.07363567306359617,0.05008486923261792,0.038686612444858055,0.05127990490194972,0.0646602877076448,0.025601771255305644,0.28423872676871187,0.04402515732330249,0.01805749607432296,0.040804508200522206,0.1643977265329674,0.019295992544044856,0.5450804766366041,0.14509122072624664,0.17569412143913202,0.020867231768965516,0.29589733573984217,0.019964839572841158,0.03393176501416812,0.4359568073520193,0.6139255848103444,0.05125354816697439,0.07614765255427781,0.3144514222108761,0.023594676279328125,0.03580820290695907,0.047726453564711536,0.42387618186270454,0.04272540214900061,0.04554258937682315,0.04232574307402852,0.19175363448648444,0.0661406456584287,0.04806177287243166,0.11693421793665765,0.11457450798790647,0.018453047860261272,0.04244421237130647,0.018139741073585566,0.11923005025823277,0.11049147117409798,0.043407189508199565,0.03425228764024693,0.06339446267261517,0.06745551570478771,0.053692768027201396,0.023424650079475175,0.09387497873864485,0.918296969058188,0.0,0.5813633151044506,0.21979572047244283,0.04531009107338209,0.09928652432586721,0.06910313093988003,0.06478778601225774
TMED9,0.09762836456539846,0.029649138137771744,0.17603169519426662,0.027101080032766827,0.01893667749931777,0.04088940134375212,0.028170155145839152,0.02181624407595033,0.20881918306696665,0.09481076649741088,0.2245703713352331,0.1635473287004871,0.018708664173031672,0.1083597347103295,0.0307361654697924,0.1502873857183272,0.08318765908797272,0.298187903120023,0.02529241389253497,0.15432489216824707,0.1729414605345968,0.0989042355634651,0.08272632003256121,0.1128785679432223,0.024454826998857756,0.20750547373988495,0.049961584382562,0.025323631716793294,0.4815915384825546,0.058890132090284986,0.36718245737168564,0.0205817372442376,0.20120386795290013,0.02361420624823901,0.03507007708856752,0.0660831236108803,0.0428050658428185,0.08262505811032737,0.0326012090781275,0.026266600444189235,0.1244984023452212,0.21020113842875526,0.1276541367590196,0.028667132223535004,0.14431093401315406,0.09456802349006192,0.22864903050348526,0.02373776182568136,0.04854534185715657,0.688987813400942,0.08620524439374504,0.09291902349496879,0.036123582985422134,0.09421083496982247,0.40384149331458696,0.08187974808278592,0.05611059049627704,0.029280397439971354,0.7132737617760636,0.19220478556370832,0.5562794242760312,0.022516787011641642,0.12133310967453141,0.029899066443203892,0.08611679388426591,0.05445407151467913,0.06062234563797681,0.02050435440899043,0.03053325177407839,0.028463632251976866,0.023887726682485698,0.14438476045735948,0.1461817200273723,0.5155913715316759,0.0,0.3289698124426252,0.03494683504783293,0.07743894904325753,0.027265904739931842,0.02075169431007618
VDAC1,0.05083720023309046,0.05070222356761638,0.05272885972985993,0.09498696677443068,0.13259152854371808,0.02756398115390076,0.1035825366589295,0.04262193818104949,0.02980983968133956,0.0810855807997464,0.7831868954976237,0.21642259886383797,0.03301518000045996,0.04929544309550039,0.14284328559791434,0.4554503214482337,0.16840508449608646,0.028726939883663434,0.018226913418234885,0.12320905463175266,0.0798813841940343,0.146950297908602,0.039914847797845286,0.027329725972383645,0.3423956333746107,0.031824505299562884,0.042332972821200195,0.06725496978122335,0.6995146458340249,0.6693577627629664,0.021309392765426653,0.05440640093471606,0.12549908010465163,0.1700073886474404,0.032365718307506126,0.021857462125261153,0.10124327288508707,0.06453727359809705,0.06460276643131727,0.11064924775139699,0.024390787744518493,0.1825463881935725,0.04491354528429462,0.9297451013649918,0.03266034749229917,0.3356038577702751,0.15536117778473277,0.1342170687772463,0.05076913566757035,0.5256318843248288,0.04954323520841452,0.06822839162879044,0.022922899001770834,0.10875723238553243,0.16564220456761392,0.10982188285380048,0.7677264240276035,0.04551506816015657,0.03696028845085109,0.11519051446012471,0.02167547379054847,0.025903107863026683,0.3374660127448219,0.026640946752203278,0.026320709904553756,0.061523585888953916,0.08218202369599628,0.2268545321661646,0.05079085040358783,0.0654864258423172,0.04191609840470804,0.16662442495017657,0.04506366119856812,0.1943622114514567,0.33263013370137257,0.0,0.12872159627056093,0.07533561974891817,0.041586897785299046,0.06807493344266602
VLDLR,0.023839765660351623,0.17578654816949493,0.01860550062781291,0.10790358922942665,0.02037580602431588,0.03781491138150448,0.04335239577247541,0.03299480137118424,0.9185736183946414,0.021775023981457753,0.09361793794924424,0.04080240992544492,0.15654635461443825,0.06098229588608994,0.05915174943792998,0.05675332985440539,0.033978812125502064,0.025526447254002285,0.09750686680302058,0.04756973598182859,0.12341007724836944,0.1043201080403922,0.0924788725600276,0.02056952215501863,0.11722203453493672,0.07808336312251127,0.03799309106075057,0.17699499127453355,0.23897827551408982,0.12830298791926928,0.025271399778292954,0.021633505067089324,0.06624040291512683,0.06832456172293375,0.034315128002755484,0.15446929805495915,0.1994218328870115,0.032407862407953306,0.018134897712728935,0.0745918372878251,0.14487727472249579,0.5607718884391375,0.15903100246737975,0.04452904258793862,0.2182392800554807,0.5684981107890046,0.28533290811848167,0.1350279149447025,0.055108094238113255,0.02521578467656603,0.4855387239406228,0.10383168107184802,0.036707002044522145,0.043115907391703685,0.1832782396738736,0.10490019946512563,0.03864769578433776,0.1295722679457786,0.08027969501513624,0.07236665369418825,0.04444727366115162,0.03749980641028793,0.0827609835316916,0.8193683806912991,0.023164144067464136,0.08297502042879994,0.027164269947288783,0.022646885273276008,0.09157325783287458,0.019208709514799527,0.026502667956376475,0.33133411867504325,0.30696359042529126,0.04227218485675262,0.03458677223826958,0.12395965919165183,0.0,0.021023030338299966,0.05965150097670479,0.024189665018713176
VPS26A,0.043165482907569705,0.046448389103682944,0.12402745525043785,0.3831711263712219,0.019136184536432555,0.02789534459273111,0.02249333315370865,0.02456800387776861,0.04150729334866286,0.02162633109844927,0.029493571481936823,0.02054094434782207,0.054786533154174345,0.1292631276315597,0.04868737130588523,0.23010863441572532,0.10325203472814103,0.05875453930235225,0.0209118707629654,0.02784730680445882,0.01841969345354722,0.04000035517063764,0.03758234468062135,0.024116310720238458,0.0362828824239252,0.1488710872766304,0.5585135092980943,0.03834941084364171,0.07892587389554738,0.12304329003711023,0.019428929760036705,0.026960962220857386,0.045013862235043625,0.021488715420891938,0.041374718751271654,0.1961162640018889,0.13873488716626503,0.018426275732405645,0.20567679189087873,0.10438465715158915,0.037172346879397085,0.024923746961497992,0.10823492275863461,0.1259705781748639,0.03202178317651148,0.03595715970036095,0.5102122567377755,0.8156473316092758,0.462137741913059,0.08754423326209455,0.022676087414205043,0.1858323852745722,0.14735004560736495,0.09527222913888644,0.04415522925158926,0.05824657017004163,0.02256330318377912,0.09233356155587343,0.044724641667249654,0.026206093791239553,0.042342243949032715,0.024283862895054853,0.09468713873699572,0.05225749098616923,0.018381368839440904,0.39266007438670725,0.1750666469079557,0.13360241975539072,0.07438527258509293,0.047711133109998936,0.03113878991486311,0.04018824972922518,0.6433530746402837,0.07400257978388584,0.06485072337449313,0.06290108056979361,0.020661157014885544,0.0,0.9966174068420802,0.9886527935608207
VPS29,0.37583822929178984,0.04974109672460077,0.0620065199147042,0.04801076572144072,0.04175714082112162,0.018766605953777875,0.05918900391007425,0.034286447776001594,0.028699040414548908,0.035601857357030454,0.04134892126488525,0.07234793288059285,0.06426199593596614,0.044258538992621915,0.019452939421280593,0.028166150509671015,0.09416865569951059,0.05155609377512331,0.056869421427929855,0.5350481028733571,0.38496750962857573,0.02315990030726282,0.03014515455381336,0.07706230563731213,0.09488641207964933,0.05759649609432278,0.29035097077677424,0.02645365635456087,0.052279853422953514,0.043795500775544095,0.032544608866007164,0.030986327710499237,0.029754994544843524,0.041097099316371836,0.026063218035405258,0.16366182449586986,0.029214735909421186,0.13618638248914425,0.3278836481814363,0.10323551302040995,0.06256118665931973,0.03783226723639915,0.04725825993743101,0.1928391589414982,0.032081802860458156,0.12368210592902933,0.13232820492115074,0.08354087305704412,0.02790254774867233,0.26462547731262515,0.05742342122647731,0.5946512600708052,0.020151154401975294,0.04582341554113466,0.24116635011096182,0.4706070436230849,0.07353416038525404,0.019515329637318637,0.04965479623814512,0.0253722407533049,0.38777215366287965,0.03882882560145855,0.02096450494535885,0.5496929301120222,0.020043754379127914,0.2128449425918588,0.06577808794237547,0.08448097767091749,0.19711329006429734,0.29187367717517215,0.02205076212124384,0.11196925325131943,0.01981999205864527,0.06387545716477441,0.027280809172950612,0.04146018507571091,0.060870892609524434,0.999166903972998,0.0,0.869159095753047
VPS35,0.025034602167846517,0.028807367400141545,0.056233658447426275,0.9857040045309434,0.0685955476063297,0.3145839811867198,0.11520351107704073,0.07485834184493488,0.06128280511560938,0.029346314894004685,0.15387892031710607,0.23533230062549115,0.05734602303187807,0.26078566343529586,0.02431988888468259,0.1369982182147245,0.01964356830764313,0.02005308929021831,0.14974208925186494,0.11379052776134546,0.024207453289154537,0.04617527335283302,0.03784737789985649,0.1907409934448103,0.08141477044527103,0.05882301251730654,0.07981996489971824,0.07448869360313463,0.10393770439487483,0.3282948652624714,0.03245581888994789,0.02263736724782296,0.09983802526641475,0.0793760542728467,0.02992733582750575,0.030077586144140446,0.07998487967641345,0.06587030411772259,0.02585012122536875,0.08769104633930573,0.1161969774322022,0.025310482726517154,0.0728359257857043,0.04406472203754749,0.0406759488927549,0.2304767305403004,0.08520851286577091,0.16209783668781025,0.10076793459027181,0.050215707031697074,0.024944345309708554,0.022167733469060442,0.02254939238686581,0.07222506895751656,0.0236290737205212,0.318170894905699,0.13867011141953592,0.6327327751929313,0.027316574505310665,0.042954422916467526,0.036160628245352586,0.025403246010423507,0.31461471726794454,0.11943556329588863,0.34033558753590654,0.1794649182649927,0.027456385714468373,0.020049566026600272,0.021841630862284907,0.1094975128372547,0.03406723781074136,0.026331976971826807,0.20010606434164788,0.06557149955552288,0.020977466478958928,0.0745186177845247,0.024862902104683546,0.998366620596269,0.9114750459531891,0.0
