,ABCA7,ADAM10,ADAM17,AP1G1,AP2A1,AP2B1,AP3B2,AP4B1,AP4E1,AP4M1,AP4S1,APBA1,APBA2,APOE,APP,ARF6,BACE1,BIN1,CLU,COPA,COPB1,COPB2,COPE,COPG1,COPG2,COPZ1,ECE1,EIF2S1,GGA1,GGA2,GGA3,GORASP1,HSPA5,HSPA9,IDE,ITPR1,ITPR2,LRP1,MAP2K3,MAPK14,MAPKAPK2,MFN2,MIA3,NCSTN,OSBP,PICALM,PLCG2,PLG,PREB,PSEN1,RAB1A,RAB1B,RTN3,RTN4,SAR1A,SAR1B,SEC13,SEC16A,SEC23A,SEC23B,SEC24A,SEC24B,SEC24C,SEC24D,SEC31A,SIGMAR1,SNX4,SNX6,SORL1,SORT1,SREBF2,SYK,TMED10,TMED2,TMED9,VDAC1,VLDLR,VPS26A,VPS29,VPS35
ABCA7,0.0,0.019285536506006933,0.07382851903010869,0.0847179565310649,0.05704510803329321,0.04580285645136873,0.02449672133732108,0.09866905004498087,0.01874879327633202,0.057703100901569944,0.028487156238102686,0.019319879902403053,0.2377258896665683,0.03450100378271827,0.09070118456112869,0.026625385189129408,0.025938152188053013,0.11247698945098634,0.023884207577786407,0.06752131423346097,0.019931500403005047,0.10495246711497024,0.04160564059091156,0.17666616765316143,0.049745521692395094,0.02725058781092096,0.04654705950641694,0.028216175603833278,0.13438889173442445,0.9475493096810855,0.0319545437200144,0.1268022162754398,0.01860416342603715,0.09818766978116458,0.07043183107134722,0.06629038422971784,0.15457600790668377,0.028552275673330123,0.053118076586476534,0.07184708006942613,0.025765626007352868,0.021831796917165264,0.17204994079918834,0.07417774111557424,0.03747478305178946,0.06451939923438961,0.021372395748742275,0.15501945168981945,0.2067078212954949,0.025799256289135014,0.0316550940265515,0.029921740626200437,0.07851297429689491,0.09229347950902228,0.0494383403961113,0.0779683871358672,0.04202519762633832,0.03141063030768357,0.018121782822275577,0.06611089371768518,0.8582607960508699,0.02910960647671069,0.032997672740514725,0.05670334493092789,0.04010318199071799,0.03408687622059247,0.022641908084114436,0.05216556884153618,0.04605336685210207,0.07018515462595956,0.02455375069201006,0.1958645633530815,0.02689273331027006,0.05095572059352254,0.03446837271132902,0.01845405219304583,0.023149622780796932,0.07618992266397576,0.023002309220868773,0.04410499283404092
ADAM10,0.025864812488915784,0.0,0.676651541285694,0.4847501136185011,0.02949872802540899,0.054311155012564026,0.6368822229486399,0.5907758259184852,0.9819433420917093,0.48610454979116074,0.8173847229112662,0.03479880266897296,0.4768110775559675,0.03625666462283878,0.036662824372818384,0.9580648805857763,0.8876987486881757,0.9987453147847295,0.07325642171776064,0.12667012208897677,0.3805158922635052,0.029400107872071767,0.6862914518083697,0.07026997634620265,0.05640403365195047,0.9867754964661358,0.24604305919669242,0.2111092377688395,0.2732313085700979,0.4801719356025755,0.11946044812575211,0.9972666323988845,0.3456741444146752,0.04087466066580176,0.31480819334094534,0.044407069058275656,0.02969759209070245,0.057636239988145245,0.0191374073151052,0.03709956469650301,0.03621505633905191,0.219307560787823,0.5199368561057089,0.031105881120043356,0.22359709080874496,0.0792256755574772,0.5236778653232288,0.9990476165763179,0.5089273134586236,0.18092351876895796,0.5164518352317741,0.0355040329022621,0.01995283054312034,0.0351880587661912,0.5468259525795266,0.15568473887532377,0.7446710067980524,0.9828199631627516,0.0588024050476964,0.11293775411912399,0.058759875891652755,0.8727859535274759,0.4417978130045111,0.9787047495151583,0.10430322044090547,0.04574507112753248,0.9152861161075895,0.07204444875466481,0.036644587034182184,0.9951948160269107,0.054208436427943645,0.6203468187670095,0.026531291638185052,0.020963106990644003,0.2477186263213853,0.039122182669478915,0.9213219830849186,0.05554622260088341,0.5866132688641392,0.08102619179991806
ADAM17,0.2214802035260859,0.09042319732817351,0.0,0.037759764077366,0.14898317088648896,0.06958677903232065,0.0880098589305383,0.587474176046346,0.06369016868319796,0.08135413050420037,0.19907446366236609,0.1466062165038305,0.0330698522757673,0.02181884727956798,0.01900674498705911,0.3022080818203839,0.0733064836381751,0.11239026744927753,0.41838395803152295,0.08086041700899493,0.056923553641364234,0.08114705749799936,0.03475045263938966,0.01873640435545099,0.19947240179560347,0.20334220330467345,0.0634106187199013,0.06570763943090235,0.027205464093901767,0.020483084772826742,0.043260976361625285,0.039401797020674,0.02260169281389658,0.08547576293482594,0.08879561509234224,0.46981114219877446,0.6398358105507466,0.22800569742245957,0.5824447327195903,0.053144235994191685,0.025214456410771042,0.028757785020029486,0.06638313007209108,0.5780661542018006,0.048147850401250275,0.04229119734339145,0.15235667197717379,0.25800938517695576,0.6960831941775091,0.0679511099592514,0.03287896487100316,0.025276676666195038,0.02002322703207521,0.09862487298491981,0.08180929981358047,0.15926369542111976,0.01801465207652918,0.3597831846133624,0.07953779407226379,0.044908981915724816,0.12820201339126705,0.04124881604902826,0.09991706052243747,0.44489704125032825,0.024267489471100374,0.11999321465113438,0.040307664695311655,0.0822114956911493,0.27347527576873243,0.6026119849109125,0.1148038968948239,0.4058269432320588,0.03996014533276863,0.08123644078729057,0.01911048611672561,0.07394584987192485,0.9193603967673318,0.5089214922338179,0.030877209765934128,0.036118630791090255
AP1G1,0.997403155442647,0.6526588435450352,0.18382939989841993,0.0,0.7189158033667334,0.9355856005624238,0.02438079353861857,0.14412202988308126,0.5846326604202521,0.20769904716020707,0.9987110495653624,0.7489969554089623,0.13795926522375404,0.021259156717826164,0.05141073094225024,0.8045921860857522,0.2532610606493606,0.07167378297389218,0.6637877714785249,0.0827856690966913,0.3113791514674753,0.7656985271315172,0.4510828277270226,0.6833658628848148,0.572378254098988,0.04525320620621598,0.0355722996593325,0.9832978093128483,0.8607401228788184,0.5652617556753715,0.028147872614732602,0.9998796658029979,0.7096754849214104,0.027172163586430154,0.526425969350412,0.9779366918528881,0.0946551151156769,0.5117633046176312,0.021473935938589015,0.80712536062432,0.8459908338896284,0.034389647022083254,0.3702615648393498,0.8754870033077502,0.056456451577665136,0.6590784461017086,0.981416658035214,0.17684924651374245,0.05405022921447696,0.9887676203779089,0.4981162738010939,0.49105151209031855,0.7169597215025799,0.0687053874869247,0.06809305816059436,0.2572100677867797,0.177105607878463,0.9988584138207834,0.18672683281603675,0.6983379313593663,0.034265647890515276,0.12496318255447383,0.03710751388083113,0.21585454446033897,0.09305698221847201,0.7842579598906052,0.5975596137953239,0.9481978992942607,0.38736731340676606,0.18206056374691787,0.07077064355448995,0.9195800554832785,0.023629918933186157,0.5414480344111995,0.11599591117675635,0.025425324799370236,0.9420447355637183,0.21366950180304345,0.17821203328675322,0.9904091417327668
AP2A1,0.9986486627746528,0.041508951069851356,0.9988224698502499,0.9584135260674762,0.0,0.9999218463683588,0.8332353732638784,0.05375442566865379,0.9128410518232649,0.15591995632709793,0.21121643172173235,0.09323519949324212,0.6078546489848811,0.6745342064030421,0.10846457503004657,0.10557369935996255,0.1939017434744207,0.02371864623710277,0.10404325735599392,0.21137011881496723,0.02155472134166356,0.027014603335591976,0.5165774603925827,0.07869121660430771,0.780067402763375,0.05867026488400445,0.7992256746735029,0.1522512866735684,0.9567467330362258,0.027862696072641985,0.34557647436345,0.99504110988386,0.162317507397277,0.14088762215176961,0.42919526234388633,0.04268381858824649,0.2367459547823089,0.039166130740247634,0.06360731194612254,0.029312307530222823,0.09010629509138698,0.3488512868015216,0.0831581126015167,0.5388699130214303,0.46130261397813005,0.06823031635166125,0.9926906214251714,0.7718379105706203,0.21753701501369518,0.6088689029921636,0.26191522605225703,0.020459654757152484,0.7101537164213978,0.583671038413998,0.9908141256576738,0.8675468580275277,0.05210683500584137,0.06875649441820252,0.026466332524369415,0.9426225194485947,0.543623620874296,0.26961401048952616,0.24151723870589273,0.11566705130977538,0.21193969860501782,0.29718716009060747,0.7829254276410472,0.05116641916948987,0.7132988688190578,0.09362364231338728,0.04440678095623085,0.045800824446757246,0.01988743749989414,0.37894186153101467,0.3827519804567783,0.8599399143394746,0.3485138265576481,0.027639153946513482,0.06631744965900624,0.033233967778147355
AP2B1,0.990980149801763,0.11660206149921079,0.9432773515356965,0.9970221668958879,0.9999380247681815,0.0,0.18796966122787917,0.9400822428949172,0.06410876691660394,0.692751112209783,0.7523305652361669,0.13090935337269982,0.7265846700476699,0.023273384559466162,0.20431565390394082,0.20123710122173885,0.39776425542718474,0.40194113268623466,0.08332539113105629,0.2545496502418529,0.494299850217244,0.17430132906710266,0.32669575888450986,0.6215283482723153,0.40512456609107866,0.05022826074842723,0.9564007930431834,0.06525187466910799,0.03755376660382293,0.46307273882384664,0.17041662632861712,0.05723416436004788,0.017994093832524878,0.021427663511020587,0.9846311528986861,0.26580974452357775,0.3603491575506687,0.019685761232824003,0.1374813741076903,0.02733133318973474,0.037827064186258884,0.08527323009084146,0.024989700202167515,0.9590034843993647,0.8196942544313972,0.6899647650880795,0.024569889251993805,0.3709763659611439,0.03502684727703791,0.47902652536298207,0.13829650244277278,0.031427701394344754,0.3443889607427315,0.03948773138040533,0.04167964268709586,0.4868255511518742,0.06551811956653604,0.027621767222876986,0.2923282032946061,0.5672475487665327,0.7738100493294711,0.16408107078159448,0.08846108609316895,0.053134068350890074,0.19217777122246946,0.23457614517306385,0.9912748789758159,0.032997763343047486,0.9009215986883911,0.03914778434442254,0.047318049451740146,0.02384244032971082,0.10617784065439115,0.8212710978751887,0.19376360824635086,0.11946305854975935,0.0388849488808118,0.3480544142016441,0.04670270878108434,0.9863365006850359
AP3B2,0.1068287691949681,0.7670420522078844,0.7854879980877835,0.024145789521151907,0.4395972504311068,0.08871145081758751,0.0,0.9947403872865972,0.03274353905377262,0.8726339151057225,0.08834176287506658,0.20628073127604246,0.03985631588697127,0.6031877483206739,0.18989736300107252,0.10634462048362038,0.6690337098558364,0.247460212777681,0.027810633833431686,0.618851956966614,0.022597746896110896,0.8986949881813969,0.5503235843770932,0.574038909071818,0.1022714936909575,0.09941613080819257,0.10964820969918249,0.09542257737701508,0.7636501964803301,0.034311518630035454,0.4010787582612605,0.01846133509870647,0.8647608389691307,0.02414511898490249,0.025164457109395657,0.06003888567468693,0.46439861212704053,0.0838154862830218,0.028998858121409968,0.05029334351611219,0.44051340400279726,0.268407509712929,0.5144535803866014,0.8892859043705901,0.8989992672186164,0.8647800977668229,0.889594238998016,0.09139902098699548,0.056994484973913274,0.8780503387312857,0.030226458913361457,0.1529571779927656,0.01999780710079037,0.05941859158045176,0.8146016897867745,0.7411046957754566,0.9213990507423911,0.5307004867167934,0.21632175820401664,0.05946917173549308,0.14280183447491154,0.14080514131273597,0.047641467972782604,0.09373791387140315,0.15082590017082037,0.26717764030071695,0.7802188390284107,0.47175160609174965,0.2591530812560491,0.22991981381418025,0.042912158270007154,0.476478363380881,0.2510965841443962,0.08780868964472646,0.12985894334528644,0.5883017701673082,0.6652590743471025,0.1544984403509025,0.04423552105293701,0.025394526726288672
AP4B1,0.09613152215646535,0.040017114768959854,0.154015823377464,0.02546555576356211,0.02034165440809761,0.03682153669516089,0.07793918627768603,0.0,0.1588929994876899,0.018716071480906763,0.0238806176641206,0.02147185322735105,0.08186586052082047,0.0668285361060689,0.025591194667321966,0.04338969420402667,0.01837743364022894,0.030285396472670794,0.02155233301060109,0.27744724467794346,0.03621730931042095,0.13990991509810505,0.07783566591626054,0.07375979712861447,0.01911338384629503,0.07583833770821466,0.1721865521496274,0.03592717605402654,0.03619946813413441,0.03804775219622918,0.08289164168740444,0.1532722645159411,0.029195853821785037,0.02420202864435998,0.09265593772819437,0.09157135148111054,0.11504883400789637,0.042008394313534786,0.04666924521020544,0.018168388057616613,0.04048381514336047,0.023166015266756133,0.11873843705223142,0.10514866404220935,0.018216244619527824,0.03781363631512897,0.9466570802302061,0.03607161020217446,0.024042972868208504,0.032943255200459466,0.030542985448745598,0.018292148091474936,0.20921741631457857,0.025240470408154622,0.03482728207044548,0.03792812172662237,0.12581501685191032,0.06843877371229524,0.10085385027442195,0.03836596700353075,0.0971701504221145,0.04388707028821123,0.0883131796429853,0.12119807408308653,0.03821681506923271,0.025639260786083494,0.029479833854257023,0.03294037083042517,0.1603361502084817,0.1763680486395776,0.023021767164670193,0.1125097327735089,0.053026656677076,0.04670991264030423,0.2847205590785206,0.02646107917253211,0.38555618203644537,0.02814178224418915,0.02302450769348245,0.028612828921483743
AP4E1,0.01904558822592186,0.1312047572677209,0.04607737559157004,0.046283093275099836,0.04679607880492523,0.021910860670105215,0.0206818507640869,0.32506410380851275,0.0,0.028274598975468333,0.028660499089363436,0.029841258680033775,0.16214086884377235,0.01942275484357003,0.0722271079517481,0.024884013028765976,0.04875757427759337,0.033278842256117235,0.054885218674690386,0.0231725923237321,0.19330669283792343,0.028823321538618225,0.04146148885502529,0.09441112352920786,0.07300080950858966,0.020420936395315135,0.05176664011874104,0.17695487945789398,0.37036983236857657,0.13191744195603894,0.05390229743961546,0.09988571727021713,0.27850388027515716,0.037131798244917,0.18265149196200237,0.11305796112977269,0.04076528613135621,0.02698467780925911,0.018622666069086618,0.023246188788149023,0.09283621064744797,0.05555529050325097,0.030141007349602154,0.20675628348283268,0.16694975662431966,0.03704802108192521,0.22856039359769045,0.7916700754138329,0.026207378745635813,0.34260275059835904,0.07731269925879439,0.054944158151000615,0.04003584872233815,0.019975021462859618,0.06755464643254303,0.02753596898549839,0.33771881468927006,0.30348558037993145,0.03810244005167406,0.020527601488615533,0.25862916531958163,0.029606702159971295,0.15723552712805955,0.023620674799916475,0.13423230439040226,0.06854043014284548,0.04919968105577769,0.04169903852685637,0.4679451993287399,0.02184650699606981,0.7773026719129769,0.07980065442836648,0.028369849212741455,0.033994691422720325,0.039620469253303724,0.02324405499241147,0.6436810690809731,0.06370653212658267,0.018164888030844158,0.0225581308478946
AP4M1,0.13674293480380564,0.06595446679461116,0.07658268360910266,0.03821420489872842,0.028343537258964303,0.04533836295673754,0.09805346519440301,0.019333669097759153,0.032302469299593684,0.0,0.910916796003096,0.36176249974416275,0.03459263517942904,0.2267208022827276,0.28049271999645636,0.04908848412365189,0.030521147725540144,0.03456831515467489,0.02506986990873028,0.023198038111571367,0.047842170588267896,0.1482300102275907,0.030258750213162683,0.039266812658673,0.06171243309099434,0.0395738438599481,0.11753915874796682,0.02210046475902647,0.12625815306158594,0.02317627467183988,0.24557374392784634,0.10597417381922346,0.04439800724355855,0.024488408634168932,0.021737328826745395,0.10322651786283486,0.025026238793188306,0.05494707990578055,0.02629485742177622,0.03794276975336612,0.1731060263445846,0.029756481613419657,0.040931451206200786,0.11361612628168474,0.03344854926352543,0.023354947907450144,0.07163474337766912,0.11570070815079886,0.28911209619866346,0.49214978028438594,0.025716919268565345,0.0751765253526648,0.32289817464276704,0.07727999024805762,0.09774013272634752,0.04365081519505707,0.11563485405345494,0.018998172628263133,0.07074047412629937,0.2105189946275346,0.8955225720044859,0.2685545121954813,0.17480526407769728,0.06744134888940408,0.046676812105490635,0.11972998667375805,0.021030852897710835,0.022137033351991107,0.04085355840420658,0.02454270631691728,0.023810896324128545,0.14359645167791313,0.06480516788949191,0.1764872912279555,0.03904834962164972,0.10396744147544433,0.07526791230386254,0.02716865033909875,0.041390254473771246,0.018359463002771637
AP4S1,0.03336286409518067,0.07024434268163966,0.10742402306450835,0.15911244162175978,0.026776051537061335,0.03776650569012723,0.02601410752621015,0.02649771974662759,0.028353613435907463,0.6823022337413059,0.0,0.29417364053151823,0.10953397780834158,0.05340588840119429,0.030759344033346847,0.1326447823496158,0.2019639106071094,0.028013624349160535,0.05920656937480544,0.09255629176637803,0.8228055992538933,0.04674053307550555,0.04223162268791521,0.020383322809085214,0.05039095035974617,0.13820287397945064,0.43125534467334226,0.09533675350711202,0.09920563319382612,0.2460545123356108,0.07376763186082864,0.034046176541014,0.10400517532432037,0.07015594700603177,0.7092337866469705,0.05602973145752083,0.03281903104492834,0.31912608674440446,0.02707728430436514,0.02638381377720175,0.020970761072123333,0.018080895372469364,0.5237014289881726,0.14152335432408816,0.2620023502088536,0.10891270434479135,0.45310104091029335,0.07163679845024847,0.13593097041516616,0.3794768446194722,0.16373762809404688,0.5389797266214711,0.11989884208854311,0.07268922979064152,0.039843026183600486,0.05108168853497983,0.06629981184912664,0.9664098003671546,0.057322044355157906,0.03686306069954113,0.66771103788023,0.0812476948928643,0.032620682147571176,0.02752270786272971,0.09868569230515539,0.08318746497419448,0.04303740537637979,0.06144964808509308,0.4222690352842922,0.09819911870426262,0.1077701625640101,0.05905190525818691,0.018917243817714143,0.14398487095646148,0.10486889702556793,0.03955924693535252,0.2563996639807348,0.2932943572382658,0.048895489373998,0.04831593040928246
APBA1,0.023078663332393577,0.0279936141070336,0.5475647062699517,0.24888186811203966,0.034846974393807156,0.03972776759013774,0.08000022006713256,0.03361065607009097,0.06375776214897272,0.9373146025396746,0.9837552282975305,0.0,0.11836914524596368,0.04959807771181602,0.11359526273339132,0.2941877651944517,0.9806168908823786,0.050635163985927246,0.018082600479641133,0.16046400496668764,0.5136750545615848,0.05306291672047458,0.047043044420407035,0.37129807016615457,0.09907220775812546,0.9493968548215793,0.060387245721108034,0.07777147112718434,0.04001675782577668,0.10738910681442282,0.34481286049101717,0.07939838413148825,0.06581602238754924,0.10479579549856195,0.018773792656393506,0.8448364572510046,0.08241973970578599,0.45681379432617153,0.055746767142770784,0.48994088568542554,0.7423816453381477,0.022034783829545292,0.02561272371938293,0.0254997411736027,0.045633683793197086,0.024391541103964465,0.21503088435001103,0.416271455681303,0.7002596384324029,0.999785173146922,0.06000653225792985,0.6892519762294022,0.1726219711047221,0.9236365835794127,0.10482389713250843,0.032375369912594903,0.6306041597694403,0.0214931968328078,0.05589414315066225,0.44918264365497523,0.021823275851363552,0.26212132097622803,0.4171549050722701,0.04874249842991319,0.022623592022239247,0.025233657552660937,0.28487593602637395,0.026520454366619574,0.1588807876345715,0.02429057914281349,0.02357722462898019,0.21771534642658244,0.06210820629634975,0.047724258408241634,0.4687227329313952,0.028781892014598534,0.8629916638969017,0.20112331132771752,0.31676963830389904,0.265103648864352
APBA2,0.9418740926669539,0.09885589744141127,0.039220260713399506,0.040883722714600355,0.05715420278638716,0.0641321224863398,0.024828235086140384,0.46270135904074977,0.5234300504559711,0.04305228355937113,0.35106867091385835,0.06695339828015794,0.0,0.13050476533364386,0.03757261834236706,0.026878810407030943,0.7849135582130228,0.08624955196698413,0.08056718669937349,0.38938482978036837,0.6060683690181815,0.020086674710463753,0.05071427738809207,0.031134802085186385,0.7985722345442082,0.04645720082704728,0.13564312158138106,0.2908653944481989,0.37538154747654695,0.019874225856077725,0.7547727908021565,0.1221491799627289,0.021383977630088216,0.11497439295798204,0.22093332758580234,0.11384126753938152,0.3055539807260015,0.067475841638477,0.07061004222981913,0.05070373525201445,0.47601913133591267,0.25534109152563456,0.04767358603501712,0.032123747917744534,0.020733213696976536,0.7566183214017812,0.08355245908861995,0.09907624492933786,0.10831132520104063,0.06435516033318468,0.13601901473426137,0.13030742505733686,0.2715885612189425,0.2913477307238135,0.27366376469390763,0.039759386687379404,0.019664447997248577,0.15476333809420992,0.07968564009950754,0.27428815384198196,0.9373161666750749,0.11128099597713259,0.19201040537464661,0.10898355270929312,0.1804437166475276,0.4085134501073065,0.5066060209046638,0.04710802327692233,0.3913074181622837,0.08947748103223045,0.05071391159786485,0.07925536828950566,0.1691636476459783,0.14271368889035105,0.6721238795661403,0.04637139344497024,0.3129674014157682,0.025850003248149164,0.045683355328820195,0.06632141247906692
APOE,0.08540606683241823,0.024984103323866226,0.023147310968262676,0.01922115854568516,0.06288331905585026,0.019284542264997196,0.10076825845512213,0.3492950993634006,0.020602032349389756,0.4455438541406104,0.1230958981313755,0.03664581823443018,0.134927599892537,0.0,0.9999274097202467,0.06092114036630099,0.021401799690556444,0.03236150547750141,0.9999804068512398,0.10054392162129258,0.021548740429740473,0.054585471174905593,0.021852909039168932,0.0839138416622308,0.3935592394905257,0.04251531481966239,0.12015799383506243,0.3102443041835082,0.08588680679974522,0.798392423766645,0.0280377660169508,0.9619575994364487,0.03549138923372201,0.02557618394336096,0.04400249524655137,0.030994499108839856,0.05687921138085877,0.05065718683879228,0.13051092955813565,0.22571468255492017,0.7803393876232123,0.02395922811059772,0.02163739914964997,0.1729901008161992,0.06467445524727528,0.04122785281597571,0.18513260563174713,0.05147272069899666,0.8197804850612006,0.789882810929419,0.018313308339466164,0.13448795138324063,0.022788748289058167,0.3190962131929566,0.10406605788272938,0.30843531141622604,0.15377053595689313,0.06092702348067916,0.15401968321923387,0.08636301734545149,0.06545211439820381,0.5842811646089774,0.10964684650274234,0.35866745250426346,0.021597054639381632,0.12459653563543882,0.0658358265937834,0.20975653886074588,0.08719397099367457,0.04399430727705318,0.1340019011852252,0.04960849231537816,0.03704282516468378,0.019376753704105687,0.03503203994523151,0.13203798265171096,0.11899066288666199,0.20552187238973152,0.1996498291729577,0.03734842078643996
APP,0.920105006386223,0.03024245381079243,0.020126598267102943,0.03460678631383243,0.03958299987349581,0.05274111630181369,0.08549353898525743,0.06867298044840561,0.49775620631445144,0.9244495159388887,0.07959483450112637,0.1321935178385444,0.05743853103518263,0.9999999627712981,0.0,0.02726648241813305,0.5055690945309586,0.49073358409364903,0.9932226138736666,0.021155956657646188,0.3639937058010209,0.04041927351370076,0.29844814706927125,0.850704408420379,0.1941920509484161,0.04810830047086861,0.969013241043618,0.018346950374737492,0.09550557406784449,0.13835418834440888,0.0362312172387696,0.24104849079951823,0.019780222644694267,0.11172037476547143,0.19383109358367137,0.088278155017613,0.04225466835207232,0.04995050664682871,0.9678799068811649,0.30670756675178346,0.23610325903373244,0.07183680067215685,0.1584339109314053,0.07174644136835351,0.20927853006916058,0.12239426767770581,0.07852432610174048,0.07912482766627742,0.02219898839438963,0.026636149001338257,0.034889659317595106,0.021368116201792343,0.11626535481511799,0.10731315668646767,0.8833941168993522,0.5427043376641311,0.02058490571783208,0.19948246545681847,0.14130870788656097,0.2321690708217033,0.946571469254035,0.02910291762851978,0.02022352131039622,0.9616633789437854,0.029601811725900467,0.332482977830749,0.02373223559435497,0.2061256041639566,0.6126064752268587,0.01896599815809343,0.03593960411912778,0.029281771864415072,0.18640302071621118,0.029787351955062984,0.18023601060015593,0.36593239787125115,0.8511668192654489,0.2342054432297504,0.06480987255934552,0.12008784962872115
ARF6,0.048024288018000134,0.3650851208917277,0.57055805793873,0.14517655650591646,0.03018524236488617,0.03673415795404766,0.03897832221184242,0.15818807600408477,0.03253956839299706,0.07339831595316114,0.4953740391076464,0.14939360165913781,0.02747987367420173,0.06360873438726297,0.023723911535155087,0.0,0.22972793516778128,0.06708615234862264,0.021473921239694174,0.019057000072144007,0.5335063063874644,0.024969286043006116,0.06802532200881271,0.37571922321199885,0.11038135941530908,0.2794181104415226,0.062213195072320475,0.04886169710987436,0.031339284296625414,0.5356985692675245,0.1471232358299251,0.8137262881671247,0.14208452674815183,0.037679229992431174,0.517381625199342,0.3370392970672853,0.024807258899109244,0.04205127716043277,0.07866516253908848,0.5335604765069987,0.5857345232055577,0.19789329008200726,0.7329215505862188,0.23141884174837002,0.03324852655710832,0.7535436263724877,0.890621589074112,0.12154972996198246,0.12173993683825239,0.08017397545399296,0.11985919115734618,0.06841496215584421,0.3724685775644409,0.037682939382265926,0.10183782528504427,0.036778576201490144,0.1135774853353509,0.056884322465263405,0.11099922662295647,0.13114741970677984,0.03332507242129973,0.2006062747463091,0.03916066241172521,0.03840287566802448,0.10253405324703112,0.736357294751706,0.9068865096853871,0.5559564489801425,0.030523773143147623,0.3440342482178199,0.03037513403384707,0.02598874575942251,0.9521058996481517,0.9438069196699451,0.06823941414187115,0.03068992692080122,0.4520587381129272,0.06710617092533525,0.1469101724508916,0.04961211033774488
BACE1,0.03890598508142078,0.1766855799334631,0.08805174063976434,0.047743657405562634,0.032761797025272765,0.04075638748917248,0.08919278986549031,0.018839265567494313,0.0818164261817861,0.03364052028788261,0.5332123588447563,0.6919148484051832,0.6654311320993554,0.020922323000861602,0.1470433608758012,0.1598658885542466,0.0,0.13136630406073602,0.44973135020149324,0.02433885648520389,0.15589266446605365,0.019932424754474903,0.10656228606120023,0.022053968185166632,0.08264541861121025,0.020250882866701826,0.37000066297697587,0.10762844638469016,0.22916172748227678,0.021806162960201558,0.13989248751582256,0.050445729176527815,0.026634172955891114,0.08232790539885827,0.9873769575479385,0.039571920402902284,0.03563083231194994,0.03997553009226977,0.22815453132855967,0.3634532238411344,0.021334264852535773,0.04777742522931016,0.022360912753621263,0.9272013327172157,0.45431029355582775,0.44690612912513344,0.034137589096178714,0.10185406456212678,0.9622661440981587,0.0650751394124715,0.46451978669109156,0.16443744009341774,0.05730054251450084,0.47778645417931576,0.060591620621444145,0.03876911354301025,0.37606132133285397,0.16097699330478496,0.030736754521180635,0.06372711020717392,0.06149555773415749,0.06427066906137169,0.026642742727132802,0.02401151107325488,0.039972140342602734,0.04522322506002452,0.09394213770553703,0.021362440890054606,0.03475624282535276,0.24353045763897932,0.4002329631746441,0.04460922075786268,0.07482783533190643,0.06623005582809569,0.01859006713418317,0.1364101379030578,0.08487788435622808,0.3857745193563915,0.025407657853069223,0.05793054790735027
BIN1,0.998568362799342,0.9992127396981196,0.839259757690101,0.06164584828444438,0.021322389824359866,0.13891871351831103,0.20559521529667626,0.2607132307443181,0.1818517182856586,0.12401634476955281,0.10303201700246474,0.08860346936537429,0.4342425155743512,0.06580950155583364,0.8434125473670933,0.2596788645952671,0.8072142975440794,0.0,0.3988790126359272,0.03265231459828918,0.32217924441080703,0.10216905544730419,0.7274176925659833,0.4975906740454783,0.1332354453325347,0.06583914333659902,0.05269180212280441,0.09497641839312038,0.1562007573137364,0.04195838128355441,0.37950661969453703,0.03336280149565954,0.6893005118828006,0.022606247645761763,0.1673840169812624,0.07383494751516348,0.2059523200939847,0.957155022336174,0.021915503037111126,0.044987263801145594,0.7333467151422574,0.08831836858774249,0.04266392835693363,0.08404042236801379,0.33940180753032445,0.997032396620226,0.2993816232534847,0.039519798981351176,0.03258478936967424,0.8814109648839521,0.040847465304543244,0.6666473572674747,0.14645609778331675,0.7033034213986317,0.033960980219356326,0.2140583886272784,0.026297991621966773,0.4616825831732467,0.3322943007259291,0.4506974484822505,0.2923258030604335,0.9963981878570217,0.10658753850490724,0.02344668333823192,0.09087577647578553,0.5042501644196736,0.9007132578274245,0.9991082997295486,0.6694845000775694,0.9999499889420824,0.49479315904510235,0.25781520898856036,0.3045989192012802,0.03339267040144682,0.22900997275112334,0.028958686325231596,0.0710588102002516,0.055385196052149456,0.04356737821321459,0.028018044274855262
CLU,0.04454540883255106,0.04322568645079134,0.9128288654380047,0.17625130202259015,0.034597270609579046,0.031442537955534554,0.02279616273988688,0.032451782561565994,0.2142408006236766,0.032683850289866055,0.260621323389783,0.018075244177510802,0.13120351743232608,0.9999998389949786,0.9740599150157412,0.022552067174732626,0.8559173435078122,0.13281753612220337,0.0,0.026507086295386836,0.07570314212242943,0.34978334692027935,0.4410740820421884,0.021420871722418883,0.029394887725954316,0.1346060669613405,0.11826269510856288,0.398295691043212,0.12442910309879048,0.4480224696012702,0.043084032020100305,0.7919670233104315,0.2234402169463392,0.1365616333159327,0.6915735666513838,0.24278153740745287,0.038732963562050915,0.08631560024830107,0.04924067929639374,0.10964835928100698,0.030682417239060133,0.054622583943366436,0.050464365870373916,0.43045723031438066,0.14086208768029265,0.09918133489739718,0.6009758164616087,0.40150580434463884,0.8679258238526221,0.8841634257970834,0.024042203458485685,0.09905604071344642,0.05299504098366737,0.06675972440126948,0.021121193388034875,0.03311809486430344,0.025529861590521487,0.3031053188516545,0.02573523990662387,0.06866243935846494,0.5371350215732705,0.0348157503428565,0.02615699778160106,0.9665608857359806,0.037610741427213885,0.01862095798525202,0.12984594075650324,0.40014258441562667,0.996588067135349,0.06938328553671128,0.3253019666111407,0.12468515532765857,0.04247875829436552,0.026588757231046818,0.03592888570303973,0.07433875940094845,0.050928412018917395,0.0421288025773781,0.4419267944249578,0.07498380557595363
COPA,0.6252635697653286,0.06297520843031072,0.22475240105129068,0.04118306026557845,0.047079012017106646,0.05037973310477399,0.17883156743295395,0.9978745772709937,0.032796928285823965,0.028666613139788886,0.5464349665994628,0.14241727303211152,0.7044153819085766,0.17307230044970667,0.020692558109562015,0.019389629697631333,0.028707967677361574,0.02578125309030255,0.026686999433881135,0.0,0.5439791313790309,0.984005765528645,0.9783644135496951,0.996880225822761,0.22368192001903545,0.9845630409241759,0.09832025611981751,0.0233839406018092,0.03689461002296487,0.04821684079860544,0.018701787084576028,0.2376244928998517,0.25442925186853727,0.05128608161953815,0.020135625744984755,0.993670078088439,0.02492554638187726,0.058779702842629455,0.09026079846875079,0.28528104839186996,0.9687898415903216,0.054099238520608856,0.039605353860683076,0.018212819108254924,0.9969276511504045,0.11357851914329538,0.04582528803552559,0.10957172092474053,0.4354756740096182,0.05926844666022108,0.07235554548707869,0.05418032716100938,0.28124349997891834,0.0845196570266739,0.04180791055221427,0.047514793441197994,0.9924425139296477,0.039344049797720264,0.35985231363594855,0.0625261492518652,0.43378894273618346,0.7286892481895164,0.0333161768097096,0.8305106216467962,0.0772861396443885,0.029241948059465554,0.047497779819145707,0.6529388687253411,0.7001364750760075,0.15040535085691117,0.026594164058984612,0.19913513215905815,0.0430788293271598,0.06822462208697375,0.6370917244567605,0.4065626560956184,0.10651351293466009,0.027917647734766203,0.023204659070398263,0.04786881450253921
COPB1,0.022536612285106325,0.07435724694597377,0.06952730092706536,0.05457175324644113,0.01881215988052957,0.046027319146914325,0.019572755136614155,0.0836490989475752,0.5254356722276764,0.05960912119591158,0.9935701514834543,0.19053999953840986,0.5176237696967271,0.021171880960395656,0.11823365206772175,0.4010493062862241,0.16768245796551257,0.0637513157865731,0.04838251010096741,0.23108699790393805,0.0,0.26747297516576635,0.28021562401956224,0.9949372896356706,0.6448407990109001,0.9844888360800496,0.03319129348784541,0.18258243901539112,0.1541477497096244,0.10567729125602887,0.2866940921713005,0.07592510425952909,0.05637866679195049,0.13267618261064618,0.1584915619378703,0.04847605761767637,0.03902492280207375,0.02480268777979944,0.04574490041122497,0.05565759298910458,0.042763405682645535,0.11634136230728896,0.018307842715312973,0.9184031513248354,0.03394649413957816,0.7569281522671983,0.06390171616887723,0.2449603960968917,0.9984642695239607,0.05204483023865369,0.018606716498588475,0.099509933012551,0.02652262149537948,0.03147320905006809,0.4230929509321791,0.1504727727292797,0.02104876816520207,0.045382705799936245,0.23871991739692774,0.2132290793355143,0.03533583540929563,0.13455028858488882,0.6218966103647706,0.4164853052824398,0.15305033638739685,0.09724554176985087,0.022182975702022316,0.19388184442239942,0.14195774032206915,0.47727483308048957,0.08615230254413198,0.027983260744263366,0.028917935452943182,0.36704742491195097,0.6936368648001199,0.21945094951282978,0.04572229551123166,0.056854381821316156,0.025765450493738296,0.03775034659411024
COPB2,0.980063202361282,0.026843145541698407,0.3981301594194431,0.3987040439875218,0.021866341853708653,0.054748430890847063,0.6039057299005689,0.9956765726794953,0.07509085858729066,0.7951609964750209,0.29111802673955195,0.06672375740251033,0.021881928069287408,0.1195377835829366,0.04442504757917664,0.031196674490247225,0.02209947168671699,0.07073169471968495,0.6119633560679655,0.9985266765842192,0.8565652261686402,0.0,0.9507492240029379,0.657426328131891,0.8060993943077479,0.10173675277655167,0.2298635881244618,0.48415637610266943,0.2718933063284549,0.052882119610630295,0.19700001972665415,0.04145567911964968,0.9907768003940158,0.6374969860582039,0.5044741171878984,0.9649246752485582,0.9805823406135104,0.018504031443714087,0.7844148534847811,0.6341861438741908,0.15518837436328833,0.05683790318657615,0.10268142188980296,0.2715786658591779,0.06098590225283084,0.04650284136359023,0.13876419151851138,0.06099165175056481,0.6132004418265453,0.9986865657364355,0.032714184777307705,0.19975420054566653,0.029388654069362977,0.39711770674856833,0.756194469669162,0.05710890081776619,0.045645795555921076,0.09543692340872542,0.3982949452215383,0.08846161674351279,0.023519169966324447,0.3562318591114318,0.7400989512679235,0.12033211114442895,0.06689819225515431,0.036443414790310096,0.049464798558344215,0.5946930932371641,0.15917846142602957,0.8936148071421943,0.08036850755823173,0.07556578833633974,0.47028017940086814,0.026720112607064594,0.03794183931477607,0.10082772261928867,0.09402494425181562,0.7094413035461814,0.3024824618245973,0.2063011373828573
COPE,0.10969086404407782,0.1215311227463159,0.039178337753666456,0.06709663324736123,0.04796555129744531,0.03922604394495362,0.08024077092126318,0.3612533668604641,0.06767180609146986,0.034169307368910454,0.07184122390408999,0.03315623354009552,0.04687984644569112,0.02145824731060867,0.10222952364168005,0.057808757177831106,0.1143416192954603,0.12108982642306114,0.19414062170326946,0.7784175490611898,0.28298001879306445,0.404997820240545,0.0,0.5347710369633332,0.1306789300687232,0.5374971945786498,0.2327525634423868,0.8568220868913986,0.027164831973673684,0.4447724473800122,0.08902751567115597,0.04138975670970798,0.08918537572099575,0.061007408577960894,0.0546402566088797,0.416999994971122,0.088462233970888,0.4435855941792763,0.02486299913415791,0.06868682592472176,0.15376736686429532,0.019567939157984646,0.10461136729966851,0.023223977206208325,0.019980371445735393,0.13079203545647455,0.1261226566737781,0.3513982691658418,0.0700527589791004,0.07319601693540266,0.032048648631546404,0.06155453865400176,0.12354182800656728,0.1473271631631832,0.02138129342149547,0.022746340316773583,0.11406696405894792,0.08383424132116224,0.10083174980384757,0.04964920538236432,0.8710901509148743,0.05125404738645503,0.17260815130658153,0.020955786379399877,0.04455115431874224,0.044170873908648385,0.050630638835743536,0.37930726224928146,0.027255606110818693,0.09571677297417704,0.1399909420137721,0.2656750280098748,0.32226640691070535,0.01930854091220754,0.04679248436929372,0.14298393169282533,0.022568274871979755,0.15405022578656583,0.07414413864903331,0.07338655992222141
COPG1,0.9452290280090379,0.03750664251600924,0.019116740550061826,0.13714904705106387,0.028825111651834892,0.06822496325143616,0.12043968275722709,0.5391656782832432,0.38009872756125007,0.06006972720124176,0.0232855402041346,0.22587027279326408,0.03401442718443637,0.10320583004934496,0.5502230128831598,0.46190378411829763,0.023503775980657796,0.1230846984486956,0.020913656531165996,0.9863522051423858,0.9995673922980771,0.27773322960016916,0.7712122596531058,0.0,0.8824474054173919,0.40513345264326456,0.4772994939926372,0.12903425414453562,0.026431525208058967,0.025556974563369295,0.04111983859226575,0.6149346226154767,0.04069961294913131,0.12090357519190309,0.9828055073276758,0.06213563957103447,0.0380995529802265,0.5222675433529856,0.16245303777689832,0.32542383203016295,0.10316376470178801,0.1088733228716974,0.16303725316658677,0.2043987296305632,0.3942162348004015,0.2147974060171105,0.30439411441027286,0.02909473226512868,0.23974490365260742,0.029056233520684375,0.3397632209280837,0.05968764704049383,0.5227776064336481,0.27253676987689507,0.018954181291152856,0.01861497046238634,0.11520695393970846,0.06909514141692345,0.018108114262020462,0.06970982956162296,0.05218035935086334,0.045510301507327294,0.025694177877296876,0.13157630966806483,0.038377943053240875,0.02821566126041563,0.7112271362999115,0.16745475577794383,0.679803409310691,0.15581499740943833,0.8020598202633039,0.039836112156962554,0.056370121141193955,0.049185609603814275,0.26868936329497584,0.06663440363592107,0.062358135777159686,0.034085544004015575,0.0805856534561544,0.01879362064982285
COPG2,0.16654730082450406,0.029746932717430803,0.30679153817329147,0.08240609041899778,0.06599058920840817,0.0435742218377355,0.035553408862202984,0.02069883753086251,0.16905687876293632,0.08529576843203227,0.09955320190708704,0.05562481890529168,0.7525336089385505,0.33867879887927627,0.07888360341048822,0.09308140347612115,0.09200348923588321,0.04260488742287495,0.025450093049733467,0.11010681560571524,0.6805948056549735,0.2502873082946523,0.13807665835636945,0.714853378077694,0.0,0.07656134047090153,0.03561722582551651,0.05454884825835105,0.4930234175245362,0.023271019354494663,0.15221396919865196,0.29888279417781727,0.6582883753756418,0.10827797744926382,0.030834617289792827,0.9248254495451236,0.030331518258779555,0.019477189883464863,0.029370397495883875,0.02714074128056896,0.953921638484947,0.02280836739859049,0.030946244776962395,0.036810055156261644,0.028025606762455232,0.042164627575963155,0.1822568971447723,0.09985312017937446,0.29244333388242894,0.34917047523442013,0.03140485143684179,0.32198436906741346,0.019505320339885817,0.018097457526357448,0.0792780169856308,0.2277614072854074,0.036290970119424566,0.019546724224230407,0.05772797985797273,0.02918239836572626,0.44119464012382015,0.06196250550263015,0.049161320567407546,0.9450724341753133,0.05961367579660203,0.04162648081012818,0.06637742351977749,0.03108443666015764,0.11502143215620818,0.01918794863624401,0.02216111202932208,0.17400253855711523,0.0218394099241847,0.5479541482196104,0.06501696088839014,0.2424543024037077,0.2518453351432927,0.16924133669637534,0.21208573819088045,0.20761325279759776
COPZ1,0.03656265464498887,0.21884285656898517,0.1710212659787697,0.023325444987258536,0.02267700408390502,0.02190982010480311,0.029826255577300936,0.19992923624364797,0.021061575070682587,0.03833359635218006,0.22489894380853234,0.35513042859025595,0.03559652254760206,0.03301874423425033,0.028132177723725747,0.12695072013488048,0.019797720210720862,0.027216835877063267,0.05400595881586598,0.5645243180922352,0.9132939244055459,0.036774761384167076,0.31460677674503507,0.1452409840788114,0.05404564445906516,0.0,0.8091175769907449,0.103137899438375,0.023339459170788446,0.06623990066285104,0.07159045676747737,0.056216866540488596,0.8023457568185104,0.07588763712175088,0.2341024934166465,0.04547133049612476,0.4698013353550075,0.018046960970917583,0.0499977420606638,0.14319512591574296,0.7344268090948123,0.049945927033279554,0.42827648337749663,0.020783040236615195,0.04710108511639133,0.032521717071548384,0.13999027218386254,0.02528715808551173,0.592468933836686,0.07561919660900107,0.023502250699078003,0.037926375932649574,0.04102788389867353,0.06805405884224203,0.3231979649707609,0.18393770536606235,0.05619774403563085,0.9531843051646719,0.02446138811081839,0.34835713638742005,0.04718755888739542,0.08988284154033425,0.08581537389570668,0.23216385738853032,0.02741583324288116,0.08863907709626537,0.3177091014422981,0.019312111280408297,0.05223049529002075,0.03708851485383971,0.38473388208170706,0.8801339865391419,0.6587517410248649,0.22514949378219856,0.02617513643183375,0.1336485744195932,0.24869748874009415,0.045467546784864074,0.03187740422344087,0.07351941489794132
ECE1,0.08879860586547562,0.04478586273429411,0.05706676862589912,0.021760255012782146,0.04897495521147822,0.06528649082274417,0.030663849608287993,0.5525430995564315,0.06604641146943398,0.10838512563524266,0.6715217917360671,0.03270417684967118,0.07800129044970158,0.06949344617280992,0.3402743172721822,0.041837149075296884,0.22973086768288972,0.025267398511004662,0.04984919636255609,0.04422233056746005,0.02894972409147508,0.05310474637262633,0.13788461146797248,0.167307790295643,0.030047381797645007,0.8045141422810186,0.0,0.0614357733262494,0.06254853238736341,0.6498999383462931,0.07640336949487077,0.40365524425252786,0.8982767350914918,0.06503198788136755,0.08552336073613151,0.5829645788425969,0.09619212445783733,0.09080272834520653,0.27795877225399734,0.02226960893198584,0.12771558044721662,0.07866512993965533,0.22131281342156728,0.2677191631482255,0.033719918101093184,0.12428360468075945,0.07684250684030879,0.08568860651230875,0.6508097707209667,0.04015995067000098,0.03778617569630922,0.1550555940884294,0.026859827520969576,0.11919700809983672,0.028566494780171058,0.21643944037877336,0.020692029387615038,0.7514741386819336,0.04321188506174429,0.2566476135067168,0.10353413108229186,0.02774304049406244,0.056740409549299035,0.7560241965780191,0.044197416298597136,0.09569424427106238,0.08248104254628394,0.09276791038062722,0.06912401140062917,0.03150280817423112,0.19454397744667842,0.7524120975336787,0.021988172495892654,0.10788393945641543,0.01919349280362963,0.03587912345593401,0.19346034586089028,0.021099679777636993,0.030273194832464996,0.022069242469874226
EIF2S1,0.05690113374219169,0.06464946181710703,0.10587813032447918,0.35473030864136257,0.034405429694437585,0.026170748066062025,0.037755777701116995,0.10602628512555715,0.6508578030095041,0.02422749185805938,0.3458347643681592,0.05373249466509794,0.34536108145273464,0.3539091616276451,0.018230943830517037,0.05003875362830819,0.15462148631657724,0.04024494487891919,0.245518905115902,0.022122609297237382,0.2578514972873094,0.16731389969953778,0.9416630772423693,0.11340888240389088,0.06325012131388748,0.22664570227470276,0.11231247209992812,0.0,0.360702622182455,0.7250803624271981,0.12858590011612092,0.05838992723486109,0.34680391756251416,0.7199940742368944,0.6535588962866515,0.044912870430921216,0.0377579534628158,0.03134090612879693,0.09104787733418462,0.03453025012084993,0.06757581752053787,0.39122351732496746,0.03144583197522491,0.02667181179626878,0.0372327216512719,0.753993126854154,0.9779911770676184,0.8074795118612383,0.018002300173269162,0.9693732411161621,0.06884182984365456,0.029041654904170277,0.2003155600246687,0.022124903417545538,0.7617162595602606,0.6299018067083666,0.09520480761942637,0.23193782623887457,0.2670737928208126,0.018999772470454823,0.9673395358158772,0.13989088784796436,0.022616371949447833,0.8281451242553951,0.05950496742043082,0.5396541907516265,0.022390358335933017,0.9595598037761546,0.5007697557261365,0.06566740592201419,0.027879498516106462,0.46336226444415773,0.2723352578732768,0.5056519704407352,0.20658535979003756,0.2638321321767577,0.8571683370301796,0.47145531478926406,0.0675797647195226,0.03930257654924777
GGA1,0.9638439102037328,0.1161742383066225,0.038173025326931016,0.3164118119097225,0.2183014811137175,0.02378633455039263,0.2620245382885337,0.1805486156460663,0.9898139925422654,0.48446699184642816,0.6318559597894634,0.03926298260823154,0.725064784565145,0.15265000607554802,0.08092402491245289,0.03796203293571691,0.6180794548954686,0.0721307654167222,0.1375610226216244,0.03790808091675497,0.391855554446632,0.17023366313123056,0.03391489576762979,0.028803118133113814,0.8752613844569568,0.030140918903182032,0.1952317300843987,0.6258327354392793,0.0,0.9996208753219489,0.7981727036454453,0.39971676365900793,0.10569724422965135,0.49348319632518706,0.5059996143816686,0.9543311566568331,0.5124366146683514,0.7509975498631328,0.03140565742050201,0.9254785790198063,0.04125656921987678,0.24043415022232864,0.6334849024407447,0.03534026493609705,0.10484463288534081,0.03598370443159736,0.34924942149865473,0.236499749376686,0.9947772874344907,0.027664789078942688,0.021858742511424927,0.05030932799346077,0.177574308258029,0.5506998074178512,0.08566922895060108,0.01939233997859633,0.16142145336196162,0.09076660638715064,0.08919622291278304,0.06224294666347411,0.08186663338806424,0.10180093344350707,0.17974264044179106,0.3406597422662467,0.03506334572176706,0.2927085301205992,0.06967688656012991,0.07374337307689599,0.6422659113331541,0.3498319010104884,0.14703779771924375,0.18873150875258005,0.10872856106955497,0.0892714315685349,0.5778888412837704,0.05237279016370855,0.05279431478250876,0.03688208185771633,0.3534449798631472,0.06540245272960185
GGA2,0.9999690620221349,0.08059134397334392,0.0208010079318029,0.07228625502465735,0.019942787907861477,0.042700818222043295,0.022588098824544066,0.08569360576970744,0.3105714002973667,0.024176842144832723,0.613763011512454,0.05338982084395467,0.019621474177108612,0.6461699428131473,0.05686010262414927,0.35939092935798983,0.02174141519958265,0.02493005824643967,0.1753924906985195,0.03378631651583518,0.09699291214962057,0.030676201691767872,0.39385480060140443,0.02341207149346016,0.022779342369572134,0.08689777554315739,0.8390881720847903,0.5018898214688173,0.9634591976508293,0.0,0.1571865762705229,0.9972203908702187,0.02384648909134869,0.1403062686182013,0.277423665207695,0.028628708326741553,0.14433819139098153,0.8901510691590759,0.05073996949907926,0.028800469285873237,0.3486724708251435,0.06270340565998554,0.13510104493530486,0.02586215181754341,0.04557630525825439,0.01990382907397603,0.03139366854889291,0.04912737247069862,0.12986562956700887,0.05527930726988439,0.034744012629047576,0.03206757175059838,0.0575154431284359,0.5293483373509092,0.09574137909155875,0.11268436630660542,0.018854378140562497,0.21195665120028012,0.06897247241504838,0.036635687286982556,0.06619934539756579,0.2764325366927238,0.21447880409025094,0.09767574341025677,0.03390906561932514,0.13914551739902195,0.33054048841307027,0.04486933732221251,0.018044747206349746,0.17981883633166124,0.25046202059183215,0.1998072179615221,0.06965954968143731,0.07140404131669513,0.04204929927602007,0.020018159177559367,0.8014514422045083,0.4767441350933277,0.048212518355528214,0.05119928969160614
GGA3,0.17202459079726262,0.08168103565985203,0.11897699532135043,0.024307243737002836,0.08028114224392366,0.052345113519471305,0.18178314985933802,0.9364191957562695,0.35306580392943065,0.9332661919973783,0.6226792544767226,0.49133783729766434,0.992052771089448,0.03799458412903442,0.03841358717128179,0.415958926227203,0.5619048189179392,0.20632941834131943,0.054661277700349745,0.018889517586262408,0.8570664518899132,0.18482088150555454,0.2943582113825593,0.060679707654774526,0.5339692693548584,0.3675350565787086,0.41240230655385673,0.3373692005607521,0.9243859180792801,0.6424812037300378,0.0,0.13295824641446047,0.32608051085100215,0.35902047557156513,0.9856840364960603,0.6503144320619294,0.041390292422248356,0.04757811438816842,0.08675371585407061,0.37231823306363837,0.9650673562293992,0.22550435422252185,0.07838661414010305,0.5266979397378908,0.09501933597522198,0.314352025922594,0.06616543992956422,0.025187426890940036,0.046763447492797025,0.33239483735588177,0.0306100185250631,0.9947427963049545,0.6998489155326253,0.1928496855360213,0.04942218713689692,0.1813963065191638,0.11865030303194482,0.03680107934982051,0.5647946801234259,0.15647374318781537,0.08750645340009454,0.05019114161619894,0.03598936615661306,0.09487815156016664,0.06582264602670797,0.23649353379928453,0.1993882582886282,0.03273757969238409,0.04665879000335159,0.02610377559544362,0.2351796226102872,0.4367053531242869,0.1897476924897003,0.024236130873317066,0.04771612291399669,0.12171899928262828,0.032340029563358005,0.05408102103978806,0.046510228280420916,0.024644852996288047
GORASP1,0.3439965331933805,0.28289096562062066,0.035584099586048246,0.36255600705464014,0.09094316982788737,0.022205185868055043,0.018114469585732512,0.44334515370878713,0.13208935595672622,0.09052074774051025,0.038705009498911744,0.03622704009711038,0.06739307149477432,0.6913065069925637,0.05818501967515155,0.3801836539839409,0.03970151085889883,0.02163143068734138,0.21087945662098298,0.06907140481953414,0.05244571650024642,0.02477964922453001,0.033214983291323906,0.1980235937813016,0.14690675640969186,0.052875260068447755,0.3612271682367521,0.037821071232115165,0.09182636366115637,0.9752593407888751,0.040503740822438454,0.0,0.1145220136971689,0.0885647856521807,0.5012083509636202,0.023668507633334935,0.4510028415335329,0.0498407817160649,0.02870682971598605,0.031754690201209926,0.08773068939372242,0.09285235191035576,0.04596433719142567,0.8307492500821647,0.2692763219027309,0.49497284667090086,0.08737290925924666,0.4596852670879292,0.4035638426243286,0.051929597957791944,0.03636589254979109,0.06689629509677635,0.2628746202129224,0.025105416404393253,0.03970974941949632,0.024440625965704243,0.06237857193145308,0.03460482028194103,0.037253431215393124,0.03998437292332,0.16619864262000203,0.09693418256084663,0.08808468265376013,0.056347299535446156,0.061937363391883285,0.053286045269270006,0.031060751383542296,0.04585706228935973,0.3543551734438142,0.0622690521478707,0.02258095175427889,0.027184262411868547,0.044344175298454434,0.17669927959098516,0.055443344869940944,0.029244896947882754,0.07993300389779123,0.02259565641261473,0.11382155688812293,0.02650352694045926
HSPA5,0.020055417876376134,0.12739537235245504,0.026680926078653442,0.19314598001691743,0.041381254242394916,0.017989026367427614,0.3050931154837105,0.0851773820983637,0.9582502713191408,0.08948144772847377,0.6044760972940022,0.05978598940686923,0.022706951313447146,0.044084102576912906,0.01949759727745661,0.23362860575864985,0.032644000385387305,0.23827866006020768,0.22345541590664109,0.24500862255012307,0.09402969507766391,0.9297219659321817,0.1748559089737219,0.04625495835223604,0.9308816494274814,0.9978988068205896,0.9995423867931865,0.5493169165451038,0.09666316476032445,0.027796122480487098,0.19179775187630757,0.4730174951859378,0.0,0.541258345031259,0.03544770196703481,0.6798059682054902,0.08827205277157735,0.3463257945249928,0.1658213993297776,0.029501643035006568,0.03403067196061275,0.02022641601831468,0.989212797541383,0.2097645678722226,0.06326625350815615,0.028659414286109866,0.05849653440833195,0.588117271867278,0.026730060804585277,0.18690030537572555,0.05146129687597598,0.04752494938304282,0.04377484991187442,0.022048514541595787,0.08390591571514376,0.13656509974191886,0.04159804792081724,0.8849957013213632,0.022619401323652512,0.2965233323369457,0.41566369066335984,0.1322292094969626,0.09452519100021504,0.021601617605543633,0.8952327010682979,0.3621830302106028,0.02327343377617819,0.3574631950780312,0.026490932065626936,0.04922379102159895,0.3381265749150156,0.998307979317838,0.38559788614789636,0.07172658252545774,0.03592011197936397,0.09275931404600483,0.11902481970184971,0.47051281585374827,0.38069609628755113,0.14657477889632933
HSPA9,0.9570830155525786,0.03370758238880905,0.37357284371962346,0.023518677931749964,0.04672402628149197,0.019432905413989454,0.021915939353505002,0.05887023941386546,0.13621501375682063,0.03567290960131456,0.5475916343029864,0.1320992683129461,0.3235182225012693,0.03193573531661802,0.12131198513174386,0.05726164964505855,0.26667091213931754,0.021259980067372085,0.20812736853999597,0.06382007988008441,0.46189962555932385,0.5691583301506898,0.15250509129195988,0.24743094296625032,0.33476506169747905,0.3748172463557587,0.2930228944317561,0.9738387762801116,0.6566140922277608,0.5445146560837537,0.3332541423946132,0.5262997035211492,0.7588842200761536,0.0,0.9982964315729462,0.2992840012233878,0.11298238737446811,0.20494888659883417,0.060442180772085345,0.328971604489232,0.022334562167895353,0.9923441267132403,0.06970965125813255,0.39702421048060305,0.058421390666072694,0.48172190515833724,0.025449295964927513,0.08404482612678951,0.3755777051150181,0.6108248265342331,0.31136413392448636,0.025036862901993705,0.07771141421280703,0.11560135132010514,0.15437392889625318,0.0674166668783283,0.028648983110686026,0.05969422922667595,0.022973894972510515,0.09771194842817532,0.1293834892783144,0.060343234778088,0.127355243232563,0.8659269255172808,0.22810195695153623,0.09027431387033615,0.1322735509632439,0.6695615028442331,0.05573744133627796,0.02681899338934265,0.20333792882069215,0.20312932469716544,0.10593929851844365,0.08342731353572472,0.09759806848551528,0.6764803150537375,0.02866089611053666,0.02297448945323416,0.021762156219341387,0.0547965403901195
IDE,0.1593918820750308,0.04811673076893945,0.07414136663709289,0.05216900646401011,0.035192637395831755,0.07499254980599017,0.01974329021425633,0.24506776399856883,0.2664145397387374,0.021414638915223647,0.8787035984400204,0.018353363681528137,0.10756305770309577,0.03300083447893379,0.05288611575616758,0.2061760255925229,0.9236600639593759,0.03637528243279685,0.17553208882545765,0.019034352832456827,0.09487889699469514,0.07982519831076981,0.04134519382860239,0.6811507139693846,0.026582718457883334,0.21458703711653848,0.08121004354099606,0.2589478169444077,0.11342507920881562,0.168055965139292,0.32879796758180946,0.5171952754911574,0.02546471825479318,0.5704992407148686,0.0,0.17599370658297278,0.02924122192860125,0.04157637879562456,0.050650815614455544,0.018009234196770373,0.027534569655208674,0.08871300182148183,0.17391444970809772,0.36054851570878105,0.07333371366865638,0.09073774981738639,0.950786263532483,0.9953635952584549,0.0259043677463734,0.04629096117933295,0.09786552175018687,0.12829047398955948,0.45976614694274903,0.0620650904941973,0.1568049482401539,0.08590695258269618,0.04945078453517689,0.11074209587812212,0.06255313271227747,0.03275175868028961,0.020320856922241143,0.0550939081040431,0.04941588644006445,0.02169803276707559,0.02266967828951097,0.3828623731757883,0.022348513088478236,0.019870296582250126,0.052135265633385816,0.024822930944548696,0.17063487144520875,0.03424538853772605,0.17985981986623356,0.11093278801963964,0.04964880811529618,0.09416665722471908,0.8984357744081193,0.02235612333506538,0.024743974867811946,0.024569276805426563
ITPR1,0.3271987078530722,0.027419585703599588,0.7376404073670466,0.2829544318242492,0.022811617696630523,0.03916054923437722,0.029553776173653384,0.5486440627123729,0.3558088521696211,0.18077456316342314,0.13164675928434952,0.4868056440274563,0.1160501006165327,0.030877592522117712,0.050212292807222426,0.30668214541161554,0.044189227416395804,0.03398703153889452,0.13559508046855842,0.9356817692132402,0.053452183254712335,0.5406798950287193,0.5039502691907204,0.0530599365281176,0.9490130373835702,0.0659533580890362,0.895964062595593,0.04237178756062974,0.7310236812506585,0.03082319699004383,0.21621691699024412,0.02708768230396647,0.39312161942824503,0.1102960391986267,0.4040923866635798,0.0,0.22715563832669264,0.046611574221293396,0.6081066252802448,0.04907348652188138,0.07674402284990636,0.02345381543938396,0.0476269880490617,0.41165469993042103,0.9789498055765846,0.05557772448537226,0.11557742107968863,0.15110898393019398,0.12327418890326468,0.9958793305047047,0.08569832372017805,0.09909209424978624,0.561125669882819,0.552278790204358,0.019058664902375292,0.02967283845388038,0.032529158628477516,0.11009783692231223,0.043381472627750134,0.03923783970333209,0.19189985362508394,0.1318570443545419,0.17717380464557997,0.6110459602134091,0.03799805576379808,0.04214144904745091,0.1028653827896262,0.045913658879259425,0.7724818883955328,0.985596295795185,0.03999156541396917,0.9390791795284908,0.6840503918672154,0.019916983888383335,0.2131848011498149,0.037626587739188304,0.594369810904455,0.01978870254360043,0.04088354394638053,0.15721552609050896
ITPR2,0.9827823856126429,0.02517531227723581,0.9898060902140852,0.04704593094918799,0.05287542193866027,0.06456752168077753,0.15035577838264555,0.9509479117251316,0.13410756405116686,0.03423079430941411,0.08326555553900708,0.08257908475346339,0.6555761755540844,0.09191770359809735,0.03948587100137703,0.02805008456090213,0.05508387493998335,0.09107926195868019,0.04127059687322003,0.0254590932865721,0.06099943841542537,0.9250805637929942,0.20415100167667166,0.04604653668472433,0.04001691816531214,0.9803719982561877,0.4033277452300332,0.048781519181788136,0.5387135844354638,0.43062496440653975,0.036515970278526086,0.9853381482351493,0.10016657755161854,0.09122097962617362,0.050055686020190046,0.5024036654855146,0.0,0.09722573608086928,0.4881071914520653,0.9991645030753828,0.5468689791392899,0.057595679820778345,0.1427508414167305,0.16024744080533138,0.4419743658740831,0.4214524454974639,0.5565420884466643,0.9797607618967502,0.07920478721302708,0.9192475669551549,0.13692846827866106,0.36620256147068647,0.16587703199800954,0.08166885054705539,0.19248828345267668,0.4040473976242394,0.06472083571874757,0.04662068155824424,0.3529187313698898,0.03645494464280234,0.08995481098500548,0.02852859405075586,0.21101183407253393,0.365079591882051,0.05812493621384874,0.906852345358998,0.06410545028115595,0.025041874177715296,0.12753394722959108,0.14074188131778126,0.28030129500839057,0.8655443469415962,0.11464915958436789,0.07497302377417203,0.08846742428084615,0.047777028256175226,0.9990546321978295,0.1206606975650034,0.030835376351185693,0.20525264603095084
LRP1,0.15786726490765424,0.05390754627473997,0.9654815255798895,0.31870446157095333,0.027739632673542035,0.018893190372563304,0.06478257724086088,0.5899465025511738,0.07447286698721392,0.3053594848837643,0.9996072591835756,0.8005458356589826,0.23553939579570854,0.1367615766167022,0.06685789523248897,0.09126520333007053,0.10967288968758104,0.9175069464720094,0.18256324976829771,0.10319029154494885,0.03676475174866258,0.01858636394584306,0.9878868188959313,0.9618054851746141,0.02136081311988397,0.018161014962109256,0.7092807299770701,0.05124699691511024,0.9666169233913775,0.9999683202878632,0.057147642356786675,0.3086979262462556,0.7557119661432956,0.3235714643249909,0.1940414170192427,0.11867728290272302,0.1812020463265499,0.0,0.9448504974813282,0.1662464685581275,0.9174369972532547,0.15161256567244347,0.5491832936488907,0.5103623892917968,0.9868385537536399,0.9316573861765387,0.9960715037382387,0.26623805488928826,0.24543698193048163,0.9544505802858991,0.28723050570123987,0.03094104873126651,0.025843992891363198,0.04957603884480692,0.6150194217054659,0.6735032497979926,0.07373576356703185,0.0401823954967113,0.18093473299471136,0.29222869411689534,0.5546596025970474,0.17245171818452892,0.6344201710650026,0.03296856936290557,0.08663486770283951,0.6364386022551661,0.982311556753191,0.3839031866942534,0.9999011243375331,0.7473548284151124,0.27018934333240885,0.10235620853595881,0.37234934049020296,0.4607410784003383,0.019297161333255885,0.044009416508829315,0.8143849236694829,0.4837970892660923,0.18810800118324467,0.45747927294524016
MAP2K3,0.1095109547430871,0.018353394283149544,0.48804523409787254,0.018892354521683495,0.02300463382779525,0.0267961569063147,0.020631082904033093,0.09111961349905243,0.01877486308899757,0.025819739461780164,0.03013839147475761,0.03137876259223597,0.04793215212504595,0.07366447874791225,0.3348790290375916,0.04911398159675901,0.14588176946250014,0.0191314737462064,0.030714716930990375,0.04211492141608337,0.037125497005790986,0.13204299930243124,0.023085178483137313,0.07193641809202965,0.02596598766465085,0.04961466662902233,0.27658207892951747,0.05300986279644002,0.02377958185974669,0.04201985308988543,0.03486381588621078,0.02938207820843288,0.06050948464041818,0.03036007078248802,0.05240277337120977,0.29328368735520344,0.11136856828260064,0.1633606792631595,0.0,0.025157711365396476,0.050617823381713695,0.028141329202459365,0.10605325674889181,0.6963583566391139,0.037184808653480644,0.03502392868357854,0.039190464210496594,0.9538685031720368,0.17085704878055927,0.019726410269490218,0.03505059877422216,0.02119031715980987,0.1189432118798443,0.04819124328215255,0.12525701723609148,0.05303353512618914,0.02743733284604773,0.023609197412364384,0.024185538106366845,0.05749876781433049,0.38441402468659586,0.021760200700080015,0.020621417892880793,0.13704053343228467,0.03336539067553639,0.9784563992217553,0.2785088269169022,0.050154163163263744,0.26223416100491553,0.06007516455078957,0.3271496822121423,0.036541968632594575,0.14498246983410493,0.03937956960784356,0.04559192368479468,0.054224803238188964,0.6467400622262441,0.24148110275539444,0.08077944679778021,0.045673450933915526
MAPK14,0.29945072895773195,0.0243893048977547,0.06370131337213418,0.11230941815626523,0.020294821930227396,0.019910375727186503,0.026345786613790858,0.018393355654450445,0.026994717866208186,0.04469533130955601,0.033435448795681104,0.17924107156927496,0.046408996848004425,0.1796800226455013,0.10253133801407953,0.39583891364695933,0.388718138427291,0.026049078605914808,0.06244974227485757,0.12475238775346567,0.05528451316228972,0.15957539368017698,0.0677556610891962,0.192934067300897,0.02670485738851281,0.23480603240253578,0.023647024895107383,0.031228164646634565,0.5451773740972684,0.02944789536590545,0.1037180632196149,0.038636485296421615,0.025166245006608474,0.09996872859104913,0.01801678672562879,0.04459236609225487,0.9493197280907643,0.050262235470371945,0.027665882271662456,0.0,0.693543789228399,0.03334505485289573,0.07110013473868705,0.02780840081330417,0.5307741590820773,0.025666962099753558,0.060384405783200056,0.06354231708434036,0.9095992434661173,0.13267787455271987,0.10996709546081178,0.8546438411655304,0.3243698484271333,0.7192576919362736,0.07936434430332871,0.9571518132232022,0.2975965419083585,0.3395458667454023,0.019957967173393206,0.023090659120921335,0.06804339731387592,0.10541013519556273,0.0736672864050317,0.14114431402360292,0.20043553156894875,0.024946504535718072,0.018220890030694763,0.5505669609652832,0.2066380503672708,0.05319449718815489,0.9031224136926357,0.06468903143139704,0.03912543363131842,0.2406796180408189,0.08864439551990873,0.01908790440777415,0.4367404708165154,0.033128823547507645,0.046886373251900815,0.05166830811492164
MAPKAPK2,0.0448161514451445,0.025386225301907546,0.028578542881689248,0.16486714060400845,0.028939726368065053,0.022239442846613795,0.08467245095154838,0.13843473467590517,0.3091232125064053,0.37514811959374156,0.024073784649119585,0.42781992360524906,0.5439242126928305,0.8225554915604696,0.10939704096853271,0.6000228810262616,0.022104522980394017,0.16154864781741884,0.027497957934369193,0.858132861884287,0.04918221809243485,0.06838221724764508,0.20750633005622884,0.09034582501335832,0.9803624017382001,0.9704923505982879,0.29347711411239247,0.06667935892305023,0.03362824665675587,0.5354277794827427,0.6329469878994091,0.2011296966412826,0.029862813857660903,0.020672634185030493,0.034810293172092895,0.0831859373670008,0.2823097976722196,0.33991955120376494,0.08379386086904886,0.8379367017620892,0.0,0.12343752591767838,0.07541359574772619,0.4566152762571122,0.3016960910707276,0.041922163940763015,0.02850446765462549,0.12693074086009387,0.6069710542739396,0.4821899554705621,0.0718193612320762,0.1388704859831607,0.03279096570690916,0.17280695729258397,0.02236856573050244,0.07055522180803296,0.5851907954465544,0.06155079342989556,0.09062502764807624,0.8553214518993509,0.2939742274619027,0.19218806597408156,0.04293388804377072,0.21846857085879925,0.048055393281466026,0.2815592032260452,0.17789999335192486,0.14058798274564707,0.15697646363498918,0.07949322837164263,0.9912136127972766,0.9144521425793827,0.11666141197536843,0.02075160266687628,0.023443006854306465,0.04680401023381919,0.024234163094778167,0.3429287140978206,0.061247608556519416,0.05171205890104742
MFN2,0.04955847049119335,0.22543155367458065,0.06679482359833558,0.03146198304220455,0.12056357738829566,0.04538195697473256,0.208801040074534,0.06848651405143324,0.6176795860334462,0.07772612216631565,0.01836121862734629,0.024458294864161855,0.9225704777628967,0.03343649912037509,0.11985535323421262,0.8097578292777994,0.18493742908945812,0.08445036289817014,0.1076322295850373,0.10302677118977398,0.6785955870737995,0.07462280653179786,0.022006233119662745,0.40348421060843975,0.031185515674711686,0.3219258785135371,0.6852639924352802,0.9636492900349203,0.6048897831000023,0.32871402965872515,0.38949627257447833,0.8349115443939883,0.02180270739602777,0.9995781358216784,0.7975740788274963,0.03206581287384342,0.10192971938303488,0.17531054670802276,0.07075758555006367,0.07820511355544174,0.55382310061066,0.0,0.6949224861443034,0.9189942452943282,0.11227799148050452,0.10900813274642,0.494986564840865,0.9970334908558894,0.12311796024283829,0.9335174515001949,0.04446241961147809,0.020668794252408515,0.6716779761798602,0.08663431249152284,0.17422787139555262,0.35332453016166915,0.10737741440387696,0.10003455941142364,0.03186447909436559,0.6319832946026207,0.09695351368182087,0.02627746628397441,0.4100706200351528,0.13585332470977554,0.731873148885195,0.06949320686358992,0.3162042399840598,0.07869316574129294,0.999835532177143,0.08403668616292193,0.023484569738453767,0.49491080154166933,0.04340553808458608,0.044126977334584996,0.15244798225028597,0.9992992031362472,0.0717711781264825,0.09835666097458715,0.29918164946015424,0.054795161754753026
MIA3,0.9280037647296335,0.1310076248212956,0.11538789776305586,0.07759730236923028,0.0289316551071882,0.01984922691649571,0.1036074237579434,0.8138559250237529,0.049052140687704214,0.061662285546490954,0.9853678011126651,0.023644542900322016,0.0538578780454956,0.02207086888637033,0.08741654293874973,0.7946869585249489,0.023730155641070335,0.027657686617601325,0.0427558238306796,0.03447200098768567,0.01838183451703935,0.05536253525773181,0.14990206615947657,0.15359630196459995,0.034207649403723436,0.8633551088748628,0.5844321545112567,0.03220996874463688,0.4018328666333407,0.2267428234245494,0.047666621506502756,0.08404940065421564,0.9580396287160169,0.04539672460166881,0.5011363135168859,0.05316674734491542,0.09147651331861024,0.1549907067214913,0.2620215655745398,0.09676939251640919,0.08126626713473195,0.17655381634561115,0.0,0.026296993690447936,0.394083448073027,0.35997037227095935,0.16162872213674395,0.021082640640729317,0.9655643835050007,0.03273366653298712,0.06015298445359261,0.020688625376519568,0.020771761413392688,0.9031800431106052,0.8763349095832527,0.24490449064001057,0.02200447744667085,0.25210770719279235,0.22258718763858992,0.29274596534924313,0.02960974173656015,0.16991369244953647,0.26969283843349756,0.9081864632955353,0.04074030330732833,0.9928504923143515,0.04790674531746566,0.05066942387291186,0.5455019173050305,0.4373460837733505,0.025785073373617653,0.05652195574392381,0.05375600853981519,0.11047992567030804,0.13783921711601696,0.027088597711169265,0.7676876476485213,0.22147365564353064,0.06120249524080133,0.10368075985507808
NCSTN,0.20323397951851127,0.021704661426962958,0.5321666595719646,0.0935497116045683,0.04052733465498239,0.07002819840298768,0.10210631982301482,0.3478845600536841,0.36307766861856217,0.11331678149095112,0.25209740128133185,0.021506478290638332,0.027740345422119048,0.09826245973448867,0.03475323048853023,0.11691700731088624,0.8192845699141755,0.030101293027061212,0.1254364802027665,0.018109075207837687,0.7705232810154778,0.06092157724649545,0.022114285169738818,0.0906029080586147,0.03158041177879188,0.020906405035896185,0.2959936030170993,0.023612138781903373,0.0256576049292747,0.024543627339687825,0.0977624098777241,0.8964806429356013,0.07440840628551015,0.08347205236943782,0.4293950060925737,0.21186113915270352,0.057124109018065056,0.0735554290024674,0.7440173462273719,0.025681304519467117,0.20863968940925717,0.13798703477026342,0.023129414072311894,0.0,0.023760353020909595,0.2563341176252669,0.981321097968657,0.2519596878028513,0.03951257236325674,0.9999642059970163,0.15134513857805412,0.2363602942192699,0.051593851895937445,0.12272983689230492,0.07365924372957276,0.07891151363327073,0.37324295377315464,0.018825549311124287,0.40625444733521865,0.7511011352049995,0.08127290096243632,0.17081934984360167,0.13004820891025592,0.03230947296429628,0.02320988241180678,0.8766326301865747,0.02122597198277317,0.04498648349034214,0.6262510197312604,0.04968283363889448,0.05603277849675468,0.1955586474268555,0.11299878683572244,0.027019587289060364,0.12085574975786728,0.993894551416843,0.2965059788817008,0.029596845271202005,0.047599406354635755,0.07651678365667246
OSBP,0.07900452623395962,0.05116166264602091,0.052912092321887996,0.02645846036948984,0.04257168367605766,0.060113440366983815,0.13356989104495143,0.018468187752081085,0.39029379761872607,0.03657481128451811,0.6243482314737119,0.031150113522127328,0.02031205007015285,0.05295164526230232,0.0716465104773556,0.029618800819781767,0.4225519990410786,0.06019505173547672,0.06857540953953035,0.8911040101999179,0.03250567021589028,0.03259342296717253,0.01982775155331097,0.2021307817822119,0.026813382980937498,0.0565569090175192,0.038202747800848084,0.03202919589470377,0.05289496733669488,0.04480620347871834,0.04177198308135863,0.4485582631223339,0.04024305324317694,0.03314292428028293,0.10159519004771725,0.9329112321390209,0.1425777627513242,0.3688712401060429,0.043020681077197,0.4657774075229619,0.18658119697392203,0.03723995426040915,0.21546821241576575,0.02475122006487273,0.0,0.04140110283076936,0.027832589537980585,0.03899309284354729,0.48636737044493294,0.20516102857811522,0.020385575521972413,0.03083409269880152,0.16597954199154544,0.19241667080562966,0.508830716180676,0.018432009091683705,0.6659115637479046,0.05656173656727693,0.029574516346881064,0.09490122130347602,0.3644443101709741,0.019868857358701555,0.37212122666561037,0.07689262379506291,0.05007090544211679,0.026496360001945597,0.44409246304949146,0.022024461190931988,0.0324402362103257,0.02400709128837742,0.12009737102651649,0.4839967259773555,0.04951479827294868,0.04552694593947891,0.0265808677288712,0.021134446471021903,0.020845148911208686,0.02649189217260991,0.059150597822228194,0.022279302283847096
PICALM,0.45264348515133446,0.04112643381922819,0.06635146396102116,0.1394018842010531,0.02788560186134482,0.07781550735444562,0.2368273143798996,0.14551940685889755,0.07923514673879255,0.02735110224047288,0.512729826510513,0.023114363610899,0.896947750480008,0.04770753772064069,0.07830111613395832,0.8607648446463204,0.7567231172870996,0.763746617409745,0.08300049509622857,0.09137053248088439,0.937703544475056,0.034284039724171544,0.22095210912621244,0.2300299522051498,0.05251876032087511,0.04823523463867934,0.36601236035917495,0.8437421858317402,0.032306980977448656,0.020678189535736403,0.1473191097524238,0.9551595616927742,0.027244358732018976,0.23703596042509026,0.2610712004818792,0.0682310458822788,0.27430431863378857,0.46599901476577343,0.05495136366143171,0.02868892066826611,0.046414603683370005,0.04885156329509751,0.41226000334524193,0.6738094298135207,0.057535035210836964,0.0,0.8731518747480764,0.05568021011267964,0.3425997627694339,0.02603422240933394,0.025080480707169953,0.7144320296626367,0.6186771036015685,0.9859152896026951,0.7784007960836354,0.12918871009045516,0.8234017225593201,0.503268062287319,0.022948721178367656,0.13255287285957476,0.41576852336884085,0.03468690126018071,0.1392339874825315,0.02092161255094677,0.5991571480085648,0.11628343191691158,0.30660729328999237,0.7714409198585901,0.9704837564079433,0.08023526318320412,0.07358532505900912,0.9199472437462383,0.0899655540504652,0.1387468141517022,0.46337298147215444,0.15215454506009585,0.5048899890067012,0.0621122038121941,0.28323838328443807,0.04285307071219889
PLCG2,0.022724250937744824,0.050359751183255315,0.08793956376160574,0.096161782153581,0.0667212510087343,0.018851523390065215,0.06840390935223585,0.9958487545792177,0.22081896419828914,0.051729661768031544,0.4601429578254888,0.04977833197497394,0.04350272384109466,0.06922793199493611,0.030724985806862008,0.32609320447466594,0.02714018551938551,0.038550503561084075,0.10472123922260189,0.026554743095969925,0.039603258646826456,0.03535241238026465,0.061096296459836094,0.079210819480042,0.07513182563314713,0.09351204990547411,0.05756247342933254,0.5215172338162686,0.06565187729904991,0.0258580819612579,0.027789063185510693,0.06815761388293276,0.029701922431646897,0.02024715460514889,0.8502315820902109,0.052218068196703105,0.08627236579945924,0.20264855704906307,0.033516969455674735,0.038385790666682074,0.02296935302956398,0.04834050464961688,0.05640121183684062,0.8860595154584904,0.024031045460462353,0.2312678068625552,0.0,0.03380347308550696,0.02697982662763303,0.052964564328666024,0.025065036726346135,0.02509571087122892,0.0558652960145543,0.02113088410583841,0.05655578990696517,0.04081905489643678,0.07571410637614871,0.044200277993219655,0.055351855304113406,0.04683480027611682,0.03727762347212247,0.23589409563347472,0.021232342696023934,0.042018830512483854,0.02666805735231324,0.08358128602981524,0.044907343053500436,0.2315023190110607,0.0886171443869546,0.26189758894431064,0.036105327114886884,0.43428117195436633,0.07674567101015445,0.034611845292018134,0.03697379165470123,0.02621365286041504,0.12693768868109684,0.11221338382492148,0.1058336600518853,0.053082193824232224
PLG,0.3651703649923952,0.29668802831603086,0.16260886093866014,0.0322850989858004,0.04227146568987299,0.03153055919051735,0.027346024838902357,0.05148409781843261,0.8568993577453239,0.08671549772174236,0.08301333904655961,0.08082963586620512,0.05316495945919237,0.0344445858420508,0.03255260335860577,0.0571926751804023,0.06221206681783475,0.02235806877542568,0.08865456504296346,0.04181228631125236,0.11460217712869038,0.02779630317110296,0.15368579123300255,0.023308717984053356,0.056470852818761415,0.024216544440058867,0.07124737198669297,0.29768728793119453,0.05960895394424429,0.03709617378560255,0.020329288637846724,0.38796488417950137,0.12132522177915081,0.03244512615523903,0.9891735115163637,0.06949988028777845,0.34783667967354404,0.043454790834756014,0.8985173393233368,0.042958802950926266,0.057887149292221975,0.22705585247097193,0.019642487001945545,0.1737502741359627,0.031710953315188084,0.032567268233588485,0.03604621220056142,0.0,0.01865475812607624,0.423789078129977,0.08418187515676326,0.045775244176171334,0.023378632460927563,0.07746728309467982,0.29477120340650553,0.07569669813683132,0.5089044485294105,0.22776592858525435,0.07210860078805738,0.025945280333394424,0.35806761651948626,0.2926116321697939,0.018133703906019958,0.9040513592976451,0.0989101452236809,0.8310506269617555,0.032251223170910955,0.10410931229153698,0.021272936909632677,0.03475684810539065,0.4477517649721442,0.041102980881225194,0.021309577030373915,0.020879186398380458,0.03590268198557923,0.04737708595736238,0.02781930084229661,0.10734124834678506,0.020151495340593604,0.0412825576861976
PREB,0.724172602035655,0.07205966266132377,0.6988130152221066,0.02524391682730103,0.031463857596174115,0.020667097251749575,0.02596979362419218,0.03117193478686982,0.029947554301016525,0.31944421626063896,0.26637050026138037,0.19730507642905157,0.07433912905446714,0.5576030137352009,0.019950029195875282,0.07574518331906345,0.9158980594699232,0.022073289540170127,0.3567070969772354,0.1336633525933629,0.9926840513985232,0.1152434505833478,0.05717779331343929,0.11031467833641052,0.19173092780094927,0.6838335045980065,0.7445838767265983,0.017997838230294706,0.7457485520257551,0.10720226963258339,0.0278375810514885,0.5414390741684649,0.022639729585994597,0.08613324240577344,0.027216391382956798,0.08127840624605007,0.04020759065672544,0.05185835592200355,0.207619144352683,0.8018938676347113,0.3184182362915094,0.036253153796345014,0.7465904140469898,0.04100842403208273,0.40215967173318734,0.1393190663091028,0.03142295619354136,0.01882573422125898,0.0,0.5253754560320382,0.11067158960831823,0.03085460040769312,0.04275970121198423,0.03119584116927003,0.022069431470002208,0.04580281221712775,0.5818382409698896,0.40555234926801237,0.019925592499736362,0.10776512615837738,0.43507882631303246,0.25862972138161955,0.026928552232509884,0.2081295180303423,0.41535824412007466,0.5819117863223423,0.05334251794981192,0.054695829362491066,0.5399585969429336,0.1564794318333488,0.03110204137581896,0.2845799906712941,0.12022328751377732,0.03083432474934913,0.08349711756817894,0.1462725602446433,0.3107379043774957,0.06008988556847217,0.03552789231915401,0.02552940915031257
PSEN1,0.028758614416534368,0.0329536686652493,0.04586555258220008,0.09958171084042208,0.03396213651834168,0.031220193807746145,0.06350215554907035,0.03998912357533721,0.30246768971075794,0.24833876592954804,0.353080348469116,0.6555296036024049,0.036269921355436906,0.23973399289560454,0.020584501768938005,0.0393376764179928,0.039953611124256924,0.07141713006297937,0.17310246649977498,0.029038321937378493,0.03390804778925793,0.3225183907878254,0.0415649727869667,0.02252911883631059,0.11240189908965485,0.05402641248607916,0.03328431529109331,0.4387033819190317,0.02121489047448275,0.036447916625651194,0.04943078987669788,0.04232437390593441,0.04841095143683166,0.0727445627782345,0.038101316010103525,0.751563044021261,0.16751889934293682,0.10579791399222319,0.019304567413997855,0.06095068447192869,0.1190948553448642,0.0858793008853941,0.0240397451008237,0.9983296105422325,0.08975132959107093,0.02127722475184556,0.05079183874324762,0.3134308917917229,0.2418256748749842,0.0,0.05332236441690417,0.05223287292414353,0.04324448478374663,0.01929621250468281,0.4565508800676187,0.104053916782438,0.026648548646115225,0.2571871229648166,0.24294826068945288,0.0325864173023047,0.14172481979567597,0.06723397112770636,0.03970282618486648,0.03357421260996501,0.04103766025841562,0.02916538174471899,0.12364496075349159,0.01943600158161628,0.018190899223883394,0.029265559706083518,0.09087010799378635,0.03753440683423537,0.06592713721536851,0.02414926418180919,0.17416343267101203,0.05883565732685537,0.05926367082689858,0.07772700939300099,0.04846361435264499,0.06877584972651989
RAB1A,0.41270036034876767,0.710826174865693,0.12873798642199213,0.5230588689184421,0.13037173400554117,0.07680503152569404,0.031156910722435923,0.37071183112047823,0.9500191866157763,0.062222298196527775,0.999157920117447,0.1482082443718718,0.8400234289738961,0.018843110476880257,0.05345214925978261,0.7311164771167733,0.9994253067453558,0.04627505579676998,0.03162882652581529,0.2277834924569495,0.01981928369089689,0.04343972560633503,0.09010314419200427,0.9719797469226971,0.08167054236964336,0.04756157654668925,0.23436721206868977,0.353285951671224,0.025770033327406527,0.12332584869927314,0.040374836003721076,0.2331143094978969,0.13230253038387577,0.743526249375442,0.9428737181402891,0.5614545780175526,0.4719315423905773,0.48933395579620753,0.187541789471527,0.8174181427457061,0.3877154898641858,0.0526070180742385,0.2531396328893131,0.9825125542344101,0.02640496714332731,0.03712418088367722,0.08120431187446442,0.9420814649854049,0.9206122304742259,0.806740414454431,0.0,0.9998934024729942,0.08409266411553631,0.04861766949663425,0.960849525593657,0.6303535197843624,0.0215769757569132,0.04956301054673432,0.046887630382896076,0.9360245089760026,0.10077323088196487,0.23577378442676328,0.39070645826880546,0.03533802905635191,0.18176056677889751,0.07366075709129352,0.18241038543324958,0.47417739258839625,0.9898187409563607,0.22763155924036724,0.06686830097640495,0.40336307284421447,0.6333806133264963,0.5356488893486352,0.1461185701782975,0.7541059194412844,0.1508580766805805,0.04867884224967874,0.07924685486029687,0.08483218469147803
RAB1B,0.10344603187382526,0.0285201833220234,0.03417013244335783,0.151751715933005,0.01893297164785785,0.022393276743583303,0.06654913479305044,0.01910818969626572,0.26095327920104594,0.25809368396039917,0.9989936776678252,0.7007594633361974,0.2891983775864633,0.2886031455482104,0.021108034466009035,0.11317917882796842,0.489138532547401,0.2767130828938354,0.11525971552231343,0.058784342553098036,0.2471778892216722,0.13813975710178128,0.12341323850221819,0.08144768179456849,0.7411110589247051,0.08157954729102722,0.6840922613212069,0.034535042077885277,0.0521819803898996,0.0475669250423646,0.9804683720712297,0.26391381077325005,0.05200654536706798,0.024112973993062146,0.6154845558313797,0.20029291448158615,0.3742349436076565,0.026572881562855314,0.025260425238591403,0.9951559755757429,0.26895671296972945,0.01973522756600563,0.021598758659812086,0.831188318207643,0.04531738769236642,0.8851785532825159,0.04253546200135965,0.1509474255035946,0.04945229021045764,0.26619130073637265,0.9668698996090178,0.0,0.5435838363165002,0.25339971859980776,0.17772211386920114,0.2811968013041958,0.4933207523304393,0.08904325738384827,0.028369153855662667,0.018108329536330573,0.6110196281201076,0.35299940323738715,0.10221354244505147,0.028044490681785467,0.13889671733369913,0.2909747983012265,0.024026221562562938,0.09793682081271961,0.3317401465959267,0.204553049840562,0.16314171599039348,0.8083514176542093,0.018861567925963225,0.5438632764063175,0.04718829712503274,0.12276762401374976,0.05705441554824275,0.9768030537117234,0.19756970387862188,0.04992318734007019
RTN3,0.7157082001430273,0.019167896680679246,0.0216215411375509,0.19314093311123492,0.09679011675986023,0.05680994667112143,0.019043683259021234,0.9909184982609965,0.1102516462806914,0.8629765098604247,0.684159597070882,0.1457194227132199,0.5079979035934088,0.02454051386356466,0.08793803798571996,0.6011004925522333,0.10090992883866334,0.06380705134176794,0.05259249909999857,0.26644746437614514,0.03162679922045833,0.026048224288628782,0.2609416459672424,0.6700235990909634,0.020159699104848577,0.08202593216401584,0.03806279961900159,0.31814314070098354,0.15692367989650738,0.10409119332879377,0.4414080277227378,0.866313242255248,0.04349811095361631,0.058759409127779896,0.969786571740475,0.8345487897635809,0.13997793807345715,0.02278261962844562,0.4403816312028056,0.6870252422359406,0.03805869829486453,0.24116264179641883,0.02133583235161874,0.11440870678914827,0.43325368076130977,0.7305575982836238,0.22595833703501994,0.03146700047018938,0.07775930722096047,0.14438471199859007,0.03992591688891215,0.44677382017967865,0.0,0.956689094700407,0.13158014228020462,0.08777338201159085,0.987526575235038,0.7018630322678108,0.030527809511810573,0.3710896467980942,0.9506639111364542,0.06309735011986004,0.17032014698539008,0.030212613861767827,0.21876627199264595,0.0457677663823802,0.9647231395884515,0.04645353505936669,0.05653305899605934,0.09448982235653962,0.05259546233293624,0.562086716149349,0.03709573225365745,0.06470506144427171,0.5440422433157852,0.020623224660831135,0.024879536960894438,0.18678989702209983,0.09812684978917892,0.05166836730244869
RTN4,0.8483945555143557,0.02765513637991396,0.3098752832994886,0.03758822267715882,0.0856058596154999,0.02410200303947544,0.03540461387597596,0.05598225781462133,0.02317805859921538,0.23850129514165969,0.402476422741705,0.9009347628418336,0.5839914766765432,0.6084140835369152,0.08723373972367661,0.04761715313705357,0.8967061358246987,0.2644946780365022,0.06978108766574881,0.08667743795248463,0.041904967755770975,0.2336997204660222,0.35252207501637767,0.40629350724332663,0.018149649866917306,0.21300810384404362,0.47892510275204037,0.023491604414224956,0.5294747925768144,0.9301038814336616,0.12781024451474776,0.03564418271947102,0.02220512991455923,0.08674733628455193,0.19862810023672106,0.8589833694482317,0.07647171195011346,0.03593225783744045,0.11871030823400087,0.9719936228408592,0.3044272356755979,0.049142342399433984,0.9760686819369065,0.45094338279097407,0.5456341579219024,0.9962518589400359,0.026712475939363284,0.3539111883348823,0.04775273052910832,0.021532467121333162,0.030592687167387285,0.2244322086205645,0.9675720913889544,0.0,0.21757772892174485,0.17209994185952834,0.035563399401550184,0.9994137096007978,0.028349346709171438,0.11661102019617128,0.7197550235647989,0.42213185029029776,0.0633902173997638,0.06949988266003371,0.058640715700198465,0.018782445559949845,0.031248232222347443,0.03922048439298459,0.809524703478978,0.056547714563235124,0.05579883077615204,0.12686175415636672,0.03563819427681521,0.047067785643853034,0.041662323462819624,0.019440243675958688,0.0897351349811442,0.025708348120030755,0.03573065280587522,0.04250414437887199
SAR1A,0.13723180672316496,0.08787201876199494,0.09593056037712676,0.0283753601029667,0.12190981682240015,0.021846502320596064,0.10996018960084963,0.07092471114029227,0.12631811934509063,0.125591220239183,0.0605418587521204,0.052175365933740524,0.20044596076177992,0.08088547496523069,0.3278587518075416,0.0754881962203658,0.05898583962545348,0.022924516271649632,0.019941840430356825,0.030700438211772256,0.3717734215730554,0.18234569326235014,0.021152469323650166,0.018701849306276726,0.06970406559859255,0.48484637145079407,0.03152606564671929,0.5329778592970097,0.047069357337581684,0.09463308728760483,0.03000503870950242,0.04931365286108871,0.04895576365094945,0.05704065526877488,0.2528096277327483,0.01890016166277843,0.07727551877258336,0.10734842424145268,0.1829499177713167,0.073636352122248,0.02145721766673231,0.045496049188971224,0.6390622452772713,0.09143964084212383,0.5204267757211609,0.4473247902767629,0.10068556483212482,0.5817952426812519,0.022558922597963625,0.88914836444751,0.1636495895852502,0.07226435511776728,0.06700765573618958,0.0900987555198391,0.0,0.9805611015864936,0.028161435644746914,0.6215276692615951,0.021688096759208603,0.050931037572202756,0.3760275053712477,0.09433370375522508,0.020734082373590423,0.5106867242913642,0.027021205420163705,0.41919514813909736,0.025579812077673746,0.044586380729681116,0.26720372773927964,0.023719766583657643,0.13483282250530457,0.036376670849898894,0.030389662620475662,0.6108266262624846,0.3270768244646768,0.04156932035161552,0.12942923513352958,0.35370829218584915,0.10475493456730389,0.13399375411789255
SAR1B,0.7549434228226047,0.07452928074980375,0.5490533015649656,0.08343303111797913,0.144213197088041,0.07342084782324171,0.23985324831526905,0.1994970692039244,0.050158471035687796,0.09208312616869152,0.21127189596310336,0.03162014051622427,0.05425519267743584,0.595949615560363,0.4196719878148847,0.0462820372209518,0.05997656630898246,0.08774912489309201,0.03390073319929332,0.04846305555159846,0.36756322136132896,0.04488711682383914,0.025668913182493137,0.018745826700713328,0.5229176433050261,0.7120730202977549,0.7911408384709765,0.8662610687172231,0.019367858098783157,0.2910114981567694,0.12194342483205892,0.03382168690134159,0.14666998474407344,0.05489118778549705,0.3381840439266991,0.035902079764231765,0.3683379068511465,0.31399006905122684,0.14198649157267185,0.9989870522129517,0.10531524687720697,0.13582312711276465,0.393433102375419,0.24903685530836495,0.018721302101970053,0.17350275162764386,0.1281257416377153,0.34395924954269125,0.09331116299189957,0.6792059584444131,0.1697641959948953,0.25062141776994085,0.09409901417869689,0.17335316677111826,0.999851318867631,0.0,0.1718366162385181,0.6477663959677024,0.12637276113759785,0.03450940699124503,0.23555316538931326,0.7163091048796987,0.024053278733320024,0.06997735032144592,0.02415332114545662,0.7671605530338205,0.5145127347324516,0.5828839410755737,0.9721677396452254,0.8165066457520676,0.16770723054093448,0.4491953475046858,0.03582729387433235,0.022873278627956524,0.04489446859125611,0.2926137921721729,0.02845829035097352,0.031449674684259396,0.018209720582088102,0.032222686183526715
SEC13,0.1695796604299019,0.2106995323536642,0.01802832701988576,0.05252469992027478,0.02513214738230014,0.026868620566666345,0.26897397478119245,0.856286570644337,0.9347718125178175,0.2760667262605045,0.22766295117087842,0.39784498134918167,0.019935158276242964,0.19769551411575856,0.019838783359836895,0.13309044189450647,0.6344769795214505,0.021809483932494204,0.024276941915703384,0.9697303523878362,0.021909851660584765,0.033027947891180846,0.17329348312306714,0.11363167609031183,0.04206737475927582,0.10895705892545657,0.022563075024581877,0.10579043194036294,0.1096611782581928,0.019143695918107946,0.06510946177009395,0.14160505720884287,0.036911355306698625,0.02484350804432152,0.09542922839131868,0.03532925280655225,0.049717702271627105,0.04011263836919867,0.03560576396594261,0.4920096933519284,0.6646480750658966,0.04661239925679407,0.02210534381927654,0.7999366344289214,0.9107988193817411,0.7895521611352198,0.27863950093961387,0.9691644161601136,0.9162784840470977,0.04116575652312249,0.01948229635807966,0.29036786187662306,0.9614569334202279,0.031636605587403326,0.03265802891805256,0.1192204469055788,0.0,0.15839909624910636,0.050959704865626156,0.22040054786388058,0.03559466101968023,0.988698857432976,0.10331544005897497,0.14763727726668854,0.8446324644997706,0.17617331141302714,0.2716246607098164,0.020966243097198762,0.0468773827357866,0.057002740583674286,0.1633196075839269,0.02795828666258036,0.08842754690054279,0.14412513719425166,0.03827357083940229,0.06474817741295126,0.8988328462833114,0.05158781149469586,0.20567794200610956,0.19012872501139658
SEC16A,0.069844244131568,0.45106042844276295,0.6302934748332572,0.582267618993083,0.02628487354565703,0.020233736125933117,0.0921606660114714,0.3744452995443245,0.8426452053040885,0.019398968707322585,0.9999250612407761,0.020402606877872587,0.16458031360959155,0.06189487198829248,0.09076899642281253,0.05547431812496678,0.2205453291444913,0.09466832347293327,0.17149400778667004,0.032466868583544355,0.050750447640205025,0.04819677639744436,0.0996292252015445,0.05962737970199826,0.019685850284065182,0.9977697471569945,0.9675876318277631,0.21000559930757604,0.05890803474349129,0.30584541530678927,0.027663347081754025,0.04849962335996566,0.6512204897386603,0.03805911233052991,0.24525334896832712,0.1139769059715528,0.03535446652450455,0.026992219426704277,0.026680955717388315,0.4423040780333016,0.05898984625206374,0.04075480648526467,0.20827923321125658,0.019157787572022876,0.0711118744085902,0.3656387827777898,0.08999293122205106,0.6428756298876486,0.6851321519664223,0.8280898948509577,0.02686867547919056,0.055787185892956406,0.4365376697412789,0.9886141071324585,0.7959639554071393,0.3537865152611203,0.12832175029829188,0.0,0.09282931793751535,0.029109090507496216,0.06225073909990381,0.043880636110051725,0.33514901268145003,0.09640999155454198,0.4558331624209722,0.47269151906549867,0.15372789760184952,0.03975203723915454,0.5671046317153222,0.019390709992808296,0.3119774782579777,0.9922785618027979,0.01834822361498796,0.07096330446800489,0.15711247084688937,0.10158237393371035,0.18090876114955692,0.035581297959790786,0.08059895183686919,0.4981893777626316
SEC23A,0.018585452260166745,0.048579652584008925,0.4088152673842118,0.0994946329367,0.021758343438713367,0.07631494025837969,0.1183325498930694,0.982723326471739,0.17405876030567272,0.3727117009944363,0.47267555588571325,0.07356370897135385,0.23741457299904306,0.528328774808133,0.1855766990563133,0.33562608615747563,0.05369573400880573,0.20483447500268245,0.02918550536191725,0.6350101692958205,0.8373611042431519,0.4213633546991803,0.3968167108551231,0.018177802818319527,0.1566237540992738,0.039159378336359234,0.1558709799634048,0.7399359153489132,0.13560915248024333,0.25424254514422623,0.6250535699360278,0.12082216263927777,0.024520065477495398,0.023514112147419206,0.36095493804359446,0.08590507689448965,0.559074570876723,0.1431153434933066,0.038279306972075385,0.022135114688394814,0.2475329407605017,0.028845348786018053,0.6097311008458982,0.992278746846547,0.05144621985806644,0.026029751203664533,0.43599300188583856,0.5541675844518583,0.022835309773950766,0.9962977011714488,0.03506317491211742,0.031568868418864623,0.03692083365802365,0.03257355927085538,0.0266606152093727,0.21293685459567924,0.09118519327366137,0.277100305394896,0.0,0.07186537138992094,0.8192974424728579,0.7892592091384278,0.9999962653216808,0.9940327645942879,0.08341085363553787,0.9407447683940808,0.0977529820898726,0.8157135129214855,0.032012670240694506,0.04917760485286002,0.5035598599638101,0.23475440745358322,0.03249414663771148,0.038369975033757386,0.10704747188857652,0.15726481840479006,0.6575766898185184,0.1628629139537096,0.032861526636312165,0.14693140604544552
SEC23B,0.42660129626423404,0.04819121950789889,0.0681836080287689,0.13690490956824244,0.12996671027940557,0.0627340168951732,0.031399500325514786,0.13801341362686131,0.023381540906689854,0.5263167311187835,0.07584366419737576,0.26477669018597827,0.3693593605530016,0.10385483607187337,0.12139175063842694,0.15287167214990466,0.09089218816492224,0.11011841960162862,0.05640161351748602,0.051115380279510035,0.3446388316280522,0.050900935496228164,0.06298536390898031,0.06831325094215107,0.03218742305278878,0.8008898450481929,0.6723294587456969,0.019061255314281756,0.049044490202778616,0.04562652260042843,0.0786063763109813,0.068455119777499,0.20809846590300246,0.058502031068022826,0.04846961975588239,0.0434314628951396,0.0313256424940772,0.09412780343310023,0.11282999389010595,0.024595843141506372,0.8986160153312158,0.1612125613143724,0.30251923393048197,0.9788879112727732,0.15906505555548212,0.12161554148424314,0.11850462699048438,0.035092517813345644,0.2250560846506178,0.06188396240298594,0.25133432101741016,0.01808089318090284,0.26323204329311406,0.08478991485349244,0.07057702247124797,0.030672624942622226,0.21686481946626304,0.03067264565466788,0.04330603058646075,0.0,0.2151074207363976,0.022589205639410095,0.06385496046077986,0.574583205679694,0.5691853919634314,0.15962393413018186,0.028153500920408355,0.44457579215292237,0.02037031268087854,0.28999043003227815,0.13813916617945576,0.9326206484271232,0.15279662757410237,0.03825516583199162,0.3762564351241665,0.11392507266712516,0.5034023158323145,0.024446263756719454,0.06703681759962116,0.021355682760941887
SEC24A,0.9962165881536804,0.02627128651950786,0.10369650189762825,0.021408431758119902,0.03828140489118761,0.04547384290888738,0.03269727566058036,0.263190534058264,0.3841675924144242,0.8424852390388574,0.8529854903994598,0.019709388576201838,0.6508857511052336,0.04344608137888392,0.26582320489880884,0.026940834367037345,0.047095578926446016,0.04491749702091221,0.13267588962426985,0.1068979358841941,0.02989227927453374,0.01996287369224406,0.6025873282813786,0.03398235307607022,0.21919433708616162,0.04554431507840131,0.09817265217886313,0.6709835844113324,0.037925435256669617,0.050716256939154054,0.034311631360464924,0.17244943205737503,0.10641042263162735,0.04175991648830875,0.020327303792392615,0.09510665482180905,0.03900545831965925,0.07017632065179642,0.3597458784236663,0.049463795478539,0.1206254283728144,0.030812317758497774,0.024412164790965106,0.07284804149996926,0.2271957699972076,0.1303251624945054,0.04355581422036239,0.4424489750384663,0.3316967306572177,0.2289270498651185,0.02860392593746971,0.12791346168400802,0.39789420426671546,0.1741801128570286,0.22860638638167036,0.06852531256096941,0.027089383465844417,0.04150651505281903,0.128264880519544,0.08546201849766794,0.0,0.6023604856860374,0.04705660200186636,0.05943770902280262,0.05409016786311241,0.04997057691314863,0.5589243676020035,0.05184810375423184,0.02004889216909627,0.05088552494839839,0.04717170160322449,0.0921559139691399,0.027264583964480744,0.02291693460427374,0.5885396812661883,0.04391244908652841,0.09330593345102174,0.0252854496225984,0.0201982657146498,0.08012196085459918
SEC24B,0.07763152632904928,0.37979386903498424,0.07022911489812354,0.04901535696483293,0.04959592639314377,0.039651486068555654,0.054187273032634584,0.24777733447046899,0.05444907752347702,0.7667477391029577,0.4057474574330463,0.20222707678237062,0.1802045738353644,0.8191176374240067,0.02662117129731662,0.3113864347377167,0.11204515585428335,0.8116120098221855,0.03389870912294424,0.6686612050037004,0.27081812464333865,0.17946886382406177,0.07693839139835168,0.05039472420862882,0.09485920325932751,0.27710729328409234,0.03933905276018537,0.19967676806039117,0.08746697131175278,0.6236991340512417,0.03898489715747544,0.34912315045495623,0.1226184377508875,0.04626153953482038,0.13904668875211834,0.2149238809922225,0.02706202223696998,0.07799019702665082,0.025418116996184466,0.20351272011939242,0.2888038937873555,0.02245806516954542,0.2256287934221232,0.5488657527394921,0.02090460741233663,0.03646291244799154,0.9200916341171661,0.9204074764366199,0.705997885252315,0.321705610614361,0.06836794275316478,0.26389096122987454,0.0605434351609695,0.35812970104233055,0.19732445722645092,0.6340586329573461,0.9959089406180825,0.05472935801444427,0.4430530141415462,0.02326297705443056,0.9863266809468708,0.0,0.05402467450013701,0.7705248348501771,0.2906649110585515,0.3331904036719448,0.047274999378524904,0.4372855640547065,0.5857758121813524,0.019992969622784837,0.08187860083749289,0.022354356337754865,0.13524577504628785,0.05921560746241451,0.32791516086432665,0.06266251901770871,0.38141316453328133,0.13524999660646056,0.4858556147228993,0.09637490915054296
SEC24C,0.16050355266442773,0.2170779732083927,0.4113748891902853,0.02810022196327938,0.05801593585195853,0.035438551803567794,0.03347142423967462,0.9154030308176743,0.9127075513022126,0.7618270099282036,0.09185322969255787,0.4892973612796415,0.5090874187927044,0.2587019312547467,0.020203362646461467,0.05698051472189872,0.03607707659184848,0.06270366577028044,0.02785183062625701,0.0364735353777548,0.9761076822567535,0.6161991347994218,0.5378699055393018,0.029135989052095634,0.09271855394502103,0.3996646216109065,0.20244321934310244,0.025102043109490404,0.2219194843674515,0.7071331285939674,0.03392946831657054,0.4671997600090521,0.12278145245374546,0.11535290359951042,0.16644550638211664,0.45965463683817515,0.2479942157923353,0.37486355138864197,0.024337515729612125,0.1873236094078778,0.0640920871228508,0.19623001955968017,0.548488612138383,0.6069163882459262,0.9168989148398555,0.2418712304568748,0.028478549195310156,0.01836014251481061,0.04038539831040992,0.16189590357496705,0.13341499974525176,0.11409585490183641,0.23946997434345288,0.07418282086057149,0.023290699818666168,0.024940615504516508,0.18407771156967545,0.7426568268676798,0.9999644904000156,0.10055590032805103,0.14999580217407465,0.06820357810709474,0.0,0.8681026639485092,0.6392378054180453,0.02297222370505087,0.033724065235534166,0.7629460791316491,0.03627756184855713,0.05589935568082558,0.7071574695914541,0.0460356485153403,0.3032081342106679,0.0725250777714512,0.08792796908388252,0.36843311170517573,0.3703704717719785,0.026506256590684323,0.30269964572577335,0.031566525571040026
SEC24D,0.20728655254333092,0.34336671883097547,0.6300293360966321,0.046843199382085664,0.029183565167066657,0.023600828148388424,0.03393865241343588,0.6434660260807751,0.02796610272053124,0.09269242622073531,0.0363695804581355,0.03419488142951667,0.09750058933263345,0.2969215916331734,0.5620917301386441,0.03524228195141386,0.02439925634920606,0.020056457772845922,0.7515325040083802,0.45246305986647783,0.4320033668739649,0.05010582883335408,0.020996810067752593,0.09100075021543834,0.9387525746263419,0.4155006636301264,0.9388829775964729,0.6938398454820399,0.14093383053200528,0.1095833446088057,0.04506752912700434,0.08562730744002003,0.020423654381770923,0.3300392623836849,0.023205867032427857,0.5286677397835683,0.14249388635396812,0.023721656379637423,0.2387067894608456,0.14753420665479577,0.1653717880546342,0.04346858526274026,0.7710158220150273,0.03742223618009713,0.08745440948873712,0.020233470268034452,0.07177385343312906,0.9952080144177093,0.30714703710203545,0.052116895185553305,0.02289463411215806,0.023844236484064394,0.025857396255036618,0.044869708297984666,0.5906756402468788,0.04493513852398862,0.10161060193543218,0.08288940984824353,0.6617769532834885,0.38020541495528976,0.0893795296724953,0.44215580123888615,0.3756899871900046,0.0,0.17687112643649908,0.9135262564168481,0.34814628714999457,0.07221596437249284,0.11470525525676556,0.2925322788839495,0.32686170968716227,0.48297272992753826,0.6307345092376602,0.05576359574401559,0.49438648761877474,0.42136161857790355,0.17505659780630797,0.11970632780658678,0.11259982567650303,0.027278432583405884
SEC31A,0.3645967607615306,0.07438768493911828,0.035067297145534596,0.055821515679599476,0.06090355436693544,0.056583419231185546,0.08286842964094103,0.32919400649341846,0.9221929474675284,0.15419007216093888,0.8245228886892423,0.02366236741855157,0.584081036087237,0.02459907799310808,0.031082704188255383,0.27431641613292396,0.08460987740743854,0.0629715888200917,0.04659028040757147,0.11250129942908131,0.5862353297661621,0.06540564881969399,0.09684295254845918,0.05567606945397169,0.15176324214354156,0.049761596605661366,0.15043238121121716,0.11934296130105072,0.04069094024773584,0.0631028592809585,0.06691520602894131,0.3331525743435583,0.9812418723314834,0.2524425650269667,0.032276848209707776,0.06454826027335214,0.07250986294638238,0.0689384084082673,0.07987385558149958,0.7311824462038493,0.08738424777918677,0.4873979936192714,0.0630588262583852,0.03258581661036551,0.13663234616886952,0.9167416920579173,0.059536490980367736,0.7310276707809729,0.9847973820028313,0.2177234989017187,0.0875219869612406,0.19363262132396333,0.3910086529440396,0.0781073283845286,0.040680968151709386,0.025967855126838486,0.9901823310796309,0.9217156748844424,0.07827240851258206,0.9257227330427993,0.24631544708357775,0.5486896422437858,0.7439130590412872,0.6451183383001385,0.0,0.10259829616476106,0.9135951248637698,0.1880852951171614,0.4736585551086004,0.05334924838126653,0.03125085638214052,0.9744517007763749,0.3711248876434597,0.08870412564056718,0.6485509172677059,0.43927116090600365,0.07491911557992509,0.13271699902370876,0.24186824225366851,0.6411704494548566
SIGMAR1,0.04659586598153692,0.02355905357860918,0.08400004676001023,0.06233049138299463,0.03015710768849194,0.028386648775759284,0.03742765418000984,0.03080319371298539,0.07654722283004751,0.08937422335555192,0.09784423233492426,0.020801398586266312,0.15052493673433617,0.06059509638620716,0.0629826510478257,0.2646956953014334,0.034588524860513295,0.052275029997748926,0.01827799334388706,0.022463025032835857,0.05763977198345263,0.023094224333940323,0.03315176830090392,0.022927424769968036,0.031307009767598,0.07292947068446765,0.07867060888061768,0.16875771071271506,0.067183129809852,0.08031644149580822,0.04863504769627833,0.04912595954678949,0.08264628972213739,0.03338861411950177,0.31058525625168326,0.03052727003225485,0.21185471677507367,0.06834771186115328,0.9466173586973532,0.022507740578071443,0.0988942158765806,0.026530568995421486,0.7216426344314693,0.7307521788258501,0.023881283023970485,0.048658648417832955,0.09718768880925557,0.8313512311335978,0.36948279188740146,0.03132304963845842,0.025308094510687388,0.06402800989188945,0.027918229727329148,0.01833896697624151,0.2066398489597495,0.15699879681804854,0.06489594758920697,0.16214001157343633,0.15696994566943007,0.06166067577625177,0.045504491884863135,0.08309762846648519,0.019823993359179906,0.5628969598504601,0.0340956784462232,0.0,0.043210838509247416,0.12782714141000012,0.273147810418102,0.02681268676642896,0.05481749461434037,0.08452052934169309,0.05196588566076357,0.0428421715169917,0.08853511595522053,0.0552572304166895,0.02907288344711519,0.06805484191072082,0.0894257977230359,0.05487287422349729
SNX4,0.035771453297237576,0.4178697491062291,0.0651798752734542,0.13584471496853107,0.09867719408572988,0.25078560345779927,0.20768970796114122,0.07904872117418293,0.1497525220115094,0.023386296143242023,0.11965696044140932,0.20580520880216507,0.7414595642908418,0.08793766951369535,0.022394225183966155,0.9696524680402441,0.17617679859791846,0.3586173494546248,0.1144077032136922,0.043800931629732295,0.023947992687277667,0.03688803062368413,0.07267083241446078,0.784341335448377,0.09890854893834158,0.8415726757097984,0.23200552098750873,0.023192253242055184,0.05961337053915614,0.6777289293480764,0.10925133410717265,0.049167603724916444,0.02286573832921159,0.08295207719622884,0.026712458150666328,0.15145254053736615,0.05382720523809115,0.7104283701926198,0.7994089396512966,0.01830956490847376,0.24923842757721598,0.10272981663005673,0.05338698978612726,0.02376128393486877,0.8233713120926298,0.3382097327421523,0.1287599507976968,0.05743622549210166,0.10022771585327735,0.669962811085083,0.056940623756746654,0.023012716277456,0.9456140105942458,0.0295779992656794,0.029948549822173258,0.4106446363455736,0.3272309666679495,0.22986291676120915,0.058593812955756074,0.029388915599649748,0.9761641707821875,0.045984466856285065,0.029708924597390305,0.6293264914345887,0.6394364553908679,0.10080768626370794,0.0,0.03005384860664367,0.0855506845685934,0.13219607794774108,0.1257664790624563,0.6146311361720365,0.37176579535292636,0.05004694307029447,0.018023106458454573,0.16258021652808316,0.9015071665003056,0.03541449933909677,0.03170208740834815,0.23345596868121377
SNX6,0.4389811335043958,0.04493296123147735,0.25056643079059326,0.4595000449708539,0.026992697001664945,0.022647035815182973,0.14564742230601319,0.13611515001234628,0.13496657028243056,0.026714674480415364,0.3162141693391937,0.026289328695780573,0.07015511881788283,0.4362283305828056,0.16521572908927346,0.8465305324194415,0.0237201193814635,0.9477327680748234,0.45097689413688796,0.6933357531743084,0.49907564010443906,0.38172819709882866,0.8052218770684756,0.25702580058376345,0.04072403896517052,0.02071984861911235,0.36398624013298153,0.9957331142034727,0.07389094908226179,0.07875694714377483,0.029547602118738515,0.12260760862128722,0.40398950185929317,0.5073480457685766,0.022107533687556885,0.06673920096236484,0.024845014576843433,0.17473111740380567,0.13284077332068017,0.9284270917837655,0.2531977952782052,0.047104624155200156,0.06612165194169758,0.10031828971851042,0.02519619130069158,0.8998112201846632,0.9545575471900415,0.5535142487555517,0.1300063166382617,0.02203032454244067,0.13149177126840295,0.09278224113269394,0.04937928552594952,0.03989807887278145,0.07879112435349928,0.6023196932402477,0.021737533482080358,0.05349640243258581,0.5719544659124586,0.6692603706237777,0.14954534352638404,0.5332966936530311,0.663633818928238,0.14272640435565917,0.12709493845838618,0.6775352516266283,0.032209179393968605,0.0,0.022394764103689933,0.9005255323678248,0.09866012902383843,0.2785667990019896,0.03550302200588164,0.025763056071174212,0.05863560379280293,0.02484120972962175,0.9367903847861814,0.8388415016886402,0.04006628795543747,0.041184931161324774
SORL1,0.148787070598506,0.024736947934316213,0.44337865154080214,0.06550305814717054,0.06226480936175149,0.08318848221117303,0.05492186582463659,0.8243304890745197,0.9267192108117198,0.05210351307152333,0.9147414565481855,0.07983892849211699,0.3682065667656965,0.08145519832546937,0.21915869041728603,0.029289218771827615,0.03705665475866616,0.12012007069197315,0.9517694768384326,0.3630185440187523,0.15837510834353707,0.06171274319390671,0.027868514623228913,0.49382495551364625,0.11966471039400021,0.07554703119998243,0.11015160070937337,0.40159168675038104,0.2956540105318818,0.018051526057777604,0.030914017391363305,0.7077787915804743,0.023791287509922515,0.035005324852264964,0.07979939665752804,0.7354428365060542,0.06803585644685993,0.9053215176868897,0.5143585974202631,0.23635273423586273,0.13103948608179836,0.8307502647161854,0.40284014257011247,0.868748131920046,0.035138636237199046,0.8878782905704384,0.24315065249699971,0.023347199868420328,0.7645709950345583,0.018353521977282197,0.3038442743106528,0.13882915857287267,0.04154352271019718,0.44960264614159207,0.3456014114142215,0.7768520732493924,0.04041848249986863,0.506098978476699,0.024484224477708115,0.019992673417659666,0.020960910311154882,0.3250895956434497,0.027782452729666802,0.12299068530247988,0.13825346444717293,0.6679809215959878,0.06085394146616217,0.02088921500969395,0.0,0.04929665032976717,0.28020265047787635,0.01856684053272992,0.17622116260669177,0.2091729331543192,0.44939590766370435,0.07188470985607412,0.028070743800020902,0.06406452474755385,0.30710220898671287,0.02057606077401246
SORT1,0.6726513236896551,0.8759145645114431,0.9800149216828065,0.06631832368223073,0.03388150114666906,0.02401305125979806,0.08051938952353921,0.9870052046358966,0.028739413684117494,0.03204889062861178,0.601791110531098,0.023962432839178604,0.15968525110358928,0.06064977448770455,0.01884242246770012,0.6050438315116384,0.624499654014337,0.9889969963575805,0.07245880209842974,0.1549415403243781,0.8727302933863013,0.6907161217403001,0.20542258863508503,0.22568233666233858,0.019772974775131666,0.07210663431305514,0.0532880883194527,0.09384164995109834,0.33321788559850146,0.4914583675914443,0.024311802226034077,0.20583665152848368,0.05086474682213625,0.025127089057694937,0.03443991120851209,0.9993438419312453,0.12882424279223864,0.3649872492620501,0.1748928302783001,0.09190583951119266,0.1211861963887509,0.048097962588538684,0.6520228036410249,0.1149536303694268,0.028749965783871914,0.1006970784749036,0.9638409810543027,0.07629339045440742,0.5316434661678877,0.06151757103949143,0.07384206776682034,0.18149166449067874,0.10073429958411573,0.05644915959682417,0.02805155114964869,0.8122292709060672,0.0718626151185117,0.019906717382639952,0.038889118579539673,0.44441913771586994,0.13814822009010366,0.020156688003003537,0.04914864671397196,0.6556603161456107,0.04297742154254103,0.04349600159948406,0.1611484015201538,0.8868121248985367,0.07517688184906018,0.0,0.11121054669952449,0.08559809664505419,0.23418775783664847,0.04989126571159641,0.5866584488221557,0.47567360854976054,0.7908312308570633,0.15353247500975567,0.02651847050298307,0.021407861670185168
SREBF2,0.034933247862028116,0.02841032286147254,0.1478644697238661,0.029229630841011118,0.02241700556285253,0.02268112503837601,0.024664562110862993,0.03073043133579368,0.9846312805043463,0.025170164383118934,0.269242772162026,0.021239770170360685,0.04557280964360878,0.10677226503791445,0.02660979305012868,0.02806476316759543,0.40976370054215344,0.08042816672890014,0.13849159045050424,0.02322598985469514,0.08289831117438164,0.03869110285313683,0.13228382923961435,0.5391217599801974,0.0218928969085456,0.6015941955110986,0.3188432547046916,0.025864311121162945,0.0697590456707423,0.26540309637910936,0.07348937783233017,0.024293525828047384,0.14313170035843106,0.07018013098743223,0.2990967707571081,0.03652401228572654,0.10652854760566823,0.06355186462978893,0.5322921052889739,0.8918383624788677,0.9644784677306347,0.02004071381682045,0.02394416434131129,0.06988748891624602,0.13029397389730615,0.05185183988032855,0.05365953546997404,0.8066434665560432,0.03366176215876457,0.22983330573465194,0.028311639631886903,0.07141779908745337,0.03703459909298578,0.03739131200235717,0.1436778811011511,0.07823867836610392,0.10305997403435058,0.22863941022979278,0.11610090168421995,0.09080817898210733,0.06243850372630938,0.051956389254301495,0.22698349510239094,0.2971315792642143,0.023900395892899235,0.08707809774490526,0.07377525833070563,0.05327201154535237,0.23388400682546326,0.059253470460334044,0.0,0.06059953200517464,0.3451604046899177,0.21920626219238454,0.21278785208674952,0.12502890299211245,0.025573198746205804,0.09887715304612989,0.023317290460559546,0.036340072762066786
SYK,0.6482335833139272,0.07811915832643349,0.3676362683839078,0.10597585727999322,0.02174102287025108,0.01901760534695997,0.05575631443122084,0.37852053489420684,0.120278187217691,0.14277857542012246,0.08548741796946457,0.06841398510361146,0.05479154751002392,0.03789633093412388,0.022617824450401777,0.023326303226263046,0.038677317081724234,0.04572441393852488,0.05381604203008101,0.07017938494474577,0.025743208143980255,0.03314531625652975,0.16895699884769674,0.029991479183021905,0.11034749791912432,0.9029330462815028,0.7928568389025549,0.20650738793994988,0.06471934178100443,0.14571745881869275,0.08461830655662128,0.028323065836292512,0.8499290826712003,0.05610777491521431,0.03609726485818492,0.7229751123046272,0.26656310844599823,0.03431231897449028,0.037778978945554265,0.05133937515223473,0.6065839062446211,0.06537617030877693,0.038505813079879284,0.194955900921376,0.36022600494315854,0.49870740269846703,0.7125230327601828,0.04801252972721945,0.25601786053607833,0.048976423473543945,0.04840241934128584,0.2218319063597439,0.16309728275415478,0.05242724387557972,0.032999457862845166,0.12122232662418667,0.02392340199748191,0.9160838740483918,0.054706556809274706,0.5770421464353774,0.1042455265427805,0.020387799439544302,0.02814044222666253,0.2956921758022997,0.3229944080203401,0.11166484407594175,0.20581786254896928,0.08255355627207256,0.018429125169765102,0.04197555063050598,0.04960563375598963,0.0,0.02633675756575523,0.06859104163604778,0.28036116608999034,0.03462289030939995,0.13574383095376963,0.2641550853340099,0.08415044089634845,0.07095654555954033
TMED10,0.055852084919899625,0.022244182394583107,0.06033936674618472,0.020418393393182726,0.018576393046472985,0.03198935173539171,0.06872402677902859,0.3180659038535729,0.04583619415067351,0.13258953204820204,0.020012952242054766,0.04969343761674904,0.2437606379580093,0.04179671237157531,0.10851234972921353,0.9798958850949137,0.1189394804527923,0.08780460823366619,0.03847961592507844,0.03845232851341688,0.03324598927959773,0.19800575734079406,0.5503917322498015,0.05790975379792562,0.02293368209868098,0.976873570518189,0.025151570379196887,0.33707052331345483,0.08210956187263943,0.11140185892260336,0.09635058257166434,0.0859034035858146,0.2936742194183934,0.06507564994538127,0.5741498400763684,0.8348118195603537,0.08274659170892991,0.12085355704856711,0.4325193703949428,0.04935372615883785,0.14174111498809322,0.02898845280495696,0.057062366691442684,0.28851650671377127,0.07276547400256682,0.08884749740110222,0.30538413290348737,0.02483122801830354,0.2814824846080819,0.25946890387802335,0.12546458999723678,0.018689537850927244,0.03428071649546251,0.032273373715813444,0.03694350115486099,0.032351943700114086,0.09287320981009713,0.018404627284266707,0.026490190148351998,0.16509015123072757,0.0367845535591135,0.11664540006874438,0.16732115203434203,0.8554794258424999,0.1637531877199861,0.1287226082988337,0.3311806795805489,0.03176703967265879,0.2708392881810429,0.16899409662622747,0.6152072186236853,0.03304088175908349,0.0,0.9999999529998387,0.9999218430460435,0.04387966876022512,0.8751694912347211,0.21712609309844036,0.04044601086683251,0.021170576731555996
TMED2,0.3176747849395494,0.019645590404612875,0.18837833967949227,0.12352832388514418,0.056694388608845694,0.10348091298912918,0.04068111690954472,0.2707028832523918,0.0707788670830369,0.5349071389350283,0.7220266832470061,0.041776810129311184,0.22688273658639532,0.019717533146668083,0.026824625411011053,0.9840740716902162,0.1112550927708633,0.025334780140924707,0.025900235870105082,0.061228544323719214,0.6741437690879677,0.023807530045017747,0.019810394739956848,0.053273919014278595,0.8238564354027101,0.7006594161541267,0.33853846927508335,0.6631208423214057,0.0745309972096384,0.12660582441835525,0.022362925596332572,0.6387537072096944,0.0655251942199295,0.05787519814953114,0.379145998512026,0.020416053878807433,0.06178889736386173,0.16120706539953822,0.07074598651803704,0.48112916545972606,0.021276515273910696,0.03004627619067919,0.13391734515535977,0.03562521393460064,0.06954606736554464,0.1513970837911697,0.07513635322998047,0.024265685813324236,0.0426277337140965,0.035398531133095185,0.11708110995097869,0.39117807573463803,0.05999553956737341,0.04286031096101368,0.9216577718148616,0.022320165139617567,0.17044717715438487,0.09445066858903796,0.030371575037321394,0.04115145783106126,0.027944711908270133,0.05733519573670597,0.05511701496655722,0.08124198321946317,0.05749056382499926,0.09941654490926406,0.050117890657069744,0.024693334707056442,0.3661190920844165,0.04524566649350052,0.4583336042445416,0.1609787525374606,0.9999999852540504,0.0,0.9990494696863113,0.06063420904307797,0.698238380701584,0.07643150033050347,0.020364611723222084,0.03067968042364026
TMED9,0.08057961434674898,0.06280950567896752,0.01941126881118627,0.037400058349571406,0.044397507488638105,0.03451653395998658,0.040218721872404564,0.9658040740653278,0.06798062069607651,0.049539391781791724,0.3171683638995753,0.1983156472129385,0.6510587197822016,0.03417430321675489,0.0782353551098978,0.06221517798376234,0.01865581377276727,0.05724701706098084,0.029787639781059437,0.3231893712532145,0.7574883223581576,0.027201699765705682,0.04959798058514656,0.18660628124326212,0.06756819475551623,0.03002780861058332,0.019667413686648694,0.16890332701465247,0.26305361003851907,0.04665162494504116,0.031449593202881654,0.08999318730614148,0.029781841787944616,0.04950648166659178,0.07542023141400463,0.1996178541945091,0.05309049804295715,0.0186002719986055,0.0642755502714085,0.09904796996898463,0.022929462972997784,0.04799717961501374,0.1074386614118851,0.20577086339280312,0.028128464383235054,0.29851035504741097,0.061801554067090446,0.05278801573102074,0.12050611194096532,0.5987018420890078,0.04041211562390575,0.0342507945716968,0.28074873461372646,0.03252758707085228,0.428852083886668,0.034220723335152185,0.034203835122101005,0.1423134372809548,0.047859489492230955,0.26735148093712074,0.8997531547645348,0.180701425168352,0.04896412627482855,0.5426186569796592,0.19630306349980253,0.2002307601005775,0.01801501444135961,0.040752804936948064,0.4567702538720431,0.28122101927757287,0.25869883464584037,0.5061392458086592,0.9991552797698616,0.9894830529745509,0.0,0.07263833104467386,0.0356096390111656,0.03788377742858687,0.10100779455373916,0.04800004854828959
VDAC1,0.020498631031824296,0.0383956991207571,0.5059806098334395,0.023975745328322716,0.3405466799319726,0.053678738781628495,0.43411940538858124,0.12401101470813955,0.0460054228898242,0.7797863355860453,0.2825045041879428,0.03565488556003546,0.12777936974669676,0.6051930876011197,0.6515173360456185,0.0523747751684345,0.7653468971057664,0.02807753464221122,0.159164253156921,0.8353657527065323,0.9113901954658488,0.13846142492699376,0.749937951943888,0.18120101543563275,0.9174338026022243,0.9117770219187437,0.13230509810320415,0.8651240865091476,0.08722403245457849,0.02335180405295009,0.18269390142853492,0.08058456692804462,0.21704056555318935,0.8868030711831435,0.7983983405523555,0.08294551356356586,0.07372268778096973,0.0454456853510802,0.35869481452811397,0.020658892726138214,0.11538812406532566,0.9989384513973308,0.03882173872611952,0.999999999712023,0.02684480467843599,0.5120443852978659,0.07222792360584127,0.35516235771675314,0.8903240457052712,0.6906455962010075,0.5363591542997185,0.25640462411460224,0.022357598395726375,0.020252003573299135,0.13257322723793305,0.6775286087561272,0.1758000051066432,0.43949131690919985,0.21590661725528906,0.4073984771740283,0.23856658756604135,0.1338584257474782,0.6637386416815219,0.9877651922718895,0.6417833122096827,0.4886535113951654,0.5013987068583663,0.02910644417770436,0.3010291658488746,0.8773908005534842,0.7083574202694543,0.11126150970514087,0.08649087339236372,0.13403017750491208,0.3010016607704371,0.0,0.04459407657167049,0.09408244454370283,0.039895140489763684,0.117208383748024
VLDLR,0.024459208457570228,0.07635643388543271,0.550894441036557,0.06580569687862617,0.028287200457768433,0.019976454067894975,0.04568163021124889,0.5933524108998227,0.5148917671309801,0.04820200062448024,0.2070184879203859,0.12331667544037506,0.08599212140456854,0.04738577557408174,0.10352287823608207,0.10313940512403189,0.044486902949216325,0.024590566995276633,0.026756222647378102,0.03541783242053862,0.030265938747643873,0.029231184115898475,0.020388326499663743,0.031212407279061175,0.08012021906465575,0.12539757697032367,0.10327996725401786,0.21897747318479685,0.026546378380019175,0.2998103516425495,0.02141074927958031,0.055781743087395176,0.03750604922354482,0.02075111577489202,0.6401232427268602,0.1426729895816964,0.45552549812751963,0.06647404226957739,0.3315729614031286,0.12884500268333018,0.0207338825308126,0.024883964997772776,0.16052656500938645,0.1348937391372578,0.019637999832343014,0.09152801523631804,0.10540678487023922,0.025668744507507925,0.12872458271540177,0.05497740536469609,0.027648590036357085,0.026921265655200418,0.020355286714326647,0.032751473770397964,0.05909315326365012,0.02126524054554744,0.21928666461672144,0.058897113889580535,0.06291082265078461,0.09844502091509728,0.06149930357982254,0.0681839944551985,0.05323933439560549,0.06505160661585435,0.02748462359418385,0.02660555161446836,0.18558902822966927,0.16678683844748016,0.02272031057235226,0.1139460743894437,0.021980364934815855,0.07376129230030204,0.18897404522604228,0.11510708531718156,0.02568756845858327,0.022393958325358707,0.0,0.09440246621235557,0.04118259496065096,0.02756848949817773
VPS26A,0.8345677049755565,0.04045491715363299,0.9833622711870037,0.08623794074304844,0.02156006896335193,0.06879167483561345,0.07205593629657271,0.09434677825942708,0.3905023982372679,0.04233957405511806,0.9905645941537149,0.23191095765838943,0.031625465739249306,0.5141037614550366,0.2252880996804616,0.12154201308205406,0.9027554284774937,0.039042722149344115,0.048060671712265454,0.029646477328817627,0.12161850682067185,0.5734763910416141,0.4707067731963368,0.04228593557907644,0.4882164758428818,0.12804373473464772,0.025495314757073735,0.833064057733768,0.03947375470716391,0.9522052278353685,0.04883913839489881,0.030373071928976172,0.6208240487529209,0.022622526764349074,0.029411305548850998,0.02083993884608792,0.13594505496675455,0.2665534393354433,0.9061088514048584,0.05069304413594058,0.7078326620898003,0.06059104663373909,0.4486722960953702,0.050541532961798676,0.03633418360941915,0.08867851680362042,0.7887211165476526,0.6675038037452581,0.18181223196638752,0.5925920184526771,0.03258788400911249,0.9849969310496679,0.2589334285339714,0.026814252015459044,0.8932750227642315,0.03350822162852696,0.07392795078186358,0.05015254027636333,0.12142959632907248,0.027309982875634787,0.03869937066674836,0.19591166451369552,0.02640959000302881,0.3421177070000864,0.10886236550305992,0.36602421070383007,0.04165973718794968,0.8985654126045136,0.13179905313030876,0.19286125215474606,0.29316674038743035,0.9033025096761743,0.391765036903961,0.10638774104581335,0.05831932646418811,0.06129076905879614,0.7904130671450686,0.0,0.9833485255755477,0.9270526252776475
VPS29,0.06695952859909184,0.6290160910680638,0.08427207223714864,0.14043517686144186,0.04032630647574938,0.032065349198748816,0.04100823745962379,0.0687217219363316,0.018701333448272885,0.19928448075352426,0.5420709969984703,0.737482595009194,0.13978264878454702,0.8614272916019869,0.10943934667167034,0.6952376460464996,0.04335476314997747,0.0434669985304237,0.912945877968059,0.027408960473785923,0.04346411320737291,0.5117793918552908,0.4091410961371502,0.280814666690301,0.9185897060681104,0.10533004370453421,0.09119096157300044,0.24810693320066213,0.8053373779094275,0.20614204559019095,0.06250443114885029,0.9267597675524178,0.8724736895811763,0.02332276337654378,0.05101362857868706,0.10891501089234648,0.04144644526577052,0.23260707132804073,0.7336354661540107,0.1763176717415373,0.21388359768384224,0.31771108358963474,0.19120348583754132,0.28069007501338367,0.32646281646108616,0.8597488229672521,0.9701514568377312,0.027153410723168757,0.1226056422725836,0.5669589807078529,0.06517155739837173,0.500467784774129,0.27402342217703807,0.05457356603916772,0.7046985318010391,0.018350393701185207,0.7716898143880747,0.36539662989986765,0.038046719174512564,0.21637952823698298,0.026330773942163148,0.9493486872334814,0.6380792469174899,0.6693847132928589,0.43055707644802843,0.8911724444733498,0.04980747340527226,0.06372205834740598,0.9690779123856949,0.0338197575255902,0.03464823165224663,0.7154097087341812,0.08244628476580096,0.022508294364649017,0.5511507017993634,0.042050382709986935,0.45094558897598225,0.99957649363174,0.0,0.9999234205925747
VPS35,0.8416934732020334,0.10397701125023831,0.1618911721323885,0.9903511865616428,0.027528520823341035,0.8359136872273327,0.025677612028258214,0.26194515130517887,0.04876601175785032,0.019299976510433036,0.6564846127291193,0.7753998492688265,0.3718299643637404,0.1081519945876759,0.3191688727847028,0.1892255010826387,0.379410464086094,0.029611923897821666,0.2368897654791941,0.10795346605661228,0.1331007932288951,0.4573022576291773,0.5172006617409342,0.019814398266471658,0.9599464364524285,0.777153280016508,0.03737837963849356,0.10972228252453396,0.17000694019993928,0.30549898110782786,0.028720430047950225,0.07597534606170593,0.5643010931298713,0.0974688224935842,0.05668345617606236,0.8682910092768685,0.6559915596673196,0.6856035285466655,0.3694472637729614,0.2812138265649345,0.20027643804687514,0.06514733594887868,0.5475023933346838,0.7669090983992872,0.03405259136936201,0.10999419973151983,0.7430240167045136,0.37928190655661964,0.05597723991499949,0.9288644840803757,0.08172729093774136,0.10265462571837243,0.12889893198610025,0.08530707352628028,0.9108459949514159,0.05190280071338227,0.841717090640186,0.9973306840168144,0.29964995689238116,0.026400024782235073,0.8580701621939786,0.37631339497642013,0.04472671901407666,0.05566186038140128,0.9388056220658355,0.6751977408108487,0.8511196217241564,0.07820810196500343,0.025623282539645714,0.024773955434866907,0.12663193057722036,0.714661198600469,0.025531900744024512,0.05295124296030714,0.2058011115025106,0.16594138236963438,0.14186271414344404,0.9988357317764924,0.9999864666981463,0.0
