,ABCA7,ADAM10,ADAM17,AP1G1,AP2A1,AP2B1,AP3B2,AP4B1,AP4E1,AP4M1,AP4S1,APBA1,APBA2,APOE,APP,ARF6,BACE1,BIN1,CLU,COPA,COPB1,COPB2,COPE,COPG1,COPG2,COPZ1,ECE1,EIF2S1,GGA1,GGA2,GGA3,GORASP1,HSPA5,HSPA9,IDE,ITPR1,ITPR2,LRP1,MAP2K3,MAPK14,MAPKAPK2,MFN2,MIA3,NCSTN,OSBP,PICALM,PLCG2,PLG,PREB,PSEN1,RAB1A,RAB1B,RTN3,RTN4,SAR1A,SAR1B,SEC13,SEC16A,SEC23A,SEC23B,SEC24A,SEC24B,SEC24C,SEC24D,SEC31A,SIGMAR1,SNX4,SNX6,SORL1,SORT1,SREBF2,SYK,TMED10,TMED2,TMED9,VDAC1,VLDLR,VPS26A,VPS29,VPS35
ABCA7,0.0,0.025015827963439315,0.039870811926446974,0.03856443350494694,0.06580112752380002,0.02169651488468377,0.020606510943630318,0.14195075519540643,0.8082474013004616,0.23865949788243868,0.1783159108263765,0.07317954849931398,0.022156040341852687,0.05399286294550257,0.035558228115062256,0.14361202812743692,0.1788723901902636,0.12598667512347905,0.05795280600595653,0.02025442085960038,0.2261822805465526,0.05591103476684022,0.14755416591336995,0.03829522963049876,0.021046084176035835,0.07224517572889004,0.18413834163934067,0.1517455164430732,0.037780337762182176,0.11705514548129516,0.023696697682364636,0.11879623053331663,0.031550238256288485,0.29294422933931236,0.0554032679242083,0.17769889282572324,0.08515974931967292,0.01957682882216475,0.11219119114803357,0.01839555686516732,0.08958308920442282,0.02505023704994754,0.2305735033089254,0.06395083985929513,0.02779814627945961,0.05888118242063235,0.018206970447888507,0.054402723211267476,0.05501359897781314,0.08229582030171263,0.01843533826871001,0.03769848525218692,0.05105498164290983,0.21062308862954693,0.027320110191490908,0.08347717789733251,0.3737887273820286,0.021196241541085483,0.07069073046545556,0.019033723143281486,0.16531570030086012,0.05183727647122235,0.10186940517526227,0.03139734455637202,0.13621566835395568,0.02631571150746564,0.02438859824633996,0.030131473290100533,0.022724218554060555,0.026448005471693008,0.04750330047703098,0.2181982701619372,0.03173769331898515,0.049864815716952574,0.12357411998145745,0.03232224276925918,0.10609454467405996,0.03137830271771815,0.04283442666701011,0.042939653624576
ADAM10,0.0420952101401863,0.0,0.1508334699794025,0.06868068416802374,0.040898883139120594,0.10355581077447898,0.05644271482697979,0.04952418610358726,0.20169947694137189,0.039891595082808415,0.9075245356371472,0.09329937256489469,0.09119500992724944,0.02568220432736464,0.14071009290021824,0.01969611307882293,0.03760258890429087,0.9873177663075232,0.02547045600845524,0.06330970584642026,0.047950723448644754,0.022765901844117788,0.10725091729324626,0.054464989879193286,0.0953684123934607,0.07059871601580921,0.10080625528858866,0.6659307239404728,0.8979404526397837,0.028374849464494905,0.3592774760831367,0.027438391733440006,0.8167759006525437,0.6789017343962575,0.2568767759789733,0.6511728327619172,0.11172312809139796,0.11694431853848884,0.018282126861425437,0.46593532736607135,0.1267997058966383,0.021624288318787207,0.09269094067715525,0.03856697434859111,0.08800517013309866,0.8935916877167336,0.30992836146287717,0.7576641607430884,0.06171664834218636,0.47524846072108756,0.4572757814594912,0.11261634499768088,0.15929678125778374,0.030486486386658483,0.537158033660013,0.7429350774533767,0.5234979303305125,0.08748301742831409,0.03776852954002814,0.2117207550522386,0.77040453254396,0.7653627687030348,0.09628537871728844,0.07923827991917379,0.2782180968965169,0.9389266681490392,0.08402145779955165,0.18843120452279982,0.09527042656403932,0.9912233124124078,0.7212143604174369,0.06719379559082683,0.04813155362416461,0.7782963101421431,0.07674101377106447,0.019554110074073025,0.3215093169691802,0.0922820136613628,0.06250871341679272,0.07130155597830216
ADAM17,0.05907971220320401,0.06398607599780587,0.0,0.050148268736486444,0.03172973653756248,0.07497309719180406,0.02310259756051355,0.9347019551283374,0.019798660005177344,0.8784527294982433,0.04540893736368644,0.019361666295856294,0.17498014373542767,0.024181597104862965,0.03661829374836119,0.07787462146691279,0.9456432558679316,0.04111246736111059,0.05177930206799769,0.031270783690291744,0.04146019668831704,0.08582374247982076,0.023790339982282253,0.041816078391340564,0.06056611692736549,0.06188619610445442,0.18078946295186993,0.4955491304328092,0.7546690293376149,0.021029539384837228,0.1001634795460546,0.43344741585260027,0.1650898802669829,0.19186243785139892,0.19083097865945345,0.3116939571097691,0.9243096911959194,0.07014178214826501,0.20929701800928507,0.12375015351704176,0.7042008755448769,0.018219593751889123,0.10915203018101949,0.18130589290163454,0.10662778984361031,0.33100414963012403,0.13057673180665605,0.6978436039399549,0.11214867553283682,0.027683050436972247,0.021319657027096418,0.2310194697308463,0.021270525654903803,0.22522897950639237,0.05926110963771789,0.38880651654844706,0.027177909276489404,0.41370750723737115,0.031174676195795083,0.4593407632762269,0.10780031184933382,0.0790224806817636,0.0426419354900309,0.28771088900906083,0.07050795142504651,0.8802926423396635,0.03759454612456268,0.477210845049612,0.023883687311584717,0.03583794192335328,0.020254616321804152,0.0227332202155972,0.32810269213687915,0.2995428870225346,0.06603677014082376,0.02063808036982256,0.020311215513031534,0.4064598398399971,0.04047886576567261,0.06210118809349194
AP1G1,0.1633210996783123,0.0846643788305354,0.13276523529990472,0.0,0.7326252601258865,0.8594647941739826,0.11028452220834133,0.7605984415482125,0.25625095064567205,0.7842861685764594,0.02536436587054585,0.03738584735074536,0.7006775668712724,0.022644633722484684,0.29331454513904703,0.05383516585473362,0.662800847464014,0.019284619697805146,0.18642177373871824,0.03667541674658711,0.05813383275745058,0.10136276718923014,0.3175097507186744,0.9823899283154662,0.9960412355915711,0.859771582539807,0.01888078528762101,0.8215639509847505,0.027938947904716155,0.1280126717606684,0.3154801893416781,0.15498931643927194,0.05244018654027679,0.07971877875241856,0.4684480042972234,0.0371250679637369,0.48505105281830924,0.26918461997710347,0.32378807272205024,0.07917379213592128,0.04668598879953543,0.06171773809939309,0.16447170763770638,0.10648813471618651,0.6720842567343076,0.026732796345159706,0.06543702391314886,0.3531714300944622,0.04336312934520709,0.39104527268748457,0.10200964080350422,0.028669783672113088,0.06727072231369909,0.9581278473249406,0.3562465889641901,0.027141698382607583,0.1084110003137992,0.44424424418804725,0.20911602807847335,0.020265013962603058,0.024818522259271236,0.24390104010368738,0.027539164288840765,0.17364257755866716,0.05665621799261603,0.9801648965037296,0.12245800262728687,0.020149962876287845,0.16591814192800777,0.061833292957417366,0.050283632046587035,0.8063491724369699,0.03590692222404702,0.05824778179811021,0.1717919306904937,0.04468944508832076,0.2610192033504208,0.24398549692655222,0.07029657145924882,0.964412198263249
AP2A1,0.7496517849045874,0.059060157530736915,0.07327459995148014,0.9070156379024745,0.0,0.9964618826303298,0.5268688596887824,0.5085399056187326,0.31460791851402087,0.0295600061652896,0.16923105999975702,0.025248256751129013,0.056785717232871666,0.19336392948359893,0.020997237935318144,0.03728711220648773,0.08151908100650151,0.1022686921670011,0.02556073286487428,0.024855093449297278,0.03893864896180098,0.019523123367709817,0.029631633931937428,0.021717016000825592,0.370906569654282,0.018658701842593654,0.08555307838965864,0.03397505981747441,0.05085404537235713,0.08084975683092643,0.08094837925251347,0.05626922687121672,0.02692439216545025,0.2386842373661647,0.10098630535835086,0.0410604334069959,0.020071613431309088,0.12296435757186251,0.039803865715343,0.6991923182943957,0.02977205090927615,0.3009371931292675,0.021379676398481106,0.6783055919210503,0.5703510628369124,0.3937122783000099,0.02678259170696358,0.16659807397072784,0.4643874920510727,0.16443806721334372,0.24741229257612377,0.13440171287862235,0.9285176079990997,0.09103553239234215,0.16013101080378248,0.0572067814902824,0.3550201438889843,0.0219090918182708,0.021611115499329907,0.7715315276785311,0.12582780064659546,0.026400509217943628,0.20315310444372311,0.019432549145324437,0.17986466534986353,0.4155966994626544,0.435324969204384,0.11529635785132838,0.08222147061963458,0.033396543121445875,0.07962181971850504,0.023108881485651326,0.07248927015281392,0.8750290034102618,0.03823101261416116,0.7767114942719399,0.04798002793964479,0.02939638362414554,0.114352258353235,0.03798698572321681
AP2B1,0.03528152999025197,0.19212636285166465,0.3945004119599021,0.9506189984030564,0.9945590375721349,0.0,0.5269428139669651,0.09028404005897779,0.3450438252700491,0.24585898472424567,0.30981996303406084,0.019977120212632333,0.059472661511046736,0.03533549564149786,0.0369332809359078,0.05339944247774012,0.027170994636727532,0.22145411618769756,0.030918954356283678,0.5732290999980875,0.01808754779504718,0.1690186898061551,0.03877456659082921,0.22033748352236965,0.5337124606391059,0.4183727562668896,0.021750147264287777,0.46303325558098235,0.039500566776371634,0.08559580908436064,0.43036389295827443,0.4040983283710358,0.14780394876596106,0.03097118845438666,0.02231707880638338,0.8396826993712025,0.1727653325776645,0.02081860772890358,0.03877923402304677,0.3562033566696311,0.023106358439520025,0.050445159753063094,0.10901284459138964,0.5809939141430802,0.05734654346984668,0.24888308297656786,0.39798644751777534,0.037337601993951565,0.6711893248319055,0.031713509308368665,0.3795356602147481,0.24017742134041203,0.18273305074957708,0.02183635924553962,0.9367399137006778,0.3397870310119136,0.04200937335983605,0.039534760206928594,0.10191240940219337,0.035576158412151476,0.03259167782088824,0.16102378017821195,0.18432154117619615,0.8013770028323159,0.32641302052492455,0.9990730290994018,0.8401193967613158,0.10150630659144784,0.7406415726668159,0.05769840125087124,0.023223887244935765,0.5865642149081682,0.01973331705478472,0.31992623939364895,0.03693558352320732,0.03831528572014623,0.1698324162900913,0.8532662224309668,0.020894710157255584,0.9839156087517764
AP3B2,0.03156092039094956,0.10854089345156398,0.03576288721694482,0.20298282647458626,0.6249803121896963,0.6732305747803946,0.0,0.02546915990368194,0.09438756502208087,0.046955183119928606,0.7852482581624922,0.21424125421710064,0.031180473086131713,0.1738652639548376,0.04742614844962123,0.20574540327970126,0.41850444712931184,0.03340659544087328,0.020977019138554327,0.2712857995656915,0.07266865832626983,0.044595086262888786,0.04394584660940243,0.12868850692649278,0.18633069466050536,0.08188793926225485,0.03218406574622767,0.1937097971554217,0.5686920195564685,0.3312596540103421,0.9101574446229332,0.06828729158187159,0.04261164875799704,0.028601836742052158,0.03179155682529963,0.07984642679521578,0.29062685516703207,0.15904528578961977,0.7067456771414247,0.08781908844162443,0.03540635401283641,0.20085574741761877,0.2837045499997131,0.17592633270522995,0.36063833960859504,0.3634236275762481,0.08008884151163176,0.06411337167328023,0.036633951610530915,0.039013445008701554,0.3064462653095697,0.03841550168755053,0.12516106049308692,0.02706829962947202,0.2495309213984173,0.7551374322120588,0.22500016602824974,0.041030260656837715,0.12057327241418357,0.08677133393903914,0.05541775530246979,0.025326250198685923,0.0795634896299382,0.38213810911650886,0.08356436556373703,0.17440841514885752,0.34856414611839687,0.19311955898854807,0.019760138650427504,0.0358014518907994,0.16544915874192828,0.14387885832855984,0.02080052907021006,0.03746706258919789,0.08823154747202791,0.14943261893680854,0.021652202303571493,0.07618292537544369,0.9017576650582211,0.1770004886389445
AP4B1,0.2126945050105201,0.02909727524687013,0.8040921792325292,0.1288340768297226,0.06319219521101029,0.031423543502897035,0.019930362170261295,0.0,0.3971628723373394,0.08458470607820133,0.03360300908417828,0.1693884824710066,0.02118136151902763,0.02776067698933166,0.020313497241835392,0.08694610889560182,0.01915183416852412,0.15922796240419193,0.01890113049437334,0.13695815007227904,0.11295230328455885,0.10233215414159934,0.07081827149567352,0.044779711178212236,0.024730844919028105,0.21298139702536387,0.051385386452319624,0.026521262220603622,0.2841290450078153,0.03377588115526294,0.020076055516244314,0.03862552874567523,0.11019670422345446,0.10684014914453892,0.22366953897625516,0.0528659616708069,0.07363303068786536,0.030838828641121616,0.10581996121163524,0.10485754868671601,0.0931024437751575,0.028373751818734597,0.1048752985693072,0.18587632173171686,0.15727789714123808,0.06832931057337616,0.046366922722221586,0.028712889288181092,0.03479986482654566,0.42235292226314525,0.11511573722398433,0.06034603387566695,0.047575626609483904,0.02626407552767248,0.6141046888629146,0.34477473821417287,0.02618679715599795,0.11248625711350606,0.1443377802467983,0.1364162392765849,0.02643045724378403,0.1191988857440921,0.11241295372004977,0.05304205955274281,0.027856668607899773,0.07016172604428446,0.024520106995930258,0.02285889790596819,0.03984320541036786,0.040645154285973956,0.052851948748625824,0.08861072136720353,0.025595146627757453,0.023670706053329625,0.06969743113337949,0.01991776318231642,0.25121828275145536,0.2568318538749274,0.035271365512075034,0.23856034094356635
AP4E1,0.7664864329259562,0.04583877372019625,0.019115172461451436,0.04425289416805201,0.03962643029257158,0.04256054514295029,0.026576517765114074,0.23060575350935011,0.0,0.8470639481847686,0.2928363038707545,0.05235440573937777,0.0213530212814943,0.03390661492047858,0.03424746569468923,0.0336031319678911,0.026003819328652922,0.08761105190066534,0.135487073907349,0.0296776372576686,0.025291663544971355,0.0230242386084426,0.035816979422016414,0.10685370569173137,0.13891655944547385,0.07893211221226186,0.14029146063889752,0.0896695173730585,0.022419728438430382,0.0485888595798877,0.08807917093092288,0.09188146001866243,0.03395260013372488,0.23525180151026415,0.1380646015585855,0.08382470898044492,0.02470747130463673,0.029450396446254416,0.023198548752898295,0.041601159447780846,0.023046618694529047,0.022066786548116807,0.1779174037727503,0.47465036236435154,0.02742419478305228,0.024153348564054933,0.03423084891514727,0.050059208906854176,0.09588372385857824,0.42000418251935584,0.051383034066044365,0.13918428329484708,0.07750099184361152,0.026688802190812985,0.024082584563181002,0.02703402253219269,0.0481285971596109,0.08560297116366512,0.0791351843729959,0.02319760301761904,0.08726586934323895,0.3027014961028077,0.07040944341936951,0.04861856962903582,0.0650916350458257,0.04907955521071618,0.031623142236439444,0.04899061523771425,0.022754464774512276,0.1297868387905923,0.25961760397374933,0.37426220568476376,0.03704557488268385,0.05143048641814096,0.01836258561154938,0.07063883735947767,0.19113595150159096,0.06626254127528035,0.04781865571776387,0.056521531459465285
AP4M1,0.20356102658277256,0.023958422428978936,0.4222047357187168,0.08523597870026918,0.020327705818777426,0.03694618940763336,0.022335658797908026,0.05887429142811479,0.8258788539927442,0.0,0.1367514056554423,0.06587001982782302,0.09097008268502511,0.18027257567318677,0.06513129541897536,0.2197322080710009,0.02123788876424143,0.02266751022083191,0.03087164312400601,0.020283579386398954,0.01955759006851569,0.02321598290335103,0.03941033802531143,0.08541601505551889,0.020691999922085345,0.019937526204220835,0.024614639396922693,0.03616659633420635,0.06623739008580551,0.054426731861371806,0.022692187310282417,0.15851560699699035,0.05796217064001753,0.05538929287182981,0.16195194651797212,0.17213501941452233,0.11994559621228204,0.16521721103524037,0.03160124780001077,0.029236925528008238,0.018462088166430777,0.01898656347164821,0.019783008823889683,0.066280882955711,0.1005654551801429,0.04948155978165339,0.058011418931779704,0.32704685134878136,0.08600332200620128,0.030360617771543308,0.02651263069244489,0.20376021053056245,0.031256134868922494,0.02214887469542654,0.06837406363107931,0.07911497672621882,0.13354916289523294,0.11510087369425935,0.03288085539501117,0.018108855041861705,0.025064735349757526,0.19890435359132586,0.02231510741731709,0.10089016826085158,0.054896217428097,0.04260319723795674,0.08651384540056291,0.01824063954229971,0.06557349972858209,0.025774531353143792,0.8191765328200485,0.02080377260985828,0.034618560605509816,0.022305244471818045,0.025456800353035214,0.04890330214103671,0.16742553125231896,0.17271620046896305,0.018748011197113616,0.04045862777415036
AP4S1,0.10586779280588124,0.10221346924057324,0.028712945051926782,0.019605466452004044,0.028765275569014797,0.034496209579957166,0.04574966005356054,0.0264872545081751,0.1776432933526881,0.09577087534360164,0.0,0.1312317704650384,0.13495000514672134,0.16939809279534668,0.03743127831770663,0.16455757787057138,0.029576785218760015,0.05994869535199813,0.019527211089018004,0.020702038168895594,0.019875631715162215,0.03418199056262609,0.06908171774257774,0.03450941423275313,0.29178299820261283,0.042234184673105246,0.019204285330555192,0.046928355271663405,0.052973689119394644,0.12454041756507986,0.038119353212057366,0.018748545010419684,0.062091797343297214,0.05525059392836349,0.2536261626984679,0.7359144893329099,0.028305818729600855,0.06784933124524266,0.034519270115353724,0.03323488448372733,0.02793202762449167,0.05717213340786264,0.02546648385781918,0.37426980375451285,0.045273429401854894,0.1453790420791609,0.04148695947692577,0.27672316292687316,0.019706587333053298,0.049503574942972466,0.06695467777494454,0.11444298508382136,0.02531540272255727,0.029055058902715116,0.028229227574733496,0.022486154687860107,0.3347617029784537,0.4637262147030925,0.05186133189018675,0.06145396268090729,0.06422282374396468,0.2850467535152238,0.05931197445124604,0.03408056968274018,0.023224218677987584,0.06983400644208783,0.019008666996480628,0.12558035762248412,0.028254455565318977,0.15646469960636544,0.03162834999421986,0.2642892811282117,0.01824360635523852,0.028444183516807525,0.019884037306038476,0.02390977025974737,0.08592574914924048,0.1006388855708908,0.01999326750891056,0.02610412968976733
APBA1,0.3291249210433025,0.07557052206765522,0.02008023063948251,0.031077574438758748,0.02201211748126499,0.019201540111654525,0.07325966880277616,0.6070109655773067,0.19846088852979576,0.3248260536960433,0.9079467407782419,0.0,0.10012100780329829,0.04398623512463577,0.21432046467676186,0.061947917359610555,0.8216491455964545,0.15936501905337586,0.1762957041685553,0.11949892719625808,0.04431865169356158,0.019210288300083176,0.8550377819833098,0.13178083508939936,0.12600145535926888,0.06324668750116803,0.27359035396395537,0.020305852529242253,0.7221344133508968,0.01984612046780865,0.047666913327711474,0.08994150086914086,0.02650592623827672,0.054434286671345804,0.4699409730335942,0.9877425576063332,0.025572115141220386,0.6281891791387462,0.026175318052101666,0.08162591668503691,0.02578011502404378,0.0235140430140783,0.018769481600805264,0.9748721071291544,0.9549387282116827,0.1384070144150445,0.6738919387852823,0.14048432727551577,0.7792848199352512,0.17068070069168453,0.03603006825367048,0.44176769002257094,0.46833029680246746,0.1993213040874377,0.021557689798402987,0.5066606263184676,0.06316629759353098,0.07046250752816592,0.021116891356605664,0.1343583993717912,0.07049151108999413,0.3883955490159035,0.09742158244623762,0.28656032343177823,0.028304360984653637,0.03316051302830366,0.2828830778724034,0.09847649250499574,0.024224186535138595,0.02093682340319429,0.26536451022849933,0.06892582334447335,0.5571656845251041,0.10564725212128759,0.027681362384644966,0.018304317547048556,0.9826793224221363,0.7095674173443,0.032043628740730856,0.23354440010603728
APBA2,0.02561767869299727,0.05280139838714364,0.22527631673592338,0.2192741052052936,0.030304388886654182,0.03175197232851147,0.022543366859972696,0.022570467855292212,0.024403920082802222,0.29082336178790563,0.6944309995504102,0.06674519790298758,0.0,0.08836729138318415,0.13430099720074634,0.032823356867909124,0.22025203703767507,0.020681007343006444,0.027953989517632935,0.08275781505855953,0.13604985484769105,0.025705862103361062,0.025937453076608948,0.03188100981621203,0.6341018658161102,0.022918566792702287,0.1495795577647439,0.09656582861596938,0.05815457796883069,0.47522398662582743,0.24458213223585937,0.0596795502458846,0.08802190505133417,0.6208413497251786,0.7285611635069387,0.02713303684068836,0.08447179677970616,0.026674257249266774,0.44406822786827943,0.03245936170959829,0.8652352684208872,0.04698280727035714,0.3149632221048647,0.3695771438673263,0.9221559962606642,0.046781872646483036,0.01975097978215811,0.13277765659749255,0.46419755260894463,0.41508449503022565,0.17026800233808348,0.048752988561253374,0.357842170285512,0.04284997845299524,0.08597605074161024,0.1189127503284687,0.17880656430570852,0.44086534723785525,0.06879657854710768,0.04463470966248229,0.033736284944435924,0.6314012614226246,0.019147802162654735,0.887554257527628,0.03068574513058991,0.03325055034939964,0.02021713106155435,0.06434751245250053,0.3192207488725355,0.07184853072023822,0.02024053324158752,0.15921584951390141,0.20031618067085288,0.18086346048171437,0.3604023339516256,0.4043452305741934,0.0932055706319208,0.23385292401044117,0.13373044715068322,0.2251546753390923
APOE,0.0997286061972242,0.02235788038208201,0.024555828361344546,0.020298749166798014,0.050988284498416366,0.024213323118180988,0.044377998275243406,0.03152202566196567,0.05114622733994497,0.5598333931642333,0.7417628891093,0.03383574665899045,0.07965428337306163,0.0,0.9943238633100601,0.10143164509572261,0.1316601367326252,0.044422722528985784,0.9998987283152848,0.029669611697935173,0.0344041400678924,0.13723845932406378,0.1332134014258252,0.033782550071026825,0.4261063613362275,0.0630068173184344,0.04850376803453658,0.1036982708698458,0.029601557495308625,0.0487654883063666,0.05961635354305701,0.7487191629440314,0.07812492924648298,0.07199602741802189,0.16581561547697932,0.4942426181076076,0.1582785476082762,0.5288881992436518,0.02326181378011352,0.16779761007535796,0.0872269817635504,0.042915303079756856,0.04820364889903126,0.23855838285875905,0.029210309084814,0.04970176036951373,0.051549390579100005,0.8147173262784934,0.08418005143127041,0.93118296812678,0.043854818073612765,0.16788381525993717,0.24009122235398994,0.11602065330906085,0.030619204355339866,0.030653666478248198,0.13422356350280554,0.058374374095091795,0.04903569347691786,0.018172032129162005,0.018738466538177817,0.32144776679300396,0.050654097946952546,0.022848171210468272,0.02465132955844413,0.5683871704979523,0.040393924767377874,0.4460757737357269,0.7800191690397192,0.15005925228400793,0.7549795116860504,0.4887651975962373,0.4155556082288356,0.030483015196479776,0.030092522805640322,0.08122130776184759,0.2785517102006638,0.060988122406088696,0.023231804209270953,0.09498541887447953
APP,0.07431747886288254,0.09816510607548924,0.04855205218249367,0.13988236121116243,0.019610596940925085,0.027435256148284667,0.029550452791395298,0.022189140022672926,0.0732963669683514,0.27699856559004116,0.13086058612940818,0.1877703993438043,0.20690101684335535,0.999732743376963,0.0,0.13889751377710477,0.07589698637898638,0.10891225051194207,0.9429930432200105,0.235054372681228,0.03637781701302828,0.026236055768893776,0.04681852433858705,0.14901010335420567,0.9229560575663621,0.1501297698127124,0.11198169715712394,0.537544191043121,0.2285860816042529,0.02594049061435112,0.07200546035786873,0.12993257234073727,0.06781537945463394,0.11369679551584592,0.020906085562699774,0.29955155150053714,0.18202771924667976,0.9273992740559414,0.055357340289820665,0.051137375452246996,0.1995080909528552,0.07799294071179694,0.14424324342035105,0.0689388572753684,0.1155859265819111,0.11394196456049145,0.028673800911656545,0.9680246792944709,0.027500887598696268,0.135097164829288,0.05592115797534346,0.11524444278316665,0.02242880845860435,0.03978050492349029,0.8588566911297694,0.08326079720890299,0.026307072674592327,0.20026473845210682,0.03242633090631737,0.08456693698774867,0.03192741679650667,0.027730985491433425,0.0751534700834867,0.2101642424428584,0.1411177126791697,0.15993957371019904,0.1183844238218298,0.09125609840650643,0.08585092322726895,0.029842808588542904,0.5591106765622003,0.2700241096858618,0.04257151334795923,0.06748790481081934,0.03558186074217273,0.21902517688757714,0.1280612943215719,0.021036337308330915,0.16655898596170066,0.11056460968674715
ARF6,0.545483318180579,0.019214926435327618,0.11086179563511799,0.03588974790638959,0.025927296179100393,0.031918376122131324,0.05755032047380317,0.18941876987606307,0.06117634728896479,0.8265378489474364,0.8746530448316682,0.05100384305879642,0.03508191356792952,0.13814477209109788,0.11357632712653909,0.0,0.030457423059665558,0.09280061518496585,0.06416470410843272,0.022795257298180608,0.11978477476600916,0.08349760919224652,0.020637535030430827,0.021516862713694695,0.8120708887045351,0.6557574605872155,0.15899875315386616,0.044893003997013084,0.0357350471236747,0.27088114138594704,0.0700664722717963,0.0501125296574478,0.6716980946531248,0.028659753834353634,0.06987954050834923,0.9993262483600838,0.07491920909921664,0.06574305580148292,0.07724865801727249,0.05580387280476885,0.03505191584721782,0.06526421703573816,0.1871520457144424,0.9616001236565409,0.05997795246226578,0.050957688170799924,0.02148841180489573,0.8891970264544649,0.07343618684562621,0.543290785654795,0.07708270470169984,0.20799601806777454,0.06030439245166556,0.5450834204110141,0.7137256740091174,0.729949622327251,0.020437312118307332,0.07805046860511931,0.04264972964915463,0.1045958148071534,0.28462565181902616,0.0910995171912995,0.09155343237756501,0.6044020189171088,0.034598384610564616,0.019607089348401666,0.24342697135481262,0.019332814600414864,0.04409822647270363,0.8542861250990744,0.04935093679695478,0.32028841460646323,0.48350245528733055,0.07320198241930516,0.044044756887484764,0.07085586721990214,0.12041957376394069,0.06427743565309037,0.09507306325556562,0.021045542079613597
BACE1,0.4570283773886963,0.027953085921511044,0.9544492333536597,0.16723325574827588,0.033723250519657015,0.021467287485711167,0.06696738690207206,0.019471976369855346,0.032629561611020055,0.023714338736118657,0.04939923081239599,0.449561910508921,0.18083631374607634,0.1260372065260949,0.052064717046950655,0.02769489145432533,0.0,0.25262239374332984,0.06460599746631343,0.045362521430582704,0.03629819403013069,0.09941417446121359,0.021138277778875246,0.06628220993822191,0.5871726136167513,0.3954223547146642,0.07021302411971456,0.2649156159644264,0.032827694941774954,0.06568380878524506,0.4633684644403432,0.057717587408043794,0.01938475604375752,0.02670695313897866,0.07957411935222175,0.9681253549378229,0.029876770022894975,0.054018174390987814,0.05032754601591996,0.08215981125570325,0.26916717050118777,0.028803430111004436,0.5134290448646275,0.5943813371835616,0.9688973346798497,0.22061963094662843,0.11520343666023423,0.01836361021731093,0.4749090080567204,0.9466844430811365,0.09590346706908641,0.02026709269439107,0.05605595754945324,0.5800513552712779,0.41315445482857593,0.299729513423682,0.4335023349567488,0.024732354054252535,0.13061196117007934,0.2543264344078729,0.08783707677957114,0.14775129365705336,0.022158241208740045,0.07452978238218855,0.23781892471887228,0.10109068853473122,0.2583270419372534,0.02478495606506184,0.560473348975017,0.6603278506806137,0.4060618589047025,0.27263265080757443,0.12769266471660257,0.042486372816216256,0.1882446124692096,0.03489088624492032,0.12233657517232295,0.05514137116007029,0.09217518069522333,0.2894269777347263
BIN1,0.9285050640853763,0.9980505984900632,0.09956778656377886,0.01935730730912576,0.0784789211984195,0.170013352012461,0.028921673850577825,0.8887408528389881,0.8213507987478104,0.039520230021378756,0.7786432422037285,0.3327995721430555,0.02335270031955051,0.10636017737677239,0.2421336487497678,0.2492742954969136,0.8807939360003084,0.0,0.10690403677012786,0.07928848336456168,0.23670857932236977,0.08069667405534332,0.03767794822915578,0.06786399115004829,0.9158814219129571,0.19145411302466006,0.19736857500633911,0.0250852208569871,0.8306966658682414,0.09714896378465716,0.523915588345759,0.055473785518111066,0.2633210370222547,0.13356409688724719,0.43329428254113234,0.829571106332074,0.18663922423933563,0.5359929100794328,0.018909657692523,0.21729275556910432,0.10884169762557908,0.1552022027460939,0.2406849587129914,0.05395960797325405,0.9877556392059704,0.992173975156044,0.021063184765370755,0.7719355183494364,0.07782181475320535,0.2712443188104482,0.019507568528805776,0.8299012327676141,0.1154166454429406,0.14648865742311676,0.0967096682368025,0.11984042424623917,0.030105812871045082,0.03731432081442714,0.2764630780084918,0.994078380989196,0.03807152295299358,0.4962466943086453,0.03660965909040943,0.17233399309509256,0.09262290574018733,0.7056148217678166,0.07336621095093632,0.9716958328791152,0.03146643333490452,0.9988305326035548,0.09253770772148864,0.05604329198922949,0.11868427343877579,0.43252718675275903,0.03214632384429462,0.04238919734332061,0.12533564916892315,0.4949377954460472,0.14244912218310202,0.047024864502832976
CLU,0.2212750098506981,0.024361504646800623,0.08646961096608755,0.1085258253233837,0.0222006097473948,0.02527129861064934,0.019558974199043837,0.01971515412069906,0.7487727069286156,0.06595303620286334,0.023002520352048916,0.17833426664842564,0.03232404420964466,0.9999996485221269,0.9641297042492658,0.08177611397877801,0.11334698085902398,0.06508296842302638,0.0,0.02976417361080385,0.16718215107390008,0.04189958153638088,0.24140336632994538,0.13714519659917904,0.33210400196702744,0.4996520891966461,0.9057168487829823,0.6594662103273171,0.07469508888737245,0.045336653458130094,0.028092474080211045,0.12655196047959963,0.2788846611059149,0.3402152930023802,0.42496924301937833,0.44760991472312817,0.7644798559022813,0.02063237487433605,0.6762854136218196,0.16754905227255154,0.09048372646074344,0.033851922122295576,0.060603161112610805,0.07322231647709221,0.01837736987389383,0.029492206632967397,0.030423535981610555,0.7126254330125673,0.2751000336631422,0.05244624277982456,0.17141619169726813,0.6356099756040492,0.06429468977859154,0.4259618603303122,0.02500835305877921,0.07558712590877983,0.054807878298027024,0.06755578204791357,0.04903030658197727,0.7877573660436966,0.357247887815411,0.19929727674030334,0.04937469296555492,0.16144466374031002,0.026201255076617577,0.026005460898341708,0.25905818376543677,0.18072936926920177,0.9262072251427594,0.16336116967834577,0.12446506500913639,0.4404511338454695,0.08792106224024507,0.02821758367894897,0.10720212529434471,0.05315339129290758,0.13582664672763886,0.040843306564895245,0.14170454031397858,0.5299778225961157
COPA,0.024165893649359952,0.060249778640436125,0.04470387456677176,0.032417751318790294,0.02226079905551122,0.26126227022257015,0.10027043552807817,0.5984547214022116,0.06531650160141315,0.024818207260717037,0.028559729076635246,0.1439893077881494,0.15951520363885804,0.03940422899186857,0.3376054055744541,0.024578823862594912,0.07844791015071834,0.05798128430519976,0.03130453350245258,0.0,0.9940651697199121,0.8431863277890759,0.5696386712197049,0.999116534652883,0.9996240093091976,0.048355623990870136,0.06057842034816112,0.47577876256129553,0.13809419602737,0.08038728265976967,0.07438550236183068,0.8222704192878287,0.019975337378847817,0.023851365074643978,0.023330047248160807,0.03865572148689496,0.022564330786592566,0.03330505436803646,0.2575549280240289,0.27610489433461105,0.27432764432167306,0.027021418768663458,0.019088780083188598,0.3527956399703041,0.9730448667955475,0.26289486720666155,0.05453269469510781,0.0629872274346162,0.5638333988008334,0.8784853982963003,0.026791820913627168,0.028840443538832517,0.11441634754066729,0.02316799317869228,0.08414409066561016,0.2421915627911996,0.43981388738610755,0.06819079562588617,0.35515156463674835,0.11548365330449636,0.7834589609409904,0.22629134565339398,0.3548417897255269,0.033496086782021046,0.4218891796347546,0.8597840351896414,0.03462154275076146,0.05012424780831371,0.8346321214905945,0.30948255530550395,0.01821796117968607,0.09398615324407573,0.06013430418740165,0.49514069665935667,0.037208308082878436,0.05183164966679145,0.3185023289515725,0.05848844692970139,0.021189741067496663,0.5060422737460464
COPB1,0.8806057704359407,0.04084252097180123,0.059319117870954,0.04194709449342312,0.028040827529727506,0.018046857087684883,0.037597061445886225,0.36209301563602087,0.038815208720343795,0.02186315945109608,0.02394034022914431,0.04285978743497274,0.22134141818932573,0.043521242646001934,0.03702055782904511,0.1543721124110015,0.047875177174399965,0.11160381245045489,0.15329960505230567,0.9806921456659428,0.0,0.15965567834725836,0.17225138378927488,0.9998147244006025,0.9574024452946022,0.9780090632643087,0.06020388461601332,0.04376295978906213,0.035755388747463375,0.06677726290376215,0.13167904215890874,0.4043055471754864,0.19032063715958353,0.6982693311558034,0.018000459195538426,0.03013809006330932,0.12716787054735948,0.0569268224685427,0.062403443225055685,0.13760654861795535,0.06279928477260333,0.020927557841468204,0.1289683477939602,0.0878343145920903,0.09677807274741047,0.03216539633261598,0.09186216006164032,0.10564559273312889,0.2780983234812185,0.06114104067890623,0.04055637913392538,0.02065216225564477,0.0633942951742734,0.020548134217156087,0.06126335475269257,0.12612390654740271,0.055813193857233837,0.0637474820023877,0.021299065199362338,0.45302012706462513,0.10547070365778656,0.14446947614659292,0.13799903863714638,0.0326238635454089,0.07291492777835953,0.10550374412793066,0.18472057510485151,0.09457677196480357,0.06293227173273863,0.021225210037596542,0.10200509699190757,0.7906467393564147,0.018107479609593455,0.2223330141551031,0.019985407871235393,0.032148374591946985,0.24987618765631656,0.07573210836799935,0.04226442924947067,0.04127155297150015
COPB2,0.31894352540700277,0.023109999811280826,0.2687670885358755,0.088131335176118,0.01909580958057446,0.10337727724969926,0.03298433470817575,0.5324273713732292,0.0366088519530238,0.038252668262688604,0.16939149301648196,0.019499946159059214,0.03208938374219142,0.4428698833321139,0.029445890564763856,0.1605690735790185,0.3120173706273492,0.06663405868065364,0.05031939863185326,0.9088418863938688,0.26575516918671743,0.0,0.9435228064336761,0.9683165015048784,0.999898103524115,0.9999768098605887,0.04074477365996867,0.2932245994418978,0.6080228888294998,0.7083019610700129,0.12339155121444591,0.020768271293821403,0.776273701083508,0.22690487190260517,0.21171897521027194,0.4023496593564749,0.1015652485598574,0.05531948072933067,0.03368396463578577,0.10449694801560225,0.7927501350782105,0.026273562818149212,0.2516241664797596,0.11699049041043295,0.08421616656963143,0.27013158190992853,0.04368030610796524,0.03331957227068773,0.2625430394834788,0.9949705016729625,0.02239512002508065,0.024660396940513588,0.3278536200004434,0.1525154138861738,0.04738007714058414,0.02827443200237665,0.12931687358407762,0.2470148966137748,0.14466863370842498,0.07489324601418079,0.057046737816295566,0.3437850782427762,0.0575525926577153,0.8120054505488394,0.15792477182775136,0.9181501559397076,0.026743324834362404,0.0528923515517904,0.04605708320631258,0.07503656934625168,0.41036507412294077,0.19919929639025843,0.23068432943051148,0.07592364844357108,0.08222500203984096,0.28843586013377176,0.06272624702749113,0.773151849267875,0.11536852357130219,0.027265311991353177
COPE,0.3485995094449625,0.0515871905711809,0.023779050079060813,0.08394822811773997,0.02194501909311665,0.024800812531440865,0.024909397352012752,0.09551575547071794,0.052835383661957475,0.06330502349210354,0.22875477416869455,0.4640532122573194,0.02486628457193055,0.12115286244217595,0.035629506450609486,0.020065937967652273,0.021042830157313792,0.02555042117000283,0.1086712060867493,0.19489834701319386,0.0899940357152948,0.42744665720614067,0.0,0.26237757253894656,0.6487020284190445,0.46032777277591536,0.07696784102178868,0.8801798600147904,0.059036408072512044,0.0359662183311139,0.028466480033303612,0.37569021305596795,0.042328098143730127,0.06055756920955101,0.19654597273498944,0.651332251227331,0.11023973248009926,0.10622350322008202,0.4950579089281039,0.04102396823395787,0.03599692743705112,0.0423111702166483,0.027325179952299446,0.06790226457967241,0.3292495055999336,0.05239505979103901,0.1282176385161945,0.9911222395069066,0.6849012017705285,0.024400059844569336,0.2856167437644056,0.05702588934581666,0.06325947001980826,0.04019618816596806,0.05961594157332317,0.2848666379084894,0.40246857134721187,0.34856801302002044,0.11972959385964348,0.8458623592221447,0.4685664657634105,0.2846112442310803,0.02387836151525876,0.022309261082433134,0.07230419467901944,0.025318275659775277,0.11482689998822722,0.16652835132827964,0.2763290287483575,0.018321824013148934,0.6014838367350225,0.08981231840728046,0.024546344011419807,0.026833377392924976,0.11028307349114062,0.14484881047675557,0.061435812390886926,0.05591261276234241,0.16546632104990075,0.04102448624122569
COPG1,0.07447144462700263,0.04074018132128741,0.05212294592338822,0.7435178526675583,0.01977913822267992,0.0719457917248023,0.04553567121115562,0.07341886485238348,0.4375665157402388,0.34187784981915104,0.09011934200543228,0.09894727626003609,0.03415979472906043,0.03835211809389037,0.12312826273409241,0.0215515620254012,0.08867615575461184,0.04017999732894,0.10153546765575608,0.9883198291671024,0.9991618542904278,0.753899670130294,0.44088951163763423,0.0,0.9999999993313653,0.1492410454131514,0.17770957015843739,0.0238389121334565,0.4409008474744603,0.12513207189694842,0.04388077127705386,0.9638946964556014,0.20095758452015577,0.7986371585150629,0.058063012477214196,0.1638868500386737,0.039488704232430984,0.020907858933197736,0.20443833844159895,0.14991061457851815,0.08426118588008638,0.036648872639025075,0.05612641075686711,0.13612792109522381,0.17279485648256085,0.043773379766556826,0.18911949543300224,0.6214328474898441,0.019521111822353367,0.1635614330833053,0.040121418024277315,0.8813692447076135,0.2794295882669637,0.2680003836605404,0.0877934006186109,0.08410384682303955,0.030334271933562404,0.0657020996254443,0.027618299489101248,0.28188956345702354,0.018345138247913204,0.07727900696761131,0.09392176485745256,0.22033658394722921,0.12334089669435695,0.07399909674850882,0.024863629477489473,0.7058733664507818,0.8846483406638813,0.2103101728716635,0.4342466181422699,0.038571299943101635,0.1380896500916452,0.130384129620997,0.3246608319604218,0.07932098978162487,0.01804638183661107,0.3339253188397172,0.22034144133707878,0.6810796542731264
COPG2,0.020042549646321503,0.02831212806719234,0.03154877463260774,0.1386881666944335,0.03330598447331786,0.03871374825121622,0.027083966065035797,0.021525141358685485,0.08095696623599456,0.01995803000463252,0.23868239728874105,0.03329348914943147,0.10379787470041744,0.08395440106535748,0.13167364103599782,0.11838015897599669,0.11293446353413739,0.06803063881863454,0.04763813019771432,0.3286232486719087,0.14957274317691208,0.32941267224047033,0.13176295786152806,0.9938168208740814,0.0,0.06324129790272146,0.04111711825849602,0.024822131308170584,0.09204886625829607,0.0840486836888186,0.04684938107643171,0.01838847312464649,0.08135358316262166,0.05915057936340004,0.047692309028685785,0.06727246865245563,0.081499399776562,0.018703263361384722,0.040161240603747046,0.06191143193408126,0.05031116681995423,0.021918617394988425,0.018808362301855248,0.11334475969900032,0.13513775478108975,0.13533365624983168,0.058169424086998295,0.31025916097358747,0.049920647159993246,0.23597215600123267,0.04932050413354717,0.039036254824521624,0.02727444828159744,0.09826500668372543,0.022882434792952898,0.02297564849140322,0.038301518237453716,0.03941724397470001,0.028083405185443285,0.2613986475778296,0.02484602738398823,0.025875714639928285,0.01904812709220184,0.27794081294011563,0.03740620456193907,0.020315145649031446,0.13240722524772472,0.11064833848448115,0.16581876079354613,0.021539116085310474,0.07114444633295126,0.026047772299376354,0.13298301102590865,0.39488434613029655,0.10502645115062158,0.07997010291369228,0.07821932151474505,0.06782628378124955,0.0462859686662389,0.10620925466803206
COPZ1,0.10031618966185935,0.03501879428116167,0.050334248817494674,0.1684792326216478,0.018205343258179164,0.06108103424873733,0.02862195875541308,0.22243266994035477,0.12117105789732184,0.020657081330768816,0.07259682230608656,0.036389650187455956,0.021493366420008424,0.048571584640864314,0.06532002260928035,0.2827073985673189,0.24721530571186898,0.04760535912330282,0.14249211686945545,0.02963170739449029,0.6207217667451076,0.9327355960071287,0.30798033019643906,0.0744436786651342,0.16301978329352668,0.0,0.10519102156905369,0.12745766205978362,0.02045447942792522,0.04242326429494851,0.1383072643839854,0.028279031549059995,0.04352002568161923,0.038777201552941495,0.4358436131658481,0.08600475199446828,0.02676409812554457,0.04475733198363626,0.09525215764098709,0.0478232688716894,0.018337278403120837,0.025003044083788808,0.03849688322962481,0.37330062220822385,0.5511930590449188,0.09134309303568006,0.08332542774839384,0.7120038336983168,0.06876086077559115,0.20110574928632544,0.02100918231458332,0.2182063529035056,0.06737117091097988,0.022039556600642076,0.047452678440088804,0.15394338366776364,0.09626073494890597,0.5660253818268308,0.056984962128396335,0.18498086046409043,0.3116688439967224,0.021132290762012125,0.019291232510741118,0.0353022752879327,0.0483131137716992,0.42168214064616255,0.10509949416810688,0.03018891637309714,0.24997382211018276,0.031754733147025344,0.02133693518305667,0.04096526424793967,0.1854672874461388,0.07863118669891155,0.09313395864337658,0.0635391147442077,0.1292105560662882,0.05136445743358845,0.06950601922549818,0.06799772374443852
ECE1,0.3003641285057911,0.04214626645374801,0.12754006527534034,0.01835327134776778,0.03051129741752984,0.01921557457974347,0.021463212038231455,0.05283906780295843,0.2459179309269661,0.027484751112459186,0.020057089025767576,0.09010930507961727,0.08885551842609392,0.039617655587041896,0.054538428987535886,0.07960822391123623,0.05472983718564139,0.04858202070194395,0.3718862229104296,0.03339361851103632,0.036482975542005386,0.026148128372869173,0.06105733555441711,0.08522473616625655,0.07954262579671059,0.10631618086237793,0.0,0.07477717185704372,0.037388212856468296,0.08075734679723262,0.6756549709919673,0.03518690423432712,0.025717815882556103,0.16365521685472198,0.27098692504238026,0.3754541900962913,0.09848533574784328,0.07117361808216645,0.029778421804629265,0.11721866335929663,0.20630035896356955,0.061894815767272,0.06188155684105164,0.7410133995615796,0.06991936449733085,0.034740677319033915,0.026850766691755394,0.1374869462249798,0.22982769185090676,0.47746349753271844,0.019110762638503632,0.1701856792424777,0.05669083383847195,0.22634896807430777,0.02822042827481226,0.0254813164539433,0.20110715999960957,0.022325312367829593,0.01990129325713478,0.0277448707156492,0.01954159171111774,0.16519512404381317,0.03842025024174774,0.025312974945600274,0.10334364213044159,0.3176197121231513,0.030256675514332476,0.022029474491758405,0.021436355843645352,0.036697251944166905,0.8254700238639471,0.029214004714832043,0.09486936214988499,0.023412424861763256,0.08465254619613179,0.04429687284239053,0.07629360366471583,0.031834081753466636,0.026612893382059095,0.040234745364941725
EIF2S1,0.23280554285703814,0.14494411119875386,0.3228540812479154,0.14874665461294523,0.022148305927147362,0.06373605337559146,0.03779876490642938,0.026597108683533356,0.13851166257853118,0.04530160937581704,0.08422404464863865,0.019221884131784082,0.061746466176945784,0.07135564341081949,0.1708661413424231,0.032757564669057104,0.16440163483670506,0.020464528119977232,0.18804298196770614,0.11203856916927632,0.029915011581869305,0.06860113748912285,0.7138985739955,0.021582820348106557,0.0319440743100701,0.12449607957779814,0.07282588391696052,0.0,0.03809014062371675,0.08972665897167405,0.1307986926927348,0.15002372606728664,0.20733388824943347,0.19101591514648736,0.03692080100165747,0.9408198026329279,0.05047723534980361,0.23076438934890472,0.38411220006235797,0.0614126852828461,0.025021178080279316,0.046237917710838745,0.37569108466632684,0.0198597645516056,0.589403431025937,0.023769510237103674,0.17081019753065593,0.7174957779176013,0.02302412633623446,0.6252629544592998,0.08197392380869332,0.018618781652611466,0.09198075020668688,0.11469492257132256,0.178074042784844,0.04481876019953385,0.04534412262690466,0.047597604142979574,0.05663082574050812,0.2522725986834795,0.25986560048129437,0.062493724758553075,0.03944775269649044,0.3200188044717386,0.02311795815343339,0.3980750560589809,0.23100404705514946,0.7073676296026473,0.03940120171613429,0.24771737700384583,0.02946449730370933,0.032508750557901825,0.028168305619587757,0.05501889334209297,0.2172239931496226,0.07997238148550004,0.022878380905239436,0.47772002015724646,0.1395007177535118,0.19334616990752176
GGA1,0.06751844246811117,0.5712350850540022,0.8943922259912206,0.02340968510342488,0.02963669836299269,0.026685483410259093,0.104813813566997,0.6304676318467484,0.02724841727427713,0.20258264580580526,0.208472970156994,0.4923602441225643,0.06234812322045549,0.03169812737233675,0.16458814351681353,0.03464348591388553,0.03623982354945215,0.3030944768193774,0.056334033360618,0.08085513063580782,0.03189691417814651,0.24918120910246874,0.07427056587650058,0.39145077044265225,0.6174495788140624,0.021654934899088606,0.05111584954038949,0.05356764642882588,0.0,0.49851672414261744,0.27033268932634047,0.727360643820969,0.5991871210233091,0.04447126568237339,0.28077189473262093,0.9626231437951036,0.020282647923154304,0.13799598108847805,0.07797672014822034,0.27098395311286216,0.1523275896093332,0.040000915999314886,0.6060556333347666,0.7150546121200055,0.33206274888827314,0.06890288479892927,0.0886485118610987,0.32135213683813585,0.32986788651053667,0.07931826802680177,0.018194289813665578,0.9336629551535433,0.06238977971678405,0.050432191615405846,0.2542465851641345,0.19999552647451407,0.043027894522002834,0.15043273507955116,0.12606006286665525,0.14584373437609852,0.09169703856277653,0.06932311504318157,0.5260966005003945,0.1624780529194539,0.038303480732933236,0.1737658731520275,0.4895525657621631,0.3814827281915323,0.921636588942127,0.028290779023919528,0.3651093090326489,0.2627614550951785,0.21648419450285739,0.02537926950748261,0.10019803348135287,0.03698354270399488,0.3558682527883409,0.022191269609750576,0.039182285342946765,0.0357299506618518
GGA2,0.4151229680692342,0.024892092845875735,0.021789661722847152,0.06145460696912345,0.037912948020877406,0.04046400240682228,0.07352310340847137,0.04637980320973624,0.11773800150355146,0.15180866926851685,0.7343743103395134,0.019500083817410453,0.560224690465317,0.057377261097735506,0.024781333209707046,0.2581355123770189,0.08374988525595531,0.04871966289784468,0.03834224351155297,0.05515322105610746,0.05534368728736416,0.3250193069482336,0.042082274317842824,0.11842862657214133,0.5801054153525425,0.0634263013780496,0.1553035590660252,0.1860775769419563,0.5234554219191699,0.0,0.2471535565895244,0.413098746747137,0.7049574593533451,0.02772662368162928,0.46095063430767846,0.12485908265023812,0.02916495736984995,0.399775191912243,0.20037641034271825,0.11173063709441841,0.5496170637216389,0.191364131739026,0.14872885830544574,0.049289987086884104,0.031172732055487113,0.1476480451850866,0.8268867202808684,0.019880373217987635,0.07456116126482443,0.9992869070883295,0.053693973437251345,0.7095689280927165,0.8780326086623162,0.054296255039639536,0.2314720550626826,0.9843567393944671,0.21208250295132847,0.04074680959607759,0.022250094247991695,0.23075422426524575,0.853226914917824,0.21378326434907824,0.9335959418919869,0.2163249980070781,0.2274885757293712,0.018035295535454295,0.06369139181049796,0.034251033874987326,0.08900859834474772,0.32160595201564557,0.04347386443048216,0.24215958940435586,0.11003218103839497,0.0321025113230601,0.0215263360249595,0.13995510347790915,0.16717253849855093,0.0728449548407798,0.06888652646241886,0.07580054219708829
GGA3,0.02764589297551795,0.12545519252878087,0.10646628501735644,0.08857519689121011,0.03383702879526193,0.08373717959387103,0.1643521468901784,0.020696390243264026,0.21789446946614976,0.02657614795120983,0.08293009925695866,0.03549561655621664,0.20430769287392156,0.05867353069282262,0.050569645779951544,0.055700101246740824,0.47325233065676564,0.12031810779516418,0.02448003010832607,0.04423833875497403,0.07760297592221302,0.054844919943275346,0.028984021526042538,0.03742842957829088,0.14663398436439015,0.21692967767968596,0.8683550770709495,0.20919767075578738,0.19868556271073268,0.1736073668683286,0.0,0.08928079975756187,0.045935061943713225,0.03262172823852562,0.3702647104273301,0.8875872787399609,0.029699273044975237,0.05266063845002322,0.10336114813229709,0.042901494255217436,0.023158654273751914,0.08668806066195944,0.02341203537624252,0.19834427046316247,0.02143214534244247,0.02626283150829078,0.021013580576286738,0.7507387304333311,0.11725735014958324,0.03324567648956543,0.052022078790813366,0.03311124640138968,0.2664057508124088,0.08596587945710771,0.13339183957073142,0.05129399115187724,0.09645165958078074,0.072324660885676,0.04672454575898988,0.027243237510055345,0.27678599842648166,0.0593597589303438,0.09518212130821119,0.08794097925338948,0.018226647921166107,0.751704344478212,0.07616869290555708,0.018326709533198853,0.06510086109992501,0.07549785145861046,0.05253827597860577,0.03275674719298361,0.019019676510368382,0.18914489217246702,0.024863565946798907,0.13448791725185696,0.0700764279426628,0.17464196825007966,0.020682674770121565,0.1014495674811253
GORASP1,0.12897715709158833,0.021336184954607828,0.19723069291791773,0.03913406937864234,0.024761094247483798,0.0495589915749237,0.025318028634516564,0.034643130623758504,0.10676010872101904,0.20249992038772618,0.019051923430655576,0.038580634911469236,0.03790103688136251,0.34678645994808327,0.04927277954175752,0.03187477457931691,0.039835203023899986,0.02617198398160611,0.045516469210700294,0.15773502545644688,0.09506395515277608,0.018994922807151517,0.1727068012254236,0.5005197168680525,0.018601250844335625,0.026300037791431422,0.03149663367265553,0.11161080135419711,0.24849228799350204,0.1264977637205026,0.0533821014964084,0.0,0.4185063950672356,0.529508476128774,0.07198456937237649,0.09936444944338202,0.026912225620701127,0.03350956666000357,0.250036407155168,0.1409272306540353,0.06662205907833361,0.07602410187885524,0.16472930217721204,0.03998634168533978,0.03738667892219522,0.1216322641824318,0.04642553195194489,0.0890588607813707,0.28472764244666565,0.08429088879065004,0.03997896401786924,0.22690403405875875,0.1588306719476132,0.0831666263670139,0.21152581324268133,0.10818552946077067,0.025468332600495285,0.04044019593806584,0.020456347931330516,0.04283121220977351,0.09788881267116661,0.04010387043894765,0.05392443102699258,0.4237384587834084,0.06029386369177162,0.0271371826327678,0.036953881936122666,0.45320486056772735,0.09033839116214774,0.09961561547642887,0.030292238383118987,0.10207551785255392,0.018765710298329172,0.3731391085432519,0.05703022360905817,0.04215384338898904,0.2091626026003334,0.06194458778026147,0.07487885018346725,0.06613718476533288
HSPA5,0.07042180870627143,0.7716310779644159,0.4743083855524207,0.043236501560055214,0.023403357956154263,0.07823758811493728,0.03008465904169841,0.46339815524571465,0.0898279484396298,0.31405702704725386,0.5489191588051354,0.02750211486082875,0.16961549977536144,0.16591057639174386,0.0839231545228606,0.8961911227522468,0.020266552133772705,0.1547709855748703,0.33688815099275354,0.019953550283313838,0.250792387485583,0.6639233170724362,0.07212313676403072,0.3518143968640538,0.8377321285090811,0.09952965148430605,0.03617241897936032,0.7894121147182485,0.8829521787548844,0.9241142920449105,0.0776736422704091,0.9904745897421153,0.0,0.9841900601153449,0.3869673309035641,0.05536825658210579,0.0353939553976741,0.2395309195278743,0.0325295246202708,0.027358413398047884,0.04706566808437645,0.18458346306240472,0.8221573756279378,0.8091262758106711,0.3078365484941945,0.019499788253087784,0.6199510975175795,0.32065070710249577,0.15916240524806294,0.856522160386591,0.07133609046991476,0.023619807611924913,0.12703385102041145,0.032460626595669534,0.05557322107333282,0.03858479370861817,0.04677296291697343,0.062294044020126,0.04167184211953222,0.2665751487527386,0.7743426883855667,0.05589384333415297,0.6633242843339362,0.07579674785243609,0.04090442621203744,0.28540527056917986,0.05813247255498703,0.02101553719260119,0.2393762979097515,0.08051510225996639,0.056139741460742326,0.5398736480742347,0.6370712659849368,0.03948566556643173,0.7801266827892709,0.16203082264218677,0.9286260133028236,0.13124399351688593,0.03898349696484158,0.0680311960397314
HSPA9,0.6323019394657939,0.20811322957062756,0.17932132502221068,0.03731430317713738,0.05181217488321294,0.022408352387557368,0.02117320054680761,0.14615116261022587,0.5760280264660376,0.10209594172454393,0.14674002111940795,0.03701156644268633,0.4629095834484401,0.06462659268563055,0.06549756357758052,0.025772205220530923,0.026104707352645234,0.046311617862410476,0.1356325636075791,0.021216857793639684,0.32179975581999615,0.07328451592035137,0.05839370491127867,0.5273612978964074,0.19908836303505933,0.04399910306263553,0.22208983601167245,0.2733701840085105,0.03745077637070959,0.02530768304747167,0.031345162330207316,0.84917038844856,0.6906567115161888,0.0,0.5839997018613802,0.6644358325956321,0.25561730240374286,0.051042993995696645,0.7953952729004037,0.2856322575697006,0.048490614747580305,0.44051659197980253,0.5033256031545279,0.0200831723775771,0.057072649808842545,0.06672111841897858,0.5020164763524749,0.15251756554460588,0.14984834945183506,0.15298400971909557,0.02217229684679903,0.028590505499554282,0.4360415871714565,0.03447357070717083,0.2580208807425773,0.3045951626801444,0.15183392214251346,0.021566804956461207,0.0585580044483674,0.0347399742716825,0.24985492119366629,0.04293418257146454,0.2162981566875871,0.20662369196827096,0.018280612957897558,0.026205078569890575,0.04107632788651181,0.6932655610908758,0.43301955878033743,0.040669030925536996,0.5847487401146914,0.018418568963560557,0.12521962222593175,0.9014547554203202,0.02357643697678486,0.6005676877621114,0.14751952057952417,0.07342470263130212,0.08591406749767529,0.16807696293182642
IDE,0.07371476911458591,0.07097241179070846,0.13504812817315992,0.08468702751821328,0.03245136505925506,0.019395783731151032,0.021400971509508843,0.2394385016001389,0.2439773424329476,0.31094585983695805,0.7074521316791514,0.13897486541145465,0.42679486616700907,0.10915796800889616,0.019678950136730794,0.04492564641383333,0.061055034648012776,0.07449173623895534,0.12590551838779382,0.020523597607340568,0.017994514238341305,0.05880933537408441,0.13911667697440494,0.03930719201840794,0.10372592105952108,0.4462923127180133,0.2739085483218389,0.037572374362776675,0.13495728422652636,0.20191016371641274,0.23206958592390428,0.09449223900739312,0.10086048363762112,0.4404642476489682,0.0,0.04159236756328285,0.02808667744804399,0.024286274803505446,0.29920570029790333,0.1233119949355359,0.04301632170002437,0.603146572265375,0.17121221132404835,0.05764257905482958,0.13379575237913308,0.7214849968258478,0.02134636129250466,0.18548351517418613,0.6982072753444113,0.5956457063654182,0.3357961856770022,0.26859630325638345,0.13767570689275074,0.05638991128464231,0.032017107753869234,0.10522697855539107,0.05565050202409858,0.14100989157489696,0.021555057224114445,0.0293988552940735,0.3674140513198907,0.08249284487495392,0.0867532400174893,0.03339782580039369,0.10274766651024739,0.9564567494297662,0.056395046400020646,0.03150749405169625,0.0743800212211717,0.09967241646641682,0.31714117084743043,0.0457661593452746,0.16029193468143701,0.7959172897740785,0.1681783146608378,0.021132637879927526,0.03970547348723466,0.09649239180159551,0.02300399543193519,0.09322921702095836
ITPR1,0.1629274643773619,0.09158639882928882,0.12357273880271344,0.022668378919447493,0.022202804192472465,0.07575710884639171,0.02554317060952803,0.041992690350247906,0.08429260435617515,0.1834204936902846,0.9148204482806237,0.39419475015286987,0.022687614656972954,0.16870153550967934,0.07098352803935613,0.8494438340010765,0.6438997810967125,0.0895025512707624,0.08345360645014151,0.02418038766320119,0.022616097170576062,0.06006660271470911,0.25877245959998113,0.056845169437936834,0.10966919390032508,0.06041207918155923,0.20778988855778222,0.7789959939553629,0.46277510495959034,0.05040041326201435,0.4303251036802618,0.0864619554251078,0.027972124357987956,0.2848414658988659,0.034042632169395716,0.0,0.019388400117169212,0.05008953937330567,0.7810917032722254,0.09691492494976961,0.03055085536467078,0.029376477736026328,0.21746130568757976,0.32084191904207665,0.03993061413745769,0.02938671844624474,0.17455678398796567,0.08804727629105229,0.0956743875827324,0.256575240003808,0.027959122208133808,0.02235982188760502,0.0885960354108102,0.7315187186043004,0.06212229406625099,0.031142436275226695,0.05855382086061355,0.10510914750508812,0.02456023633589098,0.12560606689636944,0.021809760548168026,0.6950715399221193,0.051248655439359726,0.1420324804723324,0.06295132079871635,0.16233022844928302,0.05099440894154178,0.0210356351798797,0.07679234178472188,0.6030519973240122,0.021383265344849994,0.05090998239878902,0.11331682419500376,0.05559046305735116,0.28934352418997433,0.019907415651318303,0.4693886434028499,0.3107176019149233,0.07760798215241196,0.09827077148377104
ITPR2,0.3824581452140583,0.08371895720103012,0.9953034622856975,0.23628512661773687,0.019152228961947442,0.07298947466145639,0.08468216521771228,0.19774091594348064,0.03683866773296141,0.6644571780196605,0.0648362514076628,0.02523763684675832,0.12576055975405526,0.3068666768874847,0.1916076397133705,0.0914931132625407,0.03654364008239911,0.09285590239383741,0.7220712238565274,0.021906623814401,0.12719424621276376,0.07090018804995925,0.22363998917782038,0.043889850316904115,0.7234679865622693,0.03575221253688446,0.2847845146994221,0.10652674650638383,0.020778796919042105,0.031675592623509954,0.03598657518054454,0.041186097814845626,0.03262048064885637,0.5887419210559754,0.03851091097270831,0.02131081597304515,0.0,0.3328000625712481,0.02584485071308309,0.0681286127102628,0.9868008951889404,0.05551185865632593,0.05419290601889949,0.048223304074996955,0.09099232386152382,0.03559666096769763,0.03177723549341846,0.25679244067062795,0.6434213953237479,0.4224467289533363,0.056756983264745264,0.06656896790804298,0.05105193992413512,0.2265503466340564,0.04324544463745796,0.11061064353423972,0.023647172713859892,0.09496335943198443,0.06687814098346949,0.4082124112013481,0.21458130257971944,0.18457859558758566,0.038467028812200675,0.13200350312852424,0.02873879047088568,0.26694480879844235,0.052378274059855345,0.22741211326705402,0.807024405895421,0.06787680589014573,0.1291089983060048,0.08268107409339434,0.369231633400027,0.04630607135490939,0.023882353617288993,0.15291200744550304,0.19056529558563007,0.039461127934603234,0.10663969574185785,0.1870367669076711
LRP1,0.02257559288050685,0.12416803142305251,0.1863156206472506,0.20921255998376648,0.0720677699922671,0.02005178857853226,0.07649015429277747,0.05803792083038011,0.07051821026296798,0.9472213026473127,0.7127536569118229,0.8022301926843608,0.03347289194806888,0.951697679607807,0.9869381908657003,0.11046317680701165,0.11665466188898607,0.3771481221225409,0.02116741227583598,0.03492971888995318,0.07441378517759689,0.053665696158488145,0.34136407433806476,0.022233378876600755,0.020944813720793327,0.12146129608618463,0.28096782801646886,0.8905053814124222,0.31651378013732,0.772718796499385,0.10998675595090936,0.08603644501429801,0.2888533413582986,0.11782002631205543,0.03398403682163826,0.26225562795882046,0.5244937156525219,0.0,0.18708245428752804,0.030626337068515908,0.12370414137942126,0.03695547039738606,0.771899304221077,0.06049256036976423,0.7276781738448711,0.684396358131766,0.02373820333868432,0.329043921340888,0.05268899015116712,0.10008134593693832,0.13138756147428252,0.02506450641836628,0.02251977950508807,0.941475805435449,0.6554399880414347,0.8968850712979739,0.0280818455891796,0.020129151654759706,0.48727820513595144,0.4647346765938469,0.05367606652025683,0.5173847148415069,0.5583912136829419,0.0341672201837347,0.04841612530226754,0.09291044115609887,0.13513658945456153,0.1541667353624739,0.9993029256336181,0.23890185115174323,0.8754940968576128,0.6753369106510264,0.706608609735667,0.1979020115810172,0.042283056190326365,0.028286691960497386,0.9247795961762023,0.04992790031664501,0.07499594994398869,0.2989401244247308
MAP2K3,0.18088672640750392,0.01813253292831084,0.1528253257161704,0.06872931175893916,0.023620281856674738,0.02369837910086104,0.0768234608064108,0.11576055909794795,0.025358233789805302,0.039245864328805294,0.05427441546643729,0.02230768198659982,0.24310931780660813,0.02217780865003931,0.03590570810354075,0.04913131260706037,0.04252820445741014,0.018354878122659363,0.21384535425344342,0.07740177454655726,0.03798206812230582,0.024134722448033254,0.35769436096420115,0.09853996765537998,0.07916612443063678,0.10031579249683831,0.030172584322348577,0.4234800233823305,0.051856364490456705,0.10202710261026265,0.07714533494803476,0.39465464784378396,0.02454509879044075,0.6774739768481586,0.3134274810543302,0.956745170418016,0.022325388753323128,0.05812335287957908,0.0,0.11789611591078936,0.07617388345759757,0.05405042774103656,0.0448880274316161,0.3674152938841723,0.23494132768709966,0.05631950686514012,0.019300095189465964,0.14415375977944006,0.08693007264217224,0.45344977658229246,0.0737322044467081,0.11339499507120825,0.4286453628141491,0.041355361682625616,0.19892658363593238,0.05870793118737964,0.06696297257734425,0.020516964721901235,0.03557420175243655,0.03940484530576657,0.026413587394773598,0.06658963989427652,0.10522516978045988,0.1008337022159437,0.03723793109254253,0.026140245228702078,0.02865277243697191,0.13942937088327165,0.22976416365384714,0.8849170365363339,0.5706368793380585,0.13723636896361657,0.06278548564239912,0.5680028818439764,0.30603592167119065,0.0375009647058484,0.7922914411798415,0.6164074686754357,0.07832099699802052,0.044748868854603385
MAPK14,0.018735290913631006,0.21393489710251698,0.17670529335429758,0.04432056416346764,0.15726608812279416,0.0919597038944889,0.03641166045638653,0.22303472926534312,0.08629183520215017,0.04616792725098073,0.07674172645938368,0.06139945173365015,0.0337650532149021,0.22220935349933468,0.0442170841867285,0.05339484025553721,0.10538897487716611,0.07940291101829242,0.1111381251831166,0.14308253006019578,0.10091462344011166,0.05818585808582898,0.04851542404285643,0.13646722743417175,0.348754147378529,0.0734957758977906,0.24235537249581746,0.1066333982763286,0.2746002331869641,0.10824606393871623,0.04922885431895775,0.4495133275397519,0.024496410944288935,0.45995988001849214,0.2552165595159093,0.3425805715134785,0.05515458664528765,0.025784497056898392,0.2307993140523389,0.0,0.9967450785159361,0.020103583641311415,0.018931842038413627,0.30158556576278867,0.8581310975505945,0.04989558840910253,0.4074330357417991,0.6645096874668089,0.05465440431214326,0.024598696502092485,0.019234076417513058,0.02985909679628478,0.04724654409424147,0.5261393195158659,0.03209268127305999,0.3332213777283481,0.11656456550059001,0.03964046819758566,0.17478555668378928,0.15666237714576187,0.017990045771593445,0.018796898852581182,0.022311806876044313,0.12818706111592354,0.3237618991938312,0.12427662111109088,0.465328498910517,0.02217052353821192,0.09781260441240218,0.024695752765189684,0.04855663063497302,0.6690561789631206,0.16779688728861566,0.29250587869167327,0.025060393522115858,0.24343726469957883,0.025100929062821898,0.08430025472821179,0.029908110073673472,0.02687695829410813
MAPKAPK2,0.35158408626852233,0.08370431788394608,0.9253073924926691,0.0341102978766316,0.023541034864711673,0.02068549805166845,0.02501675580322225,0.2387440411026969,0.03031180746999488,0.01903514315043289,0.057437499974611034,0.0248320517632221,0.950246476872418,0.13037655435878878,0.18101190804495168,0.036634691682486016,0.47801057470870817,0.057416754482308485,0.0763435448813138,0.1748790386184345,0.05770453767029938,0.47428690865937523,0.04544896180467434,0.09168757400604254,0.2906324860380475,0.018556377617309654,0.5635880270392449,0.030821640405932063,0.19042703023533158,0.6410047359661281,0.02491462456866569,0.200673923730059,0.03957492529651206,0.07017226078630066,0.07131614111197121,0.05426498913414636,0.976713683040388,0.07814924034336246,0.16137589217926418,0.9988934106238284,0.0,0.050949325136024744,0.02392345825563472,0.11703495830555997,0.22903210329302598,0.08005001324188277,0.0222151348318186,0.9923456931086354,0.08419449089775857,0.9972426059210298,0.03928356337946224,0.5929223570832121,0.042746885143537215,0.03129210649938374,0.03228331989300007,0.47808204002751803,0.018740078346652138,0.037241456169101426,0.09142498437919275,0.9140192263709999,0.06334077865091431,0.10146746875345972,0.06960613850701149,0.42244931385731904,0.018090856438454324,0.9734863234774119,0.03169267655022506,0.1473603116386172,0.1652443589937589,0.878232836693265,0.3665324422400106,0.882878103006714,0.13280463107717874,0.18999943201903113,0.06209997467939456,0.05698469151352771,0.14762892496466504,0.12152709308315642,0.03333605347688731,0.16676544192487475
MFN2,0.046758140663860276,0.02211032568610303,0.018440167941866748,0.0591139507010878,0.17196223465038565,0.041386717140469764,0.10287369951727914,0.05266132675465123,0.03345399153127428,0.021309088840663955,0.6491194942979708,0.025429434028240785,0.09079720625224856,0.08671379641540522,0.13102580007875517,0.12585971362884732,0.04341041114639542,0.13112939987446923,0.04047435645396433,0.028924058681413387,0.02204438752343632,0.026810778919978902,0.09158069854070823,0.05296265424250517,0.04119120025451914,0.038598610094656316,0.2629816299848285,0.1544139774746267,0.06458989765590868,0.5076251541059361,0.2820456699657036,0.54387701765942,0.26272495089682035,0.9711314542000278,0.9979507218710536,0.07772883321275549,0.0806792292935574,0.03922002306285008,0.19289975859589978,0.02150068715800424,0.07966427071268087,0.0,0.02451541796695892,0.6188234851535555,0.04350543564574181,0.30623208876223423,0.1300436033239634,0.06441872784748645,0.255382902068669,0.6035352892449404,0.03679070014575485,0.0764722010509718,0.035419798220220636,0.02099938020317558,0.049441885452372006,0.038237646781916795,0.17612054317432285,0.1545910369231468,0.05421669617932649,0.9013549698109119,0.034092192683464174,0.050438045062193,0.6807815883499552,0.18758247639806594,0.055986838071641176,0.018064030194187144,0.17519666200030115,0.1423150890002747,0.8994232187837987,0.05773131459948131,0.7235248693189897,0.361228517812668,0.04339122101647425,0.03896627021988337,0.07176287885979905,0.9505098320279975,0.14163555205748518,0.1684281686911983,0.2511788456286283,0.02708594120058666
MIA3,0.845157387270403,0.0659537327792221,0.19372090643646772,0.0834446288867462,0.019742725930152392,0.05074221076770146,0.07641104018565252,0.28771620377598583,0.7818285212021411,0.022164377846597517,0.04563479296773482,0.018694352800686383,0.46674536121968124,0.06352381754170917,0.13491730997537274,0.21958476003745048,0.7933208398912999,0.10216495220750263,0.05386775677421659,0.01888350832305806,0.1158114619509189,0.13559080473978607,0.03168582561475693,0.060628800395684294,0.02052789639637306,0.06164961792575357,0.1278025736058834,0.855501644592068,0.7330892891137455,0.18067744235896277,0.025365220205490636,0.651758702382114,0.639471280775442,0.8344217431969383,0.47825916939035423,0.8567602876660435,0.05085826811611279,0.49026505833221623,0.0751725928774224,0.019052451049287128,0.02400216514094105,0.02234807720357889,0.0,0.21068406705553092,0.03155219355151752,0.1461163099815409,0.019527107431531562,0.22822080306666262,0.5370134789287759,0.09021601272182103,0.029973371269410548,0.7147011372063111,0.022960128123657966,0.0366156312502973,0.04228302964193839,0.36788919016278865,0.5229777830881235,0.28315948469241264,0.024365084204292124,0.036649144002468895,0.6715571045252331,0.018444877947585543,0.02029009319689292,0.10506163168192874,0.1111479520449118,0.8894549605766846,0.0890274442380315,0.04179704753200403,0.987923866365082,0.049238551139946345,0.5039280351840464,0.06494478702423853,0.04026800742271036,0.11919471907090362,0.06622070833743382,0.020426013433943468,0.8080553125784534,0.2898990172756716,0.020457380593592346,0.06070405080026406
NCSTN,0.07057981999730481,0.024751851268226245,0.09877112733185449,0.03456563146261619,0.06629731947170449,0.06258012309369683,0.033519651658932136,0.14540905594378506,0.6021999538404318,0.08142710127874721,0.7288153253655946,0.41989671254515926,0.1423216223620163,0.11276500656888501,0.036069549657889693,0.5324477394918233,0.28136609779192256,0.026229564147432858,0.03549730751126524,0.07387843534069269,0.04023271183837916,0.03819721314319565,0.04709619997425044,0.05841453522312874,0.27845895008793703,0.2717021990280372,0.5853131248802392,0.019619334319493722,0.2589720657604191,0.03255876928135874,0.09981378049943572,0.04100173515610303,0.16599151490296035,0.01951986493586293,0.04889883040955723,0.41739491666846373,0.0295286315473743,0.029474340101965174,0.2491879512327867,0.10741609409808361,0.05026212965221136,0.08824199793891496,0.07043312155229285,0.0,0.06327289406556158,0.02513366824241802,0.06422222466053028,0.05724844746681353,0.08804132229476014,0.9851516877310139,0.03378622927983867,0.018250736173208264,0.025460576601132753,0.033510451575280625,0.03141467351703891,0.02072201002750949,0.0841566012267443,0.12957944985918585,0.05423663592606445,0.023106807063162257,0.025758891143543412,0.061797502342694245,0.060835418718596254,0.4053291142254889,0.026609267392284905,0.19380443696459518,0.044832371606444876,0.021910032268324258,0.7088036047214991,0.02590844256282983,0.026180358619875187,0.02077933793092107,0.05198221417597287,0.036257487022259303,0.1104945463265049,0.9637503450150071,0.3861231441906093,0.08585942141766076,0.053353803809715675,0.2503673147738806
OSBP,0.0352239532772744,0.04703359930043072,0.11192156670795843,0.1708674008882486,0.09562186120534574,0.029724624406874022,0.0616562408300213,0.2573307345515587,0.035587256474357336,0.2726504096325187,0.11421618163776782,0.7015996420000299,0.8698614536363468,0.02890352829746011,0.07181269158154005,0.04849494442686049,0.9693076873388626,0.5210643580012184,0.018253025757713443,0.6717499293808564,0.060849312457633385,0.043305801483984344,0.3519739787911022,0.11692208452433257,0.6944392519707719,0.7718619140662908,0.09459169250955062,0.8150991386210747,0.23799781601455766,0.028534686747791006,0.021400767266051036,0.052743810636543265,0.1196048885747095,0.06129565423256449,0.20042106046050406,0.0645501253269062,0.05811976832763915,0.24479325024206872,0.3515000320788273,0.7217596328069853,0.13487001424021325,0.02886235772660951,0.027588177170901198,0.10630684652130533,0.0,0.2331089954000228,0.022238407679338663,0.8384303268702591,0.6862700926160853,0.8587124800743023,0.03586360772087975,0.030741970644943568,0.05414666641495016,0.13966379305680396,0.019967902166242817,0.04581076872697761,0.04011608011743446,0.13341765073283604,0.19972450245135956,0.207229561955911,0.23580958881187297,0.6153181521142191,0.05212759815206586,0.9807652700788676,0.08452743116553577,0.034734124657700885,0.03999704372982234,0.13091030453362695,0.29592567567846456,0.8615198156010149,0.27325006266143226,0.21428931406745555,0.08005185097108494,0.04520121337722466,0.11510204145622005,0.03032915689711234,0.3276608704695002,0.032560935509988856,0.036163370932692014,0.13896761398351493
PICALM,0.176415290338854,0.6736785694615691,0.5949168974692359,0.023401847634311974,0.10791215168853699,0.08345526389117132,0.08762203885513638,0.15073875409960963,0.03330568191116604,0.14843490616831648,0.8709979390718458,0.11222445408166953,0.05527080283608405,0.06455591996415663,0.10405072715137915,0.054163839618567876,0.3882733343173897,0.8268664980389112,0.027865234471228427,0.16599172364570963,0.030793506967788115,0.13927739394972538,0.07392184200556656,0.0457477535085516,0.9034498936070989,0.21943718157576164,0.051010420451789454,0.02826823579034188,0.07948918840049604,0.1728396587431822,0.029199831515251937,0.46699091573094653,0.019205983914082403,0.10639870615194535,0.9792403853650735,0.04976888005708604,0.033821235547596445,0.39135293892161915,0.10289220269051459,0.05534482755307575,0.07929850222359858,0.14050503994935662,0.14119022387771588,0.03336093092805598,0.4087729669598933,0.0,0.3274145866062237,0.10769685293311931,0.12906619262085223,0.13729825476425658,0.01923649382287493,0.02261228388802841,0.07608226447735177,0.87071900244068,0.44921951814194605,0.35211979205760496,0.960987601530121,0.01970261476563652,0.08305076336795217,0.6743532275353388,0.06559886213571818,0.3381517704015773,0.018358678339480832,0.15967750793312918,0.03542249248874602,0.06935757569863991,0.020240910104647892,0.2432783399711791,0.703495499401017,0.07459044577401591,0.0878277034225736,0.1367926515430858,0.15219764219674226,0.0720773680903146,0.02621874068220205,0.05148386219958422,0.05052551588647189,0.08990757093400249,0.01908103718970128,0.04009085049687646
PLCG2,0.018277935193704724,0.08512790111792187,0.10376073614213488,0.031858795475535516,0.020672022459635984,0.06348663700618552,0.029164432577981087,0.04987981317633647,0.0436354357040811,0.09306837303802397,0.07603291292900816,0.22618693734356918,0.01934201877329804,0.0433555475573037,0.02408094066126516,0.02036683428036883,0.08894007960789276,0.01920423517329478,0.024453417492794755,0.0325242851827917,0.04930688920562843,0.027554722761230447,0.10235219911882291,0.09628635873245339,0.158146101256507,0.09054470718176147,0.02739222488572189,0.19641350491921233,0.05851024879660459,0.49291333384148345,0.020511914940289953,0.05905186904790359,0.16822100952136818,0.4085213921912983,0.021511089413784084,0.34735705895744534,0.02546228573514217,0.02061614273456158,0.019331687699293963,0.2037058577692059,0.02065430877711984,0.04528035844534111,0.018969006352568363,0.08414886224188572,0.021550251423759558,0.13718288020617214,0.0,0.6306231483235553,0.13302421152055705,0.7802731890056387,0.03502685084660204,0.41032438778242053,0.034143699968720645,0.040185836786663154,0.21937969724420237,0.12018732778450983,0.22268107270492135,0.03882713702992166,0.05123017469468532,0.01876209092676383,0.0424709882304875,0.028015237976549735,0.2215638611516598,0.4177856485246188,0.28383424417800607,0.6416416288614017,0.1970292623508519,0.32427473791150085,0.12337850684860979,0.43826133875739065,0.23197915634237187,0.9998921756683217,0.11351792228431648,0.026768529728471113,0.05749508702888498,0.047137848895982756,0.08697448111248451,0.02513410531754624,0.09786722994064204,0.0459041112800765
PLG,0.04645937924383549,0.09048186607611097,0.2222057096017093,0.045710069551961566,0.030469661907163707,0.021403813481046904,0.02346192260299407,0.024956224385412926,0.0450835797992526,0.2727780099103417,0.36384099447019996,0.04036665979641683,0.05060902637889268,0.2609153409471392,0.26869665990878216,0.22318430348924,0.01819393722080362,0.06928285653391571,0.10470323170898695,0.027817516660185865,0.03682035706167656,0.02178893526687761,0.7227570863602445,0.12093909443070229,0.49329504368783517,0.3451518421147371,0.07395293055771106,0.3594771919879032,0.07887906777826675,0.01883944322036203,0.2301646795026155,0.06706599164390137,0.05348266751391444,0.06544813244506205,0.09169566862745661,0.07472991589371276,0.0551674912239429,0.04956228684675768,0.0738756213454853,0.1427732775496831,0.44038552939881254,0.026312406184250833,0.055539037532632986,0.04514766003849152,0.29244591456907637,0.039358867492757556,0.2571284303021087,0.0,0.09135022259252676,0.06796692902839788,0.03611177935524838,0.13891004193092527,0.033440378630757814,0.1068121911907983,0.9099512720821946,0.18709258655654495,0.03748817409903174,0.17353259267046955,0.2652067077833232,0.38762310609007616,0.09421870369375669,0.046685129649045504,0.03904823314270283,0.6277918404249652,0.02334991243908858,0.7149806235693198,0.02462617862465749,0.03044915539299504,0.03182409210519119,0.13866870242726187,0.033868219769208986,0.10459312511443974,0.025466631254588108,0.06328280388214332,0.19091333380905315,0.061520988511386085,0.2242448465003853,0.04750695779189823,0.02089584325248673,0.029298133659309465
PREB,0.08936613625415381,0.036082131808630694,0.10549084374583796,0.027538700335325853,0.07444802601385346,0.10842467034786565,0.023094330997589785,0.0393150142803959,0.20950224585783184,0.19147614306681332,0.021436568406180127,0.3530038443800034,0.3306806076365917,0.07438350285600849,0.0240913055712855,0.053446075589420695,0.41618276736129056,0.0354677116585668,0.11347545454552715,0.1794872978354774,0.12367507306407244,0.08012761029887605,0.6489400973513361,0.019144032605459268,0.14446453476791934,0.0848241697759703,0.31543557099907377,0.024057348664604985,0.2059216912988423,0.05539901030298153,0.10353335597769092,0.5667223324365758,0.06755358369989382,0.1489066654681612,0.8270446642278791,0.2072389154963431,0.28428271179638803,0.032306060659025436,0.10490796202603171,0.04394266889731264,0.05531258713388842,0.07319259991021253,0.26001113819106614,0.1459676761644936,0.6183518987048688,0.07698982087722851,0.15966328290991852,0.24814940963873308,0.0,0.994211107580411,0.028468881845808883,0.022304581367719727,0.07973188610288395,0.1342057594128611,0.02597634296154951,0.6334139015227105,0.1471403368952649,0.7367694790967562,0.05390111738443501,0.5293542199665874,0.029173181347700965,0.10421984586262738,0.2670015573658728,0.025654040856259244,0.4956495860093798,0.5094116894314994,0.12713192688436112,0.020067744204501463,0.701651112086988,0.02230714732625658,0.11460651783610211,0.1324221855751471,0.15095117513592654,0.7061311692439957,0.16758015911294327,0.08597324710094693,0.0349591534046562,0.07820781063474773,0.13491559991419844,0.037892308229722206
PSEN1,0.043817451351211414,0.0417844581053325,0.02123209268467913,0.03490289323605879,0.025637856015980738,0.019701620348620993,0.0200472920444314,0.09455136576635059,0.1449678566209456,0.02493001210060241,0.039136740866812375,0.03294908824124307,0.059676347232569524,0.16913995068769336,0.031855832933553645,0.061558610978492405,0.19282132175716574,0.030664891964939628,0.02371024372889154,0.06820454990112068,0.02504336984196225,0.11317968080817,0.020227186476183594,0.03617262208543069,0.16360732274280793,0.05799241071108442,0.09949765701907508,0.13177388397753206,0.02919637444387258,0.3808088465181295,0.022596076971645083,0.042709392142948235,0.06630653952281365,0.04340926183411794,0.11992633143023129,0.09710589789029139,0.04666359633742443,0.026281157248167385,0.09178437346338426,0.01987584567188003,0.23754008843133398,0.042164100370500425,0.028703551121263726,0.5937618980947845,0.13750616287614723,0.033039955687557035,0.15520901008285384,0.04449757122073616,0.4104142935895537,0.0,0.027525328728889013,0.10089434562828949,0.04164547866603581,0.0646121359405821,0.043812705190962385,0.02685054256623476,0.07588893168417277,0.021618817343274598,0.02470857986650281,0.04030176315482008,0.17701793462759335,0.036992371627647784,0.03551736432881166,0.09666547795584769,0.050761729705356966,0.839183279946964,0.021184855547997726,0.05293260807011414,0.06824213034540658,0.1067090566400704,0.09269361895039609,0.06681353384503616,0.03301257475366232,0.2423280800409642,0.13322658465767534,0.033187930811872796,0.03494793834069961,0.034223946907642355,0.04780836700645026,0.023311668471465766
RAB1A,0.01946299183865866,0.6726997315319474,0.025802047601384215,0.11256553491964143,0.17403691896378592,0.2905597038848153,0.1753987819835376,0.7561998235704249,0.4105167242388279,0.06712711794009506,0.8569518501659218,0.0480947625857712,0.6346943410188879,0.10486754798474573,0.09785351921179163,0.19334151149905338,0.41019949620792107,0.019517219467855357,0.3610850701907923,0.029990713343701486,0.0593189085915558,0.023187007480279385,0.9288134189367201,0.06823561741257853,0.6983238159311119,0.026762321990765548,0.020989485028972615,0.5290887018176728,0.018357343594760323,0.1149645055048774,0.14792169549277467,0.18410918327739875,0.10540554010796244,0.028451142145446983,0.9880454287212891,0.0764705970868152,0.09605194105323352,0.18486912486456056,0.41306485204622084,0.02024578137149582,0.06155924824528614,0.03948310582420949,0.03997460101541806,0.11067134548938697,0.07339445495210166,0.020025861575309636,0.08787136413465509,0.21080660217998382,0.04909391102009339,0.1698424508678166,0.0,0.9574675125358062,0.09869995068440265,0.20004324128230833,0.962509862024523,0.24235774176255162,0.022428606940253924,0.7541407496599207,0.3934111696414721,0.04834505966337552,0.46749443878940167,0.22470876909327314,0.0203626083064556,0.05003201344927594,0.196667948339318,0.686741795097547,0.23594983110300977,0.1637611349973937,0.0772034284121836,0.027540485280021672,0.3825606793147195,0.1637192225600396,0.07902889384511917,0.2872663882842491,0.052541493651480725,0.37866534208286395,0.15890688910523784,0.6031849691857601,0.15468285789746067,0.205447287043554
RAB1B,0.057676655827932945,0.05641911704748043,0.259127147472499,0.022996595416399385,0.042958291722429535,0.060119680576515726,0.02407600967058433,0.08534029565221408,0.4067810391288782,0.6245286199684728,0.5267494932930985,0.2068386142475453,0.04569903569108057,0.16861360459316985,0.07404073123342554,0.14646057204457116,0.020331253010094218,0.22892125174547717,0.30898483138033567,0.024312292035452286,0.019904220711207867,0.021567552425182688,0.06074164901085904,0.7311839453898491,0.10297896982594135,0.36898056203908774,0.2792960391675145,0.01880510595851678,0.8640498164397638,0.5505146036653582,0.03343407704991392,0.5509647828753633,0.021438219904950498,0.02979554546225068,0.44265431966002006,0.025783131320117815,0.047249463720770074,0.02188872549993971,0.16695200766632878,0.028036571886168298,0.3649726393394616,0.04002776033012738,0.45734406926660903,0.018376087251138533,0.03114732068961628,0.021566452656942802,0.5929993648219987,0.5097417053966729,0.022755439185289925,0.7275675988633392,0.38384803527438954,0.0,0.06842030277026125,0.5519213176003962,0.7158842960767247,0.08690458545907018,0.05409271285020083,0.9529032361552271,0.1937628696227359,0.03275186482178527,0.9264431170355081,0.030619416490963305,0.08931688479186613,0.5976227842814992,0.045943628333471924,0.7267373619150916,0.018453801883901486,0.24842077009088528,0.5661963210919089,0.14010879593606088,0.475826551817736,0.07166502523142794,0.03365062516563408,0.9060534916628297,0.05994816800563681,0.02817624330028325,0.024623829955965078,0.7498975794966218,0.37121509643120454,0.21410792358701133
RTN3,0.19760361200972165,0.13827718789698284,0.023524766484713435,0.051907880678869686,0.5457609952028425,0.08862911120790683,0.056946499887063046,0.11698372263488052,0.4626858064361723,0.07386785598410034,0.05294220264446163,0.5376949580603936,0.7000986063950457,0.5835319701174327,0.023139520772646527,0.08324619058946792,0.10293788697634741,0.07503904988034114,0.06972238201811158,0.10823553781588269,0.07281329793799066,0.2433696742301785,0.12946875016733442,0.46580868461760977,0.07524550049462755,0.206127801488445,0.15205674414616857,0.34260212844435384,0.0932951758842625,0.9780651980074966,0.6484652460258487,0.797993975424369,0.12210737312854215,0.9000591538342918,0.5342392324315333,0.5506733972928972,0.057317354261504465,0.02201006277094585,0.9500754991952568,0.06443679187169839,0.050527180810264916,0.03156596238612617,0.024006514641899724,0.03889750874515389,0.09748551202327607,0.10073363681449522,0.05745071132233417,0.0992492528542396,0.19494876642966524,0.4034544553635834,0.06582004938702865,0.13130892709722997,0.0,0.9489882173515057,0.134167374793802,0.5507050906270102,0.9261426739853448,0.11807796825707972,0.02202063560058783,0.21437388857972214,0.0363045803051443,0.21346863057193322,0.19925405529929827,0.02553993711888859,0.025442143193200907,0.15233100101983088,0.3434435937547199,0.10087729318244372,0.07418574007977324,0.1472020146975924,0.1597246928740617,0.08311182504232692,0.9493979353935035,0.7951940546280196,0.042603834050965544,0.02563521095518782,0.19751176728114417,0.05986569175911034,0.11589980017647049,0.025835320110257076
RTN4,0.8268567867730316,0.027447432427110688,0.45382223840898495,0.7121461264428299,0.04446716406388463,0.02010883993637972,0.022073484999796958,0.03413767542972679,0.042228521700954105,0.028619007883637193,0.0660230420619394,0.16916694015897077,0.051784521918427334,0.19512691825626483,0.03926043913944715,0.6450108199308943,0.8590788310508696,0.07314287104190009,0.35370590814538233,0.022214570826767144,0.02043667675994582,0.09263675322908334,0.05432938015627152,0.3238994403210078,0.7986646527729648,0.025211544293178154,0.6414809014574453,0.3314258523257845,0.05877900102723623,0.06205124647926694,0.13890221490512047,0.30440380584946514,0.029594782991776362,0.04530124284770198,0.11363599766001654,0.9989404561790702,0.2072525453200414,0.7757918805596922,0.06788035771504705,0.6683465138212888,0.03182344829062986,0.0200892795499382,0.037104730679521004,0.0587938076065858,0.25461965374591916,0.8936566583383375,0.06308425608316955,0.6361467951384228,0.28003802587249654,0.684624765873965,0.09078954171663502,0.8187327324202842,0.8767744610616932,0.0,0.018201063265941723,0.06539989204847449,0.03264085012457623,0.7280645715998938,0.07638611798766962,0.021811271272581433,0.07838292347343709,0.0348691580006831,0.1424054233612313,0.22396864517281959,0.020745165442093098,0.055598814135222926,0.24437388060448542,0.17245964199916722,0.2666360807002577,0.3435881269933784,0.49931734283760665,0.9452816892898034,0.022743821593517028,0.04535418010670476,0.052104831930652094,0.14123313066769477,0.08926598172764429,0.07478004760205119,0.19859201468460888,0.025658148308962538
SAR1A,0.03307556424051957,0.1590472032478747,0.05727549690054163,0.08703553336886811,0.043295161323560837,0.21524097936372394,0.04830244042693336,0.791521219276289,0.028100392489813785,0.14003660138324153,0.04280390095048966,0.02023236475024914,0.06959051415296788,0.02939267670125941,0.5039128596336813,0.45035038994642,0.3655390814144186,0.03957382726250931,0.02225742854322114,0.045033237848761704,0.041380013055996194,0.030131720984529164,0.05772076460371044,0.061336139347744505,0.029926291404984994,0.05579424938015749,0.030358009984875863,0.25541492199854726,0.16380731701103562,0.14357031350456192,0.1182871674654588,0.4367344412388964,0.03528560662657159,0.25983029777607863,0.035031753650959375,0.11518891836518681,0.03259102139043369,0.18629186617877383,0.26015263464491367,0.028696334611468758,0.027511126824078583,0.03000214837029918,0.03326607473727212,0.03815477829751691,0.019850085056933524,0.2262751145020873,0.27385448253363925,0.9988763943662828,0.026038189636286634,0.15715143630289202,0.33335265742449816,0.6302910091655289,0.06259952897073232,0.018137090863495253,0.0,0.9954600858252436,0.7227228715704438,0.25816680420266636,0.1943091128634025,0.021621088547779686,0.7453248970440052,0.03893997586843789,0.19029798606612305,0.3627659347810679,0.4458110687556066,0.04286218808860247,0.06836331006293515,0.05360251340031218,0.047154927396516465,0.14212459312730805,0.5956258829912316,0.019046754608778072,0.9268252994692866,0.027699061100127015,0.33173478133321077,0.18432538491607856,0.3731485833290613,0.09840744907526379,0.11767387588298908,0.0523926552374931
SAR1B,0.21845857964592635,0.33453026441687866,0.5012431468088461,0.022684619818941335,0.0304088492455858,0.08077735297906433,0.12966595881628953,0.6605455357791138,0.03704844300067699,0.23675650920282912,0.029681484340011947,0.27697893952592706,0.1189249251399971,0.03186126043470316,0.06226535206722596,0.6207817602368937,0.36904194744084023,0.05075309420620078,0.053319172131206634,0.1140583403476954,0.0846939610954562,0.023770510143772464,0.3734238496225395,0.07157939069410336,0.0328182713884176,0.2943820378772796,0.028792754656909794,0.06282752294321083,0.17706341891142963,0.9703269517360341,0.05612563819756608,0.28252975626988625,0.030490692304694356,0.42645540824483075,0.18291256737861564,0.04733359062274197,0.07605621575277823,0.47476290769299756,0.08433536078013149,0.288593595388931,0.33153680392434765,0.027990435588869753,0.24657276598955255,0.022468377307871018,0.0500775884841672,0.2455545752044254,0.1959998517564881,0.7370908891207125,0.789559353532228,0.05764195453297501,0.07714335303493415,0.09660671512855874,0.2614505436195452,0.05198579941156745,0.9990137981128775,0.0,0.41353943412229105,0.1698432849465321,0.06838815983738607,0.1971579250142005,0.026253346241547137,0.1118013094295616,0.31158137492353044,0.7210886109677942,0.15144694418123555,0.5407493404111596,0.1009313261822037,0.033496125831721915,0.032061744558403174,0.04235021880505494,0.9961305247091679,0.023334257163993018,0.064370863519857,0.05871020538357353,0.02632742350008149,0.4210267885248898,0.2331330486079983,0.034193783818144405,0.06541954266465737,0.028909871138108074
SEC13,0.9119734410350951,0.24390118116846043,0.029606932151934925,0.054206635863646754,0.08595988246618394,0.027637202682576342,0.05785171592369938,0.03141090461423677,0.11267541976342312,0.5436502896448137,0.9817297115960367,0.04990841464333309,0.20597418291134587,0.17563917879651128,0.024959930566561452,0.020341456835800693,0.5967969739162554,0.02416537182354361,0.04421090016543022,0.22168955593639322,0.046723311579723543,0.0677678052688271,0.5901247391247433,0.029626860607848457,0.12475879038443648,0.19250196443078008,0.44906755867892645,0.06960569283630788,0.04336936487647976,0.20524490470562592,0.1248943232002051,0.03285121646353143,0.03651443946858639,0.24006664783409534,0.08982996966216242,0.15741363664804595,0.022636710199061588,0.024334264793158426,0.11178802139745883,0.11720145102869695,0.01866543639138409,0.07841502828926586,0.41384564430933235,0.2168482311054378,0.04604460542001361,0.9273484060828847,0.44839667360982477,0.08360629514668678,0.23339645732182215,0.6743089172504992,0.02039260125786775,0.06328097152234914,0.7160459001293648,0.03033013363263884,0.8978433045440707,0.4771711145793457,0.0,0.9508947977820414,0.04619836893849959,0.08401291404496916,0.04288400387320932,0.05417823024455727,0.019005184507637045,0.037610038391238845,0.9792655224899872,0.15232877254900232,0.08916380819302426,0.07703116795237333,0.5016948762977254,0.02536474619109997,0.07153872510909756,0.018046356560705464,0.5398317602942669,0.0429707173690883,0.02330622067228367,0.6918646560386553,0.22026067272989938,0.12658334488459075,0.027155790505064354,0.7628445010861299
SEC16A,0.02416850073979165,0.054609027917956174,0.5916422427991891,0.1485169516801566,0.019759645769123358,0.026691628795836565,0.0257775446203126,0.24049011854316404,0.2851521135809462,0.45148763995122604,0.9945086988955258,0.05402637331873588,0.49740679124921394,0.06832348572392696,0.14562929285072662,0.07311830695921756,0.026064397980297273,0.02723864887755114,0.05189733107292988,0.0475032775810717,0.05178222495526107,0.1073691160154882,0.5116113246271066,0.06133116062678039,0.13127427534299801,0.8963928395949426,0.024514909993960235,0.07364966445382098,0.15028007119283668,0.03993599841984545,0.08873858979641755,0.07135706799616923,0.044854073347804994,0.022513163158292465,0.2953370561142162,0.376631457784635,0.07256874517453495,0.01939744803099804,0.021617618454282984,0.03943857860834884,0.03450359346125959,0.07072751683848803,0.21660848153824608,0.37620866339718506,0.1789485991334902,0.019523963377777526,0.05119521832255869,0.7578735027356178,0.9039700385991135,0.03184891336685626,0.24641087454107738,0.9812112420254532,0.07488813938311646,0.5803614243870734,0.4087830615836202,0.1913741871965904,0.9476647058306584,0.0,0.0775817233565851,0.03916190450515876,0.16464604657559978,0.2928771150683349,0.07319493119315179,0.16158455091394827,0.28637455997874856,0.7173301005739865,0.16446156925469774,0.05334132750164191,0.021179865928203794,0.05255527837681968,0.8588592675108738,0.8805748820575856,0.03618418572112144,0.9640512174105778,0.08688925226752617,0.04160952589464634,0.03932181594502983,0.03575114786533934,0.09454803812311485,0.7652311132606058
SEC23A,0.37923662197232155,0.03637313246399474,0.04403363026969102,0.13925290560714243,0.020271158237577643,0.05969057380934441,0.05695977807304371,0.6159262454633891,0.49779244781020565,0.08640283541740734,0.39405201171274395,0.021439476394205386,0.1215272104359529,0.08394695151053662,0.03572694447334218,0.05515695248194003,0.3436778845845751,0.16136580748642684,0.05347969120947638,0.3463866789585928,0.021798965314599166,0.11736752739312503,0.32891142332614437,0.03128131502108927,0.08553578396943094,0.16191003797478143,0.021929425472071936,0.16432688780037782,0.23505569411988003,0.023879022330602045,0.07961560124636585,0.024331978480640802,0.0416406518861097,0.12651187497172695,0.025589229378048844,0.03987027462266906,0.07956704878489262,0.40655642565508165,0.06524045685331013,0.3373416373039478,0.12813361742798174,0.04589926365290946,0.02594915308273871,0.1981862719041638,0.5384433383392363,0.11575390494175361,0.12122401043624434,0.9899463833487459,0.11161431117477262,0.06811937065634487,0.22179578649779277,0.49892811026999634,0.02211582895699974,0.09866995026980853,0.5856307398368213,0.12052882081413238,0.06396900914287815,0.12831185827349292,0.0,0.7205070942995935,0.12129525953634998,0.17110030947116742,0.9999764847481674,0.16556018488769822,0.041517310310318516,0.054059506263186244,0.02484709043586303,0.04499760167119894,0.044294906703130424,0.05032073211245065,0.0637632544169598,0.0670896399957951,0.14744183555929818,0.8319379243443575,0.05952024200906863,0.022459237455109676,0.027001902073962282,0.27489224432463627,0.018536258286133964,0.1731663583717013
SEC23B,0.019591013719083065,0.08032456131869406,0.4625965394802249,0.01909300802521903,0.1281047972313152,0.023952391435264935,0.03224342473929739,0.20767426686121862,0.026888817338630966,0.018186195623685217,0.18977593464990403,0.07137854603160908,0.04040239427096729,0.01816339736174475,0.05504013688569245,0.07457156086440579,0.24173554264627908,0.581887290687482,0.38809908376459323,0.05681940371443752,0.20722861917791882,0.03964259479880873,0.8496351641146141,0.17204246501922668,0.9237079563898332,0.27804524059758357,0.030271106330601875,0.39455762717967935,0.10624845882592533,0.15256284573851814,0.026873740844388587,0.062297525435444125,0.10250743749792383,0.03558810748961208,0.03235493367452899,0.3204170537200507,0.18701068445667351,0.13821274716269685,0.044990062149468525,0.1119774595727027,0.6833749514833153,0.31513582773525634,0.030518587338680046,0.025519146397737842,0.1965720907939799,0.3933709921285081,0.018877317559969003,0.9054336292932389,0.5705172728129483,0.13830193432576893,0.028785024105306003,0.031824278915532,0.09042857013398047,0.020695071744621117,0.02175534492758407,0.15542041835394366,0.06521589954442407,0.034573542871535176,0.2755055831017174,0.0,0.2881337197338685,0.09005056550622814,0.9288396340460643,0.11218747901839968,0.5549684412744714,0.07839045545998644,0.04972467990873708,0.43478906154084546,0.06880075130196443,0.03700457300823011,0.04433912136686732,0.16089537812632973,0.2627191894684176,0.1726376874068763,0.17832480595178976,0.057648799993620214,0.1064926207644957,0.061492173303273404,0.04529184151818491,0.03567479024914627
SEC24A,0.2791391910723929,0.19342466264812083,0.08366732497547377,0.020626640140205352,0.03551199720864227,0.022228624786177122,0.02555728139226672,0.026921579595660255,0.14429842192282666,0.0284219655887038,0.14711285484403555,0.039515425527889045,0.028934721160710157,0.018592726752961704,0.025502553959710992,0.12884886670629037,0.06760398470538727,0.024372647610977505,0.11231971192348343,0.21742194270077458,0.05225844047172203,0.03090103426340452,0.33281028891958353,0.018226818948935956,0.03274548793938956,0.33047419252025956,0.01957460855640472,0.2834489573190932,0.05806307404949362,0.49888014458866214,0.18155745558131062,0.13916091113053428,0.21760853123144516,0.1904056100916089,0.37987058963568165,0.02327527352371704,0.08311902104328285,0.030454455822502398,0.026355685383837566,0.01798892067243469,0.040339594798086416,0.023866721550068668,0.26205017682641346,0.027532358436423987,0.15936538249902343,0.041496079008643785,0.04146485151412426,0.19845954448482447,0.027575480274153578,0.8127752396657625,0.07939261572953654,0.7818414764320292,0.026166760029011065,0.045111139615804076,0.6108435373721706,0.023930973726893373,0.03325378765420749,0.09031074970587351,0.04977999608891664,0.20212557436589423,0.0,0.027445320345869707,0.023392386195836872,0.6878241388857974,0.022265769123056913,0.6281419954488175,0.21853658644487697,0.04480891963979334,0.43640698803906336,0.024888045916306945,0.06916990360910044,0.04103367424750326,0.08143510369696057,0.0851140179740665,0.07742020605837452,0.05798718643813487,0.483303869191005,0.2780722312558935,0.030476842993678185,0.1465186194929067
SEC24B,0.11528981265221527,0.39685562127004487,0.10349487850191942,0.09154757016258737,0.02158493004063792,0.055531457525075927,0.020857114476581836,0.2562703781825635,0.875838701253337,0.7387832557075324,0.9651560208354175,0.23640522553655857,0.6884168504734576,0.42212917285949986,0.025988522637823322,0.08430015806754847,0.19920690403509636,0.14771068273163884,0.1266272729968387,0.11872429073173942,0.10345880670835521,0.1392559604709742,0.41970635868369444,0.07117145605991596,0.046026529669627364,0.02267319135488717,0.35430010809407175,0.10732379772391737,0.06890717893022053,0.20098025782470771,0.07051207708205184,0.06999304029580852,0.041243399950497035,0.05233520238044229,0.14954122785273366,0.9935583466275115,0.12821805223035262,0.21733863367972278,0.10838785563393676,0.018788120618102224,0.0846827812550132,0.03410697050576756,0.018389351390194954,0.1330504387459844,0.7646333540285599,0.2656761486346072,0.032825220277064374,0.12613138738106325,0.15255628669037669,0.15469914309037922,0.07928849046909243,0.03280547939557438,0.11980691058697669,0.03188884324824627,0.04631389438657986,0.12298102257364671,0.05338436770583326,0.2902465961363394,0.09659970972528803,0.11965249109523088,0.03245785503904012,0.0,0.19218123711481466,0.08815108491287349,0.08294364792462794,0.9738788079528479,0.0744070745176358,0.2816962056384783,0.8809189478167864,0.03546520420461288,0.02229796044554356,0.08735514689434278,0.059882691557817586,0.14687531164988643,0.2631348101843479,0.1643122204116535,0.28768148303821867,0.11428036944166402,0.02152477632526706,0.18853159262779318
SEC24C,0.40293764454037756,0.06546771905782797,0.05561537037079267,0.023789462951600993,0.06764553781981957,0.06755714931022622,0.03692159633323244,0.2948217697051654,0.2579550558760045,0.028444093164278476,0.3184490165485943,0.08012080498798425,0.019345508273589006,0.06511396859025426,0.06883147092699861,0.09848442581344787,0.02348484570055891,0.028024853014448972,0.04356722239544908,0.21437877673978878,0.11716343660539053,0.04158327239077166,0.026108847011570954,0.0996694449556398,0.021204038462613334,0.020097166563659702,0.058878508934692125,0.06277224495517073,0.623413467500586,0.9573959563414142,0.14355198954229448,0.13526198746406087,0.43867437204800097,0.4217590759718539,0.19461296365259761,0.14604534848168182,0.03604071394397615,0.2929331947711616,0.24114264910364513,0.022751337269079713,0.06794977454032719,0.31723825922371934,0.020217947968237934,0.15615588723040252,0.06941149227514273,0.018354209492538374,0.528582660290921,0.10377478798913457,0.5186592891844511,0.16699370964740629,0.01942042435250509,0.12916334599094156,0.13470091858103173,0.13007372241655693,0.3670480412835403,0.4338537763345319,0.019096834519959943,0.08351626261808816,0.9995784659786439,0.990087085320896,0.02696552547345467,0.2362678326838695,0.0,0.10195654533804849,0.22287427007526492,0.2983788824811113,0.031186521035953547,0.0347500946384704,0.3462531200406582,0.3909982814457381,0.06972333007990206,0.08094801105484314,0.01961695426480869,0.04611234092434797,0.02076179000290677,0.02580635256508791,0.13062639027582876,0.0180901358769001,0.05494172659116082,0.0497662241898514
SEC24D,0.03716997531377467,0.038360010743228694,0.21157308329476102,0.05000943947944561,0.01847309803447319,0.11401363001508417,0.052464456878966385,0.056998910248092775,0.06944772464354246,0.1901361974272987,0.05387801058592276,0.0990661208895399,0.6600009377357929,0.021912409867617805,0.08744146894648121,0.2807394049706904,0.060153624964001055,0.04733123441734172,0.06647070577160297,0.024949117717827658,0.025786321070262432,0.19519585760031105,0.02169109249207622,0.10672187633030922,0.8551441208073661,0.036415853350044186,0.02565888923401759,0.3640073815126482,0.09196189031321195,0.11083044498557493,0.06843439441914398,0.6471105590538456,0.03894859264685263,0.16531576295949632,0.03411865195220868,0.269465230959964,0.06160448147879372,0.024605523977388438,0.10303621709552307,0.07586963929689187,0.16658433106474466,0.05403076221261603,0.0568080765974338,0.5920947398761817,0.9363725103050926,0.0777255701759304,0.4091478718345966,0.948375025815803,0.024760588185751883,0.4983254770698094,0.027410887578890954,0.4056086347393399,0.021755032520499405,0.09398377757276508,0.28339627997428285,0.4514137956931876,0.03059403446161168,0.09163927467407577,0.06084769784643477,0.08869968218139873,0.7071484377945261,0.05792056322666361,0.057573694751594996,0.0,0.020639922357973288,0.06561529852112609,0.3477180817223044,0.10153837979949171,0.4699266150145695,0.6021168736511157,0.02888348665785843,0.698532812483252,0.06653777507752043,0.4649599221139487,0.0633131441022038,0.029407191878254777,0.25712131179740244,0.022661300400119412,0.047214922000221864,0.06839096300818003
SEC31A,0.8081968025268946,0.26196257782866234,0.16590288655721544,0.047146149202635504,0.087655407053825,0.1530729872203469,0.04634269292020412,0.04413138512112038,0.3859693356430289,0.29759349463026785,0.04201173038417789,0.029911445518112083,0.03967991665094197,0.029705519202649345,0.20160137023991154,0.04301462923331615,0.6531512887391979,0.06685581140431411,0.027366501035019575,0.43445866863621996,0.09111794729883946,0.1332501889965595,0.172882502904061,0.21457110732330287,0.22426341503730424,0.12602217553994347,0.42537397114006986,0.030044948969311338,0.05159389853328213,0.4494867564036017,0.018376651145546184,0.27380428837969356,0.04172810126080709,0.018499865443062005,0.4178320408810469,0.3608168563738999,0.03105253293679148,0.04569227244844829,0.07343378949253754,0.6331371600067074,0.01811748450828044,0.04833051477197357,0.16527210248994795,0.044633890075112155,0.20397310035104013,0.04220135096734535,0.86855984550612,0.03869573942017794,0.9493376443309962,0.6655217466624634,0.12412046466292684,0.07862251420735668,0.02586235132093553,0.021394284664751365,0.9268772820531258,0.35086331391385117,0.9990004504652347,0.5813067135341636,0.04240063808042066,0.9552006697027887,0.027366295227368404,0.14783197069363702,0.3806219031737874,0.023462565441585353,0.0,0.27170679245339363,0.034422711199706225,0.12256510336797044,0.7439541353486819,0.37108835481232233,0.024867325541878833,0.05517145906980909,0.031603194003395556,0.2699979397870062,0.055948237000018684,0.04112717575944789,0.05354875724602906,0.21609593004740765,0.08938090398330356,0.11082492144090868
SIGMAR1,0.02370709949414035,0.1071271145363962,0.2473432088056709,0.10880583996619668,0.03560249595032877,0.14215654237802985,0.027292720646107084,0.04066748682355948,0.03868371392676876,0.03534080219276946,0.0662662716437092,0.021925677964366615,0.023403776514992137,0.1147603945136582,0.03929404551609766,0.01859206392489433,0.04112686954864938,0.05267042249499121,0.020247273529965266,0.09041029111486541,0.03303560422065134,0.08981334624687665,0.0212183610124903,0.03107731688894007,0.02044517066383705,0.1346585997636713,0.10592935295195874,0.13127427874427133,0.04659526528105235,0.018005450380522495,0.16388297551270997,0.023920983494300222,0.04336220113866993,0.02169992607569443,0.5177971807614925,0.098457903688829,0.047455656951904755,0.02832054684215005,0.02220286732593567,0.03986134028663787,0.220085409406727,0.018005560676292155,0.13750222286547928,0.09341145119185802,0.024507756160504893,0.029544617213761355,0.18517316715962023,0.5428030950653588,0.12090898081954111,0.9567235215888897,0.051342426691886524,0.15107122045184276,0.035105137272312376,0.026791748968594743,0.02774794539289774,0.09762036371456627,0.043515233982510504,0.11752348497966261,0.024961219270702786,0.03686210185103812,0.19134496172973933,0.2844695155818089,0.05480577686167502,0.03717607963665661,0.04168009995714631,0.0,0.024217568197340448,0.08758357935865574,0.14616881598483178,0.07358849090621818,0.09679935652826654,0.029641619043766984,0.04327395814403859,0.10334015245415538,0.3462632791146369,0.18916133447983502,0.034971479241243913,0.019964491699300237,0.02004839525602365,0.06762975529039585
SNX4,0.03759169181560963,0.07662213504450578,0.05870608502238867,0.08610997949251889,0.16888076876129654,0.45321866143090056,0.1168454335355342,0.03325628254101611,0.07418052726895279,0.576952801612066,0.02149257751339105,0.33663089063444407,0.021265410711861256,0.061777992036111826,0.15398600993621403,0.42423314625940245,0.6544840203752781,0.05316503423280602,0.3042911428209059,0.03411550302249118,0.2365348181272007,0.025520444614098615,0.3041296695641916,0.027190091339136174,0.9705629404584791,0.40736659165515426,0.04892071633100196,0.8218528833113449,0.7935465590877598,0.09355970533991273,0.16047035018888284,0.09277930350976571,0.05731266520972848,0.07046635626529739,0.15205503924591224,0.2203781867203152,0.059625365575136244,0.11338679855899322,0.04311468557928747,0.7656434450114822,0.03562079485708818,0.12459202971473513,0.11920962371911734,0.13249140849328842,0.06250556386891847,0.020763792727842866,0.6879430566686446,0.04370106558485063,0.372361524944063,0.035709906347646266,0.13572795162197274,0.01870850883843915,0.3507370429876223,0.34660211457590584,0.1561659850522189,0.19751891979739383,0.14720742744161794,0.3119792879384307,0.024755153465986904,0.09049604671317757,0.7646619408006772,0.11995314854407173,0.03536993470723491,0.9075299550926191,0.033632019850078236,0.04836730158909676,0.0,0.3869620610128747,0.474403948276736,0.028307581291392055,0.8505670996322904,0.4259994318780031,0.0686970868859385,0.1602936321638227,0.024575213658862533,0.023516799035885265,0.47439153933423733,0.05794190703383769,0.045593312915136824,0.024049713902332976
SNX6,0.04758342247941334,0.10505255328075268,0.7174700594872365,0.01931923467008627,0.046744155370292674,0.04547621406301062,0.05596685001108517,0.026084909212432793,0.12548121968458706,0.018510589004725127,0.7650339981007502,0.07635666857500249,0.07438856763409354,0.6312452153665248,0.07797556063528924,0.019340428498878782,0.026659431572768587,0.6220211061505673,0.12880119216623676,0.0394153830749194,0.0777631897831365,0.03792507383277378,0.27293208543458475,0.7022999187339141,0.7829615870899554,0.03943133983070086,0.02443088814935327,0.9714491063010237,0.42677173994995987,0.034864674565267574,0.018401052109245888,0.948565567066465,0.020278264556962414,0.9071519319739453,0.04166107846496861,0.024524467404683236,0.17295427282243486,0.08507407342322859,0.31253026346419016,0.02238988044090728,0.13184884818604597,0.07162876049065844,0.03948519387541413,0.025430031404908078,0.19523150433605843,0.21722569700253075,0.6686904160421949,0.05721473293450569,0.02075579666496799,0.4181662513734131,0.06950894162851777,0.36866018737791917,0.07091334652981672,0.1447409591407074,0.07360647355320046,0.03601290142489675,0.08190230164146159,0.05649464957654531,0.03656208930894413,0.6681847609089825,0.06872789894206593,0.3192697916810314,0.03385599035180577,0.2051948661882663,0.07779990845686859,0.5842149507502009,0.22461243356857766,0.0,0.44217715943232594,0.6562179423926545,0.10085463388677825,0.025532642949137895,0.022631605892369976,0.22611501576369622,0.03187136867860654,0.5858627763299511,0.8849371153791323,0.06886154603689616,0.14543995156351666,0.037003601214722036
SORL1,0.02366139092433758,0.03880841015266985,0.022439892983902383,0.04424055229004902,0.029092608460966316,0.08621368747011565,0.018470647912769412,0.03859622645856576,0.024014419774466278,0.0909707012818025,0.03620470035046359,0.021012172734557494,0.14671744108195942,0.4755163763501152,0.04343869687582896,0.03148879794751006,0.3144275681947442,0.022125898834911048,0.3510873697033348,0.20527078370518118,0.03571021517854337,0.026903222814401325,0.16408481296917482,0.4297241998561179,0.5156208834706613,0.21885189968181212,0.021190593886463154,0.03797693245127157,0.5518437368700009,0.05036469641496503,0.04757551586085988,0.10856085671912029,0.06620528921366343,0.27004404436706614,0.06752543129194191,0.10471998311781351,0.2577700648966197,0.7155972044163652,0.18846699695237087,0.05470899819773217,0.06824237702294768,0.1818291572294355,0.6980047344857696,0.7876224417477155,0.16434384867248925,0.24066439385170676,0.10102451411598465,0.03926940785861907,0.48116406257670274,0.23447256218314758,0.03097263186336143,0.30038710717479966,0.036196737519366314,0.0901555328453914,0.03910141083752459,0.026835227587393286,0.1953453185127538,0.020007633691080003,0.027713391472706947,0.05135014070783565,0.3607673419269845,0.48111296667721953,0.11875529099178256,0.3740685216639569,0.16157825551573327,0.4056719002314321,0.10700202170954949,0.1581432207359975,0.0,0.026474590440709905,0.04360866891294486,0.03431132608585766,0.024744262651874765,0.19852504851808325,0.06561357206564662,0.026438429069344016,0.029399294384510204,0.13942280696838807,0.08303002200701574,0.041068881181140195
SORT1,0.04179583578828728,0.9676545748881139,0.049033999375420134,0.04452004690863048,0.02581063364671452,0.03679184601724485,0.02594060350072147,0.07652722996795643,0.6981540503684999,0.041972145677656475,0.9399327365653257,0.02086767250882184,0.10596116092204166,0.2993662700647895,0.030480301725384504,0.9383454797245766,0.9334985916133006,0.9688418720084414,0.15470921837986093,0.2359468175137106,0.021283114321382933,0.05657103192408441,0.018479946542491698,0.287363802910164,0.03191402741850651,0.04868014084461969,0.06199871155411572,0.7617591885375767,0.031247932462110183,0.46904589444595424,0.1308657642672922,0.4454437925932362,0.06893955597779758,0.06113494177818613,0.2968137833934386,0.9978821392890891,0.06931993708366214,0.15823214504862285,0.9981917142503072,0.026419054238346104,0.9260378941702996,0.043657604110993266,0.05327131026390841,0.03769140360806838,0.9863820134024123,0.0854311527281803,0.9056079110598468,0.8316029323844676,0.024920266872977274,0.9588710448852024,0.02411961620312874,0.27518773562971727,0.12427456054995177,0.3901279568797803,0.3357796269977634,0.05426551030535553,0.027253300914377217,0.06622274811886614,0.04518618459021685,0.05117206946182278,0.031368134136261154,0.04128544513318348,0.4894812174178633,0.9689020388094786,0.2740375461890293,0.6119285830300983,0.027107745106694163,0.7998692399893613,0.03702162142466602,0.0,0.4852107534552686,0.8745871134454747,0.028628587103642262,0.18862227610999005,0.032102108667835264,0.04289242118399032,0.26099478007284554,0.020216867459834892,0.052085803226528324,0.050811314089930094
SREBF2,0.0398498582860619,0.07995935165663538,0.019184175727230756,0.023826927966501,0.024966284850112905,0.019057649376375014,0.02841753795344907,0.03711096250176136,0.18647553842745196,0.7003180727270693,0.03310883391469022,0.0512770514673447,0.01903721456415926,0.20477445749690684,0.0861375912845361,0.0279346037721223,0.11028032048781299,0.027671109017947636,0.0369509243278228,0.018061855075334213,0.03516865977037132,0.05095485690482035,0.16766844679163448,0.08322325278122916,0.09083872949122737,0.020114765008668843,0.4039469147960182,0.024964921876855038,0.08028301419367372,0.026641068064813728,0.03165181296958709,0.027025390103459675,0.02634332066502845,0.17291982385547966,0.1291829507163603,0.02084628353059275,0.038736492221892564,0.10058762857293269,0.21658989298147846,0.02823511279518267,0.06909323785232528,0.06864800838248858,0.08384660263142266,0.023895204889540996,0.08266549523555212,0.034790305874403536,0.0940979895034622,0.03293253201370802,0.052159704944900416,0.17238648874197365,0.04303885165824434,0.12011280615497391,0.03887624281463667,0.08104400587401839,0.17541721768930874,0.6434445201987372,0.03373003869062805,0.2028836952379413,0.02752936858809954,0.029386092161699587,0.04279396733654719,0.019836530906052568,0.031728945648804865,0.024200772672023117,0.019976921450805082,0.11820698993976016,0.11153920477960087,0.03839392711438213,0.03340080066929191,0.07324300532866145,0.0,0.2193740031087778,0.026832081292948895,0.024926247814926274,0.12445903649861693,0.03538669938607046,0.8311150000838067,0.027786269755632892,0.04332314348937892,0.1424523652488196
SYK,0.29758420659324025,0.03255435873500529,0.02152413554503305,0.12709880624973663,0.019416454488100362,0.06836480045817758,0.032772724985023816,0.0812311545894652,0.5532867168547031,0.02154980332224301,0.6333123223223784,0.036117732086936326,0.08207803239987742,0.2460979628728712,0.08634340275259976,0.1174175232255384,0.14828631962560238,0.027285789236601448,0.11070849504475597,0.039267816353235244,0.2382998113885009,0.05162242660187205,0.06253648731422472,0.028594574248691107,0.033372795886119126,0.03851132199994962,0.02808328171875627,0.03131220596953151,0.10900349947534327,0.09837325381028625,0.02802725323340404,0.12034471560655213,0.11363345249516896,0.018327751690609337,0.04227138818096681,0.0626231453387991,0.04103507712236392,0.12260845118555122,0.11243344590472162,0.26723296870944424,0.36475001907773524,0.06655606802031161,0.037475131679905814,0.020982448435901753,0.12036274343655284,0.059696909517906176,0.9994387261755603,0.18237606091301112,0.08984881676116277,0.21808636814082738,0.04123123687044137,0.049522760748486015,0.037859802886066635,0.45097449736987244,0.018818364928985438,0.02146551944233562,0.018024316071724316,0.4599024485403831,0.033580835052215895,0.09914912655172788,0.03781640507214047,0.05034675317686575,0.043755107626951055,0.5680066534364677,0.030158369606643084,0.03969022563603988,0.09563882513679942,0.022257678408294262,0.033936775468544365,0.2917906061958128,0.46411594234026415,0.0,0.07899656130380245,0.06403673779039451,0.04965255087842683,0.021674788383206058,0.5482237737635061,0.16757368196560907,0.028662447877867685,0.018792040507771245
TMED10,0.055254591740206645,0.038430191984458816,0.5870315975715772,0.028444299726030218,0.037867359055914825,0.018930860912066725,0.019287330739907696,0.031929743048187895,0.07957466755616871,0.07203196699938834,0.018674245387205777,0.43778128566968966,0.28317526540418947,0.6478728319735237,0.04060691793444895,0.5386915494749237,0.21117410846604343,0.06013807468564845,0.073371949447946,0.04749820230012915,0.018097901817343172,0.12122312595320876,0.02716611762656674,0.15061160613664634,0.8962184510643028,0.5071149079770124,0.22628689249987968,0.03708801405965855,0.2695820185114099,0.12584491064722267,0.019316395388564077,0.019499928842472373,0.4235943114691219,0.23441808713452084,0.42669740538942996,0.5117474301039795,0.30817329504377966,0.4070805182118995,0.11993775199724069,0.20401545048326045,0.13037199210741227,0.032978199670040856,0.0395902497276515,0.12183474716860727,0.11996642802351941,0.15117827610999182,0.25757464556797055,0.040289061516499615,0.2939227389050039,0.1360632480742034,0.045758996218089404,0.03945652579798452,0.8499243321764139,0.022534686078605894,0.9928146379367915,0.07972023824299122,0.6367997320825484,0.03896731596146002,0.10141300920828912,0.48017729411824706,0.17576322719337706,0.06822669064128345,0.019631435751345946,0.12735654288391676,0.028090391113000494,0.1806645716491084,0.05423999887148677,0.022894844598708147,0.030890626124661702,0.02741505239978935,0.04739084067610858,0.20928603549307817,0.0,0.9999915284408698,0.9999770062679326,0.040741579194209544,0.05707777815094624,0.5062610514673422,0.01821035069192555,0.04761745669501073
TMED2,0.059976834151076575,0.16797486521808744,0.17970859289815658,0.02869179378002772,0.10555461122629894,0.050437135209354056,0.022206670793849533,0.023473951645938695,0.06590753528613333,0.023673152098566033,0.036848372384423296,0.04662368294611159,0.09424832072432976,0.026715989718055735,0.03809672879394984,0.043829411093301046,0.034843750066236134,0.06845449135854943,0.022785516407734588,0.1085397262412613,0.07617189838646579,0.03370742458509472,0.024669513981331524,0.06344156772562716,0.8957757350817702,0.07322796382696485,0.02306959163054144,0.05280171482412158,0.02256426594046794,0.02611014498426778,0.1121877452538563,0.4854747158174584,0.026308053479972053,0.7423561932285859,0.7379923957298711,0.07211383441688561,0.030286881722478457,0.05457517206031127,0.48269072558977705,0.12320293690814824,0.07587604285312481,0.02469215727075643,0.05536735951651261,0.038789070186842335,0.036506481076421106,0.04131463999689168,0.025717984015647177,0.10067895003612583,0.49575282377910795,0.8668048257057475,0.05441956062003122,0.6640899933401547,0.20314911171509908,0.03059367271336351,0.025542323095158772,0.04128908150743777,0.03181071463713689,0.6892355687307966,0.21334350134559676,0.11006485907803255,0.07609636644594953,0.0745038668166487,0.031728208643308595,0.3783283944649255,0.06981926379247007,0.27062768501782264,0.05423499606767234,0.0935569358589541,0.20287203577973761,0.06714785003142532,0.028861311051732137,0.0662871985375035,0.9951205970379998,0.0,0.7232878429571173,0.14792596350100645,0.03788966855683212,0.0502477873009831,0.01891966105756706,0.030306973622767956
TMED9,0.5353313543500294,0.05636665432722108,0.10166552465935688,0.08560829933169042,0.02700223745720682,0.026986409043883646,0.03965303146134061,0.159432294147764,0.018796027878550354,0.03827932882262109,0.023541452051237394,0.02653905249096731,0.5230558321114128,0.03473841817539226,0.03464831115155632,0.047024915280282055,0.3389723760599221,0.026074440778342825,0.0899790463413642,0.03255229508296884,0.01985347456005744,0.05552985769865999,0.19503774484268918,0.3726635919547585,0.813485278830757,0.2320331659309267,0.2003688827848827,0.6171216224042099,0.12259165420609548,0.021908978437842636,0.027379974294683463,0.15645076797515092,0.5828913756937913,0.026212859613783692,0.46523892768258324,0.9290310294589419,0.023460699062690275,0.03438146173705317,0.7326427889719686,0.026064349296608006,0.06262548757617857,0.04761137650060988,0.06584449764599762,0.40027525701199407,0.19285624786448596,0.02635344934287199,0.10443198197602722,0.887700869435519,0.3432218781945904,0.9700176442679803,0.035649145309204266,0.08281195423220605,0.03721745353756127,0.05087333698572524,0.6417405450964064,0.02833850896136853,0.024011688451434966,0.10488434193075835,0.048405630920450915,0.33666689658858034,0.16937282941523438,0.34505407512756375,0.02083882807777291,0.12223921643243202,0.044928516505203984,0.9955888210495685,0.023333564672122623,0.033134712561683564,0.1576423315720504,0.030692048747647024,0.7487137389601525,0.10381131571288878,0.9999821345735871,0.9889137317891047,0.0,0.09177729920252986,0.5744190176135848,0.09634573981990602,0.052220057382300754,0.39518842386760045
VDAC1,0.07956592065708167,0.019545452221028325,0.022767938584260915,0.03925044449759804,0.39671500660408676,0.03092778995680123,0.06947267463111653,0.02230447880984474,0.4631468339858204,0.24457539381885038,0.0471811245062383,0.018351771047915987,0.8162753627592416,0.19268531221304305,0.33986343215300907,0.11408649135180694,0.05395973690444777,0.036134369542506886,0.061700393257469274,0.053835096468894145,0.03591441028573162,0.24894371273844895,0.4559475035773773,0.12991194323050403,0.8629022351974099,0.21582372527260077,0.10997911376393694,0.3240425853024627,0.050248016406410446,0.2795244681939437,0.3859150711478209,0.1373237642244881,0.1778205984760759,0.9784696401081585,0.02499970757730066,0.023636908399731857,0.21900355350718076,0.027801378719748658,0.07672659006191425,0.5203613915047735,0.07797692315323312,0.8977065476145021,0.021130396395753134,0.9999984910474812,0.04279318831783853,0.06923538511882385,0.11360287074634694,0.46317844156003335,0.25180735348063665,0.23324858263273462,0.23642490092899238,0.037236523855577325,0.026284217663724515,0.2191483637052862,0.6086372966752619,0.8314048106930464,0.9441075400267193,0.05936626464114675,0.022701730470628605,0.12589998981920456,0.1740322437172775,0.3580727810352789,0.028798157835715578,0.04721041655372197,0.04188453120305535,0.9937333377372088,0.02390134138158979,0.8711728590836202,0.041761561535165616,0.04972926675573371,0.14144500664355267,0.027283130874055393,0.05160523023056918,0.7107758955173372,0.13866856192163368,0.0,0.7734316518469195,0.03924561415086226,0.16782150001028212,0.7843442124321965
VLDLR,0.181542727614861,0.0888531629736934,0.020033785547258848,0.063472659441599,0.02550645036317037,0.04274214462492362,0.01909183442794947,0.3044333736472614,0.39595211497486665,0.3648139755336214,0.24815297677686599,0.683036615369544,0.06629621990689263,0.19299475435772312,0.06388540200186409,0.07052816378149677,0.09553350196897457,0.041604134982391926,0.061098536482798824,0.09409361671167381,0.09866428063743997,0.03312246424610628,0.05372399665459036,0.01802832844675093,0.2633292500747471,0.14643983687553985,0.08320773443223403,0.023340856566299487,0.18577393132528716,0.0935910375876553,0.057796609690772584,0.3551411971773524,0.390403973618035,0.12544393671383675,0.04152661890130068,0.8028049320769471,0.08119288258246783,0.3174712581629431,0.8216798703523869,0.022991770157976075,0.07502200605319068,0.0477928716483707,0.39178045648858384,0.5911790623448268,0.23641257788296594,0.03595335444593327,0.08854614320973729,0.5763010426551683,0.03315230636644816,0.08134670375694796,0.046219905279678314,0.023427937067163004,0.0716122293949898,0.051072757338867826,0.30580042056428836,0.14266733646570431,0.11995707039865287,0.032161343628981945,0.022426028179223626,0.0874765618806779,0.5239595728563764,0.1545837599402712,0.07043578665768514,0.26956520604169587,0.0321679982232317,0.06045365209840444,0.1342849318245755,0.5609096468407263,0.03143790480437153,0.09924056937786334,0.9941858682632986,0.7012240039169682,0.03915707896754384,0.0415591205760726,0.23651461727951698,0.21444564612302147,0.0,0.04754527190167135,0.11905385226051571,0.10581362292819922
VPS26A,0.06087494681948598,0.07331190221755865,0.7913055743561318,0.1308551669774591,0.02400013856819371,0.38520498919082136,0.03926140502544883,0.7898776250055252,0.2987239671786633,0.8595174125221295,0.7880988542580402,0.6941922493245464,0.41824833429658487,0.0972488289432699,0.021199049068586027,0.0795253703483812,0.08798094106126184,0.22659591397709822,0.040168288560101226,0.05149288709761487,0.07823799782941132,0.5482789948174099,0.09373484623782043,0.4623019832244321,0.6081094988275879,0.11154310232634668,0.04891708520357707,0.9541889934052249,0.023284638559413925,0.0950771181698703,0.37106892998029367,0.21665306504407417,0.10879494990368754,0.1454449713311035,0.2882582293041137,0.9681318321648644,0.040184616228153405,0.04187983564787269,0.9757163675723575,0.11643951918823636,0.14478706177631467,0.10249541930945401,0.34868837982472317,0.3438456725729872,0.04191644728595352,0.1058203478192044,0.03151054986921325,0.19742387517033247,0.15986950370891126,0.18749840227468648,0.28080594385677116,0.9577241789473622,0.05443339742283437,0.08197996912842513,0.21548673797764326,0.04147655484095264,0.18544893128905174,0.041789660981401765,0.21865743427513018,0.1062723928037473,0.7803281922961057,0.16959821789502463,0.018102696250113685,0.026601540218606754,0.1650744509036846,0.024728759154720927,0.05228763708504942,0.08540307130430928,0.5293878077877355,0.02023326847936291,0.05773961240389639,0.6472365415421335,0.6158367198814505,0.11743734784215522,0.11145019871901457,0.03517508146117224,0.0882693584007185,0.0,0.9961389460401963,0.6103488139291465
VPS29,0.2189581712122293,0.07725965756267855,0.09053930197642715,0.07138849127116163,0.08137439657137692,0.02041533515587872,0.6385405505036008,0.09332125313319171,0.31622411590759236,0.020614069060184332,0.027551171191771515,0.039291362791077866,0.4579859736659848,0.029423392466704838,0.3670432623744099,0.23583845890400112,0.35052110362997896,0.13197489036656954,0.26256209775195105,0.021987058137863464,0.05953527970075455,0.13828408159269717,0.6987251385689834,0.5950385037399093,0.5796152033183959,0.3634754439616489,0.0462673706318472,0.8030977398603558,0.06636546402889665,0.15545278382072988,0.023626332378558847,0.5827733184743232,0.04675109331086826,0.3611122866273695,0.032538767959218645,0.7031501843096254,0.20477478652037368,0.09042562118956363,0.4099445944245343,0.04216506595201105,0.045607469750095365,0.27911934765878454,0.021809707693616995,0.30521972343887543,0.07004791471121745,0.019682347406973198,0.5296704650950799,0.030658863615564413,0.6238969783266898,0.791528372567516,0.14135037336943326,0.9360521932802651,0.18128256780218527,0.4576896663002307,0.5374223171564856,0.1693519967864385,0.035824697766274706,0.25933529630423746,0.018670614885665914,0.11150312676614152,0.06221837782339889,0.024407056533974847,0.09825416720499164,0.15805172109898058,0.12234605862796892,0.02836533417554822,0.05745620728167875,0.39765794587514924,0.5397831363347264,0.07757864384508632,0.35096492946372276,0.060821021426682394,0.018330448486974557,0.02048792952829087,0.08766416655197418,0.238064913845941,0.6394878574695706,0.999895143400526,0.0,0.9997592791148979
VPS35,0.15434176247436343,0.07020539990258666,0.14076889799360962,0.900728611191045,0.029914912220165745,0.8532953146925268,0.07735358640153216,0.8763684174706671,0.307365955208014,0.1551722818996046,0.06264110836423137,0.31138770340856586,0.5435996401203215,0.236703393872017,0.1579493159099323,0.022262384269223,0.7592930508818017,0.039141374944958826,0.6619457475545668,0.5361803882416132,0.048003048712074135,0.026476102231358455,0.0723451730657359,0.9174079030200017,0.9510870325150478,0.23900125885364643,0.09043986662722335,0.7952515863465771,0.047565069182844144,0.12810188119621285,0.2666378068452716,0.3350526743731703,0.07170178042511496,0.5572724214986816,0.37928662189476997,0.6854558157528333,0.26865958455827266,0.2704041614195796,0.10616878308352332,0.03171387209488147,0.27790927517222613,0.025811173959325313,0.08221083142584625,0.9476677604405866,0.4026429152125232,0.050052159029249116,0.10707658178781253,0.07582465661189274,0.06620424827058394,0.05608787789916246,0.1326540438481965,0.5903768682737396,0.02643883022631526,0.02788562658813103,0.11309923448001268,0.03674341012754873,0.9640998596501968,0.967081661999253,0.18823863685182451,0.05702948670671258,0.617913469939271,0.40932008894347666,0.06679240040385269,0.21884980764303993,0.11385890260411298,0.7052954802794114,0.024428210719532446,0.04748156354362159,0.10505277385395055,0.06010762226853354,0.9492417089061801,0.01982768325015649,0.06249006001070871,0.05502809735491698,0.6272020194585171,0.7785935597798295,0.39827043132747325,0.7596520652244091,0.9982769485471208,0.0
