,ABCA7,ADAM10,ADAM17,AP1G1,AP2A1,AP2B1,AP3B2,AP4B1,AP4E1,AP4M1,AP4S1,APBA1,APBA2,APOE,APP,ARF6,BACE1,BIN1,CLU,COPA,COPB1,COPB2,COPE,COPG1,COPG2,COPZ1,ECE1,EIF2S1,GGA1,GGA2,GGA3,GORASP1,HSPA5,HSPA9,IDE,ITPR1,ITPR2,LRP1,MAP2K3,MAPK14,MAPKAPK2,MFN2,MIA3,NCSTN,OSBP,PICALM,PLCG2,PLG,PREB,PSEN1,RAB1A,RAB1B,RTN3,RTN4,SAR1A,SAR1B,SEC13,SEC16A,SEC23A,SEC23B,SEC24A,SEC24B,SEC24C,SEC24D,SEC31A,SIGMAR1,SNX4,SNX6,SORL1,SORT1,SREBF2,SYK,TMED10,TMED2,TMED9,VDAC1,VLDLR,VPS26A,VPS29,VPS35
ABCA7,0.0,-0.02591075346527407,-0.020423887331360267,0.0014486572182477579,0.008634868115646404,0.01147406689861001,0.007814583363125772,-0.023904133319100667,-0.05592003432757712,-0.047256792893496824,0.0019467591135508208,0.00028417745574433944,-0.06268808957020713,0.03870577605814436,0.010777950732697182,0.00943729893817916,0.028113731840917987,-0.03534396702218649,0.029391424943724948,0.023839785823113625,-0.008271271422973275,0.008428787669132012,0.05202215188371415,-0.03780370034689276,0.04649210831366611,-0.02029437222756625,0.06484522601657211,0.028815869295323513,0.08668243882070399,0.05452595845575358,-0.012956429638832912,-0.0028308987318223897,-0.0062224485089505295,-0.06198573551135947,-0.03388085914081571,-0.0031820501266818365,0.010518049432014894,0.050449734334701415,0.018246521136695025,0.034094156162892124,0.0272210246159931,-0.05697478570964762,0.055405236937795664,-0.020675406640893873,-0.04117565946979473,-0.08356006217531749,0.034182059013941335,0.03480846309291129,0.023624954234878093,-0.009049151516370504,-0.006286306639071805,0.01329396932647938,-0.01513133596570429,-0.08330753654804826,-0.015193592556790224,-0.007555172413825669,0.032819677046128676,-0.0355285293277561,0.034735673610696044,0.04239872310443201,-0.010795168587500636,0.044852304054101934,-0.008801397991378095,0.034155656534427314,0.04065556316611887,-0.013135784696838852,0.031073126361793643,-0.023040354748502977,-0.02749662017702593,-0.012449940673065681,-0.0065499006378443,-0.015767786307076245,0.01638688107329789,-0.047919109954453955,0.011303238199601906,-0.08509199149231628,0.05355577012952765,-0.04040024398526026,-0.03059956235076888,-0.0004854784897221498
ADAM10,-0.022961465663146878,0.0,0.011153500904845355,-0.014789667203281188,-0.03931679184299991,-0.027597798159683395,-0.04035299478731773,-0.00034957009188939844,0.012379880950763634,0.007847355180280598,-0.011756613046291055,-0.0006863878986404241,0.005267819506200432,-0.01930848684428221,-0.0048745646501133204,-0.001288650059605402,0.018573921603244448,0.01894446314400816,-0.0017815554900876872,0.023032468832983207,0.023861166828494162,0.020351142723015574,0.00274627926860342,0.05763667059890505,0.020693319132749983,0.010192054162334771,0.0220193550221549,0.021536188917383712,-0.018609139758650365,-0.024292651487605257,-0.017324418947050724,0.010886550802105476,0.0322651847912225,0.021805887236777715,0.02990208226813962,0.0068160772124814225,0.01837493162260105,-0.019651486158405878,0.011493308992019302,-0.03126727503224794,-0.01700894702055559,-0.00819942110486106,0.021774426271085324,-0.020208129508722528,0.0014705903496583927,0.01644308918929919,-0.023400797468653638,0.02019414032956382,-0.005462245999425411,0.006507589291328261,-0.007842456584738276,-0.024475452390925446,-0.004306630837362731,0.023232458019898417,0.02078823483883651,0.03997339513185382,0.008287957335620884,-0.005303752408219677,-0.010297357978568124,0.01538775984730707,0.013104904475296419,0.011951777303979874,0.023666298073440402,-0.001424714444177378,-0.004622049251660698,-0.017313814787333254,-0.03486588163959171,0.038626087139085385,0.0016607674090122428,0.04437822709718072,0.0007226106049756376,0.009828607587255019,0.00025332854330873116,0.016594765639847714,-0.003679812788175818,0.006635749044022474,0.0037962441051685816,0.002275185847879654,-0.02408751786998152,-0.004747816350838064
ADAM17,-0.01911775215834369,0.011781214516497303,0.0,0.03065655593313403,0.01273396349445079,0.024868238554644626,0.023323652554735595,-0.004095017748574509,0.02534756201185189,0.009906886765620215,-0.015455138501562835,0.03651686893357478,0.04677434467792888,0.009472105034127721,-0.03511173080372086,0.04864983039460265,0.048673216326352874,0.024121859130292293,0.001940667033968284,0.007203007495314719,-0.01591715739004037,-0.0007962913138604675,-0.006570446850918694,-0.003820425535772997,-0.010124990426996829,0.0274384384431614,0.04111458352038407,0.0038039694909380796,0.00922212994085635,0.0063917109211129135,0.028632956017473985,0.009293954850176254,0.022477417944021666,0.007510414356345359,-0.025212431255952555,-0.028870035087414612,-0.004406618539257761,-0.031301556346357395,0.016109219297447058,-0.03547734118506192,0.005061075568516577,-0.007948482770610884,-0.011473349584813644,-0.017165862910760048,0.03213766180163103,0.0398907502688109,0.019397557627196835,0.003393184169999459,-0.03057792099666733,-0.013212201981048314,0.12774518463925694,0.036352635714450465,-0.04319009777306211,0.006329396307373819,0.08260369122070452,0.04929467995238087,-0.004733688772524884,-0.03162317815628931,-0.004901034758779066,-0.018337760416815473,0.05280864490448451,0.0539781088660791,-0.003133778369589256,0.010936664558185552,-0.007492369726326057,-0.005919707915579723,-0.0029512718180303293,0.022855423536608608,-0.0013095545718392262,0.005384749852928533,-0.019786986736173413,-0.04151166511737925,-0.019326853851474462,-0.018204919375408166,0.005175744805251902,0.010392561212492844,-0.006869264542951937,0.0279091371605635,0.016772161570863982,0.026528295600280406
AP1G1,0.0013561096412649915,-0.015623128555075194,0.03065872647306058,0.0,0.05563770591989311,0.07513761001919117,0.044134674973619115,0.03114603780694546,-0.03549903509753,-0.014552030462067,-0.011513747958697886,0.07401035106066622,-0.008066208194723179,0.027522516248749303,0.0031449091966499498,0.01920411739768707,0.032251060805165224,0.03341723259919011,0.007311953884387601,-0.021587457492187434,-0.017501531533937992,-0.019235154152631648,-0.012977107760022954,0.006142466166692302,0.011679444638116519,0.006068135391551145,-0.02494956278908249,0.015560247373876937,-0.004296782266146489,-0.03411531675081836,0.003813483307348316,0.020771731949770444,0.016646157451021253,0.0004278732978739126,-0.035561966463397175,0.0012370339878085153,-0.001379504255225014,-0.01672695010027202,0.02459176665306309,0.014455918353197265,-0.02917920379408679,-0.025092099426055517,-0.010274800513197502,-0.016684332427081967,0.039968790850027205,0.038291084871473646,-0.006157198007184338,-0.013147769826405148,0.014244930257219882,0.037319065946298996,0.049879067410674466,0.05727501879322016,0.00806727418424416,0.03215587972937501,0.048172975334834986,0.00488952369217478,0.01528808343826442,-0.015861915184415383,-0.014419237687900887,0.0036241545352784905,-0.023771274611405727,-0.01675036721428453,-0.032465978321631894,-0.011150934617013672,0.04769962839004456,-0.014222165289233016,0.07573402348269338,0.04209586973149321,-0.02609388692982054,-0.04390382926494746,-0.013594875046896318,-0.0263730556740814,-0.033255668490995496,-0.054804199813569245,-0.02375692386986513,-0.03059236421641055,0.03440101928569312,0.04082659513266991,0.0592997112187317,0.06858591416698726
AP2A1,0.008059018585096755,-0.04140806702505751,0.012696722505188798,0.05547106375519385,0.0,0.09563747822300507,0.07281650313245683,0.02428330568887934,-0.03670526751992908,0.00547472989047347,0.008286823598451724,0.048343586813809326,-0.029603907800592164,0.033284667591702406,0.02793338333375753,0.05859308778975196,0.03478818399632103,-0.011232158656956436,0.008324284946609448,-0.019677986837183047,-0.010123043151984852,-0.026011737233660473,0.0005802536763999503,-0.02460303532624397,-0.000981335870419839,-0.028560761906679066,-0.024302052682412652,-0.041002233547190195,0.02005890145236001,0.007206780306842782,0.03198735877794201,0.007517628513912688,-0.04808199137844895,-0.015736873684603178,-0.05586849820489268,-0.007221754375997146,-0.0016349300583701793,0.021481577824526782,-0.011556263810942878,0.01891054493448663,-0.00545513083825235,-0.007253975034940703,-0.02170823782665398,0.01445776018149033,0.02405758171043167,-0.001263893821542644,-0.03885016550304539,-0.04292781069472699,0.020484893967224693,-0.0028419679780153227,0.03698109114590979,0.045099776657081585,0.023260487032919802,-0.01600824700390213,0.0010650810339564182,-0.0442538025763596,-0.014402951542743214,-0.03498808138788062,-0.03164300721179916,-0.041563803413954784,0.0036126840035600205,-0.019707066581768528,0.0069171793713724275,0.023408543215552486,0.003898573188592256,0.013390002087652734,0.03889575157934803,-0.041913487029483124,-0.03983324904875126,-0.04443486448610389,-0.0034969114598372418,-0.0379038534488069,-0.026515335410296575,-0.01457774891900546,-0.0096451067525125,0.004807336003373176,-0.00809671796710985,0.019306278804438904,0.06462278478483212,0.037406985357110074
AP2B1,0.010892555891093267,-0.0295642788093469,0.02522080957158967,0.07619748329285447,0.09727787766083433,0.0,0.06381489009116877,0.020087307488885105,-0.06099075492139306,-0.0018424270284030874,-0.0028892586004848502,0.07342177333112805,-0.015939245288167387,0.030171454144666144,0.03204836148679377,0.06387037774795525,0.04905227624676166,0.01855388387588338,0.00893485092023287,-0.004513172984061854,0.00875335177927557,-0.016376723850826218,0.012916386146402874,0.014415297588171111,0.02242560941280555,-0.020449495372707925,-0.034672216933931285,-0.028869992681023415,0.037524283678000245,0.003851107890097271,0.04308993673921096,0.00999491517937793,-0.04778466414169197,-0.01787352623306477,-0.04487812477503606,-0.00532835729176155,0.00863334881288318,0.022120922012206525,0.0030901484155157126,-0.010304911413139148,-0.017457819449750906,-0.018117575700799485,-0.016617669003022587,-0.01639869503311635,0.03662073250001099,0.013988018617703874,-0.04710368948781587,-0.028098512810605207,0.032795123261431136,0.0025112507122295328,0.04041608321900975,0.058710617554100286,0.02588697163035937,0.003586446705949696,0.021565043122161103,-0.011523769032691691,0.0031349091909553106,-0.041887935218558194,-0.04019131567355313,-0.04396668887972435,0.003140208758339995,-0.002590855252767268,0.007901441657027034,0.022804956752597548,0.014535083645231262,0.014120694490193658,0.04798932297637642,-0.0038002273905429003,-0.03446007540793083,-0.03920648556530589,-0.014606441069762064,-0.045184369735711605,-0.02251213101805583,-0.023133096235162708,-0.0047457022149721825,-0.004456001141148014,-0.00100333925536674,0.022642390156354556,0.07604591634284898,0.05349247192422466
AP3B2,0.007512845336656444,-0.04377789014110796,0.023955032368012566,0.045326207604589726,0.07500703362153606,0.06462614134261398,0.0,0.01725173250189643,-0.028862532914514353,0.01801301289107304,0.0572554560647026,0.04102337392673411,0.02308095817692262,0.016927629750508266,-0.009437889361666535,0.05227950909006081,0.04183334564569883,-0.022920783502855254,0.023453384496156877,-0.010221701924182697,-0.030713351167627502,-0.022697501695135486,-0.026245098770471022,-0.051614183441002735,-0.014167113789278839,-0.014979955164606401,0.03593466876548815,0.02547309048594618,0.008651140314336545,0.02522748217285617,0.08491477766122911,-0.004262983036248304,0.01663437769979152,-0.006091296653086252,-0.05668048233240988,0.012629690242642886,-0.03177243759203543,-0.012588814326981432,0.004885243957444694,0.027242229733462575,0.0023719776463537773,-0.00018893149498780325,-0.009043021131844686,0.03963513226816334,0.04493957050367053,-0.00654389181274601,-0.015801169021465018,-0.01571474105762654,0.020854883914248477,-0.018258650026166574,0.019657522330490174,0.07287501054345465,0.002231465482606488,-0.06669200276542726,-0.009315527794293997,-0.030190235120277138,-0.00692568471994716,-0.037891644059710156,0.054362635933364094,-0.0322422299177116,-0.02593508835161527,-0.003832028389611806,-0.014692036562997486,-0.010100922994071043,0.020529894060774295,0.041713277736876754,0.040925657466962924,-0.05626703068195034,-0.036062344285336834,-0.03152585186464295,0.013090448963785589,0.04083965314907206,-0.03390371347928762,-0.01600122299863256,-0.008909028851855419,0.002963951349433955,-0.006771717192429431,0.03365211866973056,0.061508983107477544,0.0653202573587107
AP4B1,-0.021785345697171613,-0.00035950601254371763,-0.003987023733072865,0.030322506031588658,0.023712252559084785,0.019284161583936223,0.016354058585446384,0.0,-0.002199804861885973,-0.014557829853986171,-0.023939404884018464,0.05172703479101841,-0.05484422082613172,-0.012343929647904026,-0.016258760519601453,0.017158926754007597,-0.006030351822525471,-0.009247741426127873,-0.014523489960269148,0.019152497420997814,-0.01914778486707007,-0.027450651579222954,-0.03330582083895085,-0.01684909292303556,0.002411161745553433,-0.0004789622836257299,0.014964628330431778,-0.016496022073901707,-0.059091355292272274,-0.04768371935631841,-0.035096160768997596,0.02701233428171742,-0.0026309719005205476,0.004447724249122716,-0.026940824347450737,0.002549743107887579,-0.001402352592276426,-0.02291217161757764,0.0027507643802649005,0.03133422915686096,-0.007398618391526301,-0.013777697596904113,0.0034664809020145816,-0.011477072352373477,0.007817184697870152,-0.0050529585727844065,-0.03206321414877608,0.012880425633757363,-0.03964096830438353,0.011361233208806411,-0.009491270200223757,-0.004133885049057832,-0.005503166472898391,0.030456344187703783,0.009656874371181873,-0.023183520114771636,-0.019162691789380626,-0.020443707955048403,-0.046270367669932505,0.02399596709817465,-0.044117820704780736,-0.016773920523792625,0.010884579209220488,-0.012121614032618976,-0.01676986043677351,0.020902627268064924,0.011003941607040775,-0.02801783221526194,-0.0013811894992180637,-0.020346666844130015,0.014811781512609505,0.00965353103659263,-0.01063794295734299,0.0062286159061447,-0.014675301827610319,-0.004615086497460229,0.07060324751041264,0.02612416649045258,0.03473500879818583,0.007897707182835627
AP4E1,-0.05192824239377885,0.012972781348462603,0.025146292741779125,-0.03521466601293752,-0.03652061977802806,-0.059660622925677184,-0.027878667699586048,-0.0022414491872447314,0.0,0.01682569143209989,-0.012920687572684258,-0.041042515099940856,0.005529587571500558,-0.0018697409809280258,-0.029144805727890584,-0.021753663158760445,-0.018641525451298917,0.01282823014010322,-0.007334931763324965,-0.03176223591814137,-0.02067038648147228,-0.0040370046435556535,-0.03625527607147947,-0.02670743588854096,-0.05200915343812664,-0.009013074221254549,0.03681553467923522,-0.02970522912328961,-0.05265916351212568,0.0007745287951296695,-0.03516458418209785,0.006842789105696373,0.011817170251139179,0.02587658926348509,0.014703118055522373,-0.021564690191407537,-0.015908760364315887,-0.03385418390167064,-0.028673972676934993,0.023482522654625353,0.010711911907712765,0.02309407812820566,-0.034878330088401396,0.04408736374812122,-0.01200279199697328,0.019593439720171038,0.02365907337924485,-0.019376534115086653,-0.05218498744522655,0.014891095535780371,0.05135937251032061,-0.015120057252791181,-0.024948167598624907,-0.0005001508680061819,0.025095289867854954,-0.018773746094740182,-0.04208594826046681,0.017704060908075622,-0.003233806296177371,0.014858620705295091,0.03480723248920772,-0.019974129060988482,-0.010969847338064748,-0.014061691532100717,-0.030610023960873502,-0.034440031800713755,-0.029123722826857323,0.006913744026632473,-0.005516402883740171,0.045910871952542356,0.007380059404573255,-0.01651381671371414,-0.004473541289990677,0.0072972511879159175,0.007796244237814207,0.027926860745388637,-0.018903183198228684,-0.016938911347812984,-0.03420154879396928,-0.04267673766157774
AP4M1,-0.042263933346879126,0.00791971245429092,0.009465519315690714,-0.013902730186466284,0.005246164648269458,-0.0017357354955975812,0.016756889585753477,-0.014286006840983518,0.016204752195849815,0.0,0.05126253015112468,-0.019583669319686817,6.228518326924692e-05,0.0039028463799576584,0.005993662957568032,0.014650249616825916,0.03626484112317017,-0.030394853962700228,0.004260230245025363,0.001447253657425481,0.01708778913027559,0.013531936433847971,-0.007088680921320345,0.02312216071906962,-0.011291973072513523,0.0062664554407249875,-0.021396708795988182,0.009504561134643846,0.01800882334196338,-0.010802200733976688,0.02090865062447549,-0.0001507731914710768,0.030883250673992346,0.020417184018746468,-0.002634559607065165,-0.0027940070056922343,-0.01033845873348139,-0.013977119950943463,-0.02539672870948213,-0.016832063827167086,-0.00013612331451768247,0.005721439663195067,0.00971596157921809,0.044728391547561294,0.030030105756742465,0.022098120667086246,-0.026362046395859384,-0.0201598241537332,0.02795179404576274,-0.010003327792317801,0.017395189811251547,0.005491665636631046,0.017965853196037357,0.01184505421222746,0.0006977329195439367,-0.010830461164287377,-0.018803498485853914,0.03299518201795229,0.019721302044623832,-0.032546094024745835,0.03350448507140893,-0.016478059369357017,0.023449783386140892,-0.0005210956508600007,-0.0073840533606402275,-0.020656473579449365,-0.036839385761506006,-0.011607227612208736,-0.01293667356114645,0.013474880408699668,0.006906687994507566,0.01734146425989072,-0.005744430940864492,0.024536229577627314,0.007888401122814161,0.045230767339713325,-0.04853370769476796,0.02807133402017651,-0.002069710220838704,0.012712569200522425
AP4S1,0.0019177212286521788,-0.013068806248808726,-0.016264763005953968,-0.012116043077593413,0.008746512172853478,-0.002998107871709245,0.05866668081012648,-0.025875881627232263,-0.013706377548916246,0.0564634783831323,0.0,-0.03139733935937511,-0.002724759358311197,0.011397018488106318,-0.007609910073281913,0.05000230443563208,-0.009523279911150312,-0.03432256497730357,0.028439056286682276,-0.013369879755160671,0.012598706119725103,0.004795149650152003,-0.03140157534479738,-0.02225798779587492,-0.02142560651287713,0.03353655779636556,-0.05447429245457025,0.057697378526253965,0.08999947504746045,-0.020613722461157835,0.0306133198559202,-0.04211730099612743,0.02427641701163487,0.004113605062866185,0.014140618420803995,0.01678518921951957,-0.049836563903634654,-0.024772695962133322,-0.012484228363989271,-0.00747055844131984,0.014144299434868458,-0.04337341476898781,0.06018972008167564,0.0949737881366034,0.06660395305797803,0.026523703842270725,-0.02020423203241444,0.0006780028635575532,0.06764926597452711,-0.04383451226606779,-0.000746615788894026,0.07163988821713821,0.004052582570522431,-0.025441706957119472,-0.022209611193827375,-0.009710502989796008,-0.0423532675050126,0.013894307712537994,0.06989752842595139,-0.017451684065787284,-0.02118320400389656,-0.009178446349237772,-0.018730091343351723,-0.008523087878298138,-0.014847261906225555,-0.022695458486485735,-0.00416336702559482,-0.028688560558448126,-0.055587032947519696,0.020839005383156434,0.001038304005626311,0.0791092302399704,-0.013332785921993051,0.04962195561030141,0.015475316693680031,0.06426985590674458,-0.0008438352966192681,0.052595694078181605,-0.027728713980715296,0.01422817155505169
APBA1,0.00027499338947074847,-0.0007495190686554389,0.03775093773125139,0.0765060760270738,0.05012392288926927,0.07484194795871953,0.04129194955102712,0.05492357050168049,-0.04276912890979524,-0.021189515736144575,-0.0308426879631056,0.0,-0.024952552048973946,0.0032066784518735504,-0.019598352408912043,0.02389617372667352,0.024902148369251663,0.03577152510470747,0.0069301032362279365,0.036939424278398005,-0.0010343127852674807,-0.01601638801353516,-0.036969457803499195,0.036088821850940464,0.002459375712405646,-0.006687090367387901,-0.02606883114917168,0.02379456521978301,0.00656871159637491,-0.006706613970044899,-0.0075313875584426876,0.01861438105300317,0.014023547219615734,-0.0034786372775185356,-0.04774649919323511,-0.014120335295129537,-0.006473132535468438,-0.0288498914132233,0.019269884148216492,-0.009362685372566914,0.001016559287690765,-0.028687288902596787,-0.016358331451378716,-0.08857946610184404,0.05786756536172504,0.007430762882977883,-0.06848620342659337,0.015907683245845,-0.022305751172479554,0.020617768099097628,0.0382801235942736,0.03544416800798824,-0.0156163347809865,0.020512495238326524,0.006560040617747045,0.005770362146527068,0.030562098091913525,-0.02913002666690649,-0.040194043063175484,0.015640928865180075,0.041298974600486774,0.033120717375606686,-0.018734454578653754,-0.01603596524395944,-0.0046382820573491485,0.049871628266550734,0.05956005658312645,0.024431442793585362,-0.02843480883171714,-0.005921605506434976,0.01315717209894262,0.027572729215354242,-0.0019320382107877807,-0.03638347563380102,0.0055588680833802565,-0.05929232690034004,0.05606678832603782,0.031196552749755652,0.0733484817844926,0.039667824564506085
APBA2,-0.0647774426966152,0.0061425695982665,0.05163546049076748,-0.008903874343480035,-0.03277640809907674,-0.017349785050569236,0.024808127091542224,-0.06218393220766544,0.006153118942473798,7.19644221548571e-05,-0.00285820686170066,-0.02664532990691899,0.0,-0.03322430011027733,-0.016137748236633553,-0.0046843521555588645,-0.04389849143251388,0.06616235740706675,0.0060497989672330605,-0.046977411166398676,-0.019532052615745886,0.005334431093977558,0.005242433290930534,-0.006125694580005791,-0.028311294435251322,0.04029958736218798,-0.004494938964317746,0.04771112414858802,-0.02363752314570469,0.03986054320441206,0.10415755302351391,-0.05315369605211255,0.013759686049234898,0.03074403986009462,0.046257873166393244,0.028065537998890208,0.00016876396679252865,-0.012243977826334785,0.06581328432960996,-0.07027850388564884,-0.01810619422237178,0.06615462726158086,-0.04594237198046318,-0.03788603862656727,0.009944276393899639,0.05482279707901924,0.057938959943275685,-0.01357588432635467,0.004406246023170358,-0.03586884563908019,0.008988874833255818,0.0062136848885311294,-0.029562548994824647,-0.03974264491856826,-0.005191333503853879,0.09749847219147328,0.053018795064008015,-0.04335869553274925,0.06389652043549243,-0.04541961337308381,0.015481063786641016,0.050377883173377554,-0.04615115453092171,-0.006049221767203633,0.01592435917241276,0.0606702972029287,0.018561669357579406,0.04098600729341991,0.03926939729765562,-0.004265203855319634,-0.023075540600573565,0.025410266058557222,-0.02976310894628453,0.0038060187981697386,-0.03688775799466499,0.021033545408290725,-0.0921532595545151,0.001255682870399132,-0.002766981148707079,0.02540937033521271
APOE,0.034211319431909866,-0.0192585116617063,0.008944212905919202,0.025986812466050897,0.03152185884804155,0.028091689988061955,0.015562937591140639,-0.011971705608987403,-0.0017796692534925724,0.003857179355731018,0.010226147153223094,0.0029289828281648745,-0.028419152435072908,0.0,0.01588045308995876,0.010359969526979089,0.02541127566969164,-0.008621883416139668,0.015145657771996283,-0.02949383004447186,-0.009092531893688994,-0.0036145261563485715,0.006626029552931537,-0.014530559605675338,-0.0072736723386079465,-0.01623424362308968,-0.012211350306997082,-0.007153008461397376,0.03235270526560407,0.010073666823875182,-0.01085624016677497,0.0036879519642336305,-0.0013883343788442975,-0.009214932186523786,-0.027413622266562885,-0.013028777521139612,-0.002181504024927733,0.011336011296929703,-0.010175357953038514,0.022754845443465586,0.002148997008598846,-0.015588406359520706,-0.0038043607999197282,0.020451408059198078,0.004358058203211481,-0.00029648061535466664,0.0026033427109020176,-0.031056869025117124,0.019298615093648202,0.014787866383298393,0.04648931901442544,0.02174531908096611,0.007606658041930925,-0.01626388866908412,0.008663129438857657,-0.02658996934272728,-0.0022571839112112005,0.0015403385373683838,0.0017947278153480177,-0.0031460891519099732,0.03044623896713855,-0.014421055609960614,-0.01381241264937121,0.015511235117486763,0.021169272914405783,-0.03588556323359363,0.026730185213422204,0.0020572717875951604,-0.038657207629343576,-0.010915699251843082,-0.00619171875195833,-0.03405908912515566,-0.014108296384836435,-0.03094591714499484,-0.00375656877452087,-0.016315918551489558,-0.013505296798040013,0.000462514748349968,0.0024323840071051143,0.012785626069117121
APP,0.009691252291976094,-0.0049460667853012084,-0.03372853847071278,0.0030208046927637467,0.026911679276779427,0.030355480855353664,-0.008827139045002043,-0.016041304631056887,-0.02822075811739491,0.0060260170357601854,-0.006946242982357186,-0.018210867562372803,-0.014042611388908523,0.016155207869267055,0.0,0.005008016636271782,0.02198731108045351,-0.005589369936934991,0.007897388752994285,-0.02402207720243157,0.022294722189637795,0.008172865710350693,0.036550394188200046,0.03508948815080329,0.024700677754517314,-0.03204397931154511,-0.0274528992960329,-0.02026258087298614,0.006362794119024621,0.0013823321060793903,0.003987413881781763,0.002026264132225545,-0.02574376165760324,0.0019588883797546325,0.0037890019938991437,0.015786282851081218,0.031925862052962654,0.039986588778974354,-0.0034791026296461533,-0.00164407751697393,-0.026412084805489705,0.008204980432719536,-0.0006665148275502258,0.003992592173878775,-0.02009168963183803,-0.007812948721211249,-0.03476283206049052,-0.04007308871488895,0.045459470053373405,0.011734273862841392,-0.039530051797193703,-0.02268151597279789,0.04599453856320358,-0.00913217049127536,-0.028788091853181465,-0.01717147515188538,0.016317493486317964,-0.009851177025188895,-0.01952151275374876,-0.023636818204582615,0.009562803485425951,-0.034771625194754574,0.02607900100321082,0.029211088102318348,0.023387961359932673,-0.019639297916536236,-0.0010777850483850468,0.00044241760158595826,-0.024184335016501385,-0.006255093205563132,-0.003331706275518662,-0.030389529486548408,-0.01431806321917456,0.000383401626266657,-0.024255583613773207,9.453367728126361e-05,-0.046942177035381755,-0.01601430892264693,0.0019221596548998523,0.008568684574015452
ARF6,0.009172873110861717,-0.0014134261040891008,0.050517352635969175,0.01993989454590919,0.06102075976874944,0.06539502937271371,0.05285554494548328,0.018300221261382244,-0.022769520202809496,0.01592197839146586,0.04933719270918189,0.024002330333511693,-0.004406243020968055,0.011392580536276283,0.005413519819225224,0.0,0.02790867776794582,0.002995623829607619,0.017134108337840216,-0.005126960095570169,-0.0005221846662873646,-0.018510792810776826,0.0008799095267117463,-0.022193106542186456,0.016906717263458874,0.014074391571355167,0.027012639596285824,-0.018865485969361953,0.03418578087298338,-0.028531368852125278,0.024511765621335165,-0.012051674777012581,-0.05185736148790268,-0.0023477755324430374,-0.014856548867615041,0.006079519722120389,0.008993625185387195,-0.0029758525767346325,0.025440494139715955,-0.0293416839177715,-0.012323726629370584,-0.051493192974352286,0.04551454187359371,0.026076682463816427,0.03141281150994408,0.021816877253071017,-0.05286870270613488,-0.009464730476537212,0.009159323453526842,-0.0575239618075297,0.06720982057355128,0.04897480436499357,-0.021575935088103286,-0.034312899750617236,0.04268534799123423,0.029927350093297972,-0.0425685230530294,-0.11974498571433144,-0.0433158415600517,-0.029664234530684,-0.00903220873762927,0.03452030134003304,0.033330171807557506,0.05768033739137775,-0.04106139584439862,-0.0030279519895181598,-0.012555612606357059,-0.04423908046066122,-0.06736237945521953,0.014346695500728104,-0.022902263865561958,-0.032404529559726246,-0.0523978808112633,0.05159235062294828,-0.02506334919319411,0.05896416647238409,0.029190041740708952,0.03903464634079236,0.002914027583940459,0.014058374417946226
BACE1,0.028540500571232454,0.02127782006109853,0.05278793972358603,0.03497501609838035,0.0378397621376953,0.05245535540851703,0.04417403458907373,-0.006717292886941785,-0.020379256804182483,0.04116453357872113,-0.009814233307755682,0.026124456972812755,-0.043127463860844276,0.029186062693598084,0.024823985172406072,0.029149068136600162,0.0,-0.040767847606381184,0.017004557960140044,0.058159713327586356,0.03473249840316509,0.041031675389005644,0.050750098440652924,0.08760149333274564,0.0724890975982236,-0.03475768733377757,0.11341774889159686,0.02483174697023507,0.01366660431233402,0.015804700901521297,0.062198851014656796,0.06574028420218292,0.08725588109932743,0.0040181164009342706,-0.053650033033137964,-0.006788911728505847,0.032611457448306506,0.003547434339819335,-0.018460763588255467,-0.014793084622757666,-0.027627996287453802,-0.01391502902189642,0.028737957612768185,0.015348242995074167,0.01293847653620532,-0.013485138134629248,-0.038955542192626404,0.0029128323934207575,0.043929006367832105,0.028708513672002594,0.04474650993049032,0.015568066675611985,0.039908630974630994,-0.008738968686726559,0.0703869874761515,0.0041137376939197594,0.020896287925184352,0.011758886357758132,0.030785730973676352,-0.03133936916035959,0.035945718339729454,-0.0011389134119322436,0.08105701222067038,0.013780592399866867,0.06848074845255528,-0.04980210830237886,-0.04743489442609343,0.015525787419466553,-0.01422606276143844,0.014070561310067885,0.006953386045954543,-0.0366032075270731,-0.010725903898216262,-0.04500923992963431,0.010918345127287062,-0.016931120034855612,-0.046070458887984486,0.013231192364402369,0.03922149117088849,0.08610661552821304
BIN1,-0.03584202592133091,0.02167903740609275,0.026133020674635667,0.036200833414836577,-0.012204332664330802,0.01981981840545811,-0.02417731648181041,-0.01029014467428854,0.014009021599185689,-0.0344644735740195,-0.035333261924281684,0.03748712034806554,0.06493060706855025,-0.009892028477205439,-0.006303712612131828,0.0031254090048783364,-0.04072414276811834,0.0,0.014191433418394772,-0.04263881317546936,0.03408554860883238,0.002572356023144929,-0.03128776171165998,0.06684211827109765,-0.0014971856565410805,-0.041242578866551256,0.018860183584793012,-0.020628706863655363,-0.016427243601762207,0.024061817860561847,0.013668155460878607,-0.01096574876584638,-0.0668790787293818,0.011851686140963928,0.08852750545613736,0.0075382179335390246,-0.0008615073471983638,-0.0265939767325412,0.01691750810269843,-0.03024236894730651,-0.040940371653702054,-0.010774944264721314,-0.06224002941807468,-0.021235535909175443,0.022778738065567468,0.0650091840680731,-0.0219123720599441,0.01155768322915091,-0.014996387142717452,0.04703624668895712,0.010139152739402477,0.084428413276514,-0.012364252133584636,-0.0105995074328662,0.055763189326135394,0.054170924459052645,-0.014903846845859815,-0.0702898201867579,-0.03150398348567953,0.024232046765510107,-0.025060957977540356,-0.002862838305005524,-0.05652915075922034,-0.03280844577175611,-0.010819619203296025,-0.016976123373001625,0.058270291183601476,0.14146312830649108,-0.04608452856200165,0.11525941564923668,-0.025341988348027804,-0.023773380590834538,-0.0072907054979940294,-0.01711235509451078,0.023912574713228687,-0.0027385625638009195,0.026388722995686783,-0.06040427815692602,0.006829113456283922,-0.01835082636879754
CLU,0.02565009908710855,-0.0017544790834315264,0.0018093434506475518,0.006816676436746882,0.007783750287138627,0.008213784351785727,0.021289982714973423,-0.013907463875997512,-0.00689331761185929,0.004157151084196618,0.02519476586082064,0.006249934662137844,0.005109408012779461,0.014954176431596779,0.007664930415143745,0.015384105163699239,0.014618091102660456,0.012212860964378697,0.0,-0.019010262677316713,0.0007246566053472298,0.004393105982312795,-0.005174391489181689,0.008069789854579438,-0.0021153872934187995,-0.018428125116795004,0.013747636046860322,0.0286123205627928,0.018684817079495295,0.014476280821153409,0.005775966173729173,-0.008843792126626908,0.015614328218000198,0.004472087896450674,-0.000659397927149381,0.009799214697852573,-0.000938865996174583,-0.0036249290408824552,0.01060495548307147,0.005756018548043817,-0.006248836046537139,-0.015439118326990823,0.008530058789351522,0.005687213924779357,0.010806830448726575,-0.002690488374557398,-0.023560223113015095,-0.012349062352320622,0.02014046579004039,0.004123452101742185,0.0033042175879729103,0.017425479226396614,-0.0007440742097626072,-0.04675914373299001,-0.015283246115846106,-0.0001625511473690789,0.011145776723852707,-0.03012311529690901,0.022653588641545264,0.008788705300140877,0.022619013530998402,0.0008196583974206572,-0.013170470721191624,0.00658407175420901,0.01360573877466546,-0.010868480833255194,0.01814930444576745,0.010499521253306334,-0.050332265717561116,0.030091622837675823,0.004524574090675481,0.019024216832632043,-0.019003889345167602,-0.009864292967274032,-0.011348845904144873,-0.017212734931485063,-0.010075118613445198,-0.005735877509776361,-0.011357603576829885,0.010386087670863924
COPA,0.02273676013075928,0.024788323697164417,0.007339080920845818,-0.021993713185357765,-0.020108535764050344,-0.004534149035686348,-0.010140300451951521,0.020042882925191574,-0.03262128795533511,0.0015433528148552438,-0.012944356720929485,0.036406901667692906,-0.043358729371825576,-0.03182462973975287,-0.025479628022252124,-0.005030700864627269,0.054639334369265435,-0.040100896539295175,-0.020775234915941302,0.0,0.03880139329743939,0.026572177506013556,0.022530968883828162,0.0489966956550532,0.05276048410031901,0.02001249208622465,0.04250463518939032,0.01609888467067287,0.0324109346830179,0.009848251849958285,0.02336817659257153,0.027243554946454845,0.0275253931941274,-0.02530693457628989,-0.013748892051584529,-0.015292839602301666,0.001800270591346489,0.00026322816257873824,-0.016367263112816274,-0.03944078793719863,0.02646519352223115,-0.01587272173438784,0.040054501973026166,-0.04450565563020001,0.007862514000277645,-0.03894879339711896,-0.011587581763536872,0.08181605396701598,-0.011181048222734635,-0.0213049508902132,-0.026358821333195587,-0.010619872531036616,-0.00407150833709251,0.04011431408717752,0.019779981457874372,0.023031266312591777,0.008260888909527373,0.04185640551169205,0.002361445725451123,-0.0005441122274689347,-0.012674869627088536,0.05485564613516434,0.058158477652167424,-0.01532976753276081,-0.01674973787570834,0.038979572887193115,-0.05909161292291472,-0.01640580442043251,0.06925135688202767,-0.0006013266187833604,0.012040178180969544,0.03129624045761694,0.06122067754440719,0.014370834778563952,0.0597295438044377,-0.009337324546368124,0.044224304719283916,0.007507278793963632,0.022513227382577324,0.005660230978440838
COPB1,-0.007483471051028373,0.024361438191010783,-0.0153850141492786,-0.016915221785220355,-0.009813308458288915,0.00834243388214127,-0.02890409633112912,-0.01900893984350632,-0.020139246301477422,0.01728665714176812,0.011571335793998093,-0.0009670525428412556,-0.017101725529856966,-0.009307254706036095,0.022433093677651735,-0.0004860682473149014,0.030954496697907546,0.03041051973618713,0.0007512676018287337,0.036808820444295204,0.0,0.03183448748803161,0.02112862898226816,0.08607614790700809,0.03606490766332793,-0.017529806323628223,-0.012881943763717868,-0.0059447151131717885,0.041547994440948637,0.010559538632640477,0.017880607915353043,0.004756911701981797,-0.016224464386475592,-0.002280714970030024,0.03908118398823377,0.0009009721695963692,0.011434075236262687,0.011529220592059028,-0.023600113621723942,-0.04362602000748877,-0.010433999983469638,-0.010710794093756769,0.010602573412170774,-0.0020374829917977214,0.012367216851843518,0.006754254857231017,-0.04405516487817088,0.019567823725122873,0.035408511985105175,0.006052166812484919,-0.03535181712946488,0.012229608083467966,0.03048570886859389,0.02223718077250708,0.006644555691483488,0.01521551204028611,-0.004848583306067818,0.020258473849263516,-0.010460118621860004,-0.015716771372219156,0.006616970526319564,-0.0009321890892873107,0.03416841148994377,-0.003919838788460581,-0.008842515368433616,-0.01590893084803744,-0.033971919663981276,0.042819753328197846,0.0001358966525875023,0.05373586219472732,-0.0029282046250166394,0.0025919064882147205,0.0298598193579765,0.020654762809802395,0.040301211316369115,0.01905285654719829,-0.015221327748963282,-0.020661429958296996,-0.0013390148523637554,-0.0078035247766251896
COPB2,0.0073763936525980765,0.02009778554576359,-0.0007444791324496222,-0.017982309745787718,-0.02439056616701357,-0.015097101621702264,-0.020661336418917844,-0.02635968255368827,-0.003804538881098174,0.013241380113126927,0.004259983117755346,-0.014484747236371465,0.004517813694478046,-0.003578790693273103,0.007954440346526913,-0.016666573344851263,0.03537163494935716,0.0022198968343908176,0.0044053685517546895,0.024382592816036854,0.03079257612899701,0.0,0.02163446732949778,0.05106182860665121,0.022987767140168258,-0.004188392973210125,0.014481301570403393,0.020000747455946453,0.02288427974617642,0.014772351383160695,0.014937728293409905,0.005326070922826329,0.0264835007216414,0.0024248677606388317,0.018113821294056243,0.0008723127239964616,0.009540847362681449,0.004294550004840154,-0.007267173328508797,-0.025630228541101235,-0.003623633378391572,-0.00010473260972061399,0.013157743088524755,-0.004204159391996826,-0.0009314111307745903,-0.0024080334622796056,-0.005812268277543466,0.014457292154447033,0.02246382908957398,0.005606371007149701,-0.014469107810076669,-0.007093102153780915,0.012570629483493512,0.0026409381472108813,0.005380083666023348,0.018711312356116255,0.01459379719092304,0.024233017572435747,0.021378557554822906,-0.004095439430414976,0.019208232726940756,0.008401432577822587,0.01961936511066223,-0.0030789959787991482,0.013626877645224115,-0.01648303179885652,-0.027993636811263673,0.02905743947680092,0.00878474582825627,0.029520585874983258,0.0006386374543846607,0.0072888860661030576,0.017254686603591612,-0.001375147034220583,0.018539176590245218,-0.0027670156843419007,-0.025433185944706352,-0.012620859266502377,-0.014276769723891228,0.003646636532039565
COPE,0.04758423318111905,0.002834652959164339,-0.0064205354441127255,-0.012680124112886,0.0005686777213493572,0.012445242491755656,-0.024970334144853466,-0.0334274655827405,-0.03571163916723509,-0.007249941836350324,-0.029157678244041644,-0.03494501339132317,0.004640544174982984,0.006856999005410032,0.03718117599005248,0.0008280472292543981,0.04572656344722423,-0.028220974181610764,-0.005423325125943813,0.021608688025918157,0.021360689583910228,0.022612157262259448,0.0,0.024310498626440774,0.05496511691643009,0.0004665497563485911,0.021712389139352188,-0.012840187161889024,0.02865585871830793,0.01945846059043017,0.028312782075157826,0.008285352564813924,-0.013076347581290795,-0.021130675374931504,-0.0012533920615567385,0.0038213308377916537,0.039442046171780515,0.052834818185588335,0.0076181007539402636,-0.02630455945484282,-0.009400500412453647,0.006854785692488383,0.022144497679396715,-0.01598923924024729,-0.04219757844670451,-0.02579267804207842,0.0267113308195891,0.004305169517241668,0.033773179796577166,-0.011410465854288917,-0.01839784161267973,-0.030725863825137735,0.024220267024878527,0.00018461181699815015,0.01161943723872648,0.023894434356729492,0.029156684525673233,0.002645755967139077,0.00031688454719115016,-0.026822219350540803,-0.006949328166697832,0.01603167247758079,0.04402760773651016,0.03653803017683229,0.03338224339358437,-0.012674197873121905,-0.030063018732866563,-0.00408874223117465,0.0370782847661651,-0.031714995764353215,-0.01927184918214421,-0.054922538606276515,0.01105206150242636,-0.008239062707450865,-0.003738521517931248,-0.006624456607355592,-0.03487613905268971,-0.01959489610290559,-0.007966007913321771,0.012390470319108879
COPG1,-0.03834092885678146,0.0659640997168194,-0.004139440419919346,0.006654905948129661,-0.02673563845281817,0.01540066630790501,-0.05445010969982973,-0.018750523173469525,-0.029169186582314877,0.026221109578112436,-0.022916113183444206,0.03782408144436083,-0.006012358847996896,-0.016673109939115933,0.03957871095816685,-0.02315734373809232,0.08751787007407177,0.06684997761766803,0.00937825717702362,0.05210373776358711,0.09648956102591565,0.059176014160688496,0.02695550187673453,0.0,0.06561760040356446,-0.03351665869352764,-0.007993896927472415,0.03433528025529545,0.012740908807290568,-0.00604037189732816,0.01274438776289961,0.030466046030397452,0.04494725968632179,0.031026953609621842,0.053138023044409094,0.013611534416848613,0.04249204331397692,-0.006771000586595017,-0.007187246337356302,-0.07480830328535562,-0.04886141552812673,-0.007223063806907408,0.008798859939355712,-0.05374287951713371,0.027619056586637977,0.029614669022366834,-0.10049938374451928,0.01705635122428167,0.05211106761523001,0.04902829834904692,-0.05219018010772228,-0.012599942404629945,0.05307927384031649,0.047859155051461384,0.014748182328160317,0.04833987353824531,0.04220172539935323,0.02468430521340483,-0.01765426336679526,-0.006219966520629142,0.052323916088212526,-0.007723328051713565,0.05298443940348452,-0.014193179247077916,0.02519581208772914,-0.03164545267977779,-0.038612191960758276,0.11603763139328967,-0.015486277558947993,0.09469054502148586,0.00695285512589071,0.017216738936183737,0.020511696130627925,-0.0011541310432354888,0.023177150870076265,-0.012300749085012958,-0.042883411269970945,-0.018092719308023714,0.009138287818238965,0.02551424778137936
COPG2,0.042881095999154975,0.021537596058645015,-0.009976606343886576,0.011507464918551152,-0.0009697903565951272,0.02178805537928217,-0.013591562868145881,0.002440178111695244,-0.05165712442011157,-0.011645303237023398,-0.02006071931654091,0.0023441148360720675,-0.0252701371219702,-0.007590079501071322,0.02533680216157525,0.016043098579061197,0.06585916823745615,-0.0013617112879536035,-0.002235672177409097,0.05102337440801249,0.036765514692224256,0.024227268553810456,0.055424148523516105,0.05967310860927116,0.0,-0.0023911942546617,0.05840795475820251,0.010925173633744248,0.008161062017318624,-0.012870335098814249,0.024546478202755406,0.02777007685331334,0.007242716212016038,-0.01464592325736142,0.011093771712199428,0.020421042308081106,0.03863954193235589,0.025265768876605914,0.016925688703096867,-0.02450703902157672,-0.030468990618794902,-0.02407262208269709,0.047613164067505064,-0.01624608332607116,-0.020239881610463563,-0.017836503858196108,-0.009510491583096713,0.040457349521138254,0.032699111922968836,0.004679513741278006,-0.04662559424304872,-0.0028750952452844584,0.02673785738176818,0.013738422952860768,0.036341226657034854,0.037094506564099745,0.019663942408174918,-0.01820610672767243,-0.0044137944444395,0.0004474845807810335,-0.06064996275033194,0.009040570138520736,0.05329606172907881,0.013594858826952638,0.03800461326107945,-0.015893494717936975,-0.026095999009007446,0.0212464720975913,0.021790817081781832,-0.0002937735233470581,-0.012024915388095418,-0.023616359196638573,0.0069232926555065424,-0.002999924794274355,0.0001607613354837955,-0.009171604072714416,0.025165579992494247,-0.00698627795895954,0.006115056660337362,0.03302198081062342
COPZ1,-0.018927417767712014,0.010726496740446326,0.027338628072585174,0.0060456338325067215,-0.028540336323121182,-0.020090276894756884,-0.014532075313331344,-0.0004901461645458146,-0.009052165796340814,0.006534795993288558,0.031751260523213885,-0.006444961185347747,0.036372870945223894,-0.01712985792444497,-0.033236744867802245,0.013504785858728297,-0.03193180956951856,-0.03793012759186124,-0.019693753299420965,0.01956999383424885,-0.018070162318538977,-0.004463588980880183,0.00047570635249661393,-0.030821100761331162,-0.002417931364662826,0.0,-0.0583404307587943,0.03835881085384393,0.02539517617490427,-0.05642484606799125,-0.007347209201349096,-0.01840210368936424,0.03235474553821637,0.002301718028230233,-0.0004672655191728068,-0.002850070570243899,-0.012640109241171166,-0.021144101258589298,0.03267409949877998,-0.03831136438208955,0.013264058528467928,-0.014703019091296562,0.0464419411080448,-0.01285284813177769,0.02421950166097163,0.036274893330569644,0.05452685741420132,0.03039274918042387,-0.002458216054065028,-0.04230579404891794,0.038554463315758396,-0.005390889211362445,-0.03218741781489079,0.0675784589716908,0.031587816080361576,0.05630818082852854,0.004229005407015982,0.027150908703631804,0.009807073883568194,-0.005386316082500435,-0.021843140640553944,0.042982091681992476,-0.011042478701734948,0.0014723554571341013,-0.008301975508671908,0.008522386548837937,-0.010184970829289014,-0.009628153126062815,0.054253337754264684,-0.06373652178636562,-0.022212089653038537,0.011617109702751463,0.000563356777823585,0.023862884480140314,-0.011319349813920899,0.031552746860805586,0.028734876381167077,0.0694803734432641,-0.014592621940750936,0.013764422272939456
ECE1,0.07460962901277876,0.028589193349146134,0.05053756889754719,-0.030665541845726715,-0.029959418640406986,-0.04202290428815487,0.04300628199962317,0.01889258364077645,0.04561543181027144,-0.02752695546231429,-0.06362608641096668,-0.030996010473636267,-0.005004974938548471,-0.015895951089002075,-0.03512864380737402,0.03197615368805649,0.12854488720383825,0.021398608432189086,0.01812493647451801,0.05127751077609755,-0.016382020332747722,0.01903905980563722,0.02731176229002943,-0.009068743081624475,0.07286219245058419,-0.07197319088825553,0.0,0.004358599310702864,-0.1074463331565972,0.05869576396418229,0.06490332440978841,0.06595249032782546,0.04934449043672401,-0.006906428947950025,-0.0016512927261521006,0.02212100961574006,0.03110556743223443,-0.01525403977295906,0.015117486876458705,0.04648176588398273,-0.02703945998564891,-0.00675095797482296,0.021285737206577202,0.044090469674192605,-0.07443708253964422,-0.07142713137989955,0.03135163586968448,0.06939383587891293,-0.060903811552578194,0.016963948624219252,-0.010620152908829035,0.014519031620833006,-0.031659335145162906,-0.13241976813481998,0.09375715886687998,0.026405800248330724,-0.019343416690522718,-0.11314604998204822,0.05778962096933027,0.04941558117684168,-0.09549900545646138,0.02243617735507749,0.06540928538447248,-0.0037092419396179905,0.041741995885575374,-0.020955454377747474,-0.06253178072085692,-0.008963081477928075,-0.004892702189547577,0.09744902348329586,0.01465344336341404,-0.024603360255325307,-0.020891727546898036,-0.029362401319738836,0.0028282355655824386,-0.029268972614637883,0.049240398120180696,-0.07862933870396037,-0.020330720767739965,0.02151745743195812
EIF2S1,0.02796036862580122,0.023580904276030684,0.003943208771213726,0.01612866774350009,-0.042627732686524734,-0.029508383675440005,0.025709532860705004,-0.01756300976292944,-0.031039011350758733,0.01031187328354831,0.056832137352948446,0.0238592236717766,0.04480144818543038,-0.007852462328059135,-0.021865641474683856,-0.01883308603351168,0.02373424130912012,-0.019738125930246955,0.03181235674738316,0.016378748931948666,-0.006375458213615763,0.022175755341152605,-0.013620961300795102,0.03284909777643279,0.011493515321348945,0.039908054459640685,0.003675710008586802,0.0,0.020622052352061555,-0.018308147993085486,0.01170720210393727,-0.013951753514204128,0.1298796807597609,0.023305273461933968,-0.001193537021596897,0.03354236861652086,-0.008742893159806081,-0.040138933306257014,0.055373018304744344,-0.01618010246608647,-0.008792642140788781,-0.02474772728549361,0.059233961262168594,-0.033574165062561716,0.03915520772118387,0.005656380410382627,-0.007598093370941181,0.02986804997829042,0.037938928535831626,-0.00019520575621800933,-0.026809808474771914,-0.0012516773489550613,-0.01556146274678463,-0.02615717301772116,-0.029714908908895082,0.05113041470200747,0.06807824836462775,0.005139698951780494,0.09136771028675889,0.03631070337060198,0.01624456098660485,0.031931312108842036,-0.03009232830043767,-0.023292111391180398,0.053888583370491495,0.008739364209318467,0.0223961417287798,0.031777957224094946,-0.021865910139681685,0.008315657045714558,0.016606024252046863,0.10836055435136882,-0.018605044223868262,-0.02060947887777048,-0.03171826656094592,-0.049430107821629196,0.005124797053532124,0.04564553415446716,-0.023229237737679383,0.05584513506462737
GGA1,0.08864717802204189,-0.021475363647640387,0.010075500043345873,-0.0046940528093623625,0.021979332011040503,0.04042348797858643,0.00920255727813208,-0.0663080552216026,-0.05799246315334619,0.0205927080760648,0.0934330465708512,0.006941947983162645,-0.02339359658197771,0.037432630735111716,0.007236656498611054,0.035968441785810504,0.013767380826207298,-0.0165661364538048,0.02189546830692342,0.03475354557085683,0.046962698909271836,0.026741888236392723,0.03203852090198456,0.01284712301039371,0.009048859295802122,0.02784641407884264,-0.09550113207866964,0.021734743085063277,0.0,0.051748634012885264,0.02958853179798301,-0.04246635101151169,-0.033449017915287156,-0.05362661866009546,-0.005206909603805628,-0.035107700509929826,-0.031564510506754274,0.03341931452659331,-0.025818856920112748,-0.054235582182901254,0.05257231150737227,-0.05818054914051162,0.043397481872867176,0.005051975279350253,0.05086365975710659,-0.004278141393721111,0.005593733933125871,0.022370367678198826,0.07245945491094681,-0.04698619536835571,0.05753034071863725,0.07523375063262418,-0.003605800030150547,-0.005412986249632223,-0.002434558491562167,0.011828762110059643,-0.004247434159510179,0.04084524240648308,0.03124166225065223,-0.03370239444229632,0.06184478587816513,0.06307506863669003,-0.01628237743622439,0.022644156632908734,-0.017291257784542716,-0.014776556724101391,0.007672965807822253,0.00718882389027575,-0.01912752291259351,0.0021377280111094256,-0.02618509656757776,0.0008827402805833515,0.04845972270553135,0.0033142721049990386,0.07701814083493595,0.005221545197767717,-0.007998466837140665,0.008790923068086001,-0.013263724511424484,-0.007530069042198836
GGA2,0.052119844707594475,-0.026203249991366955,0.006527073578450823,-0.034835339204569535,0.0073809903802824145,0.0038776898605547604,0.025082746720685185,-0.0500124896405669,0.000797262209963136,-0.01154533077481786,-0.020002439702353176,-0.006624765068024246,0.036872641724695746,0.010894149811635294,0.001469496290661676,-0.02805851868332186,0.014881372858167236,0.022680414298188133,0.015855808747638114,0.009870353805016472,0.011156139537627122,0.01613505545281815,0.020334501095015525,-0.005692921103886939,-0.013338378073270648,-0.05783016632049498,0.048762918672628504,-0.01803570203886495,0.048368754225867096,0.0,0.06509427130101457,-0.015253108301488197,-0.03377604196759294,-0.032907730153890785,-0.006266436465300638,-0.02122450573917912,-0.011852571086930087,0.03538465389178264,-0.028038927581982377,-0.0020100785892492924,0.036295942486985235,0.032622944609929004,-0.05481618614744373,-0.015846157289199667,-0.020101026902090917,-0.050444993035866775,0.018959704136090296,0.0006281789636843173,-0.001397701616274061,-0.004698451486846085,5.505724240004284e-06,0.021063160593833393,-0.004213373959706165,-0.08776189027854271,-0.034379545229963906,-0.020345438395155298,0.018133141592070256,0.0030987210076157874,0.04401684509324769,-0.02128089266380252,0.05709808783341049,0.03320862245422057,-0.013237331041584137,-0.0031565541838997715,-0.0017000689941404888,0.03810129578213532,0.005406197439185084,-0.0039920855724731846,0.005632304104267172,0.03559259443274749,0.00856280362512408,-0.0004958644390836303,0.03969810357951106,-0.03266724801364955,0.054410884731912385,-0.03951905764328686,-0.056949548685822374,-0.0765463735729807,0.010083958998406467,-0.022520449760005317
GGA3,-0.01273567021716167,-0.019216556944840733,0.030067978349871436,0.004004323396676745,0.03368902148143158,0.044616952283846524,0.08682026772742533,-0.03785337621372368,-0.03722251864266281,0.02298035860617639,0.030547356522354782,-0.007650306378615098,0.09908056360089504,-0.012073185176656237,0.004358971953424138,0.02478867909494377,0.06022485154089686,0.013248573436055995,0.0065056800337722626,0.02408435716526445,0.019426203480442123,0.016778071763527976,0.03042595703563107,0.012351711031856314,0.026160077029832463,-0.007743603785083527,0.055448082749637945,0.011859828593785786,0.028439770430699757,0.06693903215261085,0.0,-0.010250408423655613,-0.004335661601161067,-0.01196198443129016,0.0006764997802824024,0.01569245919145561,-0.009707825720924768,0.01658209067594123,0.0005052514850794393,-0.04375686673976298,-0.006934939721674229,0.03727547483919829,-0.022280291069445863,0.024285553092959024,0.02134428646831088,0.003490574133721704,0.02153433366470957,0.013617894410996695,0.04316246870633128,-0.03137880681741611,-0.014766757108296707,0.06367329585949504,0.020082000395124405,-0.04661564598577639,0.01736003001709513,0.02986554749422269,0.009649556368339264,-0.00951200697224655,0.0730373740912982,-0.07410491850025917,-0.03900557172682485,0.02322232095579473,0.018404430835307715,-0.012593786415622704,0.027512218123634757,0.048882772600564915,-0.011283969374298713,-0.009060651956968025,0.03915347488483412,-0.010043177452211869,-0.009237646529373648,0.01365312361452221,0.005233370219179745,-0.0016389208752933277,0.028122667392484823,0.032717340310921154,-0.06619507786614261,-0.005882668820890709,0.05338874619343307,0.05811471273458304
GORASP1,-0.0025117731033807754,0.01090000786146261,0.008809640960489635,0.01968790986623676,0.007146781167176557,0.00934163222310153,-0.003934332462778188,0.026298242983303365,0.006538122193223422,-0.00014958034530385126,-0.037935284453683715,0.017067583627223645,-0.04564054023839548,0.003702092647010319,0.0019994402154024176,-0.011001345431655,0.057457213620965314,-0.009594384235570472,-0.008991376685365413,0.025345077178626257,0.00466498607117467,0.005399879209583513,0.008036969181477721,0.026652861818623266,0.026714467225526152,-0.01750684146153832,0.050859302336452986,-0.012757738602416972,-0.03684403818498355,-0.014158414447204358,-0.009252535880942821,0.0,0.02651295778182001,0.0025510533585025663,-0.020208775956336956,-0.006325403314870961,0.014616922206613488,-0.00527296358169121,-0.013927214512687122,0.017034554815748934,-0.014265860665808594,-0.0015112540719513035,-0.0007150724299260806,0.0012254578011980893,-0.009655099249011194,-0.00784571057586027,-0.007787893725507203,0.008551734280890046,-0.012003635632849778,0.03197267829081002,0.005656483233376133,-0.008378756866006304,0.015149617078578662,0.025880210419579417,0.03752736513781647,-0.013329412211149192,-0.0026947228292509904,0.016495910565383357,-0.015135639740390084,0.008911520092503544,-0.013824359695317145,-0.01978173275022373,0.0303883431006531,-0.008474601346569835,0.022291399153721303,-0.022071254897094147,-0.014565283052100038,0.009856712071830635,0.011879375226600139,-0.0024656559602796047,0.007093218605126939,-0.026052410460184614,0.002513401294198072,-0.02333243663547501,0.0038044637458314093,-0.013884393633655262,0.0149571714531025,-0.0004157363592683179,0.022082930304419757,0.02150541056235326
HSPA5,-0.006349974674985814,0.037155685175957825,0.02450522427208958,0.018146610226428626,-0.05257347445550355,-0.051367307286356176,0.017657069246156967,-0.0029460182842364303,0.012986376215368963,0.0352393606359071,0.02514907473525083,0.01478890198431457,0.013588779220498661,-0.0016029158207429104,-0.029217226146203784,-0.05444567970255934,0.08771266413194673,-0.067301339404609,0.018258520380656413,0.029452216383342913,-0.018299964183706455,0.03088211967826085,-0.014588894222209539,0.04522572971538227,0.008013560396693955,0.03540241787301159,0.04376555881493799,0.13659686340713437,-0.03337799611044654,-0.036059494362767994,-0.004501213327029808,0.030493887256980507,0.0,0.044695453005274416,-0.03567843784508479,0.01703973844048084,-0.002405775154991107,-0.0590598163831703,0.028853289759766722,0.0073430702394098645,-0.012375981408137362,-0.0007244022014179037,0.04858136913442762,-0.014965434418376954,0.02968532959297337,0.005680345873186136,0.003703456586697546,0.01636110912086335,0.017816815976797955,0.03240708192403259,0.005062131488918064,-0.03874454514665727,-0.0035275626904424386,0.009822484115512991,0.0009286564642384548,0.024870100126772394,0.06686360274442495,0.06425273292761029,0.09775343254771612,0.03591232997367432,0.045215045786635925,0.0027640094902106685,-0.0002116767501593142,-0.03637386306937634,0.07840046469661298,-0.02365947203082586,-0.012999738026735309,0.02650148953138381,0.003200893815458325,-0.007977287615072578,0.03303359943160563,0.08927630104605604,-0.019373024454221656,-0.04582561544920032,-0.03541380260964691,-0.05291748577728357,-0.02320133574862498,0.06138094487501455,-0.013148997728724993,0.07683074987378284
HSPA9,-0.0547953733677041,0.021752357359692016,0.007092798279844606,0.00040405282474125566,-0.014905417393595723,-0.016643702884640718,-0.005600970205457689,0.004314182690981685,0.024633321214547966,0.020180982539155783,0.003691488043938859,-0.00317781525801572,0.026301123601437028,-0.009216164773637642,0.0019258307462345456,-0.0021352613060593526,0.003498900218620606,0.01033130105878733,0.004529956766738263,-0.023456620596009368,-0.0022283958159482788,0.00244940849253089,-0.020421646179737685,0.02704350325582594,-0.014037256953021408,0.0021816672117811625,-0.005306263441220805,0.02123220837386631,-0.04635523131783471,-0.030433384595867974,-0.010757686914457002,0.002541649163068079,0.038717275900601276,0.0,0.01339077810598566,0.014832654405413178,0.007625641071244983,-0.02752767261798798,0.011897851870005124,-0.0062257149125347095,-0.024032875135795002,0.013497380328225636,-0.004062125378838891,0.0031653973426803025,0.011826291323399676,0.030187899987893306,-0.02893548035208438,-0.023216812645600972,-0.0009963066058060665,0.012680711412026983,-0.002792373248138802,-0.022322553304577136,0.004197148271061658,0.007826650533243534,-0.005136396860608209,0.01113348703580545,0.00689295509011336,-0.007485326961076511,0.00012099815721486111,0.0022714053846337214,0.02246545240014062,-0.020525201594509084,0.0020476464987676806,-0.005050867344040642,0.0033542484336100058,-0.011449196485264528,-0.009075897989459623,0.01877251733095675,-0.021121493471209233,0.02285374729356995,0.009004449548204905,0.02091484193194986,-0.0286213194067156,0.011277697860546424,-0.032859893473420464,0.0140273122951915,-0.027660337360888267,0.017949192252057107,-0.009635638129489378,0.00964082453079778
IDE,-0.03153389552901419,0.03140545413549776,-0.02506914463187562,-0.035357358268621665,-0.05571392544956514,-0.043999272150858665,-0.05487292708595066,-0.027513297028297603,0.014736571659263363,-0.0027417355979365656,0.013360365946029887,-0.045923196742405616,0.04166487728271883,-0.028866597046047174,0.0039219706395624086,-0.014226021868144818,-0.04918697517503628,0.08125015169069792,-0.0007032380844612054,-0.01341728613055266,0.040203152745925515,0.019264348087297597,-0.0012753676222857582,0.048764108043980764,0.011194786067873937,-0.00046630620878381493,-0.0013357660636771312,-0.0011448482837715832,-0.004738811730564852,-0.006101604392418178,0.0006405520213766553,-0.02119859839953062,-0.03254006072530711,0.014098629307326579,0.0,0.022214840738425976,0.004469013936218819,-0.007237837346268042,0.004873986184289344,-0.03443226522388311,-0.023874365421539066,-0.0011555387962638801,0.0018088837992662958,0.017610904572033338,-0.0069783331479093755,0.033326354802137345,-0.00021840446714762254,0.022672611993798057,0.011490839723878288,0.004455060822398636,-0.05511869251913629,0.012432498934355862,0.004277282060215574,0.008135416241221367,0.00998677287412297,0.04424219925545943,-0.01841372541148735,-0.012280579707211027,0.00018562049810059942,0.013106935812398322,-0.045637417516417304,-0.009820608381583511,-0.008477414920842832,-0.016881612062061437,-0.017748716968647438,-0.02274332679348887,-0.018086662091822827,0.0691557866529331,0.0007321007424832964,0.07779985338848898,-0.014931667040723951,0.011302746522303814,0.010602354144049947,0.03760719080834938,0.015123147292252538,0.03814821793678992,0.00318340794317112,-0.03637997333850254,-0.04463530015735129,-0.03801102103131833
ITPR1,-0.002811543121302616,0.0067959890327494235,-0.02725126221398933,0.0011675895389374068,-0.006836817650863648,-0.0049592802525401415,0.011607316088205958,0.0024719672061320496,-0.02051845996470546,-0.002760320778595557,0.015055345071714308,-0.012892885003845656,0.023997850298338168,-0.013024089012308249,0.015512218247523052,0.0055264892530498405,-0.005908738989025764,0.006567939817717489,0.009921117649915562,-0.014167709221095993,0.0008798695692109787,0.0008807060251704046,0.003691285261932064,0.011858137985927816,0.019562709283198507,-0.002700086014234682,0.01698735662722119,0.030543604822608275,-0.03033236851794343,-0.01961893881530392,0.01410562312298262,-0.0062989749623659575,0.014753327199589661,0.014825333724116332,0.021089084457573376,0.0,0.013830883235347646,-0.00019457841495923643,0.029150896662036203,0.0022900520788129955,-0.02982751691732817,0.0010695488020988951,0.020411312836237712,0.005453748704148385,-0.007185198556244969,0.0004285197290731076,-0.01642371695854196,-0.0005306327129662048,0.022848298409232026,0.00011490335593474386,-0.06261359229834201,-0.009169281809249108,0.01445785541652706,-0.022948623393920363,-0.023127949788075246,0.015403376959316414,0.016756906522201034,-0.03383827579319811,0.018831697723306378,0.007676649162312834,-0.046714270396782866,-0.017517330655218728,0.003648062148048917,-0.00026215067528965287,0.022742256847326593,0.005860620931385985,0.005646700923996221,0.0020414566655326764,-0.014402032362706537,0.0059431820669550335,0.004013640919910479,0.031606641034062605,-0.025202861635266,0.012636902390763781,-0.03678902545631322,0.0016652830918680917,0.00032378703490225884,0.0032573007160670324,-0.008780825920727885,0.018789827081373455
ITPR2,0.009350109554585841,0.018432645022148968,-0.004184933179951969,-0.0013100122823790459,-0.0015572352353123511,0.008084410559169818,-0.029378756344969722,-0.001367877670304814,-0.015229359477503304,-0.010276178097036978,-0.044973462371864045,-0.005946526502354199,0.00014518523534380723,-0.002194034569687565,0.03156315580302198,0.008225429838334778,0.028556739017505064,-0.0007552021562209927,-0.0009563496356919211,0.0016780042184810445,0.011234447705549305,0.009691465811056201,0.03833241371483075,0.03724438346906658,0.037241470855995,-0.012048044777218589,0.024032710113741026,-0.008009870524327969,-0.027437640254185373,-0.01102285909713892,-0.008779443720876745,0.014644729549888168,-0.0020956842317666645,0.0076684169777525065,0.0042684479598377395,0.013915335281278718,0.0,0.023368893305236806,0.021303971826334107,-0.014156987840480013,-0.027856709214905927,0.005256977953504128,0.011460526672158399,-0.03219582047171303,-0.03291761229387813,-0.009639242181064765,-0.01949739911841606,-0.010788756778107244,0.007347276828930111,0.006966572746016479,-0.022276614128734613,-0.04657462383463799,0.016033767323423896,-3.143261384493634e-05,0.001399995294772225,0.021396069429694416,0.02818870656772273,-0.03291173881207743,-0.02980866025657369,-0.002103219063347186,0.0072574356946269025,-0.0004341373945583116,0.03658975138016128,0.031056955932851026,0.0189414195500138,-0.009675733040195008,-0.018181946477380456,0.008429632537824057,-0.000380035854585125,-0.0011555565202620354,-0.005372458373017532,-0.03497953178760215,-0.015781685043561932,-0.0005292229009712462,-0.03394518113326249,-0.012671129855894142,-0.018005165260175284,-0.012410521481238503,-0.008217327134196732,0.006618473678871681
LRP1,0.04545312926451159,-0.019979321712901427,-0.03012814653316536,-0.016098762627184092,0.02073693818333167,0.020994024983069005,-0.011797530605416932,-0.022650599675158672,-0.032845891914276545,-0.014080462769303796,-0.022657131100925522,-0.026860646103716915,-0.010675511061147051,0.011555031400732775,0.04006596019228493,-0.002758408885373722,0.003148300528586734,-0.023627127917310004,-0.00374227767412861,0.00024866291816206425,0.011480849995929123,0.004421234970399121,0.05204156632930636,-0.006014914216168451,0.024680320057160383,-0.020425767681483478,-0.011944635642172347,-0.037270014704560775,0.029442090881813297,0.03335185943000532,0.015198744917476796,-0.005354311139778829,-0.052141835487760156,-0.02805577483364916,-0.007006328785065678,-0.00019840921265511745,0.023684354791228015,0.0,-0.007642267748498993,-0.0014983422165410004,0.00437647870060676,0.013165992464101323,-0.0033489131772624896,-0.009556262777813821,-0.040622856323538674,-0.03731595564555308,0.011721793245098595,-0.014397932325950746,0.024595208664320717,-0.01164975447419589,-0.032188531551071035,-0.024054243655241205,0.02559566777079074,-0.01755502275806574,-0.027775955946301525,-0.01581720076273134,0.0148657607848449,-0.00091799423377351,-0.013631851752153644,-0.025551741591583594,-0.0016518736934482232,-0.0005628003451674507,0.02293937310302326,0.03261348317950753,0.01005571040153801,0.007587353864975652,-0.00623036147840908,-0.02816283213137676,0.018015713998910318,-0.0329133241318179,-0.009466242157247926,-0.04295581593013845,0.014461633839049724,-0.0030165988523202106,0.0013390468573823298,-0.009467282681688323,-0.030096075308242407,-0.03227916527674312,0.0013359133305771496,-0.01111714559233366
MAP2K3,0.016626459908963442,0.011818033955719587,0.01568179555011507,0.02393758179415287,-0.011282639552634009,0.0029661057723087336,0.004630281034359027,0.002750310034769854,-0.028136585192867613,-0.025875683276734247,-0.011548036818759903,0.018145384957002682,0.058035604876147215,-0.010489997059742306,-0.0035256829013822974,0.023849956079675657,-0.01657014419631528,0.015201234260725107,0.011072868937161438,-0.015637580134232536,-0.023768566960916827,-0.007566695575144022,0.007589124277168254,-0.0064573440617798445,0.01672166151080426,0.03192328651878336,0.011972433762673117,0.05200040722069431,-0.02300503681373892,-0.026728913723018558,0.000468371919571208,-0.014303025338634942,0.02576347082989364,0.012264112928167719,0.004771784243202101,0.03006310964868618,0.021837293041547287,-0.0077292447518834476,0.0,-0.017006667983846938,-0.02437878495858434,-0.01116436819915168,0.028103759593871385,-0.05010336191544205,-0.0037792762960008434,0.011167579309521206,0.007123480978625155,0.006999769973919193,6.769988073616331e-05,-0.013717392895430166,-0.006643051841620757,-0.016237883499893337,-0.024173583152327007,-0.019460445487282485,-0.001934322301573222,0.060432113126251366,0.04611802528597472,-0.06840485216052064,0.006582058365443326,0.019398954969714093,-0.016858262446095288,0.03294009371295567,-0.01737345116230944,0.01783097470699762,0.02491875174827753,0.02041888988532697,0.029139140341790788,0.013023066179210221,-0.009819386128592513,-0.01915621431242976,-0.011213649219053325,0.01492861427390097,-0.03945198840513249,-0.004883163197757183,-0.05950295024337076,-0.025911272160689485,0.019535453538003768,0.022553374711010217,-0.012635478769159006,0.027395772311469536
MAPK14,0.03170365474301898,-0.03280951824011238,-0.03524374312922478,0.014359717682197359,0.01884113143038442,-0.010093951812304347,0.026349562875887137,0.031971053369525194,0.023514618640607856,-0.017500928279217984,-0.007051949474146242,-0.008996988821486116,-0.06324309674511017,0.023939177748077908,-0.0017002311493965923,-0.028070926323011343,-0.01355017916157668,-0.027731153504559323,0.006133144023301638,-0.03845463873235147,-0.044837786789322105,-0.027233464319825238,-0.026741493216088725,-0.0685884313635217,-0.024707772281691215,-0.03819805557419119,0.03756601525398762,-0.015505989451265079,-0.04931509760360131,-0.001955431543904687,-0.041394165932600466,0.017852707937180256,0.006691082496469638,-0.006548871693419116,-0.034401055568476446,0.0024101108101683743,-0.014808761914604207,-0.0015464486206652004,-0.017355171196958327,0.0,0.0038278708213107305,-0.00024078027593494716,-0.015457037166349719,0.04551063895021162,-0.0267605756302775,-0.03510139700529456,0.01686257281291496,-0.02265262909113452,-0.021154712243633154,0.035365456186802764,-0.015691250488379768,-0.0003934583751545098,0.005316098867265597,-0.035545729425826005,-0.022337702558279188,-0.07652720979731165,-0.01888430708825567,0.004931583837953283,0.010757502122089412,0.038649970619869384,-0.03773029091579923,-0.05664971382782466,-0.02608398749301663,-0.014865489339547594,0.022319566918294346,-0.01862029852493262,0.037606965020724574,-0.03716295163356584,-0.029339766908441107,-0.019991879703174783,0.021159861506604448,0.0006383512436569002,-0.015425284546813,-0.034210376720872675,-0.01798434844700686,-0.03377650098308817,0.032818093215830665,-0.015117755798168098,0.0028437542110005,-0.0030658996391645234
MAPKAPK2,0.024337805511876767,-0.01716069261591503,0.00483416365425065,-0.027868989139449213,-0.005225834729865264,-0.016441995547948514,0.002205915742155559,-0.007258320183033799,0.010313539742116283,-0.00013608297503805807,0.012837638156300252,0.0009392409696755386,-0.01566626103827495,0.002173795645717969,-0.02626249153263855,-0.011336038968522708,-0.02433230485776444,-0.0360953678861895,-0.006401882115163391,0.024809944417948978,-0.010310909361319691,-0.0037020495522787538,-0.009188680659089756,-0.04307394750805153,-0.02953577554724425,0.012715622647818281,-0.021011549934114082,-0.008101868287435122,0.045962138529535575,0.033949643747166476,-0.0063078763963510176,-0.014375364128329978,-0.010842911535364782,-0.024306954406018058,-0.022934304528123162,-0.030182576959808412,-0.028017234608830145,0.0043430703353983385,-0.02392044691972297,0.0036804831810412927,0.0,0.0005418989488304129,-0.004743582828218537,-0.006087578798330203,0.0036386829515817226,-0.027155680688935556,0.025397150633894427,0.015129945490205528,-0.02170518374665016,-0.026282459479210585,0.02780218004458944,0.00022662578525840473,-0.025267347988283496,-0.0060322020550872555,-0.02036702724256345,-0.021626415000485618,-0.010326814557368514,0.03569102772376994,0.010776440807939188,-0.0018115498074054413,0.03699543245922541,0.03365721359107881,-0.012322888147647907,-0.0029961978689858992,-0.03371947176183838,0.02671222557208354,-0.007914533239620462,-0.03986657766244881,0.02281969776722087,-0.015279082539153901,0.006816991736153603,0.014800305589725046,0.03604124815210365,0.0031789376026170814,0.039673419942080644,-0.006729410285740159,0.007363769684695168,-0.003135728396363131,-0.004416440715070192,-0.03116905132539091
MFN2,-0.05189602594373086,-0.008427815681916797,-0.007734588582165142,-0.024415140761754613,-0.007079474302657089,-0.017383573847959133,-0.0001790016947584027,-0.013770084216761624,0.02265248431286856,0.00582708101054054,-0.04010529891556819,-0.027002767458638503,0.05831400429236229,-0.016064199008474462,0.008311611698425252,-0.048255136677621074,-0.012485111643114822,-0.009678079331698983,-0.016114079133405547,-0.015159210151531443,-0.010783065954494544,-0.00010900699187672205,0.006826066593987172,-0.006487009516016458,-0.023773228433085443,-0.01435959451265414,-0.005344412042355947,-0.02323140927365987,-0.05181976325263193,0.031086709559944536,0.0345412557459688,-0.001551432246200041,-0.0006465773416204076,0.013907489974127522,-0.0011308701032151111,0.0011025905736998765,0.0053864925729861495,0.013310675606275744,-0.011160042222779228,-0.00023585382596121786,0.0005520682386658301,0.0,-0.05637783186189983,-0.009542889481629199,-0.02532364126073522,-0.005658839746903229,0.022437855762522795,-0.028640480686830637,-0.01358085808215696,0.004645955902730191,-0.028203495623268477,-0.04341803345438198,0.015692136543720356,-0.0018639324048762612,-0.03339418824155596,-0.014946147316181926,0.019374840800474233,0.03322674060535127,0.01219669465942776,-0.03243327537744561,0.0203709142614464,-0.017273898327630974,0.00427758327992983,-0.01046612482507804,0.005166129119661286,0.03594774945053962,-0.013641046672249867,-0.01652837979647449,0.04838364470441849,-0.02561334989868859,0.010960427631526737,-0.0014864375523418382,0.007604487917919701,-0.004878660617686684,-0.007797390375225223,0.0043682117361850585,-0.07333693290778381,-0.01997996341209888,0.01839973421883329,-0.004002910490566839
MIA3,0.05198419459820965,0.02305407278119584,-0.011500383121608828,-0.010298280888463414,-0.021823209690282192,-0.016423971706557922,-0.008825420946337589,0.0035687642655207684,-0.03524033212479921,0.010192967135913902,0.05732836653917639,-0.0158608652158817,-0.04171527905652281,-0.004038389061859052,-0.0006954831508420161,0.04393524020681973,0.026560320744397785,-0.0575854859730013,0.009170734540390708,0.03940448073292432,0.010995145505083967,0.014106618900662338,0.02271493896735606,0.008139891011660084,0.04843517911531638,0.04672132173567342,0.017357705960320276,0.05727698024840057,0.03981541442928728,-0.05380585224123574,-0.021266934799989354,-0.0007561613327629839,0.04466625814812111,-0.004311433536299037,0.0018235092155432623,0.02167473070401648,0.012096050396042677,-0.0034875423272284823,0.028937779967830035,-0.01559614882254864,-0.004977944423196507,-0.05807342921742958,0.0,0.012119311989611433,0.004627892699791271,-0.01182055225632792,-0.009465905114193573,0.04026324309399342,0.03309249325997562,-0.033659404055615225,-0.020165685662244137,-0.0111516991679068,-0.006555394250960352,0.006411004226056854,0.010269321889567177,0.03563802138595941,0.002931200095791806,-0.01857427503138289,0.017469662122321917,0.022164270338866546,-0.03950508001400259,0.025369635085753288,0.033955031513294515,0.02429886366156337,0.009606928512111462,-0.026374769416349007,-0.03418533921218536,-0.023103458514691026,-0.01140956608122919,-0.006067095247560502,-0.0056441095791465844,0.028887502712083665,-0.010421893406766356,0.03328724988312083,-0.01897204481002469,0.011901607333697859,0.05113740953371256,0.043197976874216705,-0.04322094798948506,0.01624022139769504
NCSTN,-0.020579836999937737,-0.022698357040665702,-0.018253875724464574,-0.017740568640284966,0.015419221200741505,-0.01719430953481428,0.04103642912514116,-0.012535092313919026,0.04725696291506981,0.04978121402816971,0.0959662163082426,-0.09111466792747693,-0.03649457450059791,0.023031225121206606,0.004419764367075189,0.02670438222389605,0.015048854707504486,-0.02084365326012689,0.0064866285618338185,-0.046449050769986074,-0.0022415635312654112,-0.0047817632714811965,-0.017399665894216314,-0.05274490139613645,-0.017532744785180965,-0.013717390445352447,0.03814307691681654,-0.03444148946157386,0.00491717080420878,-0.016501067028152957,0.024592314584243023,0.0013747703588587212,-0.014597097775982226,0.0035642156474316776,0.018834162992393655,0.006143915889168381,-0.036050050365226516,-0.010557742117947138,-0.054731206718856756,0.04871597733973251,-0.006777281402792904,-0.010428368359684831,0.012857168427810851,0.0,0.007163083479075719,0.02253750414723768,0.029140883382111484,-0.02280399491984643,0.03307587945725148,-0.0010325355731132114,0.010816580103496665,0.06813324692107146,0.02629387251772593,-0.018142084253504734,0.04004441239512501,-0.056269814779080295,-0.09664506927456062,0.024973261205584144,0.043915901248040595,-0.020155485267097643,-0.08387155261358621,-0.07747995812421053,0.005600467445490018,-0.013658331712347026,0.00027911099784839425,-0.07894423459933825,-0.027319002845980968,-0.02917376380870553,-0.03220044352598494,0.023157721387226587,-0.006484613336254334,-0.017475809701769485,-0.01896022729941399,0.02976826945648315,0.01993890449058885,0.09166947753202698,-0.009985574324932151,0.004813669664129014,-0.023246681705453954,-0.001233062576017871
OSBP,-0.03781523513499412,0.0015240471011140286,0.03153131597870289,0.03921191772963905,0.02367291630194248,0.03542752793978655,0.04292957007556258,0.00787744103969005,-0.011870590616417709,0.03083737735060733,0.06209447911993345,0.05491978395676752,0.008838135678854706,0.0045281960681787395,-0.020521022508108038,0.029680784531135835,0.011704861961664387,0.020629022330752977,0.011372505986483053,0.007571142890197234,0.012553574581475758,-0.0009774368167227926,-0.04236810195365574,0.025009601023390254,-0.020153365134165435,0.02384930338108983,-0.05941535722972752,0.03705993102468962,0.04567726100078278,-0.01931277503818045,0.019942124298356376,-0.009993713900407996,0.026715138809595387,0.01228634434459167,-0.0068858051730261135,-0.007468395069938464,-0.034007372262013155,-0.04140871884891749,-0.003809036815279392,-0.026429704584203,0.0037376059255378948,-0.025532949871803344,0.004529904219537821,0.00660904004603756,0.0,0.04794546081770827,-0.03879305262064298,0.003399819961021208,0.020636107889457658,-0.004289035260142163,0.045926012768150344,0.06443770169947695,-0.005586808719365507,0.02684099214337963,0.016166372218756723,0.010325437971088954,-0.012000119395258822,0.014081828586458994,0.012881832923816259,-0.01396402795759463,0.02528388888830297,0.009515867757684643,-0.024020485372247213,-0.023946979104239027,-0.01290175619410296,0.004511583587867663,0.023699838830137366,0.025363759110691567,-0.03084874047524172,0.013722948404054493,0.0010061107595587815,0.04472559704681109,-0.005510795791863808,0.005436516238031164,0.020210061530102446,0.020292408229215558,0.008974118499193771,0.051237305139573745,0.030565200002505514,0.03182123026134761
PICALM,-0.0773107194758386,0.017167411168382246,0.03942890752260236,0.037845083054845755,-0.001252925080377463,0.013632789935272976,-0.006297648997128773,-0.005129738713318666,0.019521601880010057,0.022860758358840032,0.024911614300284008,0.0071046343502565,0.04908664911956269,-0.0003103439042597227,-0.008039188811233998,0.020767100989547788,-0.012290039313817539,0.059311433338815014,-0.002852355649247155,-0.03778407006686004,0.006906970383493237,-0.0025458013137633676,-0.02608931252545668,0.02701590533388659,-0.017892212872874274,0.03598581626333205,-0.05743641130633747,0.005393471681547356,-0.003870457485422183,-0.0488269078945492,0.003285499177242528,-0.008181203056904661,0.005149974269676024,0.03159524528860459,0.03312878925359596,0.00044871857744238056,-0.010032342731331122,-0.038320452109275066,0.011339144532256575,-0.03492496488009747,-0.028101189647620282,-0.005748002577025383,-0.011656233117516655,0.02094878837019965,0.04830167773241997,0.0,0.00011974910807692144,-0.017252700106150907,0.010828732944837403,0.010029260945127568,0.05734389213830087,0.0436152632747446,-0.0030353594980291766,0.05827621209977332,0.057634312356342095,0.04090151134184708,-0.02088066071589919,0.0018509524821270892,-0.014149214215776555,-0.01640990971217594,-0.0020271572083909537,-0.013866490940887762,-0.025974042502800238,-0.013350905200932203,-0.0032091591183497628,-0.03516406275901305,0.016254152483752834,0.06541555062205995,-0.013164276940503256,0.013117765330887373,-0.02476032091422183,-0.017426215671224408,-0.027517886825713215,0.009794724949070169,-0.010077608345685591,0.05012471566238564,-0.01033033175428264,0.04054612848958006,0.005289342205676668,0.020114048335649413
PLCG2,0.03406471969058428,-0.02631586765946185,0.020651672516229076,-0.0065548166957895265,-0.04148327396385297,-0.04944804274673535,-0.016379370198261748,-0.035060830733851425,0.025390317823308323,-0.02937514722408906,-0.020439755106151994,-0.07053051567357874,0.05587770119524706,0.0029352419055526085,-0.03852814011820204,-0.054206027356669274,-0.03824131038051814,-0.02153370390504521,-0.02690404579601915,-0.012108021428141073,-0.04852579066977819,-0.006618708889927482,0.0291023033786101,-0.09875104059319204,-0.010275972407746413,0.05826413752369575,0.027155007944895202,-0.007803690900766601,0.005450980294547059,0.01976689025961641,0.021832404749798143,-0.008747229972797102,0.003616622470297189,-0.03262009073247308,-0.00023385405610891607,-0.018524236622858188,-0.021857565572813122,0.012965693541956081,0.007790747948761472,0.018071785125260767,0.028308355887057105,0.024549155128781208,-0.010054216748016384,0.029175710579688104,-0.04209536832688665,0.00012898461949068226,0.0,0.030748570589022996,-0.024516149806553037,-0.011932056052351847,0.04391895910294023,0.012622880552579855,-0.033573326123656974,0.022110398623859554,0.058316916015444135,0.023845458795684213,-0.004290581232898004,0.05910420905391106,0.05639677816772823,0.002153610184175598,-0.07119372697816406,0.02195541139517337,-0.044091510904207494,-0.017526092207028752,0.03443701604044768,-0.012028248009173003,0.011900864044196484,-0.001786949993859172,0.10191009769152916,-0.08293112101805758,-0.03377942526525759,-0.05264385685590137,0.02509184906916525,-0.03923730656235147,0.01759723537457532,0.00021342902816876146,0.01105341479781759,-0.005959005726529048,-0.019124784083438987,-0.0014722910851443353
PLG,0.03231255605266395,0.021153988862158038,0.0033650806456611815,-0.013037952340704154,-0.04269713722415692,-0.027476245020967602,-0.015173825138002112,0.013119739942170229,-0.019369854966608202,-0.020925099758993485,0.000638917427569521,0.01526021906201361,-0.012195955486107937,-0.032617456489210106,-0.04137095801477303,-0.00903934668228993,0.0026635378548418164,0.010579861844634225,-0.013135664387261579,0.07963404282200415,0.020076970577775195,0.015335376792701265,0.004369200351003474,0.015611487228481416,0.04071901436602905,0.030251067546433138,0.055987424273155624,0.02857473212481274,0.020306066057783897,0.0006100564871724427,0.012860562497699844,0.008947147394092511,0.014882932945374183,-0.024380181289878153,0.022613345149714862,-0.0005574972813976073,-0.011266171969814704,-0.014834799779325801,0.007131001358350823,-0.0226139118969909,0.015708940003311085,-0.029188741250537265,0.03983590752424774,-0.02126716156993443,0.003436498379044331,-0.017310219638814947,0.028642096073964663,0.0,-0.018348220743619074,-0.014017469429057142,-0.028063983247744808,0.023082459837689504,-0.025036606747657036,0.022289320781966188,0.03771000965669773,0.043231878834402625,-0.004593636790681148,0.012663845796645711,0.020447158625112333,0.03038772514424203,-0.06809379618387199,0.047850843464934116,0.009837346004996196,-0.029941792442227267,-0.00870953087724429,0.02069333537556405,-0.022408422046459424,0.017787907879011067,0.05415199725755191,0.01754928278643082,-0.00294436635433482,0.03351034839441311,0.04500725853774695,0.008619559708353808,0.04825594317414329,-0.007897150562824744,0.07976124506652593,-0.0036101284905872308,-0.00416720283594494,-0.004002964322227122
PREB,0.021931344556404175,-0.005721975227704225,-0.030325209877345622,0.014126202920910082,0.020375184682363868,0.03206942183582884,0.020137401957175168,-0.040378211912774076,-0.052167938044979344,0.029013378366153423,0.06375057576566266,-0.021398262112563033,0.003958441768410914,0.020268722743763807,0.04693263576027448,0.008747823346484633,0.040170068684192935,-0.013727886169108324,0.021423744838480842,-0.010883048684967592,0.036330481010515746,0.02382863124596085,0.03427610557414379,0.04769753495601972,0.03291119137179662,-0.00244680064562492,-0.04913849862341625,0.03629678645565689,0.06577419652815332,-0.0013574034378669184,0.04076280813743798,-0.012558882997819536,0.016207412839666265,-0.0010462492514599314,0.01146100862164597,0.0240054809979466,0.007672540570815319,0.025341941798760374,6.89703564982264e-05,-0.0211189353427706,-0.022536205848606328,-0.013841083588641667,0.03274185402362817,0.030847346507684947,0.020859112686465654,0.01086503088086835,-0.022837047153402193,-0.018348550980960637,0.0,0.00015391185447148265,-0.038151242575900995,0.025104333622600547,0.04957574873748571,-0.006374033022463551,-0.02024636323189233,0.002954490040209071,0.019862243276480115,0.020391240975267535,0.040273996151135964,-0.031461023767391856,-0.0075910488542108995,-0.024407055965393366,0.010013168811605785,0.01009027132387181,0.04508476945347473,-0.030238795301354805,0.005912368489695238,0.018414701458116932,-0.026536479358875792,-0.006329052927231608,-0.008448960065155279,0.013419229433525144,-0.008709515379960255,-0.0002584903677479577,-0.005543202217204279,0.011726401814760605,-0.04756384850234904,0.014265474030904798,-0.0003974351361984655,0.041533290212854214
PSEN1,-0.008254827168223676,0.006698856838590596,-0.01287587963130606,0.03636651807036568,-0.0027777480828397286,0.002413113661976202,-0.01732487737285116,0.011371929166506844,0.014628189601781189,-0.010203260080271438,-0.04059224248299456,0.019436100814679027,-0.03166494667447971,0.015262005237905626,0.011904540561786015,-0.05398725426890882,0.025796913374486204,0.04231121805931892,0.004310152870081105,-0.02037766562312807,0.006102112415465478,0.00584390284614025,-0.011379645634743727,0.04409797299249819,0.004628222355138785,-0.041379403837380674,0.013449625792724417,-0.00018351922968877778,-0.041911828839383956,-0.00448389121109143,-0.02912058441603026,0.03287176859203808,0.028968724273097123,0.013085538880217122,0.004366470722070664,0.0001186301572319664,0.007148876744585791,-0.01179538152706509,-0.013732575262204925,0.03469365101598087,-0.026815702599680465,0.004652900940895363,-0.03272548141465943,-0.0009462748054001785,-0.004260234449068932,0.009888447121045493,-0.01092216692805461,-0.013774735769719446,0.0001512439160588779,0.0,-0.01093006426463475,0.00530709001557337,0.02603879787382918,0.017904513821977823,0.015572604280487545,-0.025453645954097066,0.011643935551000089,0.0299978413849437,-0.0038598667424398015,0.029928646457275616,-0.0006997482630848699,-0.05165001027534116,-0.01769371650337746,-0.03096016268794281,0.04308066996199418,-0.04070211744558694,0.032789341682346956,0.06540866373277127,-0.018695346079529097,0.02410509694154064,0.009834505621894304,-0.013746655571585595,-0.001827123691343008,-0.052482923041417585,-0.0007092176013249485,-0.0420255950066818,0.001495871304076408,-0.023183117691412913,0.01609626470127521,0.016648870886840857
RAB1A,-0.006724498201093959,-0.009466662172952042,0.14598574058697927,0.0569971940622451,0.04238552752416952,0.04554137343267478,0.021872301203627625,-0.011140308145891974,0.059162679505108826,0.020805963106557326,-0.0008107523770436732,0.04231604001245811,0.009305310928417406,0.05626307447021081,-0.04702707832085997,0.07396723463111993,0.04714985916015819,0.010695195543473663,0.004050088874867465,-0.029564060053960377,-0.04179701351894801,-0.01768589738532004,-0.02151574723004954,-0.05504587730809243,-0.054075689293018085,0.04422045795149025,-0.00987366112549652,-0.029556082108846447,0.06017657599914014,6.161393852503645e-06,-0.01606989309892955,0.006819534841275575,0.005306242089684701,-0.0033789802795022522,-0.06334903697990091,-0.07580453869507009,-0.026805999820041025,-0.03821735093027665,-0.007798521015821158,-0.018050635300253328,0.03326336823866865,-0.03312194699962841,-0.02299094434229157,0.011624289576396146,0.05349298349636325,0.06629954171035608,0.04714219053066252,-0.032339043234802335,-0.0439621299210173,-0.012817015535136932,0.0,0.06821410493765435,-0.06742404470887885,0.028458457565488267,0.12563693853949479,0.022751558519142675,-0.03987569026404169,-0.012376643291210696,-0.031763217695224,-0.023960739158410325,0.11754109031803729,0.05764845524143414,-0.033425590313708384,0.03133152500631373,-0.0251834124192879,-0.05555471436161585,0.019852024404005575,0.01868085984343884,-0.0329315473474418,-0.01770737444102585,-0.03867954654313691,-0.10545615024429819,-0.028325792593682435,-0.040055352187799334,0.017541688279733497,0.019662759130339682,-0.0051057454983106584,0.05141120530743092,0.010766764428839053,0.013910193462899054
RAB1B,0.013100469453180951,-0.02721719407671211,0.038270987620260564,0.06029318940770931,0.04761898443992602,0.06094476624518652,0.07469855438327735,-0.004469913602824185,-0.016045358614967697,0.006051048103584321,0.07166610914341748,0.03609477513524343,0.005925740757181267,0.024243980537007236,-0.024857678063085736,0.04965319768106427,0.01511206390719817,0.08204338254789406,0.01967652999048755,-0.010972996981453247,0.013320297222395147,-0.007987105649461382,-0.03310255574149743,-0.012242565278815868,-0.003071834309965636,-0.0056960900540352875,0.012435205461215702,-0.0012711986186873907,0.07249550951624366,0.02171480434888961,0.06383414606244059,-0.009305842608897613,-0.03741382162867269,-0.024884213765862067,0.013163379650116408,-0.010226564810030373,-0.05162975336472316,-0.026309887303990687,-0.017560702791832795,-0.0004169669153076923,0.00024978396799310224,-0.04697328508876152,-0.01171258426430488,0.06745333110131814,0.06914264463511038,0.04645470689785126,0.012481996574711753,0.024503482361960722,0.026649348860439452,0.005733086778310595,0.06284085006921604,0.0,-0.007924456805183569,-0.014342404795942445,0.07614063398300093,0.004225628833543121,-0.05716304085048167,-0.01817875889683032,0.03230301089570697,-0.011127341262757023,-0.06456568639342777,-0.0007275580488996916,-0.04946456508262558,-0.03587510280696992,0.002061846694101448,-0.02375532569571054,0.0569925205529242,0.05053997270458181,-0.04101005772990005,0.03650069101509115,-0.02466355579433885,-0.005024965964342301,-0.00034034837592783045,-0.019252223152184045,0.05888786137981774,0.02961092102928293,0.048699829442289004,0.006457325683917589,0.04010571430449585,0.03315904017287186
RTN3,-0.013634166930991296,-0.004378944234819239,-0.04157546343580685,0.00776513448383551,0.02245658370213458,0.024570848903079284,0.0020914278472232836,-0.005440922374686091,-0.024207714668681136,0.01810062251705089,0.0037068921086818698,-0.014541118421220751,-0.025778310279643696,0.007754453238006578,0.046090762553525955,-0.02000153313021908,0.035422162821140496,-0.010986059056088661,-0.0007682440040544141,-0.0038466301437733424,0.030361052324645723,0.012942834170994419,0.023859179108369412,0.04715719751763052,0.026121090224054816,-0.03109723130681973,-0.02479340935699623,-0.014450756498585465,-0.0031770143592546943,-0.0039717466231014836,0.018408645747311957,0.01538497932216828,-0.0031146940391014867,0.004278125423769975,0.004140912113117695,0.014744073194966926,0.016251947768134403,0.025598404234357965,-0.02390411375279557,0.00515127812023163,-0.025464435113014314,0.015523227048643768,-0.006295491552048238,0.023802250151515134,-0.005481367160052754,-0.002956109432661898,-0.03035561961169874,-0.02430190591322457,0.04812007912282859,0.02572006953566252,-0.05679391598120953,-0.007245838482588228,0.0,0.016834238102374936,-0.01949071231163274,-0.031101914376809103,0.0054553167110888276,0.03494487439049232,-0.0004668541284129164,-0.025551442436034636,-0.01751820418617332,-0.05361598445979005,0.028585576725389975,-0.002715442980367472,0.030808048996002386,-0.01904051580072353,-0.007435593453267228,0.006894310056327056,-0.0006811416570651407,-0.008765425878662313,0.006012611788700219,-0.008337985102128239,0.00270049706561261,-0.0036542816262337256,-0.0013974032025928917,0.00841860758296474,-0.04082567781043558,-0.00766912077574265,0.021793395822674873,0.02216725604798636
RTN4,-0.08386728720519869,0.026392704788969212,0.006807257378359172,0.034581157817579665,-0.017267347587079523,0.0038032972151448253,-0.06983665711427317,0.03364299270127748,-0.0005422170076934962,0.013333362534737507,-0.026000475460066803,0.02133998766351311,-0.038719193774101886,-0.01852416545782645,-0.010224418285230236,-0.03553923299840921,-0.008666133968350734,-0.010522446603320655,-0.053939441763144094,0.042342982305947574,0.024743277122459828,0.003037998541783947,0.00020318565229857392,0.04750562236342051,0.014995417076337617,0.0729458922629933,-0.11586286251753072,-0.02713863130811654,-0.005328579305975779,-0.0924303222586815,-0.04774232294905396,0.02936432583098658,0.009689892444771834,0.008913168444607168,0.008799639312533337,-0.02614732168784996,-3.559650081690679e-05,-0.019615744475013058,-0.02150014387130785,-0.03848277220770222,-0.006792149483471187,-0.002060094108892667,0.006878818696338841,-0.018348797675538035,0.02942257146807986,0.06341013209222075,0.02233563354292548,0.02417233876136764,-0.006912391541862742,0.01975926159523095,0.026782760689987153,-0.014652039892461463,0.01880833864877404,0.0,0.06860200040705226,0.020675491469885458,-0.018194698766344976,0.11062774990320487,-0.06427820671417091,-0.013685040971912397,-0.02779711955857676,-0.017904003027933987,0.01816649555927041,-0.02716217431899789,-0.009921309154817587,-0.0266685018412338,-0.021952693780851105,0.044473966553668406,0.08929764230407786,-0.0658807043557264,-0.020753125259290295,-0.039721503109793235,0.03570603132567258,0.010715837300016597,0.024792559681306788,0.04259058799567991,0.033649220540738455,0.06386481297356307,0.0315131612263972,0.010077343216670285
SAR1A,-0.015133662270283572,0.023365851494734018,0.08789913382113308,0.05125755233917701,0.001136684046485037,0.02262671327548026,-0.009651446509274544,0.010554281905344272,0.026917801390176344,0.0007770824623898891,-0.02245697515020459,0.006752389067417398,-0.00500407405222821,0.009762573597872238,-0.03188986906149102,0.04374261220331222,0.06906099833452421,0.05477140865325386,-0.017443384888315084,0.020657759234699678,0.007315073553160358,0.0061234139546880425,0.012653011248553891,0.014484174289261364,0.03924610019482765,0.03373552058700778,0.08116543642332207,-0.030503298032807165,-0.0023712098042588613,-0.03582480909927374,0.01759128520936788,0.04212845799230952,0.0009064168417382467,-0.005787486649089282,0.010687731258128738,-0.02607251738888679,0.0015686593631518014,-0.030707727092909157,-0.0021144269522965246,-0.02392724419502271,-0.02268998758792314,-0.0365176692927898,0.01090196605935223,0.04007168608915886,0.017533551537775957,0.06204741851495215,0.058286974239557796,0.04046259573703059,-0.021723825417193643,0.017003748974610457,0.11698672602010315,0.0769604970953873,-0.02154566685306671,0.06787534321188901,0.0,0.05742423505621625,-0.05224931681516175,-0.007781077984909015,-0.022215758484637166,-0.002787389236985681,-0.0626825680911749,0.014824391055269427,0.014758452990587131,-0.008083603994251697,0.014454872802169156,-0.07301977671595707,-0.015563711755150648,0.06974599121012698,0.027900173552975995,0.010869957546141526,-0.045224711751176656,-0.09930867145161845,-0.006618541470814907,-0.021441760826468963,0.03090487859035517,0.04332120077282183,0.05356906584614464,0.0205619877730774,0.014658808985094144,0.03342072530968305
SAR1B,-0.007170679977567839,0.04281218894273801,0.04998245586505098,0.00495739297468399,-0.04500285915135621,-0.011521209846792741,-0.029804636975082673,-0.02414370333260529,-0.019188044056651837,-0.011493630794100283,-0.009355875371674292,0.005659608613869825,0.08955194181294203,-0.028552211579062264,-0.01812507703687913,0.029223117970623946,0.0038460016769998593,0.05069964890788845,-0.00017678181769583638,0.022919627101876085,0.015961427241721095,0.020292765550928724,0.024793506510927137,0.04523693302936216,0.03817147336022728,0.057302254781307536,0.021782033541520876,0.05001313850644938,0.010977955489154393,-0.020201480963208118,0.028836993384960187,-0.01425840308212758,0.023130382413499427,0.011953498657227767,0.04511588265629611,0.016546043922214756,0.022843806225055052,-0.016662519997225168,0.06294540417978856,-0.07810924794779778,-0.02295744463774678,-0.015573772200930255,0.03605031317286759,-0.053654181729313306,0.010670830008863118,0.04195795920090783,0.022709890693239334,0.04420115374777283,0.003020676446204198,-0.026482917960722788,0.02018658211685889,0.004069819252090242,-0.032760592641497006,0.019492318530066978,0.05471767275320422,0.0,0.03347864707285527,-0.04809500159138815,0.0074182511335672005,0.001622908092085499,-0.01253043551898118,0.06810980819678782,0.002308297779227247,0.010758722228496144,0.007711841605266817,0.005925735089858107,-0.013719284285096257,0.062186413429902845,0.02722525700493557,0.018958047686084698,-0.03144498674282629,-0.0021576879190928953,-0.011145481850206654,0.014178440502054896,-0.016177196008705413,0.010158731698712902,0.011521873477051534,0.01842039775730783,-0.024115330320654098,0.01903704800634116
SEC13,0.030564817254625072,0.00870994560913104,-0.004709651588951561,0.015209375275233835,-0.014371845881953813,0.003075388925265937,-0.00670890431114976,-0.019581797778985485,-0.04220738280498941,-0.019580351854621748,-0.04004065399253188,0.029412912658225633,0.047783569590731385,-0.0023782658618187185,0.016900410081108107,-0.04078668499680956,0.01916962230496633,-0.013687011214604592,0.0118940410744453,0.00806655411344341,-0.004990815919500622,0.015530192361992908,0.02968594481768799,0.038751577784624285,0.01985507161559115,0.004222892193418334,-0.015656829258094012,0.06534083890873317,-0.0038679456469382124,0.017666916172280202,0.00914236137587441,-0.002828430620456669,0.06101921161376139,0.007261742044392311,-0.018424934513869447,0.017662151892166272,0.029531204239018262,0.015366315149296756,0.04713445485444692,-0.018912945481987728,-0.010756647347164703,0.019809533182977176,0.00290946048536289,-0.09042308736923696,-0.012168774011132645,-0.02101797042244748,-0.004009562884587483,-0.0046084797995094,0.019926063735667885,0.011887407988976504,-0.03471613704706169,-0.05402199736756685,0.005638403296575791,-0.016831548272643607,-0.04885224816067384,0.03285030744398131,0.0,0.0009269583740510121,0.028242077838196517,0.007749496518463008,0.05248157330084508,0.02861629105779311,-0.008486377964615373,0.0075962994717113114,0.053440461165658176,0.034911804929932226,0.02593141429089862,0.020923548917541224,0.013056344444318302,-0.031887449967186,0.009601686188863416,0.030608281632209872,-0.005266817885878631,-0.04196808152331053,-0.039570713968510564,-0.07603560112311585,-0.03871830571072361,0.0012113796948223475,0.006131127570425083,0.036180501932843195
SEC16A,-0.036728422200755,-0.006187122564599975,-0.03492465583881462,-0.017516667887681733,-0.03875419507546433,-0.04561435889955064,-0.04074458236643435,-0.023189599930594284,0.019708870798692848,0.03813905270503668,0.014581046500185133,-0.03111954878391439,-0.043377296925378624,0.0018015535596950286,-0.01132581489047557,-0.12735755242738225,0.011974245192559097,-0.07165396339284251,-0.03568260235858247,0.04536916022426113,0.023147332820348653,0.028625532009225532,0.002990198803821046,0.025160405212098804,-0.020405887581120965,0.030094952662630726,-0.10165940564480958,0.005475850164173049,0.04128884423018711,0.0033512568383291742,-0.010003701804635856,0.019219640636561158,0.06508875497797394,-0.008753539281724187,-0.013640198791220914,-0.03959091465519983,-0.038273164966240066,-0.001053319417586279,-0.07760545243302006,0.005482543400575319,0.04126740376159116,0.03771042099665015,-0.020465219643537754,0.025936563337766894,0.015851043336812264,0.002068137219887061,0.06131078142523334,0.014102762412967339,0.02270776631837204,0.0339949902568057,-0.011960892733286719,-0.01907028066222966,0.040091951133800645,0.11360065032456644,-0.008075719902201692,-0.052385250367443854,0.0010289582966511287,0.0,0.04762033157145566,-0.018959616431793055,0.02448446267114564,-0.03788879219843931,-0.004771085288141602,-0.06263259460526058,0.022885006375536154,-0.022220424353294535,-0.028043006437696336,0.014924385647317634,0.10189254695059481,-0.05907980772509473,0.015289292466679778,0.021955224905835864,0.08315917544312187,-0.029655886958088788,0.0755435519091428,0.0012829683708930398,-0.04355584194053511,0.01898012853724137,0.01859365473568866,0.0018473771016060969
SEC23A,0.03356502824111019,-0.011228391282349499,-0.005059419066522395,-0.014884163209654733,-0.032761410635610826,-0.04091015221648517,0.05464031298091589,-0.049059462814805256,-0.0033650312353387,0.021307927388108012,0.06856458499192224,-0.04013657896720735,0.059751627142726964,0.001962076069316973,-0.02097881990743218,-0.04306261254099571,0.029303377075526542,-0.030019227107649277,0.025083024154859853,0.0023925610553366425,-0.01117164407431279,0.02360536494133203,0.00033476310754310834,-0.01682025496979346,-0.00462420159570688,0.010160965865749726,0.048533796565601,0.09098983255756675,0.029519679054724475,0.04449696582443188,0.07179926168629622,-0.01648374934443676,0.09256197788496094,0.00013226286199936318,0.00019271433261804655,0.020595058698496874,-0.03240203276551151,-0.014620466891314299,0.006979965976488731,0.011178752689067695,0.011646882428341459,0.012939039584043438,0.01799182812904916,0.042632933889127374,0.013553851156668384,-0.014777557328665283,0.054683837738788474,0.021284222591328908,0.041921974907873714,-0.004088683353827965,-0.028692702975906512,0.03167540008440012,-0.0005006580025833342,-0.06169738262473126,-0.02155206434589688,0.007552606572768508,0.029303563524720983,0.04451215956124045,0.0,0.001894876103410662,-0.01927528535935854,0.006246989008028873,-0.031358567416071334,-0.038085380882977776,0.05798756186268426,0.003167264660632969,0.0068591548619035695,0.00241886844641093,0.011831650097649601,0.0018227282112531433,0.013555784164099277,0.0794212214810912,0.005704391555015687,-0.028962531632212515,0.011793525465362527,-0.0193709152675031,-0.03822227317330428,0.002894148596771938,-0.01559996303814543,0.04279942238957285
SEC23B,0.03882404352576436,0.015900245263592783,-0.017938902152545486,0.0035450758096193967,-0.040779023444028215,-0.042409126623488655,-0.030709619713475085,0.02410986574428849,0.014651776673686988,-0.033322777589439016,-0.01622228663053199,0.014800551427671664,-0.04024877407468017,-0.00325930474261012,-0.024070953677228158,-0.02794624486571226,-0.028268004389753514,0.0218806807685672,0.009221561874590114,-0.0005224085097098351,-0.015906715477460098,-0.004285184479051095,-0.02685146189209236,-0.005615749368082455,0.0004442622654690199,-0.005288397323505726,0.03932738076798169,0.03426663686495793,-0.030176922794352808,-0.02038628185259899,-0.06903328783323323,0.00919694748524701,0.03222410684604317,0.002352829772768989,0.012895136699838132,0.00795576504479688,-0.00216646164822321,-0.025969500121405583,0.019494253433358522,0.038059911326242014,-0.001855330649281742,-0.03260523957603907,0.021631215457575414,-0.018541863339210336,-0.013922988223872123,-0.016241016921217363,0.0019788299919810803,0.02997503588785579,-0.03103319972403785,0.030042421769247356,-0.020510860411419942,-0.010339682638316179,-0.025966419973678802,-0.012447604663678695,-0.002562489205242221,0.001565762734296525,0.007619631612282943,-0.016793935979788777,0.0017956327387578823,0.0,-0.021834053554086748,-0.001292349316680862,-0.03001465251436872,-0.01924073462925765,0.008135728360109977,-0.0183197003369576,0.02515673425790724,0.029662742262923206,-0.026067428375452093,0.03585093251331768,0.012208695330379611,0.030235278091661714,-0.0014194896153803568,-0.01967660921356324,-0.010480974691556738,-0.050727389410100125,0.07408286017414722,-0.014744305038257464,-0.03417239469878605,-0.01892169611032204
SEC24A,-0.011949264360214078,0.016369146509353383,0.06244797248742662,-0.028108329801341876,0.004284649174647267,0.003661489908345144,-0.02986075967479308,-0.053583902273832196,0.041490153381478614,0.04146761138570483,-0.02380291411856865,0.04724092326765144,0.01658340764234721,0.03812864288055776,0.011772081654483322,-0.010286035816030669,0.03919365986962367,-0.027354712350263145,0.02868910469865778,-0.014710553387882143,0.008095433879994823,0.02429518315430997,-0.008409686353672816,0.05710625270999115,-0.07278730551785098,-0.025924541010633653,-0.09187423097481445,0.018531413723187423,0.06693928009196272,0.0661200997245394,-0.04392400420548195,-0.01724648891966898,0.049043791055627624,0.028130326783586616,-0.05427621965187931,-0.05852259543818095,0.009036774490502289,-0.0020294748458894634,-0.020478815622966495,-0.04491304604389729,0.04580183740850766,0.024755451955311685,-0.04660625239650629,-0.09326926454726635,0.03047399358599585,-0.0024252594743063276,-0.0790763962715136,-0.08119566090342888,-0.009051472673782186,-0.0008490894495873388,0.12162899971724729,-0.07252392935971516,-0.021520382763299553,-0.030563510270508097,-0.06965863491476741,-0.01461375914421787,0.06237794826868428,0.02621665484402471,-0.022080111642023698,-0.026393569195360546,0.0,0.05584329058120977,-0.00425208429041674,0.04614863110781372,-0.035741574912482414,0.006394352657724558,-0.014771473800620884,0.007231738947828683,-0.06731629902575474,0.04350960516434123,0.025160923838762936,0.0028387554984191,0.0027510097130540724,-0.02504968375131488,0.001190777414795557,-0.05509265834284514,-0.1345120323614947,-0.0033091259842484215,-0.01911253470584166,-0.031370970361611156
SEC24B,0.04216270846457202,0.012678172957141328,0.05420795049191296,-0.0168205002366379,-0.01984902959423323,-0.002565514507303576,-0.003746915007032067,-0.017301624065677777,-0.020219732307340442,-0.017319850503271773,-0.008758700140596308,0.032174428862101694,0.04582947633763532,-0.015337223666322324,-0.036351725308316964,0.033385712430351884,-0.0010546087329642282,-0.0026537701642458736,0.0008828933205927673,0.05406781860860323,-0.0009685386338554775,0.00902439546339348,0.01647584939100513,-0.007158465035225454,0.00921410013616784,0.04332270283686111,0.01833056013500931,0.030934944518665974,0.057978594421786905,0.0326583921771428,0.022208176646777118,-0.02095810454651944,0.002546083204312109,-0.02182624589184999,-0.00991879528410896,-0.01863691136050592,-0.00045908113584819247,-0.0005872096643450676,0.03398199403790495,-0.057268008458753177,0.03538709848626302,-0.017827182125759566,0.025417770906550428,-0.07317205472489283,0.009740155722308741,-0.01408864920346291,0.020709934396145924,0.04845592358309862,-0.02471524151869572,-0.05322479915427506,0.050660223110528445,-0.0006940315397735336,-0.05593539324354081,-0.016718048600631426,0.013990622701607374,0.06745861807029756,0.028884814841745116,-0.0344531919454018,0.006077195311160091,-0.0013267089950559565,0.047424526656433263,0.0,0.0005467445637292638,0.021187944650180285,-0.02901507471700702,0.04957672498379633,-0.01425898331036805,-0.008377772918927478,0.0285341588115659,-0.0008597436813652326,-0.012808973028159355,0.010672268849850708,0.02110584685940783,0.007735754649427771,0.020294993217939143,-0.019520350621920778,0.020457201732859684,0.00732557924331999,-0.011076389765008356,-0.009466104448944029
SEC24C,-0.00819916543990118,0.02487876143711854,-0.003118802309570767,-0.03230853867207555,0.006904314706603678,0.0077537520327269115,-0.01423643895672664,0.011125977576124718,-0.01100480570886373,0.024425932743957407,-0.01771269423662098,-0.01803542626391332,-0.041606558615548905,-0.01455772428396631,0.027018748894835586,0.03194463043638968,0.07438159610146379,-0.05192938682055402,-0.014058885102701235,0.05680738382373938,0.035181306856719184,0.02088449446966504,0.04484028000027368,0.04866738546117368,0.053830259323542975,-0.01102982986867316,0.05295909096054618,-0.028891002623552566,-0.014832078464043568,-0.012900858591715707,0.017442306635814267,0.03190574861964428,-0.00019323263101797802,0.002157847958607668,-0.008485124512449729,0.003846294076134273,0.038343871124433736,0.023718904715842308,-0.017761693542432365,-0.026131394666409347,-0.012839660728975683,0.004374869085321506,0.03371332787585026,0.005241485589033147,-0.02436539895531213,-0.02615270265284097,-0.04121605026468195,0.00987209829692313,0.010048361377239556,-0.01806911697263141,-0.029109366589438367,-0.0467605917170394,0.029553819431848597,0.016810508230022687,0.013803056446718597,0.0022656554359173596,-0.008488928189041173,-0.004299422533884802,-0.030231723876799853,-0.030535379490036988,-0.0035785584449095098,0.0005418246003703667,0.0,0.031187130012585405,-0.009283598826279525,-0.005075374021810684,-0.08362818001545225,-0.039879354344935614,0.024149787861911378,0.0038620770746422995,0.005622905168461684,-0.02651831103387599,0.00746448444772588,0.037734720912476344,0.0019430257106108739,0.03370786324990264,-0.020530779152886522,0.0007716215328510625,0.00316325844419168,0.004498675521536336
SEC24D,0.030831909604183153,-0.0014512627543215495,0.010546886129614078,-0.010752758372865039,0.022640484941342045,0.02168476000301491,-0.00948418958244781,-0.012006233467454462,-0.013669076025323215,-0.0005259561851837781,-0.007810188096235165,-0.014958920712991378,-0.005284434613842062,0.015841274617399224,0.02932525621712939,0.05356830497873612,0.012253568583174081,-0.029204258718354074,0.006810263821580859,-0.014509322192286407,-0.003910886227371742,-0.0031759081675798006,0.03605854131522672,-0.012632495608250605,0.013305336186741203,0.0014250651198507317,-0.002910087689360529,-0.02166883075390377,0.01998757670687479,-0.002980926241603905,-0.011565319796651683,-0.008621860510489836,-0.032174850091187285,-0.005157647026100342,-0.016373008690808353,-0.0002678249516040936,0.03153662254799044,0.03267608872674395,0.017664166731335453,-0.014430707114379417,-0.003025041445050396,-0.010372233732251695,0.023377778921212542,-0.012386470469374267,-0.02353760551749427,-0.013025893948222554,-0.01587509301565364,-0.029115826058627062,0.009811747167246783,-0.030636623225384668,0.02643960728059251,-0.03286236039743133,-0.0027203647659428576,-0.024355329826007275,-0.0073258707836892385,0.010232518069617147,0.007362958687757934,-0.05469065792279409,-0.03557826765252166,-0.018967559204651777,0.03763438896915797,0.020346179523913197,0.03022005200587115,0.0,-0.010055987362318145,-0.008313298849448113,-0.01769707227899174,-0.036843371925711604,-0.025669686617573906,-0.01598606388188899,-0.01387385444446788,-0.04770187678138063,-0.02551447731472018,0.01827412804130408,-0.034071359760070294,0.008229871729560913,-0.022433426143303674,0.0020459885611678907,-0.021313016402444655,-0.009258106388387337
SEC31A,0.037999108549801465,-0.004874930536354078,-0.0074812506624123845,0.047625467706431744,0.003904205510792239,0.014310623070778888,0.019959125794754222,-0.017198533699058893,-0.030809234124389094,-0.007716894897685392,-0.014087260227282518,-0.004479999334499321,0.014403784909938305,0.022385423983100065,0.024310958891703035,-0.039484756295255274,0.06304909212601753,-0.009972134942020578,0.014571596947457214,-0.016414785471304066,-0.009134787306997176,0.0145536126397875,0.03411097899048644,0.02321953240603046,0.038512623886469546,-0.008319919580456213,0.03390859269526725,0.051908565432418424,-0.015803243040998456,-0.0016623412011090198,0.026160290908504347,0.023481978371213606,0.07180610702416779,0.0035464718819553805,-0.01782367197763214,0.02405743134219218,0.01991519021143977,0.010431848709769978,0.025559949738841698,0.022434159672669096,-0.03524984741954458,0.005301115684985723,0.009570122186330764,0.00026208520523222554,-0.01313034133314789,-0.0032419306286396443,0.0322977553030375,-0.008769235321781844,0.045393011709242946,0.04414034777827627,-0.02200410378171817,0.001955589114990185,0.03195702117149737,-0.009211155342920106,0.013563886260103443,0.0075944367049605435,0.05363349813348677,0.02069090197618796,0.05608890792529682,0.008304277987956481,-0.030179731518527948,-0.028849173548575833,-0.009314333894462177,-0.010412148644798721,0.0,-0.03247242276687706,0.035502596515497656,0.03880503815699025,0.003509017088257957,-0.03784151365534461,-0.002487200969393407,-0.00790267481710482,-0.021521014479330993,-0.06652479514693158,-0.03395719591696595,-0.05153718677311632,-0.02416649780860913,0.004559087976909664,0.014430004164181843,0.07107263614789922
SIGMAR1,-0.012552708196198772,-0.018670442667148776,-0.006043426843924772,-0.014518373488056477,0.013709941696749545,0.014214285993323743,0.04146265508170654,0.02191749088085847,-0.03544122801522194,-0.022071503875788864,-0.022016440861674133,0.04924955686518596,0.056107222499541906,-0.038797803066743845,-0.020871980687891027,-0.002976958104125687,-0.046879832602309206,-0.015997152252740177,-0.011900956020448753,0.039056404240163836,-0.016803184473539887,-0.01799863361008621,-0.013241193511543847,-0.029817031648475618,-0.016466988324636337,0.008732264739984591,-0.01740450281749292,0.008606965918522549,-0.013807684780375569,0.03809091040505845,0.0475226640688961,-0.023771268985422752,-0.022155205309367015,-0.012376683597995815,-0.023351360761353537,0.006338511922822857,-0.010401208378584022,0.008047608613945883,0.02141380402956077,-0.019135449451188256,0.028550553831194203,0.037713923531961596,-0.026862694924325286,-0.07579035816135107,0.004694444167412976,-0.036319469610994914,-0.011533926670064597,0.02130224829765401,-0.031128028447179875,-0.04263814380067244,-0.04962928409904083,-0.023036166797132572,-0.02019336930638719,-0.025314638363422896,-0.07005487304018433,0.005966335666250799,0.03582335143983623,-0.020540391587509442,0.003132235988727357,-0.01911841081191039,0.005520345453662422,0.05039825526602135,-0.005206327390306853,-0.008800695975969683,-0.03320035116386998,0.0,0.011454718089258716,-0.06072002509683819,0.0477391419731601,-0.04098684281638129,0.020256492919474636,0.06423547194785678,0.02107401136681591,0.017063300582341456,0.002024274316229054,-0.021937036834172943,0.0019082686257549059,0.0021718240976165456,0.04521672277926262,-0.003476163373674729
SNX4,0.029461860063913957,-0.03730407697962872,-0.0029894135649046524,0.07670736640436282,0.039513994081170054,0.04792999844819401,0.04036196081234965,0.011448063635099774,-0.02973622994464667,-0.03905547494904154,-0.004007251961480157,0.058357634626398626,0.017031522771405995,0.028673660235339567,-0.0011364848747325647,-0.012247725516622785,-0.04430268642023645,0.05448100913670285,0.01971817840926479,-0.05874552980459245,-0.035601187893208305,-0.030328823462331785,-0.031162553447788482,-0.036097019987712975,-0.026826406577114274,-0.010354264489240433,-0.051529880502481994,0.021884531371775512,0.007113849630271186,0.005362500047193729,-0.010884303574399817,-0.015564603737059072,-0.012078114153132272,-0.009734478393001567,-0.018425124289351873,0.006059436872328399,-0.019392513135817042,-0.006556673404776413,0.030320211852597607,0.038345474267701664,-0.008393122671472247,-0.01419944940128037,-0.034545748075727106,-0.02602268974725737,0.024467768469164222,0.016657068832860545,0.011322624509752239,-0.02288758768531549,0.006038685654333414,0.034080643291768374,0.017596070426076044,0.0548353840333634,-0.007824192280659416,-0.02067543842521681,-0.014815108219636084,-0.0137053681425417,0.026400607144244956,-0.025720223697099268,0.006730301623204317,0.026048425989627644,-0.01265281911733346,-0.014382024625665277,-0.0851157375894776,-0.01858826475609167,0.0360148741117327,0.011365229366371667,0.0,0.036935465305512054,-0.043819717119832506,-0.030589729200596404,-0.006112547085180954,0.006645351624978778,-0.025386515247838606,-0.06037963245659822,-0.023751478723025066,-0.059810152390038424,0.03253109545101451,0.004221086189854003,0.03452273873978299,0.02951842356239456
SNX6,-0.02298232971897899,0.04347764791227949,0.024355426661343212,0.04485544890523853,-0.04479527785527066,-0.003993025226779675,-0.05837948597893061,-0.030665352839044462,0.007426462487627648,-0.0129457650907697,-0.02904961549039754,0.025183806397725796,0.03956414077699509,0.002321680830064037,0.0004907875992636505,-0.04539973385412641,0.015255113284217268,0.13914605277364006,0.012000683476670732,-0.017158376320956042,0.04720828680353768,0.033119460939691356,-0.004458819164110382,0.1141235904948604,0.02297762200113965,-0.010297507852357668,-0.007770435531356788,0.032667785729284145,0.0070117906478963715,-0.004165862456106145,-0.009194494852102381,0.011081049326584552,0.02590386046950296,0.021182405214526325,0.07411569838985387,0.0023046624344229467,0.009458712842479716,-0.031180014409972655,0.014256024138307972,-0.039864443499979405,-0.04447714447276868,-0.018100216581742087,-0.024561867455847198,-0.029235429691526628,0.027548139131137715,0.07052529806037203,-0.0017885895492629753,0.019113635314447153,0.019786787501739088,0.0715220644027247,0.01741957004415332,0.05115731072110824,0.007632105543379757,0.04406588040808199,0.0698458453786892,0.0653558456244634,0.022410561490048077,0.014400458194116526,0.0024969270092937194,0.03231232437162383,0.006516822462536967,-0.008889753731853986,-0.04270070231935196,-0.0407123782996424,0.04141327510094506,-0.06338046485421846,0.03885735658165674,0.0,-0.019245964550363915,0.08642674224467378,-0.023256584342088226,-0.018323447226285927,0.005967139530525936,-0.047427169471490296,0.022269544711615748,-0.02708463476234039,0.003384529041391073,-0.028751195021287368,-0.008327218408461564,0.0158786803349684
SORL1,-0.02718577875461224,0.0018528988555683032,-0.001383208482337219,-0.027559546753688394,-0.042197016595575045,-0.035889405769910225,-0.03708666649927989,-0.0014983879710209964,-0.005873300835869583,-0.014301428360265725,-0.05579081397255915,-0.029052274842282032,0.037573178473861664,-0.043241315634500774,-0.026592116714656538,-0.06852076597283009,-0.013854922347644814,-0.0449304073847776,-0.05702174964548894,0.07179009368393768,0.00014850477303948023,0.00992459268978728,0.04007811958502818,-0.015096670784697355,0.0233587362325337,0.05751394782207726,-0.004204306538283256,-0.02228018821830568,-0.018492149731444356,0.005825708557730019,0.03938186794989972,0.013237317699128217,0.0031011519705921456,-0.023622994845766167,0.0007776964220448538,-0.016115675502509585,-0.0004226740096871189,0.01977010782447722,-0.010654353124259424,-0.03119534112206919,0.02523454066010013,0.05251817696899642,-0.012022951309052891,-0.031984270262663164,-0.033210365771278144,-0.01406755148094206,0.10110510429198528,0.05767538165250226,-0.02826255920867334,-0.02026263156402747,-0.03043759126168674,-0.04114534022375303,-0.0007473922191663416,0.0876989013887474,0.02769400755805544,0.028360800879904658,0.013861063786017492,0.0974495505163932,0.01210588348264621,-0.028145739559689898,-0.06012719641236357,0.030011229896989667,0.025630542227773345,-0.028115463270655488,0.003711885061019639,0.049391891817758674,-0.04569375217638171,-0.019076436692587507,0.0,-0.08919291973382797,-0.011070234844437844,-0.017679964091967013,0.06561080055273043,0.0006606599411461191,0.039985682702397676,0.014415995676819513,-0.0005494058373106821,0.0050806231529593685,0.026418506776113973,-0.0006330597832533281
SORT1,-0.012681010929993757,0.051007845400991174,0.005859407557761477,-0.047770504392316795,-0.04849355316833866,-0.042066084498288844,-0.03340064131223113,-0.022739892926029334,0.05035770646818352,0.015346376414239157,0.021547174186033545,-0.006232947002945894,-0.00420424120259383,-0.012578941924950763,-0.007085600702204395,0.015034216565901645,0.014117406821506574,0.11576725937560127,0.03512075144486242,-0.000642200727701102,0.06049507312371324,0.034358373421816475,-0.03531640514530674,0.09509657885974342,-0.0003244237282512469,-0.06960800842263364,0.08626750034228865,0.00872915082840045,0.0021291450527568937,0.037926820496700125,-0.01040689726734208,-0.002830498971442091,-0.00796216482525211,0.02633248734406367,0.08514166984734314,0.006851219754822636,-0.0013240253352948754,-0.03720946598968355,-0.021412953167184636,-0.021898322178190075,-0.017406318421257748,-0.028641883615681846,-0.006586381835465035,0.02369706440144279,0.015219759288439867,0.014441273458324744,-0.08476128478148702,0.019255708442877596,-0.006944341027789285,0.02691506001093908,-0.016860732793712866,0.0377272799707273,-0.009908508442413594,-0.06665558211915584,0.011115548062986166,0.020345306895232736,-0.03487537489700094,-0.0582104057791456,0.0019213090073067008,0.03987852290192132,0.04003685884496261,-0.0009315621697196265,0.004222693326659693,-0.018038081829110018,-0.041238386798413205,-0.04368674116419313,-0.03286147220362788,0.08825307543599105,-0.0918870930162648,0.0,0.014051518503533632,0.037301879976000825,0.004333515150380921,0.02907343379247631,0.0422521782157684,0.012022895285515442,0.002318058108766639,-0.07209622736270985,-0.055139127559909386,-0.05339840270689021
SREBF2,-0.005723669136131306,0.0007125651463562566,-0.01847230329557534,-0.012690708260588275,-0.0032741456637494174,-0.013445340360553873,0.011898596331786474,0.01420220093175934,0.006944859638387823,0.006748449129234867,0.0009210666957883832,0.011881457863513512,-0.01951429784728861,-0.0061214877637531095,-0.0032378953666392526,-0.02059019925066865,0.005985398396172177,-0.021837516177100783,0.004530531017605125,0.011031802862724783,-0.002828201972727005,0.0006376982459143205,-0.018411468746139917,0.005990659992976436,-0.011392924050872145,-0.02081198386261536,0.011129166171142497,0.014955271777231617,-0.02237485326090086,0.007828093217527773,-0.008212297722752698,0.006985975880578131,0.028286878531560405,0.008901123904471998,-0.014019253737559063,0.003969543750194137,-0.005281184941775256,-0.009181476240711492,-0.01075392642163818,0.0198848924401831,0.006662782381462888,0.010515160508705223,-0.005256718763279434,-0.005692932355997436,0.0009573249129699867,-0.023385955437713733,-0.029620028031620692,-0.0027716934136532254,-0.007953326003175472,0.00942089616560116,-0.03159780124416403,-0.02187073168255588,0.005831115452248001,-0.018014201377134265,-0.03967638123611319,-0.028951779604690104,0.00900948188928935,0.012924154941336394,0.01225894687099523,0.011650942993160865,0.019863448647352327,-0.011907219960024586,0.005274515567816361,-0.01343071571615241,-0.0023253978171169066,0.018523483120033067,-0.005633610476626805,-0.020374213395689775,-0.00978439956493995,0.012055257012162852,0.0,0.043203201339417484,0.0047083064624048685,-0.0007992451110815329,-0.0008339572160003195,-0.01911159839434697,-0.00541892377195911,-0.0037853689304960655,0.005158159013460271,-0.002223393399409743
SYK,-0.01579518647223322,0.011110317339567608,-0.0444248290108108,-0.028221839298749423,-0.04068281048098973,-0.04767929677064737,0.04255371268142694,0.010610815802620518,-0.017814157918105557,0.01942379692771722,0.08044664398658896,0.028543101065960263,0.02463340687622513,-0.03860050766590888,-0.03385589524745051,-0.03339658646182838,-0.0361185317986412,-0.0234837646156537,0.02183697183050101,0.03287153396413242,0.0028697399934961344,0.00834326853131387,-0.060149202332028605,0.017004998895500188,-0.025649584921632884,0.012477752759131178,-0.021420597733571516,0.11187011455041834,0.0008646755586377386,-0.0005196574897861899,0.01391392283069908,-0.0294134435483265,0.08763539290137191,0.023700444260333704,0.012165075538832011,0.03583394674518094,-0.03941726906750531,-0.04776074583824453,0.01641170922718568,0.0006876767746719879,0.016582414490931164,-0.0016347422937061126,0.03084207066130569,-0.01758747398611358,0.04878473350918332,-0.01886757808486431,-0.05291698982680341,0.03616150602252406,0.0144806257029081,-0.015095620121569573,-0.09875557562662095,-0.005108048003244415,-0.009269660187336366,-0.039524956725473834,-0.09987519536208503,-0.0022773338464090126,0.03292346078273835,0.021274868319141466,0.08233401655415458,0.03307653527756568,0.0025690365317033565,0.011372790661280675,-0.02851555983331479,-0.052936071933197854,-0.008469830450199792,0.06733603492793361,0.007020964648046521,-0.018401631269713444,-0.017913190600556288,0.03668581378305163,0.04952564631254662,0.0,0.011322030468064065,0.027391522907910953,0.001251707832242632,-0.023596506760505447,0.015519427560377608,0.027483641845362727,-0.008399874558717369,0.009344163911280162
TMED10,0.014913524029689344,0.0002601648009167594,-0.018790862639790174,-0.03233110066931916,-0.02585560194761474,-0.021581824904329798,-0.03209464865234382,-0.01062307334834793,-0.0043842895926811416,-0.005845549212713957,-0.012317756739262272,-0.001817050742714383,-0.026213409171499873,-0.014526617681532634,-0.014491873902359096,-0.049061409981035996,-0.009615564602734276,-0.006542990290195248,-0.019817919690693207,0.05841923660214369,0.030035878718959182,0.01794370332737129,0.010996450082637102,0.018405907391651082,0.0068314049570881935,0.000549732931386742,-0.01652499960347593,-0.017450324843984826,0.04312519859053398,0.03779670423894472,0.004845392595695755,0.002578040520315839,-0.017277095004120436,-0.029466021072734164,0.01036723810441928,-0.025959486625365652,-0.016156818875457623,0.01460819082246508,-0.039403351091506625,-0.01509689994566539,0.03668654818742198,0.007598057031180196,-0.010109044309652175,-0.017335630641559383,-0.00546099844583571,-0.02706812018545287,0.022914481942215733,0.044124527822698066,-0.008538541326405727,-0.0018228536428603528,-0.02409915012770108,-0.00031432250187081353,0.002727572815052947,0.03227879063776178,-0.006047316638143496,-0.010687272042789074,-0.005146888711855654,0.07320978129658076,0.005372569139521924,-0.0014108089573077918,0.002261852914759888,0.02043351190573179,0.007292321448471517,-0.02572366623757707,-0.020955271365107733,0.02007011101368957,-0.024367549418178907,0.005444340513863884,0.060394424851192126,0.003872020970489659,0.004903530608477547,0.010286183410433155,0.0,-0.0003771068037736223,0.07056975907530506,-0.008452956422184335,0.011269482333327694,-0.028144500492608446,0.006202664340353993,-0.03161441596300371
TMED2,-0.0443883360481907,0.017346492859769063,-0.018015671785151142,-0.05423064809036393,-0.01446852102329378,-0.022572593858965335,-0.01541752567029693,0.006330823696946062,0.007279192830128555,0.02541337124639942,0.046661719530613786,-0.03482825166287476,0.003411868524290483,-0.03243167926182542,0.0003949756908662934,0.04916859109442208,-0.04106943361355395,-0.015631211870079043,-0.010470265135232075,0.013957765191123397,0.0211470369423194,-0.0014555605855547354,-0.008343786219952222,-0.001054112411806448,-0.0030128940083329666,0.02370103517682151,-0.02363931133147871,-0.01967505548101167,0.0030020262867206486,-0.03165722678307195,-0.0015444777120702568,-0.024359263072935938,-0.041596591667778876,0.011817577142618723,0.03742896396340783,0.013248387471951707,-0.0005514641179118514,-0.003101507098184682,-0.0049641128553053705,-0.03407913753094461,0.0032935569539406695,-0.004961458103506755,0.032863781562827134,0.02770293862274789,0.005483458617340288,0.009806440705021057,-0.03647142313537778,0.008601193917723066,-0.00025793495708104606,-0.053293962573397094,-0.03468617068472694,-0.01809709319379128,-0.0037567370998886377,0.009860023051754084,-0.01994054425456125,0.013837977700770372,-0.04174377672825871,-0.026573331079607822,-0.027764211999399935,-0.01990500976599175,-0.020962864608340157,0.007622879690172638,0.037521766366329264,0.01875249246342968,-0.06593108780711866,0.016540237904958118,-0.05898958979452282,-0.04404356239392819,0.0006189785982142318,0.026440511695249126,-0.000847228002644789,0.025329246426385604,-0.00038383141224751315,0.0,0.00020228318405805326,0.07755160575416464,0.004984071964474273,0.015488455563840719,-0.030276990599505664,-0.04069938717404537
TMED9,0.010610493416461801,-0.003897973305594729,0.005190475365563874,-0.023822851166856656,-0.00970092820959158,-0.004692678102532416,-0.008698902154378437,-0.015115700873234125,0.007881011159300493,0.008279727021511219,0.014746840617330979,0.005392453838404146,-0.03351013646464496,-0.003989605925113515,-0.0253221585324171,-0.024205504092781716,0.010095932323842968,0.022135115073631362,-0.012207198152636461,0.05878894511583535,0.04181383389313778,0.0198858504845242,-0.0038366998290075014,0.02145183412942308,0.0001636167152887239,-0.011393008874235258,0.0023074452628375004,-0.030685342690436,0.07069552729368837,0.05343412269666064,0.026856706127879357,0.004025038868435028,-0.03257576181755817,-0.034893675657974854,0.01525287363975809,-0.03908528219507734,-0.03584506224554651,0.0013951585681181188,-0.061298731112093316,-0.018155074067193463,0.04165387330366324,-0.008035826963021972,-0.01898131685207985,0.018803821623486053,0.020657325581746076,-0.010224668017691077,0.016575649068076615,0.048797440501911454,-0.005605303600713406,-0.0007298138163606985,0.01539358483563072,0.05609527693027636,-0.0014558046484875122,0.023117760740010478,0.029125687146311894,-0.01600000015928968,-0.03988587155048559,0.06859699001003151,0.011456845538038156,-0.010744504322037728,0.001009837627744789,0.020266458653632975,0.0019579124051043503,-0.035431079164113075,-0.034104453430746993,0.00198847737326653,-0.023515171058198097,0.02095748428421841,0.037964243673520165,0.03893993375680326,-0.0008958528139189285,0.0011729557761757958,0.07278926913102467,0.00020498985068916124,0.0,0.01408509295960795,0.017424324605592092,-0.032394131140075735,0.015438995976248449,-0.030424624311938358
VDAC1,-0.08135681102780443,0.0071593833617806515,0.010615229771878888,-0.0312456167325394,0.004924739446883639,-0.004487847625933938,0.00294766198131668,-0.004841652556058278,0.02875352900252355,0.04835412363322294,0.062379127498228645,-0.05858293028958433,0.019461618210249224,-0.017649106073822165,0.00010051898053711807,0.058001031724247566,-0.015945855707186134,-0.002581966717926778,-0.018857612385204545,-0.00936055183614233,0.020134206390996397,-0.0030229981267460874,-0.0069243773381073475,-0.011596007052205618,-0.009507446527122805,0.03234645237184777,-0.024321806845583976,-0.04870635385612268,0.004881693151586488,-0.039528651999683334,0.03182341311114923,-0.01496153231993453,-0.04957854178423792,0.015171466530450366,0.039188286470450105,0.0018020032487340125,-0.013628218211539249,-0.010046751710023883,-0.027187811494634485,-0.03472885802842183,-0.00719623419644877,0.004585191818168222,0.012128032256640208,0.08805258584548356,0.021125771496983286,0.0517983815808742,0.00020476329804262937,-0.008133719318900846,0.012077463078179983,-0.04404726783569924,0.017574596715033464,0.028729294331360813,0.008932934763572027,0.04044925823148341,0.041583606539810226,0.010233607556302118,-0.0780611081951981,0.0011865775777410762,-0.019166555845851502,-0.05296631438875758,-0.047586878441733725,-0.019854049452538734,0.03459540846984195,0.008716868794998984,-0.052719649035744325,-0.021948345185354236,-0.06031216615434441,-0.025961113929779196,0.013940790761443637,0.011285679137120419,-0.02091040433508242,-0.02252158293428275,-0.008880345905085593,0.08004531191223417,0.0143460468990452,0.0,-0.019016207922354575,0.029786517620883503,-0.011429760528841306,-0.017979415383091158
VLDLR,0.05406189184471789,0.0043243370532187655,-0.007407928658645576,0.03709600251680254,-0.00875724567934904,-0.001066891746411581,-0.0071102547802525985,0.07820206020898096,-0.02054867009965056,-0.05478009393211242,-0.0008647078441058912,0.05848682113538485,-0.0900237102055934,-0.01542393047606282,-0.05269925696159895,0.030315309935886495,-0.045810435532145415,0.026267944412843924,-0.011653777794071247,0.04680796427385617,-0.0169826984194542,-0.029336396389041678,-0.03848917557300406,-0.042682119529774666,0.02754262179165805,0.03110130106539927,0.0432005875985521,0.005331513029984109,-0.007895105284156836,-0.06014166573718891,-0.06797891115946424,0.017016818657804505,-0.022950242437316037,-0.03158568584858638,0.0034526619298342383,0.00036991904674481084,-0.020445634390861462,-0.03372018363436466,0.021641569511726827,0.03562615318753327,0.008313965523893001,-0.08127487530816116,0.05501779635127227,-0.01012675139301649,0.009863942428408334,-0.011270891757358096,0.01119630803917215,0.08673421047973896,-0.05172109079516914,0.0016553090012217683,-0.0048181444200867994,0.04988617711806171,-0.04573693330993424,0.03374051257621825,0.05428945496676999,0.012254401670903914,-0.04196756915876003,-0.04253107326328811,-0.03992916156886014,0.08166852724511862,-0.12266887003455056,0.021967844942164156,-0.02224704904272405,-0.025086656915027473,-0.02610028567907645,0.0020157797071142453,0.03463446210967691,0.0034251399873024874,-0.0005609391813603238,0.0022973263514048346,-0.006259767504342007,0.01563891563323017,0.012499854596415167,0.005431367041674861,0.018737352334708957,-0.020077223739722736,0.0,0.018331206330479854,0.0006724057332253201,-0.014187861490116131
VPS26A,-0.03765072096220332,0.002392691035267193,0.027786720830605058,0.040644641944984766,0.01927797594136437,0.022227937095383406,0.03262143794478234,0.026714084674492843,-0.016999596374639957,0.029251402425546955,0.04975838088884321,0.030044382556972588,0.0011324799315658768,0.00048766417252710356,-0.016597925281992675,0.03742672998648208,0.012146333591311013,-0.055511089526154585,-0.006125207025435621,0.00733576858415,-0.021282315334720883,-0.013439999761838654,-0.01996445741442719,-0.01662512182878076,-0.007059086985089407,0.06942816814222019,-0.0636879191829042,0.04384059455673805,0.00801106019723202,-0.07463011738873758,-0.005577341594439657,-0.0004366678779333711,0.05605472117218818,0.018922655660078877,-0.036427425222541346,0.0034356540908688235,-0.013010615653065886,-0.033389252777799985,0.023066469603779276,-0.015151207668801955,-0.0032685173887644302,-0.020442433603733767,0.04290740140513062,0.004506897923466875,0.051993535136625586,0.040841129150477495,-0.005572582563165633,-0.003624311380189423,0.014321260161934484,-0.023684325657639362,0.04479017657152345,0.006106745395741833,-0.007932015482742824,0.0591211196801487,0.019238483866548778,0.018087242098878485,0.0012122218234177304,0.017110528210770512,0.0027912506871738017,-0.01500602371038093,-0.0027860626003513365,0.007262523247758256,0.0007719259798367359,0.00211229574336622,0.004545836954339013,0.0021180321337431383,0.004148951113940964,-0.02686212216862342,0.004788988876820606,-0.06596525620652938,-0.004036990365957079,0.025568753564804602,-0.028820325245792738,0.015582505922597294,-0.03216051128286881,0.029033795403406507,0.016923702569000578,0.0,0.019461961642876835,0.049423465653526656
VPS29,-0.028408822972329894,-0.025235418488637893,0.01663522356253238,0.05881138877967215,0.0642831642305543,0.07437063738154141,0.0593988384945635,0.03538457511551502,-0.03419381870027117,-0.002148532372620446,-0.026133314453677895,0.07037145362247751,-0.0024860248291104776,0.002554913024697964,0.0019846493087601275,0.0027833896634262742,0.035868980981845315,0.006252088215308617,-0.01208248671518049,0.021915407604289127,-0.0013740185919009136,-0.015145688073597141,-0.008085446291712362,0.008365165543959474,0.006155337561821533,-0.014526320108520355,-0.01640491289826478,-0.02222602594686254,-0.012041198761941617,0.009794207300789842,0.05042562426363068,0.023106738822775783,-0.011962446103079614,-0.010119670578319135,-0.04452390783610168,-0.009226471845944082,-0.008581972335461728,0.0013766115359382116,-0.01287389648837287,0.0028392308077268393,-0.00458599400300019,0.01875418404173297,-0.04276729777051257,-0.021682588317087113,0.030898615906114448,0.00530760666197355,-0.01781672867084102,-0.004167697599520825,-0.0003974751689799992,0.01638185229887112,0.009344561278869241,0.037784362119879636,0.022454924511806872,0.02906174539930323,0.01366322276712157,-0.02358931227006107,0.006112106003862416,0.016698510973605897,-0.014988228424404067,-0.0346469852840464,-0.016030407860170556,-0.01093937502718443,0.00315249721670416,-0.021920232604940266,0.014333460532971794,0.04392944293705147,0.033803997105141315,-0.007750560159794574,0.024807547336706502,-0.050258708081358086,0.00548015626731605,-0.007784967324972542,0.006327502549100811,-0.030345242266748576,0.01526948462757177,-0.011098644167933967,0.000618421333227078,0.019388103473470475,0.0,0.04989194072328608
VPS35,-0.0004518039614483787,-0.004986024290677536,0.026374908967434458,0.06818452275145355,0.03729978284639499,0.052439711091953035,0.06323089216326286,0.008064725994103685,-0.04276958748960968,0.013228411745110462,0.013441751925230937,0.038149231510368094,0.022884170843243005,0.013461950729085433,0.008868506583746619,0.01346038476003617,0.0789357016652492,-0.016840633018930636,0.01107550713674,0.005523164337627684,-0.008026755706011324,0.0038778727053059765,0.012606457721641843,0.02341178317033033,0.03331935049271596,0.013734798224636585,0.017404202293774082,0.053561683727908364,-0.006852439460497571,-0.021925893345251742,0.05502115133113933,0.022556499785117805,0.07006553338761522,0.010149440201378857,-0.03800724302879631,0.01979087946270634,0.006928774007635071,-0.011483345488019553,0.02797975294624606,-0.0030683761107743583,-0.03244342370882851,-0.004089823062611269,0.016108365846192105,-0.0011528619046255542,0.03224562260956997,0.020231988581972705,-0.0013748873772099768,-0.004013056701274122,0.04163725563661834,0.016984966818108127,0.012101769934959516,0.031314811858664575,0.022894999963273214,0.009315749230795093,0.03122571210000559,0.018666534029645458,0.03615489707290268,0.0016630701057634427,0.04121987387936595,-0.019230568261594274,-0.026375229935159037,-0.009371467222934705,0.004494141293586967,-0.009544747042698448,0.07076671555494997,-0.003385312851616439,0.028973301864692703,0.014814587334276732,-0.0005958847945244128,-0.04878897718456627,-0.002367862857768433,0.00868093408266937,-0.03232817802521357,-0.04088912244331007,-0.0301628633171239,-0.01750049687622192,-0.013080128536906323,0.049354178672384855,0.05001179179886136,0.0
