,ABCA7,ADAM10,ADAM17,AP1G1,AP2A1,AP2B1,AP3B2,AP4B1,AP4E1,AP4M1,AP4S1,APBA1,APBA2,APOE,APP,ARF6,BACE1,BIN1,CLU,COPA,COPB1,COPB2,COPE,COPG1,COPG2,COPZ1,ECE1,EIF2S1,GGA1,GGA2,GGA3,GORASP1,HSPA5,HSPA9,IDE,ITPR1,ITPR2,LRP1,MAP2K3,MAPK14,MAPKAPK2,MFN2,MIA3,NCSTN,OSBP,PICALM,PLCG2,PLG,PREB,PSEN1,RAB1A,RAB1B,RTN3,RTN4,SAR1A,SAR1B,SEC13,SEC16A,SEC23A,SEC23B,SEC24A,SEC24B,SEC24C,SEC24D,SEC31A,SIGMAR1,SNX4,SNX6,SORL1,SORT1,SREBF2,SYK,TMED10,TMED2,TMED9,VDAC1,VLDLR,VPS26A,VPS29,VPS35
ABCA7,0.0,0.020157166285490368,0.02582367492257806,0.0254774976560287,0.022650835867575936,0.03600414858037152,0.02937871283803825,0.01909345452365334,0.022209474910076375,0.030491586216509967,0.04734660304459775,0.026869472888372787,0.05417962651911455,0.02909311879250536,0.03129325421692391,0.061260388470944435,0.054919389379755296,0.01859338076386835,0.05316596136147084,0.05449683968732695,0.028202127062196217,0.020724154275535388,0.032810412893361236,0.018235886261241216,0.039001973908228724,0.033370700420063695,0.022916379116333048,0.020991471649407033,0.025839684433788958,0.03482971698010555,0.035483222668967675,0.02372999501332108,0.04754717887960013,0.10058200063412422,0.030356148845128234,0.020111566767282613,0.02342734458829952,0.04002268694407567,0.02057061447243988,0.02318720467337496,0.03821890145998792,0.02137685422768454,0.01972727173897269,0.07265880032805248,0.024868602709820418,0.034072307073275604,0.01985801931720277,0.03695608373835899,0.019148616885749283,0.022462454894199152,0.07356951148039341,0.04384822850917902,0.04029462267066369,0.053501061041290945,0.07400627007246524,0.05507608062286612,0.020250662960766597,0.05071055201870054,0.052351150528260046,0.0933493771848809,0.03484891031535586,0.022121629628771074,0.02081728172239322,0.035445742647474576,0.03679304303384851,0.018039261055815863,0.02388658991250047,0.02302914094913095,0.02956722281192196,0.029549152047722994,0.03566647732925786,0.018264572209847306,0.05637898063605169,0.035159922723983245,0.02135866293238495,0.033177185613880326,0.04099170495219243,0.05053354263800249,0.054174089715011114,0.04383544386149977
ADAM10,0.020187337237490374,0.0,0.03793886644806798,0.01889885987807039,0.021987507972879614,0.03207782014330708,0.02211379481387042,0.019558341280817237,0.0258343304466278,0.022890774962727387,0.02519412452458806,0.01983103573470803,0.02510790271404554,0.03144183989832193,0.021895247478610155,0.021097169074865703,0.03265681851929338,0.019304238120608986,0.03248485843582557,0.04544647883147003,0.03236851212074077,0.02392629121384403,0.04186441963858667,0.01936117726887566,0.02518741096731355,0.0266115206554415,0.04824740183277789,0.019794110677168096,0.02106211865572168,0.05657516220899231,0.031062928659768944,0.019340202686249818,0.022613480024102715,0.05698124199002908,0.026296960231235733,0.022085481176661766,0.02959880282218393,0.03024270086910248,0.019240090928451064,0.04929128407037212,0.02370004929555352,0.027739819593060183,0.01909488154479844,0.022660101808847713,0.02932705881136972,0.04936950224745143,0.023379745234879196,0.036278036185946765,0.02345183758932252,0.025875655351929826,0.02288243554133802,0.02024619358640979,0.020383667722751034,0.02167095649984099,0.026001812638825676,0.027104439500086067,0.03716994832513639,0.050000186950343216,0.022452070748856575,0.05737555195872697,0.024589615795192993,0.03353607202830558,0.025469658694286988,0.03622756889177347,0.03345951803942889,0.03290384068416406,0.022124182486926183,0.031433147426453874,0.04006580177977956,0.02190018976165108,0.02552038628212168,0.024273364426411214,0.030582483114462548,0.05653131044373669,0.024852862459660428,0.02479401392540502,0.039881662223423806,0.021508222351197825,0.023503604837210923,0.025286191625793954
ADAM17,0.02510636972208598,0.0354946597972618,0.0,0.018945384935206828,0.05541736823202296,0.054188428897884965,0.01934152832986732,0.021037380930163913,0.04919737839836456,0.08801393720754133,0.06932851221749077,0.06402419628857862,0.0187168614410377,0.056937516625482076,0.09987095592715307,0.0513730709065571,0.3863331493292586,0.018121461250422174,0.03593994365208655,0.06694486312562296,0.25073331980753105,0.019381568306132944,0.020708472771427792,0.023443581322934143,0.030482556455870446,0.025250957554724777,0.10186327821508025,0.04422933221630498,0.019294254082876577,0.33954739746820434,0.019733235282779878,0.04232005160844052,0.212104781532463,0.03261794768753553,0.05249068769577604,0.08125725258041033,0.026800650332496217,0.08484668529030824,0.05557805921493037,0.025823931647371852,0.02102275293816018,0.10785513326948935,0.09169096624556922,0.04046732776565696,0.04038327222650653,0.047079459717157664,0.04236930688416478,0.02557343321474217,0.7749613921845295,0.08116765146313756,0.02238966882513968,0.031065211086133197,0.02906772791518526,0.07218894366140234,0.08535386893417765,0.02846402943946387,0.05697697257767559,0.01819089693581876,0.03626051662807175,0.018962373885809475,0.028180179615822528,0.34215749791521,0.061353597761068114,0.08915127143668435,0.027215800937064872,0.07586246769455089,0.01894612486735109,0.10121679951004867,0.023494891034237495,0.02787915676362331,0.031644238256506495,0.02353927394648139,0.04645075732417638,0.04658504566885907,0.03803133269682425,0.056117127018069216,0.09512902964958535,0.029320865490305333,0.020172277131237447,0.019516114256659556
AP1G1,0.025548011833141322,0.018894089519299172,0.01903755874543042,0.0,0.033478405742944584,0.03694628629747721,0.020448876062708482,0.020202672384156614,0.02024062959229443,0.018195166243168356,0.03270785971751829,0.06224348390303146,0.03803627496290711,0.023091270159517858,0.019602720112583464,0.01954061696236575,0.026228264820783474,0.020026312742506925,0.030986879786457484,0.06846829177328462,0.03058825383224286,0.01902736184893739,0.025707054809075255,0.027042257969723357,0.038224872642104675,0.03851804472749761,0.09232945285662812,0.03856212146832527,0.018781444813264176,0.02350197063419482,0.05130967263891486,0.028234974572793413,0.026677260890875867,0.03036285483324176,0.01988745764501064,0.036056313928843634,0.025575832160201248,0.03711477949729596,0.01934373244317019,0.031751258061098284,0.019330349045093485,0.023041504983123587,0.019669636176651708,0.032842546388629414,0.019975616087957504,0.029218203739039033,0.02186399799393362,0.022375708520150583,0.031039856441210545,0.022832026180462463,0.02362742844123247,0.02571035448014879,0.03718403884361655,0.029585243402334337,0.03775131103960176,0.05762751763850618,0.038683403184232704,0.02345581155509731,0.023068031794049423,0.1159855975056095,0.020921530314237297,0.034522072873816326,0.02935440655914436,0.03211457930092458,0.031284431759615476,0.03325345507514439,0.020967784132759876,0.03450801723925364,0.02291847512843548,0.025323071170737038,0.07078052247381648,0.026975387965280217,0.05413488560427082,0.04897579776892519,0.019061666427053217,0.02976216562633565,0.027517181637443072,0.022103216055583758,0.027422791670731163,0.021407422565311002
AP2A1,0.022648498861332845,0.02192847286267464,0.06078661212642173,0.03330662211284571,0.0,0.058647253862468114,0.02165305779498338,0.01879702646420032,0.024716443007427386,0.018555704404649705,0.0668094834808206,0.03417617923992245,0.026598848098980422,0.06534847374506632,0.030377357540792755,0.019586869999806387,0.04239093081272155,0.024802629521888143,0.019829950661436203,0.066435442487611,0.019238861770913687,0.01846521427055717,0.040625801813711775,0.032457870347121325,0.030747570326533195,0.045108599899550364,0.11991048851858527,0.04790969951733734,0.02054208332814451,0.033439047754618825,0.04063055722809349,0.02085522306919825,0.0286134389040218,0.040074334654574925,0.025961988704873856,0.019330975012319354,0.023731605117088415,0.01920626843994626,0.02738370293754046,0.030157640244993518,0.025894116336867036,0.03864999320378473,0.025935200963168467,0.07664488025827645,0.02166624838923674,0.028499325475787828,0.01855287317736999,0.058057009641315056,0.06254012042440954,0.019494546905358567,0.025441324409324527,0.03398110300541663,0.029397397218156738,0.023015473549541712,0.02980973982045288,0.07094552019376481,0.05831334803150547,0.020898212970966133,0.020966987492720107,0.05951704735104961,0.018472281280437885,0.07075323513342727,0.031853353897002175,0.022356605661504412,0.05082804100838933,0.04621681698934399,0.02032006184737623,0.01890827298034184,0.019069287772477548,0.028543043040675276,0.08047146807402554,0.023241696584930402,0.022362458199262553,0.029873893694499463,0.08066785097155613,0.02042255073017373,0.032579920646470355,0.02159238421777206,0.03255847333416816,0.0269857283669011
AP2B1,0.03560265521648185,0.03154668332616621,0.0582476804414846,0.036317474180467796,0.05758309101159395,0.0,0.02958499950502091,0.019451686199905963,0.02637017600904607,0.020192159645181753,0.0337129061587896,0.036713942213948095,0.026316933985333996,0.1138453039388779,0.03582071041763925,0.03283443374429285,0.033713166358918495,0.02854056481445378,0.04689598789779536,0.13461075045868312,0.01864649381912013,0.020707714038097305,0.027512431795136693,0.03650611401704316,0.04263232359071094,0.0765550122117579,0.038716251391081986,0.040229301182925975,0.021602862108071417,0.04509092909638323,0.03052760571416463,0.02555367723853166,0.036887172542111976,0.04963545437022897,0.025376572100149354,0.018754995205093557,0.03267688577065124,0.018458668938291702,0.021909830592845226,0.02384101867274335,0.026563780456975775,0.02365147902538048,0.020223633457949294,0.10202322943951692,0.03255583361361758,0.026815191833046103,0.0250437751532657,0.030771006510659487,0.04754929359029858,0.019768479976273474,0.05448414392066776,0.056580154352694735,0.04165799232625233,0.032501006782596945,0.0433062747024065,0.1402318732622444,0.08174480652030722,0.06131810189244762,0.030421717536396792,0.17709738370164582,0.026143790585759035,0.06798329361270669,0.0346750352444429,0.028126237166922613,0.025077398303907417,0.05829064493095489,0.018990198189731387,0.02482960297781685,0.046743719738336555,0.03635710302339736,0.13131505289159406,0.0193028259812658,0.026517394947890117,0.06355435018058649,0.08229978589640446,0.02280471439276014,0.03412237023093163,0.037352723718615706,0.056710861574267545,0.0479775574138327
AP3B2,0.029662878594087227,0.022143535588273523,0.019491272820964578,0.02047951344471601,0.021734216572818384,0.030126124180397392,0.0,0.018395959639140404,0.018084912622098475,0.02212399233493511,0.028658264011028008,0.019217079317686375,0.02416675677431716,0.03144675562997613,0.02526544885692183,0.03340353061100104,0.02308412321799131,0.020127558309443714,0.03946470143033288,0.03497776455524265,0.01905994116008506,0.01848097091192108,0.02000014830453371,0.019554807936907066,0.025528139105388526,0.028075232284023904,0.029421326993883987,0.018336483776208917,0.019227674824762866,0.0190707554448365,0.019261122705215596,0.02034048479528771,0.03106587204622472,0.027304371080722208,0.020464241137139155,0.0193532066765888,0.018659174728158184,0.020595669873792233,0.019378504543514048,0.022970964013426017,0.021104638419602546,0.019052793906338742,0.018413260732981274,0.03654058425362268,0.024583790777666984,0.031104228139116563,0.020620605659830135,0.025122006682693425,0.021042866505934597,0.018888641357117188,0.042086975128112145,0.030721246863311322,0.025882501045251357,0.036646113619745346,0.03172627887603949,0.03593972123943628,0.021540794392863487,0.03800274157316939,0.028973795050233054,0.044557344625686834,0.025037730067121972,0.018843054588934097,0.019879980822136926,0.01803424965486783,0.02767317925163042,0.021025430486000543,0.02024539759439845,0.024775543514494486,0.03156710463934607,0.023724539940468668,0.02850533681235026,0.020816957697835765,0.02695767490320003,0.02828688005639593,0.024564609286089854,0.026730390450420097,0.02213757707941097,0.03100485546734637,0.03298266203791834,0.031253663096690344
AP4B1,0.019122501307223285,0.019578265587407617,0.02141064807773659,0.020243403749064404,0.01881851341731472,0.019516460348499912,0.01839828171583492,0.0,0.01985830896989272,0.023558059134670923,0.019905583672988773,0.021206008436924332,0.022460261035800365,0.022023145400880087,0.01854259394197604,0.022410134017877982,0.018229791654260315,0.02168493122061834,0.02072463502492021,0.027158494090604012,0.021274142359231082,0.018170169174494814,0.021742951973171325,0.01951577775351562,0.023663520488957417,0.01833741680303699,0.02214944438879732,0.01990388184607821,0.019616134886302497,0.02117013680718209,0.020877298286511446,0.018790694094381284,0.018840254792515086,0.018878628029370077,0.0193495071249525,0.019354576123778933,0.018449035498008255,0.01947078603819398,0.01843804678231505,0.019079639785694796,0.021245588294247837,0.019005395265067122,0.02075128987286623,0.021535395196521426,0.018610542316304657,0.02162851850445704,0.021992690362250177,0.02694531287004192,0.018186133974246337,0.021296706269025828,0.02194602732816012,0.020801686397873758,0.02012002451847639,0.024816069944494163,0.01937128495554372,0.018271282116081852,0.019992768342223563,0.021242330852031803,0.022155923253491708,0.031529728321640374,0.0213250214061171,0.02366471499052805,0.022415694144698215,0.01992032629704511,0.021168226337289677,0.021334713514823345,0.0210454848085189,0.01813957978493877,0.020287509359522667,0.01925097774401893,0.018063470717581496,0.020200170492876625,0.031681529097663544,0.030577247475104884,0.03207464551630931,0.018228707905663884,0.023225705536032166,0.018194633809621337,0.018386469345450063,0.018491685335066135
AP4E1,0.022284056467130584,0.02586000321489804,0.054401356898285486,0.020259492952305183,0.02484504633806248,0.02670151357218913,0.018084542432518926,0.019840061975270926,0.0,0.024072410596737,0.02666530799792765,0.018047261378062434,0.022797861563135322,0.02268104083548836,0.020929802998861578,0.036433939122848355,0.0482843780414091,0.019185081075763746,0.020635034196960937,0.03772552241209492,0.03813350840685542,0.021567127751769534,0.03212114937914875,0.018778082739041187,0.023633446478272972,0.019919441899232154,0.023646798306974616,0.022645582192056993,0.02044104830295232,0.058704519993589874,0.021850388777274854,0.018910563060659677,0.019771448547293766,0.06473462733521142,0.03068417639338542,0.02102917706584968,0.025496332159224894,0.030042181991682328,0.021636414204176755,0.026020941579416246,0.024074543174887025,0.019085273983681653,0.022996225706778863,0.026631728035643027,0.02274775028393482,0.026829153516812657,0.019681827946314016,0.02214541850922073,0.03603054388816157,0.02874008089775568,0.0279122570168355,0.02383170322636303,0.018902782679520048,0.035431405716439116,0.036184241553928916,0.018456439976548566,0.03761033227989196,0.024368360012662328,0.018252669531826447,0.035728686736026055,0.02015623579721086,0.05071303752553216,0.029177174600873206,0.03238889640602672,0.018301043080867472,0.03557259849737006,0.020315714177620257,0.024106228437892667,0.019724687250438452,0.01989644593450625,0.021359628413922145,0.0184297105190651,0.02340073184955498,0.04486158266657344,0.026370653370479395,0.018326989799561426,0.05133385694658248,0.023322985205705603,0.019893778031295706,0.019437724200830758
AP4M1,0.030087248386697414,0.022681952441875892,0.09594866029355281,0.018188197534165323,0.01854123949636303,0.02017049107204192,0.021922257506564364,0.02324534041701783,0.023789113313937942,0.0,0.048492635126885994,0.03250569875555476,0.07563918305718513,0.0441945595448455,0.057072320360087185,0.02471900834839476,0.02407375101333076,0.04337046572314558,0.028007365504981886,0.05709163785130319,0.08625627879305886,0.022477679104673142,0.01836834495735887,0.04683600691495498,0.051329853283071866,0.0430093554825114,0.03617563956899689,0.023538237752727915,0.04043911449539852,0.040349614089545065,0.033030518478848345,0.02783872852293146,0.14670457178011484,0.17959815541388102,0.019004860925430314,0.035774144057860134,0.049774080338250766,0.01971863506553275,0.028226132508117143,0.04557494648164665,0.07725379276975697,0.06166060960893481,0.06959935257630687,0.020126246589242662,0.026892959336549307,0.06788682945011083,0.07244683755002854,0.12064813471721554,0.15091728789761805,0.05727935342699901,0.023553629655909975,0.03631537047435456,0.020246267558357914,0.045729564229036776,0.024870247838137904,0.04641588409115207,0.030908754382861343,0.027431598964767177,0.09030543620600905,0.04839721004745239,0.052002188507039394,0.06114069922838752,0.0422529807388788,0.026761495851789642,0.05778442163958561,0.022885084677658304,0.03462249939238332,0.0529412348060008,0.03888730227790819,0.025681525472917393,0.07125253958897841,0.03056466054850792,0.09041988109029414,0.07237827806551966,0.12916551188252456,0.05917502243890506,0.020808048282474366,0.021434977393479767,0.025029279764375998,0.019874572535876125
AP4S1,0.04485522118489321,0.02461708914291048,0.07146187725049886,0.03148470289065788,0.06217715131547962,0.032860359220847575,0.027679098812720276,0.01974454548517748,0.02592763377991336,0.04699815453316723,0.0,0.03850721019660009,0.027833529411835468,0.0544456149132879,0.01988188465938425,0.04893398163754737,0.117014247496267,0.03153233502371127,0.08534124453406239,0.018841412600529583,0.020777914016373994,0.020102750083387754,0.0682310274910072,0.046341858399875334,0.026448134509170457,0.03133710690302974,0.5421356137082027,0.07266263739481307,0.030931016011465747,0.030832806679418717,0.04700988845942473,0.01904788613713046,0.03998286264635501,0.17576329610118469,0.03965261392126159,0.02383302338017431,0.027085343278771448,0.02382578979203952,0.03930574985414826,0.06494626335946846,0.06405934013316586,0.059846391945668105,0.02549848898453933,0.046403122472599666,0.030573062150329094,0.18024517387193223,0.018106526136477535,0.37475676409075204,0.07584519852327015,0.02553310238769707,0.060893741122055506,0.018381746307222006,0.021906174844118192,0.08631709364292983,0.02585936177250378,0.03761715368724457,0.07166928412686288,0.1033439507294837,0.06358951349670233,0.04743686807389183,0.05077453684264228,0.09243276170662168,0.02520363476007993,0.028650778663330764,0.292674623224266,0.04512623321554224,0.03726283199013686,0.04727080112302987,0.050594485465839174,0.01831371286194364,0.08027551310962792,0.032193161520280685,0.14179462269516674,0.05109299802313845,0.21794381326738746,0.06354626410385186,0.053034727947028126,0.047857380357562235,0.03027678360851013,0.03356141187559208
APBA1,0.026512160848719064,0.019742159369140987,0.06795965744286186,0.05922161139173784,0.03346446412143712,0.03626381608016606,0.019150803111679906,0.021006452302365895,0.018044285638661513,0.0323485221206525,0.03922784476363627,0.0,0.044726348264032066,0.020534794664455663,0.04349860899944909,0.023644027182325857,0.06936586580179464,0.022384649534199167,0.07687612476721913,0.0950729520231549,0.08482483673507897,0.01864026639232694,0.021776093920139128,0.038024807758747815,0.04696764032821051,0.0610443283482376,0.15227242970821303,0.04611554494928434,0.019109280309973678,0.05588139523087539,0.08342856985730782,0.04764255144174562,0.10641648911551135,0.07187526954011719,0.018732461019747824,0.09069458872464853,0.043116691871695305,0.07540436085471763,0.022483032623047527,0.03424679172582015,0.018962099556802156,0.02435750095977507,0.02705848019298488,0.021698500990986667,0.029251587135388023,0.057137120036359054,0.018629278297912197,0.023456469333355812,0.20869314939319483,0.03799550120538181,0.050051345668307524,0.02849422697261312,0.05738825787102438,0.039685844671050866,0.061905564240653146,0.10445644653433662,0.05116005186401566,0.023788290818816536,0.01947854965445412,0.2874112975906802,0.01840239775684514,0.02236648111842286,0.028651999367621497,0.0621772741077108,0.04376610670063391,0.034897807987060755,0.022481774803057616,0.09524409984869484,0.027330464697736312,0.02449762819374714,0.16855062027753814,0.03224270694816161,0.1316079606428896,0.07564995967752233,0.03389181835295832,0.0707932021300488,0.032159095840643685,0.021754336137432145,0.025419244626840736,0.018061084444353573
APBA2,0.052193377215582204,0.024717782522036772,0.018752126362868042,0.036864884134101536,0.02624726622534301,0.026132342333905375,0.0237905181034905,0.02217059199524616,0.022531294664319305,0.07466417189458603,0.028119070160210993,0.044681291717998776,0.0,0.03967266144645476,0.0386022786342919,0.0312636494091763,0.07138133053180688,0.03934454866803073,0.02138718160825467,0.07495473226753716,0.022608328297839635,0.031447199762704624,0.0726001404761423,0.02714194350332238,0.0689416982820438,0.019466888096517393,0.2065192579994812,0.044894967738288764,0.045785374119998744,0.06300126227327353,0.1415218002336504,0.02087191446263031,0.07065327764999357,0.3685579109475142,0.03446774018689122,0.026380043981761303,0.0515233142518788,0.08795798338890329,0.024899259425933386,0.15214431091427943,0.0998431812412325,0.07931396492117346,0.05185401344190062,0.07660028964580479,0.021060354533847997,0.02129967843026952,0.07244451329544827,0.04303594182353948,0.0336571194526449,0.019750124150731782,0.02859087156843685,0.02090519244698704,0.0465060095350197,0.03294091481732751,0.08003275678128619,0.02783644146414342,0.03330566066213527,0.017993017077062846,0.0899083022180564,0.11112388865108908,0.04282243153006911,0.029980256855853385,0.03460188940632925,0.10784912405010558,0.02094933325292125,0.018359403273508542,0.02998568532571043,0.023117740206181802,0.06285994994333226,0.03127244776234257,0.020494750672049054,0.04761477294413715,0.13692764096119084,0.04460116272694332,0.052552988579004006,0.026773706601444323,0.042448703137633104,0.03461632109024807,0.04215588714650754,0.02478171713157544
APOE,0.028367944111835672,0.03032715393430619,0.05872793157404209,0.022746951965441603,0.061192270216007746,0.10675987766357986,0.030229788608878507,0.021686112748204096,0.022328785973737313,0.043110394378910497,0.054694557781110494,0.020480641001233486,0.039092619048300324,0.0,0.040592936755096,0.07500211381005716,0.06598720176815341,0.0698487975811131,0.12140400616293821,0.04320076233344883,0.02237304598637139,0.023012270610208777,0.04498564808671352,0.05605507474930022,0.0206141082104457,0.10496561452055071,0.0273259219769889,0.027876500646292168,0.035003345270609575,0.05167903549670936,0.02633351342238666,0.020661201071576853,0.0417578640437456,0.0799822837538556,0.024655622283471564,0.0297522397732654,0.03744264215393241,0.03675277945104627,0.02118251689194892,0.04917031243905537,0.06712210814011293,0.01822531175898166,0.027414802770880244,0.21733310323966926,0.0384933528665904,0.02019597765156723,0.0662646878667882,0.14137694943416196,0.08856884910853378,0.03191620037578623,0.14731679946920576,0.11285048469158333,0.026811422507210934,0.12876226463366333,0.04635072222175751,0.1905887510559131,0.08751983419717803,0.04979067808987395,0.023220399766964505,0.030394357786932207,0.02222891184019001,0.038392546371583264,0.018642044064879792,0.07229396503295937,0.04262404799685943,0.04411254323663503,0.03158236192228121,0.035954185751487934,0.115078412807704,0.03157725410805491,0.16202713708808164,0.03676369186273354,0.12713050069425907,0.028181894995340913,0.5780929906735025,0.027152480476024088,0.019083661109494623,0.04208519510947598,0.06181292647743209,0.0664968209141218
APP,0.031127383530037103,0.021798718653172205,0.11256934233927697,0.019573245191048354,0.030231867824108832,0.0359863232395834,0.025019938227194637,0.018523257949233804,0.020850140953963613,0.05812385054658824,0.01998150992324435,0.0444416195171893,0.03936151399414339,0.04210382226116692,0.0,0.0362876132751537,0.04335828582657259,0.01912599996206918,0.07096677344734431,0.034206331110285045,0.05420490628139051,0.02193509012553133,0.04691630662926132,0.024200043434999888,0.027790999846391495,0.020042352406832213,0.03088342990636789,0.026061794253999317,0.026380488753717467,0.04010287098544401,0.025132462586527952,0.029148674547168175,0.1829631613734628,0.1247769884822531,0.019597343532375484,0.04898309447725569,0.04181064604883731,0.023871093218000006,0.030823530163002186,0.03478598312643068,0.033150219837535376,0.06567054818179413,0.04788022605373721,0.0955796996936322,0.031672822575350014,0.03900596107260087,0.031036320092551268,0.018300964715276855,0.2904280516502186,0.031079857313803843,0.0787283150813,0.025841937773842482,0.019059638428350713,0.027359289631950574,0.02382471573760644,0.020140441561487102,0.019987291929738884,0.024139649586301905,0.052886231872789964,0.019040364820740265,0.03207669449587678,0.05152841990618347,0.02705907813591723,0.024156047558141037,0.023256401552970082,0.023346546821170253,0.01907379188418258,0.061909723881974126,0.019287772852411567,0.028211005608909382,0.02722610262832615,0.019863011114122527,0.02842343533484522,0.01804930337466075,0.05014456884400069,0.06279165375832589,0.026752132773653597,0.029526660896930523,0.0388693063622676,0.034186778818562136
ARF6,0.05864695812634585,0.02093315449384686,0.053815558360456754,0.019469340679875692,0.019526780968907018,0.03243479791249155,0.03229115900570119,0.02211497102979433,0.03514314531660649,0.024630454504369566,0.04997718223769439,0.023624075008241853,0.031229800127104263,0.07679683815930169,0.035610886483542645,0.0,0.07146308711070952,0.03662041726031259,0.14638995294076285,0.021925105932501816,0.057058507872563745,0.02229289730886316,0.07849448302490922,0.024116527099579545,0.019587026682978743,0.04214384037196375,0.0717375393960774,0.023840275549100797,0.02080904913401563,0.07433626639156381,0.02181295548495905,0.020892906298212457,0.062369678779375146,0.21548936586908626,0.04849050794611091,0.023074688960873165,0.029328753877122436,0.03502460248388544,0.02395659650053782,0.01802654213266074,0.02590995683697464,0.018276908115822214,0.02789779533783692,0.20846912052926672,0.025759426996549355,0.023760242381496006,0.035836162298048466,0.031032094028771776,0.019606700185347003,0.044664053088771895,0.24841005441483166,0.10145554631417832,0.03241699524625059,0.2560653568460971,0.14370493056913203,0.07834287516352162,0.0338131378113395,0.04025332176188213,0.034567305421401406,0.019508623720180758,0.022997648367241413,0.07110012164631072,0.036314128613782276,0.027254078379242368,0.028135432221569754,0.036684145716592585,0.022854249110493052,0.027790566522474407,0.060944762220486955,0.026587583751255875,0.03882988273129008,0.02973327337443161,0.03896955252228775,0.06130225494638382,0.19811650787359378,0.043473203499458296,0.14336907180101385,0.07619329765403364,0.07262765245718088,0.0679411939468372
BACE1,0.05140415134838753,0.03128140668504954,0.4025381183200842,0.025567352675192723,0.04028993856603874,0.03278283296857363,0.02263631670265597,0.018209247892326225,0.044881298905074404,0.023823488379021387,0.11620602296429852,0.06687732261844354,0.06887124769158054,0.0653129155407332,0.041469470415535455,0.06912581817216022,0.0,0.02834410389784538,0.021159294369662764,0.019158014509750656,0.1512347684319342,0.0243723196778263,0.026446052721817853,0.02060488486596441,0.028279179919252426,0.0230872057139286,0.04056729806014512,0.02782340232716925,0.03017460013115159,0.3090115655120452,0.048560775747197985,0.038594973414980645,0.049478879846350216,0.2039126905829911,0.06367849783512311,0.06412910040051904,0.02354962069557275,0.13254927709295272,0.04143278430474803,0.03129030645524596,0.060930034858412585,0.04179691133154513,0.03904924466804082,0.0205356633224104,0.030182651785071474,0.023516174799677964,0.018469493851477316,0.06825036058878003,0.45451127964275484,0.05103071899768873,0.028580932569926824,0.03309572026457849,0.04706038791714417,0.05745227953572272,0.1409125006627693,0.033732315595570043,0.06708174697389778,0.029396535760152734,0.03351511350498762,0.0722791118226439,0.02573415514137844,0.18028611059702132,0.03329043647595002,0.15008219498528674,0.04809576613742481,0.05862614390517147,0.026117047212423177,0.059973172198619404,0.02022444018329268,0.018450357507097528,0.026266459520697477,0.021104738241082856,0.15508333219802584,0.019251777442860912,0.07719200273229246,0.02592492672101453,0.11389020314080325,0.047897264126549835,0.032080499662398315,0.025246499053496158
BIN1,0.01859733098919156,0.019295164838968745,0.018133922287258165,0.020022965357702864,0.02485710015257276,0.028844763180030878,0.020097983878360138,0.021609828482341352,0.019173478078729937,0.044616713857673206,0.03273034639238404,0.022587284891647352,0.0406567010967655,0.0757994618958454,0.019145065146271026,0.0377848409415864,0.029271350433229388,0.0,0.039464324757357776,0.026858295481450755,0.027619650510860728,0.020441589615133555,0.02777052780617139,0.032663499194769026,0.03136232422044959,0.036829417261560825,0.03398982156287613,0.019224276697869237,0.028545488835385,0.020784246399389705,0.0295930331231423,0.01862940409605042,0.019699387215913404,0.04374871577824342,0.019062820479692783,0.021971729631161962,0.02647429747403291,0.027699728120724593,0.018898201530479955,0.03427962460446877,0.04363969713632715,0.0243686243114618,0.030286091123126725,0.047599868082962786,0.021583717665005508,0.024213086139580186,0.044397068022907105,0.07278058579930627,0.023323422859542565,0.03017038040934483,0.044303888962941164,0.042421080953913226,0.019208047487977744,0.05877189148534383,0.025544262337100266,0.044733521749557976,0.029583604830313148,0.020152217355542453,0.03257096800353493,0.035861257369315926,0.027615521124149132,0.023001874686609476,0.026905760059106117,0.03736684887017081,0.03249145541746828,0.019269148012869504,0.028638949903200053,0.020313929547157772,0.04571443057561871,0.01865128082012593,0.043630494662072986,0.029400351493561686,0.08754865010603184,0.046982822258994285,0.16665974055427474,0.018469132699737264,0.023117603389963222,0.023002636403853784,0.024420632626332393,0.028084147669210167
CLU,0.050333219006936145,0.031290574773635865,0.036658615977788855,0.030014034001461472,0.019731370352582024,0.04533971092985423,0.037378596987934255,0.02050555076846416,0.020447851884200306,0.027679159355286854,0.08604803160711931,0.07489482154810784,0.02132237980234811,0.12168936526071616,0.06708751016748435,0.14208064108101423,0.02119207240650545,0.03773844026564213,0.0,0.024004952539695812,0.029577640422734263,0.020517189372652185,0.024573276926571446,0.0187006597711589,0.018226463081024505,0.033137634672240956,0.3117230646114716,0.035629279449801994,0.018541722754681838,0.035335652389104764,0.05078542717358276,0.02327512090966957,0.17099693098528282,0.09786514179890952,0.027714932733026956,0.06103131467823605,0.024795542952487457,0.034496740856137,0.02103391093435114,0.06605238939171042,0.020277474983010326,0.02220824776516918,0.020434247412043558,0.12529996148828434,0.05441280618799322,0.12163246936547574,0.03949437713321791,0.029842365419285605,0.10418329704019189,0.018778493063909406,0.32830320507861077,0.07417866096375536,0.021141729204202174,0.2706188113451276,0.043764417125260066,0.046432169936990224,0.021199352470290856,0.10043088699603972,0.047801191393575755,0.01877228717889192,0.03457205955100839,0.02703309349157982,0.02479806412782816,0.047519604853115606,0.07846464137882389,0.020964604698789555,0.018581048794512736,0.10847753910827437,0.13511121947537588,0.028952081930455124,0.018089058589890437,0.0471447132056485,0.043614468770560036,0.023983323427665227,0.13098114392434557,0.10691014264396649,0.05736976543620182,0.07155355553149709,0.0733696972432773,0.08405795118996005
COPA,0.050824782548139553,0.04238461708296948,0.06824793734828735,0.06238635382280101,0.061261599230995965,0.12292941127176801,0.03312928682992581,0.026201326414670843,0.03560510766516577,0.05458437655964741,0.01883449168636219,0.09040219815295808,0.07185047103886923,0.04275269234220592,0.03302613131604692,0.02180075729467708,0.019153225281344378,0.026116295557609494,0.023912718540591838,0.0,0.026446807383125073,0.02144112430607281,0.02767905290338404,0.02654298021361929,0.13143105059882354,0.07641884424723511,0.07436629916138668,0.055993177529185,0.022094951728182762,0.05891628396641899,0.06072208879820978,0.03541634130907163,0.03286784305422023,0.05451492065558576,0.02994888447809029,0.03230088686738352,0.03868620478166461,0.03350145911926189,0.02081735272242031,0.01932947769814872,0.026781511740524542,0.023504826443782677,0.030521263626277377,0.0449495867785689,0.03456899413681581,0.05483322646851165,0.028195802817906335,0.06833733843929904,0.02258488651585477,0.02807665017794705,0.02325864839913471,0.03352786960959432,0.07470581115221492,0.03316814896471849,0.040859204093569856,0.14702735868259542,0.11084284719153015,0.1291316980282522,0.07170074909194107,0.7597776956606506,0.053613785870854594,0.14048726374207746,0.07742501433552194,0.023112073255694365,0.029170383846087267,0.10062472979452439,0.038465174597394666,0.020483869287583684,0.029437500735394036,0.04729655204689749,0.14886544793384315,0.027095549624430046,0.3084258632992679,0.4172917146809128,0.055763176023179026,0.021164653191241178,0.08125263412771053,0.03959492058259,0.06441658655030172,0.0437872623528824
COPB1,0.027746250329642574,0.0314581307484716,0.2762606970034021,0.029885765415231726,0.019192323074417466,0.01863276329891101,0.018999191868007814,0.021060020399557646,0.036700273098664145,0.0848131325989331,0.020842563487402932,0.08444547839345717,0.0225985404820818,0.022457372349047936,0.05264620172923795,0.057063412055067965,0.15887254849697885,0.027122565452564876,0.029811458422326298,0.02675002626986599,0.0,0.020809374910050197,0.04394265326405293,0.039812430203174994,0.02232500275718252,0.05166785884770423,0.023473181379727544,0.019082144775590955,0.02216128758310842,0.19868223604427948,0.040251668765945776,0.040852052027644394,0.11261500761749378,0.018709239296672935,0.036694062270220804,0.06880133504241145,0.029060816041080243,0.07490365038343677,0.03283342838818263,0.02418849567289724,0.023231106675254933,0.04170797589351936,0.057933349775241776,0.039901078894627705,0.03391534934431503,0.08164662163434919,0.0398766298797139,0.056794747600357694,0.34311197905586155,0.08338560404943174,0.022599476079405507,0.05462775070674976,0.03812986183671176,0.05789322180838793,0.11713931525837033,0.08487932275598435,0.020550992285837597,0.02128510187265595,0.034081990125581656,0.030847467523874447,0.030503022060324594,0.1080167886507422,0.0384012216778377,0.062397360280198544,0.04003664492044105,0.03356599781930476,0.024214688010770126,0.09118814611465825,0.022497573474055076,0.01871167088251043,0.10260112249802716,0.01848903879120456,0.02068272216697414,0.04549248854651614,0.058306458067330064,0.05647393945079662,0.06165596594963256,0.03154800592523533,0.026275929112768985,0.023288599220584197
COPB2,0.020785828943302838,0.02397916553319939,0.01953789596250531,0.019041202540925093,0.018475629929372926,0.020818556235351615,0.018481588827772805,0.018169365381675056,0.02158664599186843,0.022717249767246043,0.0202877703977896,0.01867784298478614,0.03246708736816179,0.02345703298258978,0.022070045938840162,0.022579637881431244,0.02502085881920607,0.020479528456735657,0.020724539992289404,0.021786328153056714,0.020990704094445208,0.0,0.03757809574595124,0.02050055259815848,0.019208306395793642,0.022588194559810204,0.04545918384546897,0.022558979524164104,0.023110173275177462,0.03313364965713728,0.03263193780143477,0.019671493434599212,0.0269022671931106,0.06314841681461998,0.023673632215472678,0.018125793947825056,0.0297105766636691,0.027345146889101515,0.021086104448433746,0.04372112958630239,0.02796651419607837,0.03288123581748023,0.024611955299751728,0.0306404197290272,0.02173147353897172,0.027721124718861002,0.0267162196719109,0.023105672839288962,0.026626622576096902,0.01959521967861384,0.020455644606182218,0.018027593133795948,0.019119492282979687,0.02067658160262939,0.02680800281940391,0.020781902355155247,0.028174606388599678,0.029347326082113327,0.022976037876732358,0.025914753190297672,0.018556500807426667,0.01943433201363115,0.01845412189351764,0.030784517833051892,0.023628016198280373,0.023330798932761295,0.018569483272801515,0.020663744536968554,0.031744869641268866,0.018596950316432135,0.02241887451571519,0.024172930790317106,0.0192894349843426,0.028536346196208852,0.02123978561780466,0.019115460517199444,0.031058914788531535,0.01889788654707485,0.019345177457443734,0.01892685534924999
COPE,0.031872563834217736,0.03978920206258005,0.020802151464211827,0.025198651671432,0.03908027724106121,0.027133001938172398,0.019858472560396464,0.021447559016651015,0.03096741655992178,0.0183591708657131,0.0689955202351422,0.021711199370536727,0.07119167388197865,0.04516460408402373,0.04520762311943231,0.07710694416607516,0.026574701903691794,0.027122011053146412,0.024596782207502367,0.027877669372442723,0.04345597278131988,0.03575509887114735,0.0,0.024875754699242813,0.018822781958477596,0.023491085078789112,0.32427501332566633,0.050787754031064135,0.026144328015603176,0.09274420335111652,0.10748179175992953,0.021715230916209628,0.07332511172506118,0.3119001739382382,0.03732176080919957,0.020083634944916967,0.05889547061292459,0.0509678067788094,0.033303725286623176,0.19826152481645157,0.0311496469396586,0.12253068992466377,0.03585294118440929,0.3271953063058859,0.026196673222589336,0.10534830410904825,0.02961005577304703,0.1869766001859866,0.11806182200142254,0.03911328862271847,0.07147196609517356,0.04992622599718494,0.02582594653999584,0.03156383823043915,0.10989049144835561,0.04437348902634147,0.0324135620909425,0.07089167900770109,0.026083804904308363,0.06297564561340135,0.022873877932683806,0.018474277122762114,0.022505525889630496,0.05157247473328408,0.10033238796437838,0.027863477408917224,0.031018870953254982,0.025837917834094174,0.04766076410589389,0.025058329707004553,0.035142453065505355,0.03349860601601117,0.09225180239691678,0.14051613254655673,0.31858439867645333,0.020830321404922282,0.10570910964883805,0.029374988913906674,0.03882640843788092,0.02724807363958073
COPG1,0.01823738822474491,0.019351100233900145,0.0240158398220349,0.027020542611697618,0.03258022788545085,0.037090113646223784,0.01953275779100772,0.01948555751100711,0.01877015879333827,0.048277854597651444,0.049296182509981634,0.03919116535415474,0.02761285663806333,0.060044111618240456,0.024313355228200276,0.02442928591779349,0.02080373060975862,0.03265532695820581,0.01874486883729142,0.027325328602600788,0.04120984952051368,0.02046116078549849,0.02534118672472241,0.0,0.019515938635206637,0.05314771188749463,0.030041090634290744,0.026568109127386174,0.028598141172733713,0.019392267290426462,0.021145780522073315,0.026680920677256584,0.04182128443321777,0.09275771165564843,0.022077854205204746,0.028548130437887304,0.03816694929517381,0.01948595585957196,0.019293158576612644,0.025012763988431882,0.04343651689493027,0.02526146055650941,0.03113076734778145,0.03922109049174561,0.018489941014909656,0.03729746917253878,0.03742228697591462,0.06988294976021844,0.03434598024436253,0.03423327035163669,0.021417143117506057,0.040369788693230685,0.02572492628960377,0.028905089269232076,0.032314180485538045,0.07495747665583825,0.04881516385774975,0.021191753743994197,0.03305731108087882,0.03383112717797849,0.026985466096431272,0.02027795818104244,0.019194418389169906,0.023471175639204537,0.0468512675560501,0.028651797734011036,0.0245799322255944,0.03142581916366701,0.03230586050251849,0.020830987042565377,0.09553710455659108,0.02114905622563554,0.03275063330955599,0.02041940979753139,0.09410325644512192,0.03375561381784004,0.023705677989931423,0.02111746991057947,0.02449986860929545,0.02435370619560787
COPG2,0.03875899394790447,0.025010293924292604,0.03171915978175494,0.03777135058885392,0.03062132787598301,0.042933762862762265,0.025285531167827634,0.02345218037292461,0.02348128026653292,0.05227376835999143,0.02697616186315444,0.04814284827482456,0.07143668819550658,0.020746770022463824,0.02780916593341852,0.019636148132716358,0.02899668278105122,0.031112679466419567,0.018237523573461374,0.14655673504684338,0.022466584552541222,0.01917228114515044,0.018859185933976556,0.019493566083576015,0.0,0.029321588783165535,0.05880894740758706,0.03568027396093544,0.02753347756320772,0.022393183413463937,0.05402518501072142,0.025461365566932903,0.033722839191125766,0.03008924646739963,0.01883667411177595,0.026687504251168025,0.018470945503097413,0.03821569407790654,0.020127644384292806,0.030769733749220745,0.04072448892639567,0.028558612045916545,0.031918130261098424,0.029373119890115804,0.023141708289957576,0.03459209018130654,0.03671610914237582,0.06390902379359575,0.01999140666664714,0.025600677393534475,0.019330610095952605,0.020571342998382692,0.04438567752575143,0.033063464043477576,0.034715361985821036,0.04331698538853778,0.03166414909674888,0.04877614231427862,0.058784500924382956,0.2733607766936964,0.04159682141837098,0.052475970127977084,0.04430794893371321,0.03633510740809365,0.03029577369310871,0.038389352353163195,0.03279143820622255,0.018258800056600036,0.022159496651622812,0.03167085419325393,0.03975064315341646,0.029279749628025684,0.17134066513953772,0.13907636742868662,0.07147730454273465,0.022401618489658395,0.03064817002739665,0.029717005509983387,0.03776363390029821,0.027256563162950033
COPZ1,0.03298158523950862,0.026282932337416857,0.02580337040115001,0.03774602662452955,0.04435160492744456,0.07624993974855629,0.027605041725902543,0.018322003024641455,0.019849433497686197,0.04324971373714338,0.032033366834089014,0.062132901261625594,0.01949154055626113,0.11132694183092111,0.020021637572291032,0.04278597450790469,0.02334168638141901,0.03617251842584023,0.03383038894579414,0.08170780681219968,0.0526346810414034,0.02238724562588337,0.023685696393861484,0.051758203189103597,0.02916454618661601,0.0,0.01986221969046498,0.030176872217838484,0.028332426347134197,0.018046556570678777,0.025496031462954635,0.036696282203383265,0.03337227761990452,0.10170241421025683,0.020907300081914656,0.034311544783881806,0.05201316609270597,0.025785804968015177,0.022537582149278847,0.03718072667532187,0.04042158430679295,0.03275399987369071,0.03622329089412789,0.07502717766896831,0.02433480634327138,0.021195055904661184,0.046721958915214766,0.04545860616777723,0.04760007171745364,0.038865703432306734,0.04461703973494234,0.07628244528426502,0.04620206144404733,0.05589175252480207,0.06534860308867582,0.20091687000141167,0.0792601679702614,0.05900245298293976,0.020370180139990125,0.16263432876214606,0.018432643680263688,0.023521444850032023,0.021074453836561816,0.022022548124981046,0.03064328035900299,0.04146127618750471,0.020219284813848323,0.027659635651852244,0.06412957679323392,0.02985589229332436,0.2185865378277037,0.02418259454254482,0.023522535985370695,0.04004528621779555,0.10694406834876101,0.02737352668076147,0.024649709150840412,0.039420870543432136,0.05000194775182013,0.045573389206035826
ECE1,0.02210757165404887,0.04130697600892638,0.0898007779188385,0.07229726824067778,0.09188617299697903,0.03495825413558163,0.027136233450334273,0.021381461047681353,0.022623975136821625,0.033142967974049836,0.44097992007368636,0.12037403640044606,0.15981676690638277,0.026198456726906884,0.028640017788176042,0.061347869148489706,0.03761991539808734,0.030837446221649377,0.24591129993660182,0.06568967603740182,0.022758243256255195,0.0390454110287892,0.2539662402659781,0.0277754639801618,0.04989438444365734,0.019603927596384445,0.0,0.22105984527473949,0.029243070555954237,0.039451212807871054,0.4160128989997315,0.018521981728596346,0.022387033835266964,0.03957785857386401,0.024475814839013052,0.04314211285316298,0.03894884431142831,0.07748855273037202,0.06620227381531374,0.5888913549251372,0.03209249497163515,0.3178508617521106,0.09799874655002366,0.1149258642432108,0.050104407715920646,0.33424590113699076,0.1153876612603726,0.23028274615114327,0.14288707920068958,0.019849532552406245,0.10390051635371064,0.02764956731378954,0.03362195738187298,0.37122559828382257,0.03783912342374708,0.03424831361838409,0.0381541415053223,0.1995752851204053,0.02177792672040548,0.03504774930707215,0.02501022739581232,0.20791429125912775,0.059058851036361444,0.09324805726184074,0.385088312547507,0.047785085480504565,0.02204114432519591,0.09091280958460887,0.33280165304689724,0.027005644849957496,0.07110079706461685,0.1236834268213498,0.020562434387766098,0.02004176282518678,0.04466155871158005,0.06612151048378563,0.03327103249843447,0.0422645104362883,0.02094553182989805,0.04265934468392213
EIF2S1,0.020978653780581613,0.019762168055732644,0.04749397616618484,0.03821964158780672,0.047748036533312964,0.04063297708109996,0.018328265859263598,0.019846170243490707,0.022543923691115977,0.023677945286492464,0.0783402242235152,0.04743864558815384,0.04619504852160105,0.028509714244060666,0.026117319682655748,0.024067494743458703,0.028559359609942173,0.019211116018083306,0.036858768963389264,0.06013079605420432,0.01912019137211532,0.02243468171618007,0.0532696116218763,0.026466425454051222,0.03578318606269849,0.03041782555819294,0.31136940701194277,0.0,0.020174836863373503,0.018948278440955754,0.07504101479789742,0.020782900299080795,0.023745483360140297,0.020383152468249253,0.022921243877200737,0.025658741747707645,0.018887615643837164,0.031055034538065143,0.030464222157449133,0.07134858963391856,0.01956540017079168,0.05830124080695592,0.03463981211028075,0.059340592590436454,0.02131829430545349,0.04812201343929742,0.03229537690783385,0.052464574647323514,0.05012104377985717,0.01886264925568513,0.02491578822009873,0.02210036308194894,0.03024503295788376,0.05153893102964013,0.030748735455231036,0.04577449266175955,0.04028740723473196,0.028529037073454236,0.023187874592197736,0.05541002017922089,0.018430436500760504,0.07138172373838872,0.035270112941012156,0.0285136952250329,0.06543788322182231,0.03887704451680629,0.018530705408069417,0.029611140115170916,0.0412849159450446,0.026376767275173695,0.05865485778212757,0.036010108974576995,0.0236954036124096,0.029094630509758742,0.03728668742120386,0.027121271590446767,0.029352274078648852,0.019321925892397677,0.024856230235994543,0.018120041461917112
GGA1,0.025974041281008872,0.02106616989284577,0.01943064580769487,0.018786607528869338,0.020582550299643478,0.02172649603516541,0.019220923252423888,0.019597765589969666,0.020437051642885833,0.041781878515248755,0.03221169475407681,0.019166676448473835,0.04796772500755934,0.036677504390822666,0.02662579201138879,0.0209696043765714,0.031435385511063056,0.028649559305737662,0.01858094989057435,0.022479216413836663,0.022405962951015844,0.023072711457972787,0.026796805976651916,0.028708459485126053,0.027799862483533267,0.028773122908413277,0.03207273441629121,0.020217479659168983,0.0,0.028420099839918347,0.033559004233144715,0.02034909257164156,0.04155062101137505,0.11467901834878114,0.025304381238005838,0.019629299127560576,0.03584657191892735,0.029902300512899674,0.020432959109437952,0.04291862414695298,0.045787752457702835,0.03401549295589549,0.0312553016688661,0.02311894298976019,0.01873819239076021,0.02250140520661221,0.03732098707050936,0.0394399042024605,0.029276684556416382,0.02316243594301222,0.02152028766052988,0.022639513144256527,0.02109380545863919,0.023838813855721116,0.024796627485102102,0.02785165687291573,0.03505814982517892,0.019602268727698897,0.039197362796752296,0.023017457141141055,0.027810374018520597,0.01864087881534809,0.021728572328995242,0.03684412216039157,0.02787572239152386,0.023203320454691412,0.02352234016710416,0.02111828433755849,0.03354843584251748,0.020241155532893122,0.03504117694606678,0.025889052450724908,0.04121083987934051,0.02261153884749819,0.044687888443847607,0.027281315679802225,0.029720323015953568,0.021647095343548303,0.02155911703276962,0.01820105262875411
GGA2,0.033485465587874526,0.05216961012376728,0.3543798691068365,0.023082450462532936,0.03223401452961622,0.043310901129160015,0.0189835811176291,0.020884657239165834,0.053838432993287964,0.03922161786263327,0.03077471905508629,0.05420354290258494,0.06100403377742812,0.05126890797815874,0.03851749779470568,0.07188417909291939,0.30931356756924827,0.020586912078824716,0.0351232897820995,0.059218468051714705,0.18869160857636055,0.03157609685975362,0.09101517539425757,0.01929670977937333,0.022138322862511942,0.01804403308961226,0.04276081959932637,0.018892744566454556,0.027486309594126183,0.0,0.07310493771211478,0.029129178489363708,0.04815968659399424,0.28376260188090957,0.06761871551895748,0.05592421795935981,0.03619795317971083,0.13052773948326166,0.02839728090229206,0.09000065765871561,0.045362806282983385,0.018089674424287123,0.03176438534511333,0.044300122002331244,0.04591092324993522,0.09563573203120776,0.020105174949829017,0.03188959510151439,0.23280269848560875,0.07106061899001888,0.02469294261771906,0.033440720218831106,0.032048607047250544,0.04355309809542804,0.14723592703735114,0.02626232305403275,0.0858051119507569,0.047455997417801425,0.018061386956033917,0.03202392063983256,0.02393173578639269,0.17879551626799675,0.04535999533520409,0.15748370945659035,0.028571339092656994,0.0778615591362824,0.021216308988919706,0.08541290494289225,0.04323202072229497,0.02121172512254016,0.024179667391641187,0.027165175793163583,0.026592752440239197,0.09465720972093317,0.02389168520767964,0.036859709655436515,0.17623340254811246,0.03144435962644471,0.022679762747578856,0.01847226955285978
GGA3,0.034663972738282506,0.030276928237228065,0.01981962005242547,0.0491232395093167,0.03952523362275173,0.030229238766487223,0.01919085497929791,0.02069575342699821,0.02163984842313751,0.0328421244326015,0.048058748609528565,0.08327625893029039,0.14148994567679982,0.02652497581951369,0.02492152956676617,0.021820760636967064,0.049877519074748265,0.029000791918462637,0.05171027239600955,0.06303129998385014,0.04030874066204749,0.0315962081666945,0.11015266144300184,0.021008047158901824,0.05249102532242626,0.02535575384424057,0.5376294933038848,0.07191338332270736,0.032569413991856505,0.07582179838964001,0.0,0.024819453561125405,0.02621129531519738,0.11923352665489825,0.02654873907609468,0.041155846378541326,0.03400977899889238,0.09400093666202014,0.028309824020683556,0.20373248339802483,0.0503826292072371,0.08646108284187154,0.041557142581548766,0.09122173011283392,0.030381685534008045,0.07425234034711618,0.056441173003986995,0.03500777586269247,0.023198488587505815,0.02563152884764424,0.02265336148284689,0.023679737737907804,0.04651366259816979,0.053731420395965304,0.08286259319675582,0.046711559816834676,0.018030975932630852,0.037745740804121734,0.04088938572983446,0.08331960460717296,0.023559471680177885,0.03820805388434553,0.03300840123703061,0.10340346334633241,0.059382670516903165,0.023023500916141734,0.021037827445637664,0.05082947369949251,0.08485533524882634,0.028580043005356066,0.05284909495954094,0.05607278535568759,0.06415079148213372,0.02611065069965229,0.018573165309634553,0.029119287417225963,0.029302214201601853,0.023261535457192527,0.031818338030178105,0.018269096098203128
GORASP1,0.023819311455270435,0.019340836864822502,0.046020509131580366,0.028305751022462036,0.02089857756620757,0.02582692981811505,0.02032542565775358,0.01878118900744394,0.018908387934474198,0.028327624220996144,0.01912950592582401,0.04991448130573682,0.021027282433406253,0.02086266939032965,0.029479059181920432,0.02105602174609273,0.040958419716773595,0.018634084492019254,0.023689581150828403,0.037446356964816595,0.04260374791844826,0.019658731839425514,0.021983901426318144,0.026760389874733673,0.025655539544179807,0.03757012402768574,0.01862585318920529,0.02083583526159053,0.020347168034899533,0.030243633366003535,0.025221102867445867,0.0,0.04615814047315318,0.041482188424529394,0.018741046272760378,0.037574964101691255,0.03232987826345613,0.03174510405889842,0.024348486821180904,0.023584486654487733,0.020985356037463532,0.03258567290800003,0.02935880437477811,0.01826458526369639,0.019618391824541347,0.02172135706669998,0.02475049117880689,0.020153065785516556,0.08852233254460959,0.0280610941596938,0.02076963291665852,0.027604108252441504,0.031687571068801955,0.022047862107585955,0.03497643621032397,0.049000177639763214,0.029512712723783776,0.03093150975831572,0.019343505057277804,0.07906765873121065,0.01837193295281198,0.02346060297622774,0.01895426992104081,0.02687031342660935,0.018722499320705906,0.022513301855170486,0.020103148111624752,0.03459133745185827,0.024814551867454876,0.020621080977332226,0.057210393073629184,0.01804028085867355,0.04671837024815838,0.03670936152924789,0.022259329981701464,0.030538736788874622,0.021023285901658233,0.02401837361837543,0.023967098379614526,0.022082665508110676
HSPA5,0.044508125451395424,0.022198280666407333,0.21659106352683774,0.025889034047806122,0.02772081818793436,0.035507779801278866,0.02963136779081086,0.0187599054421332,0.019615685438004963,0.1346045619697303,0.039574198073189217,0.10004487001814297,0.06738963952170665,0.04116658620564696,0.161579391342027,0.05986970786721477,0.04903397378732084,0.019565582150846743,0.16475255042659387,0.032766754050244304,0.10623008336751859,0.025967760540173978,0.07121867370499504,0.03930170813549343,0.032456838211003924,0.032347216773687064,0.02284871961692318,0.02331951679844784,0.038818497422400684,0.04771755004341096,0.025863961340224433,0.04279290911792275,0.0,0.5265594723419093,0.025823208413986883,0.09596913739691688,0.08929246969220872,0.026457427956129216,0.03800585109653106,0.05131135039574579,0.0661555629554207,0.12414878608125356,0.08466923196819606,0.17364288115103246,0.04255395994720707,0.07814198108288595,0.04872657059502649,0.03247273406761025,0.6776003656538696,0.04650435236808647,0.18386907895126717,0.025788289662155083,0.018867954114052808,0.03982593804808677,0.0263398064279575,0.026265791034764847,0.03801230467596267,0.027592391010088563,0.11283873868600798,0.02994796670496066,0.04982450401723371,0.059431389132313085,0.028976500890301467,0.02353017993499267,0.0438754455381622,0.018222286910687526,0.021591844493963855,0.13872078113449,0.018133982796533648,0.032744381736965054,0.06831713454646314,0.020324159996619063,0.031179547155345478,0.0217342203815161,0.0503615597468012,0.1525675609355451,0.049307392497536504,0.04050715735971734,0.05447950350965976,0.04590850452246875
HSPA9,0.0779135896448759,0.047229692213458935,0.031052776069470465,0.027912730033054556,0.035453599244463146,0.04311679988902302,0.025427854474314848,0.01871857164197154,0.05244611343646286,0.13603618524089692,0.14176288425180078,0.06069196908328368,0.2749188300959746,0.06846653083496021,0.09544430321056924,0.16452679593215738,0.16422986405639836,0.03800512705715636,0.08203306347267343,0.049062701211964585,0.01861882078716995,0.05109959930228745,0.24054020173465204,0.07206272419472633,0.02789550153928213,0.08086983834037291,0.039352049268521025,0.020000741595939286,0.08546785178673276,0.22513458583454696,0.0954543195838205,0.03615641022211221,0.4323252351832607,0.0,0.11291912363492287,0.04337244300600245,0.2783358472809212,0.09189620762769476,0.025337432122905814,0.2947561987062419,0.28562123056547917,0.15935186843944857,0.07522896512664859,0.20110166161086016,0.020279405110374335,0.024054183289724317,0.09978471150480384,0.05627090831927596,0.1596868370685766,0.019241777929031093,0.19220214909589511,0.023207563731903733,0.022681661184562368,0.05927061186793807,0.1345457859235199,0.0623589258516269,0.33379600828434747,0.03893893279554587,0.16975277393431168,0.0901869041577334,0.05086179381303729,0.0690742262350607,0.027326005513728064,0.16310867055460673,0.058191641274517175,0.11447743768937592,0.023725390019973286,0.04380660158104485,0.07547679986968313,0.023936866717983313,0.19191320028691405,0.036457458034426876,0.02639432322299944,0.10556038749371115,0.021621407515667893,0.11947186095844169,0.43810991013109823,0.05878061140459127,0.0502314943711139,0.03272355003589302
IDE,0.030479629229949224,0.026244698692956,0.05786998293653858,0.019887140442342213,0.026040495385681036,0.02559089236379369,0.02043338845686213,0.019325206143863946,0.030554357035672657,0.019040620182752405,0.041826967403413275,0.01876503247308641,0.03545669457221578,0.025156269509518506,0.019627012046890158,0.050708641605423585,0.06960864388530003,0.0190643720483669,0.028470615020077163,0.031139016530123215,0.03790103893053528,0.023589989407528246,0.0389532017377254,0.022086093976536984,0.018850696711359763,0.020993789641456543,0.025895473438931175,0.022986832411294407,0.025248745441292096,0.07416235257282912,0.02700576294698967,0.018736648937453693,0.026602239144353643,0.15604302376311205,0.0,0.01972508484179723,0.03343009400897137,0.038427033956441474,0.02185460697466142,0.03235997262155709,0.036479817990026614,0.020148961120928958,0.01971325519705868,0.036828089347196405,0.021021639064834126,0.02047833522352771,0.019965632561221292,0.022190075634244414,0.030964958280005738,0.027602873608161275,0.041810195426760066,0.026684175044923132,0.02223291901881988,0.04470110729897337,0.050745110847271,0.018139768010418836,0.04936316378769137,0.019751475270638506,0.027446666066176465,0.02691422957961851,0.020829035427844766,0.05623729785171082,0.028135794107221064,0.04307495107316163,0.026048816660587826,0.04030171211559833,0.01807583864594407,0.020397255643613985,0.020032600148980433,0.018229252172953157,0.0248907877531216,0.018559334250662522,0.02056562044125585,0.03937723826944558,0.02130986607334583,0.02395995091080109,0.07273900076230581,0.030678684256796845,0.026007794129535824,0.023703772672831382
ITPR1,0.020097703373241165,0.02199935904155623,0.09092566129920725,0.03570951056864002,0.01932298900332251,0.018763086791367897,0.01931722168243952,0.019310866630291842,0.02095786829633682,0.036259037423301936,0.024194307778224296,0.09472493094437195,0.026677686399820086,0.030493124957022423,0.04915296421470338,0.023255792689513267,0.06886315968578569,0.021916936123511557,0.06459635594754393,0.033485119030714466,0.07165982040936747,0.018122063954771023,0.020182592549537307,0.028390116671590877,0.02670855840835237,0.034602791030727845,0.04981228243090484,0.02563850389047,0.019594583740460653,0.05958683427911653,0.04216068139390339,0.037044489365467316,0.10676982586499781,0.05049479077249969,0.019699852501180504,0.0,0.0346555107770421,0.05243709169190097,0.0255436695087895,0.023664846924454808,0.019372935477955714,0.03280023166814873,0.031874504048523586,0.027815512325786128,0.03026649887998129,0.046442428020677474,0.020059580978273973,0.01897777272517749,0.21867214150291545,0.03512831043689962,0.04939909810665363,0.020870754587187314,0.03510489694673158,0.029510743979173068,0.03868197181437052,0.04450372370189841,0.026978701425463183,0.018162014405713554,0.025188003495062786,0.08978301262697834,0.021531743187229682,0.028708138772310782,0.018841552103939355,0.0490473223800522,0.029746362236218224,0.02022803652180136,0.020374834502286443,0.07414200030485636,0.02524098423823951,0.01808794357014655,0.06771167213640004,0.02490521815553912,0.07216695082626776,0.03633456121998741,0.04042955000069656,0.05808810639544429,0.022284583519624538,0.01808577707757409,0.018779153884637707,0.022213353374028567
ITPR2,0.023366249487291556,0.029267350837869476,0.02759994027248132,0.02541726434225053,0.023669616339634963,0.032803282629663005,0.01863926081631002,0.018432879352304428,0.02527194317195002,0.050573291670701126,0.027638887034201455,0.04403279211187581,0.05289895694328138,0.03869127117919118,0.041802194674339155,0.029724643573556152,0.02389283620862393,0.026309716693652885,0.025146091577374022,0.04042190728562723,0.02944464115062025,0.029265326123869485,0.0617288088265747,0.03772134991535905,0.018470085955402053,0.05252462081040309,0.044093727751062,0.018882102506441394,0.0352653439599099,0.037559607449929026,0.034565744449578516,0.03189659487887984,0.09834756822362911,0.394153933748484,0.033070831414312184,0.034571163104596604,0.0,0.025800219361430867,0.026692205564295465,0.08549010134682163,0.05915880674289843,0.06978990635321206,0.045514828526838816,0.04148938083084904,0.0205164184112878,0.01979422222331273,0.048353505865130424,0.021257301650500673,0.10668614916448436,0.024318529978874445,0.03432577651262752,0.024905316407821967,0.023571096124774517,0.019811636148782882,0.02394899867402963,0.05672519633840961,0.07439904424117119,0.04419144968891503,0.040778681686004604,0.08276018582058427,0.024109469590643032,0.021381812842453454,0.02000094793938727,0.03750164798778314,0.021216964570770862,0.03913833329644584,0.018328665656941707,0.03008080304459585,0.051597138599395825,0.018121502799507753,0.0860380464450654,0.02772135726937332,0.027176004460891773,0.05415387911944156,0.01891472627203543,0.04125487673793244,0.06511591072479814,0.01965461958214211,0.019125277603057086,0.01966586665704548
LRP1,0.03946054970435442,0.02976800540814298,0.0934521054368059,0.03643806825133782,0.01918427586572208,0.018457897310885502,0.020493032869834584,0.019405634101759762,0.029536442725604184,0.019732681866250313,0.02410245772277828,0.07710234220135569,0.09028876199723644,0.03772172851830942,0.023815106867809088,0.03547341212901951,0.14400480934289936,0.027413791762786084,0.03529469244702448,0.034539093776014544,0.07690721482534188,0.026914130042227365,0.052674193987406574,0.01944896779804601,0.03793724496533363,0.02579740836633289,0.09594894267659414,0.030820099072005298,0.02942543629681113,0.1416212011458377,0.09660346426268009,0.0311934951550291,0.027021553729475532,0.11778236060980274,0.037698073244108427,0.05179252381076947,0.025725431028053972,0.0,0.021252898642592263,0.0787640282196786,0.048768969902612,0.025967550158547043,0.018313189364831298,0.04282127219960816,0.030083487056984052,0.04438962292589413,0.030940003903139505,0.022111923973478508,0.09324471160270732,0.03597793034130349,0.018523918360592865,0.027913307134095986,0.04599624853194913,0.01885217887393895,0.10008054415236654,0.04223292021749925,0.030063662084646885,0.02075008441471654,0.03375057201762813,0.07929456357740548,0.023364984666762085,0.03630797641357762,0.01858387360230426,0.11280902233972365,0.02265673816994394,0.02606218279782558,0.022759330153337875,0.05631329441346617,0.040867895488877475,0.02297890345311735,0.04184615516245051,0.034281127200259026,0.09249033228693126,0.0232395798740082,0.03328295091045819,0.029456218259933727,0.05029245922967164,0.031468002828298536,0.03086158749359954,0.02096928961717906
MAP2K3,0.020610536040206514,0.019241780090500746,0.0620666264055436,0.019352791285174125,0.027555032039013928,0.022045256322960175,0.01937102362066575,0.018433141422954175,0.021630640224776305,0.028748928205150518,0.04166269604030798,0.02273280324070108,0.025312527845217526,0.021429515106492547,0.03122771739874825,0.024321323557271703,0.0442410511557559,0.01890568581491892,0.021263881356592757,0.021074416531162043,0.0338842107773384,0.021064668427507337,0.03467914746311466,0.019304570164664487,0.02017931854529187,0.022711971966996227,0.08415186446880951,0.030760424323752703,0.02043317568663036,0.029438114910727273,0.028967552510221352,0.02435474221841903,0.040609032813750875,0.027129616817297482,0.021882662237475092,0.025729670456563783,0.0269515466145003,0.02136991543329891,0.0,0.04231553862352696,0.020153603211202947,0.04962268907543616,0.03580250982805733,0.032407782328086845,0.018018322583251176,0.025314779987489832,0.03006972743768206,0.03385142978337214,0.09765816433965921,0.02475638509800103,0.019520704524344443,0.022074825473076803,0.020688879934793257,0.03669187095057254,0.02303368278026157,0.022318287502314536,0.020515608177645434,0.03233455462483585,0.021397246036534846,0.027899131017688112,0.018003332075653,0.04754141722138743,0.025262170568358274,0.02006173163641813,0.0342784303201382,0.024110816560057986,0.01969769536584351,0.022790939603759833,0.0335775976110328,0.020046127209790265,0.02171213401532648,0.025511195909023232,0.030911436726382177,0.021980083147125927,0.03053752725668957,0.02128651505254836,0.022429097041822197,0.023215929430227187,0.01870106377869376,0.02064392820557709
MAPK14,0.02285408278433405,0.046017580520662175,0.026037348083945377,0.03061508421271356,0.029292158203211124,0.023564810122852876,0.022552285078663085,0.018989222260271256,0.025341748513447893,0.04423985773439405,0.06491585090886982,0.03371693404264541,0.14540187297485244,0.04894906023757945,0.03371329346510405,0.018025678042972726,0.031352328319652144,0.032923638570462585,0.06556369184932084,0.01934004973061045,0.024035575663915343,0.040886332589760814,0.194592381694249,0.024502492466578762,0.029970418473275088,0.036160413630811974,0.6959504060193386,0.06644133901296548,0.04039967042119235,0.09043794387548092,0.19398109565800056,0.023143978932002297,0.05199106200203293,0.3750778404390952,0.03116714608210199,0.023335287907462438,0.07960580487949838,0.07441435980687108,0.039867764552860695,0.0,0.06851211496656857,0.18440369318308922,0.06971264542856268,0.08805233376298414,0.039321139469331634,0.11718664399826273,0.09258563141128531,0.05800963985014866,0.08908623612422495,0.02001412047710656,0.027202081650682736,0.025087127249457084,0.02384680229624076,0.08462184455575565,0.04954896671178069,0.026922384307266234,0.046291011492966765,0.12401273052500933,0.036595276855130594,0.035868110229010354,0.01854424887761753,0.03458280229823319,0.02574416236455848,0.10864998793559939,0.0846870220179432,0.025486333973178774,0.019312841552285513,0.03991504830526439,0.19100222955128307,0.021352841510942862,0.025643258188715674,0.06948741389029889,0.0190076305415747,0.049665763809181564,0.02371831653668164,0.022506208481334698,0.05123912694855947,0.022581172236973316,0.0184692080045813,0.02937074571603672
MAPKAPK2,0.03774056567774619,0.023507529637520064,0.02124155017357576,0.019296024646478387,0.02573989771366859,0.026557696861007483,0.020983905459681283,0.021100153291619256,0.02384947029850401,0.07821067838123034,0.06748192442832347,0.018979312876944418,0.10284904575878999,0.070442151570225,0.03300371623296856,0.026102197755981903,0.06437672889006271,0.04276601464702351,0.020366353164998102,0.027323423204434417,0.02335152724562714,0.02751431875041106,0.031720870203555566,0.0425866216618205,0.04043639340908811,0.04049529418998372,0.03507139130283132,0.01954403219773439,0.044507534374362306,0.04729804660789571,0.05132970487053054,0.02088834156947801,0.07099349756164176,0.39813454619306227,0.035859072443940584,0.019357429207622352,0.05867567892927575,0.04881789879733237,0.020082912323176917,0.07239473140192196,0.0,0.0456202063841364,0.04273329865268079,0.02493632458416894,0.019166621577009765,0.030895153439136694,0.061961776230043494,0.09336830428204324,0.02893673934016326,0.026927294551735988,0.02615421867388683,0.026137464051103853,0.02552666044083626,0.025250639439959085,0.03529711354269846,0.038068946981458664,0.0639028453611678,0.01843300861452815,0.07513222723590827,0.03376592066285073,0.04149866250003324,0.021356193039808454,0.023847091718880786,0.0703058038967103,0.04943710388657588,0.030892606759700108,0.03086225641590287,0.02322315133787581,0.04858774881657832,0.022086903725851474,0.059059966543678497,0.03256521253158408,0.09917183311130519,0.030380529929806555,0.11238039936661146,0.03822431110535316,0.0482721971337023,0.02763030794668944,0.02601094108418142,0.019351130204266667
MFN2,0.021255244021962015,0.027199498674485637,0.11706575354368899,0.02281077280631913,0.037707219049574074,0.02354166149506819,0.01899603773297634,0.018945706879187226,0.01903075953706311,0.06108449973387722,0.061630116806248886,0.024360682360518165,0.0794902990240522,0.01823031811349661,0.0637456522243527,0.018277945067541133,0.04282290434041236,0.024080888265382256,0.022299316500675348,0.02371442221194876,0.04182792517810612,0.03185486543118717,0.1261414108153611,0.024931662671752213,0.028230642497976365,0.03247817341503575,0.4196135839898247,0.05637603596898726,0.03302461454671683,0.01809265511146244,0.08667895276868759,0.03171251285364298,0.133001983686286,0.20978934455652679,0.020056423078486315,0.0322751525030539,0.0676767110168687,0.025821165020114546,0.04735745373441964,0.19423223812361692,0.04493737046992503,0.0,0.08321703328832182,0.1045031003150038,0.02082138110944695,0.04219210154430734,0.0702889089954093,0.051116128996834126,0.35918318073417776,0.02793105541906253,0.023928516011408118,0.02241886868655805,0.01815074405438767,0.05687879849347043,0.024323346120738883,0.026482051509914423,0.026398581177469828,0.06534694646778579,0.041742698347555944,0.0396073757917709,0.02233354108442973,0.0780652615493678,0.03212027980178588,0.032775025775898005,0.05595280266665446,0.02122938951417036,0.01975786718042508,0.024874696056139976,0.08820762384773395,0.024638961691642536,0.03075964696076363,0.04549824783094382,0.03442640668553359,0.03506841849045488,0.045690148116383805,0.030234493108342687,0.027777762107449734,0.021085447051519945,0.02267496870864159,0.020296558346031404
MIA3,0.01971661555994891,0.019073493588704114,0.10347242238900149,0.01964553671684255,0.025884147277978536,0.02024885533706032,0.0184024197458634,0.020660997023366327,0.022875691005476897,0.071455285453033,0.02598130044256255,0.027374905796740148,0.053478810467479036,0.027990250071664696,0.04805789313018484,0.028287819331222167,0.04082645826181669,0.030095834567969507,0.020560070966703488,0.031537152108229397,0.06006684683101286,0.024410454533463476,0.03696990488880235,0.03093205685325661,0.031960632680750875,0.03656474874895026,0.12774623759019818,0.0345970818269759,0.030915221003176716,0.03281527646553545,0.04259546103204609,0.029085717773275645,0.09358776191353638,0.09569222744585526,0.019688787935599337,0.03188046999513446,0.04568539474371681,0.018317239162689906,0.035317182446382996,0.07484754928262438,0.0431447965453735,0.08672219684953415,0.0,0.03192258671658709,0.01941305490458834,0.020233553411079443,0.06029336188983207,0.023465101391581367,0.19476614471491743,0.039413364431938616,0.019369712865772985,0.03215070321576141,0.01947393707132135,0.05980385776486628,0.024819300341395022,0.037597925918255615,0.023476289152699642,0.03086875940963484,0.04419704313039306,0.019407222669890447,0.028428337074025603,0.07029088005925528,0.035335493008816846,0.02342808530258284,0.02094168269419493,0.023856355562247022,0.02220086012234973,0.0322074919377397,0.05559459975583646,0.022614894038578907,0.043751677279376414,0.0346487191860543,0.0238924224108548,0.025207133646522568,0.030773140123017677,0.03360480444652933,0.021113007507419283,0.022092462343174583,0.018894080456311007,0.021398569480327784
NCSTN,0.06522190202087225,0.022186083689013567,0.040411194699214024,0.031177451517014815,0.06857556326303506,0.09172997036215963,0.034120092347547,0.021141646404450393,0.0256688653931064,0.02000064575326998,0.045359205879559925,0.021504778730296843,0.07174609896640205,0.20444263318687067,0.08537745583210829,0.1893955004545072,0.020479945494420938,0.04385067650766975,0.1187389774493113,0.044280804800034594,0.038512319670840414,0.02908028261172074,0.30400315758563456,0.03672585211285006,0.02835687856244389,0.06888625161661809,0.13205067928993122,0.054298139963548986,0.02258769096039757,0.04348356014485546,0.08484637374303813,0.018238762019117748,0.16964228752251118,0.24113315314763026,0.034624836184348605,0.02693595406297293,0.039141485290898614,0.04057339986373104,0.030694744622501664,0.08489583591783106,0.02442236615936894,0.09642486930342514,0.030598510414082673,0.0,0.026040903969943435,0.03700607781477076,0.019642963129722624,0.1603177197096901,0.20874965416457633,0.04082149155988219,0.2869180893421087,0.14135956746879144,0.04488186413043638,0.12065005770393156,0.20636272161513558,0.18487703062275562,0.023957205966853953,0.020864480414098486,0.046263116181246934,0.026162106249917223,0.02244374665556474,0.029490620688245147,0.018264321787492113,0.027702292613030855,0.0587181080600209,0.021799934362520344,0.028429298938413006,0.02711610204753,0.028653150835680506,0.04228721900176321,0.11097949318530018,0.02094883998655581,0.07641335121275106,0.06210310436444666,0.619342219902321,0.04152380680438652,0.09718204335809505,0.07128467784756458,0.11133801025234571,0.07914396837467817
OSBP,0.024961185554698864,0.02930417257192635,0.04363964128936423,0.01998297324737436,0.02171446886999052,0.03310234365868826,0.024522062389070683,0.018601909026162797,0.022724582216477565,0.027304432380004816,0.031760712596187846,0.02991736952844248,0.02121939123778028,0.04050710591387013,0.032055400470952566,0.02622257223308014,0.031395242402556506,0.021603677791668843,0.05846397031361059,0.03642636410718121,0.03499208607945359,0.021693373571511694,0.026823747348074245,0.01849275170253077,0.02325742719651052,0.024564961244493724,0.06046934749232729,0.021374548771444637,0.01873602624403512,0.04924409110052333,0.031148311559700673,0.01961488804425549,0.04579169123713592,0.020763633618458493,0.021033665217692142,0.03054625872969334,0.02057484502782704,0.030547366658083875,0.018018229163097622,0.041592826614175585,0.019201845660999316,0.02096222778314289,0.019438939574865647,0.027009972611751296,0.0,0.05742415466621776,0.022820250091251645,0.032680586483143634,0.04593132430556475,0.025394212798498614,0.0462778136072883,0.025838947916972232,0.019660513464736518,0.03695388216196152,0.019528979912664696,0.026695458928154735,0.026762647430642564,0.050275590143388525,0.0289625646179859,0.03635410064835984,0.027057336761591222,0.02852575132025687,0.02227239619292188,0.0361832205425215,0.03834131189667424,0.02634758530625106,0.020711975505891114,0.044456810075017054,0.04504806185569742,0.023427961585501946,0.019813486090555287,0.026145457115998076,0.019982035121331416,0.03573497514678491,0.023514835044986124,0.03785326997151017,0.023059130622145263,0.027678675859310053,0.0303047781742919,0.03235851146066852
PICALM,0.03307357996531204,0.046547037876673025,0.04861029231217223,0.02846002096395615,0.027898575777625376,0.026485140195233497,0.030016615029662796,0.021349125559602347,0.026175962987536765,0.06598429208202261,0.18409093469723029,0.0562459494153806,0.021253644225445092,0.02021035470589937,0.03789785052012701,0.023688695581588235,0.023606912684325073,0.02383553241716833,0.12267790464277775,0.055945866949802754,0.0803599830163114,0.02693799215059619,0.10565373037856413,0.03590724917952417,0.03372607948224661,0.02109672114273319,0.4271270412341038,0.046153103084470855,0.022199349083739117,0.097773689410467,0.0729733135114868,0.021478265084312765,0.08080034476729799,0.02496066710887001,0.020334580321083075,0.04469681836543551,0.01972344247570243,0.04323599375510415,0.024798129060178586,0.11941085198355873,0.030391666387212937,0.04168598238628945,0.020135376855758055,0.037959478629079765,0.05377674157406299,0.0,0.019870644282575886,0.2788205371249502,0.036132931415072206,0.05073478213437505,0.05957361454841553,0.0193000626330495,0.018535047116603164,0.04940860551682185,0.03459916469052399,0.025658674950876873,0.01799475554441682,0.15803868712803545,0.0613591185271259,0.08468022972361186,0.05499938410195721,0.023328227643448666,0.026240619171556238,0.045950655126244314,0.22440967246838753,0.02410686892918794,0.03605565499665787,0.10498576871302172,0.08136588562494028,0.02386881691422286,0.049235485160693246,0.03653854032383846,0.08435833090235094,0.12568487785797622,0.11404526445808802,0.08497465259150432,0.02870179666174269,0.0364266354207508,0.03304607731576627,0.0394083714742063
PLCG2,0.019837344473757356,0.023237315538831974,0.04507494641153092,0.021785939886054713,0.018547070273681254,0.02509243474887877,0.020537200828581133,0.02183831371508329,0.019635734672562508,0.07395417450126882,0.018112443977906272,0.018644837615517513,0.07491144055791968,0.07010327333668419,0.031021656939076745,0.036501088377922805,0.018495554984264723,0.043737362363233785,0.04084235519575255,0.028928199021419743,0.04072762762403554,0.0263932054062091,0.030202947204781547,0.03697994979919649,0.036654497483149924,0.04710816176939972,0.152083730212622,0.03217187402261954,0.03666507190684815,0.020223448150160486,0.058040865245507924,0.024563763534517297,0.05181202744381651,0.1310120751207226,0.019927768099588967,0.02005001173648768,0.04832395018731723,0.031065402622736424,0.029693863191842054,0.09996630573330158,0.06244669150278794,0.0724814411515897,0.05995994338038396,0.01977353635747114,0.022702467015726518,0.019946408982406596,0.0,0.041864826915826776,0.06742653815346077,0.03622541502821495,0.036595684263595364,0.04501160882285277,0.01865880908871447,0.09093325912650255,0.022324220144775003,0.05200869323289913,0.034700684138985236,0.036859010708750334,0.04604796553218229,0.022722175077147962,0.02965071510659747,0.04492632088129085,0.034058847381372194,0.04598562262720009,0.01864445825423141,0.01804484518783115,0.026561426939046357,0.019103803607437648,0.08858918757982784,0.019981720756416833,0.054663092363019326,0.04336953370529788,0.0579974859727806,0.031982155409016236,0.09918302806184008,0.023878664737492755,0.018554645334025757,0.024575223572821544,0.021764258724554064,0.029018332227491485
PLG,0.034857803386034454,0.03398625241969034,0.02553665816575481,0.02194482136338198,0.05287543062041676,0.029694768824068178,0.024301263656162204,0.025832798636999735,0.02170674392942851,0.1087982549932262,0.35318277873027365,0.023147056218274,0.04125656461477444,0.13336206917440635,0.018277802358565177,0.030248846761957045,0.0662636145879678,0.06461394080998882,0.02936447954010057,0.06668129148631582,0.05385524896878565,0.022530670651356107,0.17386648598437213,0.062275351025659675,0.05829613431728304,0.042875092330946496,0.27132071129924845,0.04832045047512868,0.03663546373049603,0.03147041793655011,0.03389474040538051,0.0199382870520465,0.03220964941745653,0.06193157977458618,0.02177953678683167,0.01890030056461378,0.021000737622998346,0.02181664060221552,0.031891714126565926,0.05628759943669476,0.08413237347528957,0.04853463856919296,0.022993433421835734,0.15956959986331173,0.030938324847163568,0.25686445751118425,0.039417918952476774,0.0,0.06618612343419636,0.05755605348375378,0.023379585478273276,0.04964727225555894,0.024124233516927523,0.02442522090729368,0.03404170682478144,0.06253380799737787,0.03996912384871575,0.12382041144743479,0.08916034601615638,0.20501050321621736,0.07393483607782426,0.024047961003603503,0.03160500761475213,0.02993438593198926,0.34839980678186744,0.020380374220772976,0.06100806777934199,0.0445962783359061,0.024579336324489047,0.01980900929202411,0.09803074800902542,0.019730938362991307,0.5021251622014816,0.2814983630706949,0.7604616339269553,0.05061761214041937,0.028131871543265758,0.02782949690186639,0.02013721028009362,0.019978701837817657
PREB,0.018992483574416567,0.022586295480803906,0.7186274339464175,0.02880668804589606,0.05335585928893575,0.04253477620009891,0.020561517752733256,0.018155528882479493,0.03261840073578785,0.12205947859598788,0.06799488087686867,0.16779804280226132,0.03163509106878952,0.07808404947784664,0.21869215990923022,0.019441979733312274,0.385066975487014,0.022513576787919928,0.09062296914086675,0.022222835902205015,0.2733655185864353,0.025123710655085393,0.101312569365927,0.031475726933019386,0.0197320863507882,0.04267906926955921,0.14865339981646927,0.044081218349852375,0.027314819117255227,0.1972199891764157,0.022619608315591108,0.07112960069186645,0.6054384592426292,0.16884644282360903,0.028748730088753283,0.16585105418826504,0.08674968268894094,0.07777445482222332,0.07742231750393645,0.07901934178399496,0.02739361840310784,0.28401621161076096,0.1488460094425638,0.18537327137245993,0.04032758618992303,0.034001669377639133,0.057659718041931846,0.06187422724751894,0.0,0.07237446636713109,0.0869784065677397,0.021603742386943042,0.03878344839820948,0.03104716729095115,0.04654887665202229,0.043972493273199444,0.01890599786665799,0.040002653850803906,0.0539907167119394,0.13848616665376634,0.027685848248661403,0.25350609854114486,0.04043080944938447,0.07082662537517885,0.03548632252504233,0.036084162959097894,0.023778024130364853,0.1711604488161628,0.03353579268987631,0.028701274647058142,0.07712794679951664,0.02517798440090559,0.2021493509254739,0.04474309217723302,0.189283729578538,0.12194097961582831,0.02048112519319012,0.02140028669658145,0.027996945705550023,0.025670163318735725
PSEN1,0.022460298772965504,0.025750411485642787,0.09163203533108476,0.02278677752671322,0.019494571407030366,0.019798644984805734,0.01887036077553685,0.021206199925945204,0.028525180076231962,0.0589652638577656,0.026070651253285698,0.038968514855070226,0.01981555421221818,0.03293555052877853,0.03123760230470364,0.04618502267705013,0.05447081136172442,0.030065311887533305,0.01882214371397232,0.02893690860825123,0.08807743422079732,0.01956003217920435,0.04066231036512292,0.03409449253341317,0.025671001170077767,0.03943386398169688,0.020192738589007494,0.01886582546804259,0.023077294994776603,0.077288002822811,0.025954561941924796,0.027889786164047435,0.04981224936701123,0.01948040034571671,0.027506843604005373,0.03526323224870493,0.024388590336496277,0.03641981609159848,0.024640953264636434,0.020142940904558267,0.027109040613480018,0.028346988540426884,0.03958018729303957,0.0437653283638041,0.025291394581323543,0.053313253121500315,0.0364824591770614,0.06364036024544815,0.08839347831940884,0.0,0.028460238443584474,0.0450181841138575,0.026157499158078815,0.051194450660389065,0.061844243556282194,0.056231323367038316,0.018128227269533826,0.02212524032486575,0.031805357370876884,0.020536252062365125,0.029026961345847622,0.05573260964083232,0.03264346795123914,0.030194194534501156,0.03843111365620707,0.026590719510932177,0.025908148966682146,0.04471070463123022,0.02520169054909613,0.018379275729268504,0.061926477092778195,0.02069330015055431,0.03325463727155276,0.05038137332709232,0.08605080849903403,0.03471056998157812,0.04390867528537412,0.026340311491298833,0.024345260751076823,0.023571564937725286
RAB1A,0.06783546065023388,0.02249162166486842,0.02248892693554728,0.023200922227523107,0.024927134870041594,0.05194829762618878,0.03942865629180917,0.02158777006989797,0.027020308156604795,0.023333288996479688,0.060682703409187154,0.04871619219962645,0.028252639522753854,0.1453246892881963,0.07328476716582286,0.23572928767053053,0.028594685993457342,0.04179847694165312,0.3222359817435753,0.023288648641595647,0.022476421447569467,0.02024937443999236,0.07038798163063462,0.02117546845159064,0.019258646157945022,0.043002803291306804,0.12331353395038212,0.02446845734010705,0.02124133918104853,0.02469763765621768,0.022519733201779,0.020555441326281208,0.18775429904138097,0.24115749735589886,0.03954736764582241,0.046835902298049605,0.03324122618727447,0.018500816342201267,0.019404581461068847,0.02717355540714981,0.02573486638802543,0.023743073110979944,0.019292426301654106,0.301036277505839,0.043349939004712554,0.05866434345275805,0.03534337319997049,0.023529554727740435,0.09833301553942955,0.027702554523538057,0.0,0.1146991166052926,0.029120481755564736,0.327088829999932,0.10814476136805545,0.08025179817504453,0.025935257683972774,0.06945103902817408,0.053330431248241356,0.018300850316973396,0.03176380559071724,0.03487311130215125,0.02801578294728406,0.024586750285858994,0.04371943167828124,0.02575251058518884,0.02150380017060544,0.0719859239325841,0.0994793221148865,0.032843361628493065,0.030523923121890995,0.03679154331109283,0.052668067096421876,0.04371317006575947,0.2765463086895573,0.0918518377378538,0.11414243975843001,0.09227720080278934,0.100061133339825,0.0982651692459656
RAB1B,0.04320090803597231,0.020175246461196852,0.03220468053719195,0.02548523300874194,0.033629372937447666,0.05654028098809763,0.030139149708521083,0.02067714668374562,0.023616329676280252,0.03653676281525275,0.018398632899087438,0.028718502481105867,0.020962672144484783,0.12040550937503704,0.025773530810363317,0.10487135680999442,0.03403624794440349,0.041596675730442415,0.07796164913415587,0.03458966582222575,0.05584015321473157,0.0180260535136425,0.05161769225870447,0.039642295111853,0.02054696360729519,0.07652046716017176,0.02953928426126257,0.022041232325751746,0.02247963365304858,0.0343974465968277,0.023799541902191714,0.0272519090445377,0.02631129754684744,0.024190295934848047,0.026428079990782737,0.02083721682543853,0.024848010042617316,0.027925318762086596,0.021935590463287555,0.025443939324229985,0.026137076343181166,0.022501310070619604,0.031944705382943674,0.1605593094311857,0.025578034546442224,0.01934295280340278,0.044749120578285465,0.053269828475400335,0.022127485643485503,0.044351667030353356,0.12400541602832449,0.0,0.03836624688489745,0.13600425500970223,0.10243080975971203,0.1482550478728189,0.03180867695445397,0.04596320573303717,0.021493961735387604,0.047691253895225334,0.018541559941159445,0.02861785359625538,0.024024476469154378,0.01829922368678104,0.02343724094838906,0.02049646341107666,0.023608325616362252,0.018377025372064815,0.06688560477486705,0.02894398639960729,0.11356312276954271,0.027547708818079355,0.03228534069891741,0.026708570283521357,0.22056227437437118,0.02247948625166478,0.04501186237468576,0.055472948772702466,0.06354092035745428,0.058960230839334445
RTN3,0.04036056127305558,0.02035581125523028,0.03029952720184958,0.03702758218932911,0.029433347781500835,0.04230736148193361,0.025720263342307984,0.02006865866964008,0.018889959125979645,0.02031396164188325,0.02217657691991597,0.05982644663697113,0.048182859877710454,0.027435179039677987,0.019072712362718732,0.033183565084908,0.050112566307185004,0.01920259917236587,0.021335379356069,0.08230173485142733,0.0392770215749542,0.019097835587655015,0.026326183022797583,0.025689217936310176,0.044794414591185196,0.04713695097632261,0.03751443332877953,0.03033942662248542,0.021053071217606394,0.033285476933457805,0.04819664220882818,0.031485375878977304,0.018937017756127387,0.023677116712238856,0.022206077094452367,0.03529802728022157,0.02364799864302826,0.04686729372794174,0.02065353769587101,0.024271235853740337,0.025698855125826415,0.018156752200123135,0.019486240305913387,0.04861415193967974,0.019644171203607317,0.018563719018921645,0.018667521223393723,0.0247789324697989,0.043542946423623906,0.026181774503843833,0.030047563662496626,0.0389251495361629,0.0,0.025571812472157947,0.06601955755071537,0.08083884106319983,0.030684816931339273,0.04303232206210365,0.03433038202995335,0.17772157061033192,0.027567078525917933,0.021209665394186217,0.02577402215465664,0.03855496099429078,0.019446944994571554,0.027262512042977128,0.02356332301094005,0.027791851704591027,0.0231083347437214,0.028964562165092664,0.07692440121440762,0.02225332569715593,0.08006678807995171,0.0564202490166349,0.018994275783238496,0.020645443546746193,0.020002069596662283,0.037112062772890426,0.042955728667860946,0.03311098012687038
RTN4,0.049930301209009556,0.021363667337377802,0.07362641915200648,0.028549485689827583,0.022654832261158744,0.03157718726887273,0.03456985620011749,0.024126355380934487,0.03359290319771421,0.04407179687579872,0.08524390286764186,0.038699052695830974,0.032331416277938264,0.1258621157254246,0.026732680278636532,0.24009164911691142,0.05716682089364224,0.05416204588757692,0.2624989359509815,0.033159444038953795,0.05599053159794072,0.020436546142106184,0.03126870704503354,0.027963576456410327,0.031945913545690124,0.05308875526911871,0.45407787591781207,0.048395170330617014,0.023322886258939173,0.043370036823881866,0.05197566092371091,0.02170475163576363,0.03997448906436302,0.06707151794795525,0.0419086501205272,0.02866864212335176,0.019706158381535232,0.018810066241276648,0.03472661728973014,0.08362789676567124,0.024839651095291737,0.0548288118500155,0.05579646205091741,0.12421239934219622,0.03502278727706726,0.048508422451105745,0.08354547961128961,0.02456629250474544,0.03235385803522209,0.04792675166033739,0.3231798498730926,0.12420020896568369,0.024982134623104797,0.0,0.09851412306790443,0.08391937433886669,0.027003620863315526,0.07888831428783757,0.02161526166234486,0.026456933708081776,0.019786876031790197,0.12168736838824948,0.05232530405338795,0.028762716953212294,0.05145189912404935,0.03888573766200297,0.025211572580609683,0.04051254990186997,0.17623887194891927,0.02275005661767599,0.03928782587645124,0.05924804441639754,0.06529690449786724,0.06548162538523357,0.2528915887553647,0.04940669863633103,0.12179558077745814,0.08356464114784892,0.06856171963722911,0.08333198280027618
SAR1A,0.06987470653888855,0.025487399993422793,0.09047628533996815,0.036402829727384046,0.029193812665044443,0.04233769333307838,0.030661831287548024,0.01927701911789417,0.034783389472430114,0.024734232958312972,0.02600598581807495,0.0612537684155794,0.07915563771077705,0.04684413616414008,0.023607614969136874,0.14215235911137808,0.1462176301771326,0.025118432482960244,0.044151002434348365,0.04165182506161566,0.11595728654662642,0.02615861431807059,0.11119408618041267,0.031430181005761164,0.03395207105091413,0.0634662234213219,0.041482419123533225,0.030129369748612113,0.024359420755173323,0.1527364785355439,0.08194957360168584,0.03373425864468301,0.026631871277901512,0.17141235024352888,0.04825412746653602,0.03764040834732276,0.023728352629225784,0.09616334611944657,0.022719472015605754,0.050344247763059846,0.034700175840205356,0.02425591953119897,0.024531304925708368,0.2247688404107718,0.019444185229841024,0.034715952277825486,0.022171614219048542,0.03499098141706317,0.05120103072540283,0.05882442678728529,0.11158623977822325,0.09821990554992181,0.06245050062937744,0.10241748447764672,0.0,0.1513110911535936,0.022093952707130014,0.031778353865352583,0.039256952259987966,0.08652721320839997,0.024057178148988313,0.047808791943929244,0.023363860468196586,0.07661842287077025,0.02362388715425032,0.02520587048902705,0.018820959953409128,0.03510187247005612,0.026180342431068346,0.03183304183549085,0.1089554087266248,0.02108104623066348,0.03438891722467683,0.025791764210759127,0.1002461646730747,0.018672879549942845,0.10455448590596639,0.07168734639388899,0.07771106363866163,0.05487835882292086
SAR1B,0.05167928391096166,0.026337586978791835,0.02874862415541955,0.05348354696458764,0.06570662021700148,0.12940677476439053,0.03410677733388336,0.018247890222911574,0.01842177467596845,0.044988723197539555,0.03757863699380986,0.10013289324762786,0.027543660801841764,0.18839496233798558,0.020029463042323923,0.07589513928799344,0.033786401580635866,0.042232197427908805,0.04613407919143133,0.14888139978648482,0.08208901563752419,0.020550914078327782,0.043982604347174596,0.06864935272542572,0.0414680510984304,0.18473403749807313,0.036650712284663774,0.04354246847064452,0.02699921114879204,0.02628338230676623,0.04566155936907768,0.045701558004559634,0.026382610365465346,0.07157621995511257,0.018129687561543893,0.04247608643238627,0.05370770998249744,0.04080254311775366,0.021977197698902568,0.026911268835222,0.03690435066461928,0.026219658642446787,0.0361838546755875,0.1939853072281821,0.02598292579780009,0.025552948613202474,0.04946943003731968,0.06453420269977601,0.047326686678413755,0.05272749942265457,0.08042759190496751,0.1367437111464757,0.0741118854625759,0.08478919775297981,0.14647177645449375,0.0,0.10363534408533395,0.0786397531585859,0.02130921428728833,0.3247642758340423,0.01999509607646383,0.026421908979129008,0.02344034029484746,0.02017120219379043,0.03914130752174252,0.049920739937151744,0.020393187422594987,0.03221699049161703,0.07613284979827492,0.03976658109659751,0.4145409463101359,0.02217276159454739,0.02966071902720418,0.047010459080985605,0.20811916594302568,0.027138230719281762,0.018574845761442194,0.06130278900516049,0.08721456041843663,0.06960030973743696
SEC13,0.020180435605070993,0.03606741177210779,0.06047293072230105,0.037614712738665394,0.05641037231597398,0.08018915973178994,0.021354981522363002,0.019880218813723798,0.03640715411069622,0.030842894437673456,0.07450403665760813,0.05138718824195417,0.03341680715045872,0.09085117118918135,0.019945517852186685,0.03397094896286768,0.06997834842112025,0.02906871590996234,0.021280968352631366,0.11809114345394316,0.020571156345179257,0.027561312080607376,0.03279981633926543,0.04716336133987679,0.03128724993650439,0.07809475851007118,0.04233408356344689,0.03947849542041852,0.03407339218028385,0.09009409904901124,0.01803122580057564,0.02890386188998379,0.03923036517170478,0.4503235183538752,0.0475919705623595,0.026726326684530375,0.07242576635538239,0.029885782353951305,0.020399560540771296,0.04757589926343173,0.06291525492626959,0.026437839392009978,0.023329493929524523,0.024335461592144895,0.02633857740804296,0.017994913759309287,0.03427413246192295,0.04181562270769699,0.019016338304031842,0.01812410634357834,0.02624044370848938,0.03158271047689083,0.03017919225224708,0.02741885031390111,0.02215407804047534,0.1089797045034384,0.0,0.046139243877500666,0.027907213707189637,0.16798519615881102,0.020083131200116705,0.09420964388101949,0.0378759841437223,0.04973065192029101,0.04184123877919635,0.08687409973572681,0.018636192670443245,0.021813757546369043,0.04342624186633621,0.026946815352091938,0.16418648094372718,0.020456174538439346,0.023190534522081988,0.09010819530133607,0.0473901765517137,0.03357321868234414,0.11424415870795393,0.018808597726162626,0.025809553537784642,0.025443595778965104
SEC16A,0.04868145663562617,0.04742810932781391,0.018199393547081916,0.02316121958549005,0.02077422480255539,0.05956938944914466,0.03638638057386447,0.021017761722862544,0.02396459551737674,0.02725859187070917,0.10638653890059903,0.023742813043400205,0.017992977943835,0.0504590049172321,0.023922735491683892,0.0401324655109117,0.02970916325747372,0.020046630460875122,0.10241016661633463,0.13530693872363403,0.02127130422205537,0.028504203879750025,0.07173400697285394,0.02103326528396451,0.047259270502934214,0.05755612376750761,0.2580451524524002,0.028057516339946343,0.019511899367779025,0.04842520970443512,0.03759033641983255,0.030060840004562422,0.027959460849776758,0.04318059942831004,0.01966375771536091,0.01815597861451985,0.043012318575678735,0.0206831312959261,0.03133712513782684,0.1280684917243572,0.01842232122942137,0.06475268042596724,0.030302855703180007,0.02099812444750503,0.04774977711554942,0.1602689896187941,0.036084046839493476,0.1342793235876123,0.043428113493321194,0.021944312091173993,0.0713454690838201,0.044972562736289155,0.04150136735380896,0.08187332127952028,0.03181339871968033,0.08079089042472098,0.045665367426944256,0.0,0.04694772899364365,0.3467220503488685,0.04606764775904564,0.020215231061695715,0.02673946147438495,0.03101937244544596,0.11915690853820975,0.036814095356446044,0.0323894651753554,0.0430394372677825,0.1282102231546961,0.031522736045253075,0.05400756776285905,0.03636297422594657,0.12762395963013687,0.17858353465816645,0.04064975062981229,0.04015370370484301,0.030254298635312614,0.05710353217165178,0.0585566209256625,0.06073317323419094
SEC23A,0.05142218786657487,0.022304250055528177,0.03796495373581211,0.022926042446331476,0.02091355996098419,0.030409081916790794,0.02848170997843548,0.02196539926345164,0.018243944098318855,0.09150310716636109,0.06695045074208293,0.0195048979139183,0.09243797250781717,0.023444290522478414,0.052468465234724336,0.03502047493878803,0.034483547984832386,0.032125899223940366,0.04949525569202971,0.07667691509664702,0.034517500239744814,0.022767555669255857,0.026405523708385604,0.03260266469919479,0.05817618305491259,0.020375430844195838,0.02242970868612714,0.023110475554552798,0.03827196851772699,0.018064832413704924,0.04149797196036628,0.019300952698917708,0.12412520390998794,0.23254934220740356,0.027162805222985774,0.025095289869385036,0.04053993946288831,0.033767797661402164,0.021282136517502222,0.037702519103362246,0.07511091126064225,0.042319445968109395,0.043756354213531336,0.049280058163446876,0.028577077329695794,0.06369591248997067,0.04576598999454636,0.09925770303694598,0.06210729317704333,0.031506662644611896,0.055947606499643456,0.021493326813884613,0.03391247870471034,0.02181766918183678,0.04005144945606773,0.021466706077195908,0.028061165845255035,0.04802176859825848,0.0,0.10226825470954971,0.0546439926396285,0.03194118715529841,0.033280941766349506,0.037599394995647975,0.06206985554216314,0.02031731606835164,0.033017268878334345,0.041003701621977376,0.020586375226010086,0.03129759099339688,0.027039969644187176,0.025150631613687167,0.1088395220602543,0.0673450291134264,0.058564130355327905,0.056733193719883376,0.02976091652888412,0.04119952448098349,0.04695764805777117,0.03527799505236876
SEC23B,0.07608325163192772,0.04889315822934392,0.01890682690002316,0.09118012222159198,0.05117078096863318,0.13951572042246288,0.039087834352997,0.02898279727756037,0.03241454521182416,0.04362127647657295,0.04407618827798516,0.22887021872475535,0.09381766082719044,0.029139692250866385,0.018909786804504957,0.019356528516741415,0.06547725970977139,0.03269930492613874,0.01870652470342222,0.6884340973634857,0.029292952756040342,0.0245623564138873,0.056769461433024054,0.03109402613570424,0.20636315653832407,0.12964049168376648,0.03557575223472888,0.048219946960349036,0.022228552188620163,0.030699969553597467,0.07207916788260439,0.06458499800897366,0.028980516403112982,0.09446092745106811,0.025483104662178836,0.07412345338553647,0.06927791051310331,0.06737822995032457,0.026222959177746197,0.03403673426439001,0.03143576038624815,0.03664459432941226,0.0192248380630562,0.025641248241976198,0.03298808898968958,0.07443751205516358,0.02209448524642083,0.1836455280414557,0.1389105114200283,0.02018838455500931,0.018277295400108282,0.042729893989935076,0.1352176724696644,0.025762481633431707,0.07539323929630663,0.27302983611284093,0.13618389029498468,0.27959795194643683,0.08462916616763637,0.0,0.0690453415300298,0.08008213676580063,0.08121827438194648,0.04276727615251851,0.05646595540022318,0.10699249670991488,0.054366785989959844,0.02931707380954395,0.04428422467853506,0.052333611836176595,0.2921390584226215,0.02561629960261666,0.7415523593591858,0.7163910166004938,0.1855591353842107,0.023352623648018978,0.09062956324850432,0.05845100775641886,0.08351523314832034,0.05332391466595858
SEC24A,0.03499294023120385,0.02453791089965569,0.02935657363516416,0.02091628695487641,0.01847560475716587,0.02636856597148832,0.024929148139696555,0.02125738548792136,0.02013449811614877,0.05379293961404626,0.05434136493796223,0.018419739694616265,0.04440004252640815,0.022523838012246635,0.032374806297653345,0.023249393749472203,0.026394999536419765,0.02761430506544873,0.03596296031116097,0.05809947183686965,0.031220503287792807,0.018548162204052154,0.023192628523674097,0.026988949792278172,0.04210148519362932,0.018444363913167953,0.026549613173389768,0.018435066111802168,0.02771451563108299,0.02441770841364815,0.023830326289695627,0.01836912551992262,0.05401290651559728,0.061707472464715675,0.02082445206684954,0.021580344311777796,0.024224977896843688,0.023515691003617407,0.01800319421530744,0.018582386153163922,0.042313734648870054,0.022530886225459044,0.0285868975521625,0.02291221862259404,0.02700070514177141,0.05845605468794121,0.029902197751575398,0.08423086306648735,0.029622212899261847,0.02912006911729415,0.033042606090834564,0.018554889358940382,0.027616702825500935,0.019930417604199578,0.024411376748700555,0.020140181553824313,0.020164486364962507,0.04817349870766311,0.056074867651371194,0.08443968372398415,0.0,0.02735089502737464,0.028953636235009673,0.02446843726401014,0.05541358711214865,0.0222542240301042,0.029822080659196365,0.033340259558380825,0.020971076014449384,0.025711607260609153,0.022992378276799477,0.020000788365143306,0.08392470587470434,0.06723964909970265,0.06190904362972474,0.03829978542161079,0.01820645123181672,0.030716292282919694,0.03260157958269698,0.028245053351677474
SEC24B,0.021894314868026232,0.032268835958117685,0.36553640208246385,0.033262156158225455,0.06624659495462187,0.06504500875415209,0.018783185137038236,0.02319292128869715,0.04747050795973552,0.05933181355213404,0.09346847268015249,0.02228357699216537,0.02973820281121591,0.03847707525749222,0.049406090314584344,0.06978689581220218,0.184425243115402,0.022687688730105123,0.027050750107913364,0.1445508119873018,0.1054775622243019,0.019330012220725282,0.01847355524304585,0.020143210573724674,0.05020291785214817,0.02332419431808644,0.26326680655838197,0.0671086878013468,0.018598636462418775,0.1827257665246735,0.037759550864759184,0.02307366796755976,0.06086290152288329,0.08111078861248465,0.052750950271364415,0.028125421971056535,0.021232812018830906,0.035491945906740534,0.044737998209029295,0.03475203388915255,0.021233234590623266,0.07615843415403407,0.06628504454042397,0.02996306494157645,0.027740847231597112,0.0233089163611166,0.04333879676751314,0.02429152735250606,0.3081891828423418,0.052755688235720494,0.035105131771978965,0.02817668599406105,0.02102905318700878,0.12510871929496342,0.047426912516402936,0.02650879667940337,0.09109870894089539,0.02019099058042057,0.03133742525214323,0.09119482142508356,0.026719870821390174,0.0,0.07485798421505092,0.04003664156072754,0.04126194365623513,0.09820508451171484,0.022427630224435596,0.03363197063465021,0.032638135245440195,0.03027261789428521,0.03445796858268955,0.033174549360901924,0.027937996478139635,0.10813488987212716,0.018978762413326685,0.021963417429273022,0.13279096250737485,0.02902087576177568,0.020779729456092494,0.01921847729939907
SEC24C,0.020830455036361335,0.025393068608423136,0.06824956937905692,0.02930290378386927,0.031939900128804204,0.03515160197653178,0.019849955512305797,0.0223144858715779,0.02901746600127865,0.04335414438629308,0.025758172841502426,0.029175884441079526,0.03551771406568638,0.018682339869262606,0.027214989661256562,0.03739945414448449,0.034721649535187346,0.02688362827732762,0.02526983927212827,0.08577640076797927,0.03963755963676424,0.018446388018112655,0.022787379299503096,0.019192384338689274,0.04480649310568397,0.021154386885272523,0.07262722278310459,0.03546646193436169,0.02168802818053117,0.048275025233097076,0.03382170408324086,0.01894519474753557,0.030079022863421227,0.029552159600862018,0.0280926460778743,0.018850811763567413,0.02003148658169068,0.018597632846291345,0.025176981870489473,0.026350194412417458,0.023992366524473705,0.03284325291763343,0.035578391164416225,0.018289954901828165,0.022238714727422865,0.026777030785615316,0.034384080128044,0.03331016176824911,0.04576596417014651,0.03273562041065914,0.028866459866926975,0.024174958024554535,0.025795042483702752,0.056510042535301425,0.02366052004442871,0.023854120581076,0.03885495555996797,0.027232825444449837,0.03372667344630757,0.10118266465219511,0.02892692810619981,0.0809608241098546,0.0,0.018180548003016748,0.018110464661920147,0.04417974889828897,0.026026492495179698,0.021514388603567424,0.026360639969078142,0.025489813695739275,0.026513187027071602,0.027666864092632443,0.06349241261780517,0.08854163228928352,0.04794290311892797,0.01963699368780868,0.05241094877014178,0.019530258366142438,0.021978066772592446,0.01818858202379097
SEC24D,0.0348181075647861,0.03525592133260369,0.09706831557304747,0.03148730162922735,0.022230066420743915,0.027995991442678524,0.018032064053308674,0.01981741847267292,0.0316072098921461,0.026749241545004087,0.02907807993609858,0.0627163785926886,0.10936385704077349,0.07502691642553029,0.024035004592631717,0.027370231810617845,0.16081817910225457,0.03649118583877954,0.04872703277351051,0.023345688408335754,0.06317237845034913,0.030027992472296348,0.052819191388517935,0.02327037228781776,0.035868523466312016,0.02198877141997697,0.11637413930778143,0.028218394736026366,0.035803032458407505,0.1687827958372774,0.10484725229636177,0.026447975742851692,0.02381939717901938,0.21819414585339542,0.041827350896692164,0.048065068444927896,0.03704525433286429,0.11110598250490075,0.01997336007472352,0.11473795266420585,0.06939791060303364,0.032906397039909746,0.023299625946855137,0.028398653635624604,0.0352521359140222,0.04686555847180281,0.04530153232032066,0.030861848756331536,0.08293654574824773,0.029790275188703377,0.024856373317266013,0.018296125621601652,0.0377331155913298,0.029313736722181027,0.07835703416664916,0.020248601493647232,0.049870806624701385,0.031257230401263915,0.03733574027915175,0.04729086802874639,0.024224368336225374,0.040823739233748824,0.01817453344839143,0.0,0.019870034005310167,0.03451485216527707,0.024456147144710397,0.05653039329973723,0.06846147421144241,0.020022009939800772,0.019723935075670145,0.041031691356076094,0.10472943060268083,0.019346645250776666,0.06669123078103212,0.02782745350956826,0.05871230489479452,0.025322715411763327,0.023038068232127496,0.02101508099369303
SEC31A,0.03563849131703829,0.0322978802123058,0.027622471060653884,0.030393610644997116,0.04856973003172938,0.024836431199430326,0.026929981363805092,0.02093296170280167,0.018282007706844603,0.05647902248510717,0.30078662589777155,0.04331244605078372,0.02091496512230852,0.042923068879550434,0.023044697523956,0.02802515282059615,0.048868108323862874,0.03153196820302505,0.07923367528142514,0.029459765261180573,0.03975605323570818,0.02321606109361947,0.10095441073610155,0.044667144278427294,0.029718566371018502,0.030218631509282917,0.4905026355362126,0.06213837889463587,0.02717334817483232,0.02878308515892095,0.058649788915324685,0.01867913541606033,0.04488150968230927,0.0674882460395659,0.025550139754234487,0.029170998243296064,0.021093286021342784,0.02251323292311752,0.033017478093002955,0.08631437114561112,0.048053853091651645,0.05519337196929225,0.02081677077386872,0.061331264524318405,0.0367705586618867,0.22540139611674362,0.018621132422263532,0.3798425620189606,0.03791973775427863,0.037165756741833395,0.044313674089970764,0.023261290133169462,0.01937581404562505,0.052575349185635833,0.023603843537253262,0.039561123019337084,0.0412822965608602,0.11809818225259495,0.0599806580576142,0.06289971529791541,0.05238799916074537,0.04144047726858068,0.01810434088263405,0.019832663832308133,0.0,0.02702485172924394,0.038847258636086617,0.06200446061486295,0.05443032419816249,0.019276627923987183,0.07551587493452633,0.03243199624229968,0.13774929721317203,0.08726273019515093,0.24086229373172538,0.0656402459802761,0.02350602907441405,0.037344452241363055,0.026716482207033206,0.03084016372102783
SIGMAR1,0.01803886056085969,0.03250398858552476,0.0843259731802414,0.032943135884220376,0.045913572412973565,0.058890420596578126,0.020937919629212164,0.021218018392296506,0.03502193094705458,0.022986425900438555,0.04730654575084507,0.0355186417917498,0.01836997122566219,0.04601216516839677,0.0233596064730071,0.03746965792753725,0.06255213701897915,0.01925078060385775,0.021113924298681256,0.11099024467925929,0.03419394394714982,0.023162202200993024,0.028392136152665857,0.028474181575143174,0.03840774076071166,0.041867075610748865,0.055987671549328204,0.03877080604279544,0.02307634156186244,0.08422208916566178,0.023183633614470307,0.02240839728241688,0.018237992453536588,0.15381070592073795,0.039815766127536505,0.02022479443001727,0.039210345364108605,0.02616399406960604,0.02395856324129232,0.025955721792462836,0.031051023822378853,0.02132243867430717,0.02384497120990915,0.02213084418660053,0.026159656398686622,0.024399765618409685,0.018045022858496837,0.020587645008186814,0.03978085682228884,0.02651726505425487,0.026266221165594895,0.02052206022629652,0.027154729745791147,0.040734671925083225,0.025512599009827275,0.0526727630105031,0.08985332552939324,0.03771050495367112,0.02034140075777784,0.13482060924880834,0.022189316535280112,0.10549332294175948,0.04371995156546716,0.03495370586433205,0.0274577393710876,0.0,0.021261260590909558,0.020447263256943238,0.02464552920306963,0.02706949803129102,0.06865501095755833,0.020502892746487568,0.03577829630128631,0.0968096541047958,0.019522649194641098,0.021749064596462687,0.0884675664672483,0.019440058750872857,0.02439368832855292,0.022243281194735502
SNX4,0.023994895518327126,0.022137074881337104,0.019046987628530833,0.02099336881297629,0.02036084049962286,0.01902410059663435,0.020236603633001702,0.021015045673333822,0.020315873854662915,0.03559081877062315,0.03938968324284773,0.022739508285379222,0.030793873527735497,0.03288930789314163,0.01910281739451946,0.023153653847065348,0.026918504233475454,0.028765502188723868,0.018624134235179984,0.04102038358348696,0.024608207962392433,0.01856657897182284,0.03217927719754111,0.02465625697172328,0.0332706841335023,0.020304123534394123,0.0229227247290906,0.0185417782643329,0.023532395417670812,0.021501355172962144,0.021211439932886777,0.020108436396834316,0.021954512523531533,0.025086805802562374,0.01807656849980791,0.020431536542070725,0.018337711162433885,0.022944532247319096,0.01970040398366623,0.019419637848180894,0.031420734248722416,0.019852234863737713,0.02230358729903863,0.029807700559565897,0.02072491851042975,0.037731644027238644,0.026839165011730004,0.06922373740927389,0.02492160438418462,0.02606334708034391,0.021813840473819495,0.02382378926383786,0.023651774418213572,0.025953056840859762,0.01887271055647928,0.020595373980526622,0.018667100555808554,0.03351322468471616,0.033693583808619046,0.06506483735935821,0.02996682439843001,0.02277331578414885,0.026137913826740942,0.024785932736041447,0.040779660771609536,0.0213456203908086,0.0,0.020826301295257022,0.01944476071262525,0.020670849001911934,0.02250957488033134,0.020749946740154786,0.07944190385185318,0.060456453695581364,0.08641361100950248,0.022445276815376156,0.024289329395514883,0.020948731878726503,0.020646788785532035,0.01891538441748315
SNX6,0.02291757503505638,0.030873491562301552,0.11219236882818492,0.033901735988976014,0.01889008305938144,0.02480222382928102,0.02447157509860102,0.018132798444321783,0.02386065749270373,0.05327296014556361,0.04906609683775838,0.09741896538306542,0.02320718647971426,0.03682531179071122,0.06115981596855652,0.028001040703750087,0.06310291630465466,0.020249988459121564,0.11478001806117133,0.020610836109962186,0.09366462121038986,0.020549893194790912,0.026122771439123265,0.03098462446744417,0.018255608519629807,0.027652854978060647,0.1145154692874138,0.02938021568822896,0.021004879724475435,0.09104240961631395,0.051640411338085064,0.03386264310035162,0.15307203145472184,0.05037886773530572,0.020327418773430972,0.07277605974832616,0.029929199937139737,0.05619887295680701,0.022610399861039684,0.041180606355912586,0.023206315076171855,0.024986222009748798,0.03194922087173559,0.027848799147968478,0.043250685919534494,0.11008421447637819,0.019093141397209707,0.04737959206212148,0.2196387314005032,0.04394460800017099,0.07617739490226966,0.018375917101919412,0.0275319083475355,0.04210125646364885,0.03564726953700631,0.032984987991030355,0.021855459685693728,0.0438344224042049,0.04091576670480824,0.0311643760212899,0.03281728721793765,0.034304081095771356,0.02142253202698545,0.056979504514331696,0.064012056564316,0.020415194901949475,0.020719448639925305,0.0,0.04341400032197907,0.021926354330062514,0.0605174593254272,0.02951221260108178,0.03265454869293768,0.02231065698485714,0.023570304137682217,0.08591681321456174,0.01830151458239331,0.02579279368981999,0.02758086732721749,0.03241538795661703
SORL1,0.029048607698684874,0.038562630833296065,0.0237842809328774,0.022679042156499952,0.01902989001028866,0.04588155075508313,0.030620872869282202,0.020142224868982914,0.01963227625787502,0.03857364667143199,0.051745912817252104,0.02730326034338271,0.06276292703294321,0.11870367694024643,0.019252241768022104,0.060995878444434354,0.020286787343241037,0.04398669769032833,0.1393166898308944,0.02987817038278444,0.02250073522306877,0.030763837805209894,0.04827853280143389,0.031535138705400784,0.022031249206406565,0.06279587521064056,0.435957899696523,0.04021599208588858,0.03253760104887422,0.04420681761859599,0.08471054395557565,0.02442955908817387,0.018139279527371335,0.0915506743252322,0.019939458756722508,0.0249881269648384,0.05022052029721582,0.04026852094066452,0.03256291695506061,0.20008571654566346,0.04768364832901652,0.08783043735066925,0.053775402243063104,0.029293740898805903,0.04318149191462634,0.08275463553528367,0.08520490391140881,0.024966819584198538,0.03587401576089847,0.024903639744982473,0.1036108410743533,0.06526863754488936,0.02289106364734173,0.18750212745614186,0.026243666889684627,0.07867187508857001,0.043174757116982834,0.12926257228401317,0.020533584707452476,0.048702839779188954,0.020836943474046868,0.032927517645512785,0.025962539085420285,0.0676259968368238,0.05499990366677599,0.024426051054811684,0.019367642683097288,0.04279851538788769,0.0,0.02275977042830224,0.05629747619464928,0.05955346154305154,0.027445370773132423,0.029052869131460397,0.07555260004502773,0.03277766646730808,0.01896304213148906,0.046055267411690075,0.04322394726436191,0.05777610026025387
SORT1,0.029803911904534318,0.0219183134762465,0.02916744536125755,0.025403969476474164,0.02877805827372593,0.03723526714211873,0.02370951648402989,0.019240710829768446,0.01989935796855314,0.026085259222555585,0.01833971319782383,0.02489812636643254,0.032210620730791006,0.03291090303199097,0.02855824661871416,0.027172419160432344,0.018489372603768966,0.018658685208887495,0.029964682288075004,0.05137424041014888,0.018753037029056088,0.018594763563086734,0.025639302550280598,0.02086571966017041,0.0321326526356822,0.030421019704768588,0.02921978568541413,0.02659326436098798,0.020248287755339392,0.02150164010366633,0.02929909719146126,0.020631658522827213,0.03460014264566771,0.025367523757718006,0.018231581600995514,0.01809036485802692,0.018125249287235363,0.023181649510906302,0.02005243102508781,0.021643837663789123,0.022245419783680952,0.025045726913878793,0.022736076366298298,0.04621542193518032,0.023463964204233502,0.024327859157055067,0.02004110431415819,0.02001687421857538,0.0310643734764596,0.01838636650114251,0.03448594052198909,0.02942605895043898,0.029175455073635264,0.023222440151823353,0.03297072117862676,0.04234015139109783,0.027473684806299675,0.03259236563762123,0.03190746499058535,0.0623687524480973,0.0258128048827984,0.031403484525624394,0.025605272233003167,0.02011917328853065,0.019364049897754133,0.027347628708971686,0.02067483141292766,0.02209101487748551,0.02305664693212061,0.0,0.03670410974417696,0.019694199078836908,0.031290871498798035,0.03560525343838314,0.02565708754626414,0.023967371510847154,0.01864434534484807,0.02859378505672162,0.03431682483207568,0.02965317047194043
SREBF2,0.03408349912897075,0.024826921614850506,0.03186159281815658,0.06412361518823707,0.07310199673048491,0.11941607538386478,0.027416770840713655,0.018056496291741504,0.02106272133151681,0.06732282850443293,0.07904186489698257,0.15721839872072085,0.020405429058074888,0.15730728640602956,0.02658420700639747,0.03790809146189882,0.02619881724106163,0.04093841382063056,0.01808738496733153,0.14804178083666256,0.09738464048343118,0.02199841379224947,0.03469665379640417,0.08511358230478795,0.03794710129208838,0.19674676756688877,0.08071855714810416,0.05452402238571547,0.03323270219329877,0.02412781368276755,0.05101840832965297,0.05228819475724514,0.06851840035406807,0.23669661859926897,0.02430020944997928,0.06258526040164304,0.07890771733064189,0.040141074670618386,0.021387214775589025,0.025549181592851095,0.0556715251980856,0.030191222532312843,0.04145788625252808,0.11365247386308451,0.01966549703862403,0.04822631954575205,0.05137396748614416,0.10064083548884223,0.08545135288578708,0.05715273231138136,0.03039790452544838,0.10397992325517738,0.06983706517851584,0.03921343409680823,0.10425283654659837,0.40624054630031936,0.15195941477522965,0.05240928140510668,0.026489379219041098,0.3403832049310922,0.0225861584574104,0.0340648931041776,0.025796148035445752,0.019648754481729824,0.07315396146546863,0.0635144151445753,0.02210203817613106,0.05716284824929018,0.054307081364786944,0.03461651268194702,0.0,0.01884215946088269,0.029502195312958432,0.05307863711180143,0.17444180876681473,0.053804989131096874,0.03512949431875841,0.03881763893979488,0.05738576339504832,0.045875683037838066
SYK,0.018266883535176786,0.02423831790211485,0.024138675977427686,0.026978304143086235,0.02329339931637722,0.01933688357803079,0.02078270812311991,0.02016087537299858,0.018426313249186966,0.03112614728867811,0.033499452226690915,0.033058974407478035,0.04967648858678542,0.038476223399364,0.01989865812451677,0.03043059115497917,0.02135267409126889,0.0294266112106769,0.05003962629570199,0.0279643886917441,0.018512679774995038,0.024084064423375413,0.03475509325974845,0.021156760647615104,0.029515295067095847,0.02438255872188349,0.17055745099584443,0.036314375539432266,0.025832320825996104,0.027987258964879948,0.05890903946979571,0.018039994633822925,0.020531143966738007,0.041710227546582025,0.018559582744901215,0.02502267399372673,0.02794084864384166,0.03486922939068231,0.02545680233417257,0.07605714855455305,0.03305917328136948,0.04730720951340533,0.03496915300067298,0.021256111583502248,0.026113982267198577,0.03805222172751292,0.04408856704857177,0.019911088800315908,0.026563294142474193,0.020718454799110577,0.03871505595208969,0.027848559085489753,0.022282527756866375,0.064844394032722,0.021257055048736987,0.0225011433171573,0.020558173692323104,0.03766154175430629,0.02536814919522349,0.027081602709599955,0.020004886507669174,0.03443166542802425,0.027712997215961016,0.042243131196163665,0.033506201343208,0.020545569614584328,0.02072734897438451,0.029928932029276815,0.06280888794323279,0.0196781252505944,0.01891283300993281,0.0,0.037143413376915416,0.023806246695585356,0.037102368904469,0.024547280778346833,0.019934796045563002,0.02367210616304443,0.02056358427952654,0.02662462896857119
TMED10,0.05056155751536926,0.028873240002445417,0.045560434827967504,0.048355045627912555,0.021896451876186006,0.02568678342357487,0.025739250374709855,0.029618669976914154,0.022725996933364398,0.08067467116646114,0.1306758484708425,0.1164687514575127,0.12118184509198082,0.11670513624883318,0.02730111989170949,0.03713397576745003,0.14361926286096088,0.0748416284503528,0.041814880888106046,0.2848906942595046,0.020501223040692202,0.019133805796235324,0.08516709387724761,0.030810064124002636,0.1425854911077207,0.023026162221018005,0.020728884943337272,0.023092694809611874,0.037655718405655784,0.026186011195133786,0.05920049659223631,0.04214975253040876,0.030666895261781082,0.027089965726090518,0.020280495301407908,0.06377664023142669,0.026208053558536757,0.0814833352578742,0.029132082699369684,0.018962960757357265,0.08681612445435248,0.03298581747467055,0.02327812967824411,0.07441193310260708,0.019757312934112536,0.07799730481859052,0.05245437196753156,0.48539243060332476,0.21897049411386765,0.031345964882968376,0.050486416100933976,0.030788355141560992,0.06939762416628187,0.06250042168066722,0.0331369878762554,0.02905313033923249,0.022782492153586315,0.11447004130369785,0.09470743786710065,0.7756072549394744,0.0720300950553567,0.0273352574183517,0.05605762843538909,0.09275504026843129,0.1242564662475499,0.033639422976280454,0.06768461943715919,0.03115968228784312,0.02671910067209483,0.0294089232129857,0.029033627273988755,0.03445313780364057,0.0,0.5440026523112184,0.7495753666104501,0.020281534820939258,0.045237381279296524,0.03202503963604125,0.03090112643301137,0.020633127100549792
TMED2,0.03339977826431074,0.05114581924414633,0.046626913975728226,0.045059260268590536,0.02873762331615719,0.05888968807198605,0.02709972292590171,0.029003240829932275,0.04130067492847646,0.06736971894611787,0.04996664526113921,0.07104093818262792,0.04287029360299059,0.027858066873015244,0.01804498746432968,0.05827638713572749,0.01922840186139007,0.04343003050870965,0.023797175484899378,0.4048930010104609,0.043762975260293775,0.027302177339066095,0.13273427227391157,0.020206300587266777,0.1218826508330007,0.03821047992050169,0.020224141885358277,0.02808786355788899,0.022149660053561837,0.09195854156327753,0.025686494558338338,0.03445524941920707,0.02169785644546233,0.12283790720937693,0.03688278288220445,0.03456803137391619,0.05031476066813746,0.022883127368254493,0.021585720489291946,0.04861712116016472,0.029423739308010146,0.03402346359923672,0.024605156765609336,0.06230547515988752,0.0336628590141288,0.11865377761982582,0.030772381242483764,0.284660321773233,0.04727918601290687,0.046609045405558935,0.04299611093972086,0.026070774101083088,0.051634438570092735,0.06437834344275087,0.025452934816041,0.0461133481773749,0.08349918355947125,0.16496352136498066,0.062255978503257904,0.772295437133491,0.06044289126049744,0.10300885543502082,0.0781904640408097,0.019273342349429512,0.08291290446825558,0.08648063740979411,0.054225188061858984,0.022030572507857338,0.028463049488323396,0.03343123545866468,0.052457206012813035,0.02324824398581067,0.566849894900629,0.0,0.4194581764996772,0.019239276384324787,0.15133976433355095,0.024856198144099444,0.031411272417046915,0.025225179392427088
TMED9,0.020882194683586687,0.02373517475454247,0.036437001867242226,0.018909203918300456,0.0666898757250076,0.06930178841128908,0.023458182723015145,0.029374030582578495,0.024951710264965586,0.10565604988205189,0.18342373907298923,0.03179974761584562,0.04728383093229999,0.4891264869583174,0.044293698111713665,0.16048907574802354,0.06940486766985593,0.12597837345570986,0.112051663119751,0.05149518191266652,0.05204884987603625,0.020719599899488825,0.2606811556248493,0.07574167150571777,0.06049934725051576,0.08807282956002123,0.04547510775393855,0.0339936672999042,0.03927269953941967,0.02338343712139506,0.018513486233520057,0.021591730297499126,0.04705920535985974,0.021731812350336666,0.020816990550530087,0.03654585440992024,0.018798231588282303,0.031012942821944445,0.02831091929015821,0.02320787763571897,0.0917894753960619,0.04161128595957485,0.02876592921292588,0.5584113952418732,0.022642685730644634,0.0977057589115494,0.08124251084409051,0.7062430901957968,0.18897914524928286,0.07060228651035093,0.23252311117300808,0.17060367017949787,0.018856807186669402,0.21556674192280556,0.08602954083274231,0.1759776532811024,0.04286273388102184,0.03764897213739977,0.05119484349849895,0.18464209906673656,0.05246689995789043,0.01889158094285354,0.04207236231291848,0.05812087596119566,0.19683268917609054,0.019323959999284754,0.06936130730182241,0.022856549902330783,0.06581958161085853,0.024361874537091727,0.15140234038526856,0.03359092338165817,0.7116501457442866,0.36800707424429757,0.0,0.020419644614729972,0.07056221358212975,0.03536850374395179,0.051565752169338175,0.056217036067556354
VDAC1,0.03290672034095472,0.02458649032275203,0.06065889878304903,0.029446850465641192,0.020388789713538937,0.022820303316386875,0.02638907866150813,0.018219440268493772,0.018317034753353556,0.060024979888874376,0.06721782597129865,0.07276085232444211,0.02700649360993274,0.02761810752150862,0.062498259921128146,0.04438506155043983,0.026401495231322576,0.01845946950382851,0.11431830920645837,0.021351920180512945,0.05799532458396098,0.019076208454996815,0.02094340621612728,0.03335060438688373,0.02237536311638591,0.02743955197155641,0.08067827680234076,0.02701549741927002,0.026972468922944432,0.03817916285845243,0.029427481313544734,0.0301127113830224,0.17105216718726263,0.15945151645949468,0.023815663923271935,0.0576019503578854,0.04113307551432082,0.029521351877999376,0.02118812803132727,0.02274034940270011,0.03832350294392373,0.030552379704829186,0.033445380906441384,0.04406408680148218,0.037171170805028755,0.08951610852480561,0.02385855398263683,0.05458850122803924,0.15436787353740963,0.034416671568848534,0.09907212918064974,0.02249708896231566,0.02060141158729035,0.052155420326184414,0.018693719414318126,0.027669246655207445,0.033913933898514215,0.04104728675342308,0.056968138724396405,0.02417583544153029,0.03774138706190108,0.022132416906577454,0.01960645329231948,0.027990567414466115,0.06841471962462997,0.02172438023682177,0.02230182825888153,0.08673495451189007,0.03323263812957799,0.0237600189114965,0.057206187385989975,0.024383908142071604,0.020508695961556966,0.019329045279544297,0.02077420129576774,0.0,0.035677918949351975,0.034627783562222236,0.035546281271304284,0.036642316305998665
VLDLR,0.03962259090963281,0.038216623803094214,0.10124044639177018,0.02694862131769447,0.031795642086825435,0.03356672863714874,0.021862546888460618,0.02284066605395122,0.04841906672747772,0.020757444990140816,0.05393443974425705,0.032001050194869506,0.042182567787119644,0.019096814340914883,0.026411642981999675,0.1418901588595962,0.11787126538855164,0.022842266981316386,0.058042562290754926,0.08411911542922934,0.061247627460182016,0.030039955998758673,0.10698623900282983,0.023397955192846986,0.030103525140016307,0.024471754165274442,0.035914531355561954,0.028814848589271445,0.0289104373472737,0.18329767961645707,0.029198487489027484,0.02084514033413819,0.050757184584783,0.5630052469344818,0.06805759378813371,0.022114610480470167,0.06254774972642498,0.049074685504845096,0.022156931958354442,0.052101911027618936,0.04710230096684144,0.02767020545742677,0.020991298561219295,0.10379401421122456,0.02276007701503518,0.028774668476512697,0.01853643418622615,0.02868510574885901,0.020755064513617534,0.042340211134655956,0.11792012906577296,0.04399684342637471,0.01990945509494748,0.12718920947594603,0.10459900534352512,0.018585211681671574,0.11173737976104949,0.030227877127314208,0.029389574973243692,0.10569404446086518,0.018195871788565434,0.13492777227355868,0.04994786919698087,0.057665264769353915,0.023527302028770992,0.08393824470000957,0.023879256993292648,0.018294357534378018,0.018956860622641108,0.018605428642898193,0.03576298782790771,0.019833447088929416,0.04783126525647694,0.16294430299532764,0.08082337169002976,0.034990803436969364,0.0,0.044458785122500316,0.034206241388854045,0.03133198524765455
VPS26A,0.050433802063325615,0.02145111180146834,0.030521724436517763,0.022058516568806422,0.021586467152644853,0.037749116347785994,0.030650231028214084,0.01818903178291373,0.023216858985355734,0.021525715485781523,0.05060272953479827,0.02188958757899403,0.035383538822980065,0.044019725078413716,0.02964019455381973,0.08007934412162356,0.0508522276913096,0.022955852288731173,0.07670817927584518,0.04170015331812309,0.03218358486785103,0.018876901848259648,0.03008566313664329,0.02109082827481482,0.029810140786591204,0.03995970586320559,0.04884198036487543,0.019324715666069147,0.021582762414362685,0.032540797973405866,0.02346486995199156,0.02391238671770703,0.04291232186602016,0.07233592591402944,0.03052154084300942,0.01808620203117022,0.019668625677087583,0.031753107025503526,0.023120528842274196,0.022883001746570826,0.027810333812260363,0.02119350068362198,0.022110263822640815,0.07973740420932433,0.027521158397032598,0.03764738006695738,0.02464160062699667,0.028902222926849463,0.021957635689039762,0.026325128301639123,0.10144936730493533,0.056411361855433384,0.03700596457207356,0.09218006133389942,0.0757966844983392,0.06581095179231125,0.01883232079297019,0.05972036523267981,0.04172203939231684,0.06909504348288094,0.03058280245740972,0.029727230242582295,0.0195202036734114,0.025542050827772802,0.038580021803172763,0.019448562030162465,0.02089247016105479,0.025960970677372103,0.047574472107844545,0.028344132450943974,0.04092523530558225,0.02360666756612312,0.03401896925211607,0.025518905767051087,0.03907505658569429,0.03489140817177139,0.046133853287103045,0.0,0.05739955961805765,0.05117108591658566
VPS29,0.05374648781647921,0.023377153613666293,0.02035066241910393,0.027248479786018,0.0324264817570791,0.05729381612416664,0.03245984055717678,0.018373529549818645,0.019847927483858316,0.0251828938818589,0.031108121978663958,0.02565737398008761,0.04316642985284232,0.06547221263660769,0.03893871448489023,0.07564505642844552,0.03313908475660041,0.02431917364048486,0.07814438294934911,0.06944123961334474,0.026576828095423614,0.019306119733305177,0.040127536282866014,0.024400144840677943,0.037786689986816606,0.05060822352509889,0.02148084574988506,0.024828998993577253,0.021475775755210095,0.022975997801724168,0.032332852218363704,0.023825784617486932,0.058527583975747755,0.059837766471616434,0.02586455535525333,0.018778203660478304,0.019128314458292436,0.03103999270410402,0.018685407512811152,0.018495055951037936,0.02610396980188785,0.022814898337110937,0.01889268320562077,0.12721875938314883,0.03001339359979363,0.03388484350214365,0.02177759349581916,0.020322751842112775,0.0298009687303024,0.02429450841564766,0.1094384730232548,0.06430575583111336,0.04261137009958366,0.07420637397797956,0.08176273341548723,0.09456423898371684,0.02602057899348273,0.060902461146873366,0.04739929750620497,0.10242005257317675,0.03234185444738022,0.020914698402604962,0.021926997186475516,0.02315077786322547,0.027134495715388538,0.024395118525836552,0.020581537756248054,0.027729066797693033,0.0443401070799329,0.033786442735842366,0.06167852213167877,0.020521110873966335,0.032599284196824264,0.032756245828122525,0.059723585716606825,0.03569569657865864,0.03499751532409183,0.057049120892479425,0.0,0.05705995607092185
VPS35,0.0437911184020547,0.025165428749801808,0.019649597071218827,0.021373767891372256,0.026978049729408704,0.04869551623962409,0.030904284326131216,0.01847839218190914,0.01941239073965686,0.019924078015378207,0.03480663697920251,0.018063596323720028,0.02505732781050456,0.07124348896072089,0.03437431085352178,0.07122121569875424,0.025790839632086827,0.02799089149789619,0.09088865992725938,0.046447630529104285,0.023509253771329022,0.018905940426312103,0.027815632962787634,0.024301638698050528,0.02733645517193677,0.04634376717658323,0.049412681755034715,0.01812041989082629,0.018197744593135688,0.01850317382734375,0.018279008439845,0.022016960789847252,0.04909473220184354,0.036447656377807065,0.02364582713269889,0.022237033281169764,0.019681384954248603,0.02102417301416767,0.020600244713334062,0.0302323413287613,0.019373803203860226,0.020377635802143305,0.021416119054699024,0.08932297959619173,0.03212331763228241,0.04090245919186071,0.029149380100259678,0.02016413616896172,0.02706200175609526,0.02356698599450196,0.10851830804576344,0.060065793034163845,0.03304692355691731,0.09202286060517138,0.05748748371460611,0.07531432524558174,0.025699988809726654,0.06372276132922787,0.03566189911543646,0.062320855865294136,0.028151366048965697,0.019284046341491043,0.01818747030209796,0.021100586006209038,0.031607380435395085,0.022273634093370916,0.018899316094027986,0.03277563472774636,0.06018718350363272,0.029385657596021075,0.04894759600586482,0.026527960487570584,0.020936612158569703,0.025936164007500574,0.06637758824623557,0.036966094771967106,0.03207190331707722,0.05121299489813451,0.05746249000078943,0.0
