,ABCA7,ADAM10,ADAM17,AP1G1,AP2A1,AP2B1,AP3B2,AP4B1,AP4E1,AP4M1,AP4S1,APBA1,APBA2,APOE,APP,ARF6,BACE1,BIN1,CLU,COPA,COPB1,COPB2,COPE,COPG1,COPG2,COPZ1,ECE1,EIF2S1,GGA1,GGA2,GGA3,GORASP1,HSPA5,HSPA9,IDE,ITPR1,ITPR2,LRP1,MAP2K3,MAPK14,MAPKAPK2,MFN2,MIA3,NCSTN,OSBP,PICALM,PLCG2,PLG,PREB,PSEN1,RAB1A,RAB1B,RTN3,RTN4,SAR1A,SAR1B,SEC13,SEC16A,SEC23A,SEC23B,SEC24A,SEC24B,SEC24C,SEC24D,SEC31A,SIGMAR1,SNX4,SNX6,SORL1,SORT1,SREBF2,SYK,TMED10,TMED2,TMED9,VDAC1,VLDLR,VPS26A,VPS29,VPS35
ABCA7,0.0,0.022980849767599863,0.41131587093336813,0.02416133934812775,0.04906397697468904,0.03673954388216778,0.05824892926019834,0.023264686757534507,0.09061898877400242,0.49706838798535685,0.05430199113724864,0.1408928501304487,0.04419050792495598,0.02589187628752492,0.08783496151818249,0.30680520684888646,0.021922357057420894,0.018533867998509233,0.3654657716470534,0.028895867644238342,0.12869695477334805,0.020057385623504207,0.13202109415221894,0.048854409739479104,0.12040597256236073,0.02573422261851695,0.023048879382228164,0.023150729314073398,0.07689238515748051,0.3089868106827283,0.14430079839072907,0.03851835558904452,0.08268718898996111,0.03833558702500269,0.6928422127024537,0.023296639876782585,0.14132362129380716,0.13063969702089082,0.31553004311953703,0.07664327409056873,0.031784518885324894,0.020502080218046934,0.08721064742330625,0.03650291261740045,0.25248110839685495,0.039900112769421556,0.027572072103189838,0.14493126150659588,0.16582555701294888,0.049142607598012755,0.07573994550076907,0.08291139494174463,0.029979620718431153,0.08968000894256783,0.8041054253997626,0.05604758621852465,0.01883939621614548,0.07657399327787012,0.07649861345889432,0.020723992846572874,0.14143578551722566,0.042021799779510344,0.05187617166509523,0.0981073646244326,0.06737576416839275,0.055919165513823504,0.22604396994062373,0.10652993370173337,0.10679588847605243,0.07551589779207667,0.1598581008886742,0.020922741123296656,0.13386056186957743,0.3665654467397102,0.512199096214103,0.1737595162627701,0.4643018711054502,0.054847031391938694,0.12091662748181525,0.023656889810890497
ADAM10,0.023698063483072903,0.0,0.0573774048452102,0.026986943039994004,0.045925482131605,0.20045091704335116,0.5716018235886369,0.10273999118968138,0.09670402638109406,0.02736790915700781,0.02248484171175537,0.05853776078581573,0.2423941570650903,0.06890805190869571,0.034381179845675444,0.14819249454674285,0.019458590188303575,0.9980083283221209,0.018983567267771246,0.03473577798939149,0.027629283449747855,0.023057671099236236,0.03759921233749226,0.07400073989890434,0.02625462096671872,0.056964697089296905,0.07602321574004146,0.0501076857825397,0.2838951689559271,0.23241371962195792,0.04369415618079537,0.05904668759820858,0.03857841318322567,0.044452948813173784,0.5331994299323802,0.03124715110408124,0.04187567806276815,0.14713226198449098,0.026894240970054564,0.07014781219834162,0.05053561398144464,0.04034174911861139,0.24696036026087512,0.03941022835090107,0.05131121115969587,0.21529629138928813,0.031063719128178548,0.22355575612092554,0.24401197257752685,0.01956282892223619,0.085712504360592,0.031681844595023816,0.0762854432328829,0.028077472557485366,0.04098631600728489,0.5527136969170362,0.02610048046319045,0.020155878389678996,0.04363312415145297,0.10565782006341347,0.026015931839541186,0.044557805853940244,0.08824508690685717,0.06963095191177628,0.2303434522120596,0.07246621728651297,0.6259986264778179,0.02832742734433585,0.04585209499463908,0.8595134625605098,0.03733920058420966,0.03411841317750729,0.03966496825832173,0.2720954655754279,0.16183804279241332,0.06158312479724427,0.4081749494011677,0.022006936957363513,0.4093694299942853,0.031619675444680605
ADAM17,0.30304783096938115,0.04427059885024555,0.0,0.07791881762211791,0.024739317967883687,0.04004257264318695,0.022684184810973763,0.15713152667596259,0.37025394628795155,0.03012892878846751,0.13748185555320397,0.039541598273990466,0.033823415070749076,0.02489063629048651,0.03539272300896925,0.0531910156579083,0.06224265357316781,0.17172547221319046,0.036154782544599355,0.02502372674539929,0.02319265635592082,0.2358274020548663,0.09538157326349865,0.03994473327058824,0.6940766214462252,0.042077836452419366,0.01883419313091008,0.05246241080353226,0.018213483644754593,0.039638661606623674,0.6301367051731117,0.045792578403030866,0.24526340546010267,0.07263903057489021,0.028922583989893273,0.048321329167278104,0.20453301975355562,0.39330955635125275,0.08138713376442357,0.027781611937092294,0.6050405200822284,0.18168269454642083,0.04009668053055163,0.3433965563587261,0.13545567014765403,0.01943660275826254,0.05038313903805166,0.02960384979524797,0.039336493105539216,0.05159895496778691,0.36063710503384233,0.024922239136257483,0.049423078415838664,0.1694176076723265,0.02136901480847548,0.043817081595129585,0.031298201635867134,0.01812932028419128,0.2934510783937333,0.032371546981063704,0.02759844203394826,0.0392752082843921,0.01948704712820213,0.14379558606068663,0.041800254219484106,0.14397531898225913,0.16158391185961632,0.0472375077842567,0.03681816510313383,0.20338192202107044,0.02617929037205041,0.1426263985263553,0.06454559598295756,0.05624977501305162,0.10867891438093319,0.03836269787147184,0.07918983319868371,0.053886503946879674,0.034078140745410816,0.06074125565373343
AP1G1,0.025105589251984597,0.027031454056811722,0.11786851645448752,0.0,0.747043653989414,0.3133045097273679,0.08129514354352088,0.14903320794426822,0.03790031165812292,0.02812282852395736,0.30695552565958834,0.04352678004318919,0.05167155423708296,0.021158803644601775,0.10749300449073435,0.3361317618204473,0.02350570564702929,0.14345536488731503,0.052923557625656564,0.35952818585354424,0.11934263049761956,0.019358939659958135,0.16690154070853735,0.03705054653988581,0.0532701977355873,0.04107724879122552,0.08288357020964038,0.03517539034959326,0.02773134419206354,0.03180701290825915,0.0365601750453192,0.047946913465526736,0.3603459562163058,0.05278088407880517,0.02242773841241563,0.07083238452070607,0.02465313720003473,0.07780734538131862,0.040319757444635805,0.02008482696293517,0.027309216574715234,0.018077363047888956,0.6245364096980512,0.13631340768492525,0.029969345386759966,0.025096844953099405,0.09498288210503474,0.10766741964152331,0.3331620503591595,0.03279030774813577,0.34328547166428763,0.025503357432889184,0.039214836119273594,0.18185546544262626,0.8505398618956147,0.020654658564179838,0.15149231694609525,0.057014385086341005,0.038514014676692396,0.14497142009477995,0.15474527855727963,0.041592000295328696,0.033707528109696905,0.0725504957903008,0.11351489637739551,0.018491384854561727,0.06202372066046302,0.11494514959243285,0.0469378192940953,0.022025437635780472,0.07793947104089208,0.22443250827088512,0.17444948675985386,0.031423499090390494,0.1305513497491036,0.059173203415149804,0.02095842300500766,0.025910969348010994,0.19877595527347738,0.9982899086194227
AP2A1,0.06221611765208984,0.050530466012691184,0.028342662795825608,0.8303630299245359,0.0,0.9889434187164402,0.044254806005781314,0.028017807879776674,0.3236767539369458,0.03018730852809066,0.11013235754243651,0.4134765925011036,0.04057022511059261,0.26359257761242966,0.10037665697753317,0.15507892763421052,0.020300439576465046,0.045878106709851,0.05017680203711436,0.048120293029316155,0.0772555539443322,0.06999103498654204,0.03294178599716186,0.05577015977340943,0.09685122350769404,0.14037977653218942,0.022373058922873525,0.022742497755371648,0.024674442360006727,0.035840422367678315,0.09496298760266492,0.13832395120398044,0.09304217738151681,0.029188566193000847,0.3759823678411839,0.09002226682754079,0.04562230222959162,0.13106638394537912,0.03356588251199304,0.027529568395887834,0.029454554660180356,0.2457294642000378,0.08345373570443435,0.08238444246672852,0.018411854122453632,0.08114524889189036,0.05273284772755068,0.022477159381160454,0.05438305619108854,0.043147555894627834,0.30715410475141963,0.06589978432695366,0.04456768286031794,0.02992580489520537,0.22981653525813586,0.022781672455813435,0.03645965020765012,0.40281244622187945,0.09814220705896322,0.04555552550611307,0.16835863282378632,0.058240536292436904,0.168617919083528,0.08432045004998255,0.032351527876117614,0.02283111677666264,0.32818367845389235,0.22304758261909896,0.022626260931714243,0.10410833130673051,0.04098861336827725,0.6188798133794151,0.06629280173915794,0.028970023143555807,0.09239203817682547,0.01930520803302498,0.23005251051549955,0.023097291676638976,0.06500029288014084,0.34448292579913775
AP2B1,0.044020021663017266,0.253702743139893,0.05675041498338658,0.39529612791459157,0.9899458906324968,0.0,0.03200133510069819,0.03342355053386304,0.039104810305283434,0.1767397034116306,0.021404190529598823,0.19616200495496047,0.02939626787123136,0.04076258338043927,0.037074288028766916,0.1831302564563127,0.04064983476734539,0.018631483804041137,0.17545737444702217,0.05356395911386259,0.027421968917190214,0.026423783678863045,0.06911152291280327,0.13354825716212795,0.021483121971671033,0.17706881992688728,0.04821704603919609,0.01981397766099112,0.08395082108945233,0.03361099522783891,0.13933252215563058,0.05060135079994544,0.023205048678692664,0.032534043772168855,0.4234184687059682,0.14445159614327044,0.02687317818513289,0.16365340113228222,0.0665681576440308,0.01865635266037416,0.02952017772671207,0.03616888173497794,0.03484653005084168,0.054118040458021786,0.1256717948974094,0.16296084560200924,0.02181060305052622,0.037971777800781814,0.7884436831941082,0.2998176495905828,0.30312046524218,0.3730276463358138,0.03056101760093632,0.029704913846759443,0.08132675434652517,0.11029714882066263,0.03067965717643022,0.6174503378508557,0.08188550084818316,0.07050116884035436,0.2500185008597287,0.023770312878978118,0.061063256242768316,0.031116343195914716,0.31551241510643074,0.08487875033736499,0.5344083786868721,0.03860994622357314,0.15080192344925988,0.0753575378017166,0.038347696203283266,0.10001228849016464,0.13092052525378686,0.028876113627021128,0.05087515736623235,0.24201210565772027,0.032973171206663585,0.2904494058339097,0.3266679721958559,0.6062640129102169
AP3B2,0.06506379383082302,0.5444535053286067,0.024096730118235727,0.0778762274130852,0.03987200168581297,0.02975362203333685,0.0,0.08008959528619836,0.03226978983778288,0.24288996859000256,0.04690081348449893,0.1107430947373021,0.05993886599229706,0.023415988017315394,0.05541488034234072,0.06720599431621714,0.04645764103248087,0.06740148691253678,0.022072876433780905,0.024142546076565224,0.11514309673008594,0.025950791154596756,0.47776559674442715,0.02399451653917695,0.02257687562009298,0.051609953254270924,0.055541703054854986,0.04660374826604625,0.034408585520961016,0.027029080478132374,0.020179345936671932,0.023954336562856365,0.1146881520695565,0.5110785020184777,0.0731509228851779,0.03412248558439011,0.12520045998533505,0.13716268110645843,0.0328051961783108,0.03220532444799771,0.051315677557606264,0.03395717933617526,0.03690366699952491,0.024501145272646074,0.03449316275900813,0.2681646255521586,0.02061022187748137,0.06221132631610144,0.029861066343381582,0.0289388675156652,0.03768428598426983,0.04164908877629476,0.33312901406923945,0.43187116944708426,0.07020579887013223,0.1321081131378627,0.02255054785749079,0.04721944922679026,0.02739796199030452,0.22704462030188005,0.023772306810627978,0.26752898562909405,0.05348631430224952,0.09077813223107403,0.0802077328231923,0.05640696824703446,0.04729760760856129,0.14078847474436093,0.02173806076299272,0.0243507330626271,0.051329268452067284,0.021660313539659342,0.07153831714046906,0.09943693366568232,0.019039060859050508,0.02212682689295893,0.040841589098801936,0.0524412113758897,0.026566476848007246,0.02208138975168937
AP4B1,0.022990808832436958,0.07965402739737615,0.1891792611390245,0.10960423712584744,0.025285321622085286,0.028813179662485873,0.06633532212163848,0.0,0.1285971473833808,0.03170189962011814,0.4259737536544844,0.07683034031257613,0.02294578376216127,0.018339921569114886,0.41049141897921415,0.057196314809339906,0.019476888945621256,0.06564833020308955,0.15125788214515626,0.3728437004095547,0.2006718981200748,0.02033923586686727,0.054715951329522096,0.03641960530688271,0.09704253916525307,0.1669757484629368,0.14715959587248448,0.047032655835317946,0.10267835819922347,0.18757406231323792,0.05835096103435927,0.06746716913399811,0.1079537057650603,0.025411343212379416,0.027942684542607052,0.02694665151989683,0.08699024833271722,0.06005342856178327,0.028187101120165457,0.023103085940162037,0.028750241095763174,0.09616475933369292,0.032490473101828427,0.021673061991905822,0.06100265613812659,0.026154322802720165,0.0789857915550975,0.08469160597519704,0.05447229040522878,0.1381965098713044,0.1849261090536158,0.20979331180073715,0.7528984145540768,0.02085621534577937,0.05511994847801271,0.1248112404213304,0.022513880253006182,0.16950390098815868,0.023924717256935308,0.032819923280365634,0.12324025855417821,0.03409445773232258,0.039171367006238515,0.06097597107059115,0.02401340137452327,0.5686239121633934,0.018349563834566526,0.05071623141927035,0.09008999602798748,0.047036610126436264,0.062016932480359145,0.04748614131401949,0.14070612969233223,0.0218420674771964,0.028447904044407838,0.06696687282468854,0.10722251695207076,0.025160386918725797,0.027592147305108852,0.05157047098369784
AP4E1,0.0938530608859505,0.08348540988534758,0.5198158813957017,0.035330345342194557,0.2117441294017166,0.03388632420536409,0.03102975231999948,0.14646535342810438,0.0,0.05522634813671105,0.1283599753282573,0.024492983439294527,0.02071081175087181,0.0756684216593027,0.10623686022152505,0.044626554855961745,0.25349263272613515,0.021908626488232618,0.6562646220613558,0.09396418482816489,0.02627000977433527,0.06343055648120087,0.07474915068830223,0.05823607784073158,0.03180172295556997,0.01801858923248181,0.0838992505500635,0.056389746676963906,0.020573892002124537,0.09819868490797153,0.06464050707586738,0.46932878945652035,0.0207333563760177,0.18331232691458835,0.03934239499184853,0.059254553060346556,0.034606074049269055,0.06725048588792322,0.14651603556523696,0.053298769271503475,0.2192066514490045,0.11962627912322342,0.15306034537079832,0.05116829225000704,0.055893683343541785,0.1398313955311887,0.025872320868204114,0.2880382258748547,0.09777999399889654,0.09355865267441031,0.049652247550764694,0.019338930655840223,0.022919034866184178,0.2822439177686444,0.3354145605298827,0.024928883054926243,0.2996877673092378,0.04108948585210202,0.020635441430579625,0.07119480722453359,0.03892238895609907,0.020340101728003768,0.19087302485896074,0.056776750855447373,0.018728525456690227,0.11561742223982203,0.046183350899398234,0.02170370776399333,0.027559138856415206,0.052180721036121126,0.08942439869945061,0.10634406206149445,0.0638619798075622,0.07295989002877624,0.027845975856284816,0.1069027407033592,0.06753427963519326,0.1321493038073178,0.03889964410487438,0.0796844061917555
AP4M1,0.3928739445302231,0.025108748905520076,0.03055889523484119,0.025621557648782618,0.0261200005171141,0.09539117595538103,0.1588287879116045,0.030598447997964406,0.04806844395134886,0.0,0.033591905518219306,0.023812395852347026,0.0544475748950107,0.11781779600090932,0.3795715943361668,0.034319393931594784,0.057829250827894155,0.11243296695648862,0.05306976575357406,0.0196058877309126,0.02625169738782778,0.03522311400910588,0.01909015450382826,0.05730527067904852,0.1571631023255825,0.09607566358527729,0.04378020174619109,0.11284123304653657,0.036764925162764535,0.18086848698365104,0.02943250082884189,0.3435976472054119,0.03319566679889917,0.03341106773076248,0.034559355193713524,0.11092995953021113,0.020571956172007435,0.025192552119590244,0.05787452044394723,0.03483673488261299,0.380963780691898,0.06422512334328835,0.09142030081411162,0.023452838468440564,0.09145866470331694,0.3602032469704337,0.03942988316922584,0.10582117147706213,0.10874746978743298,0.0681190225786099,0.04067814828479266,0.02566243400070269,0.04701534731177758,0.01996893726769848,0.0990498861926723,0.7448526179983885,0.10044777338419102,0.04946638243410332,0.02075915618475431,0.02191185896419334,0.03435752312936576,0.44718354634948243,0.3021507690511708,0.09325721538357795,0.04744245564098493,0.042530299347576066,0.39355465252773264,0.02197481422113732,0.1288377556776898,0.020556098071914282,0.26122070863561997,0.018344655980717915,0.05108249624688748,0.038389453445982276,0.05560192666412693,0.3738598899225146,0.19763683552798167,0.03146174960908176,0.0818760202005069,0.04571363792232021
AP4S1,0.051644869245936476,0.02173172418867769,0.16414777583735313,0.21207043600370964,0.07351698049646284,0.02052563410770782,0.04145724153918435,0.4257642921603933,0.11339717448385134,0.03501234446490534,0.0,0.03942368592335641,0.44273503683098725,0.07046334757212565,0.03338510353304049,0.04643978067556568,0.06091750164329804,0.0390031071027674,0.022425296862763858,0.08944528998097041,0.0810262199138283,0.035590083195692165,0.051315910540716325,0.05758531402097264,0.21184831320041753,0.16076762475562145,0.03811749511227403,0.08090830008224234,0.022735403715657916,0.36786498885721997,0.14313384645578955,0.10944821960666673,0.038044707730244647,0.022886223690507683,0.024319698905834915,0.04009494355218747,0.02094071953252427,0.0938884931179863,0.04628108844153222,0.030402081158386055,0.11406372326323758,0.08207409863747735,0.08134275313872079,0.061995634162610516,0.04980198204337822,0.2768068616944739,0.05520334534949863,0.20992472336413862,0.23909499545058674,0.0241113704511454,0.06344585700620677,0.2974313995993915,0.13017451880411737,0.02001552396182094,0.412225833597232,0.13780853389457762,0.03422062119488402,0.2285719865459325,0.03867998026060305,0.03059520825665057,0.4165054961971028,0.03512115570608644,0.023828935619677524,0.12422968614322229,0.07910754863894427,0.09771989102355262,0.04461839107868379,0.07835934555188344,0.018216733128644805,0.1490921297154261,0.04159967199822566,0.03380014784875365,0.027768282798998786,0.055229962340011374,0.1999816108422265,0.07966044599988556,0.027409915206498516,0.02553097965612279,0.15059585934830919,0.06353431557960146
APBA1,0.16424191869423316,0.05600205734529993,0.047792309476862235,0.04195037914416341,0.30570582010804365,0.1455966722311328,0.10829554146819788,0.09262278734145485,0.024936879736842214,0.025260017955192386,0.04376692796129503,0.0,0.06205478775816039,0.02133794382245437,0.019928953558368646,0.29277104221424155,0.8823739641980619,0.09471326257257014,0.025814157818864043,0.06827511331837724,0.07475146805902314,0.08595061563516472,0.07915687148780479,0.030625137348312615,0.0207683005317139,0.041192492196650804,0.09292716775198538,0.018468721673323234,0.16788963894858788,0.03137234491817174,0.541499821329462,0.16643776170691513,0.04765578032342017,0.019438323762289482,0.07679563134569832,0.019435542340464473,0.057926383275119474,0.07763627061156601,0.03737778797730127,0.022590528919729257,0.05250584871226139,0.02403463040345617,0.048150819619292004,0.06065822435818192,0.14264655228465142,0.037646476120753086,0.018754998984362087,0.0988087185639807,0.384720654553677,0.062090523584279,0.29665992517357265,0.04395919494690938,0.06633343622030641,0.020934639538328456,0.22056543667013614,0.061952318358578805,0.20692088964109806,0.14134536325061636,0.038562833892349734,0.023086469111595898,0.05307775123796133,0.09029731218879344,0.16256441108743785,0.09702326926942881,0.2190644551194303,0.0403330539063128,0.49436335392277475,0.02804865138116508,0.037238685851235125,0.08217027978232154,0.019652332821396102,0.02052149271162834,0.023499078129062847,0.09491969972432657,0.08492518350554372,0.07290836330274321,0.053438098706123247,0.6149774639501432,0.7587168554157843,0.036129182674250096
APBA2,0.0359945681287823,0.1145042201594776,0.031460330938038454,0.037036605827688,0.029825611458255182,0.02431208191141178,0.04207860122267519,0.02189144376441318,0.019999827383741255,0.04678920207847795,0.2770656439950811,0.043631361168490715,0.0,0.5911845220693758,0.1209271915836793,0.1050191141149636,0.0491547489502271,0.019029350051205783,0.04490169994278603,0.06010316136664063,0.05449918503423459,0.043031253517499216,0.03222299436027248,0.04495185688593158,0.026772798619596274,0.029057958661349748,0.23634358454144824,0.1556507345458806,0.10557403848614781,0.05923318978321341,0.5964114179838496,0.04021718732683154,0.2008407543559973,0.03846270226545968,0.06402853561327207,0.020927795338360304,0.04966807112478009,0.02080034114602853,0.1725163381307886,0.8074098950806424,0.04295684464421007,0.10707034550585466,0.18025421012938805,0.15751894080730638,0.02712499512006567,0.040407949260687866,0.24241297249922183,0.16785351706658574,0.6473762490265399,0.04372431959170425,0.048280310941951586,0.02894532962887201,0.028062186734718705,0.02910440207669957,0.04812418604902517,0.06231458395469972,0.11319290506382255,0.03297532686214626,0.12857067722300505,0.02439083652640461,0.056961937445058175,0.03160586856168955,0.050830930169841665,0.0484323703982482,0.02555620823580877,0.25461233240539516,0.022343155815073085,0.033674163191791326,0.049207411824196336,0.02200478980207213,0.062123329753106984,0.05485091366097921,0.17354381509546588,0.4245284880241838,0.054263551498834973,0.22190658788237302,0.0224877722902174,0.06297872308461361,0.01980397597735142,0.044671626648906136
APOE,0.024579149818605733,0.05033555567160211,0.024769742886318377,0.02034364730378266,0.12445725166844,0.03148266109128751,0.022104310292176684,0.018303571635748885,0.06031764079548874,0.10950453093469006,0.06157054461059802,0.020591614943147298,0.7038014539756167,0.0,0.046238478016544,0.03546361340354971,0.13375244323421484,0.06394048662465907,0.7536396010883875,0.025349080390442764,0.08010704692856606,0.04432487767356023,0.07432719092306525,0.06973508047924853,0.02983224635354067,0.038679827987760956,0.07740483707185884,0.030035276166564616,0.022030854725770994,0.10764376142990588,0.019320591805742783,0.04562427275372587,0.021771090567820128,0.14713150407734835,0.07145951213094352,0.02217704468302322,0.41952791731630634,0.020590216428153337,0.04377404466331017,0.042832580803928225,0.021216922516006393,0.04094383415073716,0.06695791912845786,0.04001324954358284,0.023370612631774007,0.021597568893705857,0.04365820112202314,0.04148247722893905,0.025033072005873243,0.15952704462685055,0.0234236669983765,0.05010294412876051,0.11928041763996157,0.02138589649112951,0.039502197973031374,0.5909785987274089,0.044686476039926114,0.020736886240870868,0.0976275261640554,0.1191406327111987,0.038784625240554566,0.025587154907022815,0.035887191021418595,0.23392093105919903,0.030067859522025092,0.12071358773205522,0.020522140454108058,0.02907229494710199,0.023452755680353154,0.28116700933983346,0.04395181742696114,0.08249791216914168,0.23354382008680463,0.043862059022784484,0.026830703843033103,0.022265718794871634,0.025931529774058902,0.030418901290395563,0.046648361703231944,0.04308910338233467
APP,0.07739652739650106,0.03051359566481866,0.03670165746192424,0.07782414815441538,0.06495989232933125,0.030531794946934337,0.04622540335472737,0.3768713958673702,0.0892035634440049,0.4011502304229068,0.03260572679176347,0.0196189423324344,0.16846048474402,0.049352738673226544,0.0,0.10619872514232397,0.024914972644132265,0.09384328945236678,0.029969293209591,0.04159185091329847,0.066833471907379,0.44293785456256507,0.18854147178269173,0.03405445686607825,0.04469551852583499,0.018107132180345247,0.17749865452902058,0.1854695682469401,0.06137421971177988,0.024874977928211785,0.026220644775565117,0.05198110926000126,0.05209816976151004,0.06757211882882669,0.05680244486839619,0.029829938719423812,0.027966546321896053,0.05133800493905516,0.11013265633976817,0.02319284381287916,0.02485984431102225,0.02428049839514647,0.06905624632909188,0.03681359419488196,0.02265009738953115,0.08579159465719703,0.3214843238588333,0.9305708725691344,0.06620263784485565,0.7471471132897187,0.050468581507169055,0.07596410580445684,0.10634802317806367,0.7791298370929977,0.09431172246273131,0.36816462301240055,0.0421575063398356,0.06029949865760874,0.0479639826236742,0.0380581298874861,0.05092106127251626,0.11697679408489617,0.2936509220798102,0.05001592390660006,0.06839496705893605,0.034164460873156034,0.08364875683357494,0.07113623588586085,0.1537456358797527,0.13783857980485015,0.03252759831474984,0.08203353874163193,0.10808215852539732,0.03785527469737939,0.12211889649075922,0.04906393206319806,0.02657907290425223,0.054611036646553944,0.03502146490441079,0.03996210317234486
ARF6,0.27192100506031525,0.10841980410587652,0.05841088186892797,0.22793385834654706,0.0958362309309722,0.10780762708110687,0.05636136534306747,0.05671265424514679,0.04174841434072258,0.03564306780300428,0.046125124994836154,0.21870719715130152,0.15262110360601785,0.03805532843540858,0.11210137710395522,0.0,0.0557054489961866,0.06545811154566178,0.17761805699896582,0.10598185669954688,0.020044562138673217,0.2732339162706661,0.24823139167333053,0.09271135351820269,0.09165108866652436,0.020649671447006576,0.21204112579601644,0.17360169368887257,0.5262417722629104,0.042653196710899996,0.13985485406024584,0.5740651586465515,0.029799469608208947,0.05604172289341033,0.05008535290140586,0.23423782176438507,0.13000845407178394,0.12033398299564553,0.09457814796056185,0.0331325868913499,0.025814626207836866,0.7456076860745054,0.018430595000540395,0.18918544806257806,0.02731052446515087,0.9816094963690186,0.03839975107999882,0.11912401741817427,0.02726338375887079,0.019416077960326343,0.7298626884036014,0.8178681150308758,0.08451986544392977,0.028670502989413763,0.054994431387312366,0.07352477770298832,0.040701504987084525,0.08030349979253637,0.16077405990789723,0.021395006413333376,0.11279316849793833,0.1599452161264243,0.041311972319539265,0.8083117373660371,0.5438535787045746,0.10729942069125867,0.05914311525419044,0.019905849637600285,0.030920228489696482,0.34719972479372857,0.02628208674763819,0.24049625780071668,0.1020782615663498,0.31267585479998056,0.44655864662288786,0.059294591304759246,0.1256530293767031,0.350525186845917,0.32548758311732895,0.05180222196943765
BACE1,0.020637155761771275,0.018880788945552018,0.04869828611731169,0.02120363016714907,0.019245189077624365,0.028287015575090352,0.032903251121538364,0.01905965422117405,0.11733582680472505,0.04476084076307168,0.04396947559140119,0.4645366401526151,0.04463998293099533,0.09344796308647277,0.023024771444680153,0.04140012905352197,0.0,0.02179489139953295,0.5706162664985989,0.02293625366885247,0.027269382483792792,0.01949554103253632,0.02282938006157189,0.12442076070898447,0.022201070084199834,0.019995188923718116,0.04514460951729147,0.07542426906322976,0.02383629793249108,0.3774516111028182,0.02913171610507353,0.026005344414177324,0.027756286668998348,0.018693046430315916,0.17610414635834096,0.020306213324614863,0.01947653257931637,0.028922501159186566,0.2826521599912021,0.026565195481118953,0.049245938144193056,0.17449084534860707,0.05103519881747705,0.02617126188663655,0.3600126424975796,0.08207971598416423,0.0907803516299588,0.02614041801486446,0.018056421437816862,0.07571719267281908,0.19841289659928205,0.042752113957328634,0.04221114266694038,0.03142709361139675,0.13872019361834553,0.048338866268999636,0.116720939040665,0.06471797255721967,0.019159119256416255,0.06491094299326633,0.22850953528826584,0.10588433629443249,0.06923371145102393,0.05208101864793227,0.03883092318307894,0.03128250792827915,0.0281136043530012,0.03088114669406241,0.07844824592212461,0.0742186610861506,0.06688759380195243,0.6919504569070667,0.12095382315370742,0.026281697825608432,0.06375872165953209,0.025916317842487907,0.1436136323666224,0.019680733361216222,0.03940832934160072,0.11533802407827999
BIN1,0.01860269670454138,0.9979688714815116,0.29626163471023775,0.14183648257800144,0.04199391580155809,0.018562040123672113,0.06953555987120998,0.0819412139696618,0.022337821293447187,0.17237395520982285,0.044680751950988716,0.10054030840792662,0.019529679729683568,0.09333712031079779,0.13273060611651502,0.08256872561098255,0.024533595948052777,0.0,0.02578853248761509,0.7148198334879609,0.021690613382349,0.020581243634976848,0.05279566185691812,0.08719500055261108,0.04087490092946147,0.03412601143970299,0.1539821801137894,0.04120242945372708,0.06422847796572931,0.06341039660096952,0.08552721214576493,0.06343646796055363,0.02330176023676454,0.04297096715180248,0.09848838347428508,0.1341586599176042,0.14682273472325338,0.9900192795231827,0.24545531793493722,0.03202853224438938,0.20519941141239464,0.024449781007868637,0.03347474521783393,0.022182349509432753,0.40915153236068746,0.7664872304503658,0.01832791233716266,0.03292295442783171,0.01894371378470092,0.1099196468239657,0.02394077532043814,0.04873226812866173,0.23153327371973856,0.01979208864269352,0.21984484759559234,0.10910276843334567,0.020942138085521964,0.091907114796177,0.032174422242282064,0.08906028269649878,0.15719821820521726,0.0792025075187423,0.02317145715890605,0.022494057748645425,0.019795245706595768,0.15460782677883436,0.04437037189143587,0.9649074111678255,0.17468375237939968,0.49709108200145163,0.021224167535238064,0.05428721129814589,0.05440731153306547,0.02087235480534713,0.27023012950922237,0.05722238740446331,0.08228802611142032,0.03505726464652503,0.018000528332002014,0.023602601830536054
CLU,0.49839584688022265,0.019013013948349262,0.04541545799093853,0.05431325579364409,0.04684880385785824,0.14931487254709908,0.022326116882062607,0.22487088553600895,0.779287444118978,0.07236770580810682,0.023508340614491568,0.026470911879495088,0.07038758259629492,0.9487885845124404,0.034237322800139074,0.272605100851776,0.9587759186157622,0.02607429773093649,0.0,0.19207672052025354,0.02743309817792803,0.1892745309747975,0.029014692461931838,0.2504950961864771,0.056854988873065906,0.029322660888448475,0.6706073717620722,0.0842775656287344,0.1610727359680232,0.045792481978249124,0.021739165260009206,0.021698505561347056,0.6739193823263556,0.029572050732050395,0.1746184301041661,0.02617028866503804,0.4103742452419692,0.0593281605097532,0.04961956194663297,0.0809596177980857,0.0626621946350475,0.48424345557501025,0.0385869674794351,0.038328389985025926,0.04458908157399101,0.04676863858794504,0.020099944352538885,0.019453882609248442,0.04070414146512601,0.16360499014144161,0.02267071401902507,0.09741857943515553,0.03735383435303378,0.02673511288622504,0.020704900238189244,0.02220806872870361,0.8367717637829878,0.4076603472978465,0.041552873504581166,0.042965808061974045,0.21723104621048775,0.02089862149880103,0.15264309612001228,0.03851615498129855,0.09136902489837993,0.03826967014296759,0.02963544216430426,0.026138412961567506,0.39837234511684083,0.08013460614197052,0.13043399625177712,0.31209453165081796,0.02007521838447262,0.029573487353139298,0.09213386598959851,0.42048745785491715,0.031780051594094014,0.4731916817397732,0.24488573527176785,0.329824008881371
COPA,0.027777883180080693,0.030760048866218945,0.0254682530686569,0.22695807725359324,0.0372759496704704,0.04002238760946402,0.023003539507947972,0.34141333378786837,0.07968144002331753,0.01964846661108101,0.08423427703045547,0.05591568720774399,0.07511560284195538,0.02595934081968436,0.04156949978368649,0.10043775682127808,0.024783645131100807,0.5028449608356057,0.1221933670248189,0.0,0.18902960790879578,0.33829778992498594,0.05903070190858581,0.9115186335765944,0.10886797476383692,0.05341658931855349,0.12530133576739902,0.04666300136740677,0.6896909913350512,0.06549228194414991,0.01828229027389185,0.0459051902374238,0.2341872016454899,0.13848708529066625,0.04879092436764318,0.018123232904307514,0.26544202922123783,0.05870977484906791,0.032604999640211935,0.13019855573906564,0.04000207808330219,0.02477376150499043,0.07583886334450379,0.01847006725990815,0.12038683663847195,0.2038376174836051,0.14210749047110122,0.01953620671137715,0.02150187913895762,0.04087417250188857,0.08983916431549473,0.08219152937810746,0.7660500259969856,0.02464597347683267,0.043924711146999716,0.14801909189393828,0.5233966004283994,0.08457991586208866,0.2950885460189521,0.045236113222024185,0.033598053499180075,0.02526627960384754,0.0507144571456528,0.05217416573169469,0.02846147609412391,0.08414203758079436,0.02833097312618734,0.025536949834145735,0.02181840621029929,0.11671053785739988,0.12326626276529044,0.044027185448225405,0.04708615013777192,0.02419559882579644,0.023348185139956824,0.0742857841804643,0.15787865798364387,0.13923876440248817,0.06441817990496515,0.0647416912358376
COPB1,0.15412713810562276,0.027366240498184303,0.024805443474112843,0.11390570148921525,0.06573607179182592,0.02602737648229506,0.11581639902749945,0.2730025118818341,0.027033851899857873,0.028637122230322908,0.1009829011845357,0.0764810495086545,0.08629801126398758,0.11951811147659991,0.08601876613866169,0.020400281774550118,0.034714537761081014,0.02160759722494011,0.026866205957326625,0.27992364325045266,0.0,0.7080305714186194,0.9861775808033442,0.9845695530658976,0.2152566852832068,0.7298169665709994,0.08488935021430168,0.10159628573030197,0.046270233706088515,0.46536980295625013,0.0228011732688959,0.07309606880469444,0.018171543828924032,0.07104848855195003,0.2896653740447524,0.023579639508135884,0.05194137691838384,0.04973710439274651,0.07445079344166844,0.03834559208415958,0.03543617233792964,0.02990210882368392,0.3063583721444087,0.0851910205486002,0.019570112209351124,0.08693031436673622,0.04221473496647159,0.19216904730267,0.603772678799403,0.17513475082942181,0.025070550349706486,0.0334838420072849,0.026545593483193398,0.06656746024906428,0.07696262574433603,0.09046362235715132,0.12025494268325622,0.018221680262316995,0.038450238729714356,0.10572367492864838,0.06326795190834802,0.05718173161366377,0.2495084481275678,0.07316180481765765,0.10523773182328335,0.01976439693855995,0.02868545752714768,0.14605847947584003,0.13557911397292857,0.04930724483761691,0.030769874568576893,0.01832083192492993,0.03905702752643232,0.052532515315392984,0.08729761318359856,0.09627513220288463,0.039384594164085865,0.020620671593214554,0.10127960127033275,0.1036724632376656
COPB2,0.020516421431181577,0.023477902957478525,0.48058824008942796,0.019456733084383396,0.06745358069024451,0.026032768470197004,0.026926806040562495,0.021015137833138523,0.07902697192192498,0.04445506822027867,0.04258736307349731,0.10204881508385093,0.06980607091588636,0.06356901978578919,0.7245936859877828,0.46392353412538223,0.020691245174831837,0.020790007959137522,0.20662346503586457,0.5959033502988478,0.796124341058529,0.0,0.053559990475911826,0.8475721526977504,0.28377176565346085,0.4324922894676075,0.30053543326284005,0.6668163816560483,0.026952010404767787,0.1834382939964599,0.16289814632803912,0.024254725584124094,0.8456775811789236,0.0986610416274368,0.3255181766665636,0.08792852325181516,0.05532059802767869,0.11418685614748803,0.07694325604718803,0.10289476333238998,0.03731120460141362,0.07295658427088084,0.12763314862963263,0.04946412658285209,0.03326145318328699,0.1637626133559204,0.15405634283795003,0.019352479508844233,0.029766159902463715,0.0685669966453944,0.021324267265640916,0.028381517118869083,0.02348108082246877,0.17589774303283137,0.0317746013216132,0.10360188991854995,0.03588499236244544,0.06450511510268196,0.1874118878811067,0.03675980069397859,0.03218085170268481,0.01889718938058993,0.030808097008451007,0.01967694374477949,0.07457156450407794,0.0472032166060752,0.30579408520648593,0.3579253997269257,0.14205226107348323,0.02439058768980737,0.026134864634692556,0.1451860925794557,0.09480460792533187,0.8591030055969268,0.14495693036712726,0.44661161817982226,0.19039992905752662,0.17364600617119372,0.0373480191727693,0.05999542343945591
COPE,0.13192987129160427,0.0346449272115463,0.12044115622763152,0.13187560288381128,0.02928642181416946,0.052808947452286197,0.39274694503510915,0.05764267110953385,0.07245588487177754,0.019225167960111336,0.05391855896754125,0.07094528618934984,0.038297852115235786,0.0931797998997611,0.22612095703630017,0.27961887175628736,0.025343077897042605,0.04698052684384094,0.02718561531107346,0.06556369317928248,0.9709491695983261,0.044514316212874015,0.0,0.5867780770991294,0.06577516525010389,0.37336711342819107,0.20562265165053428,0.037612736395314726,0.04790169619683775,0.05046461797495579,0.026591458088529422,0.0874961493477684,0.031082781318893582,0.04115620895070122,0.06131240148115567,0.042273684196828275,0.01877815040375976,0.07183241638260017,0.01969720838019567,0.037858880876627525,0.020785086594456447,0.24397155708654242,0.024640988689072007,0.40173837985861505,0.07925309104803001,0.2062367244274595,0.14791102567273312,0.14397501792975795,0.02131952967900602,0.13777431309213345,0.10498537527328994,0.046343427148326115,0.1709778092146532,0.04966992698681932,0.3712595000980968,0.12415390178174666,0.09163217287085777,0.4221857783402852,0.0317867123103803,0.07183522557077265,0.2921229573437638,0.046244259747977357,0.06081195128986828,0.020624175537406284,0.05505819183222702,0.06310790132720828,0.01840217744902396,0.03185355385845035,0.10708377681252126,0.029712830999807063,0.037891120874813215,0.024635348969786905,0.07192490583189384,0.12263096368082044,0.16793900745241871,0.02580832326575864,0.29734072917199283,0.018711572049765493,0.03311395039743603,0.03450820474125164
COPG1,0.049113386561447245,0.06390323840040293,0.04515130249921675,0.03423092015464731,0.04509827032401452,0.09145054340716896,0.02342619640183614,0.037818327916915355,0.05711027423317282,0.06595290627540042,0.061238115915232975,0.02949276837114532,0.059166701266394964,0.08737502846847942,0.03619545155423143,0.1020757648885138,0.26246133263251104,0.07431895079584734,0.1855809327762747,0.9501635801151885,0.9692468814856219,0.6808084802972346,0.5928508736903535,0.0,0.04702324418989462,0.04473593926430908,0.1639212289804507,0.3152260859368799,0.17222613048749882,0.38501817963091745,0.019578153378272498,0.22808593600421,0.08865770081835397,0.07390309255558533,0.039565594049168505,0.09850484488723002,0.02753133075131983,0.21113057029338508,0.022559815486152376,0.2369239741263657,0.037983341424459124,0.10982672613764678,0.16431098410074652,0.16894025738133597,0.020139685786666122,0.6393526321813747,0.022228830888448587,0.07633935227569022,0.04280776723934924,0.029506414944938684,0.12070719424095774,0.05138067216756987,0.16164369558209368,0.02520367573077457,0.029609891359335883,0.07484251431163848,0.4692084677375586,0.03360937429239266,0.05075090818189734,0.12167078804158925,0.529797355847754,0.048343468596380605,0.14050408994760016,0.03810548258560266,0.02253745857236019,0.06223885045634424,0.02001641178256388,0.6300839848597812,0.1707355260609145,0.029865938911440446,0.03322719447515169,0.056977921937696296,0.023696246102403812,0.05823953373056566,0.10064985005051193,0.2961855218148959,0.01839703551565691,0.12829554751155026,0.023649389550576733,0.09768554308116298
COPG2,0.14349127576831291,0.02603284228025951,0.8906517108384372,0.051789973351459496,0.08053416393396039,0.021014164578964004,0.02259342602742739,0.1236154993520597,0.033195269699204354,0.24175838884280537,0.2889796419700991,0.02081769459856623,0.03173470982054552,0.034408018466058836,0.05343105018952796,0.11747858241428796,0.025099333763159776,0.04019692579790587,0.05375435984724933,0.15173336999768924,0.2151973157694652,0.23159689353705534,0.07462739576866347,0.05140397471042066,0.0,0.022639296431576486,0.07927415400342389,0.03024552900955732,0.2691723251310611,0.1308031646040138,0.06722117287605876,0.03180895116869652,0.03166156321727721,0.18956028656221105,0.061154817545851954,0.018448358557616208,0.018704721113222682,0.025146199516302228,0.5238633671729703,0.02508048179994074,0.06313614371848195,0.02993949903525777,0.11953898812901129,0.07553426221206225,0.031635718352451145,0.19914316445017544,0.16316153236016886,0.018880934620410104,0.16625566748666545,0.029868950790362437,0.0708506006164427,0.12389751962188421,0.10496582114236234,0.07198652611061564,0.10634860190971687,0.055621842577736086,0.25161385623354265,0.025549724463062775,0.2845166195630616,0.2511380476348174,0.031987991874806866,0.18064228925216422,0.5142661624550384,0.43021686854739977,0.04795473282272026,0.02267696490254438,0.05192686450681051,0.09503847715906284,0.03294319309146756,0.04081396193778525,0.06499067827720495,0.032946220388139776,0.06412958197271384,0.034495098270967674,0.05336067536157333,0.032769893047946023,0.12504273301799765,0.02114199284235081,0.033640338317361074,0.030252165160756978
COPZ1,0.025168236647880732,0.04715235880717161,0.044919172119361604,0.0357360858310203,0.08712687245459447,0.10322252552161391,0.04439964445336872,0.1614049726810365,0.018015892045532337,0.10383587745492102,0.15553640356532797,0.036915419000303915,0.03225012125299727,0.04154399450418137,0.018109879561687046,0.020622581991431358,0.020750204299534558,0.030718072790675295,0.026729786492411704,0.05475845913884632,0.5633020272432839,0.24866726464245817,0.32440518252411116,0.042110248120650805,0.021883407704799393,0.0,0.1432431028993218,0.10899001438952018,0.1155479435653262,0.30987469792935407,0.026645013085354302,0.04473726780081695,0.13110412489833181,0.25948076571068485,0.025642014684590767,0.05552952155472376,0.2519044421189246,0.04858420000820633,0.06622368032628892,0.018116438400694688,0.03696299622726017,0.11758096909534817,0.09670513326987613,0.039890997367481695,0.07702530138640887,0.044467989643638725,0.11330560062096781,0.4676488671634269,0.14914776985110384,0.042450316113788786,0.040894537727419446,0.028784869155801276,0.02244610792939563,0.03430886638938498,0.02048557481565469,0.23396274487000418,0.05416283152134417,0.030069688947900235,0.07000114614250509,0.027180765178912908,0.01988535956043332,0.01848889794069184,0.19221206344202924,0.08328445723951597,0.2833134963798053,0.06868247762733452,0.02546639040966518,0.04637642463177528,0.06419654807490523,0.029661316150793583,0.08868933264946414,0.05476280904941665,0.14186190041871483,0.028876114976065615,0.11161810407533684,0.022166167535920548,0.15021700939455113,0.06823560462769704,0.02655328702407586,0.35582148447874673
ECE1,0.02259915363990435,0.05886732533127375,0.018884718707721626,0.0629510579764517,0.021143507251674087,0.0371482557227195,0.04647662299224972,0.1375441926418488,0.07231050988247836,0.044933552534944445,0.03714207204092383,0.07335153388131205,0.35037058581674585,0.08588033220380499,0.17885439223123278,0.19982078873078582,0.06048734452875346,0.10725288861156025,0.4362746741116575,0.12629810872280336,0.06640028140407335,0.16856359897870418,0.1734256500379428,0.13825597157003316,0.06264817706744287,0.1383026097843942,0.0,0.15009687902666918,0.02526041945685738,0.37383697971628693,0.08957395186757898,0.019081864605651224,0.04769031871710876,0.07915053820556375,0.05637906718617088,0.1035068286009381,0.040817380654546154,0.52709415206169,0.019492042797325797,0.046611035676722354,0.09940608536724754,0.5172830136132668,0.2030283325516386,0.038686727252890525,0.02072424125674763,0.1283067536610279,0.03814876517500363,0.11770776238918734,0.39977380162605664,0.09541760808362258,0.024475812944511424,0.024520112313967703,0.019819728986579233,0.06747182740946367,0.023098813728071797,0.10623925536214204,0.04524388918205075,0.06527680734918842,0.026250740867241027,0.02530435451812449,0.02420175456605579,0.030131871050175032,0.16676196625723633,0.2973464092355085,0.04704454111478005,0.019577275253769226,0.08130771455047049,0.050972242313666705,0.8598882297720535,0.08189317719105879,0.06087903791527769,0.08017759286485152,0.09678430852942868,0.5885965541222333,0.022943979204245093,0.06735418136944209,0.1031151197848021,0.02606483244012904,0.02034115057294345,0.025007138959222932
EIF2S1,0.02369282356097347,0.0486168276918788,0.06842576111359663,0.034390110035240624,0.022105588684285218,0.019564262826978446,0.04640891237337835,0.053900545613295874,0.06079919782676442,0.16350457296715956,0.0995412047246667,0.01847299028121746,0.326917911854481,0.034534470737030316,0.26922935334258835,0.23399381453011817,0.16102850090667456,0.04026388434069689,0.07742723774645928,0.05579922068666281,0.10030570117349343,0.5605493329012666,0.04023104357667402,0.37797861155918533,0.030125811145647798,0.14324131034050175,0.21227492249656385,0.0,0.030896559316174212,0.35323864459254023,0.06232848593844109,0.22304497555444697,0.8278991841740734,0.03769317299319049,0.258397618896094,0.026434324404864144,0.0258762094060727,0.2771851219895923,0.022778098033593503,0.14568608961578622,0.02186470289233344,0.032723429034475594,0.036033979480813154,0.03813491342465919,0.04846939761348238,0.038025350736023325,0.027376328061818587,0.6545409226314669,0.072205675459488,0.344338959819886,0.09167847481049013,0.04413737700208041,0.36719463496989846,0.4570843306853781,0.0362397038406474,0.21007144907338787,0.14866339691576416,0.07451439272814883,0.406669008289352,0.38509376188920563,0.06096583307621834,0.02755412047564551,0.1164343030236086,0.16508042941346857,0.04910273527143773,0.30857901582789066,0.019979878202661238,0.2585391059974645,0.019523066650597443,0.15956830589059062,0.03598128167824476,0.02059540738674706,0.1698242962603278,0.13444700350487476,0.07722575263155637,0.08732741373371149,0.04608681338600508,0.09776293281252917,0.18964832071345786,0.0778207409981316
GGA1,0.06687831262037477,0.1765592234891545,0.018221637175927518,0.02540573107077033,0.02262333231050968,0.054888559661372516,0.030666414159992356,0.0936540487598805,0.020246906711403036,0.036967557499901965,0.02244259028242372,0.11883269324902679,0.13965081744142593,0.022261507808074132,0.06009510159200177,0.4764916934622769,0.025909234646583814,0.0501657375255463,0.10225032684676409,0.6719872748161111,0.03906279600003489,0.024326826232208967,0.043544128697442036,0.13909340065188955,0.17604330128780196,0.10787439007393355,0.025079084436591043,0.028119032459439496,0.0,0.03255024037245035,0.3026927202263914,0.06664118552213547,0.07548515537271354,0.17491353966133255,0.11668839341994423,0.16710519298887314,0.04182775542594944,0.06391909558729099,0.06330054590516221,0.31272858426849476,0.034714396776236375,0.20863659560477824,0.10690068001667834,0.4056762113041614,0.1696942942107457,0.0384349675159755,0.2229060395790494,0.05661205841961308,0.24572554630356058,0.02211454063303882,0.10060987518884724,0.027789355813699793,0.04254153581326811,0.03724403486468742,0.07806386917649454,0.12394896260088671,0.17154551625369657,0.08539675856501132,0.05046940253429816,0.01997876105973606,0.059514387316663045,0.19290643735114685,0.03189661357554642,0.04989340602845176,0.44698319459372354,0.13085380716330497,0.08950108897542772,0.6113673845423993,0.03154808098247847,0.028080756906735078,0.09532645749125067,0.12059225368537287,0.28362351140557146,0.08102910270337113,0.023052233320741775,0.7271541299393981,0.03171134383617143,0.025157610157032394,0.09869608996529987,0.20953278293127406
GGA2,0.2377962408181971,0.14320974172865578,0.040269185768911434,0.028158020710609268,0.029466122876651946,0.027997827746872393,0.025013321631688828,0.16211824344088296,0.07918420027307542,0.1782177745824599,0.3139314553850489,0.028395168598613896,0.07072466435395644,0.11430175775586307,0.024617183568600754,0.0404350932398556,0.6160228863219971,0.048914394653336205,0.036898759957332126,0.06294326709182724,0.29176720173066906,0.10354439280231674,0.04502991704610765,0.2925647199457723,0.090982888260795,0.274399056495204,0.3450788909863196,0.22425221011113186,0.0322663963183739,0.0,0.2660647850989885,0.02414422342498147,0.3254823905088649,0.02724629587960929,0.02162654054272061,0.022429726054463184,0.028614194532131227,0.4562865528634925,0.15209025966700532,0.022617770616725597,0.04385874651169468,0.12191471462546027,0.04594874198441649,0.320951337450904,0.09014585758369582,0.026016542065165734,0.02884100035908587,0.02910974879140105,0.2129693267675814,0.12909904031869568,0.199409049256464,0.10247127693598389,0.07231798547538018,0.11286030725560987,0.06746543196067802,0.24795335798849305,0.021494603529746945,0.057286440990350254,0.019742934571072197,0.05623518187659743,0.10328170592478932,0.14353431253460727,0.02282738555164124,0.16780008990464407,0.40694748202909176,0.07813232597101027,0.07204141047725615,0.042246421353185896,0.26246211448768525,0.0746510323605497,0.020529188339138124,0.029592411590051295,0.07338732097803558,0.04523835001951123,0.07351581338425751,0.018583159001530746,0.05820217822504892,0.15279237991401978,0.022581393623996394,0.052364457218543395
GGA3,0.1706780179209491,0.04248681331933829,0.8428019078446033,0.035648418714872156,0.0780295074941195,0.10807576408820449,0.020164219032494938,0.06865443551024568,0.07009660595360123,0.0327593204912146,0.1863273110551639,0.5483758006486543,0.9020148324931178,0.019700102994914807,0.028140347777734345,0.18443574332384902,0.03822767913094887,0.08175781650630598,0.021497609737253662,0.018338858419796215,0.02274807400928046,0.13377398165983143,0.027540285130863033,0.019717802916186387,0.06639065618929223,0.028388188212803554,0.11821254922121044,0.062173588836564556,0.4574986312418744,0.41731198561246047,0.0,0.04542888823098054,0.07830291486235248,0.06884099775240916,0.05334394428645402,0.0220064158334304,0.15827923006654296,0.021957512437734382,0.19413327759915058,0.471917721558993,0.15467870874816994,0.24941033402137608,0.02847428066224169,0.02559306790485454,0.05931044270794842,0.15113496670488147,0.07445053598030019,0.018943497072375443,0.02787216325538319,0.27204291300269573,0.2262260424426954,0.14120661133756704,0.11034733386621447,0.08427049597330294,0.5485767788576525,0.09014948897445474,0.023550826857307167,0.04143755906374977,0.023482725730814877,0.10315976876190482,0.02037517777336872,0.06568859799788536,0.0641119196759304,0.035642300296921205,0.045489584793976696,0.03170463007512977,0.09171156163029806,0.03764138971555948,0.032982398955514955,0.04218482596226281,0.5959664179578763,0.11184184626100419,0.07591843527122323,0.07944274031820747,0.026768456652876547,0.0252562094409958,0.057058245617937146,0.07264769505599399,0.22185727216475773,0.10724829654602605
GORASP1,0.04282408851815738,0.059985824273492146,0.06087002110767254,0.04838766676891002,0.11849130432730674,0.04608141998455477,0.024231873472010466,0.08654569743895055,0.5807090772666081,0.5696429091881549,0.15159685197975634,0.1851623273575662,0.058839259124816135,0.06168448750243082,0.06689692972554542,0.7651851687926202,0.03290908627929434,0.06465778904753741,0.02163890118057773,0.05747406947162369,0.07682583047551757,0.0238584384406979,0.10810310109925433,0.3007529623308966,0.03248128067458949,0.054296026149633074,0.019354272180040537,0.24524543535219834,0.09309632366418504,0.026255801884424126,0.047422570240110484,0.0,0.053768383168475146,0.0411723170696656,0.03228245662161641,0.13520401331015777,0.05923044062178563,0.7727078539427839,0.2465613357090903,0.7521849678422973,0.3310308018900876,0.10021596576171264,0.023732472669590433,0.051402818337579904,0.029459190116687125,0.6969961354248405,0.04112179335090261,0.03046172274191088,0.13336029516828685,0.028707378856591925,0.19370861379508986,0.18468638423400996,0.08891856643732754,0.031233560484341394,0.6806412701118985,0.026883424421053483,0.039958680591619486,0.03972230601779294,0.5541285252076137,0.038236569917787386,0.1720162538958298,0.06830219458436357,0.08348726807629349,0.048106171212347545,0.06693796266198246,0.019157777633978183,0.18930359558571105,0.02997194012015479,0.14957487765494176,0.05224116697023711,0.022970990726802074,0.35223523526124295,0.4434460483682697,0.5649170684449489,0.06413636413774679,0.11137054395550998,0.022513452460246143,0.024521709838613532,0.10350842269725845,0.20983410905426284
HSPA5,0.0916129411289852,0.03717395524010652,0.3868999040765395,0.31962684782294637,0.0747500847610719,0.022346807973868024,0.10998945419478108,0.13227409663438447,0.020870912131340756,0.037421295959352806,0.04165028052021107,0.047150103960778685,0.41205504057396053,0.022831085042929744,0.0619717961325488,0.03181704329420681,0.03503760157988858,0.02301880070657554,0.5910199785535791,0.32932436766731954,0.018166448375834286,0.741247439277474,0.03230145147050027,0.09778667614969248,0.031181258658702152,0.16901759424181875,0.05571842880937221,0.8116942209704466,0.09763928231277384,0.4865967082477722,0.07636737777977758,0.050310763369234325,0.0,0.7012258370557924,0.22855658307137816,0.03532285303894608,0.02997107211534138,0.4337608535262176,0.05656112815991158,0.02163863678315484,0.03534512891271592,0.08369566900308045,0.9591471265681325,0.033319154042774884,0.0901385071564452,0.057028558649284244,0.2889911629413097,0.05934559989004079,0.03815589361665433,0.03125976366830122,0.1086474613644041,0.03782673729535145,0.026216244333177534,0.03745477361091348,0.05443793710612567,0.024920919098483207,0.2297171389257221,0.025997927679135883,0.03703782746917565,0.28790170897035267,0.0828531625026834,0.02264857540028745,0.047759377770810844,0.11109108941483307,0.04732645818289312,0.09073288622260461,0.1430328971035362,0.03335408485237676,0.020106572824567685,0.11239278418297746,0.0956099603891033,0.12270596242156724,0.058323400946646155,0.17022915835658503,0.019435280329588748,0.27699965938399745,0.06183316124878471,0.5842999560372972,0.03644200026604132,0.06499438291224492
HSPA9,0.03842443616029067,0.04033203105358276,0.08915049258934307,0.04685682369433909,0.0265985976248114,0.028886979991633373,0.42519491365722234,0.025866770253745088,0.17619322214116956,0.03601188483502952,0.023173192310768427,0.019327982128309388,0.04827531837114829,0.20198392271966426,0.07618708818326507,0.059866140856925605,0.019016111825420196,0.03918479129431145,0.02767769251973326,0.16490095881290573,0.06313378332926085,0.0747923241120714,0.04127308643381278,0.07367340877509465,0.15733899656077102,0.30095461578769056,0.08989226353183973,0.03551208576252404,0.21874864540703215,0.028753991001024597,0.06206149549076605,0.037290603487831114,0.633609359589879,0.0,0.8139492422291887,0.027437757995568374,0.4159486265100966,0.032256040324388696,0.08937867225029351,0.024367547441940345,0.09001597286668844,0.8402940282841327,0.04246665300931635,0.07351150241960376,0.04310325643383473,0.15778079186633062,0.09094092214050722,0.02394421396710089,0.144267628826525,0.23114962550842064,0.0274511493098832,0.104014674025747,0.024577088900410854,0.029631784281120892,0.02317714003173715,0.01829781875125404,0.07354082140892872,0.0851290808265392,0.14140493044604904,0.12457815802742075,0.026734429087495456,0.02796526245369247,0.17157009419988783,0.32291794488137926,0.7431692069150599,0.034728252299006925,0.12379988269570855,0.023997195102052737,0.04254911202456191,0.09008820551696965,0.052265505521475984,0.03582168610291705,0.1149882156550075,0.09102594272191888,0.025425071859952283,0.4407007231332911,0.14343777604838642,0.10991240391103672,0.027265939096875136,0.1231966135909326
IDE,0.5415059338995569,0.3052777081452991,0.028857129464669624,0.021299635595668314,0.17266220358729475,0.1888035748980227,0.05482112672253727,0.026831627972693613,0.03492466544335355,0.03386010634662697,0.02365357339894984,0.05786823964906012,0.07466052530014212,0.07245640097316289,0.05333579793188596,0.045946868412260894,0.281541996554717,0.0675929763599158,0.10235536944399307,0.04621155419615629,0.17371011441444428,0.16034789626061074,0.05220280288357856,0.03549759570932756,0.047334855897469726,0.02495485890905937,0.05275011714558173,0.15908730816449704,0.10896720694873427,0.021529147367195998,0.04280561184893033,0.028053198730563524,0.1481436787616552,0.6737447806406982,0.0,0.06278897123794783,0.021442821304056704,0.20612635464406132,0.40561994169477344,0.4745368963773921,0.048129441899910336,0.04000101215473924,0.07183987225413833,0.09614398250572302,0.08168336553893253,0.10199917550993552,0.03802966593476175,0.2301035754779001,0.02166531147220853,0.03430740434884319,0.038171293236519056,0.07977984601775989,0.3428255054858918,0.07189346998347687,0.030788897276799856,0.06080674261879532,0.04323673057207863,0.020256181282502388,0.027734302391195273,0.28030575853403467,0.15559905106878477,0.09603736578140247,0.06396261954122423,0.03996193916711292,0.058440798588746665,0.024252376459373254,0.3948104692634836,0.04580776542536431,0.040236886411026476,0.03398955236993732,0.09620435355150542,0.029020285848761856,0.09769979080512786,0.020891437250732742,0.08632694340793673,0.08637242105050132,0.11074213585554817,0.029075286013889708,0.026065839722327143,0.14822614186375072
ITPR1,0.023733758657783217,0.030440086642881913,0.060474040202561745,0.06614137689954852,0.07276272431590802,0.10858411228445032,0.03363619090573717,0.02832319166014459,0.06265959613909808,0.1546488909043564,0.04422657759528887,0.019421024030729338,0.022210878428754265,0.02337285804675955,0.03247427135236009,0.30754449082187857,0.021689199176104245,0.12318192842505195,0.025453931388584122,0.018146626361296603,0.023415380328274466,0.07406039265353603,0.044931462552455975,0.10953628169554448,0.01843630637460917,0.06497684628913057,0.1352474603201307,0.026250321477419233,0.24030478678737208,0.023481593778571074,0.02193477807588652,0.12073764145770191,0.03535849364687624,0.028241696338788737,0.08365134497003308,0.0,0.03047457886936878,0.08909916469815952,0.03621563525107336,0.24521228088857278,0.02199015801707346,0.03687582549341494,0.12846734211135027,0.5949340046407404,0.03477306738127751,0.020808401844492914,0.04168370233890095,0.04272958495970424,0.04104128484326215,0.48143854107441797,0.04983240174044973,0.10508747773483162,0.19023341846719707,0.0892226861789003,0.19314379602003587,0.02076179443479183,0.019501175089018438,0.030668652490866793,0.03394738581243747,0.055291794339187406,0.16632292289914907,0.31079669226172263,0.03210695648767442,0.038073764162518446,0.061598487790838735,0.06159504795538637,0.18761265760502496,0.09675077343503882,0.02177795964053327,0.032170479430530065,0.26379629981041897,0.02343164365352899,0.28248099898602963,0.032503502153136785,0.23186655067764775,0.03979642969663457,0.2916097554001017,0.0395911698138615,0.042148611655602325,0.12846805925843263
ITPR2,0.13965139488950803,0.03796732668660173,0.2725472588293578,0.023733688767299713,0.03794532173185438,0.024714282326411485,0.10550589366923702,0.0926177038792813,0.03397319265217609,0.02088261563600703,0.021074704424531333,0.05273552851414412,0.0662679665019553,0.5654100988563635,0.02901316226974134,0.14225878814463058,0.020155948883298466,0.11724397205439735,0.29340143947707553,0.3173339919746363,0.04694457184365936,0.04548551832687748,0.018773352124867193,0.02739598806117433,0.01863381429084853,0.2860713565690901,0.04353011735761065,0.025045999140018305,0.04557042974776559,0.03024030671348179,0.13281157092064988,0.05094156549246047,0.02889985441675191,0.407637490982259,0.022006840460666133,0.0293292755610444,0.0,0.05777802131253969,0.06746445285136755,0.6209232195534147,0.20213863753864017,0.4108432248353873,0.020028141939690658,0.06885573338796581,0.04688660259360902,0.04168003470103046,0.06907249634752939,0.18247927430372726,0.027117374091209883,0.042923885024284916,0.049284987231147576,0.038705389568991944,0.08592180326897188,0.022284226985195173,0.041154243741971915,0.24383741429301325,0.05357067818537106,0.2624694053416445,0.10401369999982225,0.05657857484001606,0.034807166446106486,0.06340550688477851,0.029043135537838823,0.0716600308944435,0.02305851350710071,0.053698071015482816,0.05106167769588122,0.01823334388979591,0.18659480979022902,0.025161483020650827,0.23254161915313332,0.09812226187396834,0.10881553963375995,0.0781136577426482,0.02688422289177148,0.1455144224492896,0.7697957775409818,0.06188412966271851,0.06449227236052893,0.09915625687093338
LRP1,0.12063999416981927,0.10967562894741753,0.48082274003934533,0.06255134097393666,0.08495686083903944,0.10003354719017643,0.10763111787403687,0.06026615257456064,0.06190589377146597,0.025794698228353053,0.09436776120864747,0.06585824108799786,0.021549143954778,0.020917475597578096,0.053678305989063035,0.12261061162540882,0.03455606709839414,0.9651135521328719,0.048404688136921586,0.06176866898115648,0.04363750815558828,0.07911678839555582,0.06781711126123711,0.19032085804878354,0.024073046635940107,0.049556507420386496,0.5673064303003733,0.2083058790917275,0.06898991350992843,0.5308993988565704,0.021430288617728253,0.5937682126947404,0.3400254299862896,0.03140324648682763,0.25555476789001014,0.07551316436290414,0.055379172864303154,0.0,0.174898832642078,0.07016950144822057,0.07388920960835463,0.04465335537872582,0.041022001922027373,0.02077634404368256,0.04429730660014354,0.03353715185784982,0.12455476294841607,0.4817961251759724,0.1815784569253742,0.01801846562433313,0.021336087880396752,0.2731574668016478,0.0386330543063368,0.18407448885352984,0.69668452588383,0.8375930769890515,0.025598852327446103,0.047729942259557574,0.019776635437249303,0.3124359797275772,0.022075952547470298,0.057491505041702404,0.023167566197799434,0.4166472323627862,0.04976204912989552,0.019212568650307706,0.09520144947371498,0.027416869461114487,0.9906838383631007,0.03998666664663326,0.13619220136821591,0.0579627888656875,0.1557027587075813,0.057260580069370515,0.038597603858141157,0.522920605269209,0.09053303813059597,0.033811904085436925,0.32444915360095367,0.1003717123784642
MAP2K3,0.2772599380984456,0.025200629360649915,0.09188760607904914,0.03531984610328201,0.028904640371343323,0.048337435537487684,0.030171210114715772,0.02804474876598083,0.12601172099161395,0.061618497279525064,0.04580588748753807,0.034046210286204595,0.26535174998703787,0.04780741625795497,0.11558454917864626,0.09400684806107522,0.541924175724273,0.17003882017064467,0.04120875046396593,0.03317088898822154,0.06110888687556268,0.05641888321209563,0.01959624922682156,0.02224579626033306,0.3798461665610027,0.06670510214654805,0.019530695206834203,0.02205759208771971,0.06703392303021902,0.17149439835982988,0.14551899773830185,0.16555474423459382,0.04948435342498598,0.08153000447716,0.48543072411018223,0.033315009958946644,0.06319099467564884,0.16990279641812894,0.0,0.09341448891191871,0.09379899183120602,0.09024788878929549,0.04264449995651428,0.18409540472031194,0.10458452868821087,0.06420164491647302,0.019945169220726255,0.13054335064712955,0.05451530610130343,0.09077568288409135,0.033753171303047294,0.027320356396854224,0.03483373491529675,0.05387781756574546,0.074361188710877,0.34401293359842383,0.08222961104839599,0.028009347779197256,0.03560254748172647,0.12491844925879106,0.09551662634595114,0.28170823478318735,0.027241498755522883,0.021026141609991385,0.12936165531827237,0.030258851265724068,0.05376366066577885,0.09228404407957133,0.022912190954388373,0.024594659619512398,0.20434311863783425,0.10525397506160232,0.02644597578019151,0.03473593158840962,0.07640739692741097,0.04353884684702707,0.03271322903628172,0.08136199097824019,0.02987042724422521,0.030311741658088892
MAPK14,0.06939280104371266,0.0556303601181543,0.028612683796103298,0.019694255463658345,0.024735059344402253,0.01847926834342572,0.029476390306165598,0.022953597451900315,0.04833800124838885,0.03574760805376027,0.02999629158549513,0.021873728803623853,0.928387196289746,0.046036499897156524,0.023270879744613837,0.032760974004005544,0.030283762636742793,0.029001312825808253,0.060651343373956106,0.13354339946517355,0.03411673877911776,0.06985332226611989,0.03594091871604824,0.20028634379912783,0.02381884148726786,0.018115237824737153,0.04702552670722851,0.10893033145754501,0.33482492282741977,0.022862068000216094,0.33500926605818854,0.5400648847135595,0.021117460761786794,0.023829194821367833,0.5458578032721197,0.18124585123754092,0.5501313361398025,0.06754424184174179,0.09126709739633912,0.0,0.17744641806875963,0.13732698200615792,0.1354983162664106,0.02042527392514542,0.0313409350891156,0.15405029424819286,0.029440161625179918,0.02969812045062558,0.020234352246495016,0.049023879499761655,0.07177808125783079,0.01842588081785153,0.09711264377610734,0.04955677668092851,0.5217137662063716,0.040177942470918736,0.021716005436448343,0.15097308644890187,0.051858812247602776,0.7332917437756902,0.02410724372413952,0.040139634281198315,0.02951670176239682,0.025948849451763324,0.02695416615092072,0.037420629489538344,0.019526753340833897,0.035365211541876024,0.023627769165311015,0.04706973870880835,0.030644274246389207,0.4718103174004597,0.041441305325038036,0.03929114577459832,0.09098803509495627,0.018239413113144805,0.03289535676262323,0.09753406717267868,0.1109547834012875,0.034272988573804335
MAPKAPK2,0.03182820287100727,0.04521269049663328,0.7505923137075793,0.026053773758985797,0.026787560654077367,0.026716579336605026,0.04696139604473122,0.02944078549953726,0.21004230856518644,0.48541787912020057,0.12454153325440692,0.0485771597139581,0.05562362242664132,0.021820515297020483,0.025618554289346857,0.026367235698410263,0.07592422261297285,0.16253480004429813,0.05318366022202052,0.04307640431112734,0.033374745961100995,0.03299228817591179,0.020793517973401694,0.037900787753052924,0.05661186721111224,0.038825395125084455,0.11469466721049877,0.021518033131693096,0.03735898199710383,0.04913203072369497,0.13207405469982209,0.24895580846810508,0.033873053369325105,0.08992450327702282,0.056041831445241656,0.021705461939488913,0.20589005443733174,0.07884578215004187,0.10348837046020826,0.20767832294667748,0.0,0.07079688941470567,0.0366764326133214,0.1941289780397551,0.031429319055994935,0.07061254140107445,0.06542205585706946,0.7953398859974803,0.06147243252582233,0.0645786742516665,0.0814473019719878,0.02215982383353697,0.1844085179204419,0.08139988601855577,0.07345358406503606,0.02670976633250705,0.01845012602164596,0.07000125687730681,0.04205093576198173,0.20214655469175416,0.37956915233619704,0.03444715805158123,0.02132878944011154,0.25932790104500997,0.02156928524415617,0.021762040312949652,0.2117297917966392,0.7837276775068703,0.030782462973065968,0.018816032898225903,0.018675882268775458,0.15533244966395796,0.05241517306036176,0.046212584941169164,0.018404764294006715,0.13115948790209994,0.14638048846607804,0.02907181137672572,0.07252539443979562,0.018610385116890678
MFN2,0.020909932785971343,0.04105912145553184,0.33201485215415955,0.018079004354265744,0.20837098075559216,0.034115774361862326,0.03502187883262563,0.13267272283507597,0.1486267703534623,0.09117889594849923,0.11037813431524096,0.024475836896996978,0.2333919121253329,0.05399750198349755,0.026202268414065654,0.8974302547367146,0.5134070006875943,0.02463060388742468,0.4779195772185903,0.026877596955545303,0.03059738640006677,0.06842279632257642,0.33237276417204614,0.13981208324358782,0.030639465240074184,0.1729687987940927,0.7479154837648752,0.033783953363044524,0.35590003007086957,0.2020883668476189,0.2809748924160161,0.10158773470638433,0.09340619363590971,0.9236679484474195,0.05179472922773417,0.0388449340211809,0.5534262460646671,0.053493431425180565,0.12579636635829353,0.21051025599551215,0.08598374687103585,0.0,0.0348357038025599,0.10530475008468561,0.23668544489601928,0.19234070897328562,0.2819285161190078,0.0388240275933941,0.0441803029563802,0.30307091907972805,0.042397850208799825,0.12575707493847885,0.022613387302856457,0.09895004610305233,0.6359453078367807,0.047922976811994034,0.02087604135058254,0.14815531384415004,0.28100276093434196,0.02759866958204602,0.027218420800189706,0.01915793904151065,0.1119330652024273,0.0575847302423994,0.20957439820512253,0.03886008079257754,0.026054020822916586,0.6278511724114296,0.1918347714671092,0.02413338338390503,0.020611072974842378,0.22944542788395728,0.035961254980490756,0.48362412617833556,0.13025020413419997,0.48641774768733953,0.06744088159282373,0.018770078173205793,0.01874256349138297,0.023769674674351142
MIA3,0.0766685078160014,0.16044078287239022,0.041782515340353675,0.41336819714346823,0.05629565472653095,0.029145395526148053,0.03279268929713597,0.03172407361287122,0.12433922814319283,0.09483963415128722,0.07670385761332736,0.04143800282336334,0.26047860676631346,0.07301195791929255,0.06887409588938556,0.0184155732315536,0.0704123783409491,0.029852680557293582,0.03292152608926455,0.07569405297247547,0.2052643934773729,0.08122516356623781,0.02399544343905494,0.1370789775200142,0.08832527904122862,0.09304753176994315,0.20058577081928114,0.032227416140216014,0.10977878891490256,0.04729027263828892,0.026462060454933482,0.022467091921032002,0.8925600183249897,0.0394200385496589,0.07753022840410183,0.09796678550292366,0.0198585874808868,0.03959274336157075,0.041580270423716766,0.13175122487285695,0.03448827229939644,0.030455362924972203,0.0,0.019502253152422058,0.13716347871921147,0.024747216929701124,0.03623554443923517,0.03987216760554162,0.2670700628756269,0.02738533857922315,0.0360407584647374,0.211313240181954,0.042032519330660545,0.02205285532553575,0.18489791850691437,0.04984835203239051,0.26135372578793237,0.23608363770479043,0.04826422636013784,0.026827764317265815,0.18719027732285026,0.3594802292782179,0.03561081566300969,0.039284128517523664,0.08567830568837312,0.31781327592832037,0.11581862914344285,0.019477332392385974,0.22923813501013762,0.04654501883043162,0.019426522328207598,0.038302722758738666,0.4961650836973842,0.046723281788648666,0.3964968555932893,0.19040817527487613,0.47190071853027565,0.05878391031502061,0.0354050727360811,0.20059947816932425
NCSTN,0.031548228502211915,0.03129614333734744,0.27950900271947043,0.07652521131879335,0.04803318664522237,0.03619423242825355,0.022490181684023655,0.021000091240218517,0.04056094351060722,0.02275788346218931,0.05050387580757597,0.044031661502889605,0.16696195235617542,0.03770416907916236,0.033426749404343925,0.13348864725517523,0.027585725645099687,0.02085406460142335,0.03023283848321054,0.018403809975021078,0.05575594689397966,0.03505665361166008,0.24132050093596905,0.10876442672559597,0.05100770005362347,0.03529983231660101,0.034811325772242885,0.031076971576755694,0.30624227077102145,0.2501513989125071,0.02325016263301849,0.03743744269200713,0.02841352483931285,0.05508972516257539,0.083948401695203,0.31864193719757666,0.052783407313454475,0.02026815490860289,0.13119724091753146,0.020046723046520366,0.12307121775061722,0.06185330408781127,0.019291725472133037,0.0,0.04036847000817442,0.04377495147767459,0.051622555876467274,0.06022277576218161,0.2428798939359281,0.05066202882297868,0.1775777019948081,0.03032804715009567,0.018316242169457157,0.026173486891113158,0.04362102467087179,0.09493323867479554,0.04985801293285725,0.020494098495865164,0.03450272207743277,0.21963963997011401,0.08455917668027887,0.07504026895941038,0.06937935755957252,0.024414507336511005,0.025708439304109043,0.09911006720916546,0.030010133663978512,0.0892459149360343,0.02037705110475213,0.0543071765973285,0.07005667881740255,0.07140087709083033,0.14691899096169603,0.037519217253333154,0.13208768632833542,0.7495258770279973,0.12775310320521416,0.01900190687901261,0.1426988629772737,0.056708109678927796
OSBP,0.2976722556144272,0.049114391579285765,0.2075271023377917,0.02927149144945155,0.018354824042161693,0.09681934708194113,0.03410995439274804,0.07114309777194766,0.05932304127823446,0.1250993889599984,0.05669908786333876,0.14149593192410148,0.03194749632291938,0.024999470577140664,0.023582931308311683,0.028928161577428793,0.7886496445744283,0.373947361195797,0.04190817070638235,0.16326514656119875,0.019536130926700087,0.031147409143341,0.08855725378270247,0.02030439110728722,0.03127464603583471,0.09477372906015073,0.021232173963227814,0.04786458156070641,0.24723144199947258,0.12462354629930182,0.05856576607585226,0.028669272052563314,0.09110407482652179,0.04595724774896806,0.11587691144320102,0.03489642511373974,0.050772808465167386,0.049550557830377075,0.13211533435696277,0.03422959832806218,0.03276665105731928,0.2058847151979427,0.1893097869264392,0.0537228719914676,0.0,0.023350995061777773,0.055388808411288654,0.27050753520666115,0.09700792768975429,0.36280008980677925,0.05302525174402743,0.02395106029246966,0.0835129025411543,0.04813089553058936,0.13865099457997634,0.2538976642185084,0.32650457127997945,0.10186075238663088,0.06073562306696531,0.0246856729760521,0.2629283599022934,0.02396754997308463,0.041159104489515416,0.06375056034803274,0.041693952200624385,0.04000904817217876,0.13643561580968025,0.6379095386473723,0.1662585584678095,0.08737193534000542,0.04831635924194238,0.026341983530269546,0.032593625158239034,0.7682678790991196,0.08334647476025367,0.030051665534991577,0.03822848241714517,0.07070418513101633,0.035444364702255156,0.02678831734782486
PICALM,0.03519889428716914,0.12154035856247912,0.01938692950906014,0.02305086568682855,0.050431139545369305,0.08178782159994082,0.15410115536556468,0.025025576173182944,0.09932843421034908,0.31502128833609483,0.21093865365428163,0.0319711268861478,0.043531037389559796,0.021525689316733664,0.07576364685678671,0.9563555545077856,0.11112344206864277,0.47094730534649887,0.03610881947716724,0.17091223233148065,0.060630589757378776,0.08705393327395931,0.14572369568058194,0.4563721958571402,0.11852180854957618,0.040558425022384,0.10952286885864086,0.03206138463554908,0.03656765007660244,0.025522096978576426,0.09580292103351538,0.3922266593880325,0.04472356773831969,0.11400234464125707,0.09735608648215131,0.020165673445020023,0.03668457105684798,0.031120748185478317,0.05613448790031915,0.12777195540606565,0.05698035458031881,0.10667566579805789,0.024118647748606805,0.046198218693775876,0.022052031903757735,0.0,0.022568514237699927,0.15132825913353898,0.056165688463845585,0.13217980235710935,0.1266146931273628,0.25235581941185875,0.04722932663684167,0.0531377012396474,0.025939739903824862,0.10851198062630596,0.1047771750755579,0.08036717948107398,0.5303667500916132,0.06639702317703312,0.05931800286588508,0.04012464497996156,0.05446284826483931,0.1802019280785808,0.0234843312508791,0.07783186292271686,0.023695826251899584,0.34270669084318206,0.616857900344465,0.11894921138010235,0.3117498792504551,0.03407265695434148,0.22543717575372982,0.4417133033729807,0.04333725086998966,0.059481905837005404,0.031801801606317404,0.022775161317196247,0.10996608723273521,0.2895622418271788
PLCG2,0.02741197825701915,0.029042425789092996,0.05765580565294407,0.0775021417800261,0.04238114450041586,0.020925429198002013,0.020329528566019613,0.08289064986678152,0.0255401066044929,0.04271722534297728,0.05731250007446841,0.01868537724727289,0.41768064273775407,0.04980604567202698,0.3773551814723096,0.039622342392211164,0.1692551832291685,0.018285811724800677,0.019771590621676147,0.16386972166667915,0.038678221427153076,0.10673872847738557,0.14417226617483697,0.022139801636836355,0.13236758558170628,0.1238270065672125,0.04023286944060382,0.026290613736700667,0.2713987628750822,0.03038949356406049,0.06533269595336341,0.03680367972916203,0.24158766883907307,0.08861769659119784,0.0421557985499931,0.039005298896719116,0.0684060631635393,0.1316289739904148,0.02003985700360468,0.030341345368649096,0.0641150259692876,0.2021686541068126,0.03824267221260295,0.06635999533954935,0.050437267375177994,0.023468109681142456,0.0,0.17152004988054328,0.04480481074089628,0.2822789052196451,0.04442495752489951,0.04031138686920243,0.046754720046057706,0.11144120367936666,0.05708273383405736,0.027550387013245876,0.32003440397789745,0.02545848436656448,0.08150215331239474,0.06518946287204298,0.02826790075229634,0.06402485388535001,0.03751952595980828,0.038851070821403856,0.046182400660132565,0.19724864262607583,0.0182994158602312,0.30107859014343974,0.018987817876627965,0.020888299315039296,0.09567770437636855,0.9649283315589618,0.20772406967706528,0.20172415398164995,0.05602814828186069,0.06467383327428416,0.020347671128744995,0.08468778348416946,0.026779768198668643,0.03424873279647414
PLG,0.0865268475453463,0.10039674397852798,0.027470238316044792,0.059057352267125475,0.02053603896415635,0.02795387950594916,0.041746313258308215,0.06031518167576091,0.14613018839974362,0.07882768188942818,0.12688473099269706,0.0584567968904512,0.15488502545422647,0.03701417473146495,0.7878618870677083,0.08014156630390609,0.02676697120676907,0.026789744814904145,0.018908988790191882,0.019225501887984327,0.0928332892155392,0.018809850592307022,0.0861247637431306,0.05249193411715585,0.01858193926419966,0.2785334008455147,0.08266399256879192,0.2967865201297101,0.046219213894285446,0.026861832860089894,0.018629615049692162,0.025313955532897777,0.04121945347657584,0.022207365915733576,0.16552301096388974,0.03272400732027138,0.10510137917928794,0.2751462583660364,0.08686668045933892,0.026808867647940864,0.486706400899807,0.029528540266913057,0.034245964863838664,0.055589738157031665,0.12573887315506868,0.11902565740625334,0.1011784571120294,0.0,0.03758343991375944,0.09835628720091318,0.02086168579665253,0.05994796084550972,0.03815967277860213,0.0509434760494482,0.024729092183771714,0.06563132480475409,0.03508420469888776,0.13371551799626055,0.13466715766343923,0.2159400739510643,0.04805349921600112,0.337496915850273,0.14350287237013637,0.020443572411212453,0.07606984925370941,0.133918456946862,0.24486067157560729,0.2336143596245116,0.03215954752111175,0.076902012477866,0.01955300070038984,0.12790593790481966,0.030803801065038983,0.046204982089513354,0.10951332826617612,0.019247143562742687,0.05124550077956818,0.021861711028076738,0.04284925410507173,0.020654924633567724
PREB,0.12325450022683235,0.1392304328818622,0.038813850926592945,0.18239406493443236,0.03867691671565579,0.40489594503219306,0.02671377138381366,0.04865260418855694,0.07485923455400899,0.10096307793038091,0.18961337896205208,0.2292510936546989,0.7538925759729324,0.025014160842529012,0.06074707889107988,0.026188307164698433,0.018072680950060333,0.018710098321578075,0.032926860783795205,0.021245738576592375,0.36204756012106315,0.025705881663938557,0.020801220314792465,0.037648566717885634,0.10474790438981937,0.12551998547634702,0.340123349892649,0.05377658457131511,0.2194789002524091,0.19683610709492888,0.025369518919546863,0.08273100341342368,0.032832923175524685,0.10825803761818777,0.021614811414082072,0.03477855608106437,0.025610155761182266,0.1453327069840644,0.04923568745859219,0.02004471783101026,0.051489598140553934,0.03514811603760322,0.2302740917532982,0.28674905400997647,0.06931725748383084,0.05718976485085603,0.03973140837926612,0.042138509047544966,0.0,0.18167766488174225,0.02329886360139825,0.1984076307923514,0.04200706252649808,0.03776423891952782,0.34020197924612905,0.13236095854036395,0.02394236846682754,0.09657700741492327,0.02193448284198485,0.021293199646224274,0.14245487132439238,0.1435165466830806,0.03613018152083097,0.05653070371137451,0.027587177737913506,0.023372264628345452,0.02783684055606079,0.1280051617330849,0.02433573849978512,0.08351134673986081,0.22534199354980267,0.06036671875975624,0.23747751717808038,0.026888425641534076,0.031178602950475084,0.2614149420994178,0.02756219365502618,0.04815927828105263,0.0589963578098375,0.09515557333362575
PSEN1,0.03355007720837031,0.018833310706783294,0.038109511002217544,0.0249830145072395,0.027837615407346368,0.0791291263542973,0.023512018254017046,0.06926860877266286,0.0493596350133957,0.04541029903417099,0.021742037963377044,0.03667258537068355,0.036723270566480525,0.08967487664330558,0.35830605705673213,0.018904956330665825,0.06475957844673781,0.0495903611386285,0.060681144669740034,0.03131190692054507,0.06737829009634969,0.03591127305046089,0.065109659947479,0.024380434272160738,0.023914246392686307,0.03170903331112144,0.05585825236152152,0.1085472405291174,0.020719926065652098,0.07259539420298845,0.09160253640302858,0.023168429824987884,0.024749257757199692,0.09274360920010287,0.028519843086532798,0.14893967676541356,0.03093331410845016,0.01800698439780965,0.052569445126261515,0.035112480276570636,0.039767848135275105,0.09084163082770966,0.023884804741926835,0.04038882267687391,0.11560555427991617,0.0796129625750989,0.1107193006751472,0.07511330581996116,0.09968633861871037,0.0,0.06894136030657716,0.04157092014403745,0.03680038888234675,0.034038964737103106,0.036636998300698095,0.24890632798306253,0.017987299389657766,0.07371866334575587,0.02684742608177708,0.17768891368446615,0.07865682160801514,0.02729948406043286,0.09537185512415858,0.11400692994348013,0.055670368069304435,0.02824584734709961,0.296805887664565,0.2120838270391655,0.029230877754585362,0.03668678399596341,0.05454502084204464,0.04697659268938787,0.041250583460282576,0.11114136617777169,0.04177148452124751,0.054095977975782104,0.0610690332196002,0.03137285897327463,0.13251905094850014,0.07204531317809247
RAB1A,0.08428484931139614,0.08038554583920396,0.5612511812193851,0.30888378558948165,0.22494534859352222,0.21682181879328324,0.03720141617317439,0.23921502087810917,0.052367246899677665,0.047972245015172,0.07432510528218882,0.2936593335857227,0.07090136771975943,0.025068114615618045,0.060201080489829854,0.8434627679060124,0.5102517293739551,0.02366249220062856,0.022309291651079182,0.11719902599400879,0.024897603379959745,0.020936705019889586,0.11938479049751427,0.13690983497019393,0.06892268642899534,0.046134577339242366,0.025792535018119938,0.08981761948312637,0.1376062653043247,0.30352711993175935,0.22085104186680296,0.17228664030686333,0.10986811577510955,0.028321225906977873,0.04576471698319013,0.05008709730980304,0.05356521670850406,0.021800314740585598,0.036888714883683595,0.08870906667155694,0.09073726265097808,0.040177542264413696,0.040711550547342955,0.34425885523528976,0.05300722862374714,0.20595921659281513,0.048230246862028335,0.022328244585230587,0.024919072438762957,0.17394704405474484,0.0,0.9420504490855661,0.06665608842152788,0.044386512470751045,0.8383822027958003,0.16541746174649824,0.05531782490409881,0.03537177512434498,0.16246499348015433,0.022143786600443006,0.06110569566999984,0.057245393025326934,0.0953317905634041,0.042883133980856455,0.029992756736451038,0.2866744863034991,0.8373275154219268,0.13242104762948567,0.13638105713889648,0.05235698304639133,0.019793142925700166,0.07731493558882056,0.045930149611215026,0.23192837433154417,0.21005380675478172,0.2548339384043323,0.053490146086246554,0.0657294359352456,0.10856010158203502,0.030737812288395967
RAB1B,0.09921309039996697,0.03164823312446467,0.027398885380458763,0.025450663615371287,0.058377080023728926,0.2915210179364521,0.04249923253853597,0.29939395038274186,0.01947760183697175,0.028104713209610766,0.4256425512844385,0.045452998651101466,0.03596528717072781,0.06833061462322206,0.10340753361595498,0.9262535925715579,0.0719299354321637,0.04873392101960839,0.09287338311877433,0.11366758269942039,0.03391930627686592,0.02749763240822004,0.05199824583752222,0.05796522680512195,0.12865827301763735,0.03157722496135501,0.02624954357419459,0.04528339262975747,0.030924984009176298,0.15673495334669676,0.14969956477519725,0.17896002541640155,0.03923287346702568,0.12659102615459214,0.12112700423735262,0.1137972451563658,0.042726218080075686,0.38900464948149005,0.02958279111756165,0.01851930124345269,0.022724745289666188,0.12053113973438831,0.3306208292620602,0.037650579545356784,0.02424314344902989,0.47330866356318885,0.04502890986500912,0.10892319906112277,0.35963737441175314,0.08103382103903004,0.956019089074834,0.0,0.03711064193879554,0.161753267260016,0.14825398515267837,0.13627033058599064,0.2212325633188762,0.08125298260045521,0.05574399767750991,0.6780109485234705,0.02488081404346817,0.039055731832929305,0.23384016646190448,0.027351659436948724,0.2256201501091406,0.036729423555462555,0.21088296622413275,0.12847148931330823,0.6702002673183147,0.20719677573922674,0.03284192333096544,0.03002369312884331,0.06497120125927841,0.6093690611027394,0.1270999682648193,0.05391647315489733,0.03375029527211215,0.5357790369497346,0.11378309279280949,0.045571777339894405
RTN3,0.029166702142727766,0.06096042381362065,0.05389296822119005,0.03457283556838424,0.03596807701358289,0.026822109396335603,0.24062605682051558,0.7448310527643789,0.022505913568487548,0.04966925123965083,0.12824623259611395,0.05648901369944607,0.03105749551989226,0.1429543859312459,0.11209445183815096,0.08441029443906273,0.057119053559521314,0.1620972588808174,0.032708690410010385,0.7946744190552597,0.025137435884618246,0.022164533578083463,0.15330024935247563,0.14363288037146005,0.08286532089468303,0.02248943362220562,0.019873061525115684,0.2676298121244094,0.04438604063002112,0.07899256628596941,0.08788538125218816,0.0682930177229595,0.025095604449598023,0.024144543550294845,0.4157862433900911,0.14818720595276463,0.07993637109468248,0.03830273731210376,0.034901705259275655,0.0999552891995036,0.16402222696514954,0.02171212764766763,0.04323281812439743,0.01838091988888696,0.06964988372939816,0.0531378339739225,0.044987198624450164,0.04697464876653115,0.04591775091200785,0.05356851553659607,0.05702619591790354,0.03312576269881461,0.0,0.9955221426888498,0.4949880216386685,0.01930654408570231,0.08306868335781349,0.03634049333289268,0.01856696020388114,0.04394091184893021,0.13782581847150316,0.18969648811475437,0.06136571832857638,0.08303555980049683,0.03238316985336414,0.02306707582509056,0.2367012621671305,0.02666362514363985,0.1755243207460315,0.046487631048959956,0.040144792307669146,0.039893508336412094,0.028546971094903,0.028859868612449633,0.03247757333984287,0.02059248746534872,0.3075374579365642,0.05526764709006351,0.03498447552844938,0.1064021803884793
RTN4,0.07865804867969801,0.02583954685068654,0.18775891709742926,0.1213547485416101,0.02618106064987457,0.025931071009121738,0.2906241201085636,0.020730673307376525,0.22151155115097035,0.020018227398377893,0.019928888046212845,0.020448932102475482,0.03185980353012562,0.021638575986341325,0.7771392634057557,0.028227681525363604,0.03745448082673938,0.01944370105727811,0.024607103060181504,0.02463404262569893,0.05365780130035354,0.10526749402257819,0.04563891079343264,0.0244524487629313,0.057328425047962386,0.03377972494234572,0.06696163193273667,0.311565676355976,0.03766739204395957,0.11902797383103943,0.06631820016060407,0.028014113916396372,0.033700795078066455,0.02836647128502544,0.07757311572356934,0.07116049881151039,0.021909591761585114,0.1681544234786874,0.05217785440535652,0.04881121534328709,0.07168207092242573,0.07070271784368787,0.02205211985598583,0.027730299144908935,0.0415644736109319,0.05830916378002301,0.09837873140350432,0.06489450412307786,0.03976388867110651,0.04614642252997334,0.03879570717561016,0.110787939919081,0.9939182295615882,0.0,0.028331054938530865,0.28185665150303846,0.22632386569769494,0.036720407806980986,0.2067202202576234,0.3590687354168403,0.038151189380961965,0.0929463663049136,0.1310749633634341,0.23694293524198734,0.02793175399407388,0.03401925301836291,0.09263824441919476,0.04953501392400347,0.05569099353843609,0.03843240492783215,0.25355861775047606,0.024782805939323766,0.0366577248159612,0.03869011760306795,0.026225385084783764,0.05253363207843167,0.04082362755268753,0.31028492991751555,0.03833477114595273,0.10680327051051085
SAR1A,0.6987067334530405,0.034664786662491794,0.021473851442530018,0.6321064918375054,0.12011121291455025,0.05321886065262597,0.05494621722611348,0.05148331072911065,0.24977560996613674,0.09917288922306067,0.3587398116333066,0.1495825179714226,0.056289723302045895,0.04087989353055588,0.09074455495402849,0.051774672490596606,0.23163873803273735,0.13895875642770072,0.020052642639993054,0.043014168938670605,0.059069973103259364,0.027435163554028353,0.2906798060214099,0.028034388474899714,0.077357430434179,0.02036334975166775,0.022937448317266296,0.03196052069468081,0.07730151840569624,0.06816493389165532,0.36432969500566786,0.43257628719587066,0.04552143224028592,0.022551049932040785,0.031342652253372884,0.13523354776714316,0.03792742556661984,0.6265088193682947,0.06928864009330597,0.4837208258370056,0.06341303417334425,0.38771029858049466,0.17652906935617316,0.04880651281320706,0.10007992485088414,0.026547770076393737,0.051380282228415834,0.02644148755442401,0.37589564116319213,0.05022525077473857,0.6653176169208411,0.09907253932769575,0.4412316216692425,0.028046964727505848,0.0,0.34386181760026,0.19749913280696502,0.12476536843364414,0.033385167080543295,0.40926076941460743,0.036164138933866385,0.9851987101245974,0.048549141116114886,0.02260532641315495,0.4900487334818134,0.5185286329509695,0.026764243653119506,0.035264053271075575,0.024752673598341005,0.024333613683023142,0.03588800414024255,0.06963603873593542,0.30839432968433506,0.06859141678907829,0.0390098002064582,0.1815513564701601,0.034415309831144845,0.09825292896802804,0.053361717460233694,0.01858271206276607
SAR1B,0.05118834761920392,0.36268299683782257,0.046023066760842835,0.020126614137545,0.02142175421658886,0.06898262988974696,0.09737230540050253,0.11674115639741019,0.024115565682696266,0.7705799373901259,0.12860217565295035,0.051576435217102964,0.07863137719199165,0.6644994514310708,0.36958254933512724,0.07060851203708533,0.06595535317596596,0.07967588339987859,0.021261715239271974,0.1487047503614678,0.06992370365127788,0.06919402308329338,0.10719830393095542,0.06642687356329068,0.04630780947086039,0.22382163739410166,0.1058871214092014,0.14811426690985727,0.12839546900083587,0.2673717699765398,0.07063134536704001,0.024863675591418666,0.023797219130627826,0.018271344223725672,0.06537037359426011,0.020339921874634806,0.20607973080795597,0.8045836004427779,0.32460436343008436,0.03981806923819169,0.025843885592354454,0.03942933574154931,0.05003790921519015,0.12167618358639196,0.1809456534383375,0.12658261494583073,0.02675864805839514,0.08882037091764602,0.15161941506689333,0.5780868082816955,0.1223981916217868,0.0962382348996503,0.019267091897375924,0.2843202097749401,0.36446643538626006,0.0,0.03088096245332288,0.08945390022437033,0.03415073264310556,0.05493078770894061,0.22286077996959963,0.024436160789756488,0.025393395525406808,0.026991624225408496,0.06946554437809335,0.09685902645973676,0.11213700498984404,0.10581483907633056,0.018238297330560062,0.790225839522099,0.03739164634972465,0.019697113343831445,0.04076776998681734,0.09388269871847582,0.07465740434984229,0.11670815131535493,0.5141570224220593,0.0269512158317596,0.026082576859817894,0.12912560337268153
SEC13,0.018857255975694896,0.025210301500972872,0.03442149530539106,0.1251669451458803,0.032164464907848654,0.027763825638052173,0.022198765895258366,0.02286866705335708,0.2981703416533658,0.12607528591296588,0.03578205132393647,0.1830390128620247,0.19396161197110828,0.05299515257588068,0.046341609300133556,0.043335657049750065,0.2505791421252958,0.020652000864542074,0.7240356406328264,0.6361974891543261,0.10561515136820317,0.032266561405800184,0.094634799010743,0.4836961154189138,0.21391198711108272,0.05955572654901679,0.04992608929112832,0.13092487823238486,0.22228111225738864,0.022075651118774985,0.02315181876825826,0.036758462216086134,0.20746991740617904,0.07528874140895905,0.05043740182234173,0.019425444104219914,0.05513241738741343,0.026205041101650704,0.09261441652089415,0.022121439208651155,0.01845857382392786,0.020527422279517638,0.33228515065722547,0.06634561788211146,0.28933909112354106,0.1481042111192372,0.34497833221841756,0.04511057666666507,0.02530259842981773,0.017988013610437493,0.0521867041822594,0.18089443838795477,0.09319079050616465,0.2870987983901771,0.2618919110945225,0.03277396972143953,0.0,0.07078887954925016,0.09248993757521429,0.04707435437353691,0.12358087376615745,0.028513946320753828,0.059922788507381614,0.13398058497394044,0.5956715154166021,0.05874830876131791,0.14855268919228073,0.14542303951962374,0.02084128186095428,0.25086844968923183,0.03037950842943778,0.0835800259477561,0.021809271685450084,0.03451434355859569,0.06674218424013174,0.10079453843887927,0.027658040472080366,0.39810050172901135,0.11501928821980766,0.03851114175890097
SEC16A,0.06921757051808117,0.019756675155570814,0.01813892199395289,0.04654336896667493,0.21290295454978772,0.3332582660371386,0.040778631670373516,0.1604549440254432,0.03809099757808892,0.051371094969478955,0.21557818970427592,0.10737155062977985,0.03731645636202636,0.02098320578765177,0.061153668950075075,0.07803989097503487,0.09764600918953092,0.06988960950070223,0.25073857028104773,0.08617248017128071,0.018184530004877852,0.04826143265605335,0.359294471742233,0.03203986652803579,0.024185838043226493,0.029909506047149145,0.06594636258586511,0.060548436073438974,0.08930402108015895,0.0603164209582252,0.036657130022559756,0.034304717498859036,0.024757349012381434,0.07610268771152534,0.020429947185890057,0.028556552908399573,0.2262312205611327,0.04636817779643698,0.02781136688275582,0.1505982748455339,0.06345880904336906,0.10110519653290329,0.24329307947540302,0.020956483478142916,0.08087690350868008,0.0931272165320024,0.024941723562707945,0.21049989008456385,0.11057874727226052,0.14325261674455445,0.0322250717492495,0.0629846622380528,0.03586243657909969,0.037089499187748065,0.13336696592723496,0.09085455173509605,0.06273981688135416,0.0,0.045066666031075855,0.08367061303822332,0.02231497202459985,0.06988191061824907,0.13612663706776462,0.12087339565129633,0.4974444414709367,0.02104035958742683,0.431917385469765,0.23835562761152027,0.025095183819322596,0.1409869116174784,0.0981161662457674,0.11905518618008185,0.07295025670315963,0.03522653654153589,0.03663440250358386,0.07137413906181984,0.06701521364249562,0.030559732105163273,0.03129894019722487,0.17100024459887742
SEC23A,0.07112824602951755,0.03799671309311183,0.3547704959301203,0.034099769485331506,0.06655892387269623,0.0569979818541596,0.025882422473801306,0.02388243098556925,0.020429162829599466,0.0209398755650599,0.03850506729535703,0.03510749151235941,0.19325515131172663,0.11561089744316937,0.04955117479878705,0.16118902830608428,0.01960602792768605,0.029395048863822333,0.035751894312243106,0.31802746169255647,0.03464045275503159,0.11794005854006878,0.030870815907067382,0.047880928338083904,0.20608166934910904,0.07101368574429398,0.02654836738600487,0.29826271957348693,0.053211102108633376,0.019868814198597727,0.022683852075914918,0.3783241608843915,0.03412506800908507,0.1273640970287191,0.02889376261843125,0.03155794113422576,0.09635010443042707,0.0197593861566105,0.0357272007764976,0.052962013946916006,0.04017752966707919,0.18561176872909452,0.04997282458160158,0.0391560022556414,0.052617108772019305,0.6559873942032941,0.07702304768176106,0.2220950522421539,0.022413309309007798,0.03324516430186782,0.12742875181105037,0.04685680636571225,0.01856825004036706,0.22287808038930848,0.03462969982113154,0.034852015633164035,0.08274671628312436,0.04595559593037609,0.0,0.04612798923992185,0.037777334555719806,0.37386559460383617,0.9853787801313587,0.05979302981815663,0.04331006117658383,0.02418011327006587,0.01864559382245457,0.08504258046357725,0.1993614532912466,0.02737723688922291,0.026128787288650614,0.6267154889228073,0.02172811704565641,0.4763069102793877,0.1050027496702791,0.07880753130712313,0.04163576976057047,0.030433509883078726,0.04539399297976066,0.20733537586382234
SEC23B,0.020320639816658,0.0708209233688581,0.032184566812433854,0.09073262211234703,0.03434547779908844,0.04624705868666843,0.13924883141052558,0.030969010729383697,0.057606391520549444,0.0217544802061519,0.029067475152066573,0.021939633526822416,0.025290977574687977,0.12023240816677601,0.0363788349187599,0.02106250424634801,0.08726403753568318,0.062009213285749515,0.034443729272221675,0.04282637455320414,0.073038078666388,0.029983847901094828,0.05960657219125974,0.0938877437881362,0.15124648627417495,0.026283663257207532,0.02475635949652688,0.22886682349573792,0.019886675424476148,0.05441225365916558,0.07255606680138227,0.031825112613692204,0.18082433438347367,0.09621735464101393,0.277132847878925,0.044494957118386615,0.048700442058361555,0.2479255266752708,0.10668420184300725,0.6558502493390601,0.14889494066394457,0.024789673938024136,0.026205589555563506,0.2630335138406217,0.02316691863226978,0.06843288529393439,0.0555802250806726,0.301653429252878,0.021320104305438153,0.36534961725548526,0.021239445899313713,0.4099972252349487,0.04060516684907386,0.31420603410746045,0.37692482279757566,0.05130146482863613,0.04059216737121064,0.07522489817615334,0.042369671056970246,0.0,0.04628183585166412,0.03140356327555042,0.03771401933936699,0.16610694026157505,0.09129186665650652,0.02666870081399487,0.018205344686977397,0.09666606362317992,0.11561218269635852,0.018923862859313162,0.04701942675151524,0.08569849192386145,0.021986987856639634,0.038891271621366956,0.023024720669515532,0.09739882788930791,0.0942528373692366,0.07156783116255479,0.021453999057957484,0.018110088987303406
SEC24A,0.09525231405686405,0.023358555863152268,0.026621358836340207,0.08482696183855802,0.07865965941829163,0.10322139236422348,0.022026034868324197,0.0912077146916245,0.03285300466860781,0.03203075477012966,0.2805116114532898,0.04002782041790518,0.05924943169128538,0.0367581276054902,0.044500388206370714,0.08544619680564151,0.3082468234064036,0.0866264766028875,0.10608350427288692,0.03097416172455884,0.044961470355269276,0.026418144473940024,0.179601923621524,0.32347134378380843,0.02730393648088941,0.01958666854166261,0.023254337132942324,0.04405220241047218,0.051950248241503245,0.08705002772451982,0.01970264675480317,0.09066531655709516,0.05662110605410944,0.024643053712606885,0.1327977134444984,0.09739724945901343,0.03055578408592223,0.02133113533564871,0.0744052865228878,0.023120840091828708,0.22912038880697472,0.023967174439372223,0.14218574946366155,0.0851837459071532,0.14102333216327578,0.055744056740204266,0.025918617599643687,0.05180857964270014,0.12498691026687068,0.11797628389548384,0.044652329983901964,0.022641108770007197,0.10189791646891153,0.03463736217331239,0.03351485903770559,0.16582707990327547,0.08260011268820411,0.02164363054793197,0.033582402579075674,0.04314480424473182,0.0,0.04613421951908146,0.23932548811751275,0.16540430940662293,0.1930471891131657,0.08129631092142178,0.028662440881435262,0.16645566508131868,0.023350969684051707,0.13633115554494496,0.11774094055162418,0.19510631606775458,0.019534784098307986,0.32397417825681224,0.026925400212615472,0.5673631876619866,0.0870149908854827,0.03348316166285622,0.16702644155997579,0.11623881552572635
SEC24B,0.03919275258207885,0.037728961952044865,0.040948007615912024,0.035559451918466836,0.043012336199553025,0.022046948860548324,0.18265109510951558,0.033265423627369985,0.020082807260099478,0.4713987856888549,0.03423362543739188,0.07118054912391993,0.035180310742227994,0.026225466324233022,0.11695655244178603,0.15026829053294813,0.1772247773476506,0.060772961481114655,0.020255966184931338,0.0252709970930358,0.04731086875174014,0.018673615926496592,0.04281486120629117,0.044372792397192565,0.1270691345646016,0.01847756996582761,0.03007265512552895,0.025739527185202525,0.20014017181617244,0.15281251726236048,0.0537424663101983,0.05286554282088812,0.021913099706865377,0.0269286330091199,0.10546002137089651,0.2209167591227385,0.0576583997468506,0.054831733710054543,0.26479025284895935,0.03972269095595557,0.032602696381544505,0.01891388938696327,0.3610049078176016,0.0929872473549184,0.02296371204599704,0.04308863439608337,0.05868255993773868,0.5320994687725774,0.16444715383746072,0.03340162757365352,0.048327095575667035,0.03390664904444136,0.17796414940394764,0.09325126978063217,0.9879044075600146,0.024422312818527154,0.027216868847702747,0.06879788311158827,0.3475108110483498,0.032547075273787196,0.05305909284982102,0.0,0.023642594562796784,0.06272183724021613,0.4635521040727834,0.133647810006282,0.04317387570172506,0.2623886460795571,0.04189941557757433,0.029803950116985486,0.06884455956076325,0.024073740366281786,0.04513342352886487,0.06471630819566662,0.031321562219297,0.39761535182214514,0.03440592389666393,0.08909985625867388,0.2856272556861505,0.14458945255341507
SEC24C,0.04945039491525585,0.06982228458429941,0.019638617910415934,0.0305807154411153,0.10392679430359154,0.045728025200829824,0.04652088724425868,0.03917286278077327,0.16568747912586124,0.34877877541485997,0.023830814420799935,0.1278892714160795,0.06479723455428263,0.03877871457083572,0.3204407874848052,0.04157115973628055,0.11160167159518876,0.02230359259054718,0.10744192562916387,0.052870824503360433,0.18429225722396006,0.027528769009148732,0.057595888608105224,0.12750492859557344,0.38151535799659997,0.19919827604291787,0.17922925609710355,0.09311769674462181,0.03298398193643524,0.023238019752793625,0.05492588044989017,0.06543249988083434,0.043011412541762085,0.1553186458277314,0.07249370362429522,0.030133605091854608,0.02849440076967973,0.023150302991406295,0.027371335558873562,0.029907699274312773,0.021153814579468702,0.08309636232747748,0.03664749020478611,0.09031322313862072,0.037461899291370906,0.06294602578720142,0.03663388789802327,0.24216826212194567,0.03913922887201374,0.21563087210526843,0.07936707296892946,0.16634440470280043,0.06199235780037457,0.14165648509594345,0.0517908706969197,0.02573154949989979,0.05550197578961645,0.14338714985538828,0.9861066261566406,0.040804540650388396,0.355936251876997,0.023904712548501763,0.0,0.02780225978999818,0.9157228832662723,0.0926245193558568,0.05076057158787945,0.06828272092099863,0.10332094204831113,0.09357978545675685,0.048524490553737636,0.06136330700989385,0.1077887470191832,0.038149083962690844,0.030401341351743102,0.052995834838411957,0.43927072253363825,0.19818218672860996,0.026218295247401605,0.051068840838629136
SEC24D,0.08775726893687257,0.05541454791149368,0.1641006035623805,0.05709666213294356,0.05785901893785078,0.027014703012582415,0.07171709601909484,0.05926355453129769,0.05132185637718159,0.09951128507685911,0.11904260173953284,0.07738905249630844,0.05935760157988271,0.28047433671479055,0.05079335690507301,0.7939744902796776,0.07399208727785397,0.021649661377219513,0.03321821168360348,0.05305415785416886,0.05929130257725462,0.019276138346919994,0.020431604483615428,0.03606797494177935,0.29869665098957415,0.08242042386580724,0.3050029721339782,0.12221913759785241,0.05159784368123231,0.1849366395129635,0.03228985253315489,0.040236126324512615,0.08868492674407834,0.27396108759842625,0.04241225627125463,0.034529464679110874,0.06585361929425722,0.392929864610156,0.020984357107851462,0.025968798933540045,0.22103170924417254,0.04630075823641903,0.03981638290066037,0.025751255317430596,0.05386897705941861,0.22285600556370846,0.03722774323965784,0.02113647604436468,0.062446962893660134,0.2582113633981516,0.03815889648526836,0.02546259287637289,0.0811461905121169,0.24607453981520155,0.0228167383913708,0.027140283404350322,0.11372651984038892,0.12160315895175468,0.058556932485188375,0.19470443961467576,0.228775083708627,0.06391166736894047,0.027514742655860347,0.0,0.01853744872659027,0.07646860309173771,0.058464840424241694,0.03354475604261701,0.03746565133685805,0.046044769310902435,0.02386875479471987,0.039605356670076405,0.035689305158384296,0.02657385286386308,0.029188167190226683,0.035584396216458404,0.05404584328575844,0.04655864073850745,0.042154373962125354,0.02358568070612379
SEC31A,0.07274876429379121,0.20272946396631267,0.05010646547938684,0.1019077635927123,0.029694589878449536,0.21767614268482685,0.07643321345366695,0.024796242130269344,0.018756169664132877,0.05659944512673277,0.0926276011759847,0.20955800421336646,0.029163981978473457,0.03393470653348152,0.08357310381387689,0.6628982136859283,0.057751494530685066,0.019688417448398065,0.0800875672950824,0.030572062786860085,0.09897343401437897,0.0629891462648714,0.05881771262738232,0.02281520149696147,0.046291094660406235,0.3712322900056455,0.054274579848606695,0.0477101648428458,0.6123432701902742,0.5814936873237179,0.0443748116977344,0.06113293874272633,0.0468938902541603,0.7941807125475184,0.07549356131769676,0.06078093015843756,0.023443536232807177,0.05541316795338259,0.1615508274927,0.028527842728950252,0.021795520281520854,0.17685104653837178,0.1082459855040696,0.028988561803223737,0.04112782596991085,0.025167511191140277,0.0494955382108652,0.13676941205006982,0.030552970457721287,0.12031339921098645,0.029747420740996854,0.19946185170074623,0.03474438133069911,0.029939465679013583,0.6667375263087373,0.08484026628724063,0.6359922895376414,0.6361013391097503,0.047971442322234804,0.12958875522412877,0.3592889091632508,0.6121430168591463,0.9567537329550387,0.018615186883728926,0.0,0.020578252792893843,0.04911356068459846,0.07170111032806002,0.1114761121239833,0.028375051622974892,0.025045338883785177,0.5044903966118991,0.07642160227223493,0.4886973159215069,0.031109913975622416,0.05163021803604743,0.16801141892823515,0.5040835377367895,0.04540941639274145,0.7586965250737056
SIGMAR1,0.04962333138567488,0.05468568568636201,0.1512939433203927,0.018383960285955243,0.02134964337487041,0.05478681653703735,0.045762859593485895,0.500367228757407,0.09238433560335886,0.042480253586022955,0.08813455456568454,0.035054746830844294,0.3531908371506194,0.1299636584845796,0.03359250336871015,0.09742417464073871,0.03658061412694983,0.10228499436021007,0.03223297248662193,0.0809767411672622,0.01941561259061545,0.03680227778944861,0.055347205602791646,0.05432084549014442,0.021707599173053625,0.06451840271426548,0.019527279776819218,0.19942568734372954,0.1286914232428241,0.07878393192928587,0.02863206719006374,0.01889637519213518,0.07001587505408959,0.03231897750026865,0.02447868521732109,0.05033926106355713,0.04814185670266819,0.019127818885755103,0.029433151022626305,0.03637025474470469,0.02131303586153456,0.032742943387114656,0.3008281512944076,0.12130689744451813,0.03491915657806526,0.08482255748354056,0.1610652265528589,0.19439939279604804,0.02364424383790395,0.03451576443111841,0.19127291108847871,0.031751288957233004,0.02274680217050939,0.03349865983445786,0.5163363320495671,0.09257689038223593,0.05080587450749907,0.02091539579551494,0.023767109339666987,0.027053318748412207,0.0967237794650449,0.12725461938581206,0.08374852181034595,0.07218303326874558,0.020145489662147367,0.0,0.04116224934818077,0.01913033932446678,0.16077128995925263,0.17533659824108064,0.05037453195048054,0.023939264170865147,0.01981293517442021,0.18326916791813097,0.05198247080046119,0.04609954243498215,0.022963249974934645,0.03493206211244721,0.037517240917830555,0.021636824860256355
SNX4,0.25047215518081123,0.551237675874225,0.23822628181216982,0.05683728110830164,0.22630323518511766,0.3664396229625907,0.045360099698134704,0.018386059606446264,0.0472770925582099,0.5462680849053371,0.04876644148711496,0.46330562238426026,0.0241686363846943,0.021136746267181775,0.10312102645627928,0.06698040669609481,0.03523845591702511,0.04181145111158089,0.028276426534687718,0.03023895097840193,0.028063980808719923,0.22458851545277347,0.01842281455556957,0.020108604649036695,0.0494467262715406,0.026531273188034426,0.09929017851313786,0.019896783544912363,0.1146719272670951,0.09168533145658336,0.08648900504830852,0.15964776079018278,0.13759985802977368,0.1342179781302492,0.5813913363995269,0.1793138561142755,0.05402754999815411,0.11068442049020794,0.060589168387562356,0.01973420157698104,0.23312612209269742,0.025214982944208077,0.1486249667611705,0.035363030034872706,0.12969120168056497,0.025357857760010493,0.01831939136038783,0.5201644880996242,0.030715982476052298,0.7921093996683031,0.8156610999347003,0.18263883117394814,0.296625102122501,0.1160185010234154,0.02865036754671529,0.1423903385453564,0.15660011671768115,0.552543837626883,0.018717029336139855,0.01825341347167401,0.03318650708211107,0.048857532655748305,0.05613975071994404,0.06755677471141024,0.04859173163714614,0.04745938819417228,0.0,0.024640627131980536,0.018801098243310988,0.6481166459845376,0.04299973621286644,0.04006699899660659,0.031194920647630867,0.050054837717124094,0.028335116028209262,0.020342587353665807,0.2460905403777929,0.045521040046476335,0.036506775973525855,0.03636393594752183
SNX6,0.11249446612722008,0.02728802469033889,0.056377370872489896,0.09880784928172968,0.15274336696797877,0.03373510668188005,0.12597101389486598,0.05514714867407211,0.021742941625352126,0.02266756093320449,0.08805275007319305,0.02748333977615841,0.04162673026595617,0.03206222095580285,0.08403294049744901,0.02008981019068383,0.0400646536531075,0.9383076861552463,0.02510490648840674,0.02669357879322795,0.1296880095426636,0.2535278493305507,0.03245593519411453,0.6582481268862679,0.08618248892343179,0.05095272155647867,0.05771010542023322,0.22905982247825546,0.7512226019183914,0.04846933032261089,0.036228190058514104,0.028560030978170083,0.032640428466943365,0.024201288554177098,0.054659925735999156,0.0912225154894953,0.01824310192504788,0.028344268352829983,0.10686205032757365,0.03810214501189565,0.8095292586216293,0.5147638985376484,0.019677555997746878,0.14016341291992473,0.5925891524287581,0.5279054833117567,0.33320158797089144,0.48302955093637956,0.18461636675220292,0.6230867981774744,0.12259914150051451,0.110716749425705,0.027639354553607758,0.05626998738203911,0.03908080227976814,0.1298380570819585,0.14876676953753676,0.3012904052194259,0.09704155295580466,0.13202433490088225,0.2887684230803823,0.3410092791378662,0.0759355145683663,0.03588236271853142,0.06925869348546039,0.019316276089166227,0.024523109222439894,0.0,0.03206453204776369,0.32422941442008635,0.02157220626577997,0.08946912545676679,0.10052926973474888,0.643134811969909,0.029824061484300588,0.018378498298897122,0.08450326402070843,0.05397937113400567,0.05796313860141794,0.09337616325015959
SORL1,0.11243030804294256,0.04241937445279353,0.04196559862671716,0.04318916111204129,0.02175933824411394,0.10556391074803524,0.021491719212541508,0.10188453318283798,0.027650477096752016,0.16921609803378607,0.018235506591674885,0.03597859924478417,0.068621018747685,0.024747680682453962,0.1945702626882286,0.03243227332664656,0.151995550706576,0.14741757122088142,0.30857409881734327,0.022349993078630816,0.12039570652022501,0.10705645753688037,0.11281368331238315,0.179560462669109,0.03171465478566552,0.07253829078485481,0.9249767028097909,0.019433632433619126,0.034188859924218176,0.36501514554393827,0.0319263594143047,0.12382630070492934,0.02002376851238097,0.0435568636386649,0.04680383667726722,0.021618376295561226,0.20133768355698387,0.9952147043118911,0.023432474228150216,0.02434170635683221,0.03125027359777962,0.15380131530759625,0.2973181575827821,0.021156032638087213,0.15229196505075518,0.8154949105661122,0.01903425483390448,0.040364236125561295,0.025892910107671606,0.04036329770085402,0.12573826143374567,0.5792833974819964,0.20970047075937395,0.06401207326321869,0.025981325842236388,0.018269341376681323,0.020872319828602725,0.026035456851625494,0.2382695621227348,0.16145906573644483,0.025210534204851826,0.046463786016723505,0.11788144034076091,0.04049000488761047,0.1063085770955915,0.21602190359175893,0.018786920356163295,0.03203108523390431,0.0,0.06067717051505844,0.15405753567765773,0.060178655397813204,0.02418478023480274,0.148911965771835,0.14108824527103236,0.5359811200616437,0.06592417128019801,0.17894138476858795,0.026255277712604583,0.07535977262742549
SORT1,0.07504591349365855,0.7574290947664195,0.27201768581082086,0.02150027735893282,0.07446748696721296,0.05638232863953943,0.023680259332526706,0.049014261675174815,0.050745790000388494,0.02087030282260426,0.16210569587524734,0.07304708221720577,0.023345558103469898,0.3911165275008641,0.16142082403105087,0.3875245140287122,0.13202567299181137,0.3854527111880701,0.0654035341349936,0.13549432588406302,0.04485163359288457,0.023122016391317137,0.029651530137707317,0.029718038626320855,0.03778053703385937,0.030583813083175464,0.09214967045228618,0.13376363859417356,0.029419054830754746,0.08813170912820976,0.03922319839638935,0.045701361576855476,0.0995754646017841,0.08904415636086412,0.0373579172168913,0.030870850972025417,0.025176658960242987,0.0412839625238502,0.025024695615499092,0.05035544521303144,0.018810155147099866,0.023197740294766823,0.05052205206690151,0.07148487296523504,0.07780205376241855,0.16306870643363475,0.020917377371712446,0.1236773403378955,0.10609207347063934,0.05637395075411046,0.04833879114500513,0.16177016071124437,0.04881840085749327,0.04105449566471238,0.025175027889238036,0.8547743519035362,0.23774258832918813,0.1614735295370779,0.0279572112328094,0.0190744446129144,0.21300246635666056,0.031114083149157437,0.1001723430504274,0.04908342444417724,0.027601236087799935,0.22001595216057918,0.5931633093990307,0.2990233070895365,0.058263621487322996,0.0,0.04024073183549903,0.21851252564111473,0.06220426517350864,0.027274322476603996,0.03811761885049918,0.027511036772951233,0.019282396057594305,0.04496801473501453,0.07983977636916784,0.056521153404090356
SREBF2,0.19620172147098203,0.03687775896683423,0.028977162765723794,0.07564045955860528,0.03748616236172221,0.035057998017548046,0.0517894059595964,0.07508909085690693,0.10125003339560093,0.4169091766287245,0.04747346706642347,0.01969075924928026,0.1042361436258784,0.05670986265906551,0.036718491950033565,0.028009293492565705,0.1387644173487055,0.021170512269674948,0.12014610851906665,0.17667632702289712,0.030857052104156336,0.025330387208682904,0.04098798993446499,0.035319794526304,0.06543277256484127,0.11617340052093501,0.07723390290683801,0.03630920232050555,0.13578180500267495,0.021209315320294544,0.6120377624279136,0.02280110957751239,0.10082348794510024,0.05818354765241393,0.14798779864692943,0.28270379201933515,0.2940654929439285,0.18086634663580697,0.28865319451323146,0.033895374656261204,0.01874888907733785,0.02050346745479694,0.01974172367924599,0.11660166189170577,0.049572067312920985,0.554857740698603,0.11582047986740145,0.020382759102473717,0.39640729542517494,0.12559603299057537,0.0198439218759493,0.03254223869837407,0.0459076294830187,0.3849848669640082,0.04217700203951858,0.04333811430785846,0.031740262594212955,0.13290780411999187,0.027803015479640553,0.06141388751585314,0.2244101673580953,0.08980539308603744,0.056667177923482935,0.02517057346368459,0.025408572780778356,0.0640555521136617,0.045080847433828265,0.02185356501916885,0.17732298818981318,0.043960133087679286,0.0,0.24538343827397935,0.08662746129205036,0.6616124855022677,0.05394225784691806,0.02400968638972464,0.026545675709721352,0.11895997076164613,0.05872273966788769,0.021076081292880224
SYK,0.020564009820337147,0.029788358213718873,0.14757849886225904,0.137292703637107,0.3090663354098237,0.06124036885532124,0.020899273400698064,0.04434325015091386,0.08471998579141989,0.018341287642831758,0.03232211482499107,0.020035326138728323,0.0646203158416095,0.08664122520095949,0.0780350247780756,0.2084661533414175,0.8941270033603916,0.043117494496184884,0.17567048775342825,0.04273989202783552,0.018254960930971877,0.0856997280942072,0.023768876263307207,0.04979466500992498,0.02929518856322233,0.05153840291638502,0.07592593598238011,0.02007511720745336,0.11702048589362991,0.029561764365736504,0.08066114771703059,0.20280804417130335,0.08961577688325686,0.03306531024718453,0.029339395383322416,0.02237994046842689,0.08224120302383933,0.05322795575854558,0.09503257597542795,0.4267371501950892,0.12320085913120812,0.13539016563861936,0.037388894869262855,0.08343935518162483,0.024613741518057796,0.03523147510712478,0.9287096758380229,0.1816073042292425,0.06298226800081426,0.07058381098589625,0.06006279640169154,0.026948651979911004,0.0379384824181655,0.02452961924921436,0.06872337190785265,0.019632898907271778,0.06868982338330781,0.10981019155484564,0.5549177961108099,0.089390526422783,0.24463425876111636,0.023835843916710737,0.05631271698746051,0.0381230032262858,0.3443627188031662,0.023885215551560385,0.035418449821242,0.07178835778435864,0.050941652390520946,0.17143044533912127,0.15475621034741438,0.0,0.6223915469308242,0.15277440353688757,0.19730122641543585,0.037892089170192385,0.5530743152690826,0.018380340428273512,0.05130301973635272,0.02839651112711988
TMED10,0.1394413291295827,0.03691048222334318,0.08008385278505789,0.14325581523101968,0.05287191958063819,0.09227077433702918,0.06530574848901596,0.1607674747736236,0.063814140501588,0.05913180118650928,0.028643569043380668,0.023152438446718316,0.3189516204905041,0.34407376205832463,0.130840543318457,0.11621718660042503,0.2628727186934881,0.04932906313846949,0.019818174072012203,0.05250653981537392,0.03698108988652124,0.07416474530888109,0.07412839172884036,0.023805270982029537,0.0587239621043905,0.1677542056949076,0.11526781045252958,0.14917289272290352,0.3746683480895225,0.09002795329945454,0.06964424130207758,0.349680493787233,0.055377845393098125,0.11883685356458007,0.12993283329007305,0.2544609789880969,0.11420337940627691,0.17761916571781508,0.027310994968101878,0.04499916614513407,0.05350743054955827,0.033306621227321496,0.6109163494926741,0.24814422064935887,0.0316148773834608,0.3455760688547983,0.2241100961824464,0.037793314770571365,0.35175213975127007,0.07019492085346107,0.04380284269191446,0.05802797702311434,0.029624165244030987,0.03980884313068695,0.41291317824941626,0.044648941890915964,0.021816374146509502,0.08362790038244741,0.022051516017814417,0.022826553663949724,0.019997691705215884,0.050068477790837305,0.12147847480493242,0.03813720390196723,0.07269843458669355,0.020092896807968143,0.03076760439946229,0.09888255195360614,0.02412533130907998,0.06424826943913137,0.07722102705779992,0.7675149633693493,0.0,0.9985398507530957,0.9999977778679865,0.05380650851455158,0.02954565770900874,0.1242138922460381,0.022437827926434666,0.01984888574983588
TMED2,0.24377264714510843,0.14492563476634085,0.053492063862070734,0.0271217311603626,0.024748551054341206,0.024607603083260966,0.0666260980139332,0.021301385085326974,0.0564585539254618,0.03640464580792356,0.047914538660539144,0.06530377172279256,0.49759447646660554,0.04270278809911704,0.035317721402196814,0.23474099378181368,0.0283007950622341,0.020078535114820637,0.02570888393371352,0.02353513551407316,0.040538548276258836,0.4983770510653985,0.09017622026830222,0.04766138466014746,0.029434756640018545,0.027363521419865786,0.48323167790219074,0.08517655011510672,0.07236335735532477,0.04268195832273147,0.05632695009571454,0.2893358274277069,0.106644738447456,0.06956449476569057,0.02076540190119122,0.028469660558062767,0.061818470605411485,0.04929922240616729,0.03213345780135714,0.03619898409298429,0.039392352234040036,0.23863829532212488,0.04283718805174543,0.03886055709876203,0.5014109092399309,0.4301690778857203,0.1430735759980995,0.05185191094313328,0.026586002607427654,0.19596360831908138,0.13706777715362162,0.3285483547831588,0.027251384821284207,0.03607887457847679,0.06250240731766915,0.08068298107620529,0.030599013684242053,0.03284836745635691,0.3592993978860151,0.037853202313025754,0.3555676448980024,0.057545408566610556,0.03464723363920557,0.025482177784726265,0.288711732005058,0.15862934394305492,0.040579881889960596,0.4233208131615009,0.1014189271229745,0.02546357826468321,0.3789471875779201,0.13529765937206453,0.9895850341137573,0.0,0.5996059624764201,0.06938620165354888,0.03162813691400185,0.18210192737698208,0.10175664974854745,0.03445251605300229
TMED9,0.4843419035071084,0.12288535794818056,0.13234062381953113,0.10065178157791459,0.06550909943000116,0.040344925593454255,0.018916668269704007,0.02870204066642001,0.027256407022871833,0.06125116901027531,0.20836779765594787,0.07295178418770489,0.07199693369139808,0.028312655879389644,0.13591249418866447,0.4721586988357473,0.10334375356173903,0.19814980811294403,0.07160209663847353,0.023723364581096112,0.07313673016554476,0.09899715133479418,0.159026739061806,0.0954107451274409,0.047130406243546565,0.11890326954659748,0.023261580782047517,0.06617881277259464,0.023510861633771786,0.0836886345508818,0.02565196912100315,0.05337891385513293,0.019298009253402415,0.02515884351303745,0.1037050689653913,0.18875083744362922,0.026655523881409366,0.039079606396872614,0.07979404371530965,0.09776813358544442,0.018392117415061568,0.09759977365917896,0.4512935450963118,0.19766782446751066,0.07212960143547126,0.049598953368765124,0.05516274472998469,0.18356471949506775,0.03361195285816085,0.0671120505651772,0.1700204699600247,0.09923159464774553,0.03301750457914427,0.026852102481056534,0.041695397376289696,0.08090065025388363,0.062861608974047,0.03789430083967967,0.10960878444924325,0.02376964309536946,0.029425422248537083,0.032385398189229246,0.030711290387553304,0.029820043416054876,0.02974092408433747,0.057038234604708485,0.027419706976009244,0.028963077550647434,0.12670966814872167,0.037468818640121734,0.04734170670482897,0.24082382094170196,0.9999949162800469,0.7606695193765544,0.0,0.13638534119275078,0.39672456045595894,0.02546222759992789,0.055191473904804556,0.12705320477590373
VDAC1,0.15729167698981694,0.05108590008866217,0.041141565403898024,0.04917525195038025,0.018987410198149566,0.1374183643181753,0.021527041795985767,0.06672234405876652,0.09497540807855619,0.42744660371260107,0.07936042517454603,0.06181945210370884,0.3531035476533187,0.02279455362060188,0.050898442562071315,0.05961830307675126,0.02964089986187932,0.04807045500894378,0.2732024100242369,0.07823799561274865,0.0773860220557092,0.26520348331276,0.025361856058052894,0.2621685410832882,0.030225422009313378,0.02223253645182593,0.07029295766706566,0.07175954845782985,0.7788014220941314,0.018626801841390133,0.024192431672666277,0.08339849623700853,0.21443881211889476,0.3933552822821083,0.10006025918756267,0.03642119915849147,0.13403375515718535,0.5169317216626619,0.043864499436258926,0.01824546756450993,0.11933834383491607,0.323300686181075,0.2064030785439094,0.8926474110268293,0.028300999170358204,0.06923202686154993,0.061866107316776046,0.019625998289794378,0.3308014508313504,0.09595259430615578,0.19522534905695269,0.04568635291683358,0.0206079786444797,0.05475946488935432,0.20619996043456018,0.12413311997953191,0.09017381399409181,0.07379378890908965,0.0791855246714733,0.11495680106597088,0.7506881117299206,0.43013300111824704,0.05283240016077377,0.036107063637638395,0.046413234537594085,0.04898067844965214,0.02011127349246789,0.01834722105769386,0.4560922791640327,0.026997421637109442,0.023058304633565074,0.04001596089589836,0.04993466791094446,0.0837575287266819,0.13090935223530853,0.0,0.04688438199452626,0.18896829232958573,0.019986368707536506,0.652826482825941
VLDLR,0.27663019907052117,0.18836539933534865,0.06920159607987768,0.020010333692645647,0.0970905089360304,0.026328629926081856,0.03248252237390155,0.07968050073035533,0.05016390881889303,0.15327015273055214,0.02548201813568641,0.039897748656532214,0.022609467122405642,0.025183530065868976,0.025163090017466184,0.09232591155696965,0.1843467522448757,0.05283582048635064,0.026515932589901092,0.11918713857137272,0.03157965929479303,0.08826289048578081,0.1787010920226108,0.018307375224339555,0.07384510276774695,0.10957286562335254,0.08109836012590325,0.03556522080046771,0.029549580355662144,0.05116332776188759,0.04164748150253354,0.02100422423488504,0.0448931874978313,0.09433145016282192,0.09489494744135885,0.15281447731798684,0.5320982801478047,0.06875710721749498,0.029666090120659315,0.030030433056361126,0.09603822900661796,0.04480047529302888,0.3423450703637078,0.12647842365508194,0.031259557035229875,0.03068431373898173,0.019849353604699117,0.05487705175607043,0.026661605715545787,0.08469724678066298,0.04007188918447374,0.02799443524381484,0.2068154400856478,0.03647769932896423,0.03187318934490007,0.3727531221139496,0.025083843868548266,0.05521839147832591,0.03618992972540859,0.0823720240543879,0.0856562430993268,0.031428105201947776,0.2894841330991037,0.04576960448655151,0.09830468129561762,0.022316011389238413,0.1375397677455151,0.0591856804580288,0.04884862467900172,0.019004711003163626,0.023739775555070473,0.43747957664673426,0.026382491594559944,0.030730248789907592,0.24994590284102014,0.039862911365671966,0.0,0.02565155729089987,0.10239534479951208,0.020650604024002612
VPS26A,0.06565136750705423,0.022165324114051213,0.07732992947708198,0.026208490271471187,0.02274364187763763,0.2463921851075978,0.056007876986335386,0.02709976105890219,0.16997603661636232,0.037233812643928034,0.02759015127467821,0.6926233960059759,0.11613962727274195,0.03670201757953054,0.07313805741273582,0.5415711912408385,0.02091996218921149,0.03593942127637515,0.47969374474753745,0.22647846988147308,0.020788398679626476,0.16180877995215814,0.018834974923361808,0.17030872401156916,0.021345935315424554,0.09306216938592349,0.028760209073066555,0.10890297699724467,0.027755120777049655,0.26994172960879487,0.0797951480068342,0.02468662508194954,0.674235990261967,0.14406636605359446,0.03429746291481035,0.0423805592073517,0.07610011903109289,0.0387539439807974,0.11389399286680826,0.1452397417215651,0.03142158777712614,0.018780658814921095,0.08039188038880585,0.01950026866502976,0.07873530852265914,0.024941256083789488,0.11052770894733974,0.024466165941038166,0.06824754815101763,0.05109042093098621,0.07283889724484932,0.574219034038883,0.07118929421117362,0.5198444533803351,0.1576592589087531,0.030031362980074073,0.5244273280334184,0.034967362839035475,0.03430900064449287,0.11363044104380621,0.04450200131843719,0.133594675048733,0.3058948045762005,0.058857689101871856,0.6027777474508587,0.042688784546304884,0.050403225956942216,0.06197478005343308,0.23166737908405255,0.05244286329578538,0.1306845165594698,0.018506905452864195,0.15904616310157765,0.37903789833296214,0.02727548695040514,0.29267415139586883,0.030381445179054528,0.0,0.8600399425961128,0.03266276893519865
VPS29,0.15748863823152287,0.4300793469819668,0.04182332814643692,0.20688480772926468,0.05933357784847976,0.26969117026986733,0.027091003140406092,0.030141508678524796,0.04282636310582125,0.12350584046860515,0.2214187306844758,0.8140548143462277,0.020774761888113707,0.06425858638878676,0.041459013150946696,0.49532217186054384,0.06526620124792458,0.018000891865692335,0.24214344806799115,0.08826786733100075,0.10929578057013367,0.03612232655303908,0.03631144503815149,0.024609957505243474,0.034635293478020496,0.0290124564407154,0.020980321028481994,0.2121648693467421,0.1528079789947559,0.024162473579265275,0.2501800777733441,0.10516874180185556,0.038435330755593584,0.028993927476190055,0.029450490071685324,0.04487194064527724,0.07847873135039879,0.48345336734219313,0.03339472722702319,0.16516938837923353,0.08852657182213682,0.018743538020398923,0.042098068898612215,0.3120642275536821,0.03712117153865666,0.20021337709565315,0.028622477682643973,0.06877412442130322,0.087763818338694,0.4912065945361882,0.12191850994060302,0.11885526920481754,0.040374807187944874,0.046501555272541295,0.07229054865041463,0.028652960442888516,0.1433672296572026,0.03573725627947804,0.05518076017045638,0.022767845620389932,0.36890738717714266,0.4687055684258621,0.02834181193199967,0.0514102676228619,0.04913876465310691,0.046306109479781594,0.03911609053685543,0.06611039523276996,0.02744477213171777,0.09977298943054398,0.061585897064248656,0.06969938068851862,0.02307588662017836,0.18659120578708563,0.06749052115137309,0.02043620319224943,0.20995706498586056,0.8515757849968669,0.0,0.504262375149659
VPS35,0.024446204682013216,0.031531507709945505,0.08508017687079523,0.998122321762291,0.27399097779805753,0.4874628362806211,0.022177562824194218,0.06168012639459055,0.09122511904047839,0.05759085621552365,0.07857577045299544,0.037006698211624785,0.06691296880981167,0.05605455675168071,0.04755929499234282,0.06257016291047121,0.30291495503342564,0.023582983750046155,0.3064303008445013,0.0851287866178329,0.10676265708134085,0.055082337295299426,0.037297589931508376,0.11708183965973287,0.03053375815927346,0.5173552696454286,0.026852925984972804,0.08069954110271908,0.33697577673925033,0.06875309388139059,0.11238476936208791,0.20180887285855506,0.06886150875026624,0.15126787981011008,0.25230363615183166,0.13931265616610464,0.12149279831862521,0.13188203270577917,0.03340617880998563,0.039073474222572215,0.018685079184459816,0.023595118658965242,0.3109212344036871,0.08952195976475162,0.02720809474764224,0.5330057757136549,0.03734232153650722,0.022182490264673574,0.15324154032248102,0.2017823834202765,0.031391488718831614,0.04544260671182248,0.14392877333030593,0.15409072632531765,0.01873624786656217,0.1900625228699639,0.041444464480543904,0.254133865495802,0.29777736456840426,0.018147521589948916,0.22683332330748765,0.21673937563542148,0.060979934717823876,0.024915870665864398,0.8079926974269422,0.022678184780176986,0.038131959465054294,0.10652510007437528,0.08489217523524577,0.06497764310871694,0.02111761342602701,0.032020747654915936,0.020037080636479087,0.04308426193273085,0.16624800847450483,0.8107195943247104,0.021886991571719982,0.031913323934139946,0.47641765149675913,0.0
