,ABCA7,ADAM10,ADAM17,AP1G1,AP2A1,AP2B1,AP3B2,AP4B1,AP4E1,AP4M1,AP4S1,APBA1,APBA2,APOE,APP,ARF6,BACE1,BIN1,CLU,COPA,COPB1,COPB2,COPE,COPG1,COPG2,COPZ1,ECE1,EIF2S1,GGA1,GGA2,GGA3,GORASP1,HSPA5,HSPA9,IDE,ITPR1,ITPR2,LRP1,MAP2K3,MAPK14,MAPKAPK2,MFN2,MIA3,NCSTN,OSBP,PICALM,PLCG2,PLG,PREB,PSEN1,RAB1A,RAB1B,RTN3,RTN4,SAR1A,SAR1B,SEC13,SEC16A,SEC23A,SEC23B,SEC24A,SEC24B,SEC24C,SEC24D,SEC31A,SIGMAR1,SNX4,SNX6,SORL1,SORT1,SREBF2,SYK,TMED10,TMED2,TMED9,VDAC1,VLDLR,VPS26A,VPS29,VPS35
ABCA7,0.0,-0.03659739312182689,0.008304982189831799,-0.051849143047464005,-0.044137207452251456,0.01429646922074523,0.015667632055411863,0.007211355877123257,0.04146861920168408,0.008667015905843357,0.06997692439631642,0.04536758525111129,0.003105653074786559,-0.035602273441466506,-0.059032329034778126,-0.05481703397934765,0.04836402010621417,-0.014424654638604322,-0.0011975962661605376,-0.04850469877511068,-0.04267502137758078,-0.040477627898217045,-0.006759827112887738,-0.028530536352033585,-0.02761212810056596,-0.05653884174565241,-0.03666061568272075,-0.0232640386209911,0.018076380257485248,0.09581107820652582,-0.06319002634144846,-0.05238134191466935,0.002413571110022977,0.005218149818192124,0.10412192642993669,-0.01626188044084483,0.0387590422991465,-0.006110080546762304,-0.0020268930545586828,-0.08326479758586772,0.016174667650666656,-0.04739982217685892,0.058526505344588815,0.024880526241789137,-0.06892645269303932,-0.02422823153121524,0.020829807380924895,-0.026302193069606798,0.07373658774109476,-0.012721022084347413,-0.0005070596719302024,-0.02516240650633413,-0.03932014330481981,-0.012614856228828217,0.026269803619686675,-0.05291746498906971,0.01879392925519892,0.036466957732194626,0.017142081971951082,0.0643931162803841,-0.014909699772202476,0.00606743205977974,0.029392442789908296,0.03403514013467052,0.0018229421205383843,-0.03681365769907613,-0.00510647476435318,-0.03239339780351396,-0.035383542012663624,0.025666847547509055,-0.028765810831628234,-0.053650958843927544,-6.830597929511537e-05,-0.038290287108378944,-0.021518837019276996,-0.012860126413244508,-0.0732000506053122,-0.03340191087013425,-0.05694710893573149,-0.0290471276456735
ADAM10,-0.029003850096517996,0.0,0.03023058881642239,-0.017811578071550888,0.0040230558458044805,-0.04076752344941298,-0.014727443828982657,-0.004464724999386364,-0.02090009398433324,0.010305612497003812,0.0006693032597181541,-0.01880913939139409,-0.05689381028660129,0.027933478962888877,0.02766979135715531,0.017000757640397955,0.020070924734787374,0.16957651229710483,0.02447444642763,0.037824170514558914,-0.0025275201733337737,0.03767271896962124,0.07536617951236282,0.017968245256775293,-0.024593111476019728,-0.0046203990045811235,-0.012499168956916537,0.05426784501391654,-0.04089866071947593,-0.04387098703658951,-0.03020991576755601,0.03905974781254151,-0.04222166326349139,-0.08557713139956794,0.05034657337860158,-0.01485968609578966,-0.016143028131609213,-0.036663144161065676,-0.0009328422603462641,0.027321743940624112,-0.019250838159607393,0.0010383986479495428,-0.09844901021946412,0.020115446615617365,-0.035636708130949435,0.0771550388719306,0.021003654391569326,0.04691103769472565,-0.028414071385741386,0.004048301546524797,-0.0308375471051228,0.030891520913700822,0.03439383103262805,-6.340218837334221e-05,-0.002561702178863193,0.06054250362437074,0.014900428003493728,-0.013581374334702384,0.02001540697731078,0.040920433793953256,-0.005589836137474107,0.043522176435415456,-0.030551177598085306,-0.01071950727577787,0.00027312223361552834,-0.03268725279386051,-0.062290400901216486,0.06280128865393013,0.02588045131739709,0.12152587837874002,-0.022616313369075804,-0.03464954991018346,-0.010433273643786383,-0.012372301670338117,-0.03611293704886,-0.06229886668896453,-0.020493565434132808,-0.03147890874515066,-0.07607092817437194,-0.009354054097627322
ADAM17,0.007451127276746863,0.034223496822652424,0.0,0.04041715277977391,0.03072745715809799,-0.022732294583488112,0.01510612102283767,-0.01596330706002314,-0.00966101648924166,-0.03239355885145075,0.007808391720342831,0.06306527802209616,-0.04613319716085579,0.02057618426964734,-0.006429498381076755,-0.016490792199136597,0.06785547935135015,-0.014341036631057538,0.04155592120392522,0.005616902121192574,-0.0720690857000115,-0.0026718315002838126,0.00422442743441967,0.01520802992154423,0.036216721881146254,0.0023519269571985763,0.017770235122124323,0.043988409056837624,-0.051443293914673095,-0.0059948524328589875,-0.050149587800535314,0.043559845192057245,0.024652156123847396,-0.04463165990551248,0.02117507572352731,-0.017343023739000384,0.013952794377222959,-0.02801735801987269,0.11118872258138361,0.04179027410468091,0.07317205019277079,-0.07787949846473002,-0.04316144158113551,0.005665579404801709,-0.08373998052915538,-0.049096595085706136,-0.037537241391824266,0.04655230009543018,-0.02103427843042574,0.031244229184549655,0.015656611395555107,0.049545884356333725,0.020358498321775376,-0.036501795686319234,0.04760899975234416,0.017945464524217476,-0.03365379738929969,0.05183311855560878,-0.017346753670095225,0.016173725658804934,-0.04746251620454824,-0.005059056660407553,-0.028399445534753487,-0.019362034525892857,-0.03452509270322394,-0.04690533131944535,-0.030754125989577833,-0.016998630757351696,-0.04383508334110547,0.013472129605065048,-0.007510125101453087,0.02962233954899595,-0.045134208421334567,1.493247768871321e-06,0.016259048107525362,0.0034596754440505053,0.039426841322601394,-0.022158187061987467,0.007688715147592292,0.017588677216234513
AP1G1,-0.04276600181691354,-0.018537619571932205,0.03715690283599148,0.0,0.09903374323787953,0.10017496259495665,-0.04893155895861063,0.03425322735197668,0.06133937517792729,-0.011807559659104525,-0.0706752510767814,0.018396777521760412,0.0019111355841677365,-0.013127326384886994,-0.04239640363906661,0.03737367654122256,-0.018969256408966025,-0.019517815619120815,-0.05795539968595928,-0.003413259698512144,0.014423287879166469,0.0028400774573546354,-0.040617899073363044,0.07931344504003406,0.04095842537291971,-0.07009107647273065,-0.027868297120649695,0.04133227722885455,-0.004665577456701471,-0.023453791973241468,-0.016604528995141803,0.004607983233155088,0.0011045778335451956,-0.003914184630238422,-0.019984165448607916,-0.036875679908701456,-0.010743015872828455,-0.015733952889306246,-0.004741967344618748,0.05272537007685002,0.006430328482930487,0.01448673066227622,-0.005062504780258495,0.002614918221113485,0.01194018606331153,0.02729453648225118,-0.060920481856787216,-0.017896257549348968,-0.011353752658239335,-0.009603443401062195,0.034522502401619526,-0.06080912583775535,-0.015665430156741524,-0.01061709054060349,0.0024004741138823043,-0.04493596023606427,0.03804254721149435,-0.02256469136245079,0.03457774632261054,-0.019918005505929502,-0.004376195213552244,-0.032072029970305956,0.05760894211767389,0.029693543758229066,0.060039924867879284,-0.025710544092325326,-0.027810310271716272,0.009255404915421452,-0.038440713697128294,-0.006731596833218013,-0.03682480575014189,-0.0273441940575759,-0.03384857096588457,0.011895853472341277,0.09338159047742271,-0.0454816567209756,-0.0008209654331239347,0.050018804165871546,0.08543708456892245,0.172441693982231
AP2A1,-0.032885376012741656,0.0037822350985502406,0.02551768695659218,0.08945900992705037,0.0,0.15441707591186973,0.0005511041099312531,-0.011908165763214828,-0.0011727604072614155,-0.015642838759094533,-0.045538377171795645,0.048130318857734396,0.01706932318737565,0.009338639258198167,0.023663237932602384,0.039322668130251585,-0.01588910076437873,-0.001346257604962085,0.013324913338002597,0.00174685139342232,0.019161874269195668,-0.030882611740304038,-0.015478490194173165,0.028330482551499732,0.02176221723151992,-0.06144121005798253,-0.04681841243858296,0.010161812659621768,0.02084695347570602,-0.04027306219564131,0.012603120484505527,0.014932689574520888,0.0031891349262005405,-0.022060300671293897,-0.051479002164919414,0.05138180164109846,-0.028541582849721553,0.008000106358902576,0.006173209090421561,-0.017358865524416556,-0.03961916673685389,0.008677023433579512,-0.08541531367191295,-0.009278306610412373,0.06070339011311623,0.035850673029744644,-0.04427789665080971,-0.01750172239490409,-0.002746274665898461,-0.019982251692559266,0.031342562945388126,0.041791586530099234,0.01699914003876157,0.03043143627279559,0.024104321384354734,-0.0019615179084651324,-0.0017244352257971608,-0.029188455830895993,0.0021709599793240998,-0.025105512452488814,0.04669640976814866,-0.0033621127405267424,0.023991007728885252,0.03993560549393106,0.005446372204747,-0.02698650289341007,0.03926370206958,-0.05518904305482904,-0.05813353872145037,-0.023780336623847886,0.025218812233500403,-0.03821166486153376,0.02253616074166195,0.02086006792085901,-0.007030726494041606,0.03592334852228616,0.001065015245962244,0.04514613753119857,-0.00025941510585043647,0.06683615582259339
AP2B1,0.010296773547047437,-0.03704940151922525,-0.018248718288320177,0.08747309430708827,0.14926903744332007,0.0,0.013149559952845467,0.01287771686437714,-0.008464294081076556,-0.026276265752865464,-0.0223378515624949,0.06714041284342712,-0.006874914048864902,-0.025507726189044243,-0.009086842270633786,0.026737927792382214,0.012083608314672766,-0.016648550012121798,-0.004115704126747757,-0.015265028880518845,0.03450437945812697,0.0062633466744726795,-0.02630632884034219,0.02824112775171282,0.02781884471606277,-0.026934962064211643,-0.0015872501234674146,-0.0013907363703808391,0.029759313451994885,-0.0010922242800299848,-0.0212151662656938,0.03324795714813907,0.009947129748940456,0.01132297368912686,-0.030853547369472736,0.07040825133930496,-0.018984904826207998,0.032200552967197586,-0.010222790911891998,-0.0009367532505233345,-0.047688088760494914,0.011817618287756553,-0.02444772827877701,-0.02170338294480572,0.06503865391831172,0.03732791105465094,-0.007430936974483545,0.0110742248204009,-0.001476879663406749,-0.020630005303081813,0.06383595571505478,0.05080577431164183,0.02167715262126527,0.009586459033488362,0.009384613354575008,-0.01565946397008919,-0.004777730043772092,-0.05084526387972878,0.028108986719957322,-0.03012718439514432,0.01830721417950265,-0.046958082444798016,0.021389986508197466,0.010405592104345482,0.007356843137978502,-0.01793079899563588,0.09205196643980254,-0.02762475252042088,-0.00044138873750334374,-0.023823484347643423,-0.01705816716576304,-0.02320756544437789,0.025015678617024677,0.010117494299212356,-0.025911441324404007,0.06267942743327153,-0.0008683166073129282,0.02888898510670619,0.03966655080765506,0.06768076212173736
AP3B2,0.013766401237777228,-0.016328223406229088,0.014794038441097604,-0.052125357301888955,0.0006499092967453493,0.016041903927233436,0.0,-0.006183072047917495,0.05300868605727722,0.05109879753858484,0.06939095137028208,-0.006723450475241648,-0.021881356189210097,-0.056112841388340606,-0.0006842780351240123,0.052587312881199826,0.03571415285036876,-0.010704174128127637,-0.01845735267889199,0.018543813417897452,0.004611594220750436,0.015095074320405143,-0.02072028126636769,-0.03826307923305692,-0.059239245063551035,-0.06965445918067488,0.06263964156762822,-0.05277657831366778,-0.04967128903886687,-0.03296689462798656,0.017040996360912497,-0.017561367307009454,0.0737609806573873,0.048676501781244816,0.017827523133372613,0.006049177682206337,-0.010782277144739843,0.01786709567473657,0.03534840778479905,0.02126496456630922,-0.03561246163531495,-0.001750249469870982,-0.0148348437280121,-0.013041363914262472,-0.025409469233983253,-0.023151587779909603,0.06020278234671626,-0.022116785475073106,-0.02109664248563242,0.009157292940952954,0.016720698038882608,0.07641570266690142,0.08836080197425975,0.08773795511306401,0.011510010027189028,-0.02823255411544322,-0.004513201844158903,0.02988146496385795,-0.028587541358177034,-0.05436625436199005,0.034993408182909885,-0.034105026086686856,0.03813887246412232,-0.023946578799944905,-0.04251882915724895,-0.02997876179042412,-0.04031836461679768,-0.08041075008771467,-0.026430080399966045,0.02434754484033042,-0.0037430697331880783,0.020669779938568496,-0.05327126283776177,-0.051319764161781,-0.011412822743646162,0.03313656608492591,-0.05206201169001689,0.037548627771960406,-0.02321169060809714,0.057999547022475444
AP4B1,0.00652111019521972,-0.005094409177957757,-0.0160895612671796,0.03755338076199634,-0.014452784337907653,0.016168551527410497,-0.006363438604396661,0.0,-0.03836819388849011,-0.012175802065944286,0.036889040131460826,-0.04189511467780213,-0.010913718246223152,-0.011680458929888709,0.021850159454067625,-0.042006703144058265,-0.020397080011713285,-0.0015224034981722251,0.01895028640609875,-0.03268374411539717,0.011609572080317912,0.04556260885099162,-0.006493916133710768,-0.02850071809972219,0.01542878137041604,-0.044432140874028934,0.02809125957712003,0.03631244884900726,0.017216497561275287,0.0066540793747729525,-0.010271191701576678,-0.03932830874154281,-0.008457729676825931,0.015259541636419545,-0.10069512162695753,0.042318058148170246,0.056056194015582365,-0.01972316344409102,-0.061886502109755756,-0.011436310646115744,-0.057951362419275745,-0.03461389350211967,0.009874924828200874,0.006087458519430248,0.015447673335601271,0.024698541322227728,-0.05037657539777218,-0.04512764259119878,-0.03517213838564329,-0.023109585444049837,-0.0010633980746196773,0.021449123773828516,0.056244554387530024,-0.01243970557396007,0.0340971483522451,0.004934716950319256,0.022430203966000987,0.07050509135993906,-0.007430765103159494,0.03679990468681297,0.093648262728497,0.022067384466983694,-0.04367818258750657,-0.020022477580835498,0.01635018998743517,0.030118307763668143,-0.047671585375563326,0.02625961735760815,-0.0633834521904442,0.01613312211228698,-0.0035786326581112417,0.054508686032062076,-0.014939319822471984,-0.0050951479983122215,0.05198949892474586,-0.0066386001215278205,0.05843082614720601,0.0202242537576584,0.043473230561980235,0.0035196908153939084
AP4E1,0.042409464025184335,-0.02697031056999215,-0.011012419734952192,0.07605460055272488,-0.0016097355853118855,-0.012018813194842234,0.061698298726745454,-0.04339202863454148,0.0,0.017808960995088167,0.04791979138461795,0.0015222486171301293,-0.012493049901389589,0.014709170718595477,0.0036314857777684064,0.05368447823882995,0.0010054403589482412,-0.07215883010247512,-0.00989873989122843,0.015129959416144987,0.024254919205520295,0.025561377607282408,0.06585977709438746,-0.024996548863531688,-0.09276546658069991,-0.06304409582372025,0.03951862605897589,0.009043289737384231,-0.025919779875576716,-0.008315637091570722,-0.019281561665657497,-0.0010177648652464535,0.01874280507800758,0.010372798137407524,-0.04010443998466183,-0.058336755900535706,-0.054368536327224916,-0.039158401449398944,0.009919757190904705,0.010314914235997102,-0.012787510610842535,-0.04463177913373728,-0.01836939024578795,0.06524503780621806,0.005918326032099838,-0.021264228453346707,0.008071555404037966,0.023646309638584547,-0.012120668295429075,0.03306845911348102,-0.06181538619569969,0.002170464853386224,-0.007380560717983977,0.02898470953058417,-0.01790150656712493,0.03712718030943873,-0.04359715208733562,0.0336344673166842,-0.036413609019419896,-0.0035413049226462137,0.01857249130390352,0.01920561322092366,0.017042490223240087,-0.02862655373263801,-0.022084833160961846,0.05427133897069445,-0.01177798260622211,0.004392708013599275,-0.03719106416638886,0.037392328012963744,0.023266109868378487,0.07709421291130279,0.015556516670126426,-0.007402456181296991,0.08400348045953449,-0.03822090052066998,-0.044698333534972184,0.08141303841972643,-0.033816722119516585,-0.004222130962637286
AP4M1,0.006889935909382712,0.010337461289299146,-0.028702582608659398,-0.011380167907595629,-0.016690263657660034,-0.029002595539738128,0.04623163038388104,-0.010703814084566467,0.013843342440691204,0.0,0.021392094382317896,-0.02086540881399609,0.04054870713715501,-0.004707190407269816,0.05588420002840347,-0.013925321196905953,0.05979660309213953,-0.02885598800635434,-0.03207841541268191,0.001381873122190767,-0.005228615219379656,-0.013507248817878749,0.01868142204522189,0.0070227139308588725,-0.014660207922181256,-0.0016107088117652988,-0.027265449871335723,0.05442537920591436,-0.03696191070876769,0.05833271246502651,0.020131656697661565,0.01860741817931281,0.012508700537161301,-0.049457372408843646,0.05285497226285986,-0.016473360606878804,0.019001262523600283,-0.0055843396589359265,-0.006692834348494612,0.020417815189495717,-0.01343458274578945,0.011362012634361212,0.017761899359629758,-0.005066020402822472,-0.02355858788975211,-0.03879809533938573,-0.017524099980931924,0.02796507401517317,0.019836477290917177,0.05937612297288339,-0.01186643849200707,0.0033172221711493823,0.009249155847957151,0.024022016190544154,0.015533400046111503,0.047762951067828505,-0.02703386441251273,-0.0017739053898551329,-0.009380848487132857,-0.021666878570354847,0.01883897243199848,0.050482081203319075,0.03675795343497746,0.0478853667642336,0.013941703667828211,-0.025818951060322233,0.06606461075480907,-0.010303163436372657,-0.034029492036631956,-0.022539177246886394,-0.012690454077378108,-0.019386265587839496,0.024026146037823572,0.002474822545722311,-0.005634071200573709,-0.02034497111671726,0.02572613048765525,0.045953801597376324,-0.011954818297986211,-0.042827283266629955
AP4S1,0.0744828216282403,0.0008989151698092591,0.00926359555944385,-0.09120351214376889,-0.06505502676993803,-0.03301188341962519,0.08405954836902861,0.0434204194126654,0.049873859745700466,0.028642372437210017,0.0,-0.0016384888009765223,-0.018935392051361105,0.06820151738437845,0.08268878428893113,-0.07273396453562583,0.021063906156770403,0.045238311615776114,0.063483343701427,-0.027207478882726767,0.03634787444448567,-0.03506668727652753,0.03801038943328929,-0.0421625824791172,0.004871220735473679,-0.04856424120290426,-0.031799625841476914,-0.04692681712484376,-0.014677509724995267,0.025120175487790355,-0.04314045820342311,-0.07804816657299908,0.07737941442164932,-0.004137017196891325,-0.020596330923262903,-0.018511451342360017,-0.04686465710540432,-0.10716893214422817,0.07407520346384205,-0.011349948153671265,0.03050698594706011,0.0023427734963937198,0.1368449942411924,0.04172002752432342,-0.01170252048293421,0.015514947440852278,-0.036080895257152405,0.0634623300991529,-0.057204924310438374,0.045248920922892254,0.02354111802759237,-0.030745924542731007,0.018755593329476634,0.012873526016565369,0.008300351564449297,-0.04808829328566004,-0.008041035516669246,0.005829678255565174,-0.013954338733718647,-0.011669129622384205,-0.004302193626759718,0.019970285744207374,0.03941879636440514,-0.04910176667895087,-0.015460616259040537,0.02811297713841301,0.009285940451994643,-0.018068286804975294,0.013924113651037198,-0.05041572580633491,0.01764879304593649,-0.02272626844383792,-0.040219072009158155,-0.02539930184763623,0.0007815993586414531,0.004706502648461395,0.024424521957376457,0.07259674960388407,-0.0016470911114333958,0.062309131441862745
APBA1,0.042646833126415894,-0.02231025566203145,0.06607667195779926,0.02096649389144359,0.06072421394382144,0.08762999001736653,-0.007193102906496774,-0.043551176899364046,0.001399211938092143,-0.024673026917192035,-0.0014470493087293832,0.0,0.05967654076656352,-0.026962770749902328,0.037944105538957336,0.08050080947552833,0.05304773053256746,0.02255807124565359,-0.0357267858681403,-0.05186470537377541,-0.02495381352174368,-0.015314795861825083,-0.009362566181767767,-0.023961192542043545,-0.07664579349531582,-0.02023053501329061,-0.10496558767509159,0.03801416500315,0.09137355902910249,-0.049299978687621815,0.0953494725543656,0.019890781118482168,0.05468689068640295,-0.057108113022099095,0.04314310692527844,0.0374278087478863,-0.00752376528963267,0.037540975666073416,-0.0421968994133096,-0.035235197572497635,-0.10270957086800836,0.0032150844465657774,0.005298526135593256,-0.03514488822492972,-0.01992192842511065,0.027895127708116477,-0.03757334173967056,-0.038069389231325364,0.0443255463516705,0.021166589805247382,0.05678572880827482,-0.003912199424174195,-0.031248917133843042,-0.054139718916106895,-0.040731292227345166,0.032678442991844914,0.006012758553804004,0.0216144539881903,-0.04215425807766031,0.015446383177001918,0.020245266716184433,-0.00574061252344603,-0.033018813910946944,-0.04139893520145205,0.00083770347665859,0.04944967501682449,0.038290948087574904,-0.04336004174383714,-0.02720890691229976,0.02184226472460442,0.07503776886569845,-0.09319388371231835,-0.018487847806497083,0.03267461474524282,0.0024466407494638863,0.042340781272259,0.04183631477248308,-0.0008510519473732759,0.13644503860785498,0.008835992882508397
APBA2,0.003041025747874209,-0.07029536280736032,-0.05034976341491825,0.0022688280813965194,0.022432904037955573,-0.009346780893768987,-0.024385088345025993,-0.011817763215314884,-0.011961686687477959,0.04994575475015687,-0.017419680636529787,0.062162672166521604,0.0,-0.009421082437446318,0.06520781381727236,-0.028573007968876043,0.03156158358418191,0.008664153312556665,-0.011407115964443307,-0.0019273391236413774,0.04789090519620726,-0.021607482320879157,0.018625866850170137,-0.050789698905438926,0.02453714789441331,-0.01877909138831819,-0.005089968532052834,-0.0331873080301692,-0.062486934084783764,-0.04930175258324886,0.11406254094363083,-0.06154512875819658,0.003908515117652677,0.029286559378138927,-0.024073699418296252,-0.013280268156438735,0.07348849803146025,0.05329151819774078,0.08225784163611427,-0.019664961550477634,-0.052142406036735735,0.009549617958229735,0.006930517572927482,-0.023090349314615267,0.037593423831044095,-0.07584185646433556,0.03090265265558573,-0.02148508104600919,0.016725934671943863,-0.03370642168646129,0.025546251226422196,-0.03207514250780262,-0.06748099304120062,0.040556735847441426,0.008778516675447564,0.03250427072577307,-0.010044906029724028,-0.07055764922053644,0.023130385027883473,0.00917594221883542,0.011844068471613555,-0.05636926931943287,0.04956412220667224,0.00837823750121905,-0.00020176023679387102,0.0641183607375549,-0.011856504874563096,0.03543879537620318,-0.017273699807684218,-0.0032991461018816648,0.0481119166683597,0.02848608936361813,-0.042309930137613735,-0.09999260941481071,0.023207749451194106,0.04698010468198677,-0.010562968520946575,-0.010484772207460254,0.01922288428927039,-0.018585310975037784
APOE,-0.02938995727085444,0.029096499966292634,0.01893227426709553,-0.013138338266551622,0.010346819256100353,-0.02923617829114946,-0.05271891023928118,-0.010662929043043553,0.011873156783201009,-0.004888069820990403,0.05289492313434804,-0.02367797837340094,-0.007942456959956741,0.0,-6.217746351761601e-06,-0.010656843782278009,-0.008757810849203402,0.008652826547195656,0.061441072660632125,-0.03251673287253523,-0.012843707436011317,0.023791821748461315,0.009640737302626594,0.017620833214991485,0.04637797835451308,-0.04302693442951828,-0.025794440648598756,-0.015996674422797987,-0.023148494995914044,-0.017916241647417782,0.04988436653567648,0.023210209062823416,0.013399027261832255,0.006891133974540117,0.034174329721891966,0.025188512923706285,-0.014270907307390779,-0.07560089455972951,-0.008185035560942243,-0.03710094862945065,-0.03942015012960651,0.003648367826083393,-0.015063579839660186,0.02632523507223692,-0.0017362706292800773,0.07084238120457649,-0.01548380748124799,-0.025874831066069384,-0.02372990776320719,0.01142188730915699,0.0072461166175434135,0.04388272566777972,-0.01249523733699554,-0.016084644233056465,-0.054190283749629295,0.008622742427432004,-0.006183626131334839,0.04980435485861628,-0.012847152963862725,-0.009541144427098181,-0.03799320332002292,-0.06172528809277468,-0.005633550723991718,-0.022050420203463386,-0.004587789673972496,0.030150935163933017,-0.0594109660824241,0.01125031767713671,0.06460714082331323,0.04479823589144723,-0.045007148004064156,-0.015918150908904014,0.007461988573675709,0.019558825193822592,-0.03835210888791127,-0.04335651544800125,-0.07239606746140481,0.07013016047978232,0.013751375186266618,0.016742725599832718
APP,-0.05973663670125252,0.03533061790066832,-0.007251780731951148,-0.052014305038606025,0.032138607803709945,-0.01276707680074879,-0.000788072892656663,0.024451237784691448,0.003593287674896165,0.07113679576003527,0.07861332873756184,0.04084642445799723,0.06738811870261566,-7.62188913449979e-06,0.0,-0.01831765481993811,-0.015373652718151751,0.023573110122597468,-0.021182233250177752,0.033918059772179376,0.06544484600456603,-0.013222029652031099,0.014061106651559208,-0.019087790876803404,-0.04885878221285368,-0.052674029375451105,0.006226818641224653,-0.0027117289046023098,0.03433956031456973,-0.012013913231049304,0.022348762637187904,0.03203118920193288,-0.025902138240165594,-0.08432108515886004,-0.05012594677676254,0.010063861366765547,-0.021736954997814313,-0.02420427321673024,-0.021372658300735075,-0.0845734294236273,-0.01910668175208315,-0.029303527795526363,0.062170956238237055,-0.05440624570688948,0.01618410493414625,-0.0223699098345143,0.03630173179805136,0.1099351608162978,-0.04946255647318883,-0.01979905382880506,-0.05175636468014889,-0.00899812111220764,-0.023078658020297484,-0.07927313890644778,0.02860282622302369,0.029389931373043014,0.057276907763493784,-0.009012340272988967,0.023904150649379865,0.020352439350506926,0.04578568048739868,0.0011092239240736487,-0.03494302038324997,-0.04398427237404168,0.017619863921434765,0.024762732399954756,-0.049070182193513875,-0.002482530690138837,0.05622279991673055,-0.06109613152930528,-0.03905030459493935,-0.05731370187193756,0.011205998546561222,0.01833401527719751,-0.0262924266445585,0.022426955105567508,0.05850398851597027,-0.051608884712819277,0.041525430412232604,-0.0363370497867604
ARF6,-0.04717097073194214,0.01845959021959138,-0.0158167599430849,0.03899132879412727,0.04541552077427122,0.031945865484929045,0.051501893997152694,-0.039973600469203396,0.04517153074577435,-0.01507366687613962,-0.05880242963788877,0.0736916711040417,-0.025110079379768616,-0.011108787438359946,-0.015576802092947014,0.0,-0.01942075861569999,-0.04475068232334501,-0.026877296125883684,-0.0016139169706008605,0.021494280164440757,0.0656636466237393,0.09200580968763171,0.019668235238199595,-0.0016915205103969955,-0.003848385484890554,-0.05231258795442372,-0.0026740103377684643,-0.029452330647385772,0.013374851205131905,-0.010717265358697967,0.00969969950276056,0.040608324250238644,0.060718446436130925,-0.05282468213155292,-0.009549451466780177,-0.015713969644573098,-0.005744017168769968,0.0010708193577180784,0.004969967161766059,0.016068708791742065,0.11688427247290788,-0.059923510072781024,-0.052733937533611,0.03147114818762719,-0.03622267703133462,0.058323707346657996,-0.02189912804161617,-0.014737492615679929,0.04084439858631632,0.05790304373464213,0.09195116030063996,-0.03837590760224207,0.026881492118186186,0.042394022293177236,0.021284506116991727,-0.005138725725774257,-0.03545775022456594,0.02463987401740685,0.019834035222630005,0.0036821445637941733,-0.009225385217922832,0.012900678343610012,-0.020747306169498735,-0.07693968191586727,0.00039035982461074303,-0.02521303130339422,0.011978891460460415,-0.005224287194635475,-0.021548590817367035,0.006671997661375071,-0.07843007380539702,0.03227070942603517,0.07432707250073542,-0.016133893304790623,0.002522039339475145,0.013136186792901284,0.06701594808530009,-0.007271982892611097,-0.032430648562288916
BACE1,0.04680706324340394,0.02451042728045195,0.07319655592455905,-0.022257800235813613,-0.02063908120643015,0.016237279703918424,0.03933800162943828,-0.02182993232222114,0.0009514853492129388,0.0727980800364236,0.01915255162992353,0.05461534564745268,0.031194686751972713,-0.01026746753711631,-0.01470331351522431,-0.0218421764104582,0.0,0.02551725857807868,0.014587137172287584,0.07837213767506056,-0.029094618411839673,0.049659071790565154,-0.07443872209408015,-0.02782963744300336,-0.017270745231689855,-0.07451555834697657,0.06141577095517409,-0.03341406837742135,-0.008553241964488752,0.01721547049652636,0.019058805874157828,0.02081051414504052,0.012915271089758092,-0.009717097636622407,0.019171706004569838,0.003600528522753678,0.054292182603296886,-0.027616638338260946,0.069588935672383,0.026321827129026646,-0.00879344114897569,-0.05631931472370064,-0.03012242406796759,-0.0032397690514886987,-0.021172658992896234,-0.019644513229526487,-0.03774817404080245,-0.005749731473836563,-0.01632729221877596,0.05338825970176423,-0.028250046631501984,0.0012954919192959976,0.00673871944535544,0.038149560176776634,-0.040568013274268046,0.032029790958333575,0.005692474224744372,-0.03521122826311652,0.08773577375374088,0.025208986780363013,-0.033958112830683326,-0.034185455725829726,0.03336007679314588,0.040285112836052045,-0.014526342653655494,0.04401561586975253,0.06149665184554259,-0.02092480340617537,-0.03539610047795455,0.01095952840413858,0.05640380277765013,0.00972547856121183,-0.06783733219870534,0.05938138217237937,0.027831971856381314,0.04188066135576935,0.0010459653619223387,0.04355347797996086,-0.0026247576830737765,-6.267845819828586e-05
BIN1,-0.011479035939690758,0.17027864667172424,-0.01272029725913138,-0.018831032612668705,-0.0014379050249432492,-0.018395179872650096,-0.009694738461659901,-0.0013397542832693206,-0.05614954819347094,-0.02888619588793054,0.03382245358839969,0.019096810250222748,0.0070413991434024594,0.008341358107533354,0.01853813444623862,-0.0413847534964855,0.02098190931913809,0.0,-0.0008361018989785705,-0.005631779097825328,-0.013503618787642465,-0.011686478986765532,0.03545281054262514,-0.027983202540826688,-0.024485766209106363,0.05119847750125819,0.029628351685607613,0.002998000497584805,0.01602264160538086,-0.12081217088523227,-0.0011471051301091002,-0.006500275871393714,-0.0265347187609046,-0.03839978077208212,0.019485239795396073,-0.031360287209793065,-0.019467269592622162,-0.04946016681113773,-0.00010846248760729741,-0.013159726263621269,-0.024062836802815898,-0.010969639107350172,-0.03403280738581939,-0.005626283647140496,0.05669459361694108,0.10774715619382873,0.0026503973457828586,0.004853787694778866,-0.013694864254434029,0.0036527279939965194,0.027168035728159505,0.0035725803032840356,0.030184611052442096,-0.0022683875057912923,0.009614533789472888,0.020949062518792475,0.004499840174103914,-0.0947109288562523,-0.035877584143751404,0.012820738546651958,0.0029804892706921686,-0.007386852323541955,0.030496554020777472,0.030130382438969146,0.005746465138091936,0.007147107240525894,-0.04031471105444213,0.09936041926864203,0.03687455987011727,0.1285253153069632,0.0016904472186741958,0.012824966926190588,0.00653942034187093,0.012167689248056002,-0.010198641875361528,-0.003291589553248081,0.015464103090421174,-0.04415252628244834,-0.0489861830335526,0.00774880123067266
CLU,-0.0009719729850993131,0.02506404363252534,0.037591824001806724,-0.057027009677574104,0.014514771198185878,-0.00463783762339262,-0.017048890137771323,0.01700806584047181,-0.007855619950219881,-0.03274998306264017,0.048406344159383864,-0.030845838843105332,-0.009454802480861377,0.060406173679970726,-0.0169888764433267,-0.02534953847731217,0.01223277048493742,-0.000852713186707026,0.0,0.0012134011026786724,-0.01742095743018367,0.022496604505353644,-0.05427763131502753,-0.001482637470978066,-0.03842246295197468,0.014648595589659932,0.06301482340590342,-0.028331765122927222,0.015385095438359466,-0.04433956983071066,0.012668590175677985,-0.03743421045945283,0.09742349228863031,-0.017290081607234227,-0.029480693693839415,-0.03159647972176487,0.1003493843474413,-0.007004109426878993,-0.006664812273446289,0.0006369314342332868,-0.013831311870478355,-0.042903575232172454,0.010779517083332451,0.033704994921056775,-0.003964743900941833,-0.008327234935882034,0.012688739964391904,0.04979009475217058,0.05937696600186294,0.0008093864096293755,0.04496468432139448,0.08359897803527216,-0.011352623524291405,0.001444277035593831,0.025156639790179167,0.07277869443949599,-0.030758642504670673,-0.014444228036967075,0.020114183764108937,-0.009106569983817418,-0.046741556841911516,-0.02343310248598665,-0.028540066022557174,-0.006665010070950257,-0.013444716236486428,0.007015738829053752,-0.02736377779476406,0.0027926735227222833,-0.118220537299289,0.03580175895212891,-0.04983852368218639,0.03987775638503639,0.027280022940501993,-0.017708413961294685,-0.0404910158068185,0.01797281635525547,-0.05721407103838742,0.08467410204580524,0.023696824195147535,0.043694985245352896
COPA,-0.04891159619143068,0.0481273485535902,0.00631308451856419,-0.004172922218670618,0.0023642098627282638,-0.02137239963775983,0.021281881143781472,-0.03644644848453387,0.014918411353394246,0.0017528736207110265,-0.025775972205151158,-0.05563637380744932,-0.0019848102965039542,-0.03972040829738547,0.033799336583049795,-0.00189125431473324,0.08165837180449628,-0.007136308955975885,0.0015076087460897938,0.0,0.09029996021751167,0.05984293693005916,-0.008915825704685113,0.10099010000059996,0.07306949589789492,0.02252325190256822,0.03889590039491652,0.015486148472768255,-0.0692017340991061,0.05361732071557864,0.03295972736334706,0.10037566742493705,0.001642768856996762,-0.028337306079960524,-0.0012944559341580408,-0.0012637326741166397,0.034023736553857514,0.06046919346882172,0.011958427836959194,0.005768913589311531,-0.006892877334414302,0.03146877060988981,0.04252065401998936,0.044463870042488786,-0.055072358244199045,0.021250271234897346,-0.02822874029881917,-0.019682881885648977,0.025113860388750672,-0.018759532470860776,-0.014519148514288602,-0.02610338728023679,-0.021041167542912322,-0.1020512730960366,0.062424037869972304,0.041487036932634586,0.04910381411226408,-0.04878788715377899,-0.00021443013027993887,0.05097614432741595,-0.06506148602437724,0.0014197972428227517,0.04061816302798031,-0.022605962204911095,0.09295410706899378,-0.015477801252946094,0.02128958567658764,0.02545429348820601,-0.04297570381467527,0.07214912275281994,0.003086490744962346,0.0012552778170749274,0.001168164902012258,-0.016933503154122124,-0.009938108569736087,-0.012453207841747171,-0.040731125687027456,-0.007311504034380083,0.035995186362222584,0.050988434389686726
COPB1,-0.03429139998489394,-0.0025627166975740433,-0.06454716982783865,0.014051370114849243,0.020665765401592293,0.038495797575101735,0.0042174068140517825,0.010316278792441359,0.01905759493502093,-0.005285092136642591,0.02744032291893813,-0.021330806259809505,0.03930043499153529,-0.012502033255105682,0.05196800793955567,0.020071281110030828,-0.02415656249442224,-0.013635204194344063,-0.017248039065266223,0.07195666117000052,0.0,0.0419872181237597,0.17235234533128013,0.11585760003417274,0.06235006693989754,0.11268362505820503,0.0008894156114192537,-0.040898240189818996,-0.050671324569598004,0.017148274404631306,-0.01154030998664993,0.028615052834367556,0.03348728701357695,0.021781001085508355,-0.031595118738916066,0.026159621720110715,0.008226436659478174,-0.05889275803691578,0.007001210875766348,-0.005301410742781696,0.002261867599347961,-0.053195959437076064,0.0009381067161132405,-0.0040986915745899926,0.042722540426551464,-0.017310791855070982,0.04777740768743185,0.0013759341890946769,0.05142546801641245,-0.009704870345229662,-0.02236141084904893,-0.009674129508853959,0.02480645808550176,0.044258213288979636,0.04093228913802509,0.0457699971116049,0.021934055079958326,-0.023330726941068337,-0.001631038705454197,0.04873760679864306,0.08801406532571866,-0.013204346170431832,0.014174927694881765,-0.05004779438086302,0.08316844172051567,0.019223241147269067,-0.05106794835471218,-0.021325918488197797,0.007136158912776887,0.003909815445195561,0.004054462268722066,-0.041433150373073956,0.06538770759060665,0.030983158482419053,0.0007566899198236581,-0.0018271034065505424,-0.08168379741437713,0.0747567528519797,-0.009223391053399692,0.03931916263488212
COPB2,-0.03681312683674414,0.0432323774047336,-0.0027084039766310532,0.003131560243966262,-0.03769673312220607,0.007909002920567778,0.015624489966972025,0.04582385540572775,0.022731531696408114,-0.015452863382229199,-0.029962712266602416,-0.014816913410669414,-0.02006895053836055,0.026211635959402017,-0.011883241711301454,0.06939902523885953,0.04666564259440579,-0.013355844199605667,0.025209304599179715,0.05397249922724829,0.04752184418688761,0.0,0.04716200314514498,0.17333268793876055,0.037801865377929976,0.07314799617619135,0.0036032907729088765,0.0910184825172576,0.06255911603276007,-0.019289092001258775,-0.02100717645178777,-0.010906342534709968,0.08376300567561039,0.027575743173008056,-0.04398773860174433,0.004808400367233257,0.04727619641083233,0.026344307489802734,0.06405662991579145,0.028138299994243894,0.026034145640173666,0.02687003039620673,0.05452887673347467,-0.04191967444132531,0.008816914946686516,0.025095456908539808,-0.031683690702321306,0.03183004456078787,-0.025265650123946118,-0.006286512454298284,-0.0008866726170792963,0.007983167162837507,-0.06032905398649466,-0.09954487542040276,0.03734379619351576,0.053302978634819066,0.06957938083086602,-0.022379666361192305,0.10441223285685086,0.051973215613889706,0.0038319400324662942,-0.008946583406082263,-0.03136257511001854,-0.02073387736201384,-0.044272888579296975,0.00573901078210647,-0.033734608097341176,0.050456878853623516,0.0200740810787157,0.02684227796744917,-0.025153934746548746,-0.000592398067417156,0.0037168264129895014,0.07900668380215868,0.08924469833008235,0.060119356937637446,-0.03847583470690694,0.028686734157519156,0.07162688929745656,-0.009275098190620865
COPE,-0.006603179682852031,0.09289418445523066,0.004599409781406434,-0.048103637209908956,-0.020293089136048548,-0.03567840271748701,-0.023035418851902474,-0.007014869423756298,0.06290636259697666,0.022955241708695822,0.034883381343451855,-0.00972906946809999,0.018580905021654052,0.01140792224457369,0.013573322863928781,0.1044415955016125,-0.07513242991293609,0.04351792753382729,-0.0653272914547308,-0.008636764392644958,0.20951892417044862,0.050654976244304636,0.0,0.10990909126187114,0.15651485631991507,0.055825915378330114,0.028811150712023257,0.005757127356849732,-0.025332239082872646,0.009330382149811628,-0.05077722061353555,0.012974490444265248,0.019952003789995853,-0.0834987479211216,0.000546877811529586,-0.06722612624494556,-0.0738827426170451,0.05087646252301681,-0.07854313329031631,-0.017995051240300347,-0.05553317104927935,0.07253795040176744,-0.046936796316398334,-0.01966463684923512,0.005375815949024212,-0.0060173575698037355,-0.019402481787880163,0.008292494709508517,0.12669255910644556,-0.07721561524689503,-0.024653674641477264,0.04379257247980343,0.031690506866923804,0.05862207410141674,-0.043755076977463794,-0.03783471243618584,-0.06091541113846216,0.029880406388359634,-0.004809436979254133,-0.010209398813151855,0.015974864788426434,0.001483834372341814,0.021852850970676033,0.023086321058209926,-0.0030060113712866393,-0.07018247832858326,-0.01756176441426935,-0.061807309055506535,0.03404421362098818,-0.02424629377723451,0.021536424991177985,-0.009907626197279296,0.0884157875228799,-0.02800174770698308,0.057386613894997655,0.039593613389914774,-0.04061261207506393,0.03520253668573262,0.0016524572926673376,-0.03001831124741188
COPG1,-0.025661893829888677,0.020392897382433977,0.015246440020876259,0.08649052129608698,0.034200683039648815,0.035268617427247906,-0.0391689225500544,-0.02834849187007504,-0.021984450288357243,0.007945809653631904,-0.035629087640254464,-0.02292693891499934,-0.04665382422543171,0.019199237677925318,-0.016966161111079237,0.020558190267212173,-0.02586409671998933,-0.03162832493301734,-0.0016431226358703433,0.09008024234703858,0.12968562128813044,0.17142398477349274,0.10120334292614167,0.0,-0.050180414452635984,0.022864115223492874,-0.007661461192302855,0.10685666231425803,-0.035905884006330824,0.05078705759520977,-0.05990384371765208,-0.006320895010588086,-0.006807343887968141,-0.03995901619001389,0.015552958194183127,0.004608531175676343,0.007315011197249063,0.02164270324733685,0.009970886036255408,0.005483770551448487,-0.0111357963266903,-0.019137419689707634,-0.03764618691083503,-0.002751234238432726,-0.011348294471625275,0.041145378768713436,-0.011650936559400329,-0.016220427959730742,0.06931173090767392,-0.021051517817098516,-0.0863877979321888,-0.09207086802732244,-0.004955974947808367,-0.037328138037142966,0.030183386491632946,0.014116549969472276,0.06676639888434599,-0.06785641712043534,0.000971180146666066,-0.028747878385686237,-0.007174100244750653,-0.05433524138331101,-0.01737511351307893,0.08807106687900976,0.025738661183366433,0.015138839590521622,0.003573263215377676,0.021753625119519816,-0.00517560666590485,0.03902481955145995,0.02687866444408179,0.0011343007966611402,0.029549996679919577,0.013152302568879889,0.044234090165617995,0.02503614435341229,-0.00633024692306516,-0.0177104606512798,0.010833822357843154,0.03298253121907988
COPG2,-0.030924469877001502,-0.034754445322227705,0.04520934818303672,0.05561456808653486,0.03271203521830877,0.043258265941266916,-0.0755083255635305,0.019108623264995683,-0.1015887246228979,-0.02065365533325945,0.005125531697132691,-0.09131656905863055,0.028064629121639106,0.06292061722953875,-0.05407470673931219,-0.002201508525260404,-0.019985934563366847,-0.034460064874460704,-0.05302050054057115,0.0811541009879952,0.08690161335140698,0.04655088710740393,0.179448744533615,-0.06248242263932591,0.0,0.019703760484374434,0.05057781255078867,0.021811200366338476,0.003952013053312476,-0.01177543414169288,0.024905286524656994,0.06814392117595902,-0.035228155825239915,-0.04048506730373511,-0.013491124983988299,-0.013467826782844972,-0.02332100607880071,0.03103408036136054,0.06357617435886123,0.0435194187709734,-0.07045953949234977,0.03637820166486176,-0.03249559508164248,0.056003338970752395,-0.026784185498803702,-0.016845283188805977,-0.026016796602296426,0.04943982027502782,-0.11201469937017561,0.012956664210952033,0.020837943189005465,-0.0300997448049697,0.008152361567265171,0.0147033751172843,0.05394507723907491,0.007682877287484476,0.05380728593167191,-0.03334451706580073,0.03411250858101563,0.015392747495181568,0.06062538495538844,0.02182556576501436,0.06343357824305794,0.010487970361073556,-0.08736000902709364,0.06391041834710365,0.011643971280836229,-0.018434352418265524,0.07679998861299044,-0.038703772365663386,0.020036598825434862,-0.020088704400418385,0.05962983496659434,0.008584007534129103,0.03082754567884407,0.028135171379801007,-0.030663019094300373,0.009107655055200751,-0.013973885836160752,0.035557147412297395
COPZ1,-0.059255230742300574,-0.006110176664551852,0.0027473901685322313,-0.0890605656483814,-0.0864254375079925,-0.03919437888620466,-0.08308290080611667,-0.051495871799953234,-0.06460721160972156,-0.0021234949496155837,-0.04781840915755833,-0.022555166206565093,-0.020099590278072794,-0.05462594559112978,-0.05455385922718642,-0.004687044466774815,-0.08069335001977865,0.067427466366522,0.018916118007306137,0.02340899971472657,0.14697014665172287,0.08429359308576778,0.05989604035299953,0.02664130034721048,0.01843853967177459,0.0,0.043222885184719485,-0.008065522671325199,0.039633119594781344,-0.05606027811004382,-0.084461470515037,-0.028523077622181925,0.047359094615712284,0.0588460211531721,0.014499569181487775,-0.042640503573678566,-0.022488235195389984,-0.022124575241732534,-0.03976857540217508,0.010853919147507888,0.021440335305828156,-0.03154411600377287,0.005967564431832038,0.07243084011489283,0.08549782406816918,0.031375924828749985,0.04956159465735631,0.013297571977832715,0.08563639862878131,-0.06178768574355534,0.048236446965169086,0.11308062580925417,0.013597879212851214,0.12071192568431606,-0.011408756410563492,-0.02004757729217389,-0.03995090612534039,0.08666806388121626,-0.03907841001405294,-0.027664115762136888,-0.03753805094602467,-0.038469723879801056,0.015743335274353353,0.010918411336068443,0.019632188463872918,0.033488794638869,-0.04683318206139275,0.04846846607647701,-0.05273962133605718,-0.003411259711980606,-0.03270943909618838,-0.04425995577619552,0.05285956772472856,-0.04584143433488717,-0.05418969344358421,-0.02034713319696299,-0.032333488560193496,0.034936873941221025,0.020063093042555314,-0.08023322830968843
ECE1,-0.03402946626656594,-0.014639661032316804,0.018385069707616736,-0.03136236090143511,-0.05832759993023109,-0.002045636126047513,0.06617403055035026,0.02883513475312225,0.035868565746872326,-0.03183629076380997,-0.027731676362684917,-0.10364806579071378,-0.004825066723956275,-0.02900415882488526,0.005711770523171572,-0.05642899404734986,0.05890420387102295,0.03455913649322002,0.07206997072638271,0.0358039703252076,0.0010274215307773124,0.0036776215814525977,0.027377794600470583,-0.007906571844206461,0.041919205402013875,0.03828153556991752,0.0,-0.12401228930922763,0.002232573568515866,0.03159211181109444,0.03589460714411062,0.004058565619683972,-0.024251848922103376,-0.014314826280985241,-0.06791137359376842,-0.01959836560325717,0.05620886965235779,0.030991495289187782,-0.032339470131747906,0.01823628958702007,-0.019714762589538973,-0.04215987116428148,-0.03268243250206581,0.055573821634757034,0.08212112703036359,-0.07813192480135467,0.033152399900573865,0.01475111141811861,-0.006943224271398264,-0.09202371914642923,0.07847817844616292,0.030814874167871327,0.003767157510585246,0.0453015334876241,-0.003975160714855818,-0.03488008535327846,0.01887326860286004,-0.02963355791193012,0.005993129137382322,-0.03247190586555027,-0.05752656149060651,0.005076035539845947,0.03676849474323115,0.031787359001200714,-0.01935488562799362,-0.022109880066929176,0.030945131921637743,0.03639118542045658,0.03434936489787233,0.06724429741999609,-0.019971564557181243,-0.010232865369599773,0.018260554560523657,-0.027928881307188503,0.10722915157886204,0.013767026726267083,-0.008540054746826307,0.015534811924292652,0.01933962582486042,-0.006499071317280042
EIF2S1,-0.020126903281847713,0.059241892643043685,0.042417671851474534,0.04335349514792442,0.011799539912744057,-0.0016705685221884642,-0.05196560883719324,0.03474103691600472,0.007650240455973323,0.05923081720443799,-0.03814272159762259,0.034986152281377296,-0.029322211271257972,-0.0167648754782621,-0.0023183941408534622,-0.0026884109206782953,-0.029869792519236944,0.003259294158979829,-0.030201027664552824,0.013286397583052287,-0.044033682020765665,0.08658323067704622,0.0050989430312397424,0.10278143729347532,0.01684880224225544,-0.006658012089933379,-0.11558492381257508,0.0,0.013943943122975914,-0.09710985341554546,0.03554805212074284,0.02403805901337354,0.13258908789419274,0.036731345550304786,0.09490890220118989,0.04008871385397778,-0.0697402297803774,-0.007661563306790844,-0.03070284728899984,0.01958478688174926,0.008671824778327087,0.020770329799553483,-0.02585200116871381,-0.03481996520983644,0.007380117426534023,0.042204363001228935,-0.05076457804066558,-0.046581884601942236,-0.011823814112339008,0.029235859881067312,0.0006649341547907015,-0.05648823176609618,-0.0209132001806023,-0.05374757342809693,0.0479792575521241,0.09632144105471149,0.09459426016875248,-0.07469233434321956,0.02362359235090974,0.006383756442728558,0.012117797550461494,-0.018070391124940886,-0.08163562273409913,0.03439180446940929,0.01076336314643913,-0.03986018418672233,0.07711248734077894,0.0689442511950136,0.02828459835325343,0.025878864782190182,0.005540200550397023,-0.0006991824446678369,0.007961357338562252,0.0036730274023154545,0.03280214353394278,-0.0629085146727011,0.020713705693504628,-0.017449048038037204,0.04607985925477843,-0.03104370110096525
GGA1,0.018147667530633203,-0.05180992118823568,-0.0575645134038168,-0.005678814496505519,0.028090145121009297,0.04148201894314031,-0.05675416216588822,0.019113910155768948,-0.025444706485675105,-0.04667863747128006,-0.013843963717383995,0.09758628022956094,-0.06406655992788543,-0.028152105604450257,0.03406851679369069,-0.03436131157973973,-0.008872604092726154,0.020213590927170743,0.019031182731687985,-0.06889668070272852,-0.0633082245403604,0.06905772954516387,-0.026035468513369988,-0.040077091997760536,0.003542626215515521,0.03796538576676112,0.002414680868813654,0.016180915831133354,0.0,0.04067947302872955,0.07438078224859923,0.07591765855055688,0.028972410451258736,-0.02673083724151467,-0.023679477642466668,-0.0425347312788537,-0.013377705712998561,0.03224153175558565,-0.0328889909626514,0.0021401429248420925,0.022937351333557173,0.0556800278768301,0.0719576746257217,-0.005272083407890135,0.058049762242699234,-0.06958804984051434,-0.009442069902220592,-0.05850577550705116,0.07658171959900067,0.027174040019759305,0.015214229649428217,-0.007190437458970954,0.00016700547313640122,0.02925537875255554,-0.00819174147865425,-0.0018874055232489357,0.05958513705986467,0.07338206313339095,0.05064233330242977,0.03626367876417299,0.0054606891877359105,-0.01596071173217492,-0.03786202152865554,0.03757657519202813,0.005257731632781036,0.08024507055150402,-0.022543024727879273,-0.02370679497377871,-0.03914205107360759,-0.061869376054868155,-0.028319220639106753,0.02169432990803475,-5.0090062634361635e-05,-0.0004122608637801551,-0.008634909275584038,-0.013861582091531578,0.05709759333307487,-0.07986004889822547,0.1056325453822457,0.0142295271684405
GGA2,0.09857452199987865,-0.05695355756034134,-0.006874548384672881,-0.029255326803886043,-0.055611632628850396,-0.0015602292337428222,-0.03860201122695247,0.007570635182424084,-0.008365680438423274,0.07549453862656222,0.024281211466719677,-0.053957840622396634,-0.05180171676911181,-0.022329275930983737,-0.012214694068765606,0.015991110746489595,0.018301169702808436,-0.1561923103225148,-0.056207810289120835,0.05470487581989593,0.02195623690006355,-0.02182092131940683,0.009827224047498638,0.058092924048161736,-0.010817415121589439,-0.05503315533685709,0.03501645903673381,-0.11548362329116382,0.04168837098593111,0.0,-0.020384395524202233,-0.000573878197827719,-0.11295491155277773,0.007064273934980126,0.005585671543595789,-0.009640623475409877,0.05004213131338973,0.12134638731635294,0.03872777815243648,0.055059739100633484,-0.0064645926090776355,0.029428241193904334,-0.06554073980247356,0.006230460570441525,-0.13054054500714465,0.008578029592972653,0.040607156213623444,-0.04910781702909939,-0.009645399366728384,0.021673636716332025,-0.04325301019162212,0.033931394215130334,-0.03090867685636321,0.012264969551552882,-0.00017119194146266646,-0.04952784359895224,0.030695030336060167,0.022973182863161124,0.028940685065697632,-0.0721757642993135,0.037621912097945624,0.02303314203774498,0.013400835966734416,0.027807309135626408,0.04700550817947651,-0.00844442066491093,0.058235264479463825,-0.013288807712784404,-0.02954656625956338,0.03763221793110941,0.04372664081609965,0.080573752798493,-0.0027065872812226384,0.00216830839253887,0.03675285693766136,0.02507778198837442,-0.050300523082533445,-0.0279515443786174,-0.01252298520146766,-0.059865027941309205
GGA3,-0.05009925946828934,-0.030222249302413434,-0.044316643647561396,-0.01596071209649493,0.013411053598553827,-0.02335376156259163,0.015376613357015526,-0.009005316773653987,-0.014947954479106167,0.02007782651792011,-0.03213410833849483,0.08041923588155922,0.09235462621328946,0.0479099820879578,0.01750997007227048,-0.009874326277536021,0.015613111314565126,-0.001142841494316022,0.012375629416896138,0.025914232844447785,-0.011386461342403741,-0.018313139345403483,-0.04121299427794845,-0.052803011477791865,0.01763079633402461,-0.06389422726723638,0.03065890158492385,0.03257667302847396,0.0587400302531199,-0.01570838927966152,0.0,-0.017889123872789514,0.04066264558032418,0.04641355403970669,-0.02095147753181268,-0.017853990630797293,0.016634822183024804,-0.014499981683147308,-0.029982252620257246,-0.0486366094015997,-0.011308018307614746,0.06598685467286336,-0.017837589065395395,-0.010062145718860618,-0.028415716761848585,-0.011981240078847837,-0.008342961665419079,-0.015057208464196847,0.03635515296890167,-0.04585811866834733,0.07829368630269147,0.03130655789121312,-0.053006566453137886,-0.016964351810025046,-0.027571458947572704,-0.034384184334532455,0.004236514342860445,0.013559302371839475,-0.021456877521451406,0.020926083682783828,0.022440912464367784,-0.0005976773830955973,0.02165707534845646,-0.04013182589355486,0.010041811551312755,-0.018671100947644237,0.0510998928512734,0.005956305251496629,-0.04016985448514411,-0.0015112679152012264,0.011148805795728677,0.011239418363622744,-0.01013152899170369,-0.0023095326190163074,0.006009573598570863,-0.07088225662960203,-0.021309272437387988,-0.02026714096274133,0.06482800342321536,0.01673218140520732
GORASP1,-0.04981827762837849,0.04687443249014088,0.04617587563038244,0.005313319252839496,0.01906128458776686,0.04390406034826157,-0.019008741093671806,-0.041363068415662715,-0.0009464906621497513,0.0222614074180077,-0.06973864805952702,0.0201243936565448,-0.059777619446584704,0.026740524262798937,0.030104699879986752,0.010720402417275884,0.02045059263937473,-0.007768620119166852,-0.043866906108584444,0.09467002907228896,0.03386843833645934,-0.011405217412907651,0.012632371013981781,-0.006683622272237377,0.057867780429776215,-0.025883838771524927,0.0041584288713805585,0.026425282330325338,0.07191931594256673,-0.0005304969141636244,-0.021459440257519325,0.0,-0.046068110317891375,0.036323338094622445,-0.014137325923934208,-0.013744281129837152,0.005971665999871891,0.06049628912475926,0.0221780047487944,0.043816063895558775,0.05198711134181,0.048173464096189195,-0.01641146884789286,-0.047902133387220755,-0.0032394394894258065,-0.024923417787310227,0.015208174780909849,0.008168900127610996,-0.10296337260361327,0.06986802293920782,0.06222254230813023,0.03133179635195874,0.022754589320478365,-0.046368353325937396,-0.01675597362953516,0.06955569733319897,0.001379494930298554,0.030016587118659375,-0.03444570579914779,-0.03958150378082377,-0.009601288648174442,0.01804890973408801,0.025496546644241346,-0.018137786475903753,-0.011645336474361343,-0.012513028800467367,-0.03662115950005829,-0.01719563225227496,0.005697228443396059,0.0063159190071807175,-0.03509202473153155,0.044845070438993606,0.04791577574395286,0.11478169875488327,-0.04358650234203457,0.028007319581760014,-0.02157060392721525,-0.019731163742677665,-0.0024579597809105593,0.051010627450018824
HSPA5,0.0021509169648351715,-0.047478105727580294,0.024486977333881294,0.0011934460807937334,0.0038145075607105873,0.012308041759240922,0.07481232790044902,-0.00833513686982031,0.016332584947864978,0.014022651899254427,0.06478697685053529,0.051844853894925005,0.0035571991929491064,0.014464905266484609,-0.02281120953717128,0.04205516428837192,0.011892634506889247,-0.02971515797201457,0.10697529149837806,0.001451817353551848,0.037139157016905414,0.08207826082980405,0.018202562808382228,-0.006744697386018075,-0.028031805489308073,0.04027051198053914,-0.02328375480033048,0.13657760091265606,0.02571809698515949,-0.09784073662039376,0.045706335930726504,-0.0431669988617824,0.0,0.11482417986357937,0.03046946919538145,0.0678397373715473,0.015139870091436688,-0.08824042026809653,0.03835482900547363,0.00780826776964725,-0.006063817258448794,0.01905279521917212,0.12894570135822336,0.04246643460274647,0.0047124970268852175,0.024498712195143157,0.06378373493023967,0.02768678400253212,0.042551405316704316,-0.03356276101401282,0.0650627142673004,0.009544963610966444,0.052804119912993636,0.05437744218239672,0.022720143641143248,0.10875891048865552,0.029587852841323734,0.03485796616880251,0.008736457987553674,0.06818614512946107,-0.06786278231157597,0.028313443458354803,-0.028195349775266068,0.0032438904783732873,0.059235203831505885,-0.07051062605745509,-0.0061994710660665964,0.008014796322235264,0.03490025116575818,-0.0516490662029604,0.023179736942263305,0.015344472663453441,0.040024773750326884,0.01634080951726158,0.09861868962258798,0.07200356199728299,0.01770494598211593,0.06730141051583945,-0.0017488730315832388,0.06104353320633342
HSPA9,0.004895867961774655,-0.10131304689934197,-0.046673773609794654,-0.0044524329981036,-0.027779640432810393,0.014750314589300883,0.05197750783137512,0.015832519460145276,0.0095162505928397,-0.05837119755449815,-0.0036466930457974877,-0.056999341741858514,0.028061723994788887,0.00783217933164516,-0.07818050843286226,0.06620252031085547,-0.009420212912181149,-0.045273274383177485,-0.019987866253256478,-0.026365966127829644,0.025431941778572904,0.028448064559494522,-0.08020022549283841,-0.04168205978172114,-0.033916078702214345,0.05268057055462526,-0.014469177736854506,0.039834387248844735,-0.024981376722123992,0.006442163341209274,0.054925650322156884,0.03583330097202256,0.12088793488654098,0.0,0.059836590305212656,0.027700752875721685,-0.031792614908243394,0.05432263939947415,0.05448068262146756,-0.006468670548003623,0.038304964952772524,0.09492447257819203,0.038596231162728895,-0.0468561391429765,-0.014654499921567121,0.004519620730953291,-0.0295043815288301,-0.03715211472204879,0.02175263742861217,-0.04520642830276126,0.07683758943793281,0.0327874890761946,0.06156962767801423,0.016565422015036683,0.019992350406835568,0.029462303247132476,0.021807123582161882,-0.023419659907933797,0.06082685916832346,-0.0198458010415149,0.005143098492040078,-0.012761261170757756,-0.037946488721126645,-0.06621478021807947,0.019103275996900603,0.050301793730466345,-0.0277514883552142,0.005362117058912593,0.0891134425834576,0.03654460509509293,-0.028919227926704455,-0.03278776712552049,0.05059564659479109,-0.016928952738225717,0.015717685448003598,0.02485300462690267,-0.005890007170475697,0.08818657745111202,0.1129972056267125,0.05556561167429461
IDE,0.10005868206931347,0.061048781540957525,0.022680586413565233,-0.02328313910737074,-0.06639643228857638,-0.041166630334593654,0.01949784136629505,-0.10700803856793431,-0.037684419587976484,0.06389293586340523,-0.018595213736371945,0.0441044974731656,-0.023625894485446684,0.03978243534443846,-0.04760190386858905,-0.058991602712449694,0.019036379037040373,0.02352980600763701,-0.034906517338807154,-0.0012335928124454457,-0.03778514617864635,-0.04647897753559784,0.0005380038209869489,0.016616778104614024,-0.01157599592702387,0.013294986346827634,-0.07030718586138773,0.10542113412873082,-0.02266602459762758,0.005217218497552742,-0.025394780830434824,-0.014284589532875473,0.03285594220189677,0.06128670445180757,0.0,0.045442532591066995,0.04858950731748462,-0.012461585211479179,0.05160503141145284,0.031175275151287787,-0.12475229514251077,-0.0292497956864382,0.03738881496043198,-0.029641820237506084,-0.004310457610791543,0.025388186794563138,0.09035693164133894,0.014767853393686766,0.04004874833703794,-0.00627108735366704,-0.11367077381741598,-0.027247972079505505,0.08429811287104981,0.0034506862159439738,0.018656482555040987,0.05373574241481978,0.020094835818417162,-0.014615513865413527,-0.09198178487557687,-0.0037266294676589953,0.05026263526689716,0.009107330254759741,-0.027059710966830536,-0.004590044444188782,-0.03982712986387854,0.010347915300167456,0.009148946904220846,0.020687496980757874,0.05859839105709326,0.09548625594468275,-0.06629217728991763,0.015387820315243113,0.10765944644516612,0.04740886803403246,-0.0019332300937703103,-0.06397414572698255,0.006732841919612256,0.08568563158240763,0.01692531427595465,0.02839950222588097
ITPR1,-0.012294252816338308,-0.014175406129375985,-0.014614128373761744,-0.033799816707652086,0.05213660457852454,0.07390648814894714,0.005204879236844354,0.03537956558889982,-0.043125132370425937,-0.01566635605626733,-0.013148329396201232,0.030101258590617973,-0.010253474675468631,0.023068145449433357,0.007518741820005194,-0.00838977900427851,0.0028126042649853295,-0.02979280647603894,-0.029432443146763892,-0.0009474549437309867,0.024612252774706765,0.00399709383742737,-0.052029773587682605,0.0038736032625023647,-0.009091310987415765,-0.030759120572161562,-0.015962313927395135,0.03503173521424443,-0.03203064791243518,-0.007084146681400035,-0.017024874074503822,-0.010925499893587131,0.0575508825034224,0.02232080205165908,0.035750434105510855,0.0,0.03818437505388268,-0.042774360437179054,-0.0006278544481156478,-0.002704456323000698,-0.012163178612301833,-0.030766715752060206,0.02091060617403094,0.013207407420423652,0.03714286191825381,0.029805729459492947,-0.02621613988304484,0.039110844793787576,0.032714499227364656,-0.004004660856977492,-0.01569993071641952,-0.006230711200158038,-0.020559409030014027,0.036857306069154584,-0.01379733000791016,0.019531005465711775,-0.010772949341344375,-0.005084192638788604,0.02685209414414808,-0.011480252229049578,-0.011722698912643645,0.012004040490212392,0.026955557598783646,-0.01853293259632435,0.031209431830988513,-0.018864436427358258,0.0349960680446325,-0.03796922407750675,-0.029957511278565253,0.04452186628870583,0.007976565751645915,-0.02566934475763191,0.048401409210891984,0.06147819387818358,0.05291327530900619,0.02091020988410205,0.005001382046226614,-0.00758058415282092,0.00030935510789934287,-0.019471250880077298
ITPR2,0.030753487225749998,-0.01616221330564228,0.01233954792134941,-0.010334524079179395,-0.030394949472468364,-0.020914976822274473,-0.009736766660807718,0.04918586666788942,-0.042181863653468474,0.01896523380380505,-0.03493538269482309,-0.006350610065375069,0.05954887283947915,-0.013716764847433532,-0.017043908275723454,-0.014489318553549757,0.04451123372576391,-0.019410037874597344,0.09810525764067429,0.026771660826422468,0.008123096653463264,0.04124546518478499,-0.060013203965459117,0.006452938986926759,-0.016522137401714813,-0.01702538414482526,0.04804750049515848,-0.06396064811125195,-0.010572887803675662,0.038592967807847774,0.016647795181508877,0.0049820118030551985,0.013479690906433427,-0.026886509745916404,0.0401191056707075,0.040075194843766856,0.0,-0.006810165854347976,0.024581367523036194,0.090406389582302,0.03331095574343031,-0.025169307041393862,-0.03198943910738225,-0.015196227959524702,-0.05498655332996936,-0.014117004380314723,0.0006469413425060135,0.019444100036500517,-0.005621774006274515,-0.07500818178727187,-0.03898298654891055,0.019802146154379953,-0.033263015950440414,-0.02392589165650319,-0.040222971899037535,0.08416556446861355,-0.003555979874683413,-0.026633656628033266,-0.01804411049196115,0.025056458012045934,-0.006913140571390129,0.010682420564345249,0.030588200458862753,0.0004152969818116977,0.003186224258527433,-0.007421973949957097,-0.043422343912050576,0.03052375893967777,-0.018657586010989283,-0.03092964958132009,-0.03679419470722484,0.00643223942164411,0.0324329764049163,-0.008071602253245326,0.01311258336402471,0.012611067282297763,-0.0006743945005208362,-0.023928388783720687,-0.023222228918907895,0.019268655914177875
LRP1,-0.005201364520330508,-0.03938170923066233,-0.026583628482327617,-0.01623869533363849,0.009140462187748737,0.038059345651921025,0.017310406197125126,-0.018567024840823114,-0.03259508371736548,-0.005979936781162764,-0.08571128156928812,0.033996545418625346,0.04632989235795942,-0.07796076044860463,-0.02036158365138312,-0.00568233461443717,-0.02429137886011234,-0.05290855986883059,-0.007346483660406709,0.05104773857801347,-0.06239083245530406,0.024658660930224976,0.04433735037193248,0.020483449357477715,0.023588854520281144,-0.017970721377732982,0.02842218769091684,-0.007538690269714386,0.027338625528890607,0.10040336177786703,-0.015568796394174257,0.05414857133707138,-0.08428967459038145,0.049287644786862386,-0.011039033809372073,-0.04816399518922712,-0.007306454986287124,0.0,0.014271007703207559,-0.03492813304010062,-0.07128225489465365,0.041948384348778206,-0.04317483122970706,-0.032677384236271714,-0.017460037498089047,-0.028449194867131274,0.0217377633487951,0.012675690210880858,0.011576220160124726,-0.013217845276933834,0.024784998045796716,0.01599838002252409,-0.027851523867557074,0.007451521905683369,-0.0003994206207040786,-0.041246179234370565,-0.024098580901091807,0.03188479202151915,0.023499777170763528,-0.020342510969635574,0.007867576914467695,0.02240448232353305,0.0363250921812213,0.029147093834494427,-0.009171536937155196,0.014155089773346055,-0.008599954240766029,-0.03851934381694731,0.09456228970386435,0.006720976445109863,-0.025830743931866962,0.002622989192107744,0.07790898211944368,-0.016226942655343454,0.03579868901221048,0.0009274620873377592,0.06512819319985973,-0.011620610300300418,0.12244185197875239,-0.04142552520442789
MAP2K3,-0.001951689993767356,-0.0011333987071537913,0.119332149992174,-0.005535814038531185,0.00797798155873318,-0.013667123260354491,0.03873760780623123,-0.06589786235640281,0.009339805534199944,-0.008106707223361424,0.06701184634393063,-0.043223449047986584,0.08088912800582658,-0.009547273157932796,-0.02033703772365223,0.0011982210200899336,0.06923587651771312,-0.00013123798995826432,-0.007907226171686136,0.011418947180454886,0.008389608423880014,0.0678197889282504,-0.07742312504805861,0.010674191395622487,0.05466029964524304,-0.036537619481625344,-0.033547295773274734,-0.03417171723757236,-0.03154432254747824,0.036245461225754824,-0.03641342164201509,0.022453827642543795,0.04144159915777606,0.05591256148727014,0.05170820526953388,-0.0007996641023210544,0.029830786909216325,0.016142258064790325,0.0,0.05951981589934219,0.05520003020519162,-0.04515845929760636,0.031241610353067408,-0.0014145097367532803,-0.001678471202109912,-0.03415633955288123,-0.025670116942702145,0.01317662181703053,0.08367941931287178,0.023592305968844474,-0.031135627437863765,-0.01255581221174819,0.01674170238785434,-0.007689248559038554,0.021963875919611967,0.04317018012642568,0.008912279775885571,0.047181023224840433,-0.04339488909955218,0.08926888250659197,-0.06178154844504248,0.04597247626369155,-0.08658764541254972,0.0012450220816046045,-0.059019999990444834,0.048007611006732294,-0.05636176595079898,0.010240809782352716,0.017675819674448916,0.010264500412440253,0.04294521962567259,-0.055587224192491944,-0.0016955382952672277,-0.03341810510798774,0.013904669187505434,0.044781034369569164,0.02438253690898728,0.04067227669848109,-0.05905991728521046,-0.011958600657267865
MAPK14,-0.09107256915378138,0.03770761581925605,0.05094693958933816,0.06991795656506297,-0.025482940275900718,-0.0014225875328157376,0.02647120804973483,-0.013832716953233192,0.01103185563083003,0.028092464294839525,-0.011663227989861129,-0.04099791264664772,-0.02196605678501917,-0.0491575181798883,-0.09141327107585338,0.006317138464782506,0.02974768605903096,-0.018087269990672207,0.0008583710847316253,0.006257374778655623,-0.007216159811252999,0.03384046792955706,-0.020149381450200978,0.006668477111225471,0.042501754665695585,0.011327470852643219,0.02148855708337302,0.024760143540432853,0.0023316297588634946,0.058534424717989045,-0.06709755250886862,0.05039035642973098,0.009583349116637841,-0.007540984319887458,0.03548328906356328,-0.003912683813181888,0.12462465013193826,-0.044877760302239986,0.06760950180658597,0.0,-0.008321689124562352,-0.11752735186544716,0.05504578125716208,0.01658253295437458,0.010396366757553087,0.004297337637083292,0.07791304602520588,0.11755809335280927,-0.017628069166229887,-0.008446813024376224,-0.061615387477254764,0.013475213822836172,0.03146563019517711,0.025699524740305714,-0.06502655574416086,-0.06208936768202094,-0.013318115852007104,0.014074850129534801,0.015024873336357504,0.019557618803258882,0.03426202751952447,-0.042555214564835527,-0.07225012227857938,-0.07590763868240992,-0.014268356378296454,0.013770821094308954,-0.00134657332978723,-0.049211211587867926,-0.08341881479350707,0.037269471249231634,-0.03972162706062475,0.10913549047426829,0.010158958131861285,0.022937470828110196,-0.06894516658927416,-0.04755278553263677,0.007506631398718224,-0.013770186064389874,-0.02446686006939349,0.04303204712991278
MAPKAPK2,0.019379843793774245,-0.029104426682717073,0.09771851390153609,0.009340948936420455,-0.06371215337030615,-0.07933274025541086,-0.04856236639156781,-0.0767845681835723,-0.01498158299119706,-0.020248530031314854,0.034341000068619044,-0.13091357968762862,-0.06380266458028513,-0.05721527071677832,-0.02262295476383708,0.022373637957099828,-0.010886412024126914,-0.03622944994136374,-0.020419002361401557,-0.008190066579219127,0.0033726448981448724,0.03429814113041969,-0.0681161123475414,-0.01483397073363482,-0.07537933867302819,0.02451131962388074,-0.025447848746398917,0.01200973849411684,0.02737466590773701,-0.007528476784673119,-0.017089078286181936,0.06549354593664812,-0.008152624975046971,0.04891666304707706,-0.15554314189473323,-0.01927660795610066,0.050301469030321226,-0.10032888375254463,0.06868694819464623,-0.009115914361999496,0.0,0.022014743260291993,-0.014775484110418118,0.022744472224237398,0.02528164230324757,0.013380216927001856,0.04237141990231703,-0.002249057682127265,-0.07083591006053504,-0.02055050114077894,-0.007371047329213499,-0.030818412911134376,-0.06972945275380323,0.013242107909046816,0.061912697899463444,-0.04763043997372583,0.033422723928023486,-0.061682897316382344,-0.003892998884658391,0.012074504692483015,-0.037392505536259134,0.01600256492422642,0.04096593495210656,0.05346084281533765,0.011493302767599103,0.04372623359867489,0.03229063343594784,0.06116072603871867,-0.054100409158658005,-0.03016655597738984,0.008458551316618412,0.019254039660839,0.00940053906802937,-0.13975794768270725,0.06643255686087957,-0.029730646653126743,-0.021722106627981484,0.006072012296051122,-0.05040555141544108,-0.004725042286408522
MFN2,-0.03804541788992852,0.0010516815611810973,-0.06967316123642939,0.014097398127198568,0.00934756420239619,0.013169923018543047,-0.0015988530199380823,-0.030723556596234707,-0.03502891104425052,0.011471899289334116,0.0017666669256546242,0.0027452184435379596,0.007827885900227465,0.0035473418314275872,-0.023243134989923055,0.10902408333105118,-0.04670829426255048,-0.011064148457841958,-0.04243022839584365,0.025048250562782207,-0.05313648519234369,0.02371407290064432,0.059603724683058766,-0.01707773459166224,0.026071408148741572,-0.024158180466101218,-0.03645604387076333,0.01926979921000683,0.04451596012561872,0.022958367365695505,0.06680366723850732,0.04065569923656358,0.01716013893766201,0.08120648010824165,-0.02443069937299803,-0.032664454488958064,-0.02546100685379893,0.03955218945714136,-0.03764304628634453,-0.08624589622205735,0.014747702389375656,0.0,0.014609395361099765,-0.03624330943729976,-0.0510827061056247,0.0038108621659095044,-0.0158291306554889,0.02010574931097756,0.052071225235333,-0.02335641774488753,0.0014704744787302677,0.020100935686515123,-0.0006411321239997956,0.02784208757163916,0.013992388504132636,0.020503324715302838,0.040006282922418916,-0.00974439359527891,0.06575642612405172,-0.009240624393609467,0.012057749514910496,0.014168706788150751,0.017303938452993637,-0.07610748703203521,0.05119235781698174,0.012385904912905893,0.02445842053598717,-0.03337648325859099,0.10150861980580497,-0.004360272507981542,0.030409137796450318,-0.028851626993694035,0.024250680858101805,0.03217813006582408,-0.01908531645091776,0.005628632157018398,0.019751563423718293,-0.07115611143344276,-0.02194785075007871,0.04188774763128477
MIA3,0.054752206790959684,-0.11621304716598194,-0.04500509682400752,-0.005741923662137048,-0.10724741062089972,-0.031755223758561484,-0.015794829836523788,0.010215937393831982,-0.016803531586229877,0.020902241045143117,0.12027536425587317,0.005273063403210037,0.006621365278662463,-0.01707088378072151,0.05747589374214817,-0.0651458866593744,-0.02911722302604302,-0.040007997949904256,0.012425234083291626,0.039447632817534765,0.0010921689153136954,0.05609032201908466,-0.04495157904296274,-0.0391553636415649,-0.02714383119384322,0.005326799688758893,-0.03293881909096026,-0.02795447578946162,0.0670527833248446,-0.0595952192945452,-0.02104759215837401,-0.016143005676027937,0.1353606271185102,0.03848405098799941,0.036398052919625945,0.025875233767640365,-0.03771675574772865,-0.0474470623223142,0.030353057581819717,0.04708113431798583,-0.011536547219385067,0.01702768592617372,0.0,0.0023612458673480893,0.10262318039725896,0.0365179090625022,-0.0014373158137701574,0.07864172149675656,0.06750154106057946,0.014687773125368099,-0.05634171742405701,0.05569417045651869,0.014027617269372227,-0.012694216210116061,0.0590507571545352,0.011298911447515396,0.016799320367232928,-0.003761533942929418,-0.03589935834168932,0.006676225771167984,-0.04582165332719214,0.03876920350732274,0.015901718253376107,0.051715685630206565,0.018421934155993535,0.02826129235592324,0.03371944603913464,-0.05557443187804889,0.0625339703029651,-0.025730999618574262,-0.04138026817468968,-0.05912433166305431,0.06656308998662616,0.03496268506791098,0.03423621602509413,-0.0031154958922014926,0.0337007403473167,0.06145451819039354,-0.015987705020527144,-0.011085987177529719
NCSTN,0.028276359179092887,0.02884616654780461,0.007176703137272568,0.00360300588880693,-0.014152549677654024,-0.03424672080831818,-0.016868244299846288,0.007650597108858394,0.07250504156530502,-0.007242446135360364,0.044545849360567234,-0.04248982784392391,-0.02679953593171375,0.036242234206632584,-0.06110290202535226,-0.06964578659483449,-0.003804424586882821,-0.008034994046517151,0.04719700418779443,0.05011216475758036,-0.0057969252218331635,-0.052383459369558225,-0.022878752065116303,-0.0034762638139944515,0.05682971325613067,0.07854303231280141,0.06804227212661372,-0.045740447715489116,-0.005968110488211964,0.00688232421223647,-0.014423536577216893,-0.05724093183653948,0.05415595038476455,-0.05675671822751332,-0.03505550384226661,0.01985409644028906,-0.021765988549247044,-0.04362554415917902,-0.0016695132421496732,0.017230133379233795,0.021573712411540758,-0.05131757532868108,0.002868508251091566,0.0,0.03282232913129255,-0.011825842521491409,-0.055203521358831706,-0.018507938653529298,0.07863537423298779,0.06435096136810094,-0.03935438202667364,0.021880380263231573,-0.03593601160421353,-0.01887219561072626,-0.10578309535706303,0.03806070122546615,-0.006317595844188261,-0.035562265730816583,-0.031127421145180814,-0.031922826736256515,0.0396885741410881,0.01515530916195637,0.08583537955232576,0.0033360977796175304,0.038471843502991786,0.06576592198842279,-0.08759669484368256,0.0256310530582767,0.008864607289047642,0.057485067820666876,0.02054776855047005,0.013868213064611381,0.04310088344353466,-0.0023366272274573724,0.12199070990325324,0.14544622078846223,0.0848111039863257,0.022347469186335903,-0.02283679068510829,0.08704370156006974
OSBP,-0.06703327317191796,-0.04373172188227015,-0.09077245412123758,0.014078569375237613,0.07923544183052322,0.0878220709974059,-0.02812438483300318,0.016613569949515114,0.005628078872639045,-0.028820941550872333,-0.010692583193070279,-0.020610795330012668,0.037337842711131795,-0.00204550569799465,0.015554008589136534,0.03556786569608221,-0.021276045005505406,0.06928610584787816,-0.004750899862997977,-0.05311413923656341,0.05170709020939115,0.00942830223631785,0.005352188036220543,-0.01227033237447168,-0.023258438716804167,0.07933773061776087,0.08604071601372525,0.008296137102014212,0.05623356249606016,-0.12339596745165637,-0.0348562244255652,-0.0033125487742191482,0.0051427100727174085,-0.015190159996047914,-0.004362297628566008,0.047780257504292156,-0.06739686022485628,-0.019947079318122674,-0.0016952681057195206,0.009243999906382725,0.02052082770570944,-0.06189459815186362,0.10668440331640372,0.028087298275442846,0.0,-0.03324472784660522,-0.023572616396219524,-0.02267128287654049,0.05248089452448548,-0.02489812025298073,0.07627524990408636,0.0732189214373501,0.029949994162611612,0.03876236936915912,0.058255100342284497,-0.03512608351278473,0.013026165924215224,-0.03668225390944316,-0.007012441979722866,-0.015426135869087435,0.03730236688040213,-0.0868988010316242,0.022998117681652136,0.003330169181262221,-0.015249758735637135,0.006180303803889306,0.07314546645543989,0.02555156384916894,-0.06742864941875856,0.031050550683457592,-0.10875465517709382,-0.003396529370021477,0.07181241208513865,0.010382976281720703,0.040111478779996206,-0.021236967966294495,-0.04158600621028721,0.11432600903105193,-0.026143473500929156,-0.01282875056442452
PICALM,-0.023591288530789643,0.09479572244172231,-0.0532841503190758,0.032221711382593776,0.04685212574352242,0.050465114809459914,-0.02565627893214916,0.02659479464061955,-0.020245866432140745,-0.04752200595447653,0.014193156307681136,0.028894632698192556,-0.07541743279743737,0.08356066245695995,-0.021525008486588566,-0.04098747927866994,-0.0197643355420623,0.13183653245739776,-0.009990494924076694,0.020519482354854506,-0.020976615261315636,0.026868127513788722,-0.005998162672252527,0.044542259514455555,-0.014645556528164771,0.029150546189849556,-0.08196021466276679,0.047500200989512284,-0.06749246145523446,0.008118364283071765,-0.014714616491184598,-0.025516755722778475,0.02676761372755711,0.004690496176884979,0.025724624754869568,0.03838825104502707,-0.017324119275187178,-0.03254090084402528,-0.03453991530252347,0.0038256326607138654,0.010873721236205584,0.004623038836589493,0.038009032459596595,-0.0101320683435274,-0.03328497468278066,0.0,-0.05924131408449558,-0.016897940893543205,-0.03805161526939111,-0.007906146908650994,-0.03337551523955772,0.09345211518009033,0.045955994386859496,0.01152793999008535,0.042154536884106066,-0.027204095192807642,0.02418865271191166,-0.060071811826736744,0.04285302091190333,0.026542533554591068,-0.03053320582122827,0.027856522679942788,0.09139235119478377,-0.009501357885045152,0.0986906020977647,0.03139985738267622,-0.011710591919080218,0.0677185727284904,0.049918899747154834,0.04393303713875925,0.02748575874751798,0.09156429334716179,0.012473459624628315,-0.062245445875306595,0.0271063045575004,-0.10047202049437864,-0.04231187402310076,-0.06638459860049506,0.007749504349349493,0.025897620064358258
PLCG2,0.021850895808954326,0.02780182818502284,-0.043889746155725405,-0.07748011467544319,-0.06234089236127804,-0.010823187997336475,0.07187593311882234,-0.058439705989121966,0.008279383800926387,-0.023124594508063853,-0.03555985874663151,-0.04192979045412314,0.033106448601635294,-0.019676168448235408,0.037632276140709,0.07110003817190375,-0.040915789955665756,0.0034937754474707603,0.016400561931574693,-0.02936618067923044,0.06237278062154963,-0.036545348176024284,-0.020836451053569016,-0.013588329269081758,-0.02436887218190781,0.049607744027084594,0.03746653941819874,-0.06155352423766872,-0.009866016965383983,0.04140355347269351,-0.0110387899693251,0.01677447739959473,0.07508105947341107,-0.03298810399107287,0.09863541663230949,-0.036376537810735354,0.0008553179106436063,0.0267872723474155,-0.027966095631929914,0.07472536038586611,0.03709728304566536,-0.020687852435076006,-0.0016117109661114971,-0.05095500471288909,-0.02542654099212495,-0.06382322254863844,0.0,0.01702667464888224,-0.008111656162732109,-0.005497407482884243,-0.04386449524482571,0.015564108234761608,-0.003154253484709405,0.03476144263822138,-0.013014357298602534,0.011384633273435455,0.041669745814928515,-0.052746044988397446,0.045982439661085756,0.05399579688358298,0.06351563804424364,-0.03048559821040883,-0.018530465880465443,0.09201166693366594,0.05593034758900426,-0.051302184060770105,-0.011102656356265192,0.019779188817180767,0.05160846046264697,-0.005667006184994311,-0.01899758020668804,0.14085228228604438,0.030105606388051383,-0.041478222555524795,0.008466590970922705,0.012729247432564822,-0.07059053928397717,0.008337855947965808,-0.03402463016063306,-0.031175557165903943
PLG,-0.028325398597072796,0.06374609825584121,0.05587813930488681,-0.02336626095512235,-0.02529687644973813,0.016558654197290332,-0.02710747179372433,-0.05374302467672825,0.024900280058234806,0.03788388008516486,0.06420942966207403,-0.04361329058665441,-0.023629466031355538,-0.03375517535416413,0.11699568255685097,-0.027406375956155898,-0.006397976354247741,0.00656847956660523,0.0660667982404094,-0.021020581743912595,0.001844039680413155,0.03769065300364929,0.009142221624966005,-0.019420822071560137,0.04753993329763174,0.013663961576235235,0.017114074917010023,-0.05798414722209807,-0.06275863128186046,-0.05140267796881679,-0.020452469879214234,0.00924986866875007,0.03345746520993159,-0.04264365833278383,0.0165496516707777,0.05571214626244391,0.026390680208461664,0.01603560425846545,0.014736968290462556,0.11574718691049586,-0.0020214814305344418,0.02697607035095833,0.09052906714198132,-0.017537924337634653,-0.025104736444072136,-0.018689079366506746,0.017479536558717684,0.0,0.0049002514395721465,0.026456018106162105,0.004630133293150312,-0.015779955315657134,0.035591958057188545,0.03231213328095191,-0.014384167273970289,0.017495206207997806,0.031811098679626046,-0.044293837671082345,0.03176865698828797,-0.04398305987523902,-0.01988734528209278,0.003907799357383323,-0.048368888896485794,0.04930353007743065,-0.018361822756702128,0.06490571833200386,-0.11610043492707198,-0.006606860428094175,0.024833350521225702,-0.02286934546760405,-0.027251790484542855,-0.011140372757031945,-0.09898670794578066,-0.04000030355584647,0.025725976235908513,-0.014440363305898275,-0.05933318980685014,-0.04823211060620333,0.006697870402212989,0.058976817747132294
PREB,0.08228549750809289,-0.04000997035790823,-0.02616282311758453,-0.015361110906725735,-0.004113261056321913,-0.002288300236260224,-0.02679393791416475,-0.0434044668058851,-0.013225850828923347,0.027845769511546714,-0.059975297149050144,0.05262029005099028,0.019061782161553537,-0.03207857664611221,-0.05454638493466704,-0.019111931628856597,-0.018826319647228182,-0.019204278841114968,0.08164216344656275,0.02779237843264373,0.07141789529180688,-0.031001527115820195,0.1447350932422958,0.08599401769049388,-0.11161251563484671,0.09118404875953105,-0.008347300984128983,-0.015251269906341075,0.08512478566279327,-0.010461923139545682,0.05117094876713893,-0.1208122393007441,0.05328323994581933,0.02587253788263259,0.04650681809590272,0.04828910587348766,-0.007906646365946108,0.015175279032401394,0.09697927205090012,-0.017985348247448,-0.06597491426138417,0.0723956402886105,0.08052021312774385,0.07721368743474602,0.06021947901672341,-0.0436097315382937,-0.008629106008166456,0.0050777879352539215,0.0,-0.017520698203952183,-0.03640626803113275,0.043239350565767436,0.012770992964502353,0.03086046597368488,0.001968652057369635,-0.022271379062639603,0.017855523000325082,0.011945047252695176,0.04550700228025121,-0.01666028889741042,0.02905403398424453,0.012417935285444876,-0.03761984525619832,-0.04099785141679274,0.06286739608003834,-0.015092409213117757,0.028645961815011785,-0.1465406893268412,-0.0504460656610139,0.08029296974930425,0.056914567067345434,0.054834091553019514,0.09742732489311752,-0.03346726141403896,-0.05190910305870149,-0.04745979574176407,0.0052948648670727416,0.043579816098183344,0.0328265704911062,-0.003985202354233227
PSEN1,-0.011066437437819276,0.004443786449077659,0.030295098225410304,-0.010128747401934554,-0.023330942942961713,-0.02491797800890987,0.009066420849193783,-0.022231735698238546,0.028129147870520767,0.06497586570683118,0.03698220343953262,0.019588248156273365,-0.029945482779858763,0.012036562475144915,-0.017020778251649625,0.04129134710955673,0.04798909837299742,0.003993035468328922,0.0008675569103310164,-0.01618377430087435,-0.010506645896868259,-0.006013231909600455,-0.06876594827411865,-0.020360595354443133,0.010064139460727189,-0.05128707950489463,-0.08624426487314168,0.02939746275907342,0.023546734750477846,0.01832604142512305,-0.05031752723168571,0.06390755349736861,-0.03276272080512684,-0.04191532802548308,-0.005676963388140006,-0.004608081945811368,-0.08223811240265322,-0.013507536039091527,0.021314552425203807,-0.006718194142428708,-0.014920842190147911,-0.025314328671975014,0.013658177325654448,0.0492580185701199,-0.022271419008556895,-0.007063513174857433,-0.004558896825096703,0.021371068535200124,-0.01365831021383224,0.0,-0.035400675097551,-0.06549896174840064,-0.07010688553355576,-0.064643918992116,0.07852204734677955,0.049701950513496254,0.10519822066428573,0.0019429887866948053,-0.006770878942273278,-0.04183815479363339,-0.013474650348395614,-0.05931862868739418,-0.10784351537937453,-0.018151542113698942,-0.05314461756507891,0.01897605986935103,-0.015210142842948974,0.03489552025649469,-0.053483423019518604,-0.046552169305629124,-3.832750618857059e-05,-0.015925722428658657,0.003787379492828012,0.015472490388113854,0.018231172868343054,-0.03625087075629785,0.013770525563068969,-0.019064542475510555,-0.0019876561574736205,-0.01351233787666018
RAB1A,-0.0004089041499999562,-0.031378831881280114,0.01407268423588269,0.033752632315756044,0.033923370369851887,0.07147521064806946,0.015346162463185552,-0.0009483173713287957,-0.04874340063437159,-0.0120375263592909,0.017835622095790947,0.04871475563819917,0.02103887284253095,0.007078586494416085,-0.04124538503600722,0.054263094898447176,-0.02353924968975197,0.02753091814169535,0.04467764107825337,-0.011611158960326632,-0.022441412026579684,-0.0007862091432668987,-0.02035291321840029,-0.07745261463773875,0.015004271460684228,0.03711572699185503,0.0681798400540518,0.0006197966706856867,0.01222089658041468,-0.033902352288512884,0.07963544633904136,0.05275918891255357,0.05887502140967707,0.066042427195522,-0.09538908437659525,-0.01674668329323457,-0.0396201598969982,0.023479074867208002,-0.02607594570626307,-0.04542819418912897,-0.004961085828092097,0.0014773870646075426,-0.04856724773397371,-0.027924899350160223,0.06324724144681232,-0.027641428220498185,-0.033720312528459175,0.003467143942482404,-0.02630863684842768,-0.032816190547862806,0.0,0.16594426024830072,-0.04172043142110331,0.08727098440908161,0.04508742092392971,-0.016907073038224415,-0.023798555051575687,-0.02856279330335179,0.024927896375605003,-0.09279787770432796,-0.019794962447541562,-0.016678969005443776,0.013547702897595566,0.02160871809291378,0.007371815218615466,-0.05259993710841655,0.022665517265878288,0.0546188414510403,-0.031108643195631395,0.020238697871549322,-0.068662890934818,0.010505741849133927,-0.06847749081523227,0.014266068801796409,0.03155221229199118,0.08386993034755162,0.007088332654464287,0.09825574096194792,0.06435416061947725,0.027913701250439783
RAB1B,-0.02261709263342841,0.035036312616989085,0.04963738692651358,-0.06626684522864358,0.05041682600306039,0.06340526313725911,0.07817180750806212,0.02132011520758771,0.0019076300325412366,0.0037507107520350315,-0.025963957496084662,-0.0037407997853087546,-0.029443269893941196,0.047781191372070785,-0.007992554156282028,0.0960467194702007,0.001203179186067987,0.004035214359214454,0.09258525134104978,-0.023267699446755184,-0.010821439379299433,0.00788991223628779,0.04029651918930011,-0.09200852583230401,-0.024157113074302863,0.09698242059393157,0.02983936782700747,-0.05868819240251603,-0.006437697563688189,0.02964403757667594,0.03549254590396087,0.029611322832614403,0.009627096683655086,0.03141084420513227,-0.025486265594057377,-0.007407827290127232,0.02243238927874011,0.01689235717956212,-0.011720588356942075,0.011073734587697675,-0.023119581356845328,0.02250998627760715,0.05351127599358985,0.0173051568545678,0.06767113048178501,0.08626682038479824,0.013335977452906553,-0.01317062252793032,0.03482759631183989,-0.0676757678281137,0.1849627998343328,0.0,0.008036908535988194,0.13065991633635027,0.04739201952114497,-0.011210453466326816,-0.04197825436420196,-0.012803091170862261,0.025642427918401378,-0.027872391890527978,0.059365708376231056,0.040123727947793494,-0.015796225696001313,0.012246506901095777,-0.05450785784791225,-0.06822753393179463,0.053705031225999754,-0.04086068646585693,0.00587742627152203,0.0580481450686186,-0.00922737747710666,0.04289945962624187,0.048626276967992446,0.021787673824739198,-0.04686890736763621,-0.00850480828886722,-0.02131357775649885,0.13201465035553042,-0.02477022075525606,-0.04041546851866727
RTN3,-0.03687550371530339,0.04070032921394958,0.02128067178348363,-0.017811812997224584,0.021396949473222918,0.02822622095184661,0.09431167515838079,0.058330908289670365,-0.0067681350782755004,0.010911372400556306,0.016525416228437822,-0.03117573627811335,-0.06463044962678907,-0.014195351664223674,-0.021388610513560478,-0.04182368055051728,0.006529970880215061,0.03557201459229658,-0.013118233122282214,-0.019568821866914037,0.02895183933607008,-0.062210219151684905,0.0304252761262477,-0.005167413364828388,0.006826591544014535,0.012167861626026644,0.0038061093841371676,-0.022669999707297456,0.00015600705118351776,-0.028174377629687088,-0.06270032222302081,0.02243777468630766,0.05556830272161352,0.06154265726357675,0.08226746940544254,-0.025503637129235476,-0.03931544197000249,-0.030683258299720524,0.01630581406643267,0.02697945336766028,-0.054578829788041176,-0.0007491085620298521,0.014062344796835182,-0.029654377814200647,0.028881191986487798,0.04426241341334866,-0.002819911435471996,0.03099493156329882,0.010732657539764334,-0.07557840408235617,-0.04851870637438878,0.008385467745505653,0.0,0.14383281161119452,-0.04524709521580657,0.008311085172954612,-0.059980627987497745,-0.027180163207608403,-0.04261977260753114,0.0715616254398953,-0.0014882283709711337,0.052257371917210214,0.01856207652376663,0.045633122625163766,0.043399195301464945,-0.025540824448488972,0.038702252799704503,-0.07238599979679478,0.02633456507374232,0.021274597856759066,-0.031478351746989756,-0.039367450510256016,-0.03844277697774813,-0.030761871264384847,-0.09678567842461765,0.0038135996948380985,0.017806231355918214,0.04145862723442671,-0.08671032401238223,-0.032740843909003316
RTN4,-0.011189531172408377,-7.096240612339239e-05,-0.03608781092447758,-0.011417684522088944,0.03622881053953315,0.01180634413428334,0.08857273063908347,-0.012202113940026049,0.02513942433501996,0.026803619992183274,0.010728174532117354,-0.05108630114082233,0.03673883852416162,-0.01728302751997339,-0.0694871966187453,0.027709180156592524,0.03496472526241348,-0.002528406161947821,0.0015784699923208569,-0.08976767730217636,0.04885533482008327,-0.09708694583206438,0.05323205580511018,-0.03681180772807053,0.011645127250007818,0.10216449134669131,0.04328995212201455,-0.055105709381801975,0.025847941652122296,0.010574189943863567,-0.0189794702152976,-0.04324532545783983,0.054123368029390634,0.015660980069020183,0.003185095589849648,0.04324359571927167,-0.026747080559013574,0.007764334053773141,-0.007083264905549865,0.020841478262808102,0.009803288901200857,0.030768458174478704,-0.012036118116527592,-0.014729502781870546,0.0353537431900574,0.010501500208292346,0.02939296414241347,0.026614061012362668,0.024529675415167766,-0.06591305421928903,0.09599243599822808,0.12893990873522765,0.1360393931126978,0.0,0.013937000335396854,-0.03003450915038111,-0.03506439721390888,-0.0008925259780115383,0.027449036084496607,0.023930913269520206,0.03300086473055198,-0.044820050611053076,0.04898548799299347,0.016176073192793024,0.005948412005038564,-0.017233639987253104,-0.008785703786170164,-0.0894469064339872,0.007745353295224106,0.044356298063739225,0.006035446100917504,-0.04737264295068653,-0.03056774830884607,-0.01799761782988287,0.04134052081109438,0.040086154196859694,0.04255653290373115,0.07487294384896742,-0.10461763392169911,0.014520095517507358
SAR1A,0.021835178324968937,-0.0026867239940185305,0.04410681495810397,0.0024190223261372355,0.02689037545680367,0.010830385949137536,0.010888261917474485,0.031341037226046,-0.01454944040304906,0.016241302508751266,0.006481792654313652,-0.03601529551602206,0.007451674879566496,-0.05456323593093557,0.023494056843123227,0.04094918478157298,-0.034841324462327336,0.010042183552379791,0.02576373284341481,0.051454545948936344,0.04234035367472325,0.03412956300479314,-0.037231526482716264,0.02789260739739007,0.04003587754227196,-0.009048121799139778,-0.0035595838316546803,0.04609582483960459,-0.006782140918668796,-0.00013830385381066615,-0.028905260938262452,-0.014643925021483602,0.02119080443116536,0.017711307336957808,0.01613678823305799,-0.015169231981227433,-0.042135945258201225,-0.00038999590202164794,0.01895958807669904,-0.04941564981518315,0.04295015540911185,0.014489924598191213,0.05246580637806955,-0.07736637704057588,0.04978853796815313,0.03598440220567301,-0.01031189899279051,-0.011101983385731236,0.0014663195293379084,0.07502494832376849,0.04647216049639376,0.04382485925813873,-0.04010215866039943,0.013059893701620928,0.0,0.06811295818075143,0.039951828380315114,-0.021693044891732943,-0.009921891710075603,-0.06819367648593595,0.010853508328129226,0.028550342099474872,0.04054027660583615,-0.03189316421141659,0.03425271741099679,0.017507276304691934,-0.002115407657771995,0.01394076508359449,-0.014595086771314469,0.006091010110918365,0.08377018141789089,0.06474155953946253,0.09160381531660715,0.09607603813328786,-0.014574301591380269,0.00886610262293208,0.0034778124855542824,0.020826292569518217,0.007590938935943084,0.02503726978783243
SAR1B,-0.05128067584726146,0.07403031288149645,0.019383229476400973,-0.052794863150259615,-0.0025512265551855483,-0.02106974274595089,-0.031137792401716956,0.005288254473783535,0.03518061824300988,0.058223763312498775,-0.04378171834754259,0.033687977793436054,0.03216829023624552,0.01012229288397088,0.028145076398570258,0.023969501718684685,0.03207153989840623,0.02551051994092116,0.08689908602029878,0.03986934520322251,0.05519809955967238,0.056796102501217735,-0.03753423943079622,0.015209134873570784,0.006647773620502013,-0.018536887719231905,-0.03641471077803698,0.1078911521959813,-0.0018218414764935484,-0.046650379000259964,-0.04202722019985975,0.07087210460060234,0.11826493876649562,0.030430441383676052,0.05418828160393626,0.025035019547823348,0.10279401237135537,-0.04695351160836648,0.04344687744444312,-0.05501052485969905,-0.03852338099725944,0.024754454048804126,0.011704214674741791,0.03245395029579454,-0.03500095874005492,-0.027074412909458438,0.01051694886612172,0.0157430801379569,-0.019340226492841228,0.05536589377768691,-0.02031705193611946,-0.012086297690070951,0.008587951294201295,-0.032812979153232745,0.07941170755986184,0.0,0.0039482620159234875,-0.03060458593797358,-0.03009783799832211,0.10554319998011101,0.017240806528148946,0.10048888660051071,-0.014310986097252622,0.0063261153337130045,-0.010255920814970128,0.013080113895040393,-0.11357170441921377,0.030656157725947566,0.010465187152644084,0.0746442240639445,-0.050445380625291025,0.0036062915680170997,0.02947115654291187,0.06414110288503128,-0.06220522724033637,0.03661466449425885,0.05946267261311012,-0.005485168339646685,-0.008954036815546485,0.046941470842453356
SEC13,0.018229565807132402,0.018236940436651992,-0.03638392403899233,0.044737453297560154,-0.002244955117966008,-0.006434398821738984,-0.00498226053740624,0.024059541624974222,-0.04134982239189669,-0.032985363908336396,-0.0073277298063115105,0.006204279852007742,-0.00995032940070161,-0.007265754801324046,0.0549019097079973,-0.005792351317072868,0.005705199155796278,0.005484737335090248,-0.036760561840033026,0.04723304451886386,0.026476842866803182,0.07420815657533159,-0.060487883721334824,0.07200089949156462,0.046601236431468636,-0.036974778809582234,0.019721978207922684,0.10605512798782879,0.05756882083205511,0.02893862230663014,0.005183041043868441,0.0014069114278261307,0.03220391271140168,0.02254467448421015,0.02028292644195659,-0.013821716434445568,-0.004347070665278206,-0.027458692297731867,0.00897775082441066,-0.011810692646506244,0.027057375714134434,0.04834608291960831,0.017418125445675187,-0.0053919598349465294,0.0129918454250623,0.02409575114136574,0.03852969720242418,0.028651894094029816,0.015519976144794966,0.11729548749541203,-0.028625091208164567,-0.045300032045055776,-0.06203644119598819,-0.0383438334105356,0.04662249161802188,0.003951936826759997,0.0,0.015364985457099092,0.10164487955876862,-0.04346519745991731,-0.0016886697532341366,-0.0041812870949582874,0.03645979875851162,0.010201054612859608,0.13694530713126973,-0.021365113338272658,0.008923082767461763,0.06359101331746225,0.04315964370558271,-0.014110404503318474,-0.023795580697733396,-0.00289455227736277,-0.0422099764271102,-0.02401557959712783,0.07499904226790097,-0.07582570445286135,0.011845954441227623,-0.04807951672752655,0.07102398914620386,0.06665052498345363
SEC16A,0.0396176840807949,-0.01861777466833747,0.0627644335260037,-0.02972089485532217,-0.042560106969870434,-0.07669511243884168,0.036946591310900764,0.0847042925893215,0.035729825543632826,-0.0024242333173162284,0.005950217859982657,0.024980015133717958,-0.07828282624271428,0.06554440818307287,-0.00967556383018969,-0.044765294580515154,-0.03952589612848693,-0.12929735924796745,-0.01933481967408126,-0.052562200366723655,-0.03154324382148455,-0.02673348054854422,0.0332321564760286,-0.08195995436465849,-0.03234533092495785,0.08983981713865948,-0.03468310456339726,-0.093793714161543,0.07940907240523506,0.024258378504110327,0.01857993226368385,0.03428773315929371,0.04249404257913601,-0.027117957905805533,-0.016523081939687993,-0.007306008489177412,-0.03646691425541302,0.0406914142143342,0.05323250519345699,0.013980000033235454,-0.0559293032728291,-0.013189208146476731,-0.004368230035778284,-0.03399500002230141,-0.04097708545840272,-0.06702399872741677,-0.05462550430682844,-0.04468366548678006,0.011628860475766266,0.002426464928407033,-0.03847935474243046,-0.01547461263393871,-0.03148609065826944,-0.001093152698528405,-0.028353726704157575,-0.034310049912084944,0.017209290566434582,0.0,0.017294169323353856,0.00013603962018856716,0.00706441585619149,-0.0032281731700762807,0.009605916826192416,0.1327280201388319,0.010139355467577911,0.008531060988389039,-0.16231721103544322,-0.03551123016645784,0.04877532238259009,-0.05649219785813837,0.10130383172954428,0.0010523573828272966,0.009240421093744669,-0.0036683229504210243,-0.018660395257901204,0.007001821358620729,0.032105267271113076,-0.009958534253376073,-0.015336825768542707,-0.13750641218392168
SEC23A,0.015568482507711076,0.022937265413101204,-0.017559722584718652,0.03807345878441951,0.0026462847440073467,0.03544504547443715,-0.029548977808583416,-0.007462968999989199,-0.032337260944320746,-0.010717148503606402,-0.011906680676339812,-0.04072705834229391,0.021453513129481447,-0.014134107410093934,0.021453847214979862,0.02600530298057465,0.08233233368074831,-0.0409454751703693,0.022508231226423706,-0.00019312589122141423,-0.00184346762122082,0.10426689610355416,-0.004471563755172562,0.0009806267671648033,0.027662663224423747,-0.033864121559369215,0.005863824559368767,0.024799150593401004,0.04581282543934102,0.025547156618601404,-0.024579127795958763,-0.03289316889396961,0.008903372875349827,0.058879614078865536,-0.08693045737423394,0.03225741048903772,-0.020653652325196403,0.02507125673825386,-0.04092995784283893,0.012475770511972753,-0.0029508836653481386,0.07440382632498012,-0.034851411057287805,-0.024874933549885535,-0.006548585444108586,0.039970005805102446,0.039809867569354986,0.026791529171211196,0.03703571046390771,-0.0070687388622282625,0.028074103649966747,0.025909394061618265,-0.041273469172951875,0.0281047824804947,-0.010841198126626737,-0.02820741620383406,0.09517206315598668,0.014457489028674038,0.0,-0.006015163864783084,-0.014618439118971942,0.021015995093966303,0.05726594434966702,0.010504286856452162,0.07417146491404723,-0.01758979255766848,0.009361401185339915,0.00587286555192691,-0.004874822884568317,-0.058154366647485245,-0.010790477757579712,-0.0836440610301151,-0.03260836829415271,0.01993875526182176,0.1247980398568728,-0.013171491824564688,-0.0831138075762007,-0.09808639010799848,-0.032120796535735595,0.014357808173598496
SEC23B,0.06750735104666392,0.05413103761785637,0.01889898235489648,-0.02531630997564722,-0.03532504748924058,-0.04385284776601711,-0.06486702448578859,0.04266322747954614,-0.0036302099074707107,-0.028573430505094425,-0.01149340783912234,0.017226510176393418,0.00982415343400682,-0.012116881773820833,0.02108517664304851,0.02416369934210696,0.027307252976886583,0.016889806563590987,-0.011763124460928712,0.05299691423751516,0.06358641715558361,0.05991058468002358,-0.010957065714002259,-0.03350723989191277,0.01440871943780074,-0.027672514943901685,-0.03667448464829526,0.007735637025292098,0.03786815420855497,-0.0735451542088325,0.02767048754631384,-0.0436306642724541,0.08021289963439558,-0.022175177466855486,-0.0040655120619648094,-0.01591958264087698,0.033106248561999015,-0.025052197513947702,0.09719226896438736,0.018745690538033374,0.010564915841649172,-0.012069444862974555,0.007481584809197719,-0.029447541100384007,-0.01662892895544291,0.028577488047749927,0.053961943939768636,-0.04281668055483658,-0.015651425149857692,-0.050419475038456486,-0.12063885887030927,-0.03250882411361618,0.07999612507653124,0.028284031435291932,-0.08601135941739242,0.11417924634347178,-0.046978002174383686,0.00013127664940241313,-0.006943466924520041,0.0,0.1343485007673007,-0.07850675020624873,-0.04317556076712631,0.024832018816171055,-0.010742028613581136,0.04675505474926848,-0.03208856480315421,0.07616725405721225,0.03835004231291974,0.01153246997149544,-0.009860867385173482,0.06797575716669293,0.030511691411447536,0.02620416632009742,-0.056053809738674985,-0.0370283240774102,-0.03817452918963139,-0.026896110995782038,-0.050464522433584034,-0.0016653739961310704
SEC24A,-0.017655830043811886,-0.008352429479377092,-0.06264504466170254,-0.006282881386030708,0.07421723536369111,0.030100182980467523,0.047161588467611856,0.1226349774732196,0.02150533418730346,0.02806279109548206,-0.004786388250561136,0.025503607797077978,0.014323626682972455,-0.054500932088498405,0.05357942705515488,0.005067115409254699,-0.04155026401380665,0.004435134678336835,-0.06819910160673759,-0.0764038416199931,0.12970593652856247,0.004989422621833684,0.019365954432186503,-0.009445129446298842,0.06410196852041096,-0.0424141896825138,-0.07338922033813748,0.016586359884068265,0.0064410601310627875,0.04330231882508436,0.03351791403884544,-0.011954644862225658,-0.09017525028010914,0.006491288774596886,0.06193724909814172,-0.018361809442928635,-0.01031747197279745,0.010944347724544097,-0.07597977954812456,0.037094211448137085,-0.03695633552457106,0.01778934069117209,-0.058001731856735336,0.04135431295365371,0.0454204185951573,-0.037133142095949354,0.07169946483052754,-0.02186814709792649,0.03083084432083913,-0.018342178654720053,-0.02906775400953973,0.07821144197763652,-0.0018791694838407543,0.044057005556012774,0.015462847337322705,0.02106794182254152,-0.0020616039078608984,0.007700269886351749,-0.01906064220380339,0.15175410296017516,0.0,0.0950434157230626,0.06585250073203748,0.03318620204277023,-0.0021101565501557883,0.08624290037368129,0.005531114507654472,-0.054623834130678825,-0.11693325279780212,-0.06380284726786162,-0.06689672511128462,0.007943480243906039,0.0187565490517283,0.03448751593050553,-0.061899946835756406,0.03178605671776842,0.021035652204113835,-0.0232689317748361,-0.029929546719903072,0.050476918166981674
SEC24B,0.007818659094659097,0.07076727294536475,-0.007266304990127807,-0.05010680801542495,-0.005814892202068352,-0.0840166462748378,-0.05001827179455229,0.03144659347815688,0.024199830545913143,0.08183121853214625,0.024177442806047642,-0.007869451568640558,-0.07418269448121279,-0.09635389118464309,0.001412523670867178,-0.013815053938282272,-0.045517639191351995,-0.011961531290289013,-0.03720603467817326,0.0018143691798910872,-0.021175456830412342,-0.012676428677688294,0.001957470637112895,-0.07784490422784023,0.025112530780217586,-0.047300598770404476,0.007046875952322955,-0.026915537616235642,-0.020486617731169176,0.02884905482946125,-0.0009714297675250966,0.02445491964318213,0.040940816579126224,-0.017527008606691392,0.012212536017457953,0.02046083868810335,0.017349049908475876,0.033915007208733174,0.06152409751977661,-0.050136496518499774,0.0172108392004045,0.022747408262566306,0.05340294395680084,0.01718415684599445,-0.11514276175177246,0.036865855058970935,-0.037448815435894914,0.004676011215253016,0.01433958176838243,-0.08786838244710796,-0.026652264223957195,0.05752333145106379,0.07180456424113417,-0.06511336096795331,0.04426278694856078,0.13362591155285117,-0.005554930205998568,-0.003829081661356026,0.02981910460563293,-0.09649898203253184,0.10342610039938546,0.0,0.03914726824186583,0.041757646991494736,-0.03045003733680369,-0.006032147522708994,0.09293090430628688,-0.10107944713748174,-0.008454058697467369,-0.003220231561817054,0.01596030964871152,-0.06922190331281283,0.02385365091959978,0.03180710235051394,-0.054320412552196294,-0.11146583208388146,-0.02505124055789047,0.007609274341759007,-0.019458315796771403,0.04487821560986784
SEC24C,0.026554314837217118,-0.034827465659379615,-0.028597363990015816,0.06310042024180083,0.029090417167972164,0.02683104336632733,0.03921481842245745,-0.043637450304609714,0.015055294766513275,0.04177391255567203,0.03345811793530257,-0.031733630776333434,0.04572983985434128,-0.006165387879983004,-0.031196725447270243,0.013544179007579444,0.03114135172600909,0.034621844026859964,-0.0317695183709996,0.03639080585219121,0.01593708181399395,-0.031154693248292366,0.020211102100308707,-0.017452124455244876,0.05117009755485479,0.01357114143468357,0.035786554435133594,-0.08524860462541624,-0.03407170532299777,0.011767449886878547,0.024678369131490744,0.02421969623341514,-0.02858336524879198,-0.03653910131699157,-0.025439583015679418,0.03221190152214012,0.0348282790066645,0.03855101243764068,-0.08124101627590079,-0.059677668466678796,0.03088925138905424,0.019476850643698775,0.0153565775642043,0.06823415576510687,0.021364228408476627,0.0847967723479805,-0.01595885631038257,-0.040577142582897414,-0.03045623117273122,-0.1119973193826586,0.015177583657283118,-0.015876989087506777,0.017881465447343235,0.049892730468148044,0.04406423241247422,-0.013341795181127783,0.03395900436330537,0.00798819558360036,0.05696565953698821,-0.03720709659378846,0.05024032604292419,0.027445650246126954,0.0,0.020883020044758942,0.0689794201913376,-0.007088868857036326,-0.051374647229637846,0.00396155184042126,0.04540235498880713,-0.0018047297246936652,-0.03141067402095669,0.03718920128343937,0.11200330225014037,0.04914754973579897,0.05615328872108029,0.004995631482717967,-0.04297355753568128,-0.04346496026650854,-0.012770503702482347,0.01563339493134719
SEC24D,0.03925637043453889,-0.015600981531091965,-0.024891456736065437,0.04152288916421907,0.06182226516786109,0.01666391454251051,-0.031434677988317825,-0.025538524690973726,-0.03228557002797863,0.06947680358145247,-0.053208185423274816,-0.05079613260192721,0.00986888549794932,-0.03080904572995592,-0.05013363129193549,-0.027808978442945158,0.04801071612192267,0.04367040830095161,-0.009471955498148865,-0.025856966523123606,-0.07183830456246065,-0.026295139066706545,0.02725962044274286,0.11293721908615069,0.010801191537131351,0.01201606490245329,0.03949859645207711,0.04585067288168822,0.043170835067496915,0.031174005861393846,-0.05838331484526543,-0.021996561459894134,0.0041984137605623525,-0.08139999705838853,-0.005509179302298635,-0.028274528431703864,0.000603698426081195,0.039491852259206206,0.0014913502561311822,-0.08004642201011336,0.05146399482828268,-0.10936650559211361,0.06376110744771823,0.0033857699279605975,0.00394952074527647,-0.011254814201184541,0.10116761376796692,0.05280518235985329,-0.0423743875323211,-0.024066354026150004,0.030906452343630965,0.01571484960408925,0.05612287605722668,0.021034205767435775,-0.04425682885794572,0.007529480212918895,0.012130227210188771,0.1409144939629497,0.013340326462357409,0.02732014531263163,0.03232368841568954,0.03737586590366747,0.026661003188636064,0.0,0.07854179447869175,0.00398070183070829,0.01756474137269016,-0.045742350979902986,-0.015514350128937768,-0.017271887695708053,-0.029289160328572875,0.046362585510808386,0.05085859938739871,-0.03157842713763806,0.02621920014298012,0.08228483689610985,0.08910920194681902,0.10324448562245678,-0.04391058671505045,-0.06082987839919372
SEC31A,0.001622687492305368,0.00030677047842166686,-0.034254180807935644,0.06479553524907807,0.00650685856045737,0.009092454511878742,-0.04307509521701915,0.01609460051772454,-0.019222635126203966,0.015611055505710205,-0.01292967294817081,0.0007932520514256699,-0.0001834131335121467,-0.004947027051552574,0.015499358001198914,-0.07958901224991258,-0.013360702463768793,0.006427806484840015,-0.014745852595996848,0.08205453111602111,0.09213170420450892,-0.043332347153325214,-0.0027392716412650486,0.025472360595550685,-0.06943401759578866,0.016674427702145347,-0.018560823245636886,0.011074347642172933,0.004661772526689834,0.040668842211831285,0.011274344622344817,-0.010899384202311355,0.05916683658263945,0.018124110710975506,-0.036891680218777576,0.03674654360185475,0.0035745141235119004,-0.009590334890197203,-0.054560860728277524,-0.011612074123524552,0.008538703826044061,0.05677295443184976,0.01752863909811768,0.030132910275775117,-0.013957912890761936,0.09022104652444203,0.047459759695909126,-0.015177272478596147,0.05014726112825066,-0.05437953234938572,0.008137181487365629,-0.05398045251996692,0.04119275286951201,0.005969438263350347,0.03668234774073546,-0.009420673638782998,0.1256754434189389,0.008307738289073297,0.07269694321920038,-0.009120878909912866,-0.0015861981680164237,-0.02103402969486586,0.06796450056979417,0.060615016592934834,0.0,-0.05877105236329506,-0.05671084537888703,-0.027301260644487214,0.03203492405551405,-0.05581106121142882,-0.03711841460668801,0.030119997862988312,-0.000951054186844491,-0.08399008222860387,0.01328413752448767,-0.032114994050177904,0.007599261555425875,-0.012458878169015301,0.03172778225744387,0.07729831258634046
SIGMAR1,-0.032497485798206216,-0.03640941607217774,-0.04615085213817429,-0.0275166140829828,-0.031973445727486435,-0.021976982732615422,-0.03011878334764566,0.02940131458026885,0.046845526049459234,-0.028670403069095397,0.02331558744700749,0.046436888453035854,0.05780375427690892,0.03224187993406481,0.02160172873019569,0.0004004484587568391,0.040147506321982135,0.00792813615001367,0.007630806573578597,-0.013549461473789484,0.021118153297420655,0.0055704487126927785,-0.06342375728402178,0.014857803568440096,0.050374421210348325,0.028207235389124098,-0.021026732824442187,-0.04067131781715005,0.07055857648704125,-0.007245388882581732,-0.020788729568754372,-0.01161424942094754,-0.06984443642152867,0.04732723278514134,0.009505633695242044,-0.022026893509609475,-0.008257315661973755,0.014678546918006867,0.04401197793780336,0.011114104383893068,0.03221572852600434,0.013622063111028995,0.02666759035839969,0.051083162713026355,0.005609783734546768,0.028466791557327904,-0.043171054312269794,0.05320343648574637,-0.011938756699253277,0.019255775241610484,-0.05757892741095893,-0.06700633500838966,-0.024041016989001626,-0.017150951695338222,0.018593427806936624,0.011915097741236499,-0.01944407362310217,0.006931931918513027,-0.01709695603822005,0.039369304170899566,0.064290218993815,-0.0041322386102382765,-0.006926571415152114,0.003046616861090384,-0.05828304739464514,0.0,-0.009622362694472395,-0.05273292721199963,0.02872364020273367,0.0019186730105258177,0.020814728890366584,-0.005747948072937467,-0.008075473139524695,0.07227526854485415,-0.047679223334093836,0.03459077772486336,0.010460002629807211,0.005614988337506408,-0.018901700457044403,0.0009470041498931044
SNX4,-0.005444859471044388,-0.08380715745062493,-0.03654984992448539,-0.035951271289946685,0.05618996622193158,0.1362781369720831,-0.04892730940183679,-0.05621089104528702,-0.012279853475941883,0.08861123251960133,0.00930229503429574,0.04343306542563367,-0.012910855257827035,-0.07673807076166958,-0.051704971913505454,-0.031241456141699417,0.06775291050914539,-0.05401682392776281,-0.03594990767345468,0.02251151226946927,-0.06776452947282251,-0.03955063868278461,-0.01916973484098132,0.004235958788089058,0.011085728216274418,-0.04764741738640708,0.035546957960454574,0.09503823184174559,-0.02394243555275089,0.060353517313635564,0.06872309415416607,-0.04105683692156213,-0.007417483288634686,-0.031538324153418784,0.010151354843717215,0.049357523587541925,-0.0583522244819519,-0.010771874135253554,-0.06241228406068803,-0.0013127116404242107,0.028736054812905556,0.032491386693809854,0.038432344729018686,-0.08218437889486262,0.08019520484528363,-0.012823730594580033,-0.01128517741394366,-0.11495166426001582,0.02737087182375482,-0.018642877736311063,0.02996875304629954,0.06370827648792714,0.04400265295429715,-0.010561180296438733,-0.0027136862904959423,-0.12496284946608331,0.009808930777547718,-0.15930907149336732,0.010990656310823193,-0.03263654334580866,0.004980338867518266,0.07689503393683511,-0.06063381851689864,0.016237704915693683,-0.06793124869362573,-0.011622683596563174,0.0,-0.0017623113766751092,0.0071335486238139146,-0.14232500790422667,-0.04010397000919863,0.023744901314993586,0.08441863248174727,0.02061684612624134,-0.000873890899734554,0.07257291828963557,0.00948055717816718,0.05621641677991096,0.02581959884284398,-0.06388124739615265
SNX6,-0.03013523371662086,0.07371928499449434,-0.01762579535913637,0.010438940349726996,-0.06890852652160401,-0.03568158088756348,-0.08513636694631478,0.027014805333414972,0.003995831690609229,-0.012057105476004495,-0.01579187745824961,-0.04291080169876451,0.033668971775556555,0.012678317465529424,-0.0022822427523352786,0.012950168194901343,-0.020113629476658696,0.1161532813918723,0.003201064802575998,0.023482865078079708,-0.024689616030571272,0.051612011905809864,-0.058862725737644804,0.022499399753769675,-0.015312410439998828,0.04302268876803055,0.03647194121203492,0.07413516684147226,-0.0219675466725172,-0.0120158673336412,0.006988954871208198,-0.016819927513851547,0.008366561421834132,0.005316688274115036,0.020026885916357307,-0.04672167520425849,0.035787778724337256,-0.04209461913046448,0.009894010298880715,-0.04185583012485594,0.047487114994628786,-0.03868414373418802,-0.055264221449328965,0.02098072935149926,0.024441679632979954,0.06469875279483668,0.01754052321528792,-0.005707279260249919,-0.1221619697489177,0.037316586541836,0.0630083484723554,-0.042290139301501314,-0.07180418670071873,-0.09381100730802695,0.01560287940187473,0.029429377264902787,0.06098949932602774,-0.030408445973269835,0.0060156893716207215,0.06758879984565346,-0.042912221623930165,-0.07297154842289677,0.0040792843999511285,-0.03689384692735497,-0.028532429444856774,-0.05557239918151281,-0.00153757114159413,0.0,-0.0039306219826227735,0.047388499128486104,-0.0479446146504751,-0.016590315222466127,-0.0004036900552707658,-0.028298066424464394,0.12273177691465144,0.003519334143323335,0.0012684235243504624,-0.002151301867333118,0.08957460081312227,-0.0395115553904471
SORL1,-0.03583833074740286,0.03307598702739388,-0.049486305084338565,-0.04720422188765916,-0.07902695864162383,-0.0006207194407971317,-0.03046687374048647,-0.0709933625588464,-0.036833404650994876,-0.04335671263283455,0.013249904786853006,-0.02931679161935025,-0.017867536535876298,0.07926943572798371,0.05627403919010253,-0.006149137877032976,-0.03704357447912109,0.046932460326122076,-0.14753519528508288,-0.0431659637740375,0.00899496570879,0.022356019953729135,0.035299800302335246,-0.005828126423782026,0.06945527573790664,-0.050968715535111835,0.03748088151086955,0.0331134655244486,-0.039489415147473894,-0.02908737517818419,-0.05131731868396327,0.006067335542454323,0.03966536676619585,0.09620032446195471,0.06176174760329618,-0.04013477417930359,-0.023816645321045053,0.11251076875954136,0.018592852732342798,-0.07724748090691509,-0.04573325484525358,0.12809251257044615,0.06770386094930504,0.007900271944772833,-0.0702241402704066,0.051925600260540127,0.04982913860508241,0.023355959745528673,-0.0457860845403223,-0.06227013919203028,-0.039071950376293484,0.006622913081301441,0.02844132000745525,0.008844191043554066,-0.017784973914679744,0.010938021138451904,0.04506771942674251,0.04547336216216832,-0.005436540075854899,0.03705106465298674,-0.10001502727949205,-0.006644837601141204,0.05090089627289634,-0.013623774809778173,0.03645089178793997,0.032956808869431954,0.006776206129947315,-0.004279467052485301,0.0,-0.040284266486516264,0.0007022074793451043,0.005264883129754553,0.10116797214169133,-0.025775645301089417,0.0015177376404615377,-0.006115937164908478,0.03914209374083407,0.02570977067596925,0.014902437670968343,-0.06046622421314239
SORT1,0.024868999715530315,0.14857613425596072,0.014549188212246981,-0.007907638670242419,-0.030924723436684134,-0.032049311091092894,0.02684873949538738,0.01728620251275691,0.035426241752550304,-0.02747123959259178,-0.04589343240570696,0.022513464397773863,-0.0032645263449382414,0.05258059246987997,-0.058499027943224764,-0.02426304928008138,0.010972072088609602,0.1564856335686901,0.04274116833224548,0.06932483063340847,0.0047144450219242726,0.028596804232128955,-0.024049919259506752,0.04203856880998481,-0.033483951109126386,-0.0031537029555942925,0.0701917165816274,0.02898272113937833,-0.05971070197577426,0.03544023958186635,-0.001846904665804583,0.006434432510052034,-0.056154519333168756,0.03773947956180579,0.0962751197696342,0.05705947500546905,-0.03776934511946839,0.007649759896582749,0.010328650970014945,0.03301511847877494,-0.024394763426808193,-0.005263489641603662,-0.026649766577066053,0.04900912023424448,0.030935033815845232,0.04371666935192963,-0.005234262280800013,-0.0205757394928059,0.0697144883650567,-0.05184894015733356,0.0243167710810682,0.06257336781700526,0.021979827334104637,0.04845197608839268,0.007100275330351108,0.07463237891617215,-0.014095046507441467,-0.050383079289487515,-0.062041944522387885,0.010658509952394311,-0.052204339469307574,-0.002421282889097247,-0.0019355239035483984,-0.01450918411615548,-0.060749688849973574,0.0021059398370827714,-0.12933066706939905,0.04935608241460964,-0.03853672274516969,0.0,-0.01926475945930128,0.0011549010063662108,-0.02032170045862632,-0.05708376828159681,0.05732748780894857,-0.032321686409565294,0.028622867300868708,0.0664999911137329,-0.06075111439560111,0.018379918346793152
SREBF2,-0.02838482243222849,-0.028159560609269597,-0.008259874649185038,-0.044054772107938255,0.0333992127167432,-0.02337058371606646,-0.004203590676563152,-0.0039050092933775216,0.022448644739872684,-0.015752197015821708,0.016361506983399013,0.0787677338996552,0.04848362270905684,-0.053798458509870355,-0.038078789861090805,0.007650787973293291,0.057508090354766325,0.0020960960766007587,-0.060594187953916114,0.0030202752000238102,0.004978876525943457,-0.02729152714815815,0.021755328622843642,0.029487535682967983,0.01765351457479415,-0.03079660708336582,-0.02123079548957664,0.006318924963784845,-0.027834377506325874,0.04193790430802974,0.013875707679325756,-0.036408760986836826,0.025665783021806603,-0.030414669604009514,-0.06807055024206722,0.010411040483122684,-0.04575805252766024,-0.02994167694430025,0.04400929268897332,-0.03583524958866466,0.006966115062038177,0.03738419400873787,-0.0436469425784585,0.01784063462305169,-0.11034506613366567,0.027853985477661495,-0.017869971343983514,-0.024970114529526365,0.05032603729894263,-4.34744701267584e-05,-0.08401739253229362,-0.010129855406937767,-0.033120636638614885,0.006714123913617929,0.09944869778696297,-0.05136606011788687,-0.02420734346612105,0.09201229925466103,-0.011723776214360262,-0.00928139072988271,-0.055743621232311594,0.012221472049663125,-0.0343073678227098,-0.025057277515442417,-0.04114688579696038,0.02326695379681433,-0.03711345988340898,-0.05085472782541261,0.0006841141044534575,-0.019619474285596825,0.0,0.05489470966050581,-0.02073523266268016,0.0030745283338788256,0.04092746514455206,0.0004838945507818123,-0.010064742294714636,-0.041579663268826554,-0.007020520217505699,-0.02588509110778003
SYK,-0.06283278438705608,-0.051203649306652735,0.03866739339549478,-0.038825483951885904,-0.06006297196820876,-0.037736883697647536,0.027550381109248262,0.07059434612869685,0.08828509472164728,-0.028559946346151537,-0.025005507878023865,-0.11610611818465397,0.034070185075438145,-0.022582926026801262,-0.06633098226105333,-0.10674121962236098,0.011768762477942769,0.0188740490605439,0.05754343357831634,0.0014578762051830774,-0.06038725729615035,-0.0007628423531284009,-0.011878480902840691,0.001476924473021563,-0.021006725570380053,-0.04945839364696755,-0.012910726900739897,-0.0009464713742711624,0.02530729410008593,0.09171776369901291,0.016602362215326613,0.05522191200035431,0.020164954163829754,-0.040926773377669555,0.01875311169653636,-0.03976419772036541,0.009494010061517321,0.0036085685779519874,-0.06760888974912814,0.11685536723184227,0.01881983333847088,-0.042097226105678,-0.07401607085456394,0.014291091340923575,-0.004090154317409785,0.11012984262272935,0.1572492974083313,-0.012115029374246144,0.05754653875110781,-0.021439869276702488,0.015257138734599017,0.05589539591968139,-0.04916128637238008,-0.06254705230673227,0.09122041788724605,0.004358278159016721,-0.0034948736403696834,0.0011344425800002467,-0.10786019776671946,0.07593661740863625,0.007855980487249059,-0.0629107696397358,0.04820879209426009,0.04707538330110139,0.03962796268735214,-0.0076257201040760515,0.02608036716528386,-0.020885524957651853,0.006087669752962965,0.0013959433398603764,0.0651522994938203,0.0,-0.030803475959693006,-0.012035978687495844,0.011087540473119075,-0.025687072926094002,0.038158487867777154,-0.01816203163856993,0.014710297238050733,0.001239059408411981
TMED10,-5.818181592299224e-05,-0.011213563515746466,-0.04285002734791196,-0.03495520236890627,0.025763835734455898,0.0295847886184655,-0.05164216993615189,-0.01407196556966888,0.012956798338450506,0.025743469296045745,-0.03218543072513254,-0.016752274641398848,-0.036804735489441985,0.007699489060693001,0.009432531460308353,0.03194315303877228,-0.059704671009974106,0.006999512798783476,0.028630538723210346,0.0009867444203666522,0.06931276005739313,0.0034810733551243716,0.07709759713754735,0.02798383416840625,0.04535130340361938,0.042960801056770526,0.01675664732602299,0.007838334944404533,-4.2498223769031854e-05,-0.0022407924585021513,-0.010884807961052104,0.0429136035747411,0.03825550058974178,0.04593339517154667,0.09542630519380876,0.05453247140544874,0.03481721462402063,0.07795531389881889,-0.001499878749328818,0.007911367570078938,0.006682922150129532,0.02573515804934417,0.060605632650751716,0.032303590331839035,0.0628960781544984,0.010911526919606595,0.02444510667172915,-0.07829271653226207,0.07436508262470902,0.0037083570849513916,-0.07232924653160175,0.04608026486365975,-0.034915674204078366,-0.029353670393612592,0.09387332382362486,0.025904249833002005,-0.037066785294923354,0.007244872748931836,-0.03058263501945776,0.024790381458605883,0.013491562380998743,0.015767253625747137,0.10559903722961633,0.03755868216393031,-0.0009100637228553909,-0.00779212182689332,0.06743748681834111,-0.0003696226199205549,0.0850795387198978,-0.01786499130170308,-0.017898964266156305,-0.02240368504654771,0.0,0.15917985086360845,0.08081280700600621,0.008215099965760914,-0.003555454300150306,0.021453164764033326,0.0054413220778906,0.009404131229972022
TMED2,-0.03478715685223918,-0.014183235454847688,1.5120944197541415e-06,0.013102942991542896,0.02543595633761588,0.012762357706897353,-0.053063745939606714,-0.005118969068106338,-0.006576017325552193,0.0028283215846558666,-0.02167957787994123,0.03157909396041521,-0.09277502014823129,0.021525430929779984,0.01646027369667085,0.07847260319146171,0.05574316379259787,0.013891157344062677,-0.019822855595982444,-0.015256295835643533,0.035030354507074896,0.0789235283249532,-0.026043414576372,0.013284748474354655,0.0069633466981754944,-0.039738248759785266,-0.027335591120714542,0.00385711539025024,-0.000373072361187469,0.0019147073793743575,-0.002646498443922632,0.10964551507950654,0.01665867033745485,-0.016392577758897076,0.044820563773179854,0.07387883475268504,-0.009242058947371918,-0.017317957060857904,-0.03153059253451877,0.019052399714228688,-0.10597219272665853,0.0364221408105681,0.03395361779197592,-0.0018679094434184752,0.009699462682771113,-0.05807750459299379,-0.03592249209228059,-0.03374500766198846,-0.027246468846428555,0.0161586363623691,0.016072083484043896,0.02202199070697571,-0.029800269625591028,-0.018433837422185215,0.10501358420643299,0.06013288308167937,-0.022493894198067174,-0.00306766777830226,0.019945532696133576,0.022708530752012984,0.026458973143989047,0.022424721770358317,0.04942341664264238,-0.024873574877536067,-0.08572279250951702,0.07438394946930174,0.01756657348845497,-0.027635607417236016,-0.023120296074982893,-0.05352505975842789,0.002830735234942106,-0.009336904249499524,0.16978130064398314,0.0,0.07744609106652323,0.018159113392202962,0.04061702197076096,-0.01904014252135337,-0.08734013095983578,0.023004416607236393
TMED9,-0.02095439284004198,-0.04437246907435654,0.017646887817951824,0.11024540179448054,-0.009188794285572843,-0.035032851532747156,-0.012648304075503337,0.0559844358501418,0.07998533284702854,-0.006901333707793904,0.0007150546077578151,0.0025344595670228,0.023079274643503327,-0.045240178702657986,-0.025300907970725338,-0.0182572845919852,0.028003432071995748,-0.012479541665168811,-0.048581530919706004,-0.009596922731208803,0.0009169861266507352,0.09555448092965578,0.057207024386170244,0.047888872974560355,0.02680358290996812,-0.050349271724540894,0.11248996245426007,0.03692042234509381,-0.008375383817723224,0.034785514964888235,0.007381033449542438,-0.04462684830624154,0.10775860652364022,0.016312920726159523,-0.0019589675800648176,0.06815371822875758,0.016092488824794964,0.04094991949773792,0.014061671405120704,-0.06138099907679557,0.053991121253960606,-0.023154211938974892,0.03563633296317578,0.10452474483101433,0.040162474287141384,0.027107948498971884,0.007859245807543493,0.02326184088407646,-0.045295968175599395,0.02040727738991854,0.03809988400010901,-0.05077576927056168,-0.10049501385627192,0.04538398673208475,-0.017074347683578253,-0.06250697142262732,0.07529276840087853,-0.016725825942499196,0.13380777029065843,-0.052065470414377306,-0.05090111784801715,-0.041047998830808265,0.060524618868121195,0.022135693051695257,0.014532075294835878,-0.052595024875986336,-0.0007980829206244989,0.12846808416613517,0.0014591721165343964,0.05761471389373345,0.04038885775389436,0.009218976032018293,0.09238637514417851,0.08300905603642099,0.0,0.05999261579465265,-0.013333165030411116,-0.09077503577139348,-0.007676506622983546,-0.039866314918257144
VDAC1,-0.012623133416708286,-0.07716077486784402,0.003785070886544199,-0.054125403061937555,0.04732610757249302,0.08542295433935113,0.03701795098171593,-0.0072059929605221475,-0.036684249693678936,-0.02512079756946747,0.004340292237416306,0.04421195092361911,0.04709434464244566,-0.05155313523528219,0.021754113954605674,0.002876832065433705,0.04247627906191237,-0.0040600148147955165,0.0217367349821854,-0.012122024212650047,-0.0022318941474382993,0.0648856422657959,0.039785932940813944,0.02732188216485647,0.024658639743131112,-0.019056598170249024,0.014558167338283669,-0.0713739145322237,-0.013552686437918049,0.02392555963431097,-0.0877559758764419,0.028905560377613004,0.07930715487244817,0.026000858194454222,-0.0653452233109871,0.02714869452535449,0.015601000334295354,0.001069418628286305,0.04564950310363912,-0.042674824049560446,-0.024356303868411,0.00688333895418043,-0.0032688883131182646,0.12562047987192326,-0.02143433177093284,-0.101283132255888,0.011910792831827992,-0.013161821174809228,-0.04174529519007085,-0.040902942443466504,0.10208590187786074,-0.009287564879179491,0.003991481947782118,0.04435951019812405,0.010470195036596108,0.03708704955433168,-0.07673255361673785,0.006326207170066659,-0.014235547862681289,-0.03466924364835656,0.026347496015688816,-0.08490560119195174,0.005427663441226888,0.0700259722468526,-0.03541341197789224,0.03846285065021085,0.0668083947240476,0.0037133371111580673,-0.005927048506149221,-0.032743881562939614,0.0004813523590727302,-0.021529192248592524,0.009466866164863239,0.019619424439829856,0.06047326928362915,0.0,-0.024487814744609173,-0.06458643823054548,-0.00894597916298627,-0.0818824493187771
VLDLR,-0.07421437924716853,-0.02621734445066834,0.044553865195116074,-0.001009123876964706,0.0014492207472519435,-0.0012223129621559967,-0.06007317192092045,0.06551097965848297,-0.04431235186109684,0.03280994916877356,0.02326491554060032,0.045122066062465556,-0.010936931858302518,-0.08891405780437822,0.05861534207587009,0.015476997512371455,0.001095733602195933,0.019701596599385397,-0.07147197245176332,-0.040951995303608914,-0.10306260816425755,-0.04289207678674051,-0.04215218330946212,-0.0071354038935270625,-0.027758066217136865,-0.031278754838836985,-0.00932785850265082,0.024274071666783484,0.05766139371409871,-0.04956786656840359,-0.027249750467721257,-0.02299465478406877,0.02014223867349096,-0.0063647206742741816,0.0071033385208625205,0.00670710851400574,-0.0008617263373785168,0.07756670665528051,0.025672937718060892,0.006958179233741329,-0.018380770505596205,0.02494896359086965,0.03652305391255863,0.0756598483589008,-0.04335302377933836,-0.044056398512472755,-0.06822431523978988,-0.055858633396889984,0.004810511924788447,0.016048755737011262,0.00891165410396885,-0.024040773296159054,0.019249782210198567,0.048642213684871406,0.004242119743840494,0.06221088705477812,0.012381920150480584,0.029961490656830896,-0.09278272872425733,-0.0369180491594662,0.01800998779225841,-0.01970963399811319,-0.048225703012753876,0.07832792686869405,0.008655378445748013,0.01201344816496787,0.009014570809307806,0.0013823655626231427,0.039180886903909556,0.02995049667229472,-0.01034117233515194,0.03303383663316216,-0.00423197631995826,0.04532673566296543,-0.013882051373387697,-0.025293258015707424,0.0,0.08044408029440629,-0.0018372855197722998,-0.02987522157043218
VPS26A,-0.028129716462540536,-0.03345093102029807,-0.020799121399904245,0.0510705199168539,0.0510289558758111,0.033779557708865565,0.03598910549589221,0.018834840070639382,0.06704166569333651,0.048682166593320246,0.057439407065531786,-0.0007624458217756854,-0.009017494457719013,0.07154473037327766,-0.04295044486949411,0.06558626921191975,0.03789901151158827,-0.04672503203713736,0.08786195865277478,-0.006106224139144101,0.07834891780738139,0.026563634573671033,0.030349425537161207,-0.016582313881366613,0.006848543705007608,0.028073612326758823,0.014094337226327863,-0.016985327717897954,-0.06699066176243965,-0.022879730155678124,-0.021528003724202365,-0.017471679483811835,0.06359964067628017,0.07915591563453885,0.07509127190322115,-0.008444332766204168,-0.025397219177765728,-0.011496155342415536,0.03557234734138813,-0.010602485637568177,0.004267875851662539,-0.07465873070050001,0.05532212131685413,0.016559928644233963,0.09899986147303516,-0.05741580106156925,0.006693672149614721,-0.03771779015607253,0.03288812935814922,-0.018455873402131416,0.102609962702875,0.12368913976352539,0.037229404550548115,0.0710868656142703,0.02110114831575553,-0.004766825932134925,-0.041744128490636204,-0.007719690920534558,-0.09095363860612728,-0.021605877353785857,-0.016548218509554093,0.004972902317179704,-0.040516685491475225,0.07538384874346626,-0.01178720867182471,0.005356758995651921,0.04440089423042144,-0.0019474994170681358,0.021376951731316252,0.05780026676061777,-0.03548668635998295,-0.013060194723574493,0.021210790783824936,-0.017649561671824847,-0.07850624138673534,-0.055413227001212,0.06682076674871536,0.0,0.1350855705774726,0.11027965513134338
VPS29,-0.052989327946994756,-0.08931613987404338,0.007974201865088846,0.09638425249072799,-0.000323976890103666,0.051247041760010666,-0.02458139039260267,0.04473361897741506,-0.03076840831301889,-0.013993105925906399,-0.00143990249433778,0.13506205592357867,0.01826703770220455,0.015500354781113146,0.03818387713672396,-0.007863398740268517,-0.0025235792376574633,-0.057278329005365586,0.02716834077937917,0.03321491404936341,-0.010680605743567799,0.07328332529501058,0.001574089594695528,0.011207781949257709,-0.011609981760868119,0.017812908269110316,0.019386946625489662,0.04956053946437895,0.09790505818090921,-0.011325976225145046,0.07608457286783835,-0.0024048024982227423,-0.0018260449551079196,0.11206533186225523,0.016388563514723425,0.0003807523968828401,-0.02723323923245388,0.1338370220900166,-0.05707285050629208,-0.020814635554593064,-0.03914535123964995,-0.025443864989945258,-0.01590207590288366,-0.01869768650963518,-0.02501356087187019,0.007405607830322378,-0.030180480615881865,0.005787212133897261,0.027371713165063576,-0.0021260435794351233,0.0742558909895137,-0.025642596886097782,-0.08603292135573164,-0.1097468437117287,0.008497913605952742,-0.008597672481157403,0.06813386958325802,-0.013135985596735655,-0.03290942706097945,-0.044791053215294516,-0.023517850695253625,-0.014050591981337825,-0.013153015725322329,-0.035424470752572275,0.033166102461707245,-0.019924012898370338,0.022532051522443426,0.08959495430578855,0.01369076060643606,-0.05834252125820892,-0.006620281605406537,0.011687708225769224,0.005944189055994274,-0.0894541012596736,-0.007335404616419639,-0.008480523815699942,-0.0016862295854729885,0.1492559490365093,0.0,0.12492752269588484
VPS35,-0.024872157791679006,-0.010106589995942996,0.01678650072305776,0.1790174985436216,0.07681106274357004,0.08046428259046459,0.05652203806772459,0.0033328070798913107,-0.0035350760574411884,-0.04613018629602184,0.050125728613398125,0.008048677119619221,-0.016252229488151318,0.01736661623346172,-0.030747448710801994,-0.03227056911121406,-5.545485517075634e-05,0.00833767188103299,0.0460997008336262,0.04329661303074086,0.04189894257680735,-0.008732551057758744,-0.026313523186582585,0.0313989760473644,0.027185341901120326,-0.06555181965564237,-0.005995234715650227,-0.03072500164624162,0.012136442275275825,-0.049823531631477735,0.018070911765943744,0.04592602396584766,0.05865248100621592,0.050711121798155144,0.02530512083654393,-0.022053257464127157,0.020794111157976473,-0.04166850690282605,-0.01063434225344486,0.033688069193368066,-0.003376766760456766,0.04468601562198629,-0.010146952041700706,0.06558185466835442,-0.011295101398490728,0.022774045251425165,-0.025447229270001846,0.046892948163111736,-0.0030578796317922386,-0.01330010105347366,0.02963911623977422,-0.038501113164639854,-0.02989353474059005,0.014016841391383563,0.025792730672056004,0.04147746976056621,0.05883762156450889,-0.10837863348276165,0.013536790329699134,-0.0013602239784264978,0.03649924334618611,0.02982074548615928,0.014817132062571311,-0.04515903150273961,0.07435638640248046,0.0009185892536311543,-0.05130009550890338,-0.036367742014511976,-0.05111832950481491,0.016243067999245284,-0.022462102637168694,0.0009059277922346976,0.00945366921225956,0.021681592737518882,-0.035055815852175966,-0.0714297551430516,-0.025231596336464074,0.11212736814749948,0.11496130060754947,0.0
