,ABCA7,ADAM10,ADAM17,AP1G1,AP2A1,AP2B1,AP3B2,AP4B1,AP4E1,AP4M1,AP4S1,APBA1,APBA2,APOE,APP,ARF6,BACE1,BIN1,CLU,COPA,COPB1,COPB2,COPE,COPG1,COPG2,COPZ1,ECE1,EIF2S1,GGA1,GGA2,GGA3,GORASP1,HSPA5,HSPA9,IDE,ITPR1,ITPR2,LRP1,MAP2K3,MAPK14,MAPKAPK2,MFN2,MIA3,NCSTN,OSBP,PICALM,PLCG2,PLG,PREB,PSEN1,RAB1A,RAB1B,RTN3,RTN4,SAR1A,SAR1B,SEC13,SEC16A,SEC23A,SEC23B,SEC24A,SEC24B,SEC24C,SEC24D,SEC31A,SIGMAR1,SNX4,SNX6,SORL1,SORT1,SREBF2,SYK,TMED10,TMED2,TMED9,VDAC1,VLDLR,VPS26A,VPS29,VPS35
ABCA7,0.0,0.02353286232609886,0.156643926421021,0.12151102777324466,0.02602063140371269,0.019112037886830528,0.05854065108937433,0.04958615122067451,0.25436051405197635,0.10496308321010879,0.4597360222888874,0.060440140988982934,0.05427190041406267,0.06974299571801347,0.04238021963300944,0.259160857802889,0.027696670068941907,0.04214438274632913,0.0339446889746233,0.1794482139366464,0.05133684184468103,0.031814462813920835,0.01825867903254782,0.056412987390607315,0.46953160344101663,0.1459998587396145,0.10105394221040143,0.14801877025747087,0.03750413460961168,0.521030231217874,0.20376606337890202,0.09866016419676657,0.04776511284973514,0.027565347887081905,0.09658320158930801,0.019478802440285294,0.0673534528166019,0.23798989337851345,0.2969091630052842,0.15992872651827414,0.05407723792380036,0.03191898774211587,0.07994652611729815,0.7235830980526514,0.17032610659827327,0.18015032360415287,0.6083326023914147,0.02247125337068242,0.0959034814897163,0.14946693561697433,0.034083717887965076,0.023647980959350844,0.033744418740038896,0.12344068326225086,0.0774320687774923,0.020474617718196395,0.03739264303911794,0.049183567349933933,0.05719547130887417,0.06370605637405252,0.07662089849822332,0.12094754409555993,0.050335485340753834,0.08662843858433308,0.04269750369815836,0.02584525503175369,0.02612231112629966,0.17032932157541886,0.04201144322895243,0.03409966150376868,0.3646807683247861,0.8526152878859743,0.05197227735267378,0.06561845283098768,0.05144641427005641,0.044936274266197805,0.35282283684206395,0.022513077174374146,0.03845913452436548,0.08409608037530138
ADAM10,0.02909342459374675,0.0,0.023741021142182673,0.05195625213015625,0.018533693680132572,0.08065585841050686,0.021736125720327848,0.05703288316749398,0.054269803689818784,0.04199348284745682,0.2953304689573095,0.03237487035834171,0.16575710381257253,0.062093291320496895,0.2484877361033517,0.05391134549010233,0.0618710829655558,0.9423897936036006,0.28963324190824524,0.5962973739332784,0.04276653420269475,0.022929726021632953,0.03497458181577044,0.19785518333479327,0.0447087406603654,0.03275770307725548,0.34381650809390124,0.20445432404231578,0.4065306924469109,0.5292589994058765,0.03082676108756326,0.6231180843089513,0.15671511345716777,0.23979294678642982,0.7080994362703087,0.04559303078917812,0.03527944068468585,0.09421161780754596,0.3440433160056467,0.08381966428713285,0.04391855955322649,0.12357433124605634,0.30107199563786896,0.2244543610657619,0.03298939773415939,0.41857458738333064,0.08722091759303775,0.0554392361628182,0.028010581964454447,0.05896770270685131,0.13260357675120632,0.09902297519947784,0.28848055691618185,0.022070033800676982,0.024301525378925014,0.018330571909994545,0.08567209814567722,0.5459046032901469,0.11467319738275886,0.02156110697388457,0.09690914035480454,0.15566309879875317,0.11339738694057927,0.07818494588825135,0.019468804273535853,0.02760209320088751,0.4203024560722242,0.4483364901219333,0.03839072486195205,0.7416505396001615,0.14566445859394367,0.05940923644449097,0.10571564125818908,0.03180419293831346,0.2681928865514824,0.310335075416221,0.0529236247524579,0.01815503757163609,0.11262132956904594,0.03004965419630751
ADAM17,0.34238403466642137,0.022496602270020233,0.0,0.03384520371180516,0.06128740493857203,0.06021721488624364,0.1630197031011882,0.08309427962277528,0.02277107960206371,0.15865227467036644,0.2295436467939704,0.02081665541544452,0.06897821486943304,0.0337951587768769,0.12383855527156962,0.18101636123406215,0.027064924479220473,0.07195553968698894,0.08777830181964294,0.16301655739922122,0.027424826072934783,0.02014251774622253,0.06908361344401805,0.018507626248116884,0.08756295655877516,0.044490162934608474,0.09685327343067447,0.07354687400160798,0.036972595303271176,0.026725215462776234,0.028251077493049528,0.1476829012370206,0.13398017842859972,0.04893872172069901,0.23799211395225336,0.3250762312093234,0.5992224557691053,0.043380269359310476,0.48442415659450333,0.5175887179598425,0.7638943355201044,0.041992030347816844,0.021209208849644542,0.05988545989650519,0.7741303445148756,0.03907617821459506,0.219006300412061,0.021159336207101826,0.01985094771661745,0.4494852475189621,0.043916125776944835,0.17651319333930082,0.03401688493754546,0.2993500944531765,0.14335830017691065,0.1618190732561475,0.029272451210856427,0.23322605316700434,0.24039129236230436,0.026122676596257655,0.08915837957799018,0.04300856203197806,0.020076214826692463,0.5072137948166276,0.02023962317911008,0.01958121565294662,0.1137006119272248,0.027166655992286712,0.09282598701281906,0.03563804866132798,0.029215658672537854,0.4589800333688201,0.7891014518135715,0.02471829136326131,0.20505678524830634,0.2037720240058341,0.053477674696747066,0.036785100280922904,0.03271250060700326,0.10684347863558222
AP1G1,0.40667926259792675,0.051894744548760176,0.03931882683379104,0.0,0.38528544636206186,0.48877429188308,0.17359950993028414,0.0440542848470595,0.02763630812342452,0.01800677749031969,0.04190444781035439,0.06908526909473875,0.03598497039397867,0.020528536565383254,0.028578512506004277,0.043174310236205236,0.1825715816257743,0.039917278896909957,0.3162729577059049,0.03221463775539679,0.020078700677597504,0.030102889155391065,0.09590239406943342,0.8468742536217114,0.7382009013721033,0.03834903854937098,0.02995913726023202,0.6042483954821058,0.620208479155531,0.021690811173477827,0.023001690492878136,0.0563618958575493,0.06466573396415753,0.03120289412363385,0.205034317748724,0.7848632784346642,0.08835756089768622,0.023840027335494358,0.27965389334140905,0.12300081336062375,0.05485023572241353,0.04177480811723932,0.19699278404858056,0.03805571784578295,0.15000938746676765,0.022848107949881347,0.0572666604755664,0.22620841193184124,0.4164776888424243,0.6604563040222211,0.07757376911764324,0.05823649705006445,0.03134136219466376,0.09702107068566414,0.1357392600568439,0.07864202929137237,0.10810107358876488,0.5971719022022779,0.3097368330394799,0.2152876205601827,0.03709215672959956,0.09060794803609555,0.056870882777384314,0.09001114838788819,0.2901219333520213,0.13871763002148327,0.01808428018068787,0.0434549454981101,0.30321718183866636,0.14701637289716776,0.07946600882197315,0.2691194862785942,0.6173971951814837,0.1144227445982803,0.8998830387223634,0.07690283198442438,0.11955525113188561,0.052519066186003105,0.04539942678464275,0.9924454809261927
AP2A1,0.03930004659745362,0.01863773999618412,0.10645333813132782,0.5491928555878376,0.0,0.9695104921728431,0.07216394122311182,0.039425239209248016,0.026987524088635303,0.08463145093541535,0.02269299236812066,0.8325396834797284,0.22215342390441237,0.019107493988527787,0.21375498304916862,0.093533531868035,0.027472290481656336,0.01834920201093295,0.14837197644371775,0.018533300727379978,0.018143696390199065,0.032596850816023946,0.07426116587717282,0.045135170048231574,0.019863346869310114,0.05129883097844148,0.03066522521686359,0.036064776765450834,0.18483032912970598,0.026001611472032646,0.16247950965593994,0.02963135537330619,0.01928363367378529,0.03677314476917547,0.0664313526396503,0.3377010308821023,0.1582163442808799,0.3133952464689225,0.02135380831988319,0.022305286994321508,0.02694928567476149,0.3285005591522668,0.3088085528122104,0.20526661276500183,0.04270614407284973,0.062403673479079366,0.018087698244157263,0.07086463607084117,0.027391833766952832,0.026919426263149193,0.13953342925580914,0.1289417786779727,0.33772547004181347,0.03377966221658831,0.15664767702107707,0.027871047655147203,0.022260349793012574,0.2487623258035641,0.05028433784455565,0.19870324613533122,0.2960505495001407,0.2843947764083245,0.15189151736785034,0.4654555560223788,0.018002178432400047,0.12444825140612845,0.2721168008620699,0.465060851984509,0.043404342619876024,0.025516154134644288,0.06397369259387277,0.21547557369017933,0.01835103010124826,0.03186634639989659,0.023838040898700782,0.020592041821625013,0.026497076842510587,0.0185173434375326,0.12438906680884237,0.3176170251485378
AP2B1,0.020395301671253106,0.10059421077529536,0.09934882330348506,0.6395439819815719,0.9630249371437866,0.0,0.033294992960169724,0.03067953807836188,0.029291393867425766,0.06538565445706888,0.04879123309056006,0.5908869276547973,0.09755369244475878,0.17807389451591096,0.03784799484164373,0.11332826034235825,0.1605240293165766,0.038072437307213,0.018531050295170156,0.04207123159258093,0.01885039654742721,0.027764544928394686,0.051097617274117234,0.2582322775664627,0.28918419880875373,0.036706152759704826,0.023191060465343614,0.023737588136921558,0.4768474350039075,0.0945364625861752,0.18383081452925504,0.057603008303978256,0.04669610715132957,0.05122617232109276,0.0469717830354006,0.15129067559530007,0.06340775193755406,0.1310795793057298,0.039284613567359815,0.028795545050150195,0.06894294179887085,0.09037100849783669,0.04149747090649838,0.677405545196785,0.14760905117596773,0.030858483460068697,0.04266048382069896,0.02728886226220451,0.06789462660998022,0.021874759095196063,0.2992283785842917,0.1024503121563907,0.3205489597934722,0.18400790282813886,0.03602850419431094,0.06594673593621901,0.022231808426765618,0.32031786700291215,0.062498503295305874,0.024745937828064404,0.08647150551379386,0.2113131683650605,0.08707274874708969,0.1010262238453202,0.11274735746631899,0.039364397825507345,0.2542984359629414,0.16143181675742968,0.3278489200443274,0.04526550176114738,0.21419575415153383,0.1331783808036686,0.32662096696929055,0.48574386729813435,0.02424918082299224,0.036174917418518956,0.0285985505330962,0.04130044266212844,0.15873619302436676,0.7013763243996615
AP3B2,0.12442497666086663,0.021468762668103433,0.22140014200721064,0.15219741939905804,0.054101588029998246,0.02962567729313506,0.0,0.02687382123242704,0.020157856390084286,0.27923708779381723,0.17782181565769567,0.033446117752437755,0.04371185947869164,0.043043443783394704,0.018586572431915048,0.15726242999372303,0.0687635278197223,0.05845205404250633,0.04058015441319122,0.2066499368849755,0.10904867693836497,0.06856261381407378,0.023280742419587958,0.042752789075659464,0.15825938085569433,0.03604720871770238,0.64567745173711,0.033486066425796525,0.029629215444186528,0.1261084549829375,0.02418471047081994,0.226669463709385,0.2702401484254526,0.19293747418797477,0.02187100888005061,0.20160273008753832,0.07383103670530282,0.01974639017188759,0.04461040888310249,0.5635841515532359,0.35107795596396435,0.02425735955625957,0.03928705884259991,0.5687649838935716,0.020140187016638784,0.029404268919808692,0.15166230791305446,0.039955328239997485,0.1337286777693797,0.01954980886479572,0.07022053940521934,0.3616542494493061,0.9954144851349659,0.622807432995863,0.08225821156265964,0.11234873276310957,0.1562774292557669,0.028002001480617843,0.018075151588340017,0.07785977893296679,0.05600640680004828,0.021655592367740315,0.05897101876207047,0.026620187076419673,0.3732148521449006,0.02291920777904281,0.09901207368471476,0.620561235265739,0.09270845348751898,0.22513386631183632,0.022363950129543425,0.018656575997936298,0.021723400456563347,0.1391625100949755,0.058190300317844154,0.10493184163677298,0.03389938388979729,0.01844413778355917,0.07366964885634683,0.2746459267448586
AP4B1,0.07859568273845714,0.04647647286642755,0.08519943320382277,0.03757513419206729,0.03098029463948802,0.026288872137857272,0.02558145788515198,0.0,0.09359640456560604,0.11771292599890813,0.24931783778045263,0.08742807255500386,0.0396631780824996,0.09334647661184278,0.09563297747435702,0.16959708054461026,0.08580490931541299,0.05488771804993458,0.18071280940717546,0.06201437311049354,0.028462321106725818,0.020153915104044143,0.02844117394558723,0.04343107236871498,0.3010754262454685,0.02374397241517343,0.2096899022950553,0.03209773317966469,0.08758103215607997,0.024831395538036774,0.03600674453770903,0.9202860579092992,0.07555338178736964,0.05053911690265685,0.08175760462151241,0.04606474502387077,0.14698274705612605,0.02056528288304807,0.05557124549592852,0.039932885247025596,0.06035399736574163,0.04553396247866186,0.16147349441385883,0.3995346085034635,0.21577567102561665,0.3707787889065865,0.07221874835735458,0.04371149390763352,0.2882660419997982,0.08145160436147061,0.022414204771364764,0.03839012924274038,0.02247476889750288,0.15203135171319515,0.035335642182729915,0.047131935059012864,0.03325016988783098,0.018428171615369335,0.07238332628348756,0.04534792776111421,0.4143922891334854,0.2868796275244916,0.24508335790506655,0.024849138198353087,0.019189448528556273,0.018981034317582312,0.14689249715066013,0.017999806646164018,0.04174629315692173,0.025803362208551346,0.0680675097643043,0.2162233372833849,0.15920162678282576,0.020067289687266957,0.09559863781977664,0.15476871074252288,0.05490789026706723,0.058910005647962616,0.18337514388519996,0.05207539879716065
AP4E1,0.31863763843405846,0.03575585447269064,0.02155417862926269,0.023469781724716348,0.0222258446692897,0.02336187349389661,0.01939417139406425,0.06319674600443882,0.0,0.5504071043451898,0.028493772075573378,0.021373797025097552,0.07514691128534853,0.05184214685767618,0.22944169641803766,0.028884076622465137,0.07239373322833902,0.03567308441081685,0.2806543113126,0.03833275090713826,0.15861959914776053,0.02658842311659022,0.018715254130033915,0.06644123432684838,0.037550324788439116,0.02556224804260795,0.17361119977373562,0.029370146173129146,0.027742992868883386,0.01840107957482985,0.018021882047216914,0.039536121568297895,0.12658548405787892,0.03841659340151702,0.025580611102013033,0.23220053830698392,0.17417602534844254,0.028781681973713807,0.020707099538924984,0.05318548547522659,0.03822652953692079,0.20743976905790862,0.15672520250468278,0.019301855973678592,0.017999274778288155,0.23959248587779117,0.04322173753877625,0.08145777372104064,0.023740081538077218,0.0500311665269662,0.07511981400495357,0.0316276617939118,0.0388694959980937,0.3122034902598355,0.053630080144907916,0.02698736104780542,0.03334106112917433,0.029201887161323575,0.07813689745982567,0.04104958709097093,0.027313829665140715,0.029197289606155266,0.02811832384335823,0.2775968729046351,0.02782297425757813,0.05803985688693423,0.11010284724780882,0.13911571718827168,0.10290707987995924,0.02605650060931716,0.0288649832426647,0.02271673037599085,0.2255793496728452,0.10021663115672072,0.05455012268684778,0.023653926262991058,0.0445185664234988,0.027305813708437352,0.1843142941203427,0.04081048568596599
AP4M1,0.11279029221062585,0.029531315045964564,0.08979474535026605,0.017998186023474656,0.03892655745968156,0.0347238434763751,0.10907295656389668,0.06977949566051529,0.4895121537625322,0.0,0.05758151970887487,0.024708235811664873,0.0891913866298308,0.05391507668425471,0.03311720739925188,0.04977508688121098,0.11956547507621393,0.025501700121183635,0.040993703517552264,0.021309539396343377,0.08895795655784108,0.024633198245846945,0.08977220406318098,0.10558735610384956,0.19350034700497878,0.13104548117526868,0.03975150302289622,0.024972804576884885,0.023232455074516947,0.026693952881976134,0.032511284722250226,0.06546878806476698,0.08637488112252416,0.09643015174710401,0.1556245470437845,0.018824091053386425,0.034306555955985335,0.08646909880767187,0.022685560224857865,0.04985222333258733,0.20981143664423435,0.047634521375074235,0.16353095243935287,0.04059550499856486,0.14254624070867847,0.023385066115414695,0.0218736074091363,0.05561134626930585,0.08371740625356391,0.5901604156808626,0.05368171562457871,0.026196078094202137,0.04767016355173215,0.0306241927749709,0.031274988782821506,0.976050284819757,0.02448556400181102,0.07826068141611212,0.14669655177396962,0.026274166427801757,0.1408798783645085,0.14485396758815083,0.1536950714461149,0.018027278258719397,0.09711350963204535,0.6612208749508175,0.023515592204433517,0.03789296749416882,0.0631163497562995,0.02127718150274532,0.7053771624176121,0.05076773242988207,0.032450646458067764,0.018649216758392935,0.0556051550871072,0.08669761241544505,0.16250712996265176,0.04532157400169713,0.05084968419174791,0.0649201550032489
AP4S1,0.5486768494074673,0.10982107239545758,0.1312051092889228,0.03020709723719386,0.020269035961133847,0.030569223922933923,0.08391790386121799,0.13646206772695782,0.028318634175864436,0.060760254789528234,0.0,0.02451130256417278,0.20995508942080673,0.13274972444780433,0.09708909380279858,0.053808453906372754,0.16888112383514747,0.022073621133209032,0.03358017254445717,0.01843631833224336,0.08851941856070165,0.05164735023259727,0.02398586835690603,0.01850541614594094,0.08516632003801695,0.03540318269903593,0.020528986349108116,0.32666764121729486,0.045510024792673624,0.0949136840149105,0.05096866468682548,0.042316434195030735,0.04671147814443619,0.09333447144934608,0.0838033783578074,0.031569814892635606,0.10088055253857058,0.5294098714518255,0.6977273718073486,0.3921627521709188,0.04443517643319578,0.020094231808014354,0.04327486662796585,0.3686637132981271,0.0568196861062382,0.042285736577536225,0.3387753623288436,0.12069560227013729,0.03501830861747222,0.023836428794734545,0.04845782578998477,0.19754051066164996,0.03544910341885493,0.02602646388812019,0.2992439085626869,0.08347984357650093,0.019020432421588386,0.8959286994137672,0.15228137718435658,0.03246677483428453,0.10844660989183832,0.13492272035832764,0.30265765848523346,0.05364250730689935,0.023242527872764575,0.03389646883575722,0.14669239497562797,0.0389452389920095,0.14653138007380886,0.3993275696905927,0.06124180670515958,0.10470175897522999,0.04575112388432333,0.043653194906348704,0.07720079215215502,0.06397895026517741,0.6362766983228331,0.06248872591687437,0.039866677817862115,0.09619466260380523
APBA1,0.10659675971868379,0.029344191630821147,0.02091533812628876,0.055462014153525044,0.4817868133411762,0.29838381009116316,0.031255382725742104,0.0894376928729345,0.02268753631745588,0.02829876026117922,0.02742695365615266,0.0,0.1562380668493129,0.02197159236887447,0.02413745236048466,0.0730068229307873,0.643881086185186,0.018295189833455704,0.02358506046650399,0.0802283792777008,0.10687087461184305,0.019531650008122358,0.24931782299868832,0.0213324261451909,0.5506138977435941,0.11662282710698356,0.8494282179167468,0.09407716924357874,0.2547811299435583,0.07656960158819162,0.018112886184050162,0.018495780188052573,0.09129482347053891,0.05113457679217874,0.27254524975782485,0.05253835718414946,0.1275505770533933,0.04667399537959501,0.031065806928307942,0.39308752918430884,0.4770042870885653,0.02094153494091274,0.04749165701526373,0.07667149832783787,0.023296992038613757,0.24591214120468866,0.4669400533950075,0.020100524017694958,0.22676924019859726,0.3514457296598797,0.10445032754560103,0.16868458958986077,0.05178937380578504,0.4205619814544293,0.018274251407234713,0.02550614691813369,0.2378745984478112,0.042728845522715074,0.05998116264507693,0.018098995446620716,0.019182628478067953,0.11005925094999029,0.130879557426395,0.03164355371303249,0.02185920445182529,0.19837525029385983,0.2632154111709562,0.036864601519731005,0.04640364878528773,0.18712461952555118,0.2198209643378832,0.04728798998761649,0.022995036578812397,0.7818020308241649,0.019343278418876998,0.03445660241395488,0.29001697625442013,0.45802639900455266,0.8963728864303001,0.23502279377229776
APBA2,0.07549705561276134,0.09446469020780335,0.060993505503522984,0.029891434264902834,0.09021861858745892,0.05323358789150264,0.036059889756553054,0.03641136507536706,0.09622964221917872,0.1304383698077205,0.3107462843071928,0.12238081549030358,0.0,0.12067827830312179,0.1948827136114815,0.022528803572610837,0.75362128940375,0.050587613150689804,0.031889512774051956,0.02372445690228885,0.025653546500619608,0.0583466934375055,0.20829741333261423,0.03408751264995159,0.05599307150974555,0.022905853079858415,0.020018237339054334,0.08199788959686277,0.020688703667043413,0.06406895182939203,0.2841534369672504,0.039866690589580256,0.030147321589109124,0.09463474658922076,0.06500482426354517,0.037645938719921924,0.023283078629463876,0.10105367623067883,0.44108334666353616,0.8639545657602226,0.707432264447157,0.024407852559344176,0.7860117733630575,0.14003307533834417,0.047627764762435014,0.09395357919938388,0.034580351743201926,0.34450917096612904,0.37937104266053623,0.020381586241434865,0.18198020851955996,0.020812675727419072,0.0289052817335856,0.08031781280935536,0.2621718925767637,0.11590259316466937,0.045802694880895646,0.09865754013928586,0.03551525834855634,0.23256715665846214,0.22036951392757428,0.08331132746465844,0.02024345814552615,0.3371496132409999,0.03344825459537142,0.0342811018479086,0.11866963757129989,0.06321486334393943,0.05126217293113625,0.02362445974400298,0.03756735204951568,0.33658327434727864,0.06861429633107621,0.1687617769981169,0.44078457013186734,0.0320094073666144,0.16830726293372342,0.07548949766498166,0.019176379386439634,0.14466567687098772
APOE,0.13556001623639952,0.05173666671634922,0.034964732332716686,0.020126998704382126,0.018781999222080566,0.10128403377648787,0.039797664187480486,0.09885677005092715,0.07614771303706823,0.08765533341545689,0.26111266493218344,0.022065520909794512,0.16034855968306994,0.0,0.3345694520838829,0.1038570055814727,0.0647788137751485,0.03020210810204305,0.9442501416771996,0.19649977706274496,0.06928768263396405,0.019675238352450847,0.01962673476112509,0.07305921712769635,0.11946207463483018,0.08783936377213404,0.08553404082060943,0.1785930558063748,0.018880928444395484,0.032074279208167356,0.12771530536150047,0.03430747244227176,0.02768415227585695,0.055092888688054786,0.3913807022073833,0.3267029797893822,0.03086086902689824,0.05231026450389049,0.7712688589375416,0.24798566895901306,0.022402047791152423,0.04447440002218051,0.20746414521239923,0.022953072085672894,0.09243941457576525,0.03521188361209361,0.03557565503754424,0.030267554705000893,0.019219872409983272,0.08492651617486592,0.031033736091256984,0.1672557661321425,0.759271263993392,0.09047090859908874,0.06312095968085318,0.025838751425802765,0.3006317851734954,0.3344995942282382,0.01940070672642595,0.5122937439470923,0.06656325703146443,0.7072292177996323,0.12485732588195247,0.06688019542540306,0.028008364603122442,0.40233093377936324,0.26444225582417197,0.09222809845585618,0.5254474654163467,0.027184599485603516,0.02272994349379998,0.5950561162674082,0.021861583719662857,0.02040285840657576,0.5104061899801123,0.028757948290165994,0.0836998711996378,0.03363330193203008,0.07918010490401738,0.1626958235296348
APP,0.05456931601531713,0.1299612695113965,0.10339635820802817,0.02518837281656569,0.08696906992487509,0.028750107852429815,0.018450517832959906,0.07959831914517389,0.326249479730444,0.03843859692092542,0.1309095594167172,0.023249086537374584,0.1924649918251254,0.23658995251561774,0.0,0.0736368096251343,0.40007422534915904,0.03275162649797098,0.027302213310061343,0.027937640475215176,0.024515420973710247,0.12225868929749555,0.07775369279764167,0.061875405793181605,0.14869667521238564,0.5318218508433958,0.02525372697608933,0.3389234043625401,0.07642673366359087,0.021460607187944247,0.39001872453739234,0.02256670553923587,0.021885951878043063,0.11503712449296717,0.029169541050874923,0.01955471073445391,0.14235184011999122,0.20709035345388213,0.024642165070810938,0.4493536759337684,0.47154014315537257,0.018453822900263758,0.031186663056371463,0.0269556610407078,0.019780098391747544,0.02423406123979465,0.03728519267618285,0.8403825979159664,0.0390999872947987,0.9541338677541847,0.044255835209144,0.07911543264320381,0.036185570733745655,0.3898746468535748,0.454936920220957,0.1340659362807191,0.07769945655682682,0.030710472979403932,0.08741983650513016,0.13216129900954715,0.3744414198504552,0.21737846554666063,0.14351935859831388,0.026342558826822973,0.061207523381701746,0.1272169738895393,0.192283863370671,0.07227664773661147,0.32847023874469927,0.1453746402850954,0.05834641811051505,0.022388805899788127,0.06453098398177776,0.025194829822277373,0.05134634866318677,0.06602181409452902,0.09891264893247705,0.19647942851746392,0.04166797575545394,0.019715688780202193
ARF6,0.4572374236085011,0.039976298853436905,0.1464383539317457,0.03399982445326887,0.04993180498662031,0.05826112420019128,0.09952043826491143,0.13352180740508307,0.031311291158963764,0.06339341930117919,0.0657134491014895,0.061174781510241964,0.022486498259049546,0.08103661827879277,0.07339851044319791,0.0,0.028653589492173115,0.02376977909578474,0.021494266032296913,0.03529370413836636,0.17393134586610992,0.5431943922993212,0.2482920322999469,0.03068101012641112,0.07545136948371463,0.1735131386869219,0.5728590753859261,0.03761618490231117,0.5218561027657667,0.038788111629867505,0.058803300517100345,0.4782198388222712,0.06694112076798989,0.2381812214113778,0.36965787694823155,0.48833342250221295,0.11636223298422237,0.02431487096393212,0.1271887403185627,0.05872052137857609,0.0666178755005981,0.6727146263956354,0.18553236803761156,0.2148255267841144,0.033362930241784404,0.27595404169122234,0.01813501922562371,0.02771026069526773,0.1261073799720301,0.018244463921023944,0.4637059142827187,0.42295210754430784,0.02709328715598482,0.20577485699398682,0.06423520386060418,0.022523698957553802,0.03211351403968071,0.09143140163432671,0.19572752712594163,0.2899999113167145,0.12803397738021105,0.07344617112864175,0.031109685128707668,0.33163513002519796,0.4637525794037763,0.043064786786118886,0.06649385347849843,0.023463515641930974,0.03029813292964701,0.10238529945756442,0.12259838485725649,0.13037978808221923,0.026159042958758615,0.6303767809885227,0.3801073352534778,0.0625063870050161,0.7480757075581715,0.2062243440121408,0.8035778299033964,0.058872077784590686
BACE1,0.03290885822573994,0.047509049803207117,0.02674434611975101,0.11485666895732403,0.023787829300223606,0.0822684068184141,0.0555448835034605,0.08013695517412942,0.10295042597376311,0.21298565044567616,0.2866402020237125,0.5787785360475488,0.8152315814843588,0.05866428173085672,0.4688918864400522,0.029742611342410567,0.0,0.03457305521178074,0.03842659338153378,0.06512647247662531,0.02229387353304447,0.035562646015373164,0.05516652334610014,0.06510484937808433,0.266397479561338,0.06284767841240997,0.020195660091606758,0.025810281122777314,0.035821815528941515,0.5713085668471296,0.018997603646670358,0.05203789568826625,0.06444846030353932,0.025089496798982168,0.1064365525587635,0.03404998175279465,0.07488446408725336,0.06959831621053411,0.32799002382305575,0.47236014578309266,0.11167891375169223,0.027105263932854035,0.05915660216806889,0.07065497263009277,0.6486500249384702,0.036721150285749564,0.19312793976456794,0.10742103485479573,0.03386195240995914,0.4097249154298576,0.06470963387080375,0.0387922718864728,0.06165813716718612,0.7742428018814776,0.024367059162459827,0.021776731024032443,0.0428130710361877,0.20073528000095547,0.022118889379183732,0.09599993963533301,0.03563648895163884,0.1863686988736191,0.09400901202568661,0.06439469248922006,0.12485196871223692,0.07130553081298734,0.07448231733681385,0.08815876398440443,0.13618403814108992,0.04278532498194946,0.054464352954940114,0.0763047894875853,0.09709191360537359,0.03491541580257592,0.03274027797852995,0.09573544534382117,0.026370613903466195,0.12103168922438412,0.07431821754408523,0.1669875446657626
BIN1,0.08900947266628881,0.9621900819707251,0.10984944480636243,0.042051641591417416,0.018311642355762613,0.03593412241939362,0.06857183464659432,0.07586059157973139,0.05798382194057921,0.03400174212350646,0.025711174911576994,0.018382814355254646,0.08006398768077101,0.03440791309529552,0.043200404783184446,0.02709448431939845,0.043655751593102615,0.0,0.04651951933196163,0.0261422435763198,0.0600439058782074,0.05263378441890255,0.018783966410084937,0.12464835911064223,0.06958042472773172,0.11750845729455289,0.04143680971294631,0.03974487980200939,0.05741989398897177,0.46956210127520936,0.0784233537147363,0.5051487670518559,0.2675755889794718,0.018463101992012055,0.019800951414794588,0.07641327220463752,0.1745775899066765,0.6257307246003512,0.020071013389876897,0.024868024625124493,0.0272074912424733,0.13248773338490671,0.47448145210710485,0.03190829976160676,0.21082343320102215,0.49556001548909906,0.15850603321269993,0.16128833251708782,0.032955012807311744,0.3607323339786495,0.08974327484089743,0.06110381935784012,0.03300027327015262,0.056419076043720436,0.04050612046366902,0.2772238107257989,0.0374629036085601,0.9382873506589553,0.025059636343637306,0.4636879164507915,0.03863123322515857,0.04676647443435821,0.04249140600180505,0.11899377230577675,0.028860819751634948,0.08124511116839936,0.01824746304649143,0.9591138298045161,0.11087883145598776,0.9860097739524607,0.2882367345599973,0.024334543559633114,0.020091229763291186,0.018119542242047773,0.0495512234911062,0.025286331805141563,0.10443645825843884,0.4080036333170959,0.04618659564887106,0.03028713974936929
CLU,0.052136880158676235,0.25347184297001085,0.11282950969014523,0.2772899616920375,0.0985116561978531,0.0184288974222281,0.04080720019444167,0.24195773746207613,0.6592928965041508,0.06728965883891612,0.04692697391136858,0.024437463937397548,0.03757421654270374,0.9725002817196253,0.030882734790722767,0.022673160117835135,0.044738756448030166,0.04171287729386448,0.0,0.19326280809989207,0.043236233663526066,0.06970683422363219,0.2877949219025758,0.06889898743040747,0.02060684617864951,0.05116758233986521,0.5799522696345326,0.051704189030019464,0.03602061674727013,0.02486040716460099,0.020053951476788498,0.15521839598574122,0.3209192243990129,0.035421688652011514,0.03180915234986125,0.027784502904273797,0.17732281680473638,0.019847398272801558,0.2952748204508318,0.024624426882597163,0.06507006657843459,0.16100298160706145,0.07537296238076761,0.06735247610613943,0.022257969453401652,0.09237099059645919,0.0251516085235856,0.18250933636752764,0.722272930769096,0.026958027737550017,0.2204045493417055,0.3246543908179725,0.0263133560815352,0.4025857523205001,0.07049233939546021,0.059560655050641266,0.021425162967650214,0.43619109479756485,0.09994259868673716,0.037585512214080075,0.041497117282885534,0.5147065641453853,0.2709516164863113,0.24910957483251744,0.04037739825716819,0.4582592017251412,0.023789618594173455,0.02295224461062646,0.3179347038168031,0.018027285269365246,0.19832474195619845,0.34499002053575945,0.19544790856420152,0.10307709840433163,0.1986740162381369,0.03100388690571395,0.030120968502546173,0.7005317694718768,0.028137467118981477,0.09194608939939822
COPA,0.4247525052051354,0.4130091350948858,0.17348365543010236,0.029228648196035423,0.018367638413078636,0.033223823580053144,0.16258543670410794,0.06309213636949912,0.049563381777002626,0.022911363782406866,0.018602845167600992,0.08014340422259549,0.024651098641239808,0.18779687309235707,0.029777151371413294,0.038963186030571,0.07042350298184369,0.02408719215866191,0.15067240193372716,0.0,0.6769809105912458,0.6810708692038356,0.13459441206503778,0.8870261707721693,0.9780604654873526,0.4357525607876317,0.06144605707262342,0.5911772880043794,0.21833674278250834,0.34103685471637246,0.053043943557801475,0.09065385492247714,0.02362397220027573,0.02730861580024408,0.2228378044804334,0.11014928058693663,0.16615220251757654,0.033110423788599186,0.027747270076785267,0.06972986520037401,0.7391178815036926,0.018989358135950277,0.07678064669798139,0.027562382755291843,0.04552904807514755,0.031093390479016055,0.30466823297718976,0.5198121567303922,0.26355506700095604,0.14069206620508737,0.024667817663755948,0.20892152330839853,0.0874455053273993,0.6393157219006693,0.07248143549543005,0.05345274053050872,0.1110014292822724,0.06768677417425298,0.033096693661894806,0.18371141653093534,0.038667316368199284,0.27887530918971,0.055720051075805126,0.026790861724321206,0.06155605708287558,0.2821818158058908,0.08759995666824373,0.05184332509671853,0.03357244301963678,0.21461609852577682,0.5963475271146713,0.589551298652033,0.047511734849894495,0.05133925604371869,0.08405528237815124,0.5157640029941237,0.08066230957994983,0.04695438943397208,0.2555369636990756,0.05668829097090917
COPB1,0.09382442705772057,0.03897396165190532,0.02867835344310462,0.01984265582229641,0.01810437846672691,0.01864966222885418,0.10082479660761133,0.029627558445915574,0.34634722913610444,0.19223351081709789,0.17370919257598588,0.12043740871585132,0.027741954106447923,0.07389179258003198,0.026308467922841756,0.2705591927555951,0.022972206832511933,0.049529098282654095,0.041309670786607626,0.7472784525810658,0.0,0.3261361527321378,0.6558851746044804,0.9976001998529053,0.9928501083035455,0.9246966485965187,0.7932067577653239,0.4264218440924128,0.25626250717330057,0.03986492994984841,0.03703246898735226,0.06334048410925702,0.05031686333814998,0.07894102794403655,0.03794070699743871,0.07452869926233976,0.09698641696067768,0.3495580355484377,0.0685252322793421,0.17382962078592978,0.12693263062056093,0.03403900494881609,0.018831205633370995,0.08260484117282524,0.062330104074701444,0.06974168439592952,0.020281338261101893,0.11515076438889776,0.8747079327627878,0.049850419051933666,0.026219715435878973,0.1339781612790573,0.04511146693477874,0.5351109729384768,0.13600986921694241,0.10820205310490298,0.09892463893419044,0.02080410560549609,0.02192997322897667,0.19008425207120908,0.6360861344087266,0.03903155344710244,0.034603110411766544,0.2923228133516507,0.4038190854060216,0.04893502824230792,0.2176986802840923,0.12192209031057936,0.03972375973476425,0.04239682379957521,0.14386717006658728,0.36128483029142,0.10745834427541764,0.14296085302745198,0.05642120214208253,0.03980745289510143,0.018623554571563734,0.07141049427867993,0.41258361076986877,0.1818591684838532
COPB2,0.04934885970023005,0.02289467744377794,0.020681408404867443,0.030023194932337415,0.029610242253350228,0.026138067760915186,0.07440447715484245,0.020647178285206208,0.033666263060465156,0.03073239986210805,0.09771099125872629,0.01984747621738095,0.08783088001534574,0.019977073762408124,0.22780617191402056,0.8494874884147261,0.04266390867080222,0.04904760184891559,0.07499669189560788,0.8441984320371431,0.4133556423265289,0.0,0.031608467289404925,0.9634208623176016,0.8449620601601537,0.09801013210847338,0.02957018302053141,0.6692361179599279,0.06762747685311184,0.15498763433424134,0.17145087638289713,0.08070046148583601,0.38410745248332895,0.03409627060692225,0.03896743875778345,0.02863887649658483,0.2353204389116179,0.11943224140942092,0.057847369229567736,0.19184377640983472,0.715102706837888,0.026406914830750586,0.6082507025512106,0.05637683080237977,0.23835007019406235,0.17920607289240392,0.03962965487412873,0.06544656934953832,0.3857287789680068,0.24174040001330493,0.042095361660290674,0.3019472982201006,0.8912593819721679,0.7078167966335143,0.12240178951835787,0.04125851141295113,0.416000401064319,0.27392215598445635,0.04155779080393259,0.11537072071553274,0.040117249089635064,0.03074652657744404,0.03894125908871153,0.03377764212822302,0.03565299310704733,0.10536436178189024,0.11683423789674158,0.38055692681641184,0.023898557861586477,0.033544599545602384,0.388252692410626,0.10452198704478116,0.05762543341663018,0.31574112050113506,0.6510787838855351,0.056855268946226785,0.44336722024676145,0.02803664887582486,0.20619150821066462,0.02502693800721578
COPE,0.018364509023834116,0.03008370811261003,0.06541187272938813,0.06643726013049947,0.04567882250286118,0.03628788090558085,0.022260645145106416,0.02769992325661456,0.018901752362799253,0.14601162182263952,0.025891889337312957,0.2123737489551517,0.23480338007001436,0.01947100497594005,0.0850689841450756,0.28598505218885717,0.05439059702040387,0.018560970135039934,0.18812351876045635,0.11781153043422882,0.50550412621471,0.027890310640632344,0.0,0.04843153672941855,0.15563673841551579,0.2550746496168015,0.03929944629074305,0.07896715699686029,0.1060057743075362,0.1348766801943894,0.02258334238403783,0.16094996805484932,0.02109131169281127,0.03605488116568917,0.1498825852327329,0.34964151955219236,0.15003740986022035,0.27311601289295,0.04575147693242263,0.06255643748786403,0.20689590505487523,0.03271104049034089,0.024216060378493103,0.12168399450117881,0.02502955037214709,0.2092662561914642,0.266335707251119,0.03401332958703568,0.4306650780982502,0.9424187123975288,0.14564250231171566,0.0203025291027369,0.02105591662191322,0.0763179511010145,0.25412337809044283,0.08604621567075148,0.031920216866219216,0.01982285539048827,0.11170484225168113,0.026578514834299235,0.43253945039959657,0.03160147725934669,0.7732679960460227,0.03255489169744552,0.044927646518570216,0.029860720712307515,0.2724872390779185,0.21977199596089872,0.15491054186659287,0.023467108018089503,0.05245737374985789,0.06579261915995999,0.13742712441238167,0.027930853431587323,0.026210572360956218,0.027341006388525244,0.026908514169589948,0.29879616769634115,0.037016895489743684,0.024180704245553835
COPG1,0.08918796045095827,0.12502402489628375,0.01849743283018302,0.626336598680381,0.03328355078066756,0.12071271342091235,0.037455210083182686,0.04210230805063899,0.09416077037189782,0.18702410765803512,0.018662208152272177,0.02115125782546091,0.03591779997227704,0.0664414446400909,0.06884860887713276,0.032209759057672406,0.06594871977464081,0.07736729150011672,0.05584351826154969,0.8533988201995173,0.9925292370958515,0.8558120497015607,0.049552885239593586,0.0,0.9775172430664522,0.11147837479863874,0.01961878013528444,0.14655013240575054,0.08794122242721367,0.15260222229210268,0.04968627453929001,0.03199186050144262,0.030802583790172738,0.06779006714647143,0.4145903643198986,0.07010646589001275,0.01920562931304239,0.06710104618690405,0.08315340238020465,0.033507886817548176,0.023226116608325482,0.048957299307239036,0.020390971970159405,0.19575114245983777,0.02310911512232848,0.6549480686791802,0.019499382797293706,0.1064548626789745,0.1066570422060898,0.3302206604935647,0.08792743235276301,0.8497666199526593,0.02406793564061694,0.18392944837160674,0.043490315115929226,0.024775130454164657,0.03213983006948156,0.10661897554580786,0.042677783766247604,0.019401107838382246,0.09753940356651618,0.09184608799794279,0.16985585688013494,0.5366654001052711,0.21254424432775876,0.050618224180031646,0.09804574516659832,0.039154007578140346,0.09502108483107981,0.13992147260538837,0.04295456121148594,0.2834048966911355,0.027994734332837612,0.12078481994112437,0.02369388993595203,0.018346330886440283,0.9485173736926319,0.25432139311143487,0.041477660208218116,0.29625309584977755
COPG2,0.5420413054558584,0.031135719898916,0.05908532867427046,0.27326539961002555,0.018911293183235204,0.08384791873030906,0.07539695126720364,0.15574207316568572,0.03674635267346664,0.2058956974592959,0.0831030886183671,0.2746219395768027,0.04587130617862421,0.06996406276349948,0.10557103157162136,0.05938145776133654,0.15306210989383018,0.038852004525762866,0.01961455788120377,0.8351681547353608,0.8814133070016316,0.3624049422628506,0.09909839073764494,0.8694076430928035,0.0,0.06903259602826332,0.022009678724213163,0.031411994471164065,0.0381555894551179,0.04008909724747865,0.10387120821590222,0.03427490521587167,0.1341153904340703,0.02957132056049847,0.07897919893789201,0.06323721980566072,0.05423414687850918,0.09534351562987801,0.24026710156240264,0.07995679554018999,0.6618428684864389,0.020653537125347694,0.021425719399481347,0.6624300216702086,0.042694401162513995,0.020395629262593914,0.05420205450399709,0.14260088007134633,0.21697334429792361,0.023195835047466445,0.07511567981935587,0.08513977409868248,0.019700350392789945,0.2088821175519211,0.02405928913410004,0.07497390939220405,0.07785234567113077,0.08328612005799683,0.07274053878716479,0.33719492310933824,0.12572281316486497,0.19377463662626113,0.21322794517196045,0.12101595762836155,0.14127793891031507,0.19889270005405066,0.06651058803697064,0.2317988062574368,0.07220777370193075,0.019642516787515656,0.0269098980545847,0.07932706290671246,0.10352262420942304,0.08163461094151976,0.03265159320263188,0.13080587629918422,0.4045405162677884,0.07210042463641274,0.2598619686613654,0.04659695335594937
COPZ1,0.2609538156536513,0.028030846530805106,0.04130442516776853,0.03153265402534914,0.03468040179113314,0.028427502478108206,0.03119235386171512,0.0231043411403036,0.027373521511667737,0.2102365270979043,0.04079686595811302,0.09569601062124429,0.02297267031421694,0.07195887721265534,0.5504575168270471,0.18084368651990748,0.058734487366402466,0.0675873553271407,0.040994307856983485,0.3373903488711811,0.8008935756669914,0.06436416112026923,0.23181207383216001,0.09964825408908765,0.09307034925106948,0.0,0.07688518279023013,0.3944987066447326,0.09695076160339693,0.018100854392317574,0.019981033063656655,0.293680727845859,0.1541123246576549,0.18779830006151613,0.030821640470611485,0.12408914208734105,0.05956832839002269,0.033652192499758746,0.030430563603338456,0.018957664632374947,0.532983673990074,0.05620696184447207,0.17461960776086113,0.7853682966864372,0.6151674287104091,0.14791667726074242,0.04003513782200245,0.022913934367187864,0.5375967242104124,0.02484912468058195,0.20141956137589956,0.07074143071419041,0.046457692198099386,0.5857633363375025,0.04590268585840603,0.02741180234664765,0.01810488772998774,0.6263386984080269,0.13701441239453752,0.027581698612998334,0.05851252347019899,0.07121260149408407,0.03288203778362356,0.07830130536522381,0.02339183398440582,0.05285000338158925,0.03582540336717211,0.12353341500364684,0.04093951091157196,0.0810521224636974,0.15540183873675917,0.28252470330878954,0.27107496712032814,0.37850040827978493,0.04065609562498117,0.20423439278573083,0.028171931125783336,0.040473970012645646,0.033163124899727094,0.04736280292461779
ECE1,0.13664591185311736,0.1445873406754512,0.07267845653991147,0.025249528371526428,0.024248757863493724,0.02081320603459271,0.32340106262613694,0.1372846605886748,0.20060320920298672,0.0443130127325108,0.020767545015690225,0.63772043318966,0.01982238704875868,0.061340795957369285,0.02452604157895829,0.4829246868197146,0.019842071381272683,0.03030374833131882,0.277656315991541,0.048138697921871754,0.4931927586572708,0.02507350760831843,0.035224459436945646,0.019346029706469123,0.022483289258674034,0.06653945502621077,0.0,0.2149321225218735,0.33105509931192584,0.15838319762908068,0.048037195951457806,0.02551663567943797,0.17427050833386667,0.05564579505668044,0.023853952862561326,0.1263137584932564,0.03527798777847766,0.06935733225981189,0.10337854207883967,0.8561390001609542,0.12330032899425312,0.08164511783928806,0.17387542040387607,0.869439967279598,0.5067261378458451,0.09415419308342507,0.09790890818678798,0.06013195809334441,0.01952416399459796,0.19713359102655365,0.2605528840270347,0.3881706551727233,0.04228123167173997,0.07094456393718872,0.04430973096156173,0.28481037776335955,0.07268556133496315,0.18295945948687584,0.04586751626706615,0.041749491552453166,0.046433515508174386,0.06996566597043888,0.24361066249369662,0.021451385834863952,0.018191772618758262,0.025322246789754605,0.7258522610956815,0.06004906538726127,0.019403981148996125,0.07388406132800039,0.3746337096812838,0.047891966162841755,0.03802040391099267,0.08310794138988221,0.49220369804209024,0.04279646495177561,0.03692837096286542,0.018012560305268918,0.03637761965742102,0.06563815335192143
EIF2S1,0.2626679590353706,0.11330693173909306,0.06530948606615386,0.32231135848753967,0.027724182806241286,0.021465958118668492,0.02935946462974154,0.03026248350430481,0.032226504607870826,0.02722341834911257,0.48875319528498506,0.07830642171046251,0.08293880544175136,0.1349483951363644,0.3493982251818089,0.0380674695534996,0.025263922344524865,0.031158814511817897,0.04119341673601443,0.4666119189034517,0.2800094406880961,0.3733595948413216,0.07383261552707941,0.12824922888122905,0.03561141471888603,0.3909379155791197,0.2692876782865389,0.0,0.021986094375920962,0.41811575084961095,0.07632093277759197,0.05229186770193272,0.9131773599769162,0.09020166391614469,0.49494460261379064,0.1400515512760611,0.04993758117185346,0.018861352811357583,0.02241403054503691,0.3605408995843194,0.024883247140568047,0.05819852270530626,0.034100527234468575,0.1289179757692999,0.44492258133025,0.026907743184475124,0.852380105526815,0.05370808803017638,0.27685666358436134,0.30564815014530755,0.035873983837021776,0.34129605097708,0.019492939717080302,0.08253862663380833,0.9322385549348307,0.34985597360225734,0.9266915718188158,0.12458000550279559,0.2127586701526547,0.144805542904343,0.050747285459863005,0.01829376226031924,0.06393394083433604,0.16094150368177973,0.09091008500578188,0.15013786684797129,0.06422198745065066,0.7297119092293971,0.020306245268916546,0.024389220874478597,0.0984678476113594,0.18173324364585475,0.02959539781709284,0.031413931941086166,0.29674841848515465,0.07357819263411688,0.4291634381096433,0.11879994148430113,0.16784715981983683,0.10426065499882377
GGA1,0.04604069669334959,0.1964683591811681,0.034137794946508405,0.3136288230351878,0.07706053270268247,0.170888015306993,0.02637338938900696,0.07220027903090978,0.029702611193183463,0.024635995439751954,0.05332934713961374,0.18513077056293467,0.02063253803633256,0.018737045860199013,0.07499879721108713,0.5104502696324195,0.0338035860681118,0.0394456018741285,0.03053654269525236,0.16055253867460018,0.16185889828466296,0.04702346539595698,0.09376670262582014,0.07616352667962416,0.04405477044501089,0.09223383954873655,0.3916838190275713,0.021867095545217628,0.0,0.548618954956911,0.37785791605723046,0.941864934581074,0.0341318813621717,0.04851698530944757,0.6908631668848825,0.05271384873799477,0.0824400129706592,0.03694589893297014,0.15722327835157485,0.020278016229919905,0.7440729116266415,0.025704120246086423,0.4617923345344884,0.8818741608836634,0.16229543168667349,0.10884285030477134,0.04666365502870593,0.1422298518772818,0.07561855042512049,0.0678430017436347,0.2561600197743529,0.030489536090150985,0.20966767744496498,0.06296595081579068,0.026652801853745276,0.04306915188018359,0.03856820506616143,0.5508151470602866,0.02941897936062728,0.838583528679801,0.057585915697452916,0.3131110693745939,0.021288774877921312,0.24338764638990676,0.053285840700064126,0.034336211741565266,0.20157441471239504,0.022154784733011704,0.1216828402709148,0.23881256034411857,0.034328795981728215,0.07491358455619443,0.07079996684593227,0.07919766738451489,0.08792175363820581,0.0197257858634717,0.07996334109679422,0.16196916853274076,0.022277831343254506,0.1005267685183075
GGA2,0.8006552612943094,0.2747871538331899,0.02582821728856551,0.020648459434961727,0.022611971630080278,0.05259297285816881,0.08512301371093621,0.024031000012015177,0.018481517885931865,0.029617293669816823,0.1309240905972264,0.06513463329682113,0.06473172803398465,0.029701470728563353,0.021515258625725765,0.03928744830533248,0.5085474701019413,0.21071069589417082,0.023170952118500145,0.26084030166312966,0.03474247966845717,0.0916311371439883,0.12362974754360188,0.13340458736343722,0.04797319516138514,0.018100429928934507,0.19575781558207078,0.4185546263749005,0.5778582985960959,0.0,0.11154218393222776,0.029539178805625187,0.5543744304296255,0.14410228288365953,0.029706893809588346,0.1707439973441973,0.06122520022158085,0.6562577872962477,0.1267404799011947,0.018246972691262856,0.4720791714657277,0.02434834991280507,0.018891912272634193,0.06226955432154288,0.053387910921963884,0.14518540496506832,0.49483107972700574,0.16898417623458659,0.02154181487237847,0.204254459135815,0.033839141898962276,0.06332577893519795,0.03034887570557037,0.21371208861053545,0.11301777129406507,0.9466700968683345,0.03308640015252668,0.09966334766182405,0.047949563179878946,0.03267129937390736,0.6729062240723647,0.8258139250491687,0.14215136922693386,0.04273627824202818,0.024514402373861734,0.09305504918969038,0.01937540847948826,0.03013465721742758,0.037066594295176475,0.05385865116518484,0.7239406490024676,0.07308115259851644,0.36310326093085643,0.14166547069112645,0.1875035758976837,0.06112222597067803,0.06116749383041887,0.44180169414201514,0.04297788133182431,0.13827311380658686
GGA3,0.6166756404380117,0.029951560617216672,0.030551202261095443,0.02270598742533112,0.10732753699464553,0.1251749998055202,0.02427391986631112,0.04003824527609594,0.01804088402179356,0.0468445050988989,0.08870713681676835,0.0181303936423385,0.4971018907597322,0.15648679434897703,0.6534671938620032,0.08350978244402298,0.01921696731579963,0.06689559520907407,0.02006591992584755,0.061381536472627306,0.03869203204907822,0.15560675474108324,0.023770808625912885,0.06044000084605153,0.25219000304028905,0.020579846375822816,0.07223092710062455,0.11286800890262605,0.6524647843217798,0.17875521551570062,0.0,0.019789731271274837,0.034072598063299986,0.096354195091582,0.08660625079887602,0.1313279559814538,0.13501957717698596,0.1704136859756012,0.044950392529686974,0.19536582347063006,0.5407873298382239,0.22704254219482117,0.018824577942305205,0.02739654861094233,0.026062763846070005,0.09741122565308623,0.01930171134248025,0.022286803702453225,0.03947571112584495,0.23814893293604247,0.11558287090811521,0.09186395194600164,0.054582038722007835,0.1625938064145933,0.02845609835239615,0.01979627590026973,0.3516066554364526,0.049491683041726624,0.21878962609895486,0.4489563001179564,0.03951564532109102,0.06181846688385074,0.1308456329755892,0.06289302695266806,0.051248972768388884,0.03592445795660958,0.10929686053323123,0.08191308789267887,0.07386979763629928,0.03791524671692387,0.07997320517223859,0.0844005628171691,0.10628150765583232,0.021210837056953816,0.07142467054363376,0.194217853214525,0.1393267076983765,0.06691459510607278,0.35295834869743126,0.053350852957877254
GORASP1,0.11950982102455687,0.2337010426355927,0.09468675829587779,0.03693918584444947,0.023408409333117518,0.03395144341908023,0.10463426319117676,0.7138444678982688,0.03988350790247775,0.07178051905483952,0.04322008113285236,0.01836759258616295,0.03559004692156245,0.028948846875184158,0.021868044882362134,0.3491785779905714,0.04215859017711226,0.16218279230799568,0.07802096972129836,0.06142138294912873,0.043739920430362615,0.046755432027341684,0.10916447496478077,0.028377824226237712,0.035211735950077275,0.2043494789784077,0.02501133014291592,0.0446408102661711,0.872441690727224,0.027415926905796483,0.019157721754618235,0.0,0.01847131489696241,0.3041890973126143,0.046803383650922424,0.06632219603811776,0.08186264989423941,0.0784286776944725,0.16576395468538385,0.1491398973682913,0.020386509228261504,0.17996973713724665,0.024083106282795398,0.3425546139195037,0.07356500211998325,0.14848795227960415,0.03587635221800828,0.03568648883494488,0.2715539037281118,0.8391700545135479,0.23664229766036401,0.07714218659117601,0.06817598321507637,0.06189911297440728,0.12236973548962739,0.09102056845261929,0.15861223578966754,0.13143939821377362,0.019278489337497352,0.01844069439566725,0.04518611740202536,0.03335728955147402,0.3304896388759577,0.07932968805951499,0.03419811735770893,0.030793370860014137,0.06608023210323671,0.3351879380548107,0.12145290787828218,0.029158045422691993,0.24187153375593365,0.030726459158260725,0.4019950082095838,0.9465604255414045,0.062304739086955024,0.053416997507325974,0.39642323252746636,0.04850515061882103,0.03851194327805943,0.031968040491312466
HSPA5,0.09353974236523832,0.14390810060234235,0.18756259630728533,0.06135639225234421,0.01902514775413966,0.039727491901766845,0.2845404830601762,0.09503812102855151,0.3108733272860484,0.21401468173209437,0.07907927206107199,0.11485514182070374,0.03534767419995049,0.029223642913069305,0.023295449940708337,0.10020878138476276,0.08476723033625796,0.21225025398189598,0.3328389904376663,0.024614443468590284,0.05416636642850223,0.3535552992885015,0.021909481185594087,0.034469245505289174,0.35621762152268155,0.26421937956925234,0.38438756280288483,0.9861307632611409,0.042236920304040505,0.8152638099391525,0.03431323884207359,0.018734445859379372,0.0,0.7310934785649403,0.5122715087490237,0.21754398241779715,0.05661454358025904,0.03190468454505939,0.022968701173522926,0.07287254826108405,0.06257297473531581,0.021085747557379558,0.9611511733935131,0.0333952624153244,0.022511018605646513,0.28027528860875534,0.04397221497096181,0.38977204358025097,0.0337196155394373,0.020092036318116145,0.47378701891461816,0.029167095722676437,0.4458608697678687,0.11732755893509497,0.08067160032019506,0.08937888882970242,0.36882112110360415,0.09438315371781034,0.1909929282019345,0.11324705102416542,0.2155040494461996,0.03714383649188267,0.030176281566610955,0.07446519817545429,0.02204844238795479,0.8426045278114922,0.10611769118915548,0.06098430865180652,0.6831414566041196,0.0546708627513144,0.045936690524702575,0.04720637771900858,0.22716401932467853,0.17351873250771052,0.03238017266389858,0.06635688906510485,0.7393381789509543,0.6523179516133789,0.06567093581064665,0.048502556780806144
HSPA9,0.0345396598628661,0.17255985527936443,0.05195011466880733,0.02883086239589034,0.030146345280823054,0.039162602287303006,0.16101655068889392,0.05278944176588419,0.05113103810921936,0.19609843905997806,0.17099274273896842,0.0525978888000135,0.12343892449326527,0.05546083150047064,0.15563399823519913,0.34319433779839925,0.02587402901968488,0.018367909628505125,0.03330310961217728,0.027631934569768188,0.07443082423608141,0.031198213941951373,0.038811936838267246,0.0752687360837681,0.036472243189954415,0.2561832929825511,0.07635231526952942,0.11531456183815501,0.058573819181169454,0.1941142271838177,0.08249842286458368,0.584409000976966,0.614590905190102,0.0,0.9953746463020997,0.08943831345702326,0.17684652964548944,0.026581979005182103,0.06713645786860561,0.21769406853590176,0.052990509396727004,0.675027824855748,0.024222049500579445,0.2832200991780466,0.04504482953761577,0.22195844577909904,0.22613778737250967,0.12786636068837853,0.1503905665324346,0.7559944921889702,0.1932237014754825,0.021608988099673196,0.06020856139881839,0.24321077191702287,0.03296835410158471,0.03037726705952017,0.07651099176982128,0.08218448571598147,0.030988165049546424,0.9014086334734059,0.20462403853164282,0.15065457771083565,0.02735010081000101,0.07728786316799045,0.1336684301032121,0.018355564135833374,0.06136037674374759,0.01992503079880271,0.029355288549107753,0.1418931853633871,0.21993570269121784,0.11336488838561185,0.13366191649372217,0.026192786587290594,0.13664816050169765,0.7382128543897565,0.205485984868493,0.2589709656081654,0.02922078920948268,0.03972839128558847
IDE,0.12259986148894098,0.2968289899981587,0.1494159673139921,0.0911472680225235,0.03676770096805396,0.03077892704019429,0.020574667059708226,0.05948441829306728,0.025938584158936233,0.18976669467710933,0.09069397408242351,0.15846904141899001,0.05592329666457987,0.212484177070316,0.02760342566901399,0.28412214940042935,0.07852860579076669,0.019059808457522736,0.026564152357009527,0.1330110816971069,0.030842414628687812,0.029700402956167216,0.10753781908835351,0.26321653019211877,0.08738708536129286,0.028740961525064574,0.02364694826807803,0.3716156464254184,0.5771843697829838,0.027878016238432366,0.05294245372757519,0.04805339977273627,0.21716195461172444,0.9544117476528953,0.0,0.708898759785902,0.023440449232492704,0.03743425439395379,0.9307085181086882,0.4151097135695204,0.0996151053288318,0.29809974851384247,0.06345353662369406,0.029154102318930022,0.0654110871562344,0.11948137469026619,0.04820030133771531,0.05546933126511816,0.12332096174927736,0.025647777932404504,0.5396105785112194,0.07763587518295793,0.06289527601853886,0.09348812682963084,0.4502893798807556,0.027484989332317276,0.06639448023479964,0.07604421310501319,0.024132682968092754,0.07700009102368892,0.05991955481405086,0.026909392330596783,0.018654332375135835,0.39106219697753597,0.021833005169940595,0.02447497799716874,0.12852793614107327,0.27933608806806004,0.06744205600864203,0.12330062368362006,0.03397467346024403,0.03239417604798374,0.04682054196833403,0.1323350998058163,0.231126199256561,0.08314200945600371,0.04086773765503918,0.06569261997335059,0.22840661013445035,0.04187475539630867
ITPR1,0.02007289268881866,0.036830955583306284,0.2924188116081142,0.5174462129143305,0.13613705130615153,0.07675605278900767,0.13654972105332294,0.043460323113590195,0.37423978390876766,0.01910011642095502,0.036491857659971635,0.048463319417169796,0.03910823375635343,0.26155021147391394,0.01965062609871333,0.5485650475575133,0.03366311262518782,0.05152088667782061,0.02565640696495598,0.09668789544746709,0.06154818270054085,0.025777715097382806,0.3456517834489154,0.06755891024882102,0.08877744308349747,0.13318099550997056,0.16715191150307948,0.15204480394417494,0.05692029786037679,0.1861731303873307,0.09219774423564932,0.08836489362563288,0.13979943671510928,0.07648911582032927,0.8638259411488655,0.0,0.17652879302927246,0.035194652492322835,0.019492467729659152,0.1000941783998243,0.03204509330811155,0.2516415985954947,0.051546376634945566,0.12204568131867564,0.10460719318699306,0.01880152674577234,0.026614989284523164,0.024954326740593794,0.024882859611679985,0.03660892325323168,0.039367227028689764,0.05279758484373949,0.09332040278165143,0.10875146134318012,0.12098170089925675,0.04957309287449688,0.033441180183083806,0.10424531132663792,0.021571139809699547,0.020011369654487663,0.0942496152428937,0.3740532623405809,0.05625114777011941,0.3617367572296419,0.033556581750681325,0.26398771009967775,0.3919003831892318,0.07810743649335045,0.09105906645503707,0.28240813056700853,0.653818970672852,0.020597472798933078,0.03199010479676147,0.023506995240740656,0.05261796435583172,0.023604622099673428,0.03260183819601572,0.019652953521587437,0.0739221740698935,0.1412015490906414
ITPR2,0.1422508080029419,0.0328980148616599,0.7094805866440526,0.07540401712293723,0.09592973495591195,0.048036987294695625,0.0697258416317546,0.17501555028296029,0.38755432741727885,0.04832027327101326,0.20806131713081766,0.14632021654232932,0.024682719782280874,0.03176754577723231,0.21766390942624342,0.17376086564206952,0.09124741350120749,0.12528710949399843,0.16054123926916217,0.19333115738735976,0.09767248251184618,0.1888211497916182,0.20232757126670128,0.01937419017398956,0.09155046438246922,0.07615478548275365,0.044541813458856404,0.06200350359755044,0.11815675717790494,0.07909731517986565,0.12213409457016376,0.15043066124115825,0.0526849584203079,0.1945854225330976,0.02600984064332692,0.2438782617775152,0.0,0.020843050195655494,0.045781252467784916,0.05481574353965253,0.7394731507268627,0.1477736427414822,0.20289934645977678,0.044515888080030444,0.21722257963722505,0.026455182436435402,0.019169704461600188,0.12094911965500134,0.04173912678202643,0.08399844622230761,0.26306988857981517,0.05601661240962918,0.027037388080551034,0.5105955180169512,0.07720342491967228,0.054179165375850914,0.04810780281941995,0.08419923703832503,0.03571820427957834,0.022007773425884232,0.02991958244921879,0.07814519459402952,0.01905683812398225,0.15694287628399844,0.028826313843307694,0.030225350304458814,0.03644558880133182,0.06533235942840118,0.023897521544068212,0.07906059535909188,0.4082990625227137,0.4420939160712976,0.10602513488503311,0.028987324182003858,0.06886490223942611,0.06122302336468896,0.043574155542920344,0.0583945815929914,0.042139678167608885,0.12667600438467647
LRP1,0.694744313843865,0.08677232422094523,0.05053652837178655,0.02350096326535905,0.19287287305493653,0.09368140159064475,0.019772829311018803,0.021001653364469387,0.036915421038201605,0.21020307938437494,0.9172810398189752,0.05318396394800295,0.16204796569232735,0.0590255822033281,0.3711782083052762,0.026685106682306697,0.09160010178534776,0.5043985561035118,0.01986174269026038,0.03604595586763655,0.3996778847898824,0.11007141196634111,0.42806297213592825,0.08637411494653813,0.2258191609247985,0.04010636748549275,0.12000121295882475,0.01912184796125241,0.04650617600846875,0.8793237289933603,0.17104531023607725,0.15859363467701434,0.03173871403551661,0.027733974555635497,0.05272866072427844,0.04111284861513351,0.02102393583022751,0.0,0.052484300373964426,0.02808663195373407,0.10970138717841098,0.17912150835331875,0.0361872257805045,0.13057752058380512,0.3335323829912863,0.14620460467536142,0.025867802709305655,0.027736825246835434,0.06112323883203591,0.02161422462708154,0.24711611284288734,0.2787303549072948,0.04349391881633818,0.16114493566117305,0.01881705478993631,0.2942413013581619,0.02356105271173351,0.19547831396273388,0.030737147271521506,0.029710353590868533,0.01990954231058713,0.022033221986709883,0.08904957528028178,0.07619120261197598,0.0242754962238454,0.0986435079590103,0.024759758621872303,0.01963054201739873,0.9901045394229377,0.023609054900516104,0.03181568944197422,0.03753914369051624,0.141596582612376,0.3142094255690877,0.02200805571113416,0.05285896327921653,0.38260703598975165,0.028680802021837624,0.287300903271854,0.17923098318899064
MAP2K3,0.3287570853538936,0.11492983857909812,0.24120369217338014,0.0984146384468899,0.01957227900569313,0.02675264745985226,0.03182029682831399,0.0403746759966729,0.02054830980640245,0.022704584869510814,0.6534668554134463,0.026418098846913082,0.27109579364935604,0.39766462618213233,0.02317815138188119,0.0889398776720019,0.17523402208437777,0.01910130228022259,0.1132550998572883,0.024401417368061236,0.04355053316419543,0.03594176443745231,0.03654105471103653,0.056372259887485274,0.22712837390466056,0.027272700771755077,0.08478933755433937,0.021421663607652124,0.10849689332510758,0.08646456790320596,0.031749514130246785,0.14535926714394315,0.020884037561100532,0.044570402446027814,0.8806828499763634,0.019120646393528114,0.03318059064835549,0.03494644701857546,0.0,0.07967922282934775,0.15567845477563796,0.045781747042543536,0.06679247594137894,0.3443372973658027,0.4403441748726328,0.033289457176003574,0.038516346659789015,0.15051561201483685,0.08792628531255064,0.038904922188546576,0.05679949105083803,0.6393486835393335,0.03983356234776147,0.02346832506729604,0.03697637263394242,0.019123066794938522,0.0647627561949388,0.02447176353582035,0.06752663991616589,0.029407935534967178,0.08099115462841079,0.12222665502019946,0.05814309881168265,0.022022291029864895,0.08774166740275591,0.03965363985579466,0.05748189223139655,0.04580018770246745,0.38022005868269027,0.07491899311219656,0.05495118965104227,0.19417025935367968,0.021396550596130298,0.040917262509899716,0.02463224585746258,0.02201159165066885,0.10946619547340875,0.028725460659676703,0.028506365749546268,0.03292178679744209
MAPK14,0.24774517692169754,0.05248438438448266,0.3720260446859581,0.06928143949815997,0.020378816906584347,0.023821351644432096,0.2959287037029803,0.035187369301628926,0.05999513772142276,0.05978913967531229,0.5054548033558838,0.2591819177742003,0.8196946252742446,0.15994017865820273,0.40163172557676546,0.055475335598506634,0.3594144313379761,0.022179417121639396,0.022635092518219702,0.055546829235538116,0.10757667114309384,0.09743083971891377,0.054810126623231044,0.030939778813254604,0.0986445001324775,0.018889604349646823,0.8813380756289844,0.31130311663658855,0.02018482322949321,0.018229923343029954,0.10710679688879664,0.18064380937944716,0.04962147301530614,0.1406971012485628,0.47965125620898136,0.08442585520725211,0.042521473497812906,0.02486773589885239,0.10251696740152648,0.0,0.10054502142653389,0.16566308729856546,0.33269315232635,0.17011684026281326,0.030556768459644824,0.09830356462129426,0.47393101072871946,0.0683618030182141,0.030448925153508347,0.1818283531550018,0.01916837061325461,0.09074562684735475,0.17927642884056774,0.02445913309546444,0.04024952954997981,0.026357541520153988,0.07623206797976488,0.09183218592719294,0.02530383677904637,0.19518205055532653,0.05252781239604382,0.038206431439801423,0.024679435941044027,0.029554432995836075,0.0747309994661391,0.08567396098545305,0.07570521455492818,0.07955939888030451,0.0995381046254821,0.053531870310451604,0.27306194587217764,0.028588705104715048,0.11472778238984178,0.023642914445222384,0.13827876980022247,0.019910421477617964,0.23543757301528273,0.02334480819568465,0.06231135014643757,0.04113423177395326
MAPKAPK2,0.0673321244557741,0.03285397904010946,0.5780946742285343,0.03825980857887945,0.02262284667099565,0.03964021090789521,0.17277345012315173,0.04874379453169871,0.04080366659368202,0.2865629383919583,0.048672787876399524,0.30084224180532454,0.6213544694938566,0.021398537505498437,0.4011011087629773,0.0608104183075307,0.08745701126838551,0.023362665020559763,0.045350384142459184,0.5188083716044127,0.08026579861745729,0.3377147399827691,0.15602891612809636,0.022356197827095876,0.7749977079983388,0.439962824033668,0.12637894989918944,0.024196158918671693,0.6808085411815376,0.38933893147779264,0.26041305256201075,0.020580162356481746,0.043442509795454054,0.04220511081599607,0.10732269589007484,0.029826362914389743,0.44621885755375806,0.06604761516987773,0.2070357940376183,0.09675232648069229,0.0,0.17906263689556595,0.10851495818111555,0.030280757670666944,0.10760398885672134,0.05993968936892348,0.0536018969574573,0.14924519206034184,0.02778475805195882,0.06663199032150782,0.055157670735904545,0.07500232477617569,0.277665943697324,0.024225399713383368,0.08191660045187771,0.09777052310035307,0.2615200775198403,0.03554120991752081,0.46445603106877176,0.0569234774783058,0.2524370998889821,0.040409525137360486,0.09172174095360781,0.6836004923795669,0.034967174242567095,0.24249766681643056,0.08167633909751296,0.3749585429710415,0.14759698083370326,0.05809276374384631,0.0616945884718378,0.13457445357629066,0.03843075024248001,0.06869510511815109,0.17059769689986068,0.021174558877245234,0.028229237364117213,0.036060811798388895,0.05064021161091733,0.04149993259304862
MFN2,0.04888030334083973,0.11888754170821604,0.05020531583545924,0.04107096528673524,0.2155795912252828,0.07125285276143213,0.024599544561544354,0.05433079835486259,0.553071810502008,0.0902685589365256,0.021486989007619747,0.021510245735152426,0.02707082500782144,0.05089656539003598,0.018619763786570757,0.9154968935218736,0.03002725267345796,0.11389257001773506,0.17402692940623907,0.019172881959932022,0.03620300158265117,0.026252525087121798,0.03832149484002111,0.06179288746519092,0.022537176645115047,0.08032977544040963,0.158781259181677,0.08454136757754052,0.029284201407768183,0.026892653257194168,0.24407371744395384,0.47260782793348766,0.021161943110937546,0.8047847069623484,0.6878537419984074,0.42757976681490506,0.17601358957792096,0.19115052214178052,0.08423140012986126,0.35189468475263774,0.40323662609998606,0.0,0.052791959563614446,0.021971162268219338,0.20612586932814506,0.03131452706137801,0.03334809547639587,0.037044920156448585,0.08360648875497932,0.020207066459790313,0.021651433147697755,0.11008957278960423,0.11029712346344556,0.027234562347882994,0.11936634267906746,0.07639740442071453,0.05360693153471654,0.3969080125904571,0.25870081536001943,0.11050172629435423,0.07530514122570389,0.12056195583287042,0.4227278527453248,0.3613567041286399,0.2611028824734263,0.048027010121003,0.09844316588907219,0.1958623237479071,0.8501572547694348,0.07542518864735331,0.12035802775479462,0.35672046433587445,0.056221463464510776,0.01887510788809915,0.09007827877131329,0.2750237473453669,0.17368520609509877,0.19118798250311678,0.023522743802691808,0.094711500774622
MIA3,0.14916275927168474,0.19065152841892286,0.021223428472936904,0.13024736330175798,0.13909063976355313,0.03237193928445073,0.03540730541705713,0.15743968853973278,0.2757827195911447,0.3300783007550519,0.05732919632543997,0.04626360319100774,0.8671275646535965,0.18734161124507037,0.033208746371182145,0.23461462560633223,0.06156131671888376,0.2612020042687284,0.061999240383611084,0.07396247570790077,0.018751330535269183,0.40471293372968387,0.024562468456436705,0.02045192363181551,0.022774233681929434,0.2107649148876237,0.265090946860912,0.03632459657092275,0.5862583212890375,0.01898420669148623,0.018700566195543878,0.026239002156477315,0.8903682246373367,0.023840249244093125,0.08688794108607714,0.054461520825351516,0.16485683310044938,0.03268843770762886,0.10795575765598354,0.47107648662553736,0.15192044563276674,0.04393826802554007,0.0,0.2741668040637781,0.9620054784986619,0.026370482537950594,0.2041091707870717,0.08056659088989264,0.6145175534217935,0.06504252835284902,0.1416948506824192,0.14548780485897195,0.1180574966041812,0.06552612869247434,0.04705614241882303,0.021785522571031442,0.029966292526980354,0.08791799284814857,0.13918968329757447,0.23830293705624775,0.2721255534044306,0.6313197647276624,0.05023568924523678,0.16465590514017306,0.033628290080787555,0.0250224132696806,0.04557266432808932,0.12345482836191483,0.2086851428449523,0.031993095854531264,0.022273859971751714,0.03554170639793333,0.03157586975152553,0.021019817902595068,0.022282310827200332,0.2172977126328544,0.5797057988424033,0.2596402647650369,0.05003994327142479,0.049630078082221286
NCSTN,0.6031068816966345,0.06724222170781313,0.03798194133009688,0.026153322223672074,0.05249719574021873,0.12325278995696973,0.15082106363121092,0.13903190921410905,0.019036368669235224,0.03607244270786276,0.2351392396120076,0.0431983268755567,0.07490756982818676,0.02074403435111636,0.023733822235245568,0.1047892947472509,0.04325429190942732,0.023518967103390846,0.036394101865583006,0.023221445031764657,0.042567775790840284,0.032004736307337765,0.0630519677947467,0.08513549608380322,0.4679758239626888,0.3918589546377729,0.6027478792055286,0.06980413530602758,0.542314413388655,0.04184384915550066,0.02244099228627144,0.2076634104254527,0.02482645810242556,0.09833030461877952,0.026140777248219803,0.06358545336784668,0.029818051558961264,0.0522476792639529,0.2411017444082976,0.09470944748531918,0.02644775156544674,0.01991037453422494,0.10502252005837039,0.0,0.07201711796740193,0.045376595152686966,0.3545024124360384,0.2327730746779075,0.059335807255442234,0.12675133244205938,0.018066987828682036,0.020142397258739207,0.047064147285178555,0.07336090597587518,0.20597386572812515,0.018226541011371052,0.22597903336216058,0.06515254974950978,0.0439448044796942,0.04002005839346579,0.08506937462747167,0.046752547467662636,0.5593866500344733,0.01999032899522343,0.041660845650205496,0.31337532575989513,0.04936014122540153,0.031459354801599386,0.02313613686251752,0.1675587738783638,0.020545245959626368,0.104169837845148,0.04702445173302643,0.02111444298683561,0.1355295898705662,0.4969784053257597,0.16421377079910002,0.10302231653248405,0.020901702459614282,0.2536424158303952
OSBP,0.32173650995623265,0.02838599312852915,0.7059052840638856,0.09134693749755625,0.03116344562551598,0.07311393587471908,0.01969749354538332,0.17985233131976636,0.018002090838222823,0.23982781839607287,0.07357133818208964,0.02271906466418861,0.0489555939455063,0.07701513600593675,0.01984590956194895,0.03413661151607954,0.6055850357238954,0.10804344912213394,0.021320861248662226,0.04167278713526163,0.05144601920202594,0.13520597090096864,0.024804908496246593,0.022823440539344382,0.052891233714793935,0.6324557352490384,0.6369587324915758,0.4643648183401871,0.17868646723125445,0.05455082438269709,0.024146766458767423,0.09647870308406127,0.02145124431630343,0.040349000185167794,0.08071390618257818,0.10080073825239474,0.1517443452329192,0.20095098892141194,0.6973994334982887,0.03205668403702192,0.1307823994205031,0.12286952661426247,0.937724169114385,0.13986716096526383,0.0,0.024064360168282475,0.18917508868736177,0.18056209668175846,0.2768271950894271,0.7204674449969459,0.11863804083720003,0.42879347295703246,0.08077346950506759,0.4621926556592276,0.03850801948897561,0.07944587187828525,0.13903610712450146,0.19713968054326483,0.11718774732824867,0.03221541899122991,0.039491014910915154,0.08423248664128108,0.05291460456805172,0.23117643936015084,0.030130466856217005,0.041271070009875864,0.4940394612065644,0.30471666212552934,0.051220484354209735,0.026736353105663295,0.10857076122315137,0.09270689921528746,0.11781950612108856,0.022579300701449586,0.3329931558134918,0.024655972907649797,0.0378580074318795,0.9229084112949506,0.024348878182910212,0.0294633449926644
PICALM,0.361807327127381,0.23643154901455152,0.037781562547910874,0.021632582882272645,0.04059719115416918,0.025799929185881407,0.0269812473571677,0.3236379224945876,0.38881400038810865,0.02545188347266512,0.052759351549092816,0.20858974439731023,0.10245970636369309,0.03309049705862991,0.02468310329968255,0.3166226576071312,0.03633238954103303,0.2459713595814777,0.06937374392184967,0.029879206278995967,0.05828617788011579,0.11114164145946484,0.20830786665144313,0.6281378443599039,0.021138816473176114,0.16047456273851562,0.12108614149789519,0.027421689998456625,0.12371340924341727,0.15857483110817996,0.07200892878103463,0.22771590538155262,0.17667385103136182,0.1786465103797686,0.16826693992192118,0.018804067551361214,0.025071220561104342,0.10121391651783045,0.04041992151536686,0.11886502075675806,0.0710988386698266,0.027847173840951773,0.025894518739020277,0.07444319864067374,0.024246030114252488,0.0,0.025766289302274165,0.07703807013192389,0.04707861425990332,0.936825854370695,0.01914884440901784,0.1503511827314909,0.15065107658854607,0.15700657178822947,0.5875231665153773,0.06473411655117979,0.021992007810032046,0.03258318679503486,0.11793772625269543,0.03189023056046416,0.023370516092823285,0.03823796995321192,0.019712491298728416,0.04019160051063057,0.2414140912980043,0.8211147893975419,0.058135517038723085,0.1388296387709139,0.09718666402455675,0.08168352046520462,0.06907380699308169,0.11962677608753515,0.13618187607087215,0.029101185717710434,0.06765120559356538,0.019656587901712548,0.508263764112249,0.45424723746874635,0.02865138303023684,0.03385245953117727
PLCG2,0.8482240082412333,0.056603120998202944,0.17262718694462414,0.041573269740951206,0.018047568831111093,0.030856382141431608,0.09545268210839578,0.06113721474866547,0.049729791279924246,0.022898869448139028,0.4817377573814982,0.340792400045232,0.034230679887389225,0.03204711726925255,0.037023901609566506,0.018133915423943235,0.16258258774282117,0.08104918447306092,0.023237885376618167,0.22165979344427522,0.019814178582073787,0.031896106072837896,0.2278284035120371,0.01935694777860303,0.06705571713434573,0.03917631429881256,0.11192051300809058,0.8346582450980203,0.046831373209080145,0.4711490274565776,0.018976490025245714,0.03974100814279985,0.035274337016994235,0.1581459187869721,0.0540454925285932,0.025953115565698456,0.018929743586084926,0.023694473390429547,0.04577310555724593,0.5167254155914491,0.05770514735434352,0.028327473843569033,0.16025569693183842,0.7151739518016209,0.1728812544868485,0.025152009889504206,0.0,0.33411862239184026,0.029716168894265062,0.22135058253589449,0.0660385867612178,0.05801190221067127,0.0912586026601934,0.2538006893888934,0.058491808139652185,0.07706494815554092,0.03424913526154528,0.19955877452371298,0.07944567468298062,0.04859443667106529,0.06432579804673648,0.03985207831620989,0.05151230555923109,0.0320207580309206,0.021684952041438797,0.06628986047218222,0.43092197183577213,0.08585796894070263,0.07247246568622659,0.11832406920610879,0.04390940263234015,0.9910687018363915,0.16104460723612896,0.04242751227621999,0.27242991858835675,0.0881981488238376,0.04062241234525022,0.047786750603016355,0.04771206389095138,0.027894342314393215
PLG,0.022733792916844707,0.03500031319571776,0.020246556508227917,0.08525883515245375,0.035750162482512976,0.02223901433060111,0.029750013836355862,0.03405450664192017,0.07573182147730109,0.05613320287287994,0.11297255444327425,0.019453560792992722,0.2139422396076746,0.0257849668746784,0.6407753218155594,0.025542639831479287,0.06994467722059294,0.06269288535101694,0.08009808557282032,0.24595565265979955,0.062414625284766066,0.03885968268202091,0.029221034136491162,0.0685309036768465,0.13701654469012037,0.021803141542751932,0.05252098826087864,0.043198355467378574,0.1003208066720245,0.11098097804470368,0.020545651062520136,0.03424567000583469,0.13919839634779801,0.07095641289276171,0.050427743732997986,0.023103992441505537,0.06424307507696438,0.02352833305245394,0.15192346449512464,0.056434956726144805,0.1164136576538443,0.02778671089137354,0.053929474687449984,0.3357589489315287,0.11343698339708698,0.05495757204699435,0.21481224200312363,0.0,0.2601878844938287,0.17209287564889933,0.023277877247615195,0.04410796124270164,0.0222852092056653,0.04670891524707971,0.03048743311546818,0.031719873722549446,0.6319139121370346,0.025662243580735072,0.027754208234467264,0.11097236481503012,0.03644332300780761,0.26297650624186913,0.018320562511498384,0.13466326168179468,0.5212921487475648,0.4620874005486492,0.11804106752228807,0.13989373457498333,0.02183963782972358,0.21063086147238605,0.19547304608215368,0.3208193002396654,0.05324585388370166,0.0756939137131001,0.3311787429650985,0.1387730425064578,0.7775927723585807,0.07748208188891717,0.03945684957500762,0.029846473025555837
PREB,0.12095068570174038,0.023895338933654975,0.019453027145364264,0.1607271438059811,0.022578207962179547,0.03787187102072924,0.07310305519607488,0.17062854134114644,0.023979873002442635,0.09693862436348406,0.036203649834588764,0.13405863425631862,0.2843168023912142,0.018908323864529904,0.03572284134275861,0.10209773501795745,0.03021405922772024,0.02591092476565569,0.3477315860079798,0.15308102695597423,0.5664956828637958,0.15147385606618446,0.28610557000541814,0.07718918192439614,0.25002769702955707,0.4006665068196042,0.01946975467547599,0.2051649181035081,0.06529947025512457,0.021042907858989202,0.030672127491632024,0.2865832708201537,0.027419296254137915,0.09104233021842538,0.12262317345500165,0.02357860168340635,0.03290504773125568,0.04134269117981509,0.10162777697733631,0.029359057670147053,0.02722296695668688,0.04975655196137359,0.38566879745655724,0.08275764146012628,0.19651217124322004,0.040104801922228005,0.02814422315854358,0.3151892533175125,0.0,0.3655155162742719,0.097002012693409,0.25537198866379873,0.10058326652161427,0.17404464523055702,0.02049677896187179,0.12413923230249149,0.021580804591969417,0.398056197616592,0.07838265269321962,0.41620927537925306,0.1109914297665581,0.04278922783989158,0.5289488255424907,0.06081688721068498,0.05543140191867418,0.07198318694875766,0.07418680416645895,0.21600832810351672,0.024123957955015478,0.07847399814897439,0.8277510492842644,0.12334066914577449,0.1300229656318219,0.08005058052382642,0.07710391596908266,0.17006442204778222,0.1966159698881347,0.07181010380645855,0.16248971111168303,0.03798732469301071
PSEN1,0.09075219530704963,0.02971890026415467,0.11614269879564487,0.11430838109404558,0.020739922499898426,0.019308310588654655,0.018669878583539364,0.039343841054596186,0.03608485112931437,0.2965846275761637,0.02182361542357983,0.0913394459444987,0.019322420116206163,0.039113947852036805,0.5136127240027805,0.018134961825682788,0.11336801043933466,0.06570997074507912,0.021538333518627602,0.05224401100408011,0.02912887301972104,0.05742534865233418,0.4207491234804085,0.09469184163679542,0.02148136288009,0.02160306045195943,0.08608023370565511,0.10040028972805484,0.03939418199106604,0.07585107777946272,0.0602851087135039,0.4459325019779829,0.01887831994383793,0.18388895163707794,0.022667745646291666,0.026528343987271937,0.03740134010280192,0.0195060004934964,0.031304800043302446,0.0770256732517508,0.04095436582557837,0.018904146317010383,0.03522053720812049,0.09476475234269119,0.22349769537182682,0.4096937509141257,0.08286415299720264,0.09371394458161719,0.1483254405365014,0.0,0.09172845295554093,0.028048372777153448,0.048995502078476756,0.407880816562404,0.03562405073013527,0.5046392144514241,0.21576506787874217,0.1771302114783022,0.02231621432258621,0.08694282625895829,0.6720215833276527,0.043554523524167395,0.19375406102605566,0.13370641385607454,0.019093176108812,0.06793891142933742,0.23289266258229327,0.21961444848016057,0.064328461299402,0.03247234424571473,0.02548250632862721,0.08262518553176383,0.116379509820397,0.06068360325523598,0.08392517377487736,0.22885763810805695,0.06960686934940818,0.23292666274530238,0.02746406438969709,0.06356761314827893
RAB1A,0.05470073270818211,0.1273403336125088,0.0529651112142826,0.07533298596309393,0.09950963674818389,0.20859585844348716,0.0746539930539994,0.023387676057716078,0.16226184147168127,0.109157397434548,0.08638709533883211,0.13908550460144342,0.3422492164052988,0.03368153578565457,0.06012128697211419,0.7702667075664358,0.0880503238624331,0.07912935413709653,0.2394720679231701,0.02607899217999692,0.0271930252495817,0.04154401539742904,0.23626556734286686,0.12521272133764716,0.17231092061248818,0.37122306167980257,0.5900957818876938,0.04489844295270075,0.5025903484625809,0.0415548773040318,0.12252513470707961,0.6057844723008793,0.4955039588266932,0.25771650139234825,0.9116901985411758,0.04860598331277436,0.31956843831767945,0.26457736711169555,0.1185604598518447,0.019689216992839962,0.09010169166491863,0.021649872235913928,0.2072893039844791,0.018145703117669436,0.197594240673728,0.019475064872268157,0.10333834223915662,0.027624267484381303,0.21467927754463692,0.4986032261907666,0.0,0.9927830193013183,0.02401880159370625,0.07358774217771623,0.86332477190861,0.2959548801561872,0.04013111583520013,0.030098070764119654,0.05059609203847259,0.7611155847878845,0.36897919404593044,0.09453555534461927,0.0692424737444021,0.19084215704687255,0.023403462962623717,0.03961892217536572,0.3739657031594155,0.31704709033010037,0.2472211014649308,0.11727616198263174,0.2723302418910847,0.02258413817492809,0.45030870629230113,0.09623155183113913,0.07810826612636468,0.3349847971494482,0.27230489747925507,0.886094774360184,0.5409750604728423,0.05409064197638604
RAB1B,0.025435992325668382,0.06100334067742676,0.1367655366987811,0.04151610959403851,0.05975779758041116,0.053118023958294264,0.19698844445112773,0.03462182313505125,0.03428033933813426,0.028384600367724087,0.27150107399220996,0.12382142631169173,0.02071666080432772,0.11836917986366098,0.07624948984465402,0.40189574938753986,0.036050003415351806,0.040744152646362795,0.17559536279780044,0.150439916971729,0.09040744560498147,0.14784608798892918,0.02009581615175592,0.7553211817693375,0.11071510326718512,0.06679375649328986,0.4452369403974342,0.31243335392438,0.030290069811650857,0.06031644632232287,0.06158242521810594,0.09257837705784663,0.025718425556991952,0.02093397680698669,0.0893321161193947,0.0485293277242121,0.04426424840969333,0.15095987063184405,0.8225483449093467,0.09458932983549617,0.08052392309194008,0.06782714290842634,0.11381613664670558,0.021129827176661755,0.3763407509845636,0.12795623248871923,0.05694188230232884,0.05279221015184323,0.3173898485017732,0.037994493574793564,0.9203483803971851,0.0,0.27136122937989293,0.336028089219805,0.8971712023386009,0.025889916062600434,0.6575757227999726,0.22574856401889248,0.06785496744056094,0.028277530920839615,0.08512101089040724,0.03745728201290566,0.03253830028374268,0.10373827308677105,0.06649655961293599,0.054027147373394584,0.14204740583932715,0.2845719865966324,0.025297383346024625,0.1984857458560198,0.02069555194603497,0.035236142996468586,0.028241629780590097,0.09603493640718548,0.29842715941396236,0.0334581112093585,0.09130528201598569,0.7560646306767689,0.05372580100593728,0.06758465962325559
RTN3,0.045393203439270814,0.1904083709348974,0.034516144151981315,0.028457036676856434,0.15580086972033108,0.1568546358532687,0.9862462736391858,0.02250423000791308,0.05006553555247131,0.07072173724037037,0.044872735564135666,0.05130660718841459,0.030722317647040982,0.7301640199966668,0.03975445894466385,0.02867069023457271,0.06576895081276027,0.028792496395141417,0.0251037551132541,0.08635498207130031,0.04213017722771942,0.7431562077767017,0.02128155830118095,0.024371619432806597,0.020384034761610128,0.05174836189161786,0.05186960797486894,0.019682824446960227,0.28472295947804893,0.032300237426516956,0.04742729848672733,0.10224281174788062,0.3226961429737897,0.05773312783904934,0.08841399146596206,0.10459965204875209,0.0261789690787017,0.038814072360712076,0.05489479558057917,0.2629273354440506,0.4339576217725551,0.08399819788957612,0.12203441036791993,0.08682010354127942,0.09292058877399889,0.17216329109002992,0.11430243414494409,0.02429801806462087,0.1583632743808817,0.12335278536961804,0.022953035166459572,0.38072725864609885,0.0,0.8559624865824399,0.04697964843906197,0.06551349626993588,0.038846245372988024,0.07094211478154074,0.7106493319516993,0.03426962437113178,0.06182368432147581,0.11897978388650557,0.301675198998398,0.3846552396471361,0.18942843306831794,0.04759432108927555,0.45712464349262805,0.1538800299624035,0.0669899734857313,0.04866479484311522,0.065906695562973,0.04108915929318328,0.0987417457321484,0.0653635589091641,0.8448329443330083,0.030415104369872978,0.1725233258220486,0.019672817896098416,0.13534986224394469,0.10847683874120463
RTN4,0.20719867894118288,0.02087079122243439,0.23876708438068853,0.062202782335185246,0.02648755131692999,0.08160129180478895,0.37744869981442997,0.12162150771527037,0.4442381055901652,0.034918489295381015,0.02793296071984816,0.31309340054879714,0.07981181265880809,0.07224154315213441,0.3912349596569106,0.20751306963542515,0.7029592870945633,0.039433206228746735,0.2285601370162416,0.499306276929963,0.34858513010996295,0.3944886949085296,0.07030927293555564,0.15554743852200356,0.3175240545481314,0.5684955363008719,0.08056994892520815,0.0810858606723948,0.06415330811414077,0.2080405920700139,0.10091168388521451,0.07521538463085915,0.07622113552293448,0.17299667564487473,0.11459784446624106,0.09924812074517576,0.32742574199341623,0.09987085060508927,0.025038669119712212,0.024881870199948038,0.0248180326174763,0.02448490839644885,0.05763970676120832,0.13498237758264334,0.43153844566840455,0.14037879013933718,0.2602017907615834,0.05833645951617277,0.22664483743809646,0.9092040304292768,0.051653863263962006,0.3572373407391015,0.7497236336794859,0.0,0.09703884140435967,0.2310858703352747,0.03191358755695734,0.22945279588154305,0.08730875375281943,0.393524650148924,0.05363042844312466,0.3805270234509084,0.022757659745518743,0.3586581939301054,0.024926200521623625,0.02482916304684172,0.03374006809029208,0.03244154804049223,0.30678173707431033,0.307593313863097,0.14026908224100665,0.18724906067105188,0.08668388971238034,0.029439336180361424,0.031366486554293756,0.020125506033412274,0.44712678632031366,0.2234330901153002,0.18718719984505933,0.018621491719046326
SAR1A,0.10738739698141182,0.022137582680951333,0.10844126611869531,0.07468112355386092,0.06572546706218414,0.02727089461473851,0.05579872942763097,0.03177388991930442,0.060690885643534455,0.03461343995746653,0.39241784652325323,0.01822464930054586,0.23170959400097613,0.05007154160350955,0.408500602513123,0.06057760063964867,0.0235091381731017,0.030487296082461254,0.049308730352934545,0.05751226392488608,0.08815382893848647,0.06968326694457176,0.19954956353320102,0.03891823651696408,0.025130655652959674,0.04316774558584744,0.04592421080084847,0.9008521568198354,0.026274007609837002,0.10131451686101692,0.025137393471366464,0.1468345457563065,0.053604680251507025,0.029346142751558092,0.5200386653617596,0.10071969696107796,0.055702708962671474,0.01858678490229109,0.04204694579260851,0.04031250590758624,0.08508716535412832,0.06980092370130145,0.04090627237319908,0.4209255738048825,0.036209612377891796,0.4742659458804639,0.0558434002279806,0.033412142074606924,0.020703780198829402,0.05503902299611711,0.529608485566903,0.8824742079320672,0.04023941899451794,0.0893963072891796,0.0,0.6977646723003779,0.178721310211671,0.07857557634299925,0.06314064374780323,0.2891459461774657,0.10509726022023123,0.14386855501919332,0.09596789489479846,0.049519487626056576,0.028685047870291292,0.394554961558443,0.08789706193714102,0.08050570396701204,0.06802149830119246,0.11483529323742953,0.37774320619649787,0.2691722908787038,0.1612545043548864,0.8590213312160965,0.0671603303534942,0.04425010927352376,0.28541379635848707,0.09856120683550589,0.13987042767411756,0.019700626910030324
SAR1B,0.02156996193916823,0.018255009897042,0.15274708476335674,0.05760401570711573,0.02401731874887381,0.04367768764920946,0.0845460432886292,0.04514818674233664,0.0300464155104434,0.9982783661245009,0.12553655401433828,0.024983054028240914,0.1311955119133079,0.025110583647466798,0.1546827517241148,0.022936179058633967,0.02177772578619751,0.14602010826046466,0.04885602137380206,0.05019747738982759,0.08778433644826356,0.0346363209951009,0.08777900612905681,0.024696388873126644,0.11316133278317392,0.02809850417861162,0.4096656474335348,0.40009869935877185,0.046653723660871116,0.9647515741184656,0.01947018806398295,0.1332273858753828,0.06738860211830894,0.029065039734002866,0.030129598575036717,0.05050035431798743,0.047249276453710645,0.1944470036987011,0.019524997629091986,0.027764551173935982,0.12672582734796858,0.05760698645872771,0.021648422395909382,0.018366307704870327,0.08432363557309544,0.06599656781760192,0.08722460863357667,0.038241262455354676,0.18247870981412675,0.971217083799754,0.1832879997962813,0.026913417429006735,0.061447469731379246,0.2713158333159893,0.8157139424513795,0.0,0.16608324175897982,0.24872376251223166,0.23566230833990454,0.4238272842771308,0.1543387351707005,0.08171778404789633,0.05549060755933814,0.22088426311587187,0.19740374554187104,0.1394163128098423,0.08853339015054218,0.3065474362807846,0.024753002992658354,0.13548667996199706,0.5730061453263401,0.2924052045954526,0.044368511011607596,0.5945303877742365,0.9164097929647225,0.20983453412182454,0.9832765744151459,0.06604546871623257,0.0586122641422918,0.07354011821925208
SEC13,0.04921866710824092,0.06052055545843982,0.028661154463093776,0.0729399099417347,0.020658481674866246,0.020719417190773907,0.10983876348739129,0.03206284075069929,0.038773769155806506,0.02704957627308825,0.019303536372918335,0.20211828137136512,0.04821080044141381,0.24273729544647635,0.08477696806600847,0.033330379016926294,0.04227767157672427,0.03062881766741398,0.020757381574066577,0.09792148775857108,0.07927565228216348,0.23838211815467727,0.031887198552029025,0.03168425678830626,0.11553176550398113,0.01811003245732858,0.090330910480647,0.9452151938734269,0.04086229237032302,0.034040602296222286,0.22423021637520404,0.24524192256176455,0.2294614902847683,0.06664867160332714,0.08530774040624185,0.03351125819997476,0.04202354834224371,0.022402432221511576,0.09578030997439874,0.08994263618995091,0.353629674486679,0.04265719349864367,0.029253341799821232,0.5738080478982446,0.1460273229084467,0.02199357342391233,0.0358726379064643,0.8768323610488973,0.022394794597540985,0.7298080476144483,0.03390072987703698,0.7451844382073848,0.036965677193795655,0.03303001341284614,0.22548838881865224,0.16119863253911615,0.0,0.157383924848957,0.10479239610127487,0.1425454036876872,0.07126507674829494,0.044071778238795434,0.2017907420309745,0.16041140717354482,0.9197396341884098,0.13050771784988263,0.04698645308488477,0.07208116874273726,0.0188731160312296,0.1096889001554542,0.5884890176182179,0.03189466351746372,0.1036423566363936,0.023796560366190413,0.037646319819766606,0.5627016698700327,0.03441235975309425,0.7529580596042265,0.8176041790848685,0.11366063763570951
SEC16A,0.06279495850731118,0.2523849526024763,0.1721028210233385,0.28160941846774007,0.0910244843212791,0.11489499478929777,0.025026908049769682,0.01836121303135972,0.031050694558437265,0.10304841426072067,0.9540225108508077,0.03718152470466801,0.09164002546983586,0.21679398168052838,0.030066952231471943,0.08625285794240466,0.15868437364309385,0.5975828155637176,0.22626925523850502,0.054895720063168986,0.020153004465288994,0.13242346427548873,0.01963560193030912,0.08724286017396492,0.1053754236167095,0.5644131728403722,0.20283139545711262,0.11319570060052468,0.5229316257853839,0.09135237558133966,0.038017544886726984,0.1617357611931977,0.060983243950666254,0.06257740916860748,0.08547192341062292,0.08924867275066656,0.06036803132810512,0.10903693605871448,0.025962417461338053,0.09359118959153177,0.03643100173454722,0.18991068819480444,0.07108759066076875,0.10667732498145835,0.16911258991210484,0.030794163618288316,0.18718368350112513,0.02741769325170903,0.4755786828136985,0.5262641274583467,0.025968851182824177,0.2188873444469767,0.05767405715332535,0.20968303714213404,0.07972502816989198,0.19425334492961216,0.13000864385771596,0.0,0.1493538957545129,0.06818479834616521,0.3363918028397271,0.15262575976200352,0.019764024521018327,0.02838071828367909,0.035835477775958725,0.17316918531894943,0.023163283919249864,0.06335226992227816,0.5500132458969157,0.21269687424600772,0.20775175872845308,0.054612713314208514,0.02388917752896972,0.45696959787425206,0.23665899338427923,0.01885552457384192,0.19894414050707007,0.04405046762966005,0.028595988158863016,0.1023269540147994
SEC23A,0.10881991946802354,0.09343408000579954,0.2939896897071601,0.23652469113937236,0.038790155252359744,0.04688035396926044,0.018070252860359813,0.08034002912358214,0.140717649014607,0.3542169929127204,0.33386798093401004,0.06448833652440825,0.04090259973617771,0.01945904763546279,0.12072063279456632,0.30091880285447825,0.022717383998482478,0.023683997499437098,0.09040931744609121,0.03437433901091001,0.021889820829693072,0.037903582269511446,0.14238276391305002,0.047173103075822245,0.13513572820991304,0.19506479436461133,0.06215694500211513,0.3169495808443209,0.03298213882975314,0.05808966494942547,0.18933112140646766,0.019839709339221856,0.16245680831345258,0.03155211700915547,0.026934142483092262,0.022166740670550383,0.035389346729261986,0.029639336376258558,0.12779468020154253,0.027861900933523247,0.7448320443106293,0.20755666449432575,0.16493629349132413,0.08603640467946518,0.158434499305367,0.15180623589786446,0.10967313959435339,0.03449121031719542,0.13222505350770145,0.028333913831141217,0.04584400611963965,0.09319139560228999,0.777161755713199,0.12019837824821128,0.08859166466964705,0.3074635299743112,0.13311048433933045,0.24347741358545696,0.0,0.13690284912270367,0.2556511740251869,0.25920051767338104,0.6581329200124211,0.05428743994074694,0.03223590430436968,0.2663677913890838,0.4360989512860311,0.04027341202442348,0.08658574843976158,0.18081647803397102,0.14102008851628636,0.018218355291184696,0.427133590424897,0.2947636562277457,0.7981680927145768,0.08820924087188525,0.04278532895774979,0.09698141633051309,0.10013490175431293,0.06832533060638103
SEC23B,0.08629105355561452,0.020409421305000487,0.024843628220818082,0.10795162195744377,0.07797815148679842,0.021809681902748245,0.05413976909851496,0.03956233832728698,0.0455522655247935,0.028307368858884973,0.03531089627135625,0.018080656896061115,0.2107312129544027,0.336605593461883,0.1228865889083397,0.2668828482756942,0.08062340942018979,0.1857013510315733,0.031088712487449963,0.13048326980040859,0.11854173455137906,0.06764172853453643,0.02559215690195919,0.019228603882558364,0.466311009228949,0.02692625842728874,0.04357354728764938,0.13091933812032416,0.8175411964339426,0.03166100494637725,0.2305627964820019,0.018493950872336504,0.07007357413141502,0.7437731932181413,0.08669078100880867,0.01981497668676279,0.021046177966206305,0.026027205287651494,0.0323183254915224,0.20040632119935833,0.05935286911823243,0.06681556838927724,0.17434118390028622,0.05491325904315082,0.030903955376784358,0.030208062547177828,0.04719570131559474,0.15179256011966646,0.4965171740967764,0.22229943720049394,0.4195325426153188,0.028101890465102954,0.031043409190942308,0.35928105541094607,0.29604979893225175,0.32957824581457235,0.11866002410747697,0.0682288055584794,0.09138917993353449,0.0,0.23683467312211287,0.21542893769027366,0.05881591165628188,0.04536026601693698,0.04242133588932726,0.1179408270628104,0.11669867251762643,0.029554607378872347,0.03751839829540549,0.19886566585024043,0.461400341920729,0.09115974975854546,0.035205962345611796,0.06761464411073227,0.7635172840029657,0.3152430981621254,0.10517278020123169,0.036988101891989866,0.08828874406358385,0.030607074473388448
SEC24A,0.08444228097861543,0.04995573690234673,0.05958608590400023,0.027759966199743396,0.08130226265723145,0.04102429750819426,0.037335844076496226,0.20758157373603608,0.026928113300786698,0.14775287572862753,0.10465920086389484,0.018836641256016057,0.1464075358206042,0.04541441117565655,0.24369533833920184,0.09244969243802448,0.030337677352818317,0.027654322296577875,0.030629821042180847,0.03120900330030781,0.27896721789598866,0.029177642394239547,0.2462929144799547,0.06539490395989472,0.12467967828426638,0.046834169140348436,0.04229959825161491,0.04183928230228796,0.04762613696033012,0.45699167960571757,0.029603914440977503,0.04338033885110578,0.09017201417202207,0.10380634126635369,0.05512098842292454,0.0659632384296931,0.02526367872993014,0.019174113361393127,0.08356469516411236,0.04566171211378565,0.19588198081959587,0.04350821735624426,0.1448436772254359,0.11428050632901803,0.03365095496087071,0.02203333958710451,0.052078168177162876,0.0368730538761851,0.09874140977499074,0.9388552567681916,0.13151275551946878,0.06736540489416167,0.044222276704662736,0.044250680260135254,0.08377502698016986,0.09564188635063611,0.052608605145915685,0.23941960643198304,0.11711025691752876,0.17116893009904677,0.0,0.33749676334350653,0.3462818468403127,0.7775756703027857,0.04687392977922831,0.1090060648794795,0.05991482719502399,0.4851192220787404,0.06648562470979671,0.34439652573276275,0.057038931595919495,0.01864411398220443,0.05126167368334776,0.04135115255091848,0.060064329524853056,0.12436945110280993,0.22578913297374853,0.24299365184643001,0.032250128846856976,0.0573667571883063
SEC24B,0.16097951303778424,0.0758362392676293,0.0363914203171266,0.052216977928057275,0.08980797802300917,0.07646470011590234,0.02046477352827837,0.17491929647112014,0.029929825879961996,0.17995288287939995,0.1522487035006046,0.07525709981540003,0.07080356907996542,0.4335339157300856,0.17285251268038346,0.06385819109809646,0.12989460303333739,0.03232159700759221,0.23170094153298845,0.16567959367573418,0.03168374876625078,0.025555418109123783,0.028915505452603702,0.06943750880927148,0.22966577888685186,0.06060039194829159,0.06815759051482823,0.018257530019220338,0.25303022133629893,0.711780408514134,0.042239802018584585,0.034179606904332964,0.02947400824393162,0.09325288871436299,0.02703275695633026,0.2587968708704257,0.052718855154212034,0.020671205838276103,0.14885535262992677,0.036642850782789345,0.03934897755100377,0.06513623281968349,0.4118301077283499,0.062307683275052726,0.06888859535590718,0.03401206896693821,0.03695822096543502,0.32897590807174804,0.043327082774142926,0.07010819375555986,0.05497941163651278,0.035321166128530375,0.08123740964449581,0.29734828844234845,0.12876658774819297,0.06371887602793626,0.038351727626275665,0.13372557233045948,0.13814881154586825,0.18595958772226812,0.4062732405771878,0.0,0.08932273380887462,0.07030021476379356,0.2680527551020526,0.059647784530189096,0.6852320491234138,0.2806282606377435,0.04995982515526888,0.029111408220854947,0.02352953436652846,0.04993319484166336,0.06590715851382183,0.4571860694984167,0.30092414023064107,0.020696681379145987,0.15059632748192275,0.037195022402915084,0.03780376288844294,0.03081967603369903
SEC24C,0.07898157921439869,0.0812228886618757,0.02008820261053742,0.045923399829269046,0.07989260512080497,0.05505118588277732,0.050503565267016874,0.23904264151499144,0.03228073698550714,0.3087429311354085,0.5516969529677267,0.12474451600726102,0.020507913121112446,0.11479650687202551,0.17825702115409067,0.03319279150779031,0.09942981668317319,0.0346569131802597,0.19638498645193866,0.054176581760955383,0.032610835333753585,0.033803893753194404,0.8152954291683557,0.1786060746353319,0.411335594571247,0.03483798609020725,0.3785674504004283,0.07239084327790647,0.02176661866456533,0.17141176987299406,0.10003995661787418,0.5674714529082552,0.027886129724637748,0.026760381789903046,0.018832929884333067,0.05978662460285191,0.018952076715365522,0.0711572039305342,0.08993591553750697,0.026096205558275687,0.12545859047328214,0.27954482630377525,0.050304421343082724,0.9486262194699749,0.057501535350489096,0.019805903529390906,0.05872720248564603,0.018449405267502852,0.769979672613755,0.7285969092610516,0.055237745299537455,0.035456449727769734,0.2903181171597035,0.02337913145412033,0.126139095633356,0.057701845329548654,0.22433331817273383,0.020069636502859988,0.5668730779608898,0.07086807618314855,0.6383916022730588,0.12929249346261074,0.0,0.5661734754921958,0.42359662486333605,0.06881245097281748,0.02837339877813496,0.06480946034975044,0.2660845797872558,0.03916094505247028,0.018228666023944476,0.40142052996975436,0.03463109605009041,0.4654281938604402,0.06924823115613492,0.5045786646286148,0.11629771765853394,0.3895105845851678,0.14914245514690788,0.0197283416229662
SEC24D,0.10185497249407893,0.04510551366634959,0.28726832310290096,0.049436777613236976,0.12039229826131614,0.046126009461990684,0.023320202188964266,0.022957790149238547,0.2780500317025984,0.01802984822740695,0.054475184590819715,0.027391924850011715,0.23424747585793843,0.04710168679081216,0.02490281597500684,0.2347127027359094,0.04956808053931328,0.05517854944045063,0.1093571398804248,0.024198974816725026,0.13711544142199592,0.026651201096182187,0.02894752073056467,0.31961710596007564,0.12791680582194548,0.062043430970944995,0.02119931265932518,0.11649859025902594,0.1788106825207734,0.037270729113106346,0.04102685570828132,0.07816245408166357,0.0454852720453474,0.0521296766359235,0.3598795934475308,0.22493670111284453,0.08323521578783746,0.04658348921740557,0.02228483054497844,0.02810787879831663,0.5960657917180336,0.13790159383636738,0.10116944802632287,0.020514133480648084,0.1549878688459427,0.03434486586902891,0.02956156475806902,0.14859017657521448,0.058386869147823345,0.29974846676185496,0.08432305567584081,0.08415319488801756,0.20547257589773738,0.2513615260278468,0.044673121277004395,0.13763300783619278,0.10727998042181833,0.02696824501978622,0.03914741755416462,0.04092006594926905,0.8087095461012711,0.0659573419312442,0.32207926849938034,0.0,0.07520211899443777,0.589759261769965,0.12807412277238342,0.09315647883597726,0.18729354399231707,0.024145485989880706,0.08167984313934666,0.5825124680477035,0.02120528698666135,0.08688840459319176,0.03706410891218961,0.018016525944451803,0.44729158192756985,0.07977398935196542,0.028487021559409652,0.036679300231511086
SEC31A,0.07345289576586422,0.019342552908670606,0.020574741107625222,0.24107936271990063,0.017998558264719723,0.07865322845326356,0.3587645252773666,0.019339257606961112,0.034330587378913334,0.2302142709361383,0.026448633265553904,0.022304082073619596,0.03917474824111597,0.029018344756201343,0.08367164892616913,0.7087022681323016,0.16928525021633228,0.027043404852450263,0.03958991939462782,0.06971097037034447,0.4297828771526643,0.03385416539650531,0.05323226887073268,0.294299826060602,0.34570256184986087,0.024926520538625596,0.01827153954392634,0.13218862834783615,0.07175802414172683,0.026456396041993905,0.04969459896771356,0.046029882901348844,0.0218670231751053,0.15298918403174994,0.02372154988887532,0.03785224594903233,0.02916704661868735,0.024046021833341584,0.19893915505090046,0.11704997056873878,0.04444956282705454,0.22729117713598576,0.03655371838620626,0.08302708601457175,0.03376326859955417,0.35486056336274446,0.022838171417453285,0.9161332799071096,0.08863780599928402,0.020504423274325514,0.023027924982523,0.09658192335294925,0.2378607791217203,0.027150937721322238,0.03344008273967435,0.2784509561341565,0.9751602774951951,0.04447183547443251,0.032975747664838864,0.05537689884830638,0.07724947565596285,0.5580315079661503,0.5457638822061794,0.1434802497738292,0.0,0.6706708229111421,0.14274777312697304,0.06509249921235707,0.29448627691943247,0.6738739060829476,0.052681171871814717,0.025661294723979888,0.09824480714797948,0.14117070434321802,0.018079942654943573,0.038019667062105016,0.08555655281388636,0.10432128262748032,0.09567862774183299,0.2844002405858427
SIGMAR1,0.02664652387177149,0.023314991367761658,0.01917095141638411,0.06393101499321396,0.04945604816851475,0.02716166833693056,0.02104313688207187,0.018715314457757194,0.05666352257800785,0.7011645766754043,0.03373482809585521,0.10841240098474797,0.030719110360702993,0.19243366986157107,0.09356582128686701,0.037370385327081784,0.05256414486285955,0.04285720382495844,0.17694907706449445,0.14567725277598578,0.035594156860530086,0.05378336028648313,0.026770354208844698,0.03984193789543777,0.202660137345309,0.04360875984217885,0.024578518515069366,0.10559733305834264,0.031086884712143815,0.0701770645454273,0.028028942899617767,0.030273630688223443,0.39859447409033577,0.018246786199620956,0.024040761605171195,0.16011003298866033,0.025556731845948484,0.05418397354892028,0.04077317131836677,0.07140104906189765,0.19390273238737607,0.0331240992521953,0.023026910588920146,0.4792653375480098,0.0351726614049372,0.5834499439575739,0.054197590230180406,0.49155244414552096,0.06682979058117021,0.11898321612887296,0.029369489711500673,0.046232811012196944,0.03684235410702138,0.023526178677985884,0.29587610160015254,0.08990922404707917,0.0871402907297282,0.13188695329378022,0.12401676455364846,0.09322660355931851,0.11155726412805388,0.05502276321085062,0.049332323248084016,0.5666612992122906,0.28986827250601466,0.0,0.02778477855659149,0.5069357481443869,0.12087526947430538,0.08709915076150812,0.032099693383984405,0.053571736102398494,0.32181043549397725,0.023559599333350934,0.04799222432472088,0.30820329705019145,0.08899289521713254,0.025113891368053524,0.028359142588453724,0.3944109302532221
SNX4,0.03191491912234368,0.30143680289069613,0.12735165953761915,0.018070509683359087,0.13978401817901878,0.13878430508512563,0.08681258794067914,0.1609844006300251,0.20693851219689569,0.02670362763714434,0.30078776043914524,0.28251405010311725,0.16084851979951967,0.2709517886956497,0.2762817040182221,0.08409900009083981,0.08516688350185965,0.018196614943986056,0.023217883408023037,0.09214070227095565,0.20127819824022147,0.0918795712503302,0.3448755831861256,0.11265950690901541,0.11374353316447583,0.04002806612164744,0.9203348612507452,0.07890724186989588,0.29926572170771454,0.019617864413382362,0.0933544938266024,0.10512739379725371,0.08931443416182601,0.06173068277748891,0.22974154914341868,0.4957537828050462,0.035423333692805564,0.024030142865249925,0.09705649463977942,0.1061997577782325,0.12135633877646773,0.08071116388950998,0.048223106886446605,0.10001542484749122,0.6339506540571548,0.06629104353640988,0.6107926279922706,0.25196114428387734,0.11717069583351476,0.8543741676228773,0.2809590218109988,0.21019867034944786,0.49737789172780805,0.03779095811414159,0.1266127886150186,0.10266672593444792,0.05234800194030952,0.024566309625733536,0.4110199836839265,0.17302477856504997,0.0993439803131739,0.9104347933842937,0.02916133717505579,0.24843045999791455,0.12628010130405615,0.03330956665500626,0.0,0.2143916337054514,0.05738769387479069,0.746719579151702,0.1315729036670032,0.021567327791132268,0.03566822014513889,0.09527162875512342,0.03673079874956703,0.059191914133426046,0.6033333123856857,0.15248586970244438,0.07935446069387857,0.020746321628578222
SNX6,0.35945087820685073,0.26780966690328206,0.026944964687452326,0.03619358606268051,0.1927675687279083,0.08378049453520493,0.448884894645038,0.017999311151007242,0.2284829572066954,0.04922131698836814,0.04874985648611697,0.03555969416357552,0.06984109500247879,0.08259049761838354,0.08134321770941412,0.024036257418364678,0.08945301808105041,0.7865119034387691,0.02207051888289016,0.04921856787626061,0.09921456880063201,0.22987284470272645,0.2306603273398761,0.039133025606604754,0.4233647783851365,0.13959655496053539,0.07505484793752852,0.7957513812583769,0.02263600291811422,0.03128183470026257,0.0642335320635292,0.5474471254145947,0.049479820132577665,0.019770336874653866,0.4384897800705781,0.08127344560548677,0.05630268442582743,0.019345802269194905,0.06313456899646105,0.09800946491782679,0.525026149635627,0.12874906644287823,0.11826605914446439,0.04356931455968102,0.34051488823993287,0.14547572096832487,0.09945976385953369,0.25707349014639347,0.3415629329262683,0.76127340212255,0.1993088140136462,0.3633763793055428,0.14172055778568918,0.0341272935312272,0.09900626702607755,0.31292684390006165,0.07450478020396908,0.07453146634815404,0.0370086908927871,0.031557529633974214,0.771206584418381,0.43000382346817395,0.06280126179111951,0.1421428375589891,0.05461280313530685,0.7787947325400565,0.17990006961012145,0.0,0.0578680015618955,0.614053961002465,0.07914838710835259,0.032008450255797204,0.13520325488475082,0.025039039417503777,0.7596067333975517,0.10333718245335183,0.21620085474865333,0.022524997562418114,0.22947843094357587,0.10633414902819961
SORL1,0.05320168344595399,0.031001352366262547,0.07789418764100302,0.1506219483909519,0.030684833655634555,0.12282463296432303,0.06396566907451011,0.037579682370584816,0.13310641844605467,0.08336777394504893,0.2024609346419097,0.04073811497692576,0.05026734247484297,0.3673879280778204,0.31900259041804485,0.03012899715586999,0.11614190876080994,0.06234066615346398,0.1768425362966064,0.030808421030568623,0.03403381499359293,0.02207659555227286,0.1342527000270027,0.0818193896783854,0.09347043793060741,0.039928704928164103,0.01952236931540048,0.020240595300703615,0.12176291880897151,0.03635221388677302,0.05280358664564652,0.15662159337889917,0.3935652765848493,0.027121225448584883,0.07805493422100415,0.0819664296499621,0.02257698845699177,0.9240360730523798,0.5756587551153494,0.10623508444839584,0.16708551885223843,0.548905518916303,0.16250891520758612,0.025847746509876264,0.04883160215047555,0.0867542194777173,0.07213720309112885,0.02279057303790663,0.024973340304577856,0.14993931027728433,0.1315355684950143,0.02540983766409786,0.056599938180126985,0.29688279584474886,0.07145903603198736,0.024093627038268412,0.018808817586196052,0.5787105056299775,0.06491421252341552,0.038269625861227265,0.08545750525643471,0.05532998885939664,0.2039830653085419,0.2558913379481423,0.17339792301777918,0.1660709620167876,0.04747274497714468,0.052010115224562385,0.0,0.06323480673901301,0.02284289714504637,0.04098076656591733,0.2970572393709047,0.027712495896793792,0.06266472597383992,0.03387635120216918,0.5095307526561208,0.03949693910741169,0.07151632557820278,0.023577606120812902
SORT1,0.04259773610449446,0.4530144174789418,0.03412731179535935,0.09049619844963525,0.022468747848052684,0.03295671236312969,0.14557831443318833,0.02507486190830168,0.02826663966465832,0.022360445112361974,0.6094279358441961,0.15381045494094245,0.023839547176051756,0.025957886182222095,0.15667930385340173,0.10967461209198595,0.04150029782274674,0.8635319243748941,0.018019117777716982,0.175413773290489,0.037206296000929444,0.028891151408404536,0.023324037894318476,0.12837662695011207,0.020094020709537114,0.08354609195700663,0.08903425654384575,0.024577157408716372,0.2677116892753572,0.05530933455891849,0.03263068821796025,0.03220434018926781,0.04336659480278463,0.11319304071731746,0.16712002230919543,0.27138866364463404,0.06303496852786528,0.022334439176612462,0.11104543578319795,0.05928742011955592,0.06678266616293188,0.05474621974638721,0.030777749366144896,0.41122246920738414,0.026783325102149362,0.07923664806815432,0.12907267158989444,0.36428901466412644,0.10068635564250941,0.05178262925427998,0.07782459405212694,0.22779856062624826,0.044776194994861476,0.33391631733310073,0.13486791936801942,0.1267072136194577,0.10579072864422806,0.25235183689787954,0.1330009232819095,0.2352005217434104,0.5603625589023197,0.031441447274093225,0.03713628019267373,0.025754416382194875,0.4707074294040033,0.12544176640380522,0.6132260196005627,0.5656397023664773,0.0674924361051142,0.0,0.06148402967313032,0.163149472531273,0.10648237108196619,0.06043291511279359,0.07956897486152498,0.13661802530056644,0.06576757969386404,0.09052353614344852,0.16994226243341246,0.0624601207229773
SREBF2,0.49992135767160706,0.0720330337400897,0.02657198026468791,0.0476392565379506,0.03620258805769323,0.07679382811771743,0.02091784681828033,0.05179901628926519,0.029523689617731733,0.8056747295329497,0.06595442591817091,0.13323360959152417,0.03459612772533356,0.02150066967971106,0.05154438553992329,0.1013440449014942,0.045151482535874074,0.10733088980475314,0.098917531701206,0.3588163577255367,0.08389840534756453,0.15571087587174898,0.04426130670823478,0.036768873231806824,0.02778784800916246,0.12154341076850307,0.3559165902609802,0.08103175261187139,0.03229280385450304,0.5907094166214841,0.05046845611302537,0.26142329940924575,0.03402504654531394,0.1268341455908021,0.03414771931824774,0.4770400498542498,0.2015884165757097,0.02657524415925281,0.061846665048356855,0.23903774697479518,0.05905064331189277,0.06479023264016638,0.021344332124402385,0.021391484642156726,0.08576861675116965,0.05602961004806561,0.04024979085846671,0.24091148220952935,0.8365185032707843,0.03080811282623201,0.1188714910456074,0.020453658334052816,0.05017529271292778,0.11389775250574197,0.3289725362832651,0.3902546629959858,0.4160883433444108,0.17852782776628634,0.08374210940634319,0.39463777478602025,0.06276188344253807,0.023508680245860298,0.018179721333811103,0.08745552569283585,0.03854192814202542,0.03342536442619658,0.08258829058588267,0.06108768755638752,0.022327433111435337,0.05185929953768615,0.0,0.07249076583716267,0.02131830959072246,0.07582155079066148,0.3923495397309546,0.12216035552866557,0.1975035757314087,0.07064886194249588,0.023276398741423322,0.02599767606179832
SYK,0.9499464895413255,0.040413004323240846,0.3105486198490216,0.12139718839467377,0.07832333522633608,0.05944326331807541,0.01846626079457505,0.14510374503693188,0.023192252727821615,0.05946645624430404,0.12417044836752512,0.03940179241454552,0.2811832038864554,0.37099046907099914,0.02203584565116547,0.11447178288402603,0.06271854547524794,0.021774577683590264,0.16809404382401916,0.38470191621620214,0.19594929890708865,0.060291044058583765,0.055914846311994594,0.20031465829234424,0.09431068504882825,0.23042308542088158,0.04858913456258021,0.15213874032016986,0.0689612189673651,0.06502724224158998,0.05461694898828486,0.032007240197167615,0.03555832060223509,0.07794003771150387,0.033303617348796,0.020254429294038083,0.23686751849527066,0.03036427656477844,0.26280417901128705,0.02829486122721121,0.13487113436032908,0.1603509176265402,0.031718287694664025,0.1830650164514212,0.07871721529264,0.09535983812418339,0.9845616100651444,0.43192361064181406,0.1349831262376316,0.19196775055547238,0.021036730502834524,0.034125016130457556,0.03535375288028263,0.16031157047049788,0.2550463469265255,0.21078224818122523,0.029670878602687044,0.052617121989093435,0.018162742606982574,0.0863842713209733,0.018729703006515188,0.051746312108714554,0.26695971348063374,0.6715279244902251,0.023343574928992628,0.060372472594593024,0.02073554834115857,0.029406590739853602,0.039017548473200325,0.13119015804022524,0.07639758740277283,0.0,0.03667125647010956,0.03317494859748509,0.040352555301547126,0.0197440888456239,0.022120032411233753,0.117461182903853,0.11636233068778641,0.01999747677625179
TMED10,0.07312538429635064,0.0681681396369522,0.7117549710250995,0.3384355686914623,0.018213661243636776,0.13086835037470676,0.02089871074898526,0.1320629977545982,0.3376873089509341,0.03813503274022885,0.05587312568002944,0.02239946457080809,0.07020358135013892,0.021332659682718576,0.06646421548443184,0.02641650041192037,0.08956184633086701,0.01942974842212962,0.12347387819195084,0.04291340809474697,0.08081983693216112,0.0431481170416003,0.12800303519261913,0.027265096422277743,0.1520955559364377,0.27437940945551703,0.041565841269890554,0.029738581010686136,0.07443409284971302,0.37049618405959683,0.07366416489215843,0.5704536460863339,0.13641019021191303,0.10450079354085377,0.054214731266530834,0.031395530569571437,0.07939303684612455,0.09295479618208632,0.022428633528554162,0.13146816154132304,0.04158915173823478,0.04290862378976363,0.030163616034408026,0.07465180172170092,0.11561248324899324,0.12737518475688606,0.17209977746466087,0.07044435852720664,0.17301123552676284,0.3786407116636186,0.2470839473583652,0.02889536418746029,0.0840747546135771,0.08961603491747837,0.18735219930999533,0.042417892686390936,0.09762187051280637,0.024341514869950304,0.29249129932776724,0.03677900836135259,0.06579161004694593,0.07886863152543412,0.032811042298362736,0.021918971608941466,0.07194490058756972,0.49924668059959093,0.032536129906710023,0.12100303030486956,0.32219141440595184,0.10381153413753652,0.021857574143793235,0.039459353338668506,0.0,0.9999552011228893,0.999703922834771,0.056171130886641746,0.0551454596092381,0.01800431759190345,0.0495611640107014,0.0205175541773228
TMED2,0.09575966750773332,0.027257914932684767,0.023974565887387847,0.07068153343247774,0.025569415829371563,0.1801938919807977,0.09081599312800015,0.01982386651628808,0.1332462511460103,0.01881953450426941,0.05170439015930597,0.6497430762389134,0.16792208206501877,0.02003854339751237,0.0252246667775939,0.6366115549921967,0.033364085999918046,0.018077233795966766,0.07047763974309286,0.04517143843061098,0.10010095531135059,0.16295928903601192,0.02724311872492019,0.10494368350768957,0.11092714526556986,0.36670686987209405,0.09592658973634485,0.0312360241816785,0.08116995441367698,0.1388167856287095,0.0204201272438778,0.9822134720120005,0.10487746059238967,0.024778256829866938,0.16836062728977985,0.02318293935116886,0.02652360741757047,0.17832569795005784,0.04993600413903916,0.024019483236127962,0.07652326230854671,0.018643491211270458,0.020694990324079267,0.022749760543014946,0.02242417618506146,0.028347045757321318,0.04291141230553305,0.10510059113153232,0.09727855199289856,0.14123085527679996,0.06356685963725955,0.10074203935324268,0.056430496622053336,0.029466928371043966,0.8939535820583843,0.519687784735904,0.023432614307371678,0.5000924293180554,0.1943244411275932,0.07159311155564131,0.049512503308805696,0.5722031540815942,0.3706054967314536,0.11309483200461681,0.09452467321362555,0.024886862876760275,0.07462799830363417,0.024403446117133427,0.02791474703865934,0.05800635438336238,0.08998809424992742,0.03487135010131608,0.9999408581540228,0.0,0.9941001451414397,0.16002152875578413,0.08158930189242464,0.02063447811124209,0.11129810194914502,0.07100005019724416
TMED9,0.06243231274935414,0.11775800423662604,0.13901925023862205,0.5279579782223786,0.021055291613194787,0.021355688028162737,0.0415866860820554,0.07031840784348661,0.05905068062677529,0.06480393960079425,0.08726723472854522,0.019059978581487003,0.35834051974199876,0.30027641661597304,0.046986778370025836,0.3135063338105118,0.029904626601119488,0.033930947948745245,0.10297162479098601,0.06211802416982918,0.04228349285847558,0.2858910513870293,0.0248585462687106,0.022668421127585905,0.034764132753552196,0.037433480477359976,0.492577220876298,0.2364248646716287,0.07860319738714094,0.1522012519835626,0.0476685381971629,0.06708297761006324,0.027056854880355356,0.08889391050322727,0.24759680174761217,0.045552165078243896,0.04895606763877977,0.020714145549704816,0.025698932801346865,0.12909842060651203,0.16610633449014017,0.05432899557473827,0.0214390263596195,0.24363338393631673,0.25324237490427315,0.056512530220334554,0.22881059410163998,0.4317971540887558,0.081040570960157,0.19042227387502733,0.04917768822682295,0.25936315334621113,0.6411393366258683,0.02988502126513418,0.06393906211588926,0.8052583371298652,0.033990504653356304,0.21292281394307783,0.5085819020459996,0.7151203041161259,0.06841080337334672,0.3148453256539435,0.054536951143866925,0.03903305479470333,0.018053861662566662,0.052646042833446594,0.03124744211483884,0.5804529348821293,0.057272451572419746,0.06686699053855381,0.41298463099440197,0.0398904861200142,0.9989123687247091,0.9867657162291327,0.0,0.1786880551222304,0.05863033015595327,0.11917750875598972,0.05817120147606311,0.17858553467751645
VDAC1,0.0764601882143483,0.24120480326215438,0.2531669855228195,0.06610681078047367,0.01991096143433892,0.030880515122437363,0.0971621606964925,0.18316221715905925,0.026692965531067238,0.18561737255859664,0.11171263004945375,0.03608713894315511,0.036324087411338496,0.029428674905230913,0.08784423968533468,0.08254095047882473,0.1192110654973048,0.023924874859974965,0.03013308784128774,0.5886130613061902,0.03980812433934116,0.05062871687697175,0.02916222734856353,0.0183930612576148,0.295851530273239,0.3071390231610107,0.057355482948855625,0.09780498270618082,0.020178052877875056,0.07844918835453701,0.17194256698711985,0.08363168671864447,0.06085156501444313,0.777944572627235,0.14438497627742664,0.024656589912669672,0.060904547071460584,0.04963217838368266,0.024473969714725062,0.020516969891732677,0.022332303422916804,0.22465269009450192,0.2681715224875949,0.9593544180761966,0.026150877180708916,0.019933063789936187,0.12623572646545872,0.3327142802972137,0.34594590571135436,0.8742747026923303,0.2730437067967224,0.03928284279222817,0.03173740521961377,0.020644781218202776,0.057279277434354084,0.27842176163786125,0.7150059209294761,0.019106207632662423,0.08947174738944796,0.5311922213345591,0.2810996027672915,0.021805703922947187,0.6041023071516581,0.018029947711660423,0.03721995941515374,0.6692714068772743,0.06184789868160321,0.1275095851306144,0.03949700585413239,0.18987307427277858,0.23017999134198394,0.020351536319161603,0.07008313978278055,0.24379914527795282,0.33803983115166103,0.0,0.06973757629789752,0.023520619607918437,0.22404412958055928,0.8182230327768212
VLDLR,0.23504976721275636,0.02979453260719774,0.03382561936364285,0.04432993697220999,0.020931476829260956,0.021676453717341743,0.024658184038600556,0.03398602462995649,0.035584327697720956,0.10714804039730111,0.36975055786725725,0.09360184891452616,0.07764784745808606,0.04214624611151791,0.054359021642514466,0.32254659012842246,0.022572236728039773,0.039365070352822086,0.023202711732603486,0.04202243500050794,0.018314750367032187,0.09612619643817302,0.022916479141799825,0.5136168080669987,0.2303290391580334,0.023846950594929327,0.029788242738094807,0.1597819348499194,0.047800304771690116,0.0391287847202726,0.050548318984613407,0.20673421079357723,0.17393811386626287,0.07145018406827913,0.03258418951373081,0.02577910938753352,0.028513356251918646,0.09289408833518899,0.07661490638940004,0.10913676026022937,0.024556794129924116,0.05496786164102373,0.1787864571521266,0.14363747911628655,0.02852392933513779,0.1716663207466057,0.030488518731797157,0.5367846993761964,0.10683088291593092,0.08014829381790808,0.07104165443547883,0.05295772024042861,0.06706109795645075,0.1701552294679979,0.12691482726276712,0.6862662747178834,0.026604902997345962,0.09400976714136924,0.02841638444614881,0.05930448051348992,0.1358374207207952,0.08466804497147461,0.05355805805268573,0.23860243583791987,0.0400511031380214,0.06195596606795599,0.16573995295920124,0.08253304221873976,0.20000210817361455,0.040204493537937855,0.10522910611329439,0.020742934394161295,0.03637009130859191,0.04765495154442279,0.04130576836110808,0.03670142166263163,0.0,0.11765921804386721,0.4313935989760253,0.020296390988899078
VPS26A,0.025508931781105762,0.01813283275947624,0.038890667823813105,0.04579957971092187,0.018373638741812286,0.033682994765153004,0.018411660686861384,0.06317762777544539,0.03232052417903798,0.07061177550062536,0.10360851406732294,0.5009031565540212,0.09796644564098432,0.03411677871051532,0.2900236446282819,0.30681166146740446,0.14701637826967537,0.26115326011897216,0.6174323041865062,0.049016979513190145,0.06905357722866758,0.02652468164954808,0.38769224885353815,0.313576959912656,0.1295995123390441,0.04659975144216506,0.018020773654325174,0.16227185594086996,0.24262758647972166,0.610102789290546,0.06028914015870528,0.07070981592698238,0.5510395733075761,0.26860469479302335,0.10160140959188468,0.01988350631351774,0.05645109504565435,0.027593540125736237,0.03602647399150356,0.02499581606174364,0.04409998791169825,0.15079235795903917,0.3039955646639502,0.31299894580187876,0.9707950230493342,0.5759318565155465,0.05838420979967943,0.14878003842862364,0.11466391754797099,0.8626383531096952,0.7984548979127939,0.9097545040504283,0.019768874706654966,0.33055350606101674,0.14832293726100637,0.0759210229246663,0.8542763978103142,0.05474375968432007,0.09452439302764763,0.04408838933691512,0.5428168441580203,0.04736321166688639,0.4525065687006222,0.14010262535026397,0.09548078622309081,0.029034445075733554,0.15598067381070077,0.02303986611775672,0.04661231259473186,0.11412627705167108,0.11013840699542626,0.1919175026000548,0.018007400318035178,0.021190234656889097,0.2012507073703193,0.023362726071338588,0.4313044268315469,0.0,0.8240220659737093,0.5200473209058041
VPS29,0.06225958398903638,0.09792141140580418,0.03556442641700873,0.042215460919383066,0.08216784854034115,0.10491940771253597,0.0720495915246862,0.2336169606137443,0.4352478809829683,0.09079140516031517,0.05923230019242392,0.9429945431605904,0.019497900674790968,0.08895573821967805,0.05193826647022046,0.9463940651216574,0.09425726725211829,0.040665722605522224,0.027849391152391427,0.3190118533614612,0.44042546376674285,0.17556850320398168,0.04240740125355561,0.047443006198927294,0.6295020615851554,0.038453932284889046,0.04757678130379734,0.2686567368395343,0.023672901892139865,0.05317284943390768,0.33122859656037923,0.05476516928934132,0.06251433579330418,0.030305700412152775,0.4959021058786006,0.09641784655218685,0.04309388888630082,0.26854279948316406,0.037041504068861385,0.09294634409515083,0.0732838687483427,0.02314502425999839,0.05735591976925695,0.023746033065511155,0.026054420158536252,0.03133281015599353,0.0622616328678649,0.060972801219743814,0.35195429816632645,0.04530765338678299,0.47848947824339505,0.073910181596236,0.16701646649459292,0.31070459146580665,0.2519479011361885,0.07162829103931946,0.9284034401967647,0.0331285071559378,0.10697719413304772,0.14147805513856118,0.0440396962080345,0.05118540337346485,0.19208109216829003,0.035566621782485965,0.09591920062294391,0.03585909576608876,0.0876751501608326,0.320192980435593,0.1038287554048889,0.25783891789294344,0.025927777619715056,0.21350181769483587,0.06268567601553417,0.17189969111211398,0.08994243337031137,0.23935666960210392,0.9673392738793664,0.8658175754846897,0.0,0.8573258002679203
VPS35,0.2351037992489557,0.029674815020328208,0.15086472306311483,0.9907088562810309,0.20734736406116913,0.5247261755295266,0.3017986019298765,0.06342385198846347,0.06482777450892398,0.14605940176673612,0.23449958465947812,0.33337473115839483,0.2633186890204996,0.2161605608628014,0.020348785565308444,0.08751208756646597,0.26594497010679413,0.028995059850222434,0.0972943574030788,0.06878456870524674,0.2194793480979595,0.02487569518069229,0.026134374178259628,0.46759457359290757,0.0829772572852086,0.06409304491259848,0.116987780164474,0.17544539569755824,0.1773171400140204,0.24542689097494683,0.05513013585421135,0.04396166023101584,0.04943333884335846,0.04436152677013811,0.0642278564310308,0.2293163614198134,0.14858643643086988,0.1900349498712437,0.04905650842305127,0.057678380398625606,0.060034855906659086,0.09424530966036332,0.06085076419971458,0.8505343674039411,0.03410883742365642,0.03998360579865756,0.03259853585600511,0.04157534774843167,0.055757790021397996,0.28020895952764424,0.05393133019425546,0.1089896968182151,0.1469193691854856,0.018844110913458584,0.02045797838958038,0.10235991775746192,0.17707725992582743,0.19164119963252138,0.07814288155184394,0.03777044984876832,0.11541486259620697,0.04025521701316788,0.020103979941168935,0.054931028603700104,0.3252629841335748,0.8532601609386454,0.02115113331659863,0.1560193508865336,0.02599863546810668,0.08868828713674337,0.03129395432926268,0.020973280349092866,0.021380410624469746,0.11048721248253937,0.4110293505255785,0.8831537457888209,0.023188157906605684,0.6410075828243336,0.8953839121394365,0.0
