,ABCA7,ADAM10,ADAM17,AP1G1,AP2A1,AP2B1,AP3B2,AP4B1,AP4E1,AP4M1,AP4S1,APBA1,APBA2,APOE,APP,ARF6,BACE1,BIN1,CLU,COPA,COPB1,COPB2,COPE,COPG1,COPG2,COPZ1,ECE1,EIF2S1,GGA1,GGA2,GGA3,GORASP1,HSPA5,HSPA9,IDE,ITPR1,ITPR2,LRP1,MAP2K3,MAPK14,MAPKAPK2,MFN2,MIA3,NCSTN,OSBP,PICALM,PLCG2,PLG,PREB,PSEN1,RAB1A,RAB1B,RTN3,RTN4,SAR1A,SAR1B,SEC13,SEC16A,SEC23A,SEC23B,SEC24A,SEC24B,SEC24C,SEC24D,SEC31A,SIGMAR1,SNX4,SNX6,SORL1,SORT1,SREBF2,SYK,TMED10,TMED2,TMED9,VDAC1,VLDLR,VPS26A,VPS29,VPS35
ABCA7,0.0,0.012307048520708658,-0.08368279734557456,0.09055724242214822,0.02008908919120776,-0.0032038860713716616,0.051220552428049244,-0.03846044582246819,-0.08099900651669875,0.048436222384215966,0.10488315120942643,0.04685037697032916,-0.037370935533076535,0.0536833146714843,-0.02869577932803135,-0.09571327005956012,0.015486228135216357,-0.041855257485302375,0.02749156168465311,-0.0924176571170863,0.043304804052887946,-0.02604418746461253,-0.0005299973894838084,-0.041910237629959164,-0.1042140803600432,0.07397457563545955,0.05391420222367988,0.07419631000377389,-0.024222617613939082,0.1347598696948221,-0.11188654146957853,-0.050072994458605136,-0.04322098025841482,0.016737580025884987,0.050799068678094195,0.0027973023451236833,0.055082000335407964,0.12055985358605016,0.08215470113404198,-0.0722331394618411,-0.03428970730591384,0.025793365051282942,0.05647043000209905,0.11046068524772328,-0.08135492694180581,-0.08581178979441959,0.14301847665432352,0.005977335083678948,0.05041354768748276,0.04238787485286771,-0.028759388551111112,-0.008854374808074104,-0.023851571637841025,-0.0664526371315929,-0.04705725392761551,-0.004633810269116032,0.025974721551744462,0.0324243176443226,0.047428697084372196,0.04100534611295111,-0.04041337067631449,0.0587260496048992,-0.03859336534670147,0.045580460184848084,-0.03662948603382558,-0.010047785118516082,0.014693840191596665,-0.08555629293353781,0.028025098499179744,-0.022189436679797392,0.09999213576709585,-0.17358282534683775,-0.03650893156489722,-0.043868660237906434,0.03226985047239443,-0.03771390703711689,0.07049966226415173,0.00892783258392718,-0.03219598286109907,-0.07050717440569816
ADAM10,0.006861418614608765,0.0,-0.005709062994844553,-0.027368799972323426,0.0009061722353625926,-0.04523400994913833,0.0045136567369096275,-0.024469553136421907,-0.01763423729166034,0.012691802303447372,-0.04768574855149016,-0.012528067309846545,-0.043492496117923087,0.027288362738699445,0.05246746876926052,-0.020533219424597942,0.02504599023040854,0.18091601429042822,-0.07299548521925672,0.09121151135563631,-0.01987230673856355,-0.00615775023185851,0.013169349893846535,0.05135773722620845,0.014055779241120895,0.011349537419068382,-0.0555574940927236,0.0485650364415519,-0.06478712083053266,-0.07573829048089055,0.013055885571622142,0.07031175813992656,-0.055419929402395554,-0.06081018478602135,0.07843890155050724,-0.018402743503504897,0.015477709050186939,-0.041157562621873096,-0.04896637306393715,-0.02766680668440984,-0.015443084424992978,-0.04992481880952946,-0.06385544338073891,0.03425389495730687,0.011673430262154394,0.07069139894627247,0.029664426560002257,0.017080730827866753,-0.0072528400214609805,-0.01285493482206198,-0.051882941459563264,0.03165291765931189,0.06381602818746987,-0.003792175453379537,-0.005297693885827819,0.00037769917111949954,0.031441428187696165,-0.07285168271604092,-0.043189810354401593,-0.0032215478846725626,0.026365719378893926,0.0374921745708324,-0.03935383821220371,0.02368509111041807,0.0018521067920390037,-0.006623309167001311,-0.07898836837862645,0.0748559008006103,0.0139441902998197,0.0952875376732953,0.03610321700735935,0.020816216082598597,-0.03462062259682229,0.010630624000133326,-0.04965413292826243,-0.0713478617678191,-0.012920425900022445,-0.0002067057001918497,-0.04448658973036889,-0.012816686234851746
ADAM17,-0.057914649689711196,-0.007086912585565636,0.0,0.020101521755808288,0.04681270481496504,-0.04488797734027878,-0.06856186022228826,0.04065721748856534,-0.004615107135596476,-0.042096408248205014,0.05274136875494281,-0.0038466163687648778,0.03164862489422254,0.0170543814589482,0.04599889618839247,-0.05592966951547216,-0.01014190738102236,-0.04769300332880906,-0.04844601854233873,0.060971592430645524,0.011937123410627741,0.0035594534220731275,0.0335149463886692,-0.0007136831812153703,-0.030803254776414966,0.02138490142186312,0.03634361592315938,0.033473045534584224,-0.016434598688829922,-0.009246998281439935,-0.013566909462415783,0.04355732888127903,0.06335184417602711,0.02739692005766602,0.0565202733108527,-0.07790836710367037,0.12232156831889165,-0.026669983763735517,0.07134771000026825,0.08691162928101792,0.10787391772872308,0.02649687687308064,0.0042200573191579546,0.019201939902967542,-0.1218894797860031,-0.01906449323747272,0.06082197213014667,-0.0030170944594726536,0.001997303592929291,0.04926309928695048,-0.027907437098233522,0.053939542763472084,0.016719944507935566,-0.0710137289545026,0.0473309345773693,0.05716960653867902,-0.011921683249259702,0.06073007820392804,-0.0780978714124914,-0.008250086764723035,-0.03102754940847681,-0.018091196670119117,0.002816753575047964,-0.0772827920711813,0.0034274558629241738,0.0016249501083105363,0.051885489382642695,0.010333894943909674,-0.03821728390234017,0.016426649083780605,-0.009975835116978547,0.08006110736700497,-0.12259806992240461,0.007337621702589096,0.05441350670724957,-0.07295519185561067,-0.016196853713391916,0.019816653711721973,-0.017495071198491766,0.05680412627787103
AP1G1,0.05054504169092172,-0.027400035264100297,0.016211830773151234,0.0,0.10493525086775775,0.11433463619179582,0.0570632671790605,0.018922162633210844,-0.0067927003576208934,1.6945519122007535e-05,-0.013274858955718108,0.029125061317053662,-0.013004099281154214,-0.002865979003109057,-0.008603456060760123,0.016329783638144642,0.048948385156169824,-0.021852613845043372,-0.07605139158985479,-0.012426459184480874,0.002503021021213667,0.01311745221064063,-0.03393124689079451,0.1129133132115528,0.07554705332916986,-0.014382721960611555,-0.008665649137084324,0.08142075196295609,0.08041979096877018,-0.0035187513410558234,-0.005946027802729584,-0.018478909351170775,-0.03180658740557724,-0.012073644553383191,-0.04250733645808794,0.10174532982372599,-0.037337592106424206,0.006826691161398437,-0.04462587077952736,-0.03505550271257233,0.019391390448294896,-0.02123710895635533,-0.05253066478694316,-0.009568058777156425,0.042567535135554,0.0047078840815110564,0.02155410722401002,-0.04067626509090273,-0.05867930746816413,0.04881327658568012,0.03731211029017011,-0.021518219491143714,0.011737749332876267,-0.03217164977613326,0.0370772238517685,0.03012916826675544,0.03644043912889425,-0.07658769158562721,0.07070429550092808,-0.04720407038363598,0.011099804893037041,-0.027532052332096095,0.024155770636488296,-0.026090998967751067,0.07133072438644404,0.03290288588986436,-0.00011904516508249628,-0.017949786587943578,-0.05675671666813922,-0.042310216649207505,-0.025117831082653357,-0.050518369671933745,-0.08324315874990365,-0.035593321419794176,0.10279871707566159,-0.033797742645590906,0.023231187396061743,0.024085029522911215,0.021954092019491618,0.216733976129872
AP2A1,0.009437490440076086,0.0007635667801748839,0.03177662497729561,0.08832066147651878,0.0,0.18149588995427382,0.028468209066610742,0.013926659953141116,-0.005399426692433566,-0.019840647490999855,0.0030454097990917526,0.09817787513466952,0.042225787245513784,-0.0011026066267844383,0.04121956949768096,0.0263531101989791,0.007137353128529749,0.00045657871549617166,-0.044653194135808524,-0.0005343368297294016,0.00016672005673167326,-0.012760563016207946,0.02401586272750025,0.01577895198048498,-0.0012774096543851385,-0.016842887528914,-0.007628942872019657,-0.011066638276794537,0.037925690055292914,0.005839893696403736,0.0470416380354027,-0.006725669756267272,-0.0014303711402818544,-0.013222962731272565,0.018358129041314963,0.05380619941210415,-0.04391772279363074,0.06421375242212311,-0.0021531325558046275,-0.0031832506337236164,-0.005852192516896303,0.06770962654699227,-0.054428414475585454,-0.027673246427645456,0.014078746756106464,-0.020934696601124663,-8.670296234512955e-05,-0.01763010963783471,0.005801672777908471,0.0036315800629187866,0.044932875705229705,0.03110405453778182,0.05775475781476252,0.009894106217765227,0.033642903734483066,-0.007383258575246616,-0.003531138604754024,-0.04247025926087357,0.01974934344680605,-0.03824649395408196,0.039380417068614115,-0.04210045557691746,0.03890482250037312,-0.0502819887075347,1.7472044205716068e-05,0.026101248943709788,0.05457287511796104,-0.06419683775775147,-0.013679467668006677,0.005677377407170123,-0.0179562372661069,-0.03836627772090752,-0.00031995558131292734,-0.008988591473642005,-0.0040169187073681,-0.002590674567775415,0.00386631153168823,0.0005426552960710278,0.03966873890533929,0.06647525965855233
AP2B1,-0.0015465036793083256,-0.0391632728906278,-0.03130773760265639,0.09887724051461538,0.18648521695282017,0.0,0.012773989116359971,0.009700776516701452,0.006674729119320707,0.016875308747675666,-0.013582116955906743,0.07862485236606416,-0.028040928665830682,0.04542404362882308,-0.012001443199707695,0.030430175334219343,-0.03970205474999916,0.017763192481855344,-0.000619137271662644,0.015732504736433558,-0.0009224628987524542,0.00955308115885238,-0.018017280195263295,0.05035754438978601,0.040220557203428244,0.011711029583538835,-0.0037216316409280767,0.004510319022719046,0.060516330766189674,-0.027721342680328484,0.05139222225212727,-0.01629293176414723,0.02037065831193179,-0.019997926865518385,0.013758438436780108,0.03781846873264553,-0.02533612752438768,0.04326271956370688,-0.010149879316138982,-0.007173417385125653,-0.02031340088691739,0.035809958317271136,-0.015061104935816302,-0.050950468559425324,0.03650470849965547,-0.009218876328214465,-0.013823269803706502,-0.005414572487440441,-0.019126525377474137,0.0018069368863669574,0.06666474815428278,0.02798354621971434,0.05795450275798337,0.03948033684508377,-0.010642859261240426,-0.02284355971402188,0.003606327155741666,-0.04895780836324651,0.024696456331957724,0.004916243619904507,0.02120746937645255,-0.037715504375349616,0.02892831609466734,0.024271135253542662,0.03848030488226084,-0.010539720329527845,0.05436439940319785,-0.0401986061882953,-0.05085126637434915,0.015523792361819912,-0.03783179232069674,-0.0309637581735344,0.05266743123968294,-0.06212413975395286,-0.0043787465889437984,-0.013843437368682607,-0.004759653738101,0.01608752901196265,0.04640696870948213,0.10247463613997329
AP3B2,0.030557255827631028,0.004829905308268997,-0.059101763533885056,0.060991786710430325,0.03615213589301769,0.01578784087873957,0.0,-0.009000671541318042,0.0019200501051178393,-0.04749386105379006,0.040243325017270695,-0.014154764607081106,0.017853799854268746,0.0204166048271561,0.0006490002408106307,0.044935889124601336,0.029164581019926746,0.034779070171589224,-0.02106916109917322,0.0590221095854184,-0.045297660525384704,-0.03697696945007473,0.005439430037513391,-0.018839130531883182,-0.03733505827931358,-0.014102672791454201,0.08154536367813812,0.012541469239764626,0.009783191265790902,0.04063269538454634,0.0076555156510669095,-0.04633096956702679,0.07694876304029959,0.05873290448558642,-0.0034273639983765677,0.053893812250232084,0.035227291688093965,0.0024131096661816837,0.014617165935091103,0.07833097338158675,-0.06084756500315566,0.007996995470198165,0.017380305811894516,0.056795604990945735,-0.0023157548090522164,0.010368468183911198,0.04377990080151662,-0.012881896027267902,0.036500694297454145,-0.0009500634019588901,-0.0370674070941036,0.06486939912735086,0.20681490745961467,0.08749021575108151,-0.02928529363105981,-0.040446905178882116,-0.047690272326486795,0.008438542385562896,-0.00011868331702459663,-0.02848685521515144,0.01875623072965428,0.0032906710780585178,0.026652803944494558,-0.006629029338252284,0.08548173775271128,-0.004002172218450001,0.041170262584453166,-0.09487057013837558,0.032917359114491854,-0.05575723341015972,-0.003849678873204955,-0.0006707234484787957,-0.003826309282148602,-0.042407197609359376,0.021562523771371165,0.044270959627184706,0.008058021625827872,0.0005953045702947719,-0.03610940902207377,0.0790313079205734
AP4B1,-0.026170351636370985,-0.029864914698655383,0.03997428020902764,0.02306803729690374,0.020171859645435223,0.013675016224884791,-0.010265971761438224,0.0,0.03259448816890306,0.0352479637171005,-0.05387522146895876,0.04198699713070748,-0.018105411924379377,-0.04475019556656959,-0.03880456979947693,-0.05324569685600585,-0.03898780790025136,0.03750085998411418,0.07145059832259883,0.032550279847389986,0.012775624965035311,0.0035171674444417636,0.01104412912311944,0.021884039583634923,-0.057743580333645704,-0.0063910169791502195,0.05404929495117091,-0.013322083596241008,-0.036165700475310786,-0.007397846010739706,-0.020573542109358803,0.12285324062484544,-0.04365963162417902,-0.027819744832726756,0.03098215461882326,0.022713153504795615,0.06123775728515932,-0.0039517803141615555,-0.020791495896926356,-0.017218831853624855,-0.02571986162602867,-0.028579960706044922,-0.05806493022638807,-0.05441615065948094,0.062066293120867505,0.08157242043675643,0.031711285504565444,-0.016371374249154642,-0.060470519641269746,-0.02011807239230111,0.0067029862161731525,0.016799107299817203,-0.005717733185397052,-0.0505709060299705,-0.014579480900203293,0.023709848980848137,0.014813264588455518,-0.0005254261403316221,-0.03905659966458339,0.02026221338085183,0.0665108705140252,0.06122108751308373,0.07105161574086026,-0.006228186608056137,-0.0018477632869423907,-0.0010119881716248664,0.058726954267158314,1.853694864034477e-05,0.01892530665016483,-0.008487628502018818,-0.02732011676530572,0.05566172118119678,-0.052928998262114856,-0.002478857696604466,0.03545478645083186,-0.06262329174559078,0.016319277461397597,-0.032586413851307644,-0.07030001893777132,-0.03269022937912905
AP4E1,-0.0731127596692272,-0.028550266178858006,-0.0060192589547987604,-0.010985012920995792,-0.010374444605333693,0.012481685540845534,0.0029050656737928,0.04323768233899716,0.0,-0.09895106152099604,0.011612302540730623,-0.005925232308750016,0.04400405355669165,-0.037603071256974034,0.08187006173792635,0.014200886550629954,-0.04587841110342026,-0.030303539774725642,-0.11650361794007191,-0.02615827033271965,0.08412163862974216,-0.016074674546928385,0.0012645507582184322,-0.043403545122078974,0.01834305509435699,0.010739401398372556,0.06543678604165484,0.014944779272616246,0.012840808749955317,0.0006917588876998942,-7.727106987141975e-05,0.020472706990914014,0.08009901043092188,-0.026978025083458885,0.009356430977079491,0.0871482367272248,-0.0885598949522997,0.01846220353742097,-0.0033946443603082395,0.031209461826865084,-0.021066904092809074,-0.10532724793796787,0.07586304623483246,0.0014453976049799836,2.246824100975297e-05,0.08869249374927109,-0.026246445031713368,-0.03745490422660571,-0.007343291137073712,0.017871746751672874,-0.05896264360327931,0.016542460173808494,0.02642349652056852,-0.09440051843695979,0.03151622280863099,-0.013137378759430015,-0.019738354303581913,0.013985222075116491,-0.054766445704429775,-0.023943186871671705,-0.010317822100713657,0.01303717727344333,0.014988216162510106,0.07614613067866034,0.0165803791106681,-0.029692690700138986,-0.06641302374425657,-0.06957757150000711,0.05315581802580832,0.01156502131711415,-0.012685149659135761,-0.006488210867883888,-0.08315956396136318,-0.05318610047302167,0.030787669724633798,0.010092512014745007,0.017509572767748595,0.015020038487690875,-0.09348822006642465,-0.03327508549449528
AP4M1,0.0464185933656632,0.02181649637809064,-0.05829274536418242,2.9095191455231346e-05,-0.04047447969875686,0.03350422260127817,-0.07629377366719306,0.049643283650775104,-0.1050578924291154,0.0,0.031546627619053164,0.011594240149358661,0.052572791047063194,-0.04143486539893237,0.01951259145483121,-0.03267741841656589,0.06732445782890709,0.016331243286493602,-0.03427279685413431,0.0061763912936302155,0.06411094542521117,0.013719418332114163,0.055844215876521906,-0.06326340175276346,-0.06625387253826409,0.0669124929291896,0.023221198369900824,-0.010598078345367435,0.008034946584616625,0.012766697500813096,0.024676391519037933,-0.036008622560555675,0.06747766264217518,-0.06472849870527186,0.06371182893593239,0.0015306007872399512,0.025490566309198295,-0.06690745645538798,0.005944447618823289,0.03111799660200195,-0.07719659925085734,0.042240994475349854,0.08230422656434,-0.01786282675471814,0.07115940700395691,-0.008870396342717479,-0.006162434556667701,0.029443560939225122,-0.04420718800055393,0.07840962563246014,0.04751557736259592,-0.011672167769011225,0.0356086189942824,0.01702009758347299,-0.01679283608087887,0.25906895984616146,0.01043345529193755,0.04590492580234127,-0.08498615386645912,-0.011602065577897504,0.056191614570976066,0.06208333140831979,0.07984993033955717,6.16926712444939e-05,0.06982245714569638,0.12132124088589244,-0.010102769761587391,0.0259761371651169,0.040063887536119336,-0.005553812647654367,0.13555366731841537,0.03097412697496366,-0.019306482000279918,0.0011534749089092524,0.0332652550061369,0.06303142760694318,0.046994766123327064,-0.035566759395419104,0.04239975197948268,-0.05585379415283047
AP4S1,0.09596486481115092,-0.07825915051198351,0.06972775469338605,-0.02176111149909199,0.005931383321463542,-0.02574542712297106,0.06172062181130954,-0.07244365491672347,0.01177094650766217,0.03011880638282496,0.0,-0.010789526383834172,0.08008418330827614,0.07399516317981635,-0.05267648761184635,-0.033638010460746125,0.07720604647923837,-0.009130448104318838,-0.024722527963096784,-0.0008584327615047526,-0.061010895383227105,-0.0444269793815909,-0.009310186815172027,-0.0009395947514807546,0.039977170553857744,0.021062559816246416,-0.0036655594183781434,-0.09887512978885986,-0.02808838823484817,-0.052679680502901595,0.04176190065604623,-0.02256829582782855,-0.03862692080853698,0.060534805153670566,0.042370230432961176,-0.018162705482029272,-0.06658372154896802,-0.1601491265603316,-0.11585783359446757,-0.10054550197806958,0.025681550710325365,-0.004535337647242645,0.030002322536662893,0.07051210107429397,0.036672961943799126,0.027804696491475416,-0.09817296300331851,0.0484817246086259,-0.017956998015782353,0.004932566342118383,-0.04103578353203925,-0.07532449859389738,0.023549644794431904,0.011259565170278225,-0.08907099522403171,-0.0514746622381344,-0.001800632861492712,0.17581338392652895,0.08273144426129356,0.01730964288556277,0.046337623460411814,0.05707320201530336,-0.10518823623193392,-0.02865012839517889,0.009856347404051625,0.01612731191814628,0.07891126429843792,-0.02572312983800954,0.06572540335882802,0.11112270528776085,-0.03373596888900596,-0.05116209272742156,0.029320573740436312,0.027271910389392213,-0.041313298403099434,-0.048165861635040524,0.0866678232360812,0.04605605661877602,-0.03086926901473143,0.07042310147595195
APBA1,0.03140604848996396,-0.015063444153300846,-0.0037258626251455117,0.03497934603150108,0.14009336204157263,0.10919082742499667,-0.015904966791585644,0.041363738010577716,-0.004400399480850637,0.008109998754341409,-0.007904894168918064,0.0,0.050748121317087086,0.005214339435367308,0.0065508543351390025,0.03172764279200283,0.10794402931294318,0.000555370617489552,0.00782757743380973,-0.03898999497531318,0.05029263649240023,0.0025092165070320226,-0.067233100315063,-0.004133056178961774,-0.07571756012604298,0.043850275899733435,-0.11413709492608298,0.03836041975215981,0.06295086993961109,0.03340134707873176,0.00020328052378441506,-0.0005342732880073868,-0.04894800962101875,-0.027723809078863067,-0.058258411231251694,0.025568224371568853,-0.0559060330338426,0.028016302668933207,-0.009826684643923991,0.0737443777071218,-0.07891774014286902,-0.0045629762880015825,0.024349205602807716,-0.0225551408226469,0.0059607566346410725,0.06666382224292779,-0.0835058746695836,-0.0019980030050554104,0.05336150185114278,0.04256527863314805,-0.054427342350261525,-0.05108176239639856,0.0270683469267516,-0.08035758053938657,0.0003353129966598556,0.008393572620763484,-0.06567231782955951,-0.018648677383224475,-0.03313476912741382,-0.00013333793504045923,0.001176625189915022,0.037284862393816884,-0.05129379870896227,-0.010756676396915889,-0.005489275375497345,0.04732346974905006,0.07669937297028134,0.017491621772720328,0.021025000529411076,0.05737444123065731,0.053183363899018475,-0.020156377118184528,-0.005598397984289664,0.11544775160874973,-0.0014769864258466585,0.017873391061742978,0.043239286669524354,0.10009031575362863,0.17014783746648662,0.08267597759673857
APBA2,-0.028551287466110267,-0.05959997210896051,0.034937701287532326,-0.017799861921512953,0.0686709735018182,-0.0443823430686548,0.022864004484437896,-0.02032847934963719,0.03724525282015257,0.041911292035115955,0.0668700963816401,0.0578377632113869,0.0,0.05860907725123907,0.06414819671516221,0.005697573685736744,0.13710922432033928,-0.03896305112949613,-0.018921528245886055,-0.008050655364667631,0.01108311518749308,0.04148969339866843,0.07046539157648744,0.017751410821421034,-0.024126030558294875,0.0062447659369471295,-0.0024769541266697324,0.03992322121429478,0.0034990607425065237,-0.03323545145518127,0.09971018583039751,-0.01751373877928551,0.01733662111017563,0.05099350280420048,0.029344340825981006,-0.019961781259393612,-0.008083514029276383,0.0589232878845244,0.07527324803322812,-0.13785699807564203,-0.11238253079236915,0.01045363227008922,-0.14689491410317043,0.0371590323545721,-0.02583382214231264,-0.045745289946823586,0.016504932700743907,0.06746689484953104,0.07692128775559764,0.0018255586239123243,0.08366782658453176,0.003602930717561743,0.0137109553234746,0.03887733303058535,0.07003292607730977,0.05273926382337696,-0.02543098725665362,0.042655684694043995,0.021130024753247555,-0.06698691295833697,0.05592350506798186,0.035639731257467326,-0.0033444164738598466,0.07038797759082246,0.020005995231703617,-0.013708262564348891,0.05870179531490672,0.03527167882494789,-0.026529376985401087,0.007192971910931809,-0.01677988065180735,-0.07653499766255993,-0.03541084171519031,-0.059989349669591775,0.08543564870983411,-0.01804315096085756,-0.038131418332667116,-0.044499332732435865,-0.0020560503840215934,-0.07428024147820597
APOE,0.03523390247963242,0.03212468666189427,0.016173542452212922,-0.0033700710650023235,-0.0015404433972841453,0.06176370267163903,0.02246129828969278,-0.04316394377935474,-0.02734206160472878,-0.02837694546702659,0.05307844952040868,0.005105291168454302,0.05034943270206567,0.0,0.0707133295700647,0.03929137135644777,0.030613280242873065,0.01663862737549356,0.1891423651227127,0.06339026128167735,0.036790266953467744,0.0026752334661358833,-0.002020855445477444,0.033932933508477654,0.035318962338417394,0.036075469021770154,0.03179981641044306,0.053552582078892845,0.0010415538876758557,0.01283981944447435,0.05788490169047615,0.012178780596301623,0.012422048773808075,-0.02912449691750305,0.06724960154098741,0.07405182924651184,-0.014574324962401543,-0.03077637483922611,-0.08961986531804578,0.05853316891877634,0.004429952637442575,0.026856941443504322,-0.06331557282946584,-0.0036366409900703864,-0.03790972845949102,0.015628530938451457,0.014800595582432607,0.009203989758075116,0.0012734083576610609,0.019965582404147895,-0.016086408367225663,0.049800874656291697,-0.12488637252234726,0.03618109637516973,-0.026426653500642733,-0.008524134277156857,0.07155673857133872,-0.0678887933487064,0.0020051931095664247,-0.08303855510455642,0.02386380433890679,-0.09331382050898913,-0.04893358752909787,-0.024820015429063775,-0.012240515808087694,0.06414315819729874,0.07525502600657187,-0.03980851732279972,0.08641402302042821,-0.009375523046310489,0.004551599502508975,0.08680074908364716,-0.004351185685481578,-0.0027536086981604087,-0.07885045157451567,0.012602116071855116,-0.021911262791894325,0.016418659240035677,-0.041838686016096104,-0.06779543166289592
APP,-0.022055773126881076,0.07233264910846131,0.051085709302343955,-0.011847366866867387,0.0674390487450673,-0.019110138858345425,0.0008361400533972296,-0.04383206092173226,0.06971334073544797,0.015649393185942332,-0.0442501291360855,0.00751107324804128,0.0645352486191767,0.08281025539831069,0.0,0.036609501529821085,0.09688516545866152,0.022556397626258964,0.013845291545356714,-0.012905389523837395,-0.009719907757784283,-0.06948148882622833,0.040615345889777485,0.03488720361213346,0.046579963021300186,-0.10506298549246057,0.007920300263862463,0.08445786440157738,0.03719192595995727,0.004568929852880079,-0.11585787095941975,-0.004984546227147763,0.006601846473492753,0.05772302583890523,0.01095440409822261,-0.002255004705613335,0.06801669354275093,0.08682085991492694,0.006472644851847364,-0.09003322888233779,-0.08997801872853728,-0.000881590016740769,0.0157207671019002,-0.0070791464246698094,-0.002507203101123592,-0.008083912304108038,-0.01853837754970304,0.11446827115586519,0.017610288386163374,-0.10136160888632482,-0.031265328328301326,-0.03763921750938419,-0.020388324645682337,-0.08894689795808242,-0.09074581811100867,0.05754160644309498,0.04052140291478087,0.013154989746999194,-0.050359409629901444,0.05086563968823652,0.07168686362867724,0.06086139209345949,-0.061794969488079346,0.008311093662211248,-0.040163135882401155,0.04322866856005631,0.0759254697300626,0.03939412186320155,0.08104101802216879,-0.05792134393855486,-0.027190207471460878,-0.005179936445587525,-0.03394210984642069,0.008640383479126759,0.02475593684017595,0.041493861932128326,-0.02859369024588588,-0.07761826964175922,0.027390905254104314,0.0031456157012400257
ARF6,-0.07374163554591529,-0.028375116686116857,-0.06226308285430427,0.022540610384995163,0.04321914906435067,0.04857034329363821,0.05803150834603205,-0.06028786203281013,0.012121115365656814,-0.02627039720506702,-0.028324639051485356,0.036465167406868795,0.005745645610838429,0.046122875361922354,0.036696966487734926,0.0,0.01287548393693036,-0.010476080130912908,-0.0059090180250438605,-0.01986511340447299,0.07520531696030569,0.1432646749659325,0.07712589117374731,-0.014931352810085844,-0.030936108405431203,0.06223395307901039,-0.09829180440557861,0.01926039465985701,-0.10104517917039882,-0.020080745895818784,0.04011030966219822,0.08443370462237339,0.045127326657116794,0.08377271725571604,-0.07689736741325624,0.10487186429547597,0.06101989445074502,-0.010084948660567448,-0.04183379296577245,-0.029131417950804303,0.03156859429423098,0.15956696685407057,-0.0704391203163352,-0.04637231254702176,0.016433701385323785,-0.08076658813496634,0.0002082259073485262,0.008961711088518095,-0.045646732872775646,-0.00020969511207977675,0.13024544475957603,0.09006069135552648,0.011930244974800957,-0.06650045774800281,0.03146649951757473,0.00620408905359253,0.015815312010219316,0.040993232689366485,0.07892683932609668,0.07473760693735595,-0.04289789077756197,0.032872447264776186,0.01570834060636069,-0.07045277273443849,-0.12222724071326212,0.018780245822190726,0.04030215993126311,0.007403449484653799,-0.013208124819640264,-0.047648272746485684,0.045440521238101626,-0.0488536008117659,-0.009825130920486685,0.11401718268065726,-0.08040556411202485,0.03979216483430463,0.08144767021610397,0.07962330859320295,-0.1717749813587744,0.04139005221796612
BACE1,0.011041109206041696,0.03202913838780747,-0.010448030900509973,0.06252447467229323,0.01083198274174638,-0.05864164484977398,0.03485400606016937,-0.04085080567923325,-0.03623780941921082,0.050086214149642226,0.06016055553968665,0.11480623394067395,0.12795050367519775,0.033254888446632165,0.08987110386544561,0.011914889047105698,0.0,-0.022830427476518034,0.023471382601607554,-0.03549494884356252,0.006244249688580512,-0.022229970255584746,-0.02860904248751063,-0.03373365315779133,-0.05723041058364824,-0.030645045336679506,-0.002502269759303698,-0.008680265974444573,0.01617999382386992,0.10085483028769182,-0.001686058439647079,-0.02191890606418578,-0.04051826518501414,0.009292477403428222,-0.03843728073491763,0.01607225347256465,0.04253754429522351,0.04264369211727157,0.06127556666667694,0.08555233546102406,0.04137280443901716,0.01312093540454259,-0.031895404471377564,0.02258897062461124,0.11071978570244151,0.018049079614118002,-0.05902158645801377,0.03531151332299676,-0.013280799646644309,-0.04858023134453458,-0.04155809260555873,0.01784668839919643,0.033660601779454034,-0.12153574417853548,-0.006835595295233885,-0.004878769401594665,0.02199252992728718,0.05829875673707588,0.005958864172659808,0.039152330634475936,-0.013386063178046331,-0.05245272563690581,0.04491059838924759,-0.026160763893058894,-0.06023246721589407,0.027706874877733777,0.040646775117055556,0.04199170129609627,-0.049262906883230116,0.0215082837973626,0.02371176019175413,0.03239183923783245,-0.04202508589778158,-0.015841453457628094,0.01301547036235057,0.050001938983854965,0.005794907451868032,0.05604509127126498,0.043431815579985676,0.07461763524176754
BIN1,-0.021910108836397605,0.1698679809058769,-0.03607421956189325,-0.020494745916239242,0.0005087611040512533,0.019263786022484134,0.030517038932480218,0.028849646780904337,-0.017574152629571144,0.008920558675587954,-0.005223722293708213,0.0004336878036322138,-0.026696587346764823,0.013270600893209566,0.015362432822459611,-0.007117913681338646,-0.01676260485616998,0.0,0.0216415611380973,0.007457675183409461,0.026140069828872403,-0.025883182151870365,-0.0008010275938690479,-0.03803332194551927,-0.019790781834499855,0.034391136142103006,0.013357213308000522,-0.01407491179733488,0.020185298479365427,-0.06698382894075909,0.034115400667994636,0.05894810248160767,-0.06721463908961138,0.0005347128827330384,-0.0014767589462018622,-0.02717818809057676,-0.0514178068022538,-0.10043986695756689,-0.0015321831251902938,0.005345962550102105,-0.006675596394733187,-0.04871043599411689,-0.07400673838081336,-0.006846296995570817,0.0472279007822884,0.07199461881906158,-0.03929558961855253,-0.032380924440575144,0.009329048323016067,0.033636594046080694,0.03864410827020369,0.021028862779644074,0.012039366624179898,0.02017711846541291,-0.01351291241960081,0.0558459173124304,-0.013632343099439235,-0.10988508887299439,0.0070253325506374935,0.0630453138584499,-0.011001766519344593,0.01502089602582171,-0.016825341294528715,0.028989457805776737,0.010427592261494482,-0.022348028888905382,-0.00029611288178262317,0.13260066949443639,0.03223068151466407,0.14612350396849036,0.047042512897692304,0.004875074783881086,0.001966775589969486,-0.00012851723683119707,-0.016277305066474967,-0.007284478772046965,-0.020132110823368497,-0.0740004231897637,-0.020978648957956085,0.012219847737792066
CLU,0.016287782868023525,-0.07757085105406356,-0.041473282189036655,-0.0807261713485105,-0.05631431588739119,-0.000759933545621627,-0.020923759131919874,0.062211860008347115,-0.0764695417508361,-0.021188021040779173,-0.01600843615389028,0.0069181460368094175,-0.014673274552893764,0.1707379060648165,0.010672358452243009,-0.004543988915397421,0.019504471195676668,0.024493826037700523,0.0,0.05676657452598821,0.021388212985048796,0.03719116726674642,0.06344376374707204,-0.029306538640609364,0.0022081559238061634,0.0211884053486343,0.07609707582993655,-0.021314727173530352,-0.01355453264833023,0.006464694254372867,-0.0027884386446215153,-0.03826137883932814,0.08261568626049963,-0.015794144540938384,0.009968268179060127,0.009075732956901133,0.05864483750875741,-0.002527544073005306,0.0485521363185676,-0.00586603470080012,-0.023826856709332083,-0.06106619707847842,0.032084284356533134,-0.01809310832987602,0.004337053745490818,0.03509126782799327,-0.0065385200078373696,0.038974622592956594,0.08427436806197157,-0.004596317291039908,0.07111059859574882,0.061338019978810575,-0.008517159780476482,-0.06958851592018177,-0.026022794484825956,0.025780304630929136,0.0036530621848942916,-0.06926254367258064,-0.04228381580628276,0.014016793840869252,-0.013633187942337505,-0.07003171096548577,-0.06477391584106354,0.0475668880524683,-0.020280354114086494,-0.06157109793617335,-0.006516480095286136,-0.005220129213332005,-0.06155280499701559,4.6536326770899e-05,0.044767242667602375,0.060020105161473325,-0.05100157786895047,0.035515615741324134,-0.04588414919491259,-0.013211624342822541,-0.006499750255353542,0.11196659533796795,0.011182509115733711,0.04430861181699252
COPA,-0.06199774101921616,0.10975152398376398,0.05910118715823599,-0.014935265211535133,-0.0007630267133686808,0.021864768782243773,0.06636904174506517,0.03209078891993666,-0.019440903748412227,0.004323485451576734,-0.0006293911998830077,-0.039018797693224895,-0.007069039688736149,0.06479209585331785,-0.011263873556613329,-0.017297022415465896,-0.03339799635912448,0.009557182035190945,0.06427632519988243,0.0,0.1271037399323844,0.1422451094669612,-0.049667010759449834,0.14403777877774554,0.14056768132139458,0.08312636274968428,-0.02539167627919277,0.0966562159267554,-0.05864693353764349,0.07395985877094344,0.031817500162531306,0.03183478524185055,-0.008012514202135675,0.010980943814112578,-0.053135156268508385,0.04413550234612968,0.06428728329958454,0.017843776370574344,-0.007789750148577843,0.02916550825639551,-0.10188172505473357,0.0016275167260189323,0.03681607806864841,0.006520405958865128,-0.021616476278149655,0.012993555073424196,-0.0685995008100058,0.0719925015890257,0.05723405856370203,-0.027545704719866806,-0.009494997333847031,-0.05672112788920355,0.04102560965439675,-0.09993062764848219,-0.03008688258989337,-0.026492767054665703,0.04448661133976339,-0.028853502903869812,-0.016613352060575275,-0.05258268607498321,0.014116443038986322,0.05958595639487009,0.028504821352437294,-0.007576289283272137,0.03522155942730269,0.0557771132690779,-0.04280568432786278,0.025974668538841426,0.013783144060731962,-0.06130664711872824,0.08548737024854361,0.08825904878375204,0.022382261252110378,-0.023723329657427267,0.032135301883969764,0.10895586994339539,-0.02183448208075395,0.02586676376888128,0.08104208399466303,0.03486221948649254
COPB1,0.027083871685481393,-0.022292714199554725,0.010787532301285617,0.0028046830953245743,0.00022195566875109728,-0.0011952250440560427,-0.047487614144650116,0.01174252734583603,0.058286625003504865,0.041839370320646295,-0.041703791419489676,0.04692225396665824,0.009072872126249847,0.03505792312516005,-0.007909199884523098,0.06104956927284865,0.005477569264146257,0.031231072336439614,0.022578059326648563,0.11849829134107522,0.0,0.09124723924742474,0.1005504348563857,0.22223148367898096,0.1501470592571863,0.1347972149122436,0.09931923380270383,-0.07638963048716792,-0.058888462300175935,0.016889205249662278,0.019683471621768988,0.022880781757124553,-0.02849983699184955,0.036986532171485856,-0.013811590387815209,-0.03188972030058948,0.0444160577723388,-0.08982981412053746,-0.022767349741051206,-0.04710658023405072,-0.039031472334553105,-0.0179565335540461,0.001060969966089486,-0.022171064894104038,0.027139859690277646,-0.030441588722415105,0.0024663901013032186,0.03226229518537874,0.1066891926189817,0.012338403618406853,0.010569370870437198,0.042283246751804685,-0.021901309957563914,0.08436839389958858,-0.041590301018988286,0.04147516622631811,0.03869425884377271,0.002898923744615999,-0.005009985128587271,0.04984218582714014,0.07626024181338024,0.014506128811842284,0.01525109363732939,-0.0540135573642369,0.09293157346839351,0.01751673215332177,-0.06554188299638376,-0.044850444558564545,-0.016355644014375344,0.018665970691727967,-0.0402369834247882,-0.06470484046175799,0.03921850740820691,0.045097416134531026,-0.02199612393808177,-0.020423447140443987,-0.00046090072273010117,0.034967023932221564,-0.09401411211423538,0.06828242356333211
COPB2,-0.014612431307644978,-0.0061968892636148016,0.0028856439221262606,0.01318577894500571,-0.015240009182012022,0.011104045789709971,-0.03477546071304105,0.002900076609633946,-0.009991722732457162,0.008032036204086832,-0.027242811634290858,0.002100146537123878,0.03046913805746633,0.0022869250627358924,-0.050719682211014736,0.10433023296044043,-0.017493773483166688,-0.027741811829636944,0.0352199649114738,0.11896743623809113,0.08185717142772886,0.0,0.011220267310343635,0.14452332812480767,0.0858764708893449,0.03308326585282152,0.008486243480599065,0.08705422892139826,0.024776411504327852,-0.04265301515840577,0.05771784263122058,0.024626473544761853,0.08491380621471663,0.014107520297793042,0.012838893163086363,-0.00919677166424008,0.06355779273425109,0.04774970333762403,0.017768706775114496,0.04434743677320507,0.08316263012756137,0.009665254354558329,0.09035335641655903,-0.014766417676664128,-0.05360769910433248,0.04802168852359702,-0.014678613142585357,-0.019795921703898683,-0.05692280366738171,-0.03004676745338438,0.02153574592160414,0.0562101157052387,-0.12656095435369155,-0.08928793124065133,0.03521087787674756,-0.01680994928595835,0.07096074905305734,0.05300752792192437,0.01914827386579403,0.034412698158951364,0.01238148102241312,-0.008974542603820223,-0.016180229337662447,0.01005229307796661,-0.016218681400520504,0.02831231455248106,-0.0427275427703177,0.06977426672408324,0.005227166854238724,-0.012127420177769742,-0.05773764819473783,-0.031340334091126305,0.022524754296117732,0.05909069251612415,0.07711438148112602,0.026717974606476215,-0.04397430304054251,0.009930080288822307,0.061333381109648255,0.008283156865571689
COPE,-0.00038281693403936464,0.017061678068484257,0.034978702428303976,-0.04390984050199047,0.036924899756968145,-0.026960798435484195,0.006585681349631526,0.011723401582322646,0.0010119060484971775,0.042089512560322166,-0.0073496943253310455,-0.07244365294222481,0.066619528269892,-0.0022239818297303403,0.038168342834252245,0.07230644238230478,-0.028983690285119476,-0.001105275059421681,0.07734705621967548,-0.05347669041014564,0.11612525846199007,0.01444471388643786,0.0,0.026152699173527767,0.044817928812319746,0.07004731545215852,0.017246130945766984,0.03676863999270359,-0.043287825870209434,0.051037563193093285,-0.007119022836997913,-0.0475173968759086,-0.005032931330178989,-0.0197639441170826,0.04709646131861122,-0.08404480527759152,-0.065704750025766,0.09275603554362963,-0.018197663453055315,0.028812228443932174,-0.05779807791685651,0.01943326902867397,-0.007958337119292596,0.03253328632962445,0.008210100299768009,0.06662111294499429,0.0694846482213165,-0.012419749756960452,0.07714064435863821,-0.09200752683321642,0.07066840825531653,0.0028264211610823176,0.004289922173029292,0.03545129290054161,-0.0652722007359074,-0.04147350208353033,-0.014671400475758881,0.0022355001557779184,0.05510902658879454,0.009011399686185634,0.07203794312703238,-0.012149112237923297,0.13711982257766436,0.012177601179881061,0.028040274379058195,-0.010166875409529775,-0.08395896391529876,-0.06988534012473054,0.05340326951391144,-0.0066332391809656305,0.0231906578833129,-0.02934033911551233,0.05203170082258444,0.010616669487030227,-0.008265476660670661,0.01236787265088499,-0.006182103237306118,0.08857442085917108,0.022072511990474192,0.009549453329712165
COPG1,-0.029575270527517097,0.06500615512050519,-0.0007277158268896714,0.14275731917852694,0.02370229937860988,0.07362058322305856,-0.022284318951771465,0.022695557237579378,-0.0339328487415122,-0.04658428478005268,-0.0007246739603623816,-0.004350906032849197,0.016396447049264656,0.036484515567751646,0.03203100023277618,-0.013676253697818294,-0.03338911632566442,-0.05127177412448613,-0.03490684278247522,0.15151795736388704,0.2507491783214204,0.1817753069908782,0.025550988742831664,0.0,-0.14739328543822772,-0.044971525257853834,-0.0018566887390176897,0.05208679753228297,-0.03760869041375339,0.05322035762872714,-0.03140598679328964,0.011666024555214477,-0.016684738426107182,0.03728904218334094,0.07426707381462687,0.03437984966731688,-0.0018937706895253217,0.04103167159671896,0.029556136156771842,-0.013892898462482088,0.0055489549270004105,-0.031995438534285256,0.003274640611241311,-0.040636702193063735,-0.0060780187505542135,0.11310591008805909,-0.0018710720285986552,0.03476304447142588,0.0379708766842203,0.043558811367571525,-0.051400832873275466,-0.12817991651501037,-0.007758439025962676,0.057706554870177534,0.01983508647034597,0.008097705373136536,0.014506542778560632,0.04130564707720431,0.024859765827115115,0.0017014888756371246,-0.03350800628575511,-0.03511594904292191,0.06185449685875486,0.08111170040794918,0.07813521499317905,0.020445553863817665,-0.04840353193871428,0.019978269497738788,-0.03955300346534974,0.052115273065469134,0.018358956528305125,0.06539177735631352,-0.01063739431092272,-0.04641343047438902,-0.005903670925359118,0.0005695631437040931,0.10136201759578323,-0.08041376754849314,0.025009479497555376,0.09675490864765161
COPG2,-0.09694938065024815,0.02345381863549798,-0.04140597371466095,0.12591596502863892,-0.0025296040908103943,0.07751626312542191,-0.05821908561162417,-0.07894544971024267,0.018905006209115015,-0.06431439596177,0.040646594318593715,-0.10507878498285082,-0.029377361360490243,0.05006164885964792,0.05637849989407712,-0.03735456711295926,-0.07467555302166436,-0.03517119083138737,0.003467255257128202,0.1949320313883061,0.22333706237685874,0.14239054667507348,0.05772354713061672,-0.19430668186927555,0.0,0.04308226915542487,-0.0056939236639237945,0.017529297862049903,0.02306832556274646,0.02530123075123998,0.07282584631955366,-0.017236769323428425,-0.0852045273280402,-0.018148755374737393,-0.04135089217818068,-0.04178363578492636,0.042628775104671224,0.06919822543870731,0.06938506047419872,-0.044690568458895394,-0.13091873707752225,-0.005755149556197437,0.0060228022177816615,0.09679319260989162,-0.027870591768580907,-0.004118028884070301,0.034179459800440855,0.05399265407335593,-0.07253838558420543,-0.004528647078615013,-0.060766573675778236,-0.047913565291974,-0.003189784051735001,0.08087065740351017,-0.008544624636071182,0.0485287861087749,0.04911397296794119,0.04652813184639614,0.053592677103026176,0.09662598895715728,-0.05127894933093722,0.06974501606890351,0.09103882904795274,0.05201238181414921,0.0840504177763349,0.06575623401039575,0.04867349575603602,0.09227560748326176,0.04320053933887856,0.0028241416527467742,0.011125618978721085,-0.04344745411437795,0.05704352588113047,0.04796736133434586,0.016905342344643026,-0.07832171282878417,-0.06983864479201352,-0.05238738961803295,-0.11325203120118359,0.039935857211820525
COPZ1,0.055841857374303444,0.015367227830895072,0.023325576206422387,-0.019451947454621712,-0.027064352633479154,0.01831464721406572,-0.017844677773508507,-0.0070900957466741655,0.008981398430670064,0.052706341524142136,0.01737728786806858,0.049379819219292846,0.006170236505829135,0.04149234059811985,-0.1031864920587421,0.06097673258662628,-0.032446704093038785,0.04959402756359965,0.02699684948553146,0.0935395420955809,0.16269852737742244,0.044511689378124365,0.07320680583453702,-0.04810679094492991,0.034958863360919114,0.0,-0.033972409599874964,-0.08891571390792603,-0.04283350684099268,0.00016116646621087136,0.003433788726719645,-0.06601679037150947,0.07439619342643843,0.07335246333874895,-0.01199325321041303,-0.05317197193172383,-0.03760558448400218,-0.020617815825237522,-0.010644561381485708,0.001248168732615946,0.09396717663325635,-0.039053130012497925,0.06699197837965341,0.08901237819699725,0.11356916186637989,0.058632466646259714,0.020007035364565776,-0.004908578258319707,0.08993278086006738,0.0046729883973288516,0.08682566404023458,0.03407458449882386,0.027294321732545986,0.1068928901591621,-0.022536637327014022,-0.011411547131686755,0.00017467028487963408,0.10647731023330517,-0.06456424994697756,0.01031605232595136,0.02467060371366618,0.03147651011219304,0.01696030921188749,-0.03210327482704241,0.00833548717094036,-0.022802274190656665,-0.020566920315514495,0.05453387776768906,0.020502198489759565,0.040122167607748,-0.050552624937135936,0.06985190546721869,0.07568711447360285,-0.08634073533718321,0.01882405822327972,-0.07966177802034852,0.007200924111766123,0.02453901009451986,-0.019522962114732045,-0.03297049474393929
ECE1,0.045360785633726086,-0.08384169113136353,0.04418280400359648,-0.013062404117524285,-0.013662981161033568,-0.00648689512583886,0.11500231067008373,0.06683010966167056,0.06099382374356226,0.020386388757467386,-0.0033706302935191494,-0.14325308776204668,-0.0027277440761698467,0.04076435478111608,0.008669913587678163,-0.10733814379317365,-0.00295287089493784,0.021468353068953942,0.10806443644682069,-0.03184548342397425,0.13360911129786227,0.012725685990079097,0.020088691692653763,-0.0022136445441571654,-0.005149563127051797,-0.03786398884928544,0.0,-0.07504401006568318,-0.08899400372309803,0.0646744453049663,-0.036177136235374725,0.008422576941180475,-0.08822584291516834,-0.03767569125691555,-0.006985245374652334,0.05985129474674021,0.02335593435947786,0.050189533040304136,-0.04052538818869145,0.15012907037221976,0.051665955793119396,-0.05831689510920618,-0.07450815521196448,0.11042319636079984,0.11405470892291177,-0.05044538280145862,0.048218191567143055,0.027685202014838744,-0.002019218179414511,-0.040938425670965284,0.10910903369650479,0.09450163719602218,-0.027356024834208667,-0.039134294237608155,-0.024156233363355175,-0.09086630643215156,0.04225997037791651,-0.06578272160693312,-0.032151998532067634,0.02278115897033918,-0.022006064809723794,0.0346164704903735,0.08760917212080263,-0.0041910181406562535,-0.00040074699487544586,-0.007975079101617613,0.16117263748097774,0.03721211778523516,-0.0020880280324463013,0.041862897683518856,-0.08517170426086484,0.02563634832086782,0.021549445962548396,-0.04391681613894237,0.09925766755005981,-0.030014480068330216,-0.012914985563566322,-4.887576636080411e-05,0.02508338402589786,-0.049468261169949644
EIF2S1,0.05624436490045891,0.06603290830417112,0.0366639873143837,0.11057996527668065,-0.017857314490368894,0.007083209355617484,0.015935842741215744,-0.014841357300893119,0.012550838188456218,-0.008383051312270478,-0.08191760529841581,0.0433790317056339,0.039612345519437375,0.06185227827103727,0.08329761061141365,0.018950526500492178,-0.009229170944123262,-0.02038205058571214,-0.027271807837197234,0.10922085892646437,-0.09258837236343544,0.11761830414975673,0.03858840840084297,0.0559520191893276,0.014283761572921235,-0.0892889790702649,-0.06761380217277939,0.0,0.004983436637759252,-0.09178225958232893,-0.04845563239374796,0.023414027109011186,0.20660289406449012,0.04906078924485871,0.08686770260927475,-0.05703368601616549,-0.03208611698164422,-0.0015595827426661557,-0.004457547170770923,0.08014914629824237,-0.007573307862030241,-0.04044539485954271,-0.018043514595530507,-0.03525745204787241,-0.09643042979036892,0.010784592733716071,-0.1404751945023868,-0.02255515811654311,0.06614198713233045,0.04518037987422886,-0.023564635968716583,0.08028081036002521,-0.002296755803685072,-0.03930789779852303,0.1551682263658658,0.08987365305785265,0.17119999312270592,-0.04853734646347354,0.08080435083191859,0.05267863628907141,-0.021720503463653458,0.00038121438229530956,-0.03623673351465213,0.049349657119026336,0.05295638819723449,0.04658692579013643,0.03856780658242625,0.13399872077061853,-0.003009580499062185,-0.007973659731118316,-0.03928973787292547,0.057051896406381614,-0.012871992185886416,0.014138776068650025,0.07069047329038965,-0.044453620538495275,-0.058503712973179654,0.058964485360747186,0.07496378909307007,-0.06131211229722668
GGA1,-0.01887303531751219,-0.09054184829790338,-0.01850237754282944,0.11226083013520935,0.06290104969296388,0.0976830866042393,0.012777065805752367,-0.04141162918618774,0.011084077973459066,0.006532538259610216,-0.023918887158895712,0.07316817255263762,0.0035684567243985826,0.0012364626414078962,0.037702060500843675,-0.10218700393133515,0.017682024098465768,0.03004424799067182,-0.017825538856071604,-0.06811536330522187,-0.0733628549347929,0.034407048125416805,-0.04669485627580247,-0.04152410568153973,0.019320488934968832,-0.04421065394467777,-0.08241457821676625,0.005122157283260089,0.0,0.10784969093719798,0.11574727918502054,0.14806805585113994,0.021967357177314392,-0.030572297150075776,0.10778063813738646,-0.029812530183623797,-0.04974994706328909,0.024486304333474367,0.04734531543881022,-0.0029391759500519555,0.11893725039629148,0.012475360836318155,0.10871296747859988,0.10424158688737492,0.0618681940613312,0.051056861975371085,0.024669037873096655,0.04515837174797301,0.03346894337070617,0.02015134985864961,0.10025903716376108,-0.013345573601980514,0.07697116746461904,-0.03299559964524536,0.009686255114957187,-0.024569363842880304,0.02110432578145065,0.10229477245243969,-0.015543730034243019,0.13749442202592202,-0.025110600884200925,-0.07293710515360653,0.004865731737983134,0.06188934824910224,0.036000180861761225,0.014015276830952892,0.07873007814610448,0.005867063485887837,-0.05060398210816774,-0.07484340779063191,-0.014997871408156858,-0.034931084274652587,0.03698771830374104,0.0393360996994471,-0.03846303988694643,0.0029306163501474445,-0.025206430969114638,-0.07154181524079904,0.007013333553380942,0.06163422751731428
GGA2,0.10210426458026704,-0.10292924659388246,-0.010123526679609264,-0.004776573964345855,0.009418721666048928,-0.0435134649735693,0.05160465032404949,-0.008237460448662562,0.0005806635463534012,0.01009346208788351,-0.043623439333384674,0.03775261805633341,-0.03296045171162923,0.014822477214005505,0.004503949658729429,-0.019747973158557353,0.1071798017721283,-0.09695244178919843,0.00826739578406026,0.08353307355166245,0.020460575405871737,-0.05759985185184836,0.053537220447504516,0.057141611647403126,0.020606598443291612,0.00016176352800431352,0.05824231479003584,-0.09173716916922098,0.10487730643496115,0.0,0.0618799034946016,-0.010779189905387565,-0.13711457365845792,0.06441261935784355,-0.011208928387653683,-0.06312323492066269,-0.038633114098586996,0.1496510402071108,0.04106031370375548,-0.0003426810143883729,0.08874770410388927,0.010283968363934757,-0.0013754712028268233,-0.021723351278877406,-0.028686817297722024,0.058278237965988314,0.09711169434274487,-0.04798100463375724,0.004001894280697351,0.03749746712894355,-0.021542564771359775,0.031351540866174456,0.015003817608306347,-0.06658057692391663,-0.04543241463170835,-0.1827362439907941,0.01636080488401442,0.04256917301596685,-0.03035194199697792,0.014487589207708259,0.09568851353375389,0.12260116971984945,0.06060863369575693,0.018710900874689074,-0.009863883266935968,-0.035400684143382134,-0.0022124542712187206,0.014176596238899197,0.018063231152629478,0.02905210392669699,0.10917247097658356,0.03335722251812744,-0.08674778074808821,0.054371192509028936,-0.057064009728267605,-0.03840983043415824,0.019975449735292247,-0.11119360769759314,0.028010784093082466,-0.07192117339046285
GGA3,-0.06592698886970515,0.013798495054354177,-0.011550853432434734,-0.0062770697791696235,0.05900265424779613,0.06273485449398199,0.007561182969906928,-0.017815549275016267,-5.044159740023108e-05,0.015172087256269584,0.026894230215619215,0.00017868206161140328,0.07690121291808599,0.05196719386498944,-0.08881916222180555,0.030676145860929437,-0.001393448625611059,0.0384008953198858,-0.002773217446234744,0.02794670011384335,0.018544384332442536,0.06061551657865227,-0.005807488609678511,-0.02622341403362247,0.04612669014242486,0.002680288781936715,-0.025336241595516718,-0.037664564188278404,0.08753374360205546,0.04812289204523361,0.0,0.0016073547251617788,0.01656729334899953,-0.03977812193722628,0.027896142167084866,-0.04282272723459712,-0.050690643056912676,-0.06054407491000121,0.014559665051013861,-0.04698398645274641,-0.07390442957259816,0.07173816096893113,0.0009919038752908167,0.00564576608056337,-0.007520956936288922,-0.036094200274160576,0.0013651105327351929,-0.003391341540382303,0.01366878566316243,0.03133771494446179,0.05078169697078272,0.03190453748282041,0.025000788730739555,-0.045321611238028366,0.008551499314131045,0.0020197857125036044,0.06897043675434243,-0.01922628870365744,0.0636409441082512,-0.06987159795446639,-0.012755056835877526,0.02196913802374284,-0.04508048265662098,-0.02120909497311943,0.02622782117029969,-0.011347790597900628,0.04316631192011608,-0.033028985883689195,0.027826815993857713,-0.015266821610879259,0.026634493960387064,-0.02871885163153697,-0.03670699024335344,0.0032349316394062067,0.025133961383578086,0.060701949816617765,0.02667612625801552,-0.031339493965249626,0.08243416145535203,-0.028966232218457563
GORASP1,-0.044694972433140454,0.11257010312120527,0.05617771941893558,-0.029551264910762636,-0.012778926462785936,-0.0301287043279646,-0.06931965725500329,0.16115600128992813,0.020244958741568186,-0.033538212125692225,-0.022016452738353884,-0.0007114073766421993,-0.0204617253532741,0.0165629424203067,-0.005788639131108359,0.09782060471528646,-0.02744144223242548,0.10051489490538301,-0.05764387485993132,0.04235806605709183,0.032655121118923415,0.03917830712306812,-0.05872058054364758,0.014756025382521808,-0.016538356182510792,-0.07806064638581274,0.008935579280772413,0.027569857204532627,0.16962732163335636,-0.012698661130785636,0.0024349017982288642,0.0,-0.0010380183413758969,0.10852248701596179,-0.02534509866972654,-0.041655873812056245,0.05671931736421437,0.05828176094164039,-0.055713179931820754,0.062200207248191454,-0.0034341806364806817,0.09725803742135415,-0.009652026108474097,0.06652330653731262,0.04407556523079906,0.06946865856115168,0.020379514350134742,-0.01651626621091363,-0.07719908549830143,0.09457202706999461,0.11074066205469704,-0.04293621021962045,-0.045686271291478175,0.0372698732684815,-0.05600882294171012,0.05318201654254611,-0.07189619729269972,0.058865763205947774,0.0024992332829998705,0.0007088880474404042,0.022665010810154727,-0.016466282210427268,-0.10678855289537068,-0.03831050987185167,-0.024216461667511163,-0.013331578027053991,-0.046462288007232254,-0.1047590319053939,0.0579104231148386,0.014927006554944855,0.07403539934575927,-0.014768438141576821,0.10709255634310251,0.20028418383846242,-0.03419035160905725,0.040150102585488734,0.06638189069195968,0.035604083765133306,0.02879052500592684,-0.023012996976768976
HSPA5,-0.025187094544097673,-0.05792811871123933,0.05334460174709117,-0.03320818694688597,-0.0017743362327539594,0.02459317673786869,0.0751648873180266,-0.037391103551264224,0.051712689557333505,0.04103191432187816,-0.024601807753944386,-0.042551834616348,0.013223797525225425,0.0110294857892481,0.005005467184524861,0.0341336283057781,-0.033118240047817306,-0.07482604899057191,0.08126123427502638,-0.006960354527106902,-0.026555297188753577,0.08819624562878307,-0.004060570493976926,-0.013778256317835346,-0.05337372244150694,0.057432378452753924,-0.06110853774117153,0.15882656762418598,0.01643011457679394,-0.10545903140868412,0.01638512018198215,-0.0006776935891012577,0.0,0.11166628743966363,0.06794293934438356,0.05457608063481233,-0.027767457117821817,-0.014550880608187277,0.003808375717575662,0.02618908272624727,-0.02270243895648453,0.004145955505772483,0.1523626964755433,-0.008232362415027313,-0.004492801030434082,-0.061523824207491154,-0.01728279822514453,0.054450904373983935,0.010782348761918668,0.0012329420526097988,0.09955038376411969,-0.009137683252301076,0.08146477864285631,0.037629151861505665,0.028224400376465734,0.03431218224156476,0.0697161395855925,-0.03164414533722287,0.058998483422835986,0.035361006951131486,-0.04221158899194903,-0.01264176536056672,0.011216411865925209,0.023904637729479206,-0.004983352049324922,-0.08971687713662174,-0.04194913566618488,0.02611388799672276,-0.08919124617425904,-0.022656729708295256,-0.016348975268372822,0.017490620476038523,0.05386421380089634,0.04639580005536225,0.010440368510981195,0.031586599846976676,-0.061050746878002785,0.10512179700358242,-0.03230486092296342,0.026089169493590532
HSPA9,0.010918914877668337,-0.07115462486613869,0.025824761056586883,-0.014111391149504873,-0.018361971540872154,-0.027027003409430456,0.06422412559721069,-0.02667133241344006,-0.019497704462227573,-0.04406163786504154,0.04316039732951994,-0.026979848460970558,0.043542156287767454,-0.02894835045380986,0.048992730059927,0.07093307786003031,0.008502590728536945,0.0006663661757733913,-0.017390832088560487,0.010678384931402118,0.03857942568304518,0.016403096042744144,-0.017850197303137777,0.03447144106964789,-0.012726677005539366,0.06339049516556984,-0.029212630036742876,0.04222062269023363,-0.0255973028427391,0.05545931163962115,-0.04403983647894157,0.07931429016951204,0.12500443784946214,0.0,0.17603612800714885,-0.03772414671222681,-0.06448785272824205,0.01107571810362395,0.023372723418534393,-0.0547621970963002,0.02194769177983305,0.13541179451229118,0.0071937261234963695,-0.04460210012713894,-0.020774923483639376,-0.06186138685955222,-0.058197786111343935,-0.03569775323966662,0.04247565100998629,-0.06274454043296936,0.07355322262899124,-0.0038693610960860163,0.030188565246261213,0.06088659158988769,0.012529779778948012,-0.012281914609917424,0.03401633569397353,-0.03233175381045474,0.014398650438967037,-0.12664182810739288,-0.046109263336589865,0.04313628609613733,-0.01015730457616448,-0.027487917313257695,0.05721634404954846,0.0003662249718778695,-0.03196860176706743,0.002409894559741242,0.010501429078645649,0.048536684019267765,-0.05176886932022995,0.03823323818253725,-0.04629533324277035,-0.008182541346138949,0.0418196074381083,0.13134320636678107,0.03588441122871302,0.07495716689769152,-0.013358874011834089,0.023249822604016028
IDE,0.04410552029509426,0.12215428303601891,0.07090701584227484,-0.06612196055093021,0.03392886563649353,0.02474756371723001,-0.004988010257533273,0.039532435633117896,0.008999822266241797,0.05772122778746891,0.04020605817800845,-0.07545632140859015,0.03334800292363617,0.08896219509395455,0.012374330042326057,-0.0866578799133407,-0.04680829287280638,-0.0024493581489168845,0.014608120840344832,-0.06876987745575355,-0.01917371287619866,0.019867952567360434,0.05661194368739125,0.09137447811772002,-0.03859254729778745,-0.01379420988576008,-0.007208443209863871,0.09949444303352141,0.12010394444474498,-0.012844523412298692,0.04110512339506226,-0.024653357627645523,0.1012273973594061,0.23428915879935439,0.0,0.14618593448945974,-0.009426843810845758,-0.027789339430620175,0.14997281245598854,0.09796400105882248,-0.04704037478400162,0.11975260943537056,0.04119401612084096,-0.009555742094399864,0.03918283740218729,0.06005100246027322,0.028440791689755936,-0.026613246696975075,0.050804486138119935,0.0059029086770805254,-0.15836122836336636,-0.041954569939513756,-0.04167110706547461,-0.04888467600206375,-0.10200494043639267,0.013208639354047884,-0.04069193783303326,-0.04074449429794806,-0.010323573854725512,0.04113182595633614,0.028961841738142435,-0.01041747338922667,0.0011716044047689958,-0.08560283047406417,0.007065901751032401,0.007408249207787661,-0.06975572171826099,-0.09381766324600711,0.0382731805871277,0.05984556758398711,-0.016442122389438478,-0.0157945388168007,-0.028523427786734168,0.060067734229616504,-0.0722132318890533,-0.055516566057717855,0.015229969573898619,0.04551108936408882,-0.09959020141217624,-0.033026625172471145
ITPR1,0.0020310638854433185,-0.02396661745804201,-0.08173649907556516,0.1323558948684268,0.08316109777679989,0.0568871559176312,0.06559231931658291,0.0242363026290936,0.07010182015219953,0.001159643226593812,-0.014413126112453227,0.02769392655600836,-0.018971066227027995,0.08192162173865962,-0.0021302342605340487,0.09883313045749208,0.01636793511929902,-0.03769729234356139,0.011122523276468926,0.04776957060883135,-0.03702202885345494,-0.011901670121026386,-0.08448461701261714,0.03537362319332746,-0.032611574202000754,-0.05114339674363341,0.05165119096634092,-0.054628453353138,-0.027781924795531255,-0.060490910668240715,-0.05276830040347634,-0.03388483019899938,0.06799908337065923,-0.04198718763687053,0.12225104030464982,0.0,0.07171166952589493,0.021263682406948876,-0.0015579811328566891,-0.040408058671686946,-0.012947940030084357,0.09270668662430105,0.028643495699074924,-0.03275816133557883,-0.04529102553535179,0.0011325259664842486,0.009370805607172194,0.006390630743915018,-0.006911133464777134,-0.009933625924514921,-0.025645458543445385,-0.025603986172340682,0.04632173226815164,0.0448598287220569,-0.045268665021804835,-0.02665112988412262,-0.015955294947151595,0.04192891640514756,0.005331345837322106,-0.002467417423832777,0.033739544915528955,0.07369421888814764,0.031116878062061003,-0.06907185830588342,0.019113057172825052,0.05856475983618455,0.09957536807195265,0.03937077024268228,-0.039601895249154175,0.07531028832662685,0.09770238913371908,0.003027014599395854,-0.014270229998896829,-0.006477931171448501,0.023943129113510972,-0.008056364488939522,-0.00919815963160547,0.0025554780971779514,0.044058107019826216,0.0696956144457258
ITPR2,0.0342981968495029,0.017286547345987217,0.11005565967294831,-0.04165359808038131,-0.058211008093981914,-0.03268345260602531,0.03676806277498584,0.05603838598609936,-0.06109211956808189,0.016562250837830386,-0.0453130319037732,-0.051930207107137846,-0.006588249757652153,-0.013827020581009632,0.055102694876350194,0.049316520272732374,0.03715069533850334,-0.06116185041455911,0.06163520038610526,0.059671334055793834,0.04422083354838779,0.0705372820870961,-0.056642308128851244,-0.001671015094869216,0.02853289251045838,-0.031019625875133405,0.01728548010381334,-0.026356154063206957,-0.03975882386517223,-0.03174958131222261,-0.05356782274873053,0.0395673960827771,-0.029669773782977204,-0.061553490806927735,-0.006760684934692654,0.06149888528963229,0.0,-0.003978859927887539,-0.01569883403605785,0.022142647823211358,0.09460099961764223,-0.06141017920002494,0.0594368562888108,0.01294075843767616,-0.05697537738767772,0.008483904387690831,0.0013022586403931562,-0.0330329547476867,0.01548323473066318,0.018801749267654686,-0.08110610522295367,0.023192396330257426,-0.00959322103084633,-0.08200371902882297,-0.029239693427881613,0.02490210103726293,0.021835173476089455,0.031374285156611066,-0.017367157079657167,0.004005862535702299,-0.008680018655415598,0.027784431144689474,0.001332305122268361,-0.0400204897842262,0.012372127842453777,-0.008975861459810613,0.0173920357385399,-0.029523418507601866,0.005800291237371877,0.03252609166319111,-0.06559009609739366,0.07075173356396389,0.03873443680470473,-0.00992904019739993,-0.02583407649253055,-0.031609767715792984,-0.011788627431603978,0.029593162297453714,-0.022491897968620216,0.056356721706221476
LRP1,0.07090670972730444,-0.0434184450061641,-0.022664968946067187,0.0071934877354780736,0.08039265894750788,0.052713826725813005,0.002378984370256978,-0.00341571927934268,0.012029696521114028,-0.041061747709992574,-0.10294438590866649,0.024580755945110975,0.04536071243523105,-0.027579136209611405,0.06643614779462509,-0.007698705408042614,0.0351780990929903,-0.11284861500287717,-0.0025091163393072343,0.01564409635218168,-0.08447543809545585,0.05005455783531068,0.07552824433346103,0.03419756856960218,0.043748275684832506,-0.016063859784909398,0.0350849120358567,-0.0012100305418989855,0.01848362654155775,0.11616654213550402,-0.06043254420566526,0.0384027368806116,-0.014685557528585079,0.009985497362621503,-0.01882459517951772,0.017224194616665276,-0.0037582155649916664,0.0,-0.017040830235334353,-0.008274952473618214,-0.03377376166975135,0.06393620878701398,-0.015312519754403934,-0.02754755676961499,-0.06549096894263502,-0.045404780141206094,-0.007036656342133814,0.006856490543425124,0.021409049550325684,0.0020666402515514153,0.07444220917738865,0.05682268980666717,0.01976537518089276,-0.0450334901246245,0.0008364312488948824,-0.0644657664467897,-0.0056017858455335735,0.04748459289379662,-0.012785864753832227,-0.009443974411077334,0.0016291537164335678,-0.003546856912550055,0.03577380158143768,0.024529857732440947,-0.0074138534687752415,-0.028508427470305634,0.0073969323291230155,0.0018563890322763456,0.16246231321997834,0.005524054891590806,-0.009978989558075718,0.013408658657788518,0.04304802561815279,0.06180668879391906,-0.003599831017647447,0.02619475727014593,0.04303001985947236,0.01094519515664337,0.07494928984684567,-0.06375542257971828
MAP2K3,0.07844850366818439,-0.08386682029499533,0.09844191152494226,-0.07634552357906478,-0.00437649799666219,-0.020078868219753486,0.023396200217997442,-0.02917714120034541,-0.003591145831744634,0.00592300415579506,-0.12091247722883036,-0.013997776532027204,0.09408083724574573,-0.1303872442509409,0.008041364727220866,-0.051848819810021894,0.08206775017084053,-0.00279491369765852,0.07825246517128688,-0.011088041971729818,-0.03476082325009249,0.030241017175380396,-0.024057498249845505,0.039993673808553815,0.07121960763988588,-0.013464884802329106,-0.04599409132853658,-0.005615022252776983,0.05802412222140662,0.051747718621134746,0.02359490523343944,-0.05960121066041831,0.006240344586406537,0.03421170749274777,0.16494060403269575,-0.002048944824915463,-0.024074543307098722,-0.027666764450866754,0.0,0.04576085263756581,0.06642784033142303,-0.04034510155890153,0.04720514403675775,-0.0713337825640317,-0.1208736162117344,-0.020820674993111535,0.02406988064297325,0.05701014962813074,-0.045518310213814965,0.01419553576308561,-0.049846665704090354,0.1383427263196678,-0.028853057428215863,0.008450589626809973,0.021849699455344627,-0.002091460594055986,-0.04387461951045833,0.00938000303452936,-0.05198500151083946,-0.015018280936947613,0.040128241220840105,0.056409823979247216,-0.04213955869004239,-0.00546719531335286,-0.06517655297602531,0.021047418155472838,-0.04424083099369941,0.032568220227599504,-0.10762442729304529,0.047997333089973705,-0.032018619291159664,0.07421389078339435,-0.005631678167644265,0.026355323050634975,-0.009118227650493353,-0.007865831209107901,0.03776863227985145,0.01782975563141479,0.01855071758541228,0.0258879556498716
MAPK14,-0.058531037977643204,-0.04021136047446254,0.10175959784160116,-0.050892122577548646,-0.0054906567099864655,-0.012042092051658588,0.10639302724931633,-0.020504924571798425,0.02801705805255533,0.026311139224559386,-0.089044244402356,0.0891411931656102,-0.1462132819064473,0.07226538942590201,-0.09491793879167215,-0.03063872915294003,0.09723319396680417,0.008275250136089261,-0.008022907824016852,0.035228842414233914,-0.06103186515308347,0.0640481497607855,0.03232281482609271,-0.01595269250201127,-0.03892664506834579,0.0013398175472396246,0.14458962979564502,0.0856745684816397,-0.0030567128378612522,-0.0003664852325146951,-0.0646121520950585,0.056465926265903486,0.03641552391313562,-0.06802112102694595,0.091427964256456,-0.04509553529009038,0.028814938867364085,-0.011400676474898763,0.03883216448679577,0.0,0.044153939589647626,-0.08473196832778121,0.09710441596519537,0.04356394531981698,0.014808304606191841,-0.049919443609363255,0.1016731658129524,-0.029585586647416492,-0.012541112223778175,-0.037913434150679576,-0.0023050369552336464,-0.0435289014324772,0.07422978051325911,-0.00828952028565365,-0.020751350915533838,-0.011104051573972972,0.04214161141936981,0.04323614552174686,0.011194058151696367,0.0654060803620285,-0.02400604823403064,0.018269853187070292,0.009511934944013528,0.011420127735953363,-0.04948330838257735,0.03586589040300722,0.04674598801240295,-0.04451150070126359,-0.0467552908422478,0.03089398730202256,0.07105094304422194,0.01159069507042263,0.05279901151505011,-0.007385566965972856,-0.052276152267130165,-0.0033556857781202884,0.04751027130307935,-0.008406667278118706,-0.04304551938799443,-0.030163394377863244
MAPKAPK2,-0.0284563109417872,-0.022987347535771356,0.12935375099093666,0.028831577216018152,-0.010338014724815516,-0.03492396674117476,-0.08464239257819284,-0.0313680992585156,-0.01936877049533839,-0.06684844004579099,0.023293220345833192,-0.09769880528834374,-0.12207364178086222,0.005601347005699142,-0.09715093480116023,0.03400395650162389,0.04815736628204528,-0.010583038455704784,-0.03337482619311004,-0.12603471927728127,-0.0517910938832279,0.1230074359464199,-0.06640653280901646,0.006525554396770328,-0.11678793738473514,0.10330316442225602,0.05096146487696836,-0.008290939027110714,0.12668116091645004,0.09720500952925494,-0.10408781648650743,-0.0031928818262171965,-0.03232986390750921,0.027920092865975795,-0.044962287009252956,-0.014798964363505376,0.12608080125122342,-0.0476551271481196,0.05773148232368559,0.04522041502644197,0.0,0.09020007187444759,-0.05700956385835427,0.009855491340830363,0.05264853429038225,0.03575171655761283,0.030175703644864073,0.049329021190309526,-0.010597652215463894,-0.021162993981648892,0.042190152391729095,-0.039118757383402106,-0.09335694837634267,0.00822366059553998,-0.040621185193727025,-0.05174440871176495,0.08492194123652815,-0.01811940026904335,0.12678091927447027,0.030923309668124673,0.06469415726912363,0.020121469701555712,0.051456902554166926,0.10972747589623236,-0.02330168945763886,0.06437880598096321,-0.05050879354759733,0.10250470798815543,0.05983936992677792,-0.034070136092354396,-0.03078765293539231,0.05353603222019565,0.021564070282528505,-0.03773622917601449,0.05966305644140038,-0.005521609513043942,-0.007952415618859005,0.02309515476564763,-0.03656733043466747,0.031227063287485844
MFN2,0.014697132140381104,-0.05102477378260349,0.021815593741645566,-0.02168026665709489,0.08212563391973643,0.04227216746931332,0.007638029865634848,-0.02393266036303978,-0.06648931309704219,0.02511522175284839,-0.002824409675473712,-0.0038785786176341883,0.0077965072342821885,0.02331630469202312,-0.0006535623050333552,0.1180122178786989,0.010486301467007115,-0.05302151027505443,-0.0587303932853374,0.0013823854165727829,-0.016359590396337362,0.009815811548681181,0.015330384479718876,-0.02583473782758242,-0.0035250279878661864,-0.02947834306491841,-0.03949495315187064,-0.030401636623756244,0.009123406610444387,0.007733961875883796,0.06937283496450157,0.06208618660581261,0.004053832230541568,0.11827535870769089,0.07859092137559368,0.07275309594766487,-0.05619573732406786,0.06194223237739156,-0.024074826338165607,-0.05958297096258423,0.06193222145742107,0.0,0.022999079130295495,0.0025899226805433328,-0.05086168198597981,-0.011180461567020208,-0.011620332511648278,-0.011124566682200184,-0.02626059849476647,0.0012677778722235862,0.004728298581803234,0.034486104656104855,0.0402694253219001,-0.007877282833967667,0.03525621548619789,0.030130536340944144,0.02222585966006745,-0.06373523491095028,0.06650708455087834,-0.034083331397508666,0.022741940680497914,0.03340200377486058,0.07633198655292513,-0.05417927295540295,0.06940824052650062,0.015654773465397922,-0.03918191342436257,-0.052198381374991665,0.10490623800050818,-0.02878137196528326,0.03325960017230323,-0.058609515082446606,0.02237934894110512,0.0009140320316729345,-0.028579083494720863,0.06903111348164644,-0.028888243622060997,-0.056790001218269326,0.006436040499357657,0.043428313801175275
MIA3,0.03892315488764976,-0.07894504213589482,0.004202938596102468,-0.0648700849681211,-0.07985761677861927,-0.021506507057252627,0.020080487930874337,-0.05881737041090863,0.05793002721753292,0.059195319163798735,0.022601397146285247,0.025036379695706518,-0.13252626933393055,-0.06649301958051988,0.01409796446706461,-0.06301736675264707,-0.030835287421199807,-0.09744592606361899,0.0373264541990091,0.0378271438365261,0.001169271488604905,0.11099912622078935,-0.007594371911977555,0.0031984677835220623,0.004462383620329887,0.06116913941412043,-0.06103983707969772,-0.01640632705635227,0.0961717704176589,-0.0012512818433128893,0.00116030225403598,-0.007453329441706773,0.1802113457960573,0.0076007075980699165,0.0327027199211891,0.02719122565409297,0.06579322661247422,-0.017945227985761578,0.034074070895816905,0.08259926547667286,-0.04734998421006592,0.027821003634850947,0.0,-0.04643440620062913,0.16779706099306108,0.009312792996222992,-0.058591830026424006,0.028384001283033103,0.08836111907314104,0.017243245415648326,-0.06646642721048876,0.04869149650377104,-0.050667391401399656,-0.03014560013376041,-0.02113236512972755,-0.004726587287659712,-0.01244820726513253,0.035747458462292055,0.05945128205329222,0.061120814342376005,-0.055609269672148874,0.09108987664556739,0.026548787074626753,0.04539255706516783,0.018206654558463674,-0.006305111250692802,0.025437691270370655,-0.04977616171821249,0.059008056111555456,0.01375745148295501,0.004365159192670614,-0.014534258584513574,0.013237726251178198,0.0035762127842505326,-0.004478245614187731,0.07490201547271406,0.061885223508268326,0.07929142696137975,0.030014682053034234,0.031586249523903494
NCSTN,0.12405762886930524,0.06900263907963214,0.031160800425408905,-0.01925237036719868,-0.06615757469473788,-0.11854685374715122,0.1069203523186006,-0.08981488459880892,0.0017984136457266445,-0.02093361429697322,0.08655115548459084,-0.037788624057080125,0.05462461795776574,-0.0062229275983849384,-0.010344092049655458,-0.0675980060847647,0.03558321060686022,-0.014688483553081862,-0.03429780813403822,0.010916149319468087,-0.03981324958896484,-0.02955828428619723,0.050585525782581325,-0.06467338563962514,0.11685355231486091,0.1324307306025731,0.14740040366931279,-0.05223600526191294,0.15025747204184173,-0.032200251882568046,0.01076101489427606,0.08370173510207844,-0.01586560963456611,-0.0767863877463861,-0.012360697082698007,-0.05067002120606797,0.023340700636041233,-0.05260344758496622,-0.08389938021705107,0.06038001442884824,0.013337646542532715,0.005104790786930318,-0.07566041160882292,0.0,0.0545901570151184,0.03699102241002527,-0.1230161791402705,-0.08294370940723551,0.039863615538973524,0.04358006693268837,0.0002247716588914708,-0.004107165770911995,-0.04117263256112175,-0.05355985885079396,0.09202562554448321,-0.0005324916609658866,-0.10743512731232491,-0.04687151925046923,-0.04092449440783746,-0.02886195298320051,-0.04880639265103759,-0.03221657176475069,0.1728971729335909,-0.0033521569667979223,-0.03995222394758509,0.09792534394352545,-0.045073669952748106,-0.022778619717166167,-0.00926639530857883,0.09102714874984016,0.004421531213312688,0.062607046467646,-0.03706661405078384,-0.005995296751382997,0.07167845925008033,0.17903426081871415,0.05536497067495413,-0.0803465998943278,0.007092318078058573,0.1434699583846653
OSBP,-0.06041705373875304,0.015549419239700438,-0.13079455439819734,0.05663681424762433,0.022255809884314186,0.056163048772733315,-0.002882691490557675,0.06773860486556425,1.8485503005500892e-05,0.05514247976777654,0.029765634366647906,0.006603540825379633,-0.025111498068653777,-0.04289482819147297,-0.002422484114941629,0.01584055753177048,0.11532776279511352,0.0670007723080521,0.005436356484235094,-0.023929833288783398,0.032226163920254236,-0.07095633589321389,0.008441249481498452,-0.006396304294535235,-0.022248628020375846,0.11172715281570318,0.10067265436188823,-0.09446981738438313,0.058968820805976464,-0.028117373616618195,-0.00947901901996922,0.03667063783736736,-0.005725447139502152,-0.023649845209320258,0.03351462513194636,-0.04632374513749827,-0.06795185375181241,-0.08269371023151445,-0.09400586599902859,0.013571607399624465,0.04711369313648419,-0.06628905188182078,0.1807894541809805,0.03609726384437131,0.0,-0.0076260605688212735,0.06086641744975259,-0.048597381566680295,0.064794058306995,0.06886503729778391,0.06496503060635138,0.08737227104223014,0.04303788110578199,0.09311057299703512,0.017961269703584547,0.04037498029857894,0.05584736370422535,-0.060201760179558354,0.05825193514220111,0.013863011429891192,-0.016062908392371136,-0.03490279270852808,0.030081933972317586,0.05759989661742097,0.016149115399935365,-0.017207998865420425,0.11373007423492337,0.08347498631031895,-0.025767164173688385,0.010179318783410699,-0.0408392368374234,-0.03850237118023051,0.049133715076074995,0.005626595321165424,0.07296515914057314,-0.009565658680078292,0.011798168089855066,0.18759440522310383,0.00947080010916913,0.016412633824307726
PICALM,-0.06211676578780082,0.09178431007640933,-0.01994044731009237,0.00610565507686356,-0.03225761606610893,-0.013825026450551559,0.012580745660605902,0.08677806866583562,0.07112712530677655,-0.006700129380250336,0.021997509065238376,0.07198663594360026,-0.043342757004252615,0.017236877988126422,-0.007613409800435591,-0.07588448668855699,0.01832524894193493,0.09955598987802868,0.042874431490302276,0.014020676069133632,-0.03523339717926505,0.06195660783085099,0.06676615225526039,0.11602152541904225,-0.003204295980900572,0.05622412012633943,-0.04340161724489984,0.010298380033712298,0.04743460787905093,0.05567817457648883,-0.0443418601705569,0.056337254417461624,-0.07642258750414425,-0.0686427562207359,0.05006623545182892,0.001129083000887215,0.009862705278125954,-0.0558828865348111,-0.015783540753293312,-0.04459455929748009,0.03118487115141045,-0.01420355358428153,0.00978036099693401,0.02384198811532973,-0.007433381832788221,0.0,0.00856640645430689,0.0288832911604746,-0.020616799149841273,-0.09086921157810754,-0.0020261711614729385,0.05202121642538986,-0.06074068674442935,0.054696314355682146,0.09742431868171486,0.03375306562437621,-0.005130851310862266,-0.013771204208292028,0.05698739596798982,-0.013275682737320533,0.005177029053134478,-0.01633910227163266,0.0024557360408347605,0.016591144394794297,0.08505646146981363,-0.10842380063095473,0.03387225045578441,0.05573660727986515,0.041151850294491296,0.038680896589003755,0.02939463756941915,-0.043753006308691465,-0.05189078108680937,-0.011638103022693795,0.029621982580693113,-0.0026189744591438536,-0.06065341323632541,-0.10765237977382626,-0.014218617518772292,-0.02053797883644283
PLCG2,0.11100771929140768,0.04129875750931574,0.0682133353927323,0.029973378724981906,-0.00014325133909528747,-0.022227873860372324,0.056959440312794304,0.03617259249855202,-0.02256929721312008,-0.004991046786450316,-0.08328109031066175,-0.09668917490221027,0.016768069415017267,0.01750325417608764,-0.018720976273493773,0.000209775702299077,-0.06425469378547681,-0.058265345325360214,-0.008565997217882992,-0.07937085823873902,0.0030608928790239677,-0.02030646780549942,0.0746676503307134,-0.002057988463355691,0.02851724639342371,0.020571520804060377,0.04448305086104301,-0.1438347967775427,0.024574945563948996,0.0994830895579396,0.001798222629982687,0.017721470353455244,-0.023019274501311172,-0.06924376635630017,0.02542526651918995,0.010017371640713616,0.0016232921730173603,-0.009286300903177915,0.019565129401734622,0.0973907350417158,0.028223028754464915,-0.015829055189225984,-0.06597982436026177,-0.08501734195405794,0.06361552107309795,0.009185394928211908,0.0,0.06759603705579766,-0.011453367535422988,-0.039898673797510074,-0.04598324707866506,0.029822580689253152,0.048811808053524565,0.07387699973780285,0.02930648267397005,0.04129991653799499,0.0177187856336397,0.06328963121011956,-0.04764789574565636,0.024872332123936802,-0.027461844526497366,0.01849228291134948,-0.0306417508907774,0.012718176629696026,0.006094526111552748,0.02851506921722089,-0.11126613030678031,0.04491895833602715,-0.036142150761435725,-0.05227042631724305,-0.020710793899868463,0.20388348039621326,0.06072954418046627,-0.022381046409301174,0.06962401388221225,0.05163350936755166,0.013513946516123842,0.03048620369463496,0.03219686018662079,0.015241345027507314
PLG,0.005680229115867723,0.029114188944785607,-0.004142809027015554,-0.06925385449372132,-0.03566292713975554,-0.01065978707652622,-0.020519555489304446,-0.02286378584651336,-0.039432422386083056,0.029196236478802616,0.0503535138614611,-0.0028323973595539673,0.08391840997200793,0.013326403328141181,0.1415269386791044,0.011053723026739369,0.047066025801581764,-0.058783166579429294,0.06251404619547785,0.10198225354408356,0.04902062472979959,-0.0335291318427409,-0.016340061477262288,0.04681310549873388,0.0551536537962023,-0.0061792618312735414,0.03127004910987336,-0.028275312719680888,0.05507770632958071,-0.06017890605703872,-0.005469459234407245,-0.01758389230884224,0.08879323695466092,-0.05200107482831266,-0.0291285530229555,0.008364072733749785,-0.05041317945204722,0.011078360946101793,0.056735931251761004,-0.03469674236465663,0.05648666432436668,-0.018553111747608295,0.03913316094581805,-0.07018203580109592,-0.06218640307746646,0.037917793234882945,0.08275961359520179,0.0,-0.08060076861809302,0.043272300227006184,-0.01097380893077384,-0.027821128916235154,-0.007680939812144751,-0.030464481011462548,-0.01587867928471741,-0.019378786874981367,-0.14906923694748248,0.010780845950197413,0.016701232814317103,-0.05698474060784915,-0.018432395258029054,-0.08217948698746175,0.0006474643594466293,0.0563574608077978,-0.15977332457440277,-0.09915516402375375,-0.07279549908758647,-0.07346912170228609,0.006041150024061357,-0.08608008786083553,0.07130777943649937,-0.09314982118513092,-0.03550291225901783,-0.04645516456754849,0.093136936229978,-0.08260164462456776,0.10368512809264148,0.05639495984120396,-0.03163958596547624,-0.021555411001959585
PREB,0.04391015404019635,-0.011330936211853564,0.002513677390937615,-0.09156875510492735,0.010756590926091035,-0.03451277561855344,0.05329036974780273,-0.0774044905896794,-0.0070858990736391275,-0.040178052258535935,-0.017094047489412185,0.06933388521054597,0.08769453298486626,0.00168991153936216,0.019956294588616173,-0.05160440645722626,-0.0162246326470843,0.01552245915826945,0.12389410554574999,0.07431069661167336,0.14858106224421969,-0.08836744796635658,0.0930215457784803,0.0468661978827047,-0.06791519425512459,0.10376678235446628,-0.002090371921546404,0.07599731143653252,0.03741442046027323,0.004600446795380752,0.020205157623456718,-0.07533117574920466,0.01611564215869617,0.056711473329414654,0.05096623633301434,-0.008290539741448472,0.02165797324673043,0.03170519772459382,-0.04151944955550677,-0.013480438496651329,-0.011122759413736328,-0.04014188159780891,0.11165854590431623,0.03091566855742017,0.07599363156328519,-0.024807160983223386,-0.012852566670102851,-0.07387519366786983,0.0,-0.05630510752043955,-0.06757632460140695,0.08085517290278783,0.05823857799888259,0.06931614490999048,0.0035870532820807743,0.062508914054789,0.0055930658684738305,0.09755592351141083,0.05296432547040742,-0.09965171177658781,0.04471780475917531,0.02263290884899878,-0.13020491075845586,0.030487413002250722,0.04174045185367425,0.03408903328288727,-0.04951249854817106,-0.08359157498412377,-0.00838360135384737,0.045259461010797496,0.14081372064926126,-0.05356001914531795,0.06088913571459424,-0.044304112532608055,-0.03929269827003708,0.0840773089986028,-0.046911777670644146,0.04890095166107244,0.08473850277569137,-0.029265860507554402
PSEN1,0.05653029786105679,-0.03075031052417846,0.09493123198702899,0.11663320800729828,0.010309532588359208,0.004992392484276519,-0.0021238416188719272,-0.039430360980645236,0.026405424114793567,0.10911571413874396,0.007189621656967367,0.08468274041768134,0.0031867183970667543,0.0405695498687288,-0.17587692497629062,-0.00036298386958932957,-0.09087243308168311,0.0856953244215385,-0.010346347750418504,-0.05476115593430854,0.02631018692000881,-0.07142096539880853,-0.16988130054753692,0.08232031962611955,-0.006492163801950218,0.00825575812143023,-0.06489233226900659,0.07948639459905688,0.03449237460853248,0.06600217756997416,0.0709286290015565,0.1413016451379122,0.00282162202082529,-0.12827108231635523,0.009067101874423385,-0.018245814588082474,0.04026950600955517,0.004686189997195406,0.019826185915621575,-0.06239977439306713,-0.03400963093370343,0.002967277773537505,0.033363507372822954,0.051750169923406475,0.12366953672103549,-0.16741505702988788,-0.06855467220276172,0.06072833315866703,-0.08621239744882747,0.0,0.09986032225573181,-0.019210526717899284,0.05097359440309821,-0.15759886570685933,0.028922470255123015,-0.18796919967271905,0.12484122274816989,0.10262883236758406,-0.01162618107696983,0.0686920929970725,0.16828543569699614,-0.03537428579679283,-0.12468788767683658,-0.07878760187855338,0.003340072770590141,0.04994764413859321,-0.14423321732567596,0.12899184012652318,0.056623071686589796,-0.02731177451093352,-0.01378288601196728,0.06406813554148866,-0.08761695715858538,0.05487239214948372,-0.06381828285488815,0.14848238211527312,-0.03899165308370984,-0.14593445848337208,-0.023802170717958336,-0.07641436651358985
RAB1A,-0.016393565574774824,-0.05304669858794213,-0.022985898466427988,0.03810554842541829,0.054520736063497534,0.07872562613912505,-0.03541733583693353,0.005615221034853655,-0.03723550396139212,0.028262337176991875,-0.025565245965809225,-0.04628184837456337,0.062425285137293895,-0.01397112694624113,-0.023187424117678254,0.09636419669676596,-0.03322632644914222,0.04208066042856876,0.06841723965568942,-0.00806803381716743,0.009633148191739598,0.021879733242637957,0.055770132072317735,-0.04151980713073705,-0.03723401631066413,0.0655638600703695,0.07392257709794825,-0.01771975850875673,0.07334940987713987,-0.01620719591744664,0.04912647382227931,0.07072057441501126,0.09737629639354,0.06427005410471734,-0.10396937571746817,-0.020133536575641278,-0.07424816684236983,0.07214868257658015,-0.029756211912325695,-0.0016215185880935593,0.02897944395967513,0.004730140852376549,-0.05496790295796526,0.00011408264496568575,0.04986521980670542,-0.0015955412200488182,-0.03377010237892724,-0.0065825310619480075,-0.04422528507966396,0.0426822304917447,0.0,0.16117724756407684,-0.0062228864420641175,0.027246135774858966,0.10296431674285324,-0.06264430403397943,-0.016254248785390293,0.009386362623550488,0.024110432211096447,-0.09188268394326168,-0.05280877370817801,0.02889380168465054,0.029017829943707316,0.04037479253943769,-0.006306238497189334,-0.012550262491002873,0.07650726198599221,0.06523450284908101,-0.05281376667477659,0.03819305124065404,-0.049920987999216584,0.0039943964501227575,-0.07214436022560405,-0.032750353335425954,0.025952820694715193,0.07551913810477746,-0.03573006218300625,0.134416632362644,0.09784761928561164,0.028384910454531842
RAB1B,-0.006986363574098866,0.04479680345787802,0.061496202373593094,-0.030418951766449202,0.052241303888972156,0.04574273600662345,0.08579521445199714,0.019479788673031538,0.014460386266904813,-0.009609993433410829,-0.06495655768567407,-0.06012553398187379,0.00372098110933213,0.05986994054240402,-0.03863933160807716,0.09223334215286044,0.019750762617719093,0.03169673662057237,0.08168841575490075,-0.06671403800108572,0.053344167124312454,0.07904894722616619,0.0030875410947324607,-0.14331929487628775,-0.04063807530187774,0.035616109442065814,0.08862479201347644,0.08356190236268209,-0.013514806950325338,0.03264892393966249,0.04272286248345787,-0.03795437809508905,-0.0123721711954845,-0.004679998651537959,-0.038127238863020246,-0.02782381585397,0.029388493220400925,0.0762307947401747,0.11431345917516368,-0.042385884737305264,-0.03719319714584658,0.04775433796103642,0.05573903733934835,-0.002885491303849389,0.09283061375339977,0.05670376669919599,0.030316389014226727,-0.023099882917525585,0.07324591203023231,-0.011365614544646794,0.223101886255881,0.0,0.08783843676211672,0.08531562098659908,0.15040179364459608,-0.010303797200964148,-0.12682729398577267,-0.06819594509603087,0.043118099705707354,-0.01141464692576149,0.034302953165632866,0.01731717899960896,0.0174162547653942,-0.04031974447849795,-0.04410515405660595,-0.024331753403041046,0.06690679250996663,-0.08598151340195477,-0.008827984308605543,0.06948040711471147,-0.0032768052578028826,0.01642490791597556,0.012131173753739755,0.04527483121911765,-0.07376796991046174,-0.020077695226324733,-0.027903753142389996,0.15776602744386048,-0.03679698419316157,-0.04747243405345023
RTN3,-0.01613466642214733,0.07743062364808988,0.016342766558129027,0.014225660854381955,0.08316382947119341,0.08121874617602436,0.23450642064084448,-0.005684229856539926,0.01980248946181826,0.025134856462078428,0.01741088400907774,0.0273152083057638,0.012140008167510275,-0.12871720968232678,-0.01794404163840396,0.010474944724828947,0.03193727171796886,0.015557940737211746,-0.00972467787555548,0.04136919998061267,-0.02368854638965266,-0.15259175257978239,0.00401767676173364,-0.007437187637219319,-0.0023194533047108,0.024458956452966377,-0.021994727956432116,-0.002049562197758155,0.06682675676082468,0.013395578284886578,0.028701943767889537,-0.03462370942233827,0.09456477898348525,0.031303914532809625,-0.03246690041651596,0.04315624077800194,-0.010421874899456616,0.02273334960977074,-0.020440079750352592,0.06196856387049964,-0.0760982759003994,0.04780725715783298,-0.04972612250406415,-0.02479909791329234,0.03920289937972877,-0.056762408208000895,0.04254091753550725,-0.005467629788492992,0.045230985693653365,0.025855242684265884,-0.007384840027218399,0.0753068196845892,0.0,0.12742847194067408,0.020704080715233948,0.031846095801650535,-0.018497519649989726,0.03016140575258815,-0.13123005905492605,0.013979167712642127,-0.023167582023955895,0.03935870241898842,0.0776540115048757,0.06618912678988569,0.07088890743195823,-0.018410775222175855,0.09973778676898394,-0.05497318697824166,-0.02966293641514184,0.023493274316520856,-0.026481131989544018,0.017341077484703354,0.040294289686434136,0.029583492626095272,-0.1145078154571801,0.014549815863850082,-0.034181610010809875,0.002408008258244262,-0.059826963376227074,-0.05602574645414993
RTN4,-0.0509939091650302,-0.005219567338031213,-0.07874013580226473,-0.044230723985630466,0.016161675266848995,0.0627643509190195,0.11253703824607025,-0.057031077427495504,-0.08025405410311613,0.013628448587286162,0.009443243231634972,-0.09198832919219953,0.03904908157393282,0.04230253408728729,-0.08880402090291208,-0.0662353916854843,-0.13081063611940258,0.029578129948847932,-0.09013243421081167,-0.1143098855017969,0.1035168856453615,-0.12212010710182565,0.03766350677793607,0.06275128599403249,0.0667080768920023,0.10866195958108829,-0.03569325931454429,-0.03979139765553087,-0.03249686242396641,-0.06743266760062415,-0.05902364639225982,0.03204120877309189,0.04955038754345639,0.07162109143505774,-0.04320575786316508,0.04741104438613819,-0.10105971044522186,-0.05875665595219566,0.006791111387062061,-0.007850290885812787,0.007604251006616263,-0.0106085964845343,-0.033561632700138656,-0.036595675366848816,0.09621203519355206,0.05798321251850313,0.0730389133656094,-0.024600368840805797,0.06106927814858907,-0.0906816769366446,0.03667897817403397,0.08297387274494303,0.14455381939005332,0.0,0.041974289942339156,-0.07530107956509528,-0.015581229704179885,0.0668290739940486,-0.05023617694167711,0.08553785173899471,0.023184377090630336,-0.07850107006735492,0.006693632157188631,0.07271590142144586,0.01052956600740291,0.006854146153742744,0.019070953609124582,-0.016426635231630297,0.07844534590560064,0.08273687755951412,0.048711719766215494,-0.05860220828274503,-0.04204169537328268,-0.01263557708451071,0.012998569864762218,0.003514203671182047,-0.060386811877207076,0.0823579324492294,-0.08007931663217562,-0.0011867272852800527
SAR1A,-0.03805600021730383,-0.00768463806069364,0.05530818368775884,0.05372153336155852,0.05791535945048471,-0.01783121707073482,-0.0396986786611837,-0.01732779807499142,0.02823691447482957,-0.014170947805696393,-0.0787274776450972,0.0004045262799555255,0.07413223716181153,-0.03256246747737424,-0.09548143104458849,0.03302968121057729,-0.0077536438847126,-0.020876178715805806,-0.035521224852229305,-0.036270441425487354,-0.053779152621018816,0.05075300300913036,-0.07308149223131541,0.02273118395320214,-0.007427983176428495,-0.024143948952612695,-0.0232192609816525,0.16553988414550147,0.010053835728673088,-0.04849300319020017,0.011736900839780929,-0.050745542163151205,0.03916857983743557,0.015532922849396112,-0.09501246119904108,-0.050420839659109484,-0.03797587513603732,0.0011501174403423383,0.01850502961353479,-0.02071062478841158,-0.03958533565912591,0.05003888901559295,-0.024794635442930764,0.06626582299846205,0.01955950734064235,0.10884339086648111,0.030535091592789297,-0.013513028321843142,0.0033305556039355216,0.01753849461520877,0.14607958589072073,0.15415453145467675,0.02475195593285545,0.044235794661199514,0.0,0.13718936304540955,0.06915090038011189,0.038847776460591156,-0.04172616876358184,0.07834550158182418,0.04019682543566397,0.05220228613132709,0.051611600424868495,-0.023432961093580527,0.015900299292444568,0.0783246614575788,0.051718863047876144,-0.04479212123686031,-0.03588774661579401,0.053535343370448414,0.08217910513177852,0.07320308188729223,0.06331731145033136,0.15329442372053584,-0.03290624740995088,0.029979220691155297,-0.051787077391087843,-0.056304612113185167,0.07279374245444929,0.0032821952539068256
SAR1B,-0.003302945208632415,0.00048289104299562615,0.058881122478622275,0.0384764410866885,-0.011202499222220918,-0.03373284801059022,-0.04832571926044011,0.024836858643781483,-0.010374289382284806,0.19268894187242128,-0.0401005287140216,0.008925031689167006,0.049204571973906305,-0.009257462885525581,0.05336307434882947,0.005739849869686263,-0.004877602003733857,0.0760431386268482,0.031016201290075852,-0.0281494252194036,0.04726901878341138,-0.021355898843805905,-0.04092761343615542,0.008179306648039349,0.03718295587665273,-0.010775322504367362,-0.07698189760478205,0.08450819120951976,-0.022476896934686918,-0.17191133644292447,0.002443335059263575,0.042469076039190826,0.0419689401253677,-0.013419686846258301,0.010843862566944053,-0.026163423614700556,0.028506081833610933,-0.07812816977948792,-0.0015612072660405897,-0.009767757230908839,-0.044443855878325875,0.0376916708570762,-0.004887917471724045,-0.000337956022038605,0.03875250327484954,0.033236437751746395,0.03792724208000912,-0.014535549592300282,0.05115491598800422,-0.10046393475871211,-0.0783341141502202,-0.009308230797530414,0.0335564746695904,-0.0699452519041001,0.12091689888722222,0.0,0.058766585443589564,-0.06443484598629508,-0.07969988943828687,0.0822476698969732,0.04383463601197045,0.03281412670361003,-0.030174185439118595,-0.0541227463558217,-0.07619603982583104,0.04213140478249387,-0.045801518388529146,0.08033821661982135,0.007464517870285912,0.05174020352875463,-0.08884395295969433,-0.06699458335317159,-0.02207897003501842,0.10196979690916308,-0.1354872316796718,-0.07619240703487001,0.11956802726221497,-0.03752240217286302,-0.035951448028379136,0.04571815047878517
SEC13,0.018795709381125524,0.040808448370372605,-0.012465025034204392,0.0472428460268784,-0.005439090785811272,0.00540628640974553,-0.05784522718840157,0.01575300304351881,-0.01582359928307374,0.007877969023930696,-0.0014240540191549746,-0.07089081316053587,-0.02408681151839981,0.07889272083942915,0.03814942809402436,0.014854053145790587,0.022321118838881514,-0.018844464978218286,0.004461720139650471,0.047986186246881966,0.04476923604193289,0.09151964820709248,-0.014698126553501995,0.014875211220174761,0.038202716801222336,0.00016743624535246263,0.036346251258919056,0.16342363023570597,0.01960011519213555,0.015625329590602373,0.0847003892305599,-0.05828524565226076,0.0865680613174737,0.037731887912590883,-0.03391399826833076,-0.015901148119354152,0.025374814865239324,-0.006892070339077496,-0.033248261356377526,0.03763303323798446,0.07404792860316234,0.02822550977156807,-0.01306855866675902,-0.06922108150831531,0.054417027390015776,-0.005129031600466687,0.016518885489982607,-0.11351090811687334,0.004646650998066221,0.06773703833189473,-0.020633882331630677,-0.11631273450964216,-0.01978692593414648,-0.014692762724561657,0.061874129072450844,0.05965888829834751,0.0,0.05247794158319266,0.05315669892372666,-0.04987047536941541,-0.02772918486879195,0.01945377032867026,0.06898525198041255,0.047029226316723204,0.19175394397408957,-0.04127342868291008,-0.027598160626310125,0.03701335800336854,-0.001138961365288838,-0.046638076313795504,0.09152869757471561,-0.012813268300007292,-0.044401697673242514,0.006752126762006145,0.01632268867486949,-0.1229955604704567,-0.010007636540127155,-0.14421357751204145,0.164060483863334,0.061593095344888354
SEC16A,0.025955963811182554,-0.10460342350877831,0.07024540335986953,-0.10984237751799515,-0.07236939617812571,-0.08119221499354903,0.011323056093732074,-0.0006181341621444362,0.012402870151792,0.03834457187424494,0.1538196146616119,-0.02226968855005609,0.044694234719019496,-0.08280241047345911,0.013701009476389733,0.042592964748176906,0.0654573705019185,-0.16803918306371166,-0.09358412661563567,-0.03443054910201299,0.0037104658293964587,0.07562966828845406,0.002477556737741177,0.046856208347295404,0.04003716258193261,0.11291353750424046,-0.0625893970155196,-0.051256108977205096,0.10509911910927147,0.044975730789515556,-0.026120193103023517,0.05279271336324882,-0.04346865728069471,-0.03967425351020751,-0.03756626754250617,0.0462270073464306,0.04033467566431329,0.0646300381315546,0.007863520972082816,0.04271334166551463,-0.017478144031360957,-0.08954087032059892,0.041516864359567425,-0.03340870195600395,-0.06489329413341188,-0.015229174320608113,0.06527364236517719,0.009081569356921506,0.08966072764824051,0.061602178691697936,0.013181652824496579,-0.06918812894541099,0.03569233034266786,0.069714910219004,0.03845350395827514,-0.07236423706974386,0.0580544193519059,0.0,0.07165729479062682,-0.0346444889887515,0.07110339676016765,0.05328969957194851,-0.0027931634923360686,0.010356083641389431,0.02331479596624048,0.05289057992230116,0.007962344853253587,-0.03702303177907695,0.1079370532451727,-0.07284729486989336,0.06184116060876895,0.027733456553958858,-0.007726767777448315,-0.10000924293191082,-0.06731508510654721,0.0015387275037961974,-0.04335925392889475,0.028780183483014754,-0.015658214027434867,-0.06401547130005279
SEC23A,0.029940393695770465,-0.0489032368915932,-0.07123661345566393,0.07996625212475718,0.02653827542396278,0.03229810637130527,-0.0001255844581553233,-0.03623393481455209,-0.03830164125555,-0.05598127382501654,0.05707953018061886,-0.03120326605524258,0.017459210112753816,0.001928639652356511,-0.04136115718018353,0.06466963539875266,0.005276096690825459,0.008472053357225968,-0.045053436687984824,-0.0156333722754247,-0.0050568268048319185,0.021544393508125145,0.04816389957566792,0.02223846173676179,0.03636663566805556,-0.053992203241311106,-0.02412386565700403,0.06729059181726185,-0.012593628500560526,-0.0252882919534556,0.06818165445889474,0.0017675349025530341,0.0639107185953345,0.013933213340220458,-0.0075060107504221355,0.004635205502352084,-0.017606922787767047,-0.013723402375379432,-0.034367040065201734,0.008720756015376195,0.0964395975112497,0.07368169847973535,0.05444908641399255,-0.023002968887931036,0.04951661932703756,0.04969735207171805,-0.0387524358660791,0.011094470802588163,0.03838681308520395,-0.0055031805924930085,0.026701000462934922,0.03449710446954137,-0.12246349418313013,-0.04132632703690333,-0.032570787692972496,-0.07058475467870953,0.046373139048232745,0.05650806114183236,0.0,-0.04258025570557969,0.04949788828322856,0.05423122070350386,0.1067276155683453,-0.01998783650904292,0.015538719923013204,-0.051126745033623966,0.0910062395124072,0.018527709677743847,0.03331070786147859,-0.05313295395756563,0.040186102130607484,0.00024867043580578115,-0.07791712482824506,0.06444620025230485,0.10085827449268177,0.041997449383951245,0.011700964057806998,-0.04350993975612734,-0.0469500888441467,0.03830371808319462
SEC23B,0.03280875412655842,-0.004623318833751026,-0.00953796069591057,-0.06766644122832113,-0.06513952821502357,0.008149083343622996,-0.03820530518273811,0.023825438233208106,-0.021223535267433313,-0.00968641030908099,0.015136687201386525,-0.00015914858248005314,-0.07015320135153927,-0.10122962222181019,0.05295043174379125,0.07761538805586628,0.043937953387544394,0.09636238737545383,0.018929336108298073,-0.06271495473317378,0.0637634294618373,0.04907454845321452,0.009982150174278583,0.0019291667512311766,0.08310450561766353,0.010934159898504277,0.021664450949443182,0.055601572016704924,0.1411931597418835,0.015298966047606022,-0.09487778599338446,0.0006354359780564521,0.04855013263135378,-0.15532437477168262,0.03790443670232956,-0.0027189906211054675,0.005147350169362396,-0.012847523983586873,-0.01258395732620248,0.06458291533859922,0.02981401095491728,-0.04785933942629991,0.07094984469041872,-0.020561709954446963,0.014935891659166693,-0.014673855795854413,0.025639215526646587,-0.04797882209891886,-0.09154114073068967,0.04121130581778264,-0.12897013537837976,-0.011574932271245973,0.016534367349091802,0.08918699062357532,0.07751161062169223,0.09232296386014424,-0.0551423085649446,-0.034627178207898617,-0.05396860713997727,0.0,0.06056586513884643,-0.06308798421232924,-0.03566423329362457,-0.021141153246876977,-0.029084412632845735,0.043128513662966474,0.06089150200888987,0.014403078434162058,0.01939805970194658,-0.07052061886944369,0.08930353300214101,0.04103488898583333,0.018366109737389294,0.03593821919869234,-0.12300959536500074,-0.10312327809103718,-0.030901633596489484,-0.0230882754033708,-0.05492330939549474,0.0190568501761296
SEC24A,-0.037770749704637264,0.044198766850945634,-0.04190113260840874,0.01858619571693514,0.07834559161922766,0.04106250939152248,0.02938366780192146,0.0913540738361267,-0.01068329157749405,0.0547999712414567,0.047332316342040076,0.0016404706527122699,0.06841214186294808,0.03398198829215632,0.08716975973971164,-0.05203863046782721,-0.017547544345119882,-0.019642575812392555,-0.021506284793755347,0.019666854275505165,0.11396041947466606,0.020624881278761668,0.09321255765480774,-0.04437828516782382,-0.05151705288315373,0.03054449403365748,-0.024445309151906222,-0.02677957673099013,-0.03012083151830772,0.11803397683635548,-0.02023147460536371,0.023731836709570603,-0.06769845724897759,-0.06605898566548431,0.03117593644804929,0.04342957473618103,-0.013028355617052666,0.002588856468150453,0.03927610498213531,-0.027688630154387526,0.07285859148253988,0.037302115209044834,-0.07540337458344129,-0.04061547131386994,-0.02021524596653753,0.006684197258364136,-0.03306733558800571,-0.018128173731303116,0.04798365283115584,0.11793356636659114,-0.08658503556920029,0.04063205243486907,-0.032008715783614604,0.02823708603661427,0.04645427918741969,0.057475772066706086,-0.0358145759431224,0.08301461624245174,0.0732826034189235,0.07074719070215359,0.0,0.0905151681756057,0.11420975099160412,0.13604117125738158,-0.03799203044947927,0.04812669608776221,-0.04488662419733125,-0.1303784200026903,-0.04073988258397987,-0.10606584027789505,-0.032410264029250825,0.0010315676511817948,0.03366981985981416,0.026131255559701163,-0.03471597037119659,0.0765246561557225,0.05374244532979644,0.10429219675515868,-0.023059375619492537,-0.04908535934926789
SEC24B,0.050412808975674524,0.05772856154570952,-0.02244011920560229,-0.04234414085960822,-0.07693086698740158,-0.06707429798531209,0.004735049149637772,0.07723531199931984,0.012398815437315712,0.055611346558943335,0.053547083229336344,0.04774659948415659,0.040045415394768885,-0.12204912089227327,0.06797476723270734,0.0366270157278519,-0.06315549118202443,0.024632666794344813,-0.10147108073885014,0.07624881744097281,0.019910720182544743,-0.013731271771947075,-0.014439004215373788,-0.04271750871758915,0.06435831265857857,0.03579474818106099,0.035319578295197634,0.0004317006238255498,-0.08035963439271746,0.13890613379297428,0.032006466858237194,-0.015836184525698908,-0.01862234527448258,0.056763092253134285,-0.010299954578125567,0.08712832290202571,0.03830452080423026,-0.0051768926119305165,0.050712218451412966,0.019355100544925306,0.020813973078550138,0.050322016494287386,0.11344706988975602,-0.024624855480134433,-0.04034545369617126,-0.019376548743136893,0.020452179991945086,-0.07423612322681002,0.022306569378275423,-0.022769744587036497,0.043513200004917534,0.01884056724580474,0.04994682557299469,-0.08781720292369377,0.055411903719219294,0.039519172125586026,0.023078419999283718,0.05714616178099899,0.07374679942860615,-0.06768734871656942,0.08313826192014018,0.0,-0.052319278045691656,0.033737152226271355,0.10582942080327049,0.02891465342550752,0.15797388386966613,-0.09295411118668327,-0.02906198459026865,0.01430795153118958,0.006835096599417958,-0.02729327740724709,0.0385545228345089,0.107271141724394,-0.08056092184558053,-0.004911581659104627,0.04048628663863468,-0.024965302392507185,-0.02700602471523751,0.020714305315934642
SEC24C,-0.026565038064650097,-0.048587536964710486,0.00280152434996169,0.029789507222495723,0.05700395023176709,0.04125219413272379,0.03075180445875471,0.07187477634230811,0.01142968482967782,0.057352271341490464,-0.07913314680752011,-0.05266989441540545,-0.003013189317369487,-0.051319619081814746,-0.055340955342482845,0.014034194457433345,0.043359032283572956,-0.022124178682275876,-0.07525500421199095,0.02924793468292952,0.01678510682462519,-0.019850470040302864,0.13067142409620208,0.06033377061380479,0.06736057975592825,0.015465151720686686,0.07167537662654286,-0.032904108145459,0.004298582574455677,0.055061620185133775,-0.05266243767770016,-0.08235071670074001,0.01324854789530972,-0.01071740032963285,0.0009288414508656695,0.029499159032406037,0.0014727868720036115,0.041867619075557014,-0.030376345984363392,0.008080103581612019,0.04268021636596559,0.0922103695883906,0.026512796384177053,0.1059668295566767,0.027882252893538306,0.0023351651504053203,-0.027173797660980124,0.0004689811722902595,-0.10289812375766715,-0.06435501992456305,0.03504039144557116,0.015193550712247577,0.07901666532817668,0.006004177856466844,0.04392872082741558,-0.029138703550535845,0.06562151097022915,-0.0024017501922419414,0.11637462276282859,-0.030681841842461942,0.08411441824024024,-0.04195168655382425,0.0,0.0813941831199415,0.1045892321487075,-0.02603537387044672,0.012367086594415117,-0.032426995129905205,0.06596041292122293,0.018617062726432963,-0.00027246211171156503,-0.07474742749135148,-0.015409280792630351,0.0867594973604043,0.028680091707397746,0.1105646934952418,-0.028201415842691546,-0.09523629538770263,-0.06408639865035146,0.0028367834608234326
SEC24D,0.041112134659419756,0.03831831274576891,-0.1007214295409127,-0.04216252962938185,-0.0965400434700049,0.0453531565285962,-0.010022387053716596,-0.008255772067828807,0.07608966582410573,5.8063496597801065e-05,-0.028243035090828608,-0.014473355114000398,0.08309943710785266,-0.03410923225736985,0.009753157474220108,-0.08248002804161045,-0.03309593768536591,0.04995016158433907,0.07241582808381701,-0.01018654620357545,-0.0778967669536862,0.016160127906617066,0.015206723805926976,0.10367313345541718,0.05042889187263492,-0.03835864748621261,-0.004492969575891351,0.05871901355705065,0.07164510962622178,0.022274231056223365,-0.03246594642772202,-0.038712760760993045,0.036999003577080206,-0.038005490642316044,-0.08892876215195725,-0.08580414882130365,-0.05797117939236037,0.03761852209365119,-0.005164207292697338,0.012711960898090229,0.11925919979541477,-0.08576298736182038,0.059400353584167655,-0.0026921541594724426,0.06995799306359252,0.02067310876486715,0.014779343453968733,0.05349146451004399,0.031571425802261875,-0.05328556474554174,0.06388631691864918,-0.0460909661495796,0.0882541188748055,0.08547018188262931,-0.026134965557401912,-0.06848698155252692,0.058620745213245604,0.011668648466486025,-0.02855885540946857,-0.02383256241421674,0.13128985029880516,0.035447828282874905,0.10665639459919635,0.0,0.055333000419152505,0.10670605320537613,0.07232498068717459,-0.05505987105099304,-0.07331414544791831,0.009173567782324166,0.041372339077869094,0.11787759430220149,0.005044000690257643,-0.048512215616115774,-0.019911720846567105,6.183314746688639e-05,0.07099107684253957,0.05463905354899684,-0.017496671290291727,0.02887051156156051
SEC31A,-0.0222505256881716,0.002017973560952566,0.0030083549573698613,0.07763020190688195,2.259211516251568e-05,0.04842549427846093,0.08703876124784976,-0.001649531225465588,0.011158104460553457,0.04425709135076936,0.006543632866679365,-0.004974211670327813,0.01590661923818153,-0.011328900063092513,-0.03174189157299123,-0.09636888789522878,-0.05131839336396464,0.01210037905808309,-0.02079325238382318,0.031893128330004475,0.09026057000709077,-0.01755954764907306,0.0235816560055622,0.06725857473612956,0.0548820959862103,0.006707536829020693,-0.00028933591192540796,0.04243567338791814,0.028066835836740352,-0.007908135024193314,0.027038729071092317,-0.016480296794674165,-0.005194545567041074,0.0532773655222401,0.004943560416432433,0.015990256688735993,0.012069582983162635,-0.007657179497184955,-0.04146184225183086,-0.037095262139817745,-0.017056190638318383,0.0739938955655013,0.016045478158209694,-0.021608999895763207,0.013209382180365712,0.07137644066270254,0.004769670314918178,-0.10213050333226915,0.029110448537818925,0.0015213381278596596,-0.0067202598896560295,-0.03395513906834542,0.06365679135683683,0.008335158003573836,0.011943130816339747,-0.06493498275335143,0.1609703675252997,0.017691911394080294,0.014952312927008604,-0.022081089180009065,-0.02469286175009365,0.07488688417455146,0.09229934815741629,0.0372651050515262,0.0,-0.07759940256348855,-0.05164356559145679,-0.028716844230292173,0.060956641788407054,-0.09706738473834652,-0.019582393357523934,0.006654671389931751,-0.03607023627600607,-0.04351002159604367,-9.557866285658192e-05,-0.01867550464271111,0.02058190416365004,-0.04378803722062843,0.04391468601638654,0.08175777570588645
SIGMAR1,-0.009263921489482354,-0.010953163015814291,0.002164772757175245,0.05435045054409447,0.05122589301719568,-0.020131666208390922,-0.006185149595597733,-0.0013712123609919752,-0.030329174987147645,0.11671848975641254,0.01625099603090124,0.06508799588326702,-0.01654303599093746,0.09010594421295745,0.05185517744573064,0.02247424899700871,0.03582985230231819,-0.039361281936857985,-0.09581618278938249,0.07665838221150043,0.02582277710990988,0.046525198204287264,-0.01297760700288613,0.026712516566233923,0.06516926470038718,-0.02785000760742237,-0.008739410556797651,0.05666199610633949,0.01658462012076951,-0.04307773725588877,-0.017756217225020236,-0.013770540156778107,-0.14194340384634635,0.0005175897504180751,0.00786688698128277,0.07436639331465941,-0.01329043154298322,-0.04469028948692289,0.020322218307505344,0.04080904289500896,0.07152413678666512,0.02533067252716764,-0.008433936781175527,0.08039034446931635,-0.021363834864832808,-0.1380979649414974,0.03387177261242904,-0.09620144898633044,0.03608456817531232,0.034530264546505235,-0.02029941687707502,-0.028431819443679736,-0.025093059298522406,0.008235155464470605,0.08929486654456413,0.05449634120013749,-0.05258807270160685,0.06091672423778013,-0.07467175508291496,0.04969809724665034,0.0474766475288236,0.031055062607743614,-0.03487309990024915,0.10907425672339552,-0.11778051627228348,0.0,-0.015799158236033867,-0.13146641068603046,-0.05965667166633348,-0.05145306887977837,0.015888912688409314,-0.03137624250032493,-0.09992466800295885,-0.008294664164784572,0.027747957143419207,0.11762228973965622,0.032065675390270894,-0.012254797313566173,-0.017708995051060723,-0.14401008199260365
SNX4,0.009537601548515125,-0.09196170235182535,0.04866284948431462,-0.00013843957410112224,0.0754022698619445,0.073104576252293,0.04479374854768044,0.05602038596642745,-0.04775772516530708,-0.006842622911089861,0.055980443628983176,0.07426692956128987,0.049872773405162135,0.07442484664859673,0.06411905136255912,0.03395404917880412,0.037005212703337315,-0.00036716954115097856,-0.0071392793522910315,-0.04141754913462947,-0.06802179801196064,-0.049431081276995865,-0.07544900610641872,-0.044521758841480734,0.03396078832428493,-0.017684620949442408,0.12434198357114738,0.03302418383618139,0.06558792117024421,-0.0018953737723101374,0.04755141190569109,-0.03378697771837774,-0.04672436628866454,-0.03180831697970942,-0.05214906183439998,0.08901672427485076,0.018129786797218824,0.008163396424916421,-0.030072871221681882,0.037445399747985775,-0.03950536131303164,-0.044633907525165925,0.02395491395426567,-0.02605019868250041,0.09940391788276096,0.030372884564717054,-0.09304773692666159,-0.049722177516528014,-0.03689784527502513,-0.07019877339379146,0.08711897333856637,0.05504029998565362,0.09570190872554066,0.01613133041337975,0.041510338117091504,-0.04170812023343539,-0.02475575523380983,0.006456223128788679,0.09357475948817574,0.04939821918601532,-0.031173838160880415,0.11944804588173827,0.011662011698758811,0.052047619083941676,-0.05518367648924797,-0.011122778390528528,0.0,0.06207438321829885,-0.025025925890414788,-0.11152232715353592,0.03980778910598824,-0.0036261952055904705,0.015191827016749494,-0.03705799821291412,-0.014148207486137801,0.03201915082621872,0.05959687127094018,-0.057788918027096625,0.0414410596768035,-0.004132905833702695
SNX6,-0.06041762249476119,0.09481514419139828,0.010544438792711696,-0.022709919359971607,-0.09650038157770975,-0.058809674314130644,-0.11229827651699151,1.92377676561833e-05,-0.054433649693780124,0.01914099589374241,-0.019853128507544726,0.018426444489653283,0.032602137672943274,-0.042831792558271124,0.03619418773100148,0.006785864421627071,0.04159183583904698,0.17888044738392123,-0.006222005140993781,0.02734266085070759,-0.0506411727904873,0.0878203742842955,-0.06832511092755214,0.019992216084980734,0.0700454527788134,0.05101532764723746,0.031233357695364557,0.12482903545872238,0.005317552432161963,0.013212966799611653,-0.03958416799460062,-0.0828796749135069,0.03164461015241948,0.002608692562203324,-0.07630606966353895,0.03829141446527829,-0.03348241155690755,0.0022289280258281233,0.024085377326219373,-0.03879128571861772,0.08722493722497354,-0.06469103722286797,-0.05099717718736272,-0.014322648493945454,0.07937657313307361,0.05437388029644884,0.040867711315637045,-0.05459567873954074,-0.0677729641315682,0.06830213519069368,0.08081561004746787,-0.07695263165705594,-0.057387802862236055,-0.015116602742036018,-0.03911260494894383,0.07959224187231949,0.0361212141261829,-0.03266008702793807,0.020726076506516217,0.012712112900050672,-0.09851148261916053,-0.07646631576900768,-0.03326753228761489,-0.043107768391063256,-0.03338404320870164,-0.10069361930509614,0.06753364999988093,0.0,0.027427359777086473,0.10660207346697187,0.03168970605034343,-0.012582779436876038,-0.05042585347229062,0.007791880565128395,0.10811582520019733,-0.051920996776865645,0.03978955397341785,-0.0063195044590853375,0.08117787286876228,-0.0577962619239677
SORL1,0.021827655150538847,0.019480192027604273,-0.043009808644730474,-0.07919938883671816,-0.022679467621770828,-0.08205174390081929,0.042974895533891576,0.021662452202370227,0.04586667493500371,0.0325605185686439,0.055948270719010325,0.024428440594437086,-0.027045515307223083,0.10254694717670984,0.08212219752129472,-0.013352435510355908,-0.05381618633938565,0.047955111819203984,-0.08091801580805721,0.016002481009430136,-0.02036821243280531,0.007256289974205617,0.057585132792240694,-0.04365467918229863,0.03616849738654691,0.021153537140709968,-0.0019329422395990101,-0.003092211494830445,-0.05058525579114724,0.01856829710564371,0.03678223050034047,0.05053142717079229,-0.11920616274700171,0.012537805435340476,0.03433343779498216,-0.0424807066352515,0.007255179328900401,0.21514336021288427,-0.08778464263065103,-0.044940817078938385,0.05616065036808106,0.1433958739734111,0.0666782671107484,-0.006426211522810153,-0.02702407747037298,0.044277942100797316,-0.03626710563634208,0.004951323543963585,-0.007496747011800194,0.033068441789315735,-0.07216278816535293,-0.008714213735329218,-0.034153175285104094,0.07961979093162462,-0.03456285147815265,0.008156401137801219,-0.0012259171145134792,0.10501810535951986,0.041098643274177366,0.01888291207512024,-0.03395073480765724,-0.026367872813655328,0.07463551091770405,-0.06330767896051204,0.07815765453596257,-0.050395809875796505,-0.03002937044997371,0.03025047978169653,0.0,0.03435345677492597,0.005516032287094956,-0.019901383940335762,0.08140702244139399,-0.01124279018640737,-0.029976060297146716,-0.020219194209767564,0.06534297037282795,0.024546077418043967,0.04611528608688595,0.009415783751250852
SORT1,-0.016405669950821482,0.12636412488113855,0.017548678935109877,-0.05604509020021277,0.008935095127525609,0.02377779755806816,-0.06910012257405693,-0.009222290787053465,0.009472849687289672,-0.004284668306327218,0.08979330779692996,0.06327992488061787,0.0069608829470233086,-0.010561406884077947,-0.055716273482623785,-0.04572505575177446,0.022304187060740107,0.20638268302358126,5.807339735406372e-05,-0.06756695497775991,0.022065999449303864,-0.015981018273757183,-0.00678978371533472,0.054601441481900485,0.00224447891957285,0.03929657576706078,0.03678744238040897,-0.007776938806422417,-0.07101998358300338,0.0283492767114247,-0.01915626928317089,0.012364179651900706,-0.0287449433404458,0.05500864936178435,0.05096153303059166,0.07668630789263706,0.03862050868069097,0.006944181398877481,0.037163153232189806,0.028188497123577554,-0.030353357834674577,-0.03734518294336813,0.014757022633566095,0.05992428896087556,0.010134229262876333,0.03950775483677868,-0.04979006615644353,-0.06697182655127767,0.038418408563993756,-0.015141119288383117,0.04953797787233766,0.06510536330083613,0.025677234830674214,0.0797151255302042,0.04894312829979079,0.0536676654956368,-0.04765193066234779,-0.06728136715241355,-0.06222936110195415,-0.06516502274351514,-0.08390593845981728,0.012322960156896491,0.019996825804377238,0.007519598382675147,-0.11814397281770568,-0.0412604964455222,-0.12702981152202694,0.1116096311076249,0.032610555810754435,0.0,0.027350784094360574,0.0527380895355209,-0.04611065877991587,0.03031385084888657,0.03410394196643129,0.06372912212416051,0.020681463031491563,0.04876827783080183,-0.07356921823218619,-0.041756070648527044
SREBF2,0.08612236909864071,0.055774543141738624,-0.012415011934636401,-0.03875938603466987,-0.032920709083691324,-0.06750456564003673,-0.0055578207397643225,-0.03458099066610842,-0.012104092504062849,0.12182591550606893,-0.031756803537011956,0.06833224975823306,-0.018916782227361286,0.005973003100263759,-0.03046901277725637,0.050798725494306314,0.028644870606686742,0.07740091934296195,0.06508005468406215,0.10975673260454429,-0.05541162261308084,-0.08863342738969178,0.027653224678986715,0.02240729925475106,0.010300437406098368,-0.0576788326174835,-0.08719028079636958,-0.04464085918152199,-0.01657902817983181,0.12410233825160003,0.038932221219793554,0.07143884702853252,-0.024163353105174565,-0.06834897236020124,-0.016310632424865395,0.11589671663766626,-0.09072496420529835,-0.0146134268543038,-0.028880218824824756,0.07552143527564632,-0.03195301813271924,0.050273897261111,0.005454604548176062,0.003390838265287849,-0.047364401916038724,0.034974890061437273,-0.022981895110849686,0.06462920071022132,0.1392442906455348,-0.008901243004822357,-0.07542920345344178,-0.003576905563887636,-0.03371659268224529,0.0546735784986349,0.08752154391894346,-0.1073531705056238,0.10894306391145797,0.06653672801618542,0.05482892040496894,0.096132338531126,-0.02986772620484701,0.006857797722083089,-0.00034092468656218573,0.0395065292213889,-0.02776556033679784,0.01484293463124381,0.052821936459809864,0.038650637509906584,0.0060998195393298866,0.03186193970580668,0.0,-0.037691735688310725,0.004972305376743893,0.042155492320015475,0.09120898443505793,-0.06981762103482624,-0.04648930587740081,-0.04776679707808258,0.009345735944550772,0.014186592976067473
SYK,-0.1438815544424006,0.030948539006325604,0.09588876309415816,-0.07502263693553439,-0.06769424620339093,-0.05317140569784658,-0.0009319052656963009,0.06780469329068596,-0.00595812814420109,0.026790186147616187,-0.04634897562298887,-0.02492359217167152,-0.08303605630782028,0.10962268038328654,-0.005586226459728841,-0.05255987649491993,0.03765883874092332,0.007719428223937561,0.08397162548218084,0.10905276954968873,-0.08575520099028333,-0.046300994580757135,-0.03367023031187627,0.07680914084653843,-0.03871186217162197,0.07670068686904559,0.0252567315012395,0.062383788154730495,-0.03716120220172696,0.03649261211611529,-0.0403998774162244,-0.013714432032296319,0.024878267006749107,0.04857945482627136,-0.015078846433782428,0.003455641724625763,0.0941832924865503,0.018897270593608746,0.06442157298525522,0.011856543903228822,0.05347240642327458,-0.08525932738964573,-0.017478506127023327,0.04620679448792503,-0.04297443357411322,-0.050100769028692135,0.2177305525576886,-0.08124977046418114,-0.05097079315349641,0.03981996037534435,0.005808389897581331,0.017254724546592867,0.021248655577536555,-0.06330037227542162,0.07502934802955732,-0.07790672300779325,-0.014677445197656581,0.02871680073777718,0.0003265173109807925,0.04251110307174442,0.0009148829878169279,-0.02635384263845636,-0.09001125706948294,0.10832739773317138,0.009080620623226699,-0.0282081610154013,-0.004630689749148798,-0.014769414519938389,-0.021179792952235797,0.05912553291856949,-0.03627391088956623,0.0,-0.0201943703286834,-0.01698510424152926,0.020477262436060198,-0.003149065176381553,0.0036352872430288883,0.0640600362920438,0.06740137337621475,-0.003917258207349477
TMED10,-0.02740816758646865,-0.04661822651298817,-0.1329879422948631,-0.11196287952960643,-0.0005112982311385888,0.08191230014788786,-0.004814939747948645,-0.058395490177146056,-0.06916391946152832,-0.015123848240052588,0.02405729608349703,-0.00626966648555914,-0.03479568583022528,-0.004976993461418355,-0.033152436383551115,-0.00957367349809076,-0.044250933287326634,0.002820597848116667,-0.06462520442879609,0.025047473578194555,0.047075752292857195,0.030139029950151653,0.05407935333900153,-0.011316380278736602,0.046032928090937605,0.07527061307249726,0.01922824300237556,-0.01274764424770625,0.03563836239613226,-0.0859519930456695,-0.046767511660549536,0.09007101424403564,0.06939013669995137,-0.05327595928793832,-0.024662971077745538,-0.01475460800842145,0.04669996319664406,0.0549476968613293,-0.004427580456372442,0.04891667561112569,0.019507283540872902,0.029485176466874177,0.014418076775811648,-0.024776961759579143,0.049668929190483546,-0.05381572686080109,0.0587380963070213,-0.028047012353303015,0.052481106988433356,-0.049320720665618475,-0.09501441312668638,0.011542248487238827,0.04471789913798775,-0.041129649921684844,0.05877691428292118,-0.023253940985247308,-0.04606516513095562,-0.007246235143641835,-0.09266110687516368,0.017232520175051176,0.027045258672787065,0.033716780680440116,-0.016806042401156282,0.0041982151673544375,-0.04457798293729011,-0.08136339550031849,0.017570617373622505,-0.05360711838338215,0.07846623446181601,-0.04682033442784528,0.004333996412013844,-0.01828996294556868,0.0,0.3433878171687683,0.2705666216550019,-0.03536467659814489,-0.01807598651977774,2.9975745623974117e-05,-0.03237785712560368,0.0044083028752793085
TMED2,-0.03359930214979284,0.014604094691429582,0.008120428734781963,-0.048841504430932436,-0.014654508286995742,-0.09857400022417712,-0.05444341616844099,-0.002790180108547561,-0.045129503035495074,0.0009218543870120196,0.02282889648090197,0.13190496961986292,-0.06013929232208779,-0.0032133400465651474,0.008610029552850533,0.11334583864705076,-0.017017817392667566,-0.00018803675538189884,0.045912683236327995,-0.027085110944931334,0.055227181027342365,0.0806646578522458,0.011257624880123508,-0.05037452365405105,0.03949144967529869,-0.0876020474382811,-0.039978762691633966,0.014285353515577904,0.03866753638794202,0.05496186300605176,0.004204899331805316,0.17185708108568,0.06097770774399479,-0.009606767513834418,0.05298829400381362,-0.0068332614991976764,-0.012212977866444924,0.08048718569923348,0.021139367358588047,-0.0069808770894108346,-0.03482728077774091,0.0012286062140306725,0.003973857575922726,-0.004088564255184944,0.005802910647248696,-0.012313916613533154,-0.022084890071630267,-0.03744136195295661,-0.03895850004325751,0.031513029019764355,-0.044004602483347144,0.04394803332489022,0.033495181983209346,-0.01261144592324443,0.14517962901444623,0.10956814744860632,0.007146751021607529,-0.095686288892339,0.07819102209700794,0.0344019596807866,0.02141438629098532,0.09570809676274308,0.09653729412001139,-0.04119416217427773,-0.05485999123678877,-0.006890490939592057,-0.04372743263491882,0.008450968845182151,-0.011055797001007159,0.03140286718799739,0.037486934590424216,-0.015694436765455552,0.3503320670867112,0.0,0.20779054809398517,-0.0717009422366572,0.025126478115230076,-0.004180078444812632,-0.060694420560878426,-0.047855647676129744
TMED9,0.0271400620837458,-0.07490473686377855,0.06612540644684914,0.1548981420650928,-0.007191353685101661,-0.007629389768040781,0.03039788606992201,0.043822133115899276,0.028686477162158566,0.02919328919351248,-0.037974951253487384,-0.0018530629825439886,0.09405053674237232,-0.10104076928690162,0.027088751417757472,-0.08777268330884543,0.015353475441629587,-0.02615181707865029,-0.06513493842333766,0.04028796737531837,-0.029579128362581097,0.11559461249382912,-0.009624194192991885,-0.007036025792330796,0.015283373094761778,0.020972479018837444,0.09922030661134325,0.07842925019476248,-0.04151803682231384,-0.06334216008983887,0.03587479569284598,-0.03221531193117252,0.01506767527202365,0.05391467873475281,-0.06995092576751227,0.027733879013685958,-0.0348935567411193,-0.00514767804863489,-0.008031045204414998,-0.0542584974763653,0.060465070258260534,-0.04218301203118095,-0.005464304006313879,0.053676822877448675,0.08263304074111057,0.03441645469753915,0.07544177688228422,0.08242853483683123,-0.0379409356727333,-0.040245689102617596,0.038291702504233825,-0.07863002878408004,-0.1423659148442063,0.014246342162390723,-0.034221235222842684,-0.15986343160906097,0.018971329207592806,-0.07072288495892583,0.13437210022349758,-0.12930151598654935,-0.031240117734011762,-0.07892747361728783,0.03504262471671187,-0.018566556227423484,-0.00013233215443557002,0.02531164505166113,-0.01833206722465535,0.12876311625425943,-0.03236894176197556,0.0387945546978225,0.08906383274226173,0.020777218730518493,0.3031148580817314,0.2281727550213969,0.0,0.08319895864899834,0.02138574941917565,-0.06553760777703403,0.04214154947296934,-0.09100720682801351
VDAC1,-0.023586682298121518,-0.08003616847707876,-0.06592790731794006,-0.03787020498985265,-0.0034489104254046207,-0.01793640402849289,0.04641027855358364,-0.05755803771843229,0.00699280022993276,0.04113398292532912,-0.032922904047381525,0.016675239550250305,-0.014770186773182497,0.012008461830517988,0.03376330304017806,0.03230146996463377,0.04386166607796817,-0.008703006266789468,-0.013946299501309921,0.10157692293308407,-0.020423007979480032,0.029782228680468915,0.01070885222570549,0.0005047758944203168,-0.05265369690181976,-0.06599909098319709,-0.022310986386276717,-0.03667547599135187,0.0023523591014266167,-0.03170475648098617,0.06442917667778812,0.028131758494133786,0.033898833188832495,0.1259175112841123,-0.03998993764766405,-0.006939373496159444,-0.03174863445288148,0.027854482107475435,-0.005151784756250419,-0.0025899828212825856,-0.004161177117262231,0.07576796371405851,0.06796289894211448,0.0996978368541936,-0.008055723067552513,-0.0022627403377746325,0.041604081909492246,-0.054362043592780906,0.06037073094086543,0.06963067850739338,0.08285688118319784,-0.015914240158492115,0.013451782550965307,0.002864086785590787,0.023184039566632154,-0.06685192283435008,-0.10630334885543413,0.0012021557361984764,0.041607529908603995,-0.08060700484844492,0.05120780815233113,-0.0035782987020334237,0.10045787926189248,4.287413422559538e-05,-0.01922773933955167,0.07978668724999312,0.03085114437996871,-0.04598293416115613,-0.016235633486106366,0.05390829223636116,-0.05069676578950406,-0.002376011904659953,-0.029461451815854554,-0.0585483024717014,0.06186846455589295,0.0,0.018311301944364835,-0.006675663286852988,0.07109475545875998,-0.1505660074726086
VLDLR,0.08483364931991615,-0.027886752305770146,-0.02816174284578515,0.05008378602110269,0.009903339788511378,-0.011865405345695645,0.016253221340662573,0.02885936663849023,0.023342274819377697,0.05900772818064346,0.11398100276609965,0.07761746001358805,-0.060058204718799024,-0.04017233690309742,-0.04476587311759462,0.12720938926524286,0.009780488908118995,-0.04627814139547995,-0.013201255082241804,-0.03916544783715061,-0.0008867757995086966,-0.09431231565196045,-0.010299116153786923,0.17284139271820348,-0.09033546365554086,0.011478680679106274,-0.01847130815588583,-0.09286837209178934,-0.03892886943695817,0.031724470330921746,0.05447766523385252,0.0894902293330697,-0.12606328927196692,0.06619118013613388,0.021107798976766182,-0.01524396282293454,-0.022781523849029532,0.08803756827328699,0.047594868028975106,0.07055355290676199,-0.011530957276957335,-0.06100671732484059,0.10803914466176634,0.05931990464561651,0.019117011832437768,-0.10082645166766298,0.02095088036256673,0.13129232245151595,-0.06481048977305913,-0.03518140105158738,-0.07542600599672532,-0.042554986134158,-0.060803788273429915,-0.09469283718697533,-0.07705591013269192,0.2018519992979388,-0.016641973134267362,-0.06517733506299003,0.022304189487687563,-0.04647434685888598,0.06919393123191919,0.05675170969067305,-0.04930083033741319,0.0947095025243902,0.04077154919843612,0.04185014603529013,0.11048433626563109,0.06780137658650535,0.10095319072121817,0.033660043895176205,-0.06495073224730677,0.005277417798074231,-0.02897358560371197,0.03947633687454726,0.030597905795722892,0.03523181412192211,0.0,0.09308672243424194,0.18470939914748016,-0.006483691680439972
VPS26A,0.0057277858634499825,-0.00023786644668236513,0.018370408402610682,0.02768423637465694,0.0007410858202429072,0.02138238699424227,0.0006401914361492022,-0.030724304486614906,0.010675747572289918,-0.023810215233127822,0.03229393429200075,0.09579273821495095,-0.037368228300629365,0.01604933345621273,-0.06478887372894206,0.06630409381550106,0.05043258900348215,-0.09069438955120647,0.12124578451039895,0.024737848261532663,0.03586945157248549,0.01135486109012373,0.07867407522864515,-0.07310760272172293,-0.03612841057735532,0.020855490199139456,-3.726978875016994e-05,0.04990390582598222,-0.058908777697205456,-0.09415367098814123,-0.034123009294174896,0.02559089292665952,0.11573109227082891,0.0737169036568296,0.03362952763125997,0.0022580248856792747,0.030490919854759747,0.011939320859652956,0.011979367335097052,-0.0066560237011020025,0.017854463002849028,-0.0639422654900132,0.07380402197829805,-0.04589786618632911,0.1620633955377227,-0.09541188921050073,0.025198985146582444,0.03807349772605262,0.036019721158022815,-0.07020353098354266,0.15128642912741924,0.12828058881137772,0.0022837876369021176,0.06885572971782404,-0.044667139962196074,-0.033772891735952784,-0.12786128517812662,0.023065771173970278,-0.04421940607000332,-0.018513263086711026,0.07159159198930581,-0.01865810175348476,-0.08876575209776033,0.03886445499330667,-0.046247340472935,-0.008527512037219732,-0.05711911055081262,-0.005741324417475419,0.020219150224483937,0.04231851913167024,-0.03558088397467704,0.04958262868801566,2.5617093450515368e-05,-0.0035014609025127846,-0.04999394829486004,-0.006848095807341155,0.049630352700867054,0.0,0.14661184958523965,0.11449350050844989
VPS29,-0.019526479268010325,-0.04839398307312581,-0.015331538112561539,0.02385516185075099,0.05121231092424623,0.058308459190971315,-0.036708999313056066,-0.06265885510367304,-0.06281533260609806,0.026832668298156247,-0.02046171701170642,0.153938937117864,-0.0016321658369516582,-0.03866151507667147,0.02161346419287075,-0.13522019430430884,0.036945639563959916,-0.02430553897813,0.011447191756677796,0.07326759673313127,-0.09116762395811,0.06629907876260446,0.018533464406836377,0.02149405262033187,-0.07383284756599535,-0.015685219333871705,0.018081356118516387,0.059975941906273464,0.005459163132370511,0.022421477300676767,0.08484848472842502,0.019562156618897392,-0.03362069392506448,-0.012419533901761775,-0.06956674260503178,0.03680136404060385,-0.021907195140816512,0.07728677007174417,0.011782317641660107,-0.032218140760601435,-0.026723952652485596,0.006850407890079763,0.026410040344292892,0.0038299642373284034,0.007734517814871292,-0.011912907066032723,0.025157920868000734,-0.02019271882007361,0.05900452836664745,-0.01082428435177698,0.10410671589441113,-0.028284024344743953,-0.05363845095478273,-0.06329020899718243,0.054590835851176356,-0.03058972147663412,0.1375049791278323,-0.011863099348994675,-0.04510683582932832,-0.04163223227686093,-0.014963709554201836,-0.019079755661001147,-0.05646643017000111,-0.011764849294252823,0.04384525376084625,-0.011649080503862834,0.03872123909179483,0.0697185348578745,0.03590932388770023,-0.06034908712282253,0.006580905280281083,0.049316544028219486,-0.026157093320674826,-0.0480612587041519,0.03038917241897667,0.06894368472394448,0.09309581098454013,0.13859596740794447,0.0,0.1536738808742443
VPS35,-0.04030121228112298,-0.013140156825263087,0.046915077640248916,0.22195065357435134,0.08088138216573826,0.12134651029290441,0.0757205704106298,-0.027460442018817022,-0.021071259463587146,-0.03331315522215917,0.04399399678444836,0.07049591166535885,-0.055573324744796475,-0.05904237317283941,0.002339301512506418,0.030707196092090334,0.05982176580896193,0.01334307960976626,0.04274746676891899,0.029704272563565316,0.0624049525137133,0.008438573078942744,0.007556938710256638,0.07836988405381017,0.024537435551100044,-0.024965075916162063,-0.03360733383858051,-0.04623111501560789,0.04521536879581657,-0.054257310795122866,-0.028099035747841727,-0.014736789158313604,0.02558948785141968,0.020371247691021846,-0.02174261609814525,0.054866350841948845,0.05173315160438165,-0.061960841417542635,0.015496381919797023,-0.021277239254991538,0.021508054254007262,0.04356454401346012,0.02619364406477667,0.07301801606804968,0.012632444425839152,-0.01621737751184934,0.011223984598947684,-0.012965308551379113,-0.01920562291996746,-0.0327506697960539,0.028462861151621065,-0.03439006672624701,-0.04734013163261741,-0.0008839539517507606,0.0023198112580663714,0.036661508486613655,0.048652931027815594,-0.04570918019210032,0.03468242209903602,0.01361402871448445,-0.030019692787072724,0.013792565771347397,0.002355663181255105,0.01829565479058155,0.07693153821093927,-0.0892797920660668,-0.003639455779915661,-0.046781363709554095,0.006910052373925991,-0.03228172474555876,0.009414836554373099,-0.002701273950704374,0.003356412635146288,-0.035714297481607475,-0.06185099650943768,-0.13760886187174606,-0.003079825007709058,0.10200580738388319,0.1448313575661744,0.0
