,ABCA7,ADAM10,ADAM17,AP1G1,AP2A1,AP2B1,AP3B2,AP4B1,AP4E1,AP4M1,AP4S1,APBA1,APBA2,APOE,APP,ARF6,BACE1,BIN1,CLU,COPA,COPB1,COPB2,COPE,COPG1,COPG2,COPZ1,ECE1,EIF2S1,GGA1,GGA2,GGA3,GORASP1,HSPA5,HSPA9,IDE,ITPR1,ITPR2,LRP1,MAP2K3,MAPK14,MAPKAPK2,MFN2,MIA3,NCSTN,OSBP,PICALM,PLCG2,PLG,PREB,PSEN1,RAB1A,RAB1B,RTN3,RTN4,SAR1A,SAR1B,SEC13,SEC16A,SEC23A,SEC23B,SEC24A,SEC24B,SEC24C,SEC24D,SEC31A,SIGMAR1,SNX4,SNX6,SORL1,SORT1,SREBF2,SYK,TMED10,TMED2,TMED9,VDAC1,VLDLR,VPS26A,VPS29,VPS35
ABCA7,0.0,0.043309284150686876,0.35209113518732843,0.02075616723541622,0.020355829729382328,0.09774481644136192,0.04553030573130577,0.018457853974094336,0.970751696597607,0.9997725852091608,0.13667955837648196,0.21292403837710952,0.5427271797073194,0.20867948277002044,0.021695470853110587,0.022499977103719412,0.03923165335785661,0.04371731404763892,0.02576791608857378,0.05506765663429453,0.022301848343370883,0.024006401380364594,0.8001564562340545,0.0541995800431993,0.019591944914205982,0.1263525745269664,0.027512208657900057,0.36030541530682575,0.19121455416474326,0.4206571960472237,0.04847027084603932,0.24954505175944985,0.021614287728535308,0.02728606940862518,0.5540795131775877,0.11074181873335404,0.047637008125610135,0.061428298488375006,0.8803934441976263,0.021575214605546716,0.039638636687201086,0.03167619517743027,0.04014297031041609,0.3644679521224048,0.03261186356268134,0.20021430200733795,0.07199047369940806,0.18788307116860736,0.0713056624656303,0.04017092637435905,0.051779327902755634,0.020085042203795207,0.03506318311327313,0.020336571371613682,0.39403220704204445,0.036440256698368444,0.14787572597383486,0.033314309240529465,0.03724238405730251,0.01936174806278325,0.0769449311798526,0.08780846239918234,0.13188200078496878,0.2056906728991471,0.03802165580307195,0.299201940120448,0.055294844418281586,0.01970749963609432,0.03119469955539248,0.10713844830989257,0.0644490066370929,0.02240852438130228,0.03199397576762105,0.018047075147278605,0.020307879536736673,0.07220459315066576,0.023948830421247645,0.023437914575431467,0.02690126983830473,0.05701226856536278
ADAM10,0.11102563567942277,0.0,0.04198059562872631,0.23218986795717952,0.026176431719978865,0.033914865723972905,0.15463313043701513,0.029043029220276333,0.22091114926973,0.7829446417332154,0.03560514392281492,0.6170074224882103,0.0853732276889841,0.5705030083260074,0.5739176922144212,0.23441952954918113,0.02805911694985931,0.8528392616974095,0.05114963804437629,0.022093961175114824,0.04189297841681023,0.45472976528940984,0.0651244679849563,0.05700484930452616,0.056315004712974584,0.03668209763720261,0.04498144942571938,0.07438063545827905,0.23483642088711876,0.18880018020564662,0.05637409499697133,0.1867260535528323,0.21397269096140561,0.028881473872754887,0.6273779911259839,0.6518230689185861,0.17771217574613565,0.06516652098494846,0.051520477769795445,0.14204572567186424,0.0505103187828376,0.034371971852409366,0.10265617566860037,0.2376430466055697,0.13256487044064344,0.040716692794546705,0.22498301821657898,0.134270399435759,0.02368321455311207,0.42569380989365024,0.5190557903908358,0.341317086916296,0.025559853827303854,0.02795153019286463,0.022865758608072047,0.10027740036459441,0.44984202431722464,0.12788405818246848,0.144226758015791,0.26159831640272563,0.03351156057427303,0.02041731662635491,0.028225116400548464,0.08756405111441555,0.19243514664340863,0.05325009022196891,0.41924188999523193,0.3092212001110534,0.23439550650210622,0.98305091770334,0.20461457255933413,0.4063344860379439,0.3896130468098142,0.8852943306821897,0.050478065536324356,0.020933463702598767,0.021229820261251465,0.03612543291889652,0.06451726188652378,0.07023330838006901
ADAM17,0.4046123473639883,0.027607104481730312,0.0,0.0442231297956197,0.029554140679166115,0.023685582829846924,0.031175006384109503,0.28154588550438625,0.8204946296457037,0.18722821511418203,0.02304374493138875,0.019185053568083733,0.041745596331402963,0.020901245728782956,0.03386479396476968,0.12507678462755772,0.03920863001184463,0.16534186987671415,0.038408639147717895,0.0603929914573915,0.05636725375958834,0.03338843362627771,0.030858355167835853,0.1534073954455938,0.019603818096566326,0.19857043258844054,0.4859533419097785,0.021722591437778944,0.4734276432326634,0.025097886111863886,0.2788387339903273,0.03813622604746461,0.03672936266809214,0.04554795818998823,0.07679704051194514,0.6400071529030265,0.552611053035362,0.034744373661722464,0.18507516518118713,0.10539021862502504,0.09290596045357365,0.03908504593477094,0.07725534167986085,0.024740859958655218,0.2773438438908516,0.03484348615401398,0.06286348423937721,0.044179702063581815,0.5272884989428036,0.07396352885181899,0.031118656082280604,0.25038473271183653,0.6087482547816165,0.13730455309708153,0.1734026931490786,0.12024520815606178,0.0711850799806349,0.04778295685485602,0.06866230033869045,0.2315986386930772,0.6924004523811157,0.08140095105867694,0.02237718335049685,0.1821770635624636,0.16643371306603338,0.11943232009478028,0.039012947633152176,0.03547830016298924,0.03472274460918493,0.03633003579491829,0.029135040817913932,0.9447676864447755,0.03678499961764076,0.0649485515805372,0.10147244042882701,0.15033024927299032,0.4411831576120566,0.03125692851021608,0.028448727595098613,0.0282675515214939
AP1G1,0.024733728447232508,0.2582815129453145,0.11276261787910086,0.0,0.5749363298440118,0.720910355888611,0.162828905629331,0.02107008543919094,0.973545565302644,0.03625675503801622,0.5581692165952216,0.075077048129912,0.01802457322266273,0.08499996821875284,0.09518899205298904,0.020034789687551628,0.7781768764228824,0.019806974842630592,0.44183354349812026,0.22097471318741538,0.22611175360083302,0.07076142633351108,0.04636183316617814,0.9246845835303625,0.9543576110769898,0.018031305753994566,0.06558228544287686,0.3642544204198631,0.0299411743329353,0.08335554572741789,0.02250211898636058,0.022794697156595805,0.07431527367992041,0.07918594338674378,0.4913421051758513,0.7941530963686876,0.18472582253523162,0.020627280878341318,0.24064177158589653,0.3023692365193201,0.09905927700611061,0.035672034677372046,0.027743722742830285,0.36514494510810125,0.06425223555026024,0.1715196394757896,0.059770445855333976,0.5727239836035642,0.05758290658880667,0.02961851046488934,0.06861719819111185,0.5335591708101569,0.18129468803549148,0.14058145937945837,0.031296652694037565,0.04023886187996095,0.22530516218707505,0.20605732244122307,0.05193417189133581,0.039912312736961615,0.08229881595707707,0.12280126634916486,0.11627215364107149,0.17218758279431773,0.03818943197035607,0.25694158360615493,0.8078640690590679,0.5470539375470647,0.6935136628568219,0.059621784979482166,0.4091898088838938,0.05574341077274756,0.17574092079064774,0.03601060674619824,0.031397604848563694,0.025495853616280595,0.03564590558911363,0.13286725316454595,0.019176739074408807,0.9956849569934887
AP2A1,0.025363999686857052,0.029409615559535175,0.06464277723254495,0.7981729955954777,0.0,0.9682457391924886,0.3495929193982461,0.02550488352915291,0.09256344078465625,0.3366476246221489,0.02301635324301714,0.11322193039524245,0.035454058136737285,0.029222740710257617,0.6126282949521115,0.12879571375602486,0.04954873664054444,0.03230612152160313,0.01900544952492344,0.03008682202557131,0.03722184463872958,0.029435758552892335,0.10669952975062648,0.01837394944470487,0.5365151718574406,0.23827676543045145,0.018967944928860933,0.12724879919837628,0.1144468381771613,0.026057946670102517,0.035642734951581705,0.22844364837106212,0.07563131541760813,0.15816811793406552,0.027165788272137344,0.11408486912785146,0.24415478256238404,0.18590824769122574,0.02200907014170048,0.13166673311202423,0.02383350892633471,0.48992380436654726,0.08110673788599661,0.5709837429329383,0.051267295576057255,0.17134056500903844,0.16341367533168843,0.5711790764603075,0.0969538776928211,0.17747759932633503,0.08038472689703346,0.10958279949575771,0.8150734384026824,0.020876642843111564,0.32212367762318433,0.07654135159284677,0.07014397401922814,0.03133472608437862,0.0289883049910011,0.08892368575928986,0.18767169475251202,0.17674064154578953,0.026661250550392025,0.05005636314666774,0.028551443434398412,0.02409086722508764,0.8753735240718462,0.8187992944670295,0.039302550506614964,0.16967072595346167,0.12835744120745238,0.1578699254913935,0.040486094760074094,0.15086938887416984,0.4066068405423428,0.339235216475874,0.04850234415334916,0.02321987741049983,0.05639741979183129,0.05109404461494642
AP2B1,0.6479479877713404,0.03899266744223402,0.035023354561231394,0.8532797156978774,0.9483594687983594,0.0,0.30464702132223437,0.04379141360998178,0.040090423539286435,0.042077393017646625,0.041455420506090745,0.02862365861933723,0.8567489330421274,0.10872662462527152,0.03441524276442005,0.06678293085882187,0.02838061555938661,0.1284099665696854,0.020093233165062712,0.14052088194166643,0.018750160856962694,0.08087917871280907,0.04453593534983311,0.4794149649094844,0.03384710139835288,0.35967930875357357,0.02835994122147224,0.21019152113092066,0.1285491851120093,0.06815055137693651,0.3899065683737811,0.3106010990619492,0.019229302651527728,0.08105183634242949,0.17911807445952935,0.33851696070196946,0.022163066036722412,0.0668207510813358,0.35772176122938637,0.04718800703036296,0.0711272575988339,0.051776819349194377,0.029803013027312638,0.34353074237808934,0.048333832030685524,0.2663192166728492,0.01915457751544576,0.038208922042462685,0.03179336989254668,0.018289827348645774,0.0336728479883181,0.13136136597270398,0.830731982933527,0.06614440156403138,0.695926847371917,0.4320304718839332,0.3627644331242895,0.09106904425847481,0.028662050352830835,0.024925916874393512,0.05631664675217873,0.0624461366755489,0.03675883440676347,0.6374989355329207,0.1236320410846036,0.9861423802318248,0.7594063058804277,0.052854522325249426,0.1146047285004954,0.08339567319209161,0.5992918012045192,0.1199017668443358,0.02261824820661697,0.12260242709994151,0.06904597039223316,0.03424857386259789,0.07052327546214442,0.7444442629546301,0.021655666179200204,0.9589016326170067
AP3B2,0.23406617162782045,0.30778398537999346,0.07976342306131645,0.29270757633130606,0.3938868910285329,0.4010956947805899,0.0,0.037261730675534954,0.09215129520390672,0.9692508322518725,0.1155588937519789,0.42839383502748074,0.01980204531846568,0.02390317757044342,0.1410063736454864,0.02809701082787485,0.18998305886928835,0.02220336484705553,0.06997667112443165,0.02099334378371416,0.01973853761394005,0.030126053322798496,0.054917393174686774,0.0818309017467295,0.1862600285344533,0.02456738422729162,0.13329944080537365,0.13091405740347045,0.33975148441274633,0.021269852812124287,0.30939280472790476,0.06925709286947944,0.0459945114424486,0.09341629392449459,0.03434527394677795,0.01805118866615039,0.01983132029977021,0.2378648315887975,0.32490756268527693,0.04845128497817747,0.019354617365771296,0.14789530963126812,0.02026730708775052,0.08102275387915656,0.8369471395530623,0.03625110780415654,0.055284570068879234,0.21299382070048217,0.034932954267674766,0.018003971495339232,0.2525230296433112,0.0497161835670328,0.42019842182222183,0.10060072152688286,0.23091842409151261,0.03739977791524813,0.12810177086177674,0.07041823991010912,0.03689601005360409,0.034648044010951326,0.05320335502239957,0.13942248557701306,0.10216373933792572,0.052958462291963965,0.07039233423070569,0.033044097220434596,0.4681628819340752,0.13031975717991853,0.08526692867499273,0.06125926936302279,0.04810014496089046,0.10669722570147967,0.03440841174241991,0.02136749968502084,0.023956433621792228,0.1753163703564231,0.735557385215868,0.05745963277632493,0.16943640133140964,0.09398977870101953
AP4B1,0.01847217276728057,0.022712483420491966,0.26110920576710206,0.019352394394634802,0.02047349302889148,0.025679263203027172,0.023250240448699038,0.0,0.41307001149900124,0.05241576020813073,0.4207357877530666,0.024715532327775864,0.17004760880255165,0.05003912359892621,0.01979925988102593,0.05395848908170482,0.037892733610790576,0.036957021852986265,0.020571134322537477,0.11789407590924554,0.01818981227474037,0.05856401676309077,0.048942825715501695,0.09622322071006914,0.022891353028533006,0.7583711732900229,0.18418834097699363,0.22493431741394732,0.03531491979953447,0.03314203442045224,0.043006674716654716,0.06740572834812174,0.18702231377545178,0.051984115528236,0.03526739811335592,0.018585209680531293,0.3070950807348178,0.02651986131889049,0.07384233799092768,0.240985691979016,0.07255894387161628,0.023721521876528547,0.044575522879637536,0.05579826556956536,0.08481285439488827,0.03248375873586481,0.9325709302984968,0.06630036365662027,0.08435580666094092,0.08024554664819467,0.0723139860002643,0.9962900709442448,0.4862012714276554,0.1137081967802667,0.35765628900250923,0.046048161948017585,0.03662097094770003,0.0241568647710219,0.2449715101591122,0.04660778471032,0.1863238557069389,0.06562948753893852,0.06818737846789692,0.19517965131121306,0.021666260139749604,0.040890579566865454,0.025025091250560915,0.217790333877484,0.02346750628636323,0.06847306714934727,0.029656905839289587,0.1854245992910812,0.045846112582073786,0.10602241755000304,0.327565864480141,0.026193291438324093,0.18341866004657917,0.05843748490603018,0.058880483788478884,0.09006639776443559
AP4E1,0.7954199649639142,0.04403538895076174,0.4251025186505483,0.1733153681315818,0.02766704729634903,0.022466191311223287,0.02701222793485919,0.18694288002538895,0.0,0.05010761169307277,0.019308116419843608,0.020373927008713072,0.018498411630313863,0.07392636267547233,0.06140831557161367,0.11150000805948751,0.08517142141281642,0.01989083409484997,0.029969312547655315,0.024066059232659896,0.056763273827935334,0.032127987053022264,0.20837758480991958,0.051358983731750615,0.7662147559442654,0.09497355402427116,0.030008139590994975,0.04838401929069671,0.09271531440657897,0.13359029714400264,0.0650129778768504,0.04515471598833155,0.05280136509106368,0.018318217958639887,0.4034493925691444,0.07506323394081363,0.02719532397936496,0.04376940771717071,0.9721581893269688,0.026466641097514308,0.06088738776877933,0.022626583190131378,0.05240922156696365,0.7303588502847334,0.08667661802219787,0.028712208485274796,0.020588696555392885,0.06595702368152284,0.0416873413252324,0.04722267986523376,0.018410081233675612,0.02058543866108803,0.09098627632390949,0.054194552222475,0.4355888650406197,0.02273642243005759,0.06848378473924414,0.03354197379909557,0.02493865396971506,0.02365569322556621,0.18353078465254982,0.12777210020225568,0.16956683786356375,0.019138980483153545,0.13662927837875136,0.0499161068398242,0.06322277485120197,0.023469998367081038,0.0397542457883933,0.025909153047840083,0.05357479193828962,0.018799561709397603,0.32756992572131893,0.024719467588029783,0.11181593998522373,0.02205124834537472,0.020653873161866884,0.03253856252333033,0.09548213205806651,0.018502890801785327
AP4M1,0.8993782700350751,0.05976648170689617,0.05661852223761088,0.0210705832876607,0.03217751241350095,0.02121773568491362,0.06100777111513568,0.030360785452929303,0.03697363692795759,0.0,0.07028168846750452,0.1872157061451235,0.16761783308775838,0.29687456739913803,0.26184227663893955,0.056779421788944885,0.022055040176124446,0.027253464698992855,0.037898229835196154,0.027853582722810178,0.02315336474378669,0.03088975145154914,0.11684387758372741,0.022875272648863156,0.436740465592054,0.031854457589558766,0.13683157660447542,0.27739779550166105,0.20060617352439014,0.023617610771673264,0.02961191957682235,0.03753612171450181,0.027620942754230604,0.24713391284905617,0.42370789802625464,0.029548350877929386,0.057480832887969735,0.03057771747938625,0.04089973112817189,0.06744363300311794,0.027798792599335636,0.02839088913690118,0.13321210408235185,0.45511010677127445,0.05594797666851056,0.05877975642286324,0.04722541125931084,0.01953123767981349,0.02386561709733127,0.14595328548193656,0.018487878395595837,0.1564781490534887,0.02774701732849426,0.0416790430329021,0.02588437679081753,0.020686274532187385,0.2187406480497441,0.023514351412196818,0.021837748110941073,0.2159890518629567,0.07720648086130782,0.24431273463039133,0.054457881978997424,0.06585250675904884,0.027860683187870435,0.0982803012548162,0.02568736245222993,0.06274017134190685,0.02948187924037133,0.11942145870799228,0.07823983398321172,0.037633140233975265,0.07163516749845167,0.388481973803179,0.020285621234135316,0.024259981520134786,0.05493416875929748,0.021098740969615493,0.03460658177309874,0.025455045589574312
AP4S1,0.14896624325189398,0.025229432527346156,0.022940368133979736,0.11800365267615291,0.019736245917832025,0.025251367508981784,0.0355490056631747,0.4352474584834949,0.019955385289666228,0.262916644290609,0.0,0.49012822576179893,0.3027309410228777,0.26584909749711527,0.31411698083280426,0.15607769879541336,0.19055496885794748,0.08683142652197619,0.19439679065510748,0.09024438202126583,0.06667409309384749,0.03751634987508483,0.09285699046442905,0.12533343146622955,0.22772227573157416,0.14642978184841354,0.07406897843110767,0.08355708440284851,0.03698322933983646,0.134426896479639,0.052863494277762074,0.423870333324411,0.02711005469046356,0.07139125832545293,0.8735079576678845,0.7419332111877589,0.11757899062570548,0.15125570174057196,0.07157883712692018,0.13287565583967803,0.01803869266710355,0.019508882361540775,0.09496875619828389,0.023411540088171513,0.14498960542476508,0.05562973946930001,0.01802274955723027,0.7186918254733857,0.019920560595764785,0.1097566782847761,0.03174535591415701,0.6312689534115964,0.020316677045069495,0.02347775214284771,0.13582215378110038,0.024518391668916027,0.22766340123443043,0.4701489730242937,0.1410814767048115,0.031695854106027044,0.10897981043122947,0.06800309075956595,0.03173868744901577,0.030540652366991074,0.0686102995903443,0.04203391223505103,0.31975681656546506,0.0648805521016126,0.8541886250686211,0.33317334885683997,0.057709323260344295,0.10824475750383536,0.3929807309891096,0.17878675680964815,0.026361527353080148,0.019693259794366536,0.0567131864261748,0.1696367101023193,0.049133636035614485,0.029318122096581977
APBA1,0.6075239212717028,0.372224993905462,0.019872164811152383,0.052203446319771786,0.05464719875296758,0.024176875844015653,0.12786952865235274,0.029871675360436528,0.02396797226495091,0.9872466703954398,0.9034233930166319,0.0,0.5254148801434518,0.1526937522278979,0.06805209574728265,0.03249320348624082,0.20567177115011784,0.06210596887174858,0.018650421853651154,0.8387389892627468,0.07259142817413383,0.05018718621979553,0.4772399686918165,0.030475136649018637,0.048027904696552576,0.33564763741353826,0.23308120347307296,0.31193748625841766,0.023124172020874148,0.027560708026195025,0.051446658421824776,0.1358642326732686,0.0696530615470893,0.020953655157778105,0.600063335448157,0.19453303214674927,0.3783745291500744,0.40898009881792075,0.3881162312102376,0.38785226989196253,0.05670358113515063,0.024023665930788154,0.1054207466393356,0.12232217983021763,0.156885578879145,0.047442105033807434,0.16615600001990374,0.05454057499589792,0.17289454105704166,0.10698873784376996,0.14809469356456043,0.0873885222504107,0.0782604493362186,0.6701684930724531,0.1410188955797498,0.12562826437135743,0.7040915624916358,0.019145076463984674,0.05576902301462068,0.4104094925268346,0.29106152796289103,0.04018070947124076,0.09928480312054229,0.024531976656033322,0.03630287846200695,0.5438747298019678,0.03668147987383138,0.11094161727188925,0.438024848481919,0.11814873557455302,0.07343747187597174,0.04851568063844918,0.018715907895557698,0.4177395027782341,0.09938308748607787,0.053148117345718476,0.6843805615130375,0.10781186048190709,0.34713077029076245,0.6465035680427965
APBA2,0.7449750604659571,0.044505374198643435,0.04690393720464747,0.018007134635953728,0.024227141802917684,0.21648866802777,0.018716412628248757,0.2406108598875667,0.018866791382764026,0.8622089918753307,0.4201800957649421,0.2742177190193963,0.0,0.14593643178580368,0.022566977562848478,0.5622099624200773,0.10006662872442784,0.04252625330260716,0.03292741330555328,0.03194081964283845,0.0402177038882925,0.06230835742042632,0.0564986255789163,0.05639804018070498,0.03248780606275888,0.045120583537108946,0.03651572439145954,0.0933617253070479,0.468749038701792,0.022888187873218616,0.17354612834498903,0.08676251782610947,0.1728833730484573,0.02263982796374518,0.2943486788800136,0.020544369388187024,0.021532324499165353,0.01863094874586699,0.022122820061794057,0.03534623793844823,0.6016733518586262,0.06591546082668244,0.0531630606600272,0.6710913407387914,0.07346077767140341,0.14541721395638954,0.030960267169452108,0.421952526982096,0.08359053481959115,0.028476055623280372,0.03160262748554602,0.030887653769259255,0.05314297673731648,0.08364354047110892,0.03218376155452521,0.03645694471290632,0.3410533723662503,0.08165599324640385,0.021701898477411673,0.11209564026047773,0.7357336160418382,0.04350397717693429,0.05621702788030889,0.04859896591998829,0.022023972127323627,0.49318353435845985,0.5188355018485146,0.08648434401561388,0.024584597465508683,0.022583391675216287,0.03537513110856464,0.07618150790896673,0.03354048010676255,0.02806653546335698,0.16990886611946232,0.07373632003007244,0.018458682136573902,0.07260395901715455,0.02377127243833859,0.06693762751304892
APOE,0.5012528210802141,0.2753323949073477,0.02222165749296301,0.05187090133949451,0.023384976072035837,0.05204731689093412,0.020802419347240884,0.0787215385233844,0.2880859422069154,0.9956341312602448,0.5700023016935614,0.12825816528798803,0.22407428359153622,0.0,0.9999570325437563,0.0984744223152674,0.018406139572392493,0.021276771959253985,0.9908193013340433,0.023651820939857668,0.16202259284526518,0.05113639341342731,0.10295795742765194,0.019796242465950045,0.134868643767686,0.12892143123881222,0.04764687654284536,0.03145540755236244,0.14388373026401038,0.04580844854212802,0.12207660492774593,0.035410039730250926,0.09805261211294956,0.6785370523650377,0.41364354102242495,0.07361328512617009,0.12953381452658344,0.18335179746637212,0.1898264445939091,0.060826269590063396,0.02822325777015343,0.020547725959751743,0.019835383728832093,0.11433177347040333,0.09171261231090434,0.02627340056989409,0.06126531852130371,0.08662287412535281,0.5615396572027934,0.14681586898601634,0.1089608195666291,0.2671451406775921,0.13686690388737702,0.018314538835387827,0.10747598226428853,0.022350872984085193,0.028264674863881407,0.039190030080684876,0.15674248699688784,0.05986837024766807,0.034347503836797036,0.03145926599007563,0.05878377503625676,0.033398062342886066,0.03231570132044481,0.8854817903799981,0.037949480846179724,0.48648534093273943,0.09092034104918251,0.21376692094820232,0.5672028008530251,0.08998987882333423,0.03066312863165291,0.31749577844333604,0.019157864702887776,0.02164689847327331,0.2986841339939093,0.11161559071620387,0.02944592460155,0.07380996359847414
APP,0.022497160049195355,0.17063504432189505,0.03651032285214454,0.04464843281320292,0.11028276043518684,0.024280292268978796,0.04271888087363651,0.020104055334727585,0.1333709196804458,0.9561195129890442,0.4188537910620725,0.047520854502548,0.02247501738091135,0.999235430550412,0.0,0.12466825553610164,0.1968323626852008,0.075419076795671,0.43328598954012165,0.05265676096735756,0.0441418154594684,0.020406377997516538,0.11489829784662892,0.03800139596121605,0.17088337711306134,0.026761337821997622,0.426244011047037,0.07755085371199569,0.09021770218140447,0.07291858343747254,0.2050709171430718,0.038259645187320925,0.19337153970619614,0.03832842174919437,0.12463819376951432,0.04613042339263532,0.02464995799525282,0.4517322577765121,0.12087500112270685,0.03449398770575787,0.027687310669868858,0.021913021656002486,0.11884558152737762,0.13959797509222469,0.1565410615215697,0.022154930610311114,0.23972899103197495,0.02060822595360093,0.07843354823529766,0.13072302035110425,0.028622480947070494,0.018137812373734515,0.020324257418584905,0.02589187613611149,0.5178553735781303,0.03798879190493764,0.03393796720847658,0.03604600603471582,0.054025308703744376,0.028563493089618305,0.03748522071074762,0.04551375531489111,0.019502345394366568,0.10454444815175687,0.04145788825128504,0.018227465577527933,0.13937560617364247,0.059304568485168706,0.08041131017267995,0.035774750184703004,0.49026594335955687,0.38124273425820093,0.26728413647998983,0.019931226687737606,0.06758943022627137,0.056040274173102894,0.03603814489387793,0.043350469252798965,0.059554425073166904,0.05864382127769208
ARF6,0.02454692042269489,0.10392496983557412,0.21079343033917336,0.019238823566712453,0.049400484940315396,0.03663192698568005,0.022221895367883455,0.0782208708744044,0.4368882867831193,0.3341296540714636,0.28324230762564223,0.02964188256484368,0.702524228851664,0.08732026979158006,0.16632949755520615,0.0,0.4691002360571494,0.195974667073221,0.01883019375852277,0.07919890329958998,0.15632006703335496,0.18494651574448231,0.02437553927545206,0.03627465277838641,0.11439857771915266,0.0416716648384075,0.05949445173081784,0.09400687445810436,0.03300361864017551,0.055877866081422034,0.11255114331883495,0.027164061006526814,0.02064021082267784,0.031076198452256957,0.09223191970646089,0.9906723447106531,0.037005877097761666,0.06506534695392133,0.906359737891373,0.22132861225302647,0.18441256781204268,0.02124305685190888,0.06163130598406805,0.23077285254301122,0.05631329849090141,0.033357037869883026,0.09222739469150852,0.1228032055432357,0.02963269891600311,0.04722709515346702,0.5399176759567934,0.14796958452550918,0.026038353996341527,0.3464848156532826,0.11941347973940769,0.03201362144329628,0.03309390422376059,0.12581401124869132,0.018135211348156245,0.024774911101738496,0.7276519528691635,0.32632559322991495,0.12780745125392232,0.06817952201411236,0.11545845133480694,0.09783683509091691,0.6649796473802321,0.4897539104454577,0.028990073486718625,0.4718395855208586,0.120668974064028,0.08608713951125342,0.04989261955514808,0.06406303638881673,0.11305084931374423,0.045403613517543136,0.2272832777805912,0.07023573160912522,0.06206515169241624,0.0327682162200061
BACE1,0.047634892653847016,0.023402146648218932,0.04486238502430815,0.26022308005803546,0.0284930566667268,0.02243360814114979,0.05149774908171845,0.044423328338873705,0.2409859531177647,0.02993921013808875,0.2803725742947586,0.12070078540077823,0.10513400417690213,0.01833595830987164,0.21790154911093834,0.37607531539892997,0.0,0.02799361017716702,0.09930107795654343,0.1172590997892493,0.15982859798621674,0.04155516983381094,0.061481854365871856,0.03517765217757969,0.4062514516385642,0.14343190690801,0.026621542058360672,0.037448227522981735,0.3895701938904526,0.2398773353518248,0.11434891775115462,0.203786349248593,0.11000274780031453,0.03769609591008694,0.0727512790878689,0.07432387298841554,0.030225797135839443,0.17162139998548065,0.8914530632890713,0.06043632873348126,0.12215431370138306,0.10320247396427697,0.04778463271512011,0.032634302893804604,0.6711533103613795,0.02259092809971529,0.03577959883313085,0.3646396318008147,0.2913830468839554,0.10738685683024929,0.19026583500828906,0.397765500104447,0.032643578412019085,0.4866012806802202,0.3093077460775977,0.06930313923121774,0.3539770246364578,0.07655677010955274,0.02489513832647489,0.10785416693003555,0.021041053318530994,0.04484115853923626,0.03630883896682062,0.04737261150825159,0.025573060865817804,0.4165997311788445,0.14113534443289674,0.366158010161395,0.06775672875728267,0.47269187414361596,0.02939384893728133,0.04755544453202649,0.21554545385601873,0.6759633634976783,0.13379324045444072,0.05099908642211662,0.08243868650052184,0.20076855675317165,0.14222739554136277,0.3924247991339333
BIN1,0.14810509052127455,0.9356351108011641,0.816923722194639,0.020006759476337635,0.03019461286006413,0.11689083553229601,0.021454299192762705,0.09681469846561759,0.025417851955043088,0.12930724812196284,0.46805531847099374,0.1109514800633144,0.09907187269827876,0.023678498892037873,0.28454991631277354,0.641251577391287,0.042644232285422246,0.0,0.06827917776861694,0.05989440668467064,0.33999537787363393,0.09421716985024896,0.36882396084218344,0.0574596580733763,0.054106006555926,0.022305050844277117,0.01974362299070706,0.01948240817915853,0.38422277745745653,0.06085317772199577,0.6280386194801115,0.03187337096634476,0.2890804654329314,0.14825918230002005,0.06277456922190318,0.8673158261640052,0.13690234304077223,0.3889268421588106,0.04101727633229005,0.06368610717652527,0.12154091185454774,0.12071386201122516,0.08077911332830882,0.040082193106484094,0.3512357493252707,0.9539700282571104,0.8771850242063263,0.2819374109762728,0.04531304584351296,0.21999718099866097,0.09781551448892951,0.12453894100896133,0.09032472942611702,0.5891642859378419,0.2530559410188365,0.6879031317553196,0.02192597400905402,0.23062354842634022,0.11062291410760959,0.3768899763778377,0.053479359591430124,0.10348799642935141,0.20626490983257695,0.09069333298153738,0.09852259606668594,0.27275409560023123,0.05570116794709638,0.9613240564123617,0.22025019493481088,0.8492084413922438,0.018804331954722395,0.1838517431189971,0.08782953676691962,0.026936524697317447,0.09034656203177814,0.10103889333267248,0.12721908798825493,0.18741369262912486,0.2214845750313399,0.06358596981709584
CLU,0.03297948379982972,0.04151952372632284,0.059378921316759765,0.2422166546143314,0.018598990330912654,0.01933444325460237,0.039655731331752854,0.02242030119795579,0.059439912325290445,0.19664289830092407,0.5418242709774276,0.018668436594180247,0.04159246777031678,0.9969214859585477,0.7836473469118511,0.019018289611835538,0.1712753375194377,0.04536382130800277,0.0,0.027401734968135798,0.020258183181125662,0.1870060868464668,0.05035338243216872,0.020779274579942,0.038338667044365796,0.08828382871370748,0.45816629998122005,0.02014478655820265,0.06045249624989308,0.019511939789636872,0.27165993408093386,0.08733095058427433,0.5410272189800769,0.038428641035744664,0.022921241927886048,0.6136311208746278,0.48554682349577943,0.039582865198194914,0.32059165012531043,0.11706327495975356,0.02730856738254546,0.113013210174133,0.02965262542227679,0.9536590699211567,0.23396280795198723,0.044764807049634564,0.528368840827961,0.764202184878572,0.10578061544968738,0.05025716177902395,0.3362798544588578,0.036971087868485415,0.6334902047226746,0.8770366031434038,0.34722013038565214,0.09406301528739,0.021422039157623324,0.09450744113976434,0.0373506366665047,0.19964591788512126,0.029157735955802885,0.07540556801525901,0.07407149217652777,0.8646497885618466,0.023557035605260807,0.36582403668549246,0.12651442758263107,0.14421152814287125,0.9948739794916147,0.08426771110497039,0.05144246899810551,0.049033626449515394,0.14960876678609678,0.020129606681853124,0.14161519301856137,0.11901308710231567,0.6706012020881308,0.3213656139249218,0.05029708536470402,0.05949531711609611
COPA,0.13336268817170013,0.021497969092030746,0.1377346120159051,0.1494784314437418,0.025284183197372235,0.07958974902008542,0.019813257509424014,0.3889962190282079,0.03789845955205148,0.08680434818692656,0.2627679138668206,0.9092078130403781,0.042703495010917615,0.025146358114358662,0.0919358374200912,0.12411183974499052,0.2512019922021731,0.04443512798382082,0.028418381812319215,0.0,0.826613922414524,0.5405336155853663,0.1758099025829428,0.999843677626591,0.8595716645439996,0.44072492701755356,0.18357216508888863,0.14005717261311765,0.3637146420756691,0.0209261412191953,0.08115453712362056,0.04004189510140002,0.026820111837148608,0.061840528429454325,0.02373581614533798,0.08545674658674451,0.023882991586882424,0.018284921392961347,0.08405377491553649,0.02618560759809255,0.022056786246698927,0.034079006917543946,0.27711290137008776,0.044447935771701946,0.2156887949926762,0.17743954441635737,0.03989394072711811,0.15627142816587894,0.09116321516587678,0.038845276727533046,0.03796620805905003,0.06790894592528267,0.0932670102919284,0.020234793552504727,0.2608767542076852,0.10577188420515932,0.018358315274988015,0.029289369190424037,0.13536001646752077,0.33776690922148417,0.4887157564255494,0.0243512019542774,0.02775145588814664,0.1570299802211633,0.161653586054265,0.3043038067988471,0.14445843396033634,0.019984443704269977,0.1144966712368198,0.22600491431462266,0.6363864729701145,0.28207258825106657,0.04449212275665125,0.17302727608218166,0.03687320544177394,0.15180930893486136,0.025295480191718376,0.031845935417336546,0.021363144345009792,0.5776852649450486
COPB1,0.02714141982775743,0.038660079830418866,0.13313588026351056,0.16566837519999736,0.029729343456048128,0.018547987414017423,0.01911076083281514,0.018367064158237068,0.30870937056691605,0.046945188956837476,0.18148567811216795,0.09030900650874528,0.06327484399719731,0.2707852634879934,0.0748248849798165,0.30827361471212084,0.39689159788777795,0.1978839348107652,0.020581903333079844,0.8580727704772927,0.0,0.6522257531497504,0.022579101322800235,0.9989986791867808,0.9889192082274396,0.9797467157855105,0.022614412319081248,0.15360816377027497,0.33226023243429703,0.6993030072393407,0.023597257250252895,0.24901654036197252,0.024381023674556235,0.2455673737947211,0.12570492450008913,0.7336035251869423,0.0218165812334693,0.026900194465060628,0.6854791350722019,0.02426465175292199,0.042254787564331465,0.046917123758274434,0.10687109859073994,0.10704053468929052,0.07725196198464357,0.024583976756480413,0.02612130552214525,0.16807229216112018,0.05079322735912297,0.17462149858962162,0.02100970960949821,0.028025966733719807,0.019354768891996776,0.18685653848256098,0.023609919808498137,0.027221516611142606,0.04234073295309228,0.2222300256996494,0.03055582025458684,0.09105363755340196,0.019104770563220165,0.17055300678585517,0.046111824171060564,0.04022303652261863,0.5951522731197345,0.8677744585339474,0.02455340876954609,0.02004624563239592,0.18119634017151254,0.04471031907137597,0.2255575390271403,0.10789899284687325,0.037322896625901894,0.8968181867009409,0.029191428385510847,0.02138507518837897,0.5884739424497862,0.025084956558289306,0.030110507754341122,0.028112078339845255
COPB2,0.03247373087568594,0.4248745272478063,0.05855434675153968,0.06378220155682567,0.02588480239233531,0.0596965003601267,0.025806714545485637,0.17343681320724363,0.09197826887588313,0.15156254084422066,0.07463248336239929,0.06420851034256615,0.1390789507669383,0.0742138133819581,0.02234470231353408,0.43015123608246897,0.0699553961806626,0.07242936113159164,0.28343904758916627,0.6569275136670687,0.7228726021579925,0.0,0.712701488340074,0.9785462167914393,0.5368002828122623,0.9681136614490676,0.04151630438179674,0.8192315527705526,0.03965889122054874,0.05873837327387587,0.025410072350622075,0.1809672522938463,0.10505402020779882,0.43924453803834895,0.5367250560076148,0.21326126267794032,0.31128872145992087,0.0358208302712241,0.9235790077286075,0.039146861097456645,0.6035713466826714,0.05250878825178443,0.06423003783539202,0.023642271129778496,0.021601457070998937,0.01829533541444061,0.20419134949102802,0.1793844606184502,0.03172631061753172,0.14452706465069537,0.09280109021544763,0.7159487447203433,0.11808640629498536,0.027410503633638058,0.027333723078901456,0.126649033351537,0.06746441940731504,0.05083749763140876,0.0471227921339434,0.052313187466682017,0.09182527073697186,0.05148384064416401,0.020575554772312453,0.6557084321296455,0.09538680369303497,0.03656660167754573,0.07885027711162276,0.6171275654556007,0.06003619528166339,0.17275836562521993,0.02262611357008393,0.13997417016108304,0.10743938624307381,0.16145669539472582,0.23438845869253921,0.02248845588418785,0.9927955485096254,0.6831062489470558,0.02051285167398007,0.06355508588327993
COPE,0.8682225167944992,0.035158900416961965,0.03127219531569787,0.02870974455884415,0.0368206697558923,0.02642799307962164,0.027357420908999328,0.05194403000273563,0.5192361672979449,0.5800607883934866,0.09941174088780745,0.19646838674703668,0.050418194498109865,0.06507862142028381,0.09901800207218467,0.022843033305453616,0.05270591338367562,0.07853163850618246,0.0351089344013503,0.07299634661414885,0.02047708013147188,0.19949113235902374,0.0,0.49239637396075814,0.034228944883879224,0.8512091957108172,0.21036903321185998,0.7160944141276014,0.06145265736874209,0.027685624956328533,0.03404234290758544,0.14537323140558253,0.027546248373628443,0.182957524885807,0.07033694689472872,0.11504402028930771,0.0321501513560171,0.04653726616827891,0.7600501006687725,0.023824796869197605,0.06650565542285806,0.024959228995135856,0.26454729419152734,0.22319118218342182,0.2581602248021255,0.05088244228769544,0.02871580409773273,0.85597483088105,0.03342634447643059,0.04781374450712383,0.08296291992615051,0.03889807140129263,0.020215383439370464,0.06216345928648935,0.16099393457111055,0.025649877882538624,0.050236949835040456,0.09923460602394794,0.07012146250782099,0.05947474316475276,0.0854074595603095,0.040079058841380626,0.30223900346623966,0.12266226579111467,0.0773414216617564,0.04855642951919394,0.04570541715200051,0.05417495721392378,0.06581546520670437,0.07916876579644821,0.37400503108650773,0.07821563906804989,0.032014876282047244,0.03526831625552066,0.04576548436970334,0.07567182670437045,0.03278407887347465,0.027809348630235216,0.027202543645800735,0.03867923753116699
COPG1,0.08999205877789604,0.04039144724795862,0.30546108535508226,0.5787695499896692,0.018191102599723553,0.14592021888152035,0.038998725075358606,0.1863846229674806,0.14722940249626065,0.03647956794492308,0.2508432579216559,0.02887610867893188,0.07162443950115084,0.019766855050241148,0.04528955523257749,0.03790549498708592,0.03963000487780984,0.036352902526919556,0.02040488784904435,0.9980940059774933,0.987967345882623,0.8359171990618172,0.7976715651585959,0.0,0.9982568238437074,0.05002890310093096,0.08576236413019286,0.670597591017911,0.030279683435106865,0.05482008893355588,0.12071605009940317,0.08478191523551146,0.11102512014778285,0.05905120465121916,0.3226999954917253,0.6788631070218897,0.03969024380098384,0.04992717447963823,0.07848252866766359,0.20015728096872656,0.018094301715921746,0.026381789442290714,0.2009248650815006,0.03037795369923111,0.04482610045959506,0.30935563155070406,0.042689325825201394,0.9547094294585381,0.018470599518387934,0.16564479846281013,0.06782021082323711,0.9755148557797738,0.02801297565126449,0.020428566617117002,0.4668438484346444,0.023830780315410287,0.024105566638644726,0.03307843003833286,0.04197075947059638,0.37693612072904403,0.02541985908611536,0.04210683177239478,0.04279769181951928,0.03128170063859669,0.3333015984123012,0.8536572776073996,0.02582708933345787,0.11690706336383919,0.07280969022229607,0.1321688170287231,0.01802633851598208,0.10000039924733597,0.053827891796589,0.027498128151355595,0.04137960411538143,0.01894284686026798,0.25417198356459453,0.45501421373027473,0.05971782427231431,0.33423630250092395
COPG2,0.01956449209285586,0.030698292608916183,0.01947390803051829,0.2906429387404558,0.07343731283036985,0.022886553940170123,0.040888238064182854,0.022644740287026385,0.9586647685269876,0.9668475099963025,0.1996623998004192,0.03244622212243032,0.029038074364322375,0.06930940525690364,0.11858276620855235,0.06799342760701411,0.23902950390769065,0.028065997471870725,0.0279831004903742,0.2908104930905821,0.5880201073656554,0.11773622005997057,0.03211971561101016,0.9471676508455337,0.0,0.06788693079991565,0.08816149353446182,0.024812332944433968,0.4257836967636767,0.06503085009408681,0.19431181359361477,0.025384588212007966,0.06179120768375726,0.04742947680988878,0.03179286060448843,0.05434885069921511,0.03524344122150546,0.22189770490605443,0.021738357968206567,0.15161161066943404,0.08055366572599795,0.06072670871337256,0.06007438707413616,0.020791457083944507,0.514115478275418,0.024107228469998458,0.4036475649172227,0.21665515043051864,0.05315898254953005,0.07409453098821188,0.10924900505865802,0.7861304916056533,0.05105650226834718,0.027774211914190796,0.0503762013785155,0.18610608677625748,0.030500519790924167,0.09856800758761668,0.04712921860250242,0.04126304306090924,0.03615790902256795,0.01829254090428954,0.026024992537951586,0.9517174182869721,0.09061207481736859,0.40921139103681015,0.1451541931008743,0.1272777419987668,0.11197036418655539,0.07572341198625118,0.018807684673129727,0.13310189690919727,0.41853868371940245,0.0400311910051377,0.1697990259022778,0.20671972915273296,0.12356866357603728,0.0656232626758246,0.04557159106178803,0.07257642834876474
COPZ1,0.21248508026698115,0.027898457488340998,0.30597860869858945,0.018012542685269452,0.06458569519490802,0.0926405556674876,0.020654103141601335,0.9242276174440276,0.3061656644730541,0.07770920028740018,0.22840783828570954,0.20111125500168667,0.0480933260840869,0.1007763534964909,0.027733544685629486,0.039529818977000294,0.15433684630851302,0.020157784549832976,0.06188515705810126,0.20800042334379734,0.7939806629409796,0.6677447749823617,0.9450465599902846,0.044362691093574935,0.10219593250475542,0.0,0.05989533827575635,0.05396325373644184,0.17580396551253138,0.09792413966995214,0.03617106937140821,0.1924891987487135,0.06535699954285958,0.06515155684228756,0.03202798604889413,0.02702522583367057,0.1795550998045347,0.06222277249272157,0.06384232025282774,0.04868117145323852,0.28400603534504154,0.11456933219602651,0.027774020979529745,0.24516187409175025,0.06478895693307139,0.07923534875686344,0.18863021801401642,0.1844707475531429,0.08724881553318033,0.04917477562487854,0.03545980291930552,0.026631995440977017,0.12043657791510828,0.24702234923941555,0.22323546425461546,0.02306300310768812,0.1101976184297861,0.8574009861450138,0.03945202477436432,0.0963907664516996,0.37016006929553785,0.13690667079728447,0.06357405125447271,0.08043877414771577,0.07853409140157595,0.8882581555887231,0.03015377837316734,0.0248741491159498,0.0558884026580092,0.04521190477495735,0.23538882295470379,0.7267917942058468,0.12084199139431044,0.29036054686503704,0.07510409981270333,0.05312157103975606,0.03723772791464491,0.024887244559844087,0.050793197744496844,0.10661365409685976
ECE1,0.02927450716983846,0.02961692700937987,0.5605959790073344,0.035281119651427655,0.0183844965170194,0.02201171249367241,0.04031326893425014,0.23096468040015006,0.04077110089274874,0.7218796657440284,0.08437389929013345,0.11458256746040381,0.03509251906742568,0.03796249158435851,0.39103374882658126,0.048457770749092896,0.02575616634321114,0.01878551710070483,0.19754530020086208,0.08047529065072986,0.020629197185956048,0.02876562933986547,0.2334238671824069,0.061073467769981536,0.11305291410594506,0.05207291926148366,0.0,0.03516738424243271,0.03282771358424148,0.020226318495123984,0.16056310680742822,0.49350500607510994,0.21190247265290504,0.04986656938663645,0.2519728623397752,0.9800095325105858,0.15526233960819769,0.28278419789108306,0.019060402101799365,0.7289889852508162,0.030480085687547443,0.029113699136502264,0.018955010243873912,0.02026190476477709,0.3381553067073074,0.08297820882463483,0.019646843429957546,0.043193224588999095,0.05110150042173681,0.26864595113216244,0.04579685475328422,0.16665463319608897,0.11437687854595018,0.42046381099628644,0.4005929560119553,0.03326021999642902,0.020041716101519152,0.04086776850909386,0.04773488330182054,0.2333315277570271,0.07867384481910349,0.025869100225921475,0.04874284364037294,0.6065860859863591,0.04582903904149171,0.020246699507141194,0.4795759491868864,0.5490843178138238,0.023404315149254232,0.057112564399356386,0.32252738945159165,0.7365550953636335,0.5831785264876319,0.018658639583298935,0.2566400774832965,0.08824906124829272,0.0751747685998216,0.04632169051625514,0.01800274968220314,0.027527437158564753
EIF2S1,0.4123330629095393,0.037030935752273335,0.021715612558976922,0.08661475061959974,0.03890180440118736,0.052056348744520975,0.03778188363427257,0.2413134997029663,0.07736627388023182,0.9226945994532646,0.08564433648315856,0.1270022484447696,0.07664594245940425,0.026750073818399202,0.06649436669727317,0.06461839175770187,0.0335626754187785,0.018618967612616028,0.01931591019070683,0.060911214943341056,0.06138605107526975,0.2414083631330485,0.6894375431497914,0.3522743574536537,0.025472026327447855,0.04430403003211254,0.033519265406160174,0.0,0.11898465574580051,0.07868213826026711,0.035799376267194295,0.20167561873263284,0.8232985284814649,0.10291938375405103,0.8966130113449917,0.5291647858544223,0.7809478970252537,0.09698812809526727,0.41619445262127086,0.054079054916943814,0.14528883592672623,0.11536367280501073,0.03557771118214313,0.07156289882192672,0.08858238089883738,0.7414418276104536,0.06629767035505411,0.8567308094161565,0.16806888027455077,0.21275120361940378,0.018167131123210816,0.05159375259569746,0.1965250826700381,0.302109218480358,0.6461838509037061,0.16697399014628847,0.12284884343909368,0.09244065612794242,0.05235913975250412,0.026208958316778164,0.0370014178484314,0.065416995375024,0.15146943623910866,0.0182580068032687,0.022101405274390327,0.11669142051813476,0.07550530387650617,0.03890696010940164,0.11042834029912389,0.032126679152105785,0.17574844414117521,0.31715326768062324,0.08069210604944724,0.13401772874573886,0.2729655757621435,0.024125890149421996,0.052607198286834196,0.6573404486905358,0.023152986674383425,0.20505905348681752
GGA1,0.30407015541126636,0.086884912918153,0.6294225780915148,0.023903190443032362,0.041901587354957304,0.047311714232009736,0.0695792204489133,0.040457295168633535,0.26600837291148743,0.9238620983385415,0.04218131985126026,0.021733010172796562,0.48797778077602405,0.10252680928169616,0.0957177142632405,0.030924844321211505,0.38089427071582127,0.097827901459383,0.04398393943534637,0.15713585613358103,0.1341857361791626,0.029052561802160464,0.07216574502829985,0.02785469207948116,0.6606291555983365,0.15958112489854384,0.034455745981684854,0.15819859222799917,0.0,0.9090313427298494,0.22102173035269163,0.05534573042842068,0.025588870268769028,0.15254390425156067,0.07626025596297958,0.2232756144431349,0.020823913581044025,0.2672073151452422,0.8167098102535962,0.12875662129643403,0.05406831936608333,0.16280219679889021,0.2899509251346969,0.02889650654327039,0.030431749170458565,0.0339583963778827,0.023117289368284756,0.03878711740626726,0.25296308521160693,0.09388102008247685,0.056001374406409725,0.04660691598203846,0.02041190346118476,0.022623953993285293,0.08346451755906754,0.027170337307022976,0.07444104430904029,0.30135699362231794,0.019914315672321277,0.31256128725963045,0.06101357868302525,0.07033391019029718,0.4424574412222285,0.02271877372504215,0.03905629710606152,0.06229099436341892,0.06553726096180884,0.029043012640785605,0.2671827941427779,0.2097576902557414,0.03466727409864309,0.048909858056895586,0.0776415259938017,0.042971584623482786,0.2923540393891181,0.09392389805900074,0.024711548331850363,0.02559917424183363,0.049427376415011395,0.0789964066282591
GGA2,0.712821795362234,0.08306424459828285,0.0272802540282771,0.04562320953155361,0.021490928032167008,0.03599029313037355,0.01940934838391812,0.039611396326026914,0.4948711125526266,0.03706044103084828,0.21836914127260987,0.025417971263088243,0.023428788112950075,0.041330331418470145,0.08535134131630337,0.05342946963776986,0.2750132328282814,0.03506287729915765,0.019179130049239105,0.020075069368000988,0.34753123448609247,0.039020319473115246,0.030436783023817315,0.04927319640013714,0.10063041196165153,0.1018884637391495,0.020616698094858717,0.11205775613900498,0.9415404627113122,0.0,0.03983588437637361,0.06055526050913083,0.03983232877602667,0.022799731526876102,0.10380534193918586,0.036308119305115405,0.04232606914538121,0.21877540903988182,0.019508093832335538,0.5140488460557777,0.35600977801542527,0.05705185209469876,0.04279022839653246,0.029781150348530336,0.02901808937914641,0.15241070958876726,0.9475857244071659,0.23322224770203737,0.2939690821398256,0.031038387537484335,0.02924425705132026,0.4556536396281158,0.7341584134131435,0.036004555727850135,0.6332786333755696,0.4430569691674584,0.02132449823001785,0.018263608210167932,0.01831792469606285,0.06551359789560136,0.10400732037589126,0.9535035915271702,0.6311173455075472,0.255481796352547,0.02545965107734288,0.6064729152972131,0.15254420347708805,0.0532103570864379,0.05756240004900615,0.020002049594824222,0.11972002012486593,0.20750803337741783,0.15711934898933522,0.25978117648595567,0.12664913204295702,0.08270763026759106,0.07233406042477793,0.20908696504476698,0.03088873443256331,0.5820619895873053
GGA3,0.08513821777271233,0.04251786737770176,0.6333639221263134,0.021104182844235722,0.02661701049234748,0.1390205490544303,0.09346116401490576,0.06816988155556,0.2627876440691034,0.08498094321290156,0.09045958835127814,0.0495928391133529,0.3074736297615676,0.13531221838546328,0.38237724260365386,0.1433134626156541,0.17898911449802504,0.25387280266520035,0.23705071462275584,0.06658013749551298,0.022527847807352782,0.023503835952564875,0.04530616751822194,0.13767874906996244,0.5411049372331416,0.04211596627629807,0.3208953673036338,0.049985869393727504,0.380261943037921,0.0462663434335583,0.0,0.030563939587163,0.01971866809145483,0.02851580841954426,0.3175699619624492,0.9919960902123233,0.03180692771856281,0.024234100086383225,0.8741777221211148,0.1058673900550598,0.3184700065636058,0.49169804692865177,0.032531881181327965,0.05834673276458223,0.022343530142727948,0.10730699988923306,0.07028503152792927,0.13482002465268722,0.04641655925164164,0.03302529308645074,0.022881548517843322,0.04696225029732274,0.0819805497513833,0.11593894034554221,0.15201163476144525,0.02045772523620879,0.2303523078522451,0.08441107587389568,0.07594976554281671,0.10060463183727605,0.1029692673052477,0.07543488957625509,0.03617076846421299,0.12762172486741577,0.08701978134547776,0.2688933499034702,0.04572952904820959,0.1097159581357214,0.06961526794237707,0.2434841212584032,0.06122484428684428,0.023772988704245275,0.03484659378456671,0.08428554292709318,0.050536399480057254,0.05178348846512985,0.025759024402555727,0.5218434209066773,0.15780613897820578,0.12698590396083387
GORASP1,0.2573034110067198,0.05779919431426566,0.03678309887596116,0.020037029675963353,0.04805204091626548,0.06021725167539369,0.02884680506127673,0.06609232195564896,0.06580186386617692,0.07827402989448506,0.3962118525608002,0.06435462246025585,0.06742138165498392,0.02845877097265457,0.034185295275102105,0.024306900696604416,0.13405577053356826,0.02279210852583689,0.04702749116478078,0.028028556922912843,0.07811546875802709,0.05893576065562793,0.12662818383375796,0.05274737893806639,0.025656620957721477,0.11910866018480319,0.3807873512419755,0.1825572239745815,0.045256917205744034,0.0455011132110008,0.025248762787647448,0.0,0.3036387074898084,0.08737057179380679,0.373327999835892,0.0541687615659884,0.08389863517969706,0.022928910875669804,0.24690793573978778,0.3751641611698803,0.050032190275736306,0.05097012256993633,0.05462967503812798,0.31205713554389736,0.07561878818479403,0.16315442145745349,0.02028752645945351,0.15151415516058378,0.16643411481480508,0.09883314547795441,0.02153987879741852,0.3263181980153483,0.03213515748341494,0.42445438759698273,0.46687830213296433,0.05473339964100989,0.05916554128055611,0.01809831237537442,0.19561162814018826,0.023516345152497634,0.023186460453035095,0.06193167055921576,0.02107564651422921,0.05446990981316555,0.04678825073064339,0.6874471860429685,0.026812162435404078,0.4011359372038589,0.21873679303172272,0.03493785071783806,0.2530047094679266,0.7943186291084416,0.21174316008106484,0.04098510899015669,0.07813196567939992,0.021224442947170883,0.4976954354739125,0.2533747415247465,0.029365540035986532,0.05305068659286056
HSPA5,0.02529378992143109,0.16309530758667395,0.061721655958303354,0.05911992262844269,0.047396568520958846,0.018868779727777747,0.03266761447370396,0.6380137077142521,0.24914507185129098,0.08567486710804752,0.037158152288662774,0.08227732120457244,0.430901373211698,0.14239717750530032,0.5009002578368414,0.021618321046325033,0.23725972206919488,0.16004382252265317,0.6400778902844056,0.026935344665258227,0.024155713906728125,0.0895625608326401,0.03703706198867968,0.16989694555605878,0.17058177281659898,0.11035641066121583,0.587501302852036,0.9965805991079701,0.0304743154421761,0.054122999999423646,0.02002838697766055,0.8593591650472123,0.0,0.7629834239675928,0.9990078465546579,0.2824519907388196,0.03750743803838103,0.17949826142906689,0.2196577364252692,0.28606681089930075,0.018742661740890825,0.11356248410540402,0.5649038838231649,0.5114281814950973,0.16083834165582078,0.22590379595530072,0.19643505845239456,0.044368320579420514,0.4111122575730072,0.021429755362636565,0.018239458600463648,0.13800992129674922,0.14803631335467454,0.044570021334000745,0.02100097437986667,0.10792843950152128,0.4478165540540579,0.45539771533478945,0.01876247888143789,0.10552905357296977,0.23028522374643642,0.02194470731545988,0.10491703171724154,0.022239838611660276,0.08395537523576459,0.9392111497319797,0.08313200591740712,0.03815367509528199,0.07791214745122943,0.7089817316668958,0.11693688576869123,0.13903022443828805,0.27233718702762016,0.022213400500510735,0.6061206824035854,0.20526085615852774,0.5254739788964793,0.9300319948596202,0.1068419548438503,0.10114404126827296
HSPA9,0.03516433483531736,0.025801598265862074,0.0724324762131077,0.05316709462978592,0.06597833805573439,0.04645235484273118,0.04514293201956003,0.09266577795601934,0.018745159670794882,0.9951441387964188,0.1433702915555016,0.020888420046990833,0.024405639136394933,0.7507514309571318,0.049788893005279035,0.0339112620679946,0.04649942785290889,0.07427627565725145,0.03712802752072318,0.05335707547160592,0.17113027259623761,0.25946543031196384,0.4253260142519228,0.06565767851038122,0.08636694169010176,0.08762061557405228,0.07457206345691998,0.22848144343580407,0.2639436821298175,0.023959897876454174,0.0287218235320521,0.20298073939697067,0.6198227058233711,0.0,0.6794739155709365,0.020469346260068397,0.586594507527617,0.04921049212144364,0.09277286840404213,0.02551861950223946,0.08686519307708165,0.9482870234100473,0.5028184238312192,0.31078998261039575,0.21915665814951463,0.045572362876060445,0.5862221998715078,0.3624660776110422,0.02951519404480161,0.021735466882991987,0.06915718257073593,0.03496922261590058,0.4883827849085746,0.04706626510668418,0.04648490385763531,0.5572460656862115,0.10304258118192453,0.46152397261294403,0.03468706498099289,0.7598300794720977,0.037027425323218184,0.07374759692468777,0.022199467813756646,0.04498260764712868,0.027710211303082273,0.09113068000349127,0.5255144783037732,0.028151485048942184,0.06715920169162416,0.07613458612324722,0.3475575517457399,0.052309262601886924,0.06765483549582026,0.0726385462410492,0.1492868162797449,0.4963044281774268,0.14743797107717502,0.11296689717060003,0.06704788075841084,0.05326972184416707
IDE,0.31869822779249224,0.0860685790885046,0.05170120285508261,0.06706746523254345,0.02016175115963155,0.03675615964853878,0.02131966219988475,0.029758224720102165,0.4706900207150551,0.8426011586603028,0.5879059179045381,0.1250242873763073,0.11661443368036922,0.10603966139259188,0.06414620199714213,0.04508482876783497,0.04278189512051708,0.026724787595551924,0.020083073423391922,0.0202003082421079,0.0401432467568899,0.07952965085193701,0.04731957202004994,0.09059436053928624,0.028087000458391367,0.0253096272796346,0.11411644813030258,0.6101328219402019,0.04448570814718575,0.05031980342585828,0.0804778938283578,0.2039292512199465,0.6252186964697013,0.1495320189652277,0.0,0.6027228597809198,0.02172875213986117,0.04955290690779371,0.714155796058888,0.5437237220276862,0.020420339246952707,0.058282965148390965,0.0206614373412459,0.06452175924916262,0.034401688471892754,0.04598888907780333,0.1569219074338958,0.3058322984405397,0.1810533414392685,0.04872107167143102,0.022300425280390435,0.04045117358053136,0.020293727842036237,0.05129192038261573,0.044759924808677604,0.05164403253888868,0.07327175742865216,0.35739908977088164,0.031602412015106385,0.1059075202621647,0.05374557371418634,0.337825878513467,0.025125728984530638,0.02105446738067452,0.03489607993122368,0.039716506169172945,0.05943845557675651,0.2136001776549852,0.23758599551195878,0.11414954996556284,0.35463166350717423,0.039686054349832106,0.02614988789744136,0.1522556429936516,0.025792905054615445,0.07924817339499407,0.4216036461986865,0.04912768107757973,0.034445058414869334,0.043791803582175215
ITPR1,0.11577475732767566,0.1465515235462982,0.5997817822289867,0.17710110272165205,0.03622494856584886,0.06401609356598977,0.0180088611352905,0.018582953714439077,0.13457209201140655,0.04944304098481003,0.7226102951193378,0.08364226560617638,0.020122840372845827,0.04755448748765896,0.04048343001028578,0.9165340727493605,0.057883773821279884,0.17527758328132156,0.21533195020088394,0.04349408150428011,0.2112758612819066,0.0657496777731003,0.1034777532099536,0.3309370041093201,0.05694869402718127,0.02480105081979342,0.9552505278920752,0.49246249459518515,0.1516514333560425,0.03091254680017002,0.8448998927723589,0.054864187018132456,0.09059039170767622,0.019528181753275864,0.8697558340017045,0.0,0.019192749200005757,0.07821952319812367,0.9791382554105951,0.029351425003216424,0.16575318682713816,0.09533906769690535,0.018709739030341562,0.05496278114432391,0.1451980715277297,0.048845211820545874,0.4645779939845492,0.7409458803561617,0.03203913407033105,0.32392458255970136,0.06731630866047304,0.37141420936820824,0.5689843541414695,0.09822061170196857,0.39114281696902986,0.08182042158205155,0.08546405172772964,0.16821002644301958,0.057962116888826846,0.03768167654709009,0.056116570340056425,0.669564282262618,0.07989436475669938,0.47375758708763877,0.023997475365905237,0.020610788732755486,0.197503787627861,0.019762293510795215,0.027818176123405387,0.9715748207088009,0.09208871181897135,0.03739259018952153,0.15295827425462963,0.04410712634637634,0.01823812708227988,0.06572742850768823,0.9711573985138966,0.691333792163411,0.027258605919018557,0.03686461427483062
ITPR2,0.09623300780644134,0.12328029136445516,0.9489094216033378,0.11689296522465564,0.10030815934331744,0.020713119869438044,0.01906432038658332,0.805341066491425,0.0491432120196769,0.5542073772849498,0.33673788097108914,0.43171268672490537,0.023305252292472725,0.1742548035549129,0.02853888949401159,0.04452721582081956,0.037088567270328124,0.0785112829459321,0.5206793309229246,0.023566088388547037,0.021456850933539072,0.22001368948886832,0.04542441257185851,0.04584820446017,0.05895535881713963,0.34043163664019327,0.3828666448953017,0.9907946635130452,0.02211925241812641,0.055039734387831246,0.0337037304856009,0.22802938284526847,0.03597357220078931,0.6729542751740403,0.027645638552514323,0.020093806957587168,0.0,0.03835197612387557,0.5216598279076006,0.7621128022565047,0.38450920994759724,0.061407797863368495,0.029649850633115236,0.08086681518582083,0.04126597299038551,0.11360011477892987,0.08354357397147252,0.02380924909903877,0.022958303553438402,0.07500024902623706,0.06630151783375578,0.07339872640139719,0.06631331820616955,0.9387168726530786,0.19300653126727008,0.04335868209356812,0.8867890977364002,0.019371343162985867,0.02778875679066508,0.02474880690016325,0.03678695122157794,0.031126892394417485,0.05519790888549435,0.5677024772601893,0.09951081836137037,0.0377107513279849,0.2422969667419702,0.0552827844744552,0.053346339568713305,0.03033078196168145,0.06572156680796572,0.19253153513193613,0.07267039218249627,0.026585929922308703,0.03909719504542177,0.09225999071231862,0.3194201566044666,0.1072956484475812,0.02599722230027371,0.07130460640130212
LRP1,0.22165574368296628,0.06645108080988199,0.06696095798311268,0.0205343111259256,0.11434073068749216,0.05379187712492526,0.1276285080554578,0.0403312889106419,0.22501924665699935,0.1602837558326926,0.6646722875003975,0.678933443879853,0.01914416318863137,0.4003618615319344,0.9462837757768792,0.1266338430703592,0.542721529635437,0.29055200740060844,0.04893779402683955,0.018336694441942407,0.02826565815894223,0.03703547250416017,0.1123611083358427,0.07843544401524213,0.882253972852132,0.1336027002326474,0.8539361456309342,0.3968878272748643,0.7679998750391865,0.5998328837790632,0.026933212185202504,0.03007732517648864,0.2450998972826299,0.06828644766790959,0.2560805585777911,0.31417738305475595,0.04551954499151612,0.0,0.11590954192527195,0.6522682914890205,0.2768379354699223,0.05559401102184819,0.28284921488199244,0.07672885149899238,0.6780689466422705,0.23121401032323063,0.038690102189853325,0.49427372377666573,0.5890457838325397,0.09563218236727511,0.07732784136841145,0.02043709773583587,0.032349729500066746,0.06716535639740412,0.7461045516134442,0.8934026764710747,0.18089733099766717,0.712422295543192,0.1213964993997711,0.41105370134238955,0.10907326705882255,0.31352438323346393,0.6093574786349873,0.8192677354203927,0.05117625428613055,0.4618191131492411,0.02095383907638419,0.062450138824413325,0.9928631599331249,0.04665069515204537,0.04740238907891282,0.024160297773409244,0.3396455096935629,0.019308386978885136,0.21566239861334285,0.059698591083339705,0.8308659937821484,0.30197176769970974,0.3041256857416967,0.0674991240300412
MAP2K3,0.393692467036053,0.024243592174441993,0.06949419414251025,0.03773733182956807,0.018780522636683,0.0385487137673876,0.03427518885845903,0.041084467870536066,0.9083322748442163,0.04771904162901894,0.03982063138220543,0.061810870958797816,0.019906047602655477,0.04788325791216308,0.047637971755305576,0.21146177776837005,0.2496746644031376,0.02199138833311421,0.05431348835132685,0.02992977052616298,0.0746866513073827,0.10723737016462542,0.23270612521253756,0.032882711759115744,0.02017259372798941,0.03232531655993138,0.01853589270641477,0.12429328149992129,0.20366634835627914,0.018650127026442243,0.1447636438766782,0.09052443593801722,0.042078013149680994,0.03337598700150772,0.4519339558561456,0.63450798101088,0.06837312996243673,0.03057858241461835,0.0,0.09886570625359906,0.029791503615199656,0.023531087795671396,0.061229246411020656,0.7659183501564931,0.03925534911350909,0.06282539781206892,0.08161541673023197,0.2390312292997934,0.05626150626585951,0.021962296688597425,0.018865195224223842,0.1171836551395777,0.020242575628458388,0.07886346245178896,0.03562717267005943,0.02113816598468399,0.022452382390524394,0.06515097100583343,0.030169921377510504,0.1712092704597781,0.09857430096251554,0.024369303546465097,0.054519853844770004,0.022103456763895413,0.05296159150488595,0.047106433264809934,0.19768974229120712,0.03169898942350636,0.20707851292808171,0.07605024660458751,0.01807951778889634,0.028769185690239514,0.0622348642693009,0.04793730015880594,0.03502939003787069,0.026357754818318518,0.05895752081534763,0.042597995751117605,0.02197980545713946,0.04462355305662847
MAPK14,0.023047103389677814,0.07012242920744584,0.16536583705791028,0.1126832549973182,0.049050464519230445,0.029974160445150787,0.028587369450288582,0.44448638711690025,0.03747615729236032,0.43734081119671847,0.2258173912460287,0.2559036514807733,0.03833483236120637,0.05452594266072574,0.03780032500658682,0.2124447527290108,0.06705132152898029,0.03651632738814578,0.08284178685581194,0.023770668827328235,0.022259046198514296,0.030200464017378952,0.025539995569895092,0.16964923904711235,0.30117317613969435,0.05099460339170548,0.8734941770165591,0.07301431213504121,0.15395451005472005,0.5365294019491151,0.08329082845106785,0.6665688219405961,0.14977816776163622,0.024175018535710153,0.9680323675778653,0.03443291711871815,0.5049021244559414,0.25535372510930326,0.52553414878792,0.0,0.7347863380976954,0.04342397791982238,0.44281996061128853,0.27067970784171547,0.48210619032509716,0.01928291700346062,0.04051812503268705,0.17602718374885834,0.04433514890067221,0.09145557041572079,0.0634775335609531,0.03942497334498198,0.16671420446985574,0.06463456909751544,0.15245582213060255,0.16168420083950216,0.12069261343341903,0.03252318533483741,0.03099855270147455,0.065986843176885,0.026530495691126182,0.7649669193680834,0.0510853036286851,0.05538926050598444,0.02619030441227007,0.6819491941205874,0.057666454938883886,0.05991752743671604,0.021831369571940422,0.025368942249305096,0.10636399754220707,0.7228767497704259,0.03312609422544715,0.019560426682301214,0.07796739100842791,0.021721660018692017,0.04569324089655757,0.055016638567942554,0.04022394355569518,0.12471398682537492
MAPKAPK2,0.06494084993981099,0.040098070966641454,0.20572184434563032,0.0641353103052053,0.02123565128951683,0.04330550067288374,0.018737526378001985,0.15611857246177083,0.250419718506474,0.07326034649468675,0.0180685427219304,0.056420725178344205,0.8757813272220235,0.02941601399714237,0.03249345024333965,0.2622492566805163,0.20665763952461236,0.06588079377950981,0.026967039037716842,0.021577371047547266,0.03740369242352106,0.3846603101248241,0.12343979288776023,0.018106193493250235,0.19947363185604805,0.46889976857069665,0.03815211750448236,0.3623035275530166,0.076244724086428,0.547342948738053,0.3415919350420218,0.09183359839302514,0.018652234993407478,0.08902218872873188,0.023575107349959056,0.452929845296622,0.3328750607321179,0.15635419052569524,0.07072737586440146,0.8847013142358856,0.0,0.0396164104207976,0.020306458872524993,0.05317824652780965,0.16389318683542822,0.18990883773088077,0.14729503791315998,0.05847776289751542,0.04393018807793428,0.3774849835080742,0.04306919783589882,0.1990345730591889,0.05369808944075421,0.15867446121910317,0.9148014782531748,0.07262753934018616,0.09821085272315003,0.02128106068604213,0.02126391837486358,0.8882780285463987,0.8678708486183231,0.26706129370326126,0.07206501294766804,0.033122321822875674,0.031155721467027254,0.10286550454071106,0.0643811305198388,0.27536171567421786,0.1506881006024822,0.034384053956316704,0.15670048658390973,0.71289540232122,0.030581297038931404,0.041447288857437314,0.02174377255139383,0.03553209436543343,0.5131547338610412,0.13459400006382347,0.06363461899339132,0.14243372928856154
MFN2,0.06672493359324567,0.036807037373748436,0.09599938003207871,0.036995954311389585,0.340691729493983,0.04692879410707693,0.09937895641343217,0.03371026808267446,0.03805928968713005,0.14124662033187818,0.021579579609381328,0.027151941469264185,0.19856194985811146,0.022145627689938892,0.02649964286109688,0.023815937466407144,0.36447332437427726,0.11129203532637735,0.21286576082587672,0.040586780403121525,0.057905813901495476,0.060973609901511454,0.03624726242982343,0.03299227827354058,0.27110602394463335,0.38379075863128026,0.04784600612239605,0.582073150646418,0.6161480780036782,0.130479086445145,0.8654377074975949,0.18106011568740765,0.1761305822953448,0.9976489320379153,0.4307026917538624,0.501035318098262,0.09164471969733186,0.06136041786549433,0.051302655406539686,0.08038308199643247,0.0553115164764286,0.0,0.7201214541517651,0.6854126128884688,0.04108913475242675,0.19625449909675152,0.16280489368169287,0.8436814222225094,0.3787934091771911,0.022910054410567295,0.1076064488658966,0.39253311731263235,0.06488671972158067,0.33819838981804123,0.15840633237758645,0.03452614971922877,0.36441750835010406,0.03719523645009936,0.019407646231363637,0.01856618004695402,0.021610991742694628,0.0667291450111719,0.46215451011108627,0.06550706387473422,0.03386961686353461,0.11647246941065514,0.055507944843712805,0.11455993305651664,0.9225219650924319,0.024336839104121957,0.05194347621008285,0.17507640210026454,0.019116171959398538,0.0564449847263005,0.06458988022663066,0.9890009743302626,0.2381653890784067,0.04397976036339713,0.03246513275502138,0.0573099633930135
MIA3,0.06552184764507137,0.06939333492205231,0.15683345756910166,0.024687183364752282,0.04387347305707163,0.02470241960807933,0.019214483615577954,0.07419125731220039,0.1848135929951983,0.9488836130265743,0.2161542984672909,0.10310255110530464,0.07571122507973137,0.01999642019437631,0.21733745687989067,0.07540214101664536,0.06343483437708557,0.049092380506711386,0.029084567913825243,0.21228427784753484,0.08252239642350756,0.04953135109636947,0.606186644350816,0.24616159233006776,0.12629181662778774,0.030923399299562268,0.01937446676127623,0.05068022266054211,0.5174939291045652,0.051537557109509996,0.0329763271437439,0.10358907546740705,0.43221083055351744,0.5101019126929325,0.024107925164340703,0.019145716456134273,0.028607478031869166,0.15660202243052157,0.3705102554647032,0.621300394612651,0.020284534041464148,0.35986178245078676,0.0,0.8092338891210306,0.03220482826037468,0.9125874010568655,0.020859951923359925,0.11797508154016675,0.20430143825607303,0.05791939152009127,0.022672447921547656,0.9508019850012561,0.0667342931635505,0.026481560403874314,0.7522111344797792,0.04928107873518993,0.04334312425891905,0.3535664203781369,0.09178913133389204,0.0741266616863098,0.24121070630848118,0.06183409093356976,0.1568640448094345,0.03149731521111718,0.24219150476845358,0.04279179618795429,0.256943229996194,0.03045130508032583,0.7654320116064987,0.0428106325194658,0.7265330042790844,0.02352169329400899,0.1451920558812385,0.05678582401116092,0.2517988676375663,0.020800175350603113,0.9770096077901309,0.1314217603481381,0.0965121899914171,0.04870769891631213
NCSTN,0.32080779952183647,0.06069710584076601,0.02385496252264332,0.07308657925715484,0.07261347400591268,0.05840029291138868,0.029436220199554643,0.05084666516385271,0.9309867131158523,0.9613589302562572,0.02281404872024724,0.055313928634012154,0.41527481011775086,0.058809317003174974,0.09313312913793302,0.10889582265861815,0.02819487887148403,0.02450841010323981,0.47957837559700445,0.028700521308128148,0.044132061563171954,0.020397527722270353,0.16491496226671654,0.025152011665104182,0.02066965131628445,0.1283520338635035,0.019838891522866445,0.06147842121158857,0.025813150282147385,0.02571211954722777,0.036394041692571204,0.2662776065940102,0.12498532758270946,0.10649085795622978,0.08537087130969596,0.05033301678418413,0.040905613755943364,0.034302255655975104,0.9855553187763316,0.12809378013435246,0.0337180603389415,0.1111073146904586,0.3016134072469958,0.0,0.02636323077685246,0.03256821997500479,0.06455013811627093,0.02989967274019279,0.0906961912831203,0.6597065376968522,0.019777611627826208,0.10596480674616231,0.03047720203354358,0.01851623393878929,0.018237060323007554,0.11234841489057062,0.058323736225952744,0.2862613660985574,0.019929896413280624,0.26933483374328726,0.11600317622309844,0.16452656603519084,0.14496800904582294,0.05461171626386684,0.027324685239238134,0.9547132026741089,0.14788929172714396,0.02191541628216073,0.3453313209678497,0.11419196779159158,0.3441624074350843,0.08427707809706836,0.04625562513771986,0.08426605637513206,0.2665832055610125,0.9231860738933308,0.2304598757905425,0.05136916168525261,0.05370966496343966,0.04056412431028607
OSBP,0.04108078614840689,0.0686809731799586,0.4938203094482792,0.040157536424102816,0.03051062909199048,0.03070100164163958,0.20910294886608644,0.14094340778543385,0.31182030038224756,0.32587772654833574,0.26152045690035064,0.11503271136205709,0.08935739188381868,0.08191606012893332,0.21441578905224545,0.056431956141170386,0.7754399825300721,0.11076729510763329,0.1566728767535784,0.12475785175791011,0.05234732773151349,0.020366087767768798,0.4388211196973803,0.04255253833699439,0.851227220102731,0.07066085835745266,0.5104828820015507,0.13996874710317722,0.0324512623024601,0.02963238419741039,0.02175388017593756,0.1251443247610753,0.09616750650796807,0.16181727709785784,0.05765685920073819,0.27350875096705196,0.03486622594076382,0.2823717081212723,0.10698051884547756,0.5030894360979428,0.12053575984685751,0.029431163919088857,0.029641877962015385,0.03158470749786226,0.0,0.28523835512831336,0.06847202205607197,0.33709596350462645,0.025649082009648463,0.17667846214741692,0.04990412253407862,0.021205991112443423,0.4278769036880498,0.14452449022269037,0.6542858369779072,0.03102780925380605,0.18568925609722112,0.06077431527971482,0.048958123167628174,0.01824952438980943,0.18476484495802806,0.04732284946778915,0.02791913246298096,0.15012582729226862,0.04124243192642038,0.02283255026612414,0.058167812643001277,0.02166148752209156,0.03154593967948886,0.5772878936731582,0.6558859945251212,0.9988360671983262,0.044850820782979736,0.036715801029836945,0.15618299046503017,0.035572838021700505,0.5483662536059757,0.018176753891938076,0.09925758711030422,0.028653982653915264
PICALM,0.5001970239308446,0.03248654036663577,0.04626198608729783,0.08827414522974115,0.06489068097155505,0.09636747772973252,0.02594340516071838,0.04311406134400902,0.04859015748193679,0.439206811694034,0.09176577643851745,0.04431031389084404,0.23229478059900938,0.026460675176480083,0.023489202467398412,0.03547168960489762,0.0237543271651352,0.5920091222947862,0.041076272021123586,0.1247493806963124,0.02308333041752742,0.018215954395837765,0.07614268428450614,0.3336696713276447,0.02834151813549591,0.10141206644332569,0.13363200030122002,0.9632238102772644,0.03932726932019548,0.20094162968537896,0.10077202642832787,0.3936152782056876,0.15169732940194464,0.043446964275642826,0.11174021477151624,0.07850142698862252,0.09102931490075433,0.11785632125414684,0.3397909745126611,0.01944711749517362,0.1648733170652638,0.0901034839830838,0.8777443006738487,0.0468351206982308,0.350837534218426,0.0,0.8775760481628608,0.08743136943428213,0.09657639917758098,0.755109103699348,0.040477598540796335,0.15335484562511215,0.06378799862717516,0.9002849988632475,0.22872716737188797,0.03159496782234017,0.15415856409498183,0.1019081128912075,0.05253535823950471,0.061902993704339354,0.051407146381227606,0.08356950112839424,0.10355773587438785,0.5093830044923154,0.5267783775446445,0.1071832733251315,0.04627272931655797,0.4827507371287262,0.09557182413725393,0.752163982807777,0.30255063455814574,0.9345033736889095,0.03589312014963048,0.3312249046938058,0.17243481680253872,0.06583701219779131,0.918312984458204,0.12001616211171966,0.05646437622279528,0.1179826255601549
PLCG2,0.05821192250728849,0.052028976661150764,0.048621646096756004,0.028486558447415544,0.03613872658871785,0.018357908704538982,0.024913651660862672,0.8055658862679358,0.021094388463451196,0.08938249300097996,0.018015623469530173,0.058444418240110874,0.026226150392508585,0.03602054725001135,0.12008354894409677,0.04919224841179305,0.028603605213009572,0.1238180070135994,0.12443771822580028,0.02596645562111605,0.02119913820117916,0.05131090644837105,0.025814239368187518,0.029516981140490298,0.2874809192601078,0.08665220105105442,0.019192070878426715,0.05083172517069223,0.021333565155696503,0.58781494087771,0.037388060484636415,0.01987896438249427,0.055971724349211195,0.15058515276376336,0.1888994779724446,0.303230570754824,0.03811943473413557,0.024313372189045692,0.1463396024043985,0.029775652541833588,0.054817589362339686,0.04100438972173376,0.019423427008865426,0.05648638413125816,0.04072485796355281,0.32912736061796016,0.0,0.07869578729089877,0.12368383072272358,0.13334377721715615,0.0360418194894704,0.3206361935195784,0.032368659767569766,0.03730409024873392,0.03195367012696373,0.02849428556172981,0.1764217856753286,0.0508691582413459,0.04237566700385204,0.050660743950334416,0.04072429223768851,0.04040540530322065,0.04558861612739339,0.14175772297180145,0.13225338809832163,0.05922909809121078,0.05390559071583726,0.47008146747836355,0.11546054513885397,0.037329904761194056,0.08278366124460287,0.9994252814545584,0.025781445218151608,0.027818609551710234,0.025202244007558067,0.05498575260140576,0.04100922681923746,0.05538297872429812,0.02641478265141474,0.035347641631098006
PLG,0.10248237097739553,0.036495763162428946,0.03313844471739741,0.06851280473945406,0.05270477271471638,0.02221362977115605,0.034253959131501,0.04518836218940126,0.06682462674313985,0.02025838380742372,0.35540838451795354,0.029380444414285823,0.1402747458634613,0.03879824987261103,0.019528830160414814,0.05000488017935254,0.11750301142085932,0.0430641218366151,0.14279418211788572,0.043434704495801384,0.04324838600727464,0.04192678020225118,0.45494044713769033,0.36361084141315553,0.11832238321907668,0.0687105210273331,0.03129551141669275,0.48127971588607044,0.028184796428852188,0.07725998113900268,0.04618407196302668,0.08473259620533384,0.025608071440541155,0.07840231669842719,0.26634663137840897,0.3897791461309308,0.020192632609729956,0.06488315220740293,0.3649752552118326,0.06296365796496536,0.030387662171219357,0.0951183593086164,0.04238824507357254,0.026544432596926716,0.09295492402872646,0.0384342644240571,0.06408108138695258,0.0,0.028345900270476013,0.039396736505541076,0.11797243052016072,0.04577305603916999,0.01933065680046927,0.08211562458954817,0.05834905040309994,0.05759219203835804,0.08222300497999085,0.23076749094041155,0.027418775699043614,0.018805984814703306,0.02621840211845218,0.03805308423789495,0.10849423050350075,0.666017055323989,0.024123026801793,0.022550582055127326,0.038400956133941566,0.018035049736166712,0.04625191665470363,0.2872113724275801,0.09775917095344772,0.027511242252856335,0.057088985500837276,0.0673959454699994,0.06904356855307758,0.03319037233021912,0.5211786006490988,0.025275211944472208,0.08685677556581753,0.04766108457750742
PREB,0.08425151202211124,0.020819214145918977,0.5845620289541045,0.03257573417038145,0.036103777532103594,0.02305616892113355,0.023223989276068044,0.09676920981462987,0.06686201917516668,0.03392764594041371,0.02007584657495506,0.08818769796860702,0.07495222608436604,0.30692803458058565,0.0723571844919338,0.02696510742593799,0.230835382100327,0.027541456172785528,0.059627898494012996,0.04933262728908382,0.03323691676055166,0.02457572203825744,0.03406656494314765,0.018354066570742403,0.06195249441976514,0.0710578009113863,0.05016245628799405,0.1885664482853091,0.2057385385329723,0.20377781966621625,0.035321185719484914,0.2063344610683316,0.14256233027735357,0.0254272038788615,0.4135869836718473,0.03387764587390396,0.021044500762939,0.1517324759544268,0.145976228122591,0.03796160359519103,0.03329246229875426,0.08958206904765628,0.1023811480986071,0.12160527546100004,0.023969702872648106,0.06289206955173983,0.2191269375692483,0.03649142469253253,0.0,0.13215084492825108,0.0485028569351976,0.2412752605791249,0.07752970572300082,0.047235093176657084,0.08860546906423572,0.15385281684416874,0.2808021756080594,0.9189233836055443,0.07878343540324749,0.382303793911762,0.1758511695554914,0.05279383386479916,0.04849715642733673,0.36901548974797677,0.11375186322491473,0.21980918603509705,0.2759983593834696,0.1112927535301973,0.045972139107151415,0.03605351621157631,0.05939524329468975,0.5617655923133595,0.024142940698543204,0.030999046370525234,0.08454223521387849,0.07597047819219366,0.07882534782768541,0.03505403222818173,0.21780280699936683,0.025401239946989604
PSEN1,0.04022601427602547,0.09512096731103802,0.06811155016707406,0.02252380577701415,0.042594850677526636,0.01810288526393627,0.01799225921467506,0.07714311080921063,0.06890174609442393,0.6170748279772311,0.10202687821850828,0.05425580737245857,0.026271956772545072,0.07546781488382526,0.09677401095773405,0.03617239121793312,0.07619412707809649,0.052813618652384924,0.03318984315010209,0.027415021455559,0.061702456920404686,0.05134403443020634,0.04414174547698503,0.08431157717204105,0.07598184517847177,0.03912016223731021,0.2008131355589299,0.18751152906258198,0.06912332836647178,0.027113250634349544,0.02641061140280009,0.09689833845881513,0.019768474716600575,0.020230606120869965,0.06541500627403134,0.30715041511815677,0.041114739235423706,0.03973893682540167,0.025161237305090536,0.0601839400490908,0.13436378403506902,0.019945067763591336,0.03718732694887727,0.7208872757458863,0.09708388603192904,0.3444198019302411,0.18696891259240986,0.05310531036577626,0.10753652777392887,0.0,0.03420446546418027,0.0210881369441261,0.09734127420199631,0.020783288559959194,0.08388967760781897,0.10162803442354451,0.03466873160084026,0.6654034346641072,0.03858799055793579,0.16225640974213948,0.02135298135669176,0.033273237824355276,0.030375537563143234,0.5522345327983322,0.044275747453043024,0.018306588864075848,0.02126148289634742,0.04676653300734877,0.07825564169658218,0.022175965722375676,0.06809579433694804,0.16493903285276604,0.06074267207927395,0.0571554547000928,0.018721363329330575,0.10022803019704392,0.7375952709559513,0.0786246539044988,0.06005962039907174,0.025219248059006594
RAB1A,0.22726672832583011,0.7074523505895879,0.06531927714877528,0.08222372551223882,0.07087717058902017,0.03325381772296382,0.18532616417889192,0.39499260907549283,0.019539653128374482,0.020684133160201977,0.07003739061134008,0.37067372911097185,0.05771573127366377,0.31285101421794564,0.0479728139136423,0.9735240749834523,0.7641052253818861,0.10310558034493898,0.7286153098170945,0.05025319217152197,0.022096826066429123,0.13332188688122412,0.4293895760111846,0.16398738396098234,0.7136524530928879,0.06662102569133801,0.13406025467636554,0.018421250174052124,0.16916745588794002,0.04512930695373671,0.026415342622979007,0.028220018742256436,0.018333338762802083,0.14242468508732267,0.03646320981374529,0.353486999204215,0.1156324904005853,0.09918922415982669,0.02204431775729916,0.17343726360681525,0.06867809342933695,0.12343538027267026,0.025816311125054385,0.023216845351639405,0.11128216824192805,0.06823580084606191,0.13614763428067503,0.9526822151194159,0.15575002433347074,0.08890265697107737,0.0,0.9603390656024787,0.24092604967312403,0.026979857293556436,0.39749031752092756,0.12512441384921086,0.2908738957769937,0.023123936295669775,0.020124435625003,0.043070865491054454,0.04762474573985337,0.03183099429293803,0.0717630291020918,0.045502985642523315,0.05841339842043486,0.045821311796946124,0.1804312355955243,0.04749351981907002,0.08554126346955006,0.05079336637218181,0.2410367307461138,0.18714441062668588,0.020355419665713918,0.3631758073925482,0.14424666570746839,0.31397042866380925,0.4575591380312863,0.3422719876393653,0.4059967939143944,0.024742864577682495
RAB1B,0.02037135365262697,0.09778331834311253,0.28364549659220323,0.12940343624999745,0.03813112561808887,0.043874620361943326,0.02666949114551873,0.9985135275496799,0.02225799139618283,0.773566088379928,0.7094131459882368,0.05379274764595784,0.0297162054640348,0.14772773068114872,0.018129453178577677,0.1020895978073152,0.3161826162663399,0.04479374774423102,0.029131610805528545,0.040983188358281644,0.02336342942417897,0.21503692036248392,0.03988535292395607,0.8659677892176064,0.8891742350264544,0.02528086089951778,0.16134780249041739,0.05490756778355444,0.04283154966854472,0.3171288443319886,0.035665597748871444,0.4119522991903253,0.06393573572810346,0.028664611099268326,0.058650682710948365,0.4551238343954057,0.04492234037618969,0.019231452457460975,0.4392306786893504,0.034478087363223844,0.0991858377947089,0.09215609066925377,0.6966822789908887,0.14590871617428053,0.020554128628723165,0.09030634745977958,0.586896300535441,0.07625227283299517,0.24229892122989688,0.02151592847633241,0.3081256232090658,0.0,0.032892002936409794,0.054273474268347485,0.1058235062983561,0.046544917928944565,0.01882347897573518,0.04028000764403734,0.07548944436041052,0.06423548067323813,0.07957180954960887,0.06897241760257854,0.08288211036234909,0.644571435768798,0.14172602885868055,0.5801449657450855,0.034568692089986607,0.03679905994551701,0.09360305778695163,0.05511525445261849,0.0410213975307076,0.02592076446339665,0.35085686246848896,0.28399167178705753,0.061096262902838955,0.14722377918143636,0.0768816526593203,0.13785452658344824,0.10161044764465836,0.06299763178114652
RTN3,0.06245283716419317,0.02457998343348805,0.9792393327327368,0.1310278539523978,0.42851404019638106,0.515636087627088,0.16212741179574078,0.9615136068530175,0.6181684248069669,0.08889341175456741,0.02239390849987735,0.09571379660850554,0.09412452408468766,0.21567707513452652,0.021809991137889718,0.029675932764031666,0.04390226403587709,0.06266689373929814,0.7438041678665449,0.09695925637337789,0.019330504939835715,0.10203464527597404,0.02199895019519677,0.031612194976337576,0.1261694289890874,0.252074547433996,0.31203688672863933,0.6434354958110359,0.02179637557964679,0.9563139085961461,0.10705805751686825,0.05242385880186568,0.1520329635350853,0.6493376544145921,0.024170520266899996,0.979295838267974,0.07295400873354148,0.030070775141749103,0.026124120623715153,0.33276043598723737,0.06292217908710587,0.050646377164369705,0.0815728901138702,0.05111623830793854,0.7348345319851436,0.08458063953999592,0.06581801723784997,0.02170764318899652,0.1899518816058783,0.33972292448062885,0.13184931636183594,0.04897212489596462,0.0,0.9030207207733457,0.21747455031172808,0.03223692162637042,0.04751891085017768,0.15417484088646427,0.06706842236873488,0.13008602696228938,0.01917017601419453,0.02543065444521473,0.022218742006364787,0.18835308085345562,0.06920677288627389,0.08609163350781081,0.678789737249797,0.07730672483936082,0.11320622900300165,0.24669195450233564,0.018974744312303785,0.09948355655603652,0.08688430420511717,0.08924105727987296,0.05584362385565279,0.07040687134570461,0.1390768783120137,0.03356896919210987,0.02917484858254895,0.02569119579600605
RTN4,0.022053633744080443,0.025412793491393398,0.34748022305140724,0.08568736690625554,0.019660143555448407,0.041741312575572544,0.04844784617300915,0.29732021434708344,0.20639726652900214,0.24515348544986637,0.027434866527155353,0.6786732905131675,0.1411915259839467,0.018349807358589675,0.029834120506555286,0.5054771178521122,0.7742455904632493,0.2581631187308201,0.8650308932133303,0.020006194783422533,0.1408322442040263,0.02529720964286023,0.11466010519382774,0.020752663066961937,0.03735680498854473,0.4212827386708544,0.7906966488332532,0.718651403426081,0.02445109620342445,0.04259059631674906,0.12542855685325666,0.8863428563770237,0.040528535212955165,0.048386034649723714,0.15982997295061946,0.24721611592758336,0.9153512860416437,0.04999870188419208,0.5757460265446169,0.0845295153520046,0.1626815518646421,0.16181053377092336,0.026705291911425365,0.018929579570534157,0.20589447083189805,0.9389546422315824,0.07429619706444139,0.4138018406078031,0.07371029242585446,0.022853256758296983,0.023455692524737535,0.08960289415737811,0.8165337534913881,0.0,0.07657901113966666,0.05217718606963836,0.07937727847672264,0.019174357728361856,0.021261463250693294,0.1405618716237628,0.050140529469690595,0.27562792572118155,0.07141771006085583,0.2131161969809495,0.086339063459051,0.11568720221922964,0.019025631964109075,0.04973775823322382,0.8573679446314554,0.11111218345250945,0.2129682798140788,0.22788692420332476,0.0350308827936372,0.053530957162684696,0.025026584044100676,0.04766115066389781,0.026684889266041283,0.0419018860207551,0.024746693111000688,0.133638853169132
SAR1A,0.44347306004913406,0.020274108740378865,0.17047438156009803,0.02341285261229845,0.059311293196214074,0.11583473118952223,0.0476705090385228,0.37846464470547464,0.8229481735679118,0.038683366372937886,0.13834928598951188,0.06957424785204044,0.029841721848757365,0.06449721281908319,0.40232216506318275,0.07742206636554425,0.213565996351691,0.06027891439156636,0.1306465351526927,0.09116529019027517,0.02090037568102216,0.022319331103288143,0.1509492246821257,0.225284602853661,0.054309236803734305,0.1462063657547818,0.33507951601983116,0.6390589404134702,0.0670421034115629,0.4018071147017496,0.07707127911909306,0.5076432176825406,0.019644206553526732,0.03360339379282907,0.06251452435644225,0.4168544988692173,0.0794431004650078,0.18108466621332137,0.059873130757633765,0.09714848252080993,0.5266294578256324,0.04967806486506208,0.3367736744941927,0.01826740816361351,0.38213838390698085,0.11142132693748974,0.0369277941507504,0.09843677739463791,0.08066018448865295,0.0909655000900953,0.07520335918594559,0.09515394649048742,0.07764397421774809,0.045686467646774725,0.0,0.7300059788569123,0.3281943797880238,0.06583177333581977,0.02768123152096247,0.38960828787201374,0.5438562746317457,0.06716041689071946,0.22275253227459144,0.04787659978130225,0.1445895578617596,0.025191659450915012,0.029530086147027804,0.04977002983947517,0.09816540647174374,0.03961670609100255,0.018345827903678693,0.20237067310123996,0.09959232077608465,0.14867203238258328,0.022599794253326717,0.47891861942450714,0.6896106954735242,0.04120721770548306,0.16469492679756562,0.021417420376260397
SAR1B,0.051291448702507236,0.061272664615924996,0.2341455564451847,0.030914333617333433,0.03952880235041601,0.13528525143020775,0.02613079374335765,0.06943858479011046,0.029313656834017182,0.02728122410889747,0.02796268939919305,0.10585430906237059,0.042729099242595756,0.022322749042376126,0.0456778736705775,0.03339455326478005,0.0887550139608556,0.25100216896083327,0.0780691659158014,0.07687059066339616,0.024843696819271986,0.07612392332029569,0.029191523903382314,0.023896721988356524,0.4580305723587943,0.023917747760523217,0.039947470372911395,0.34455155999977266,0.02953873137684335,0.5548768172312436,0.02029903453297966,0.09065915102496197,0.07701231933298176,0.4781077879204605,0.13206861653416982,0.15470097473027372,0.038128261926365536,0.5608453896127971,0.026940067626586975,0.19424666344285482,0.06430230995259455,0.027262972495677364,0.04544543925044401,0.28052523786721373,0.032257672994681,0.03117056623739882,0.04047495486940811,0.18138025777526343,0.2774199386164303,0.21644824390454012,0.057721976842733294,0.06279678247996734,0.028576010229351752,0.04692677580679988,0.9549880002902553,0.0,0.19360497934782456,0.021028795902085087,0.028338644962773316,0.9595309823468664,0.24154297212525308,0.7669322495035,0.03818080634030362,0.9237263638383526,0.07604309426917007,0.06861003055628058,0.041684004895518705,0.41314191587021554,0.06380922183366945,0.930818630857351,0.029130575710415406,0.046569099750557674,0.3712360690525897,0.14571062865489912,0.18476470495490574,0.27533310997897736,0.06862898588179125,0.16624829757314313,0.07302608881335512,0.021148062741808263
SEC13,0.21948375413830706,0.1388292316785279,0.08557197203192249,0.07636953258344206,0.032850429773078484,0.0838970132232933,0.04149321884902977,0.041531139245803934,0.16297201692419622,0.9326969316301311,0.3153393558462717,0.3983173052335792,0.3402743192185051,0.025935474173543936,0.034309652813095844,0.030658513510062605,0.33055437514728503,0.019835805855764794,0.020392903135861562,0.018231156600672503,0.031015880608588692,0.03963116963059847,0.056209017824268126,0.022881921438598442,0.034491165167453874,0.0982665454228044,0.020169949856419015,0.1573644417564891,0.07237603477186469,0.021002593702189674,0.13416027073620165,0.07429341065851411,0.17902370542865367,0.06797183147396064,0.15604558359555426,0.11195331229554124,0.5498746709731183,0.06936752419532222,0.028250646016369375,0.09921309652650971,0.06416385764099497,0.09809733655333676,0.03477863677146724,0.08078183134335204,0.14174677794671586,0.1019440429647383,0.38818071035274976,0.20953067251375937,0.3317722332687599,0.039791314164090145,0.07487516478361618,0.01888902863281697,0.03375886123924916,0.05378988330087068,0.44362954180836905,0.12938892839805516,0.0,0.5256884434280426,0.1686900451795438,0.021300592770576793,0.13414639437380596,0.024194957031718776,0.09061287229795124,0.018631251679660895,0.950493175462019,0.044052935330414066,0.03770511001003562,0.03191900932355041,0.04985123671623015,0.06902879577997975,0.02556550105294406,0.06657657967668577,0.27393938213771307,0.022552251271015858,0.10059678273403158,0.03147931299552766,0.03819222193765794,0.036513948944243514,0.028528285516055733,0.4082636135481565
SEC16A,0.04240582899849116,0.06720180152801314,0.06419935140548651,0.08800748964722094,0.02378496463488118,0.04373515006133691,0.03470292167810014,0.026818777147840034,0.060085505054672826,0.037865655396801506,0.7647071432109049,0.0189638466830543,0.10108975222779853,0.03713638927730632,0.04050137135483257,0.1268739841442265,0.08972701452838168,0.08216956014957429,0.07153977120074376,0.02606240007784833,0.11932122779142511,0.036601151473209866,0.15367160931890098,0.0319921456179133,0.1880358341333602,0.9017011437179282,0.048712843147508844,0.1483014751223256,0.3912749523373277,0.018276738834257823,0.07046298592056148,0.0181407753380652,0.2443881163222122,0.33799045716013276,0.9006691491819971,0.3249412575895137,0.01908220430659155,0.3059624152017529,0.2965930418814362,0.032988725958845826,0.02075644574018327,0.02775836348557404,0.2531012654362785,0.6383188113998217,0.06097377559116516,0.08826357173134962,0.09794515814186569,0.804069599238389,0.9815051193831245,0.9266008670176797,0.02065295069415544,0.048631058926999544,0.09135951303746721,0.018980037994088206,0.09801643297017279,0.020818321764393778,0.67209838663701,0.0,0.6455682645793118,0.02479383512844265,0.0384932978596512,0.019262580970268908,0.03188302841035194,0.25086833229218203,0.3057718055800865,0.09299742891334646,0.04568350317447141,0.01903796832944156,0.7955615384306695,0.030751192533579656,0.7897277406045554,0.22090061931132524,0.17632796275649812,0.3185963500348042,0.02283313103977637,0.03129190927468594,0.07308666102229877,0.10073707743830522,0.059413823639350216,0.46163962017508475
SEC23A,0.07996064709338968,0.1392916335711595,0.21769947786112964,0.048522463358492966,0.025718182265241796,0.026159280495989354,0.029965261657913425,0.8596397690619781,0.0462554377487282,0.040122099952478146,0.590369194157339,0.07445778991345395,0.024798971982621244,0.31303298193417267,0.11750345578731351,0.018209883231837108,0.03082970662458039,0.08483217370447405,0.04411486381664862,0.17222541072925168,0.031972331965716985,0.04774698382920593,0.21381999478175867,0.05888960719011768,0.13050496389475136,0.06250523707251564,0.1023112481187744,0.13717214126277744,0.021338465998425305,0.018506707366237912,0.11584045707104214,0.7876511343538813,0.018858197884856986,0.04186869319914833,0.0805892176821962,0.1764459711873329,0.03015034818219929,0.11438181153534423,0.10470251139710039,0.041158756289563767,0.0222432999935967,0.019241632500831326,0.1403923233912734,0.022551361042459663,0.07909182106108834,0.07641571523660537,0.13947382169317335,0.05979271767631234,0.2404534371189487,0.08557794054003434,0.019720917853103224,0.22423117630426073,0.07663860038990385,0.022180848452190694,0.04185105255588097,0.0338626025586245,0.5309127625871666,0.9457729785982096,0.0,0.5041895905597352,0.19408379735135636,0.5926165762129236,0.992588149126559,0.9637075046496051,0.1735840110289218,0.14619258095387044,0.6954400805155869,0.04004551976884819,0.021761347384456384,0.027331247197033677,0.2316018886224181,0.027106102466006365,0.03737429963688246,0.11404821303608409,0.11142758912664644,0.02823204795592241,0.3500064677336191,0.024764435463291212,0.043061706814114434,0.07209561407204519
SEC23B,0.019707958680232167,0.09384784382053107,0.32297424383667056,0.02809692660121709,0.037171930537567024,0.021030784094553664,0.023750352136125495,0.05639208980575754,0.028918383608841643,0.9388256774088453,0.035173955734036734,0.2208025623918058,0.11607359726533564,0.04878110246889095,0.029082038780886815,0.02393894675368001,0.10608181223397961,0.096528172281848,0.11059252886659013,0.14735964406726765,0.05212680466780198,0.034434898164785475,0.06960812926553829,0.25639806126921616,0.05106151318475738,0.08942771716404228,0.2768942343781698,0.02788933089378838,0.31289984371193236,0.05999437057295016,0.0699623322869043,0.024962328526319473,0.05971419740601285,0.4899911255294595,0.2717833181329621,0.04388543147844333,0.02255284429475432,0.12968493171432854,0.7410962908834061,0.058868709556657975,0.6441263632060162,0.01829041221929727,0.05343520122227898,0.48675051867372365,0.018220582749757356,0.049239321567610274,0.08125735230917372,0.01941831349505147,0.4695750406698944,0.25371894679639717,0.027624354917290334,0.07260719985018355,0.06801163122686998,0.08588264411192705,0.5419984864623686,0.8760275661354493,0.02137787050315756,0.023923570304243996,0.1669883854930131,0.0,0.21629179244229646,0.3156586210463827,0.8170913067990213,0.6475890917896785,0.07660616052955906,0.2552203614840892,0.11952470761061655,0.39994591054778006,0.24661208356481812,0.11344190976968817,0.023354398748208917,0.08937498914312175,0.06495933965968653,0.34158834506003144,0.056323105005079366,0.2299984061202409,0.6214528951705581,0.0250051119478063,0.01805239305696626,0.030762404986840883
SEC24A,0.12110530380203827,0.0266128989897589,0.881915089825524,0.045188922726486835,0.058003259358941864,0.03249841809510586,0.029532640687890098,0.3242746048089282,0.662692555406866,0.5120836600557229,0.17023863438880898,0.18438996990195075,0.8178909380076548,0.03194089802176864,0.04075317452992891,0.6841464328638377,0.02124884099220024,0.03260051877618723,0.0263214011620793,0.24304130109621327,0.018755989974382367,0.05252862796718357,0.11770294936291577,0.024565132894436438,0.04611900169852354,0.3889058327075659,0.09862297930102722,0.0442420314085231,0.06659467995420268,0.10370171001393715,0.07856277475975437,0.025097886015697093,0.1193288088595477,0.03266800086252529,0.11521885102747707,0.07784296627862791,0.03102481258322901,0.0559421391932792,0.4996379824653887,0.026290493254394025,0.684595145742143,0.019961628509223967,0.15943330581023976,0.22772785736003615,0.16869842819023903,0.04496873746801003,0.06467882755708675,0.03595092228898113,0.25034310546086286,0.022591414709898477,0.03006977320581867,0.1026007577034467,0.018815075839671267,0.041030108493938455,0.7792283469874833,0.1895857829932946,0.15988167936463016,0.03716825267691165,0.08684909957468809,0.25188813550499933,0.0,0.913002974210008,0.09750610052551775,0.07886752607415848,0.04224995000395607,0.03642508690769462,0.21366605426296073,0.10875606060390683,0.05028982266801831,0.05480815860291108,0.10758768434952135,0.03242619694378979,0.0805384897868588,0.08664546250009586,0.021471729405237658,0.03724245553756034,0.12374719931134921,0.14185138919477666,0.019796147248380486,0.21505125621632754
SEC24B,0.10716831683105088,0.019246942061057197,0.08913126619700805,0.048993697939788645,0.047505284739261244,0.031188549235871558,0.04069905817956356,0.07437302082108455,0.33149102740414277,0.9247997323645648,0.07560608963646288,0.031321842461155866,0.04099491555038979,0.027445136569333534,0.04343739473248103,0.20902922941309066,0.041134182321785256,0.041003280445833235,0.047438522344388966,0.021682639240410903,0.07102410856731561,0.032270900629314064,0.041272546375157065,0.034588299967681015,0.01833952083817349,0.10706252475152725,0.025755304326466222,0.07092634243139621,0.06273363634053422,0.8768360814360695,0.050456564926915574,0.07125852493298841,0.020306769385197855,0.048869192577200224,0.712182701273863,0.767863837481414,0.025665545463995975,0.09040301283927528,0.03200560248211299,0.5753808964305148,0.1262384258033571,0.034130865198635514,0.04279344834096647,0.2407874076575315,0.03960446599902918,0.05671949498632856,0.053117810477656444,0.057815983148118096,0.05313109279451784,0.03603753563940208,0.023221604905571763,0.06933923682442032,0.022156754197967563,0.12663198378226034,0.07359991548892414,0.484907149057171,0.023718888806170232,0.019014999069102805,0.16519452901093779,0.2584842010510875,0.8027320744712747,0.0,0.2529503971110007,0.09177659652251204,0.2057494955603259,0.15419214290293964,0.05867526909555708,0.026958160241117166,0.020023789400263153,0.06592822542817744,0.029855301336267386,0.06484225046921956,0.08272697685539603,0.11526838060624209,0.21376830919394116,0.05126604567109029,0.05627600638615083,0.28164791006740186,0.022031710663239935,0.07812311020267888
SEC24C,0.3613490110594323,0.025392767514839414,0.02506509202555842,0.07142065451166747,0.022630448255724415,0.028166467699558634,0.047758711571787425,0.13951632937903877,0.8137957227891073,0.42992338227113996,0.043181745418890825,0.09675447033477608,0.08111695025938334,0.06444291408905801,0.020075167655627266,0.1715819290864455,0.044506856065556044,0.09518709543027024,0.06998565378367672,0.02637085772647281,0.03995371650794424,0.020001529015061255,0.6671613278764965,0.04648207801547105,0.03301010352232556,0.08564144554374431,0.07272446004299166,0.3704077516491553,0.7166738317478618,0.8197732478041149,0.03668396832508259,0.02316866971539384,0.08466104946850093,0.022220910154820445,0.03629473787651738,0.17641283645849842,0.050861611700949716,0.34184562338187624,0.2942409570462643,0.06192203911984965,0.07095831180158678,0.2071130826269258,0.1560539545851882,0.4561054654234404,0.029995374986702253,0.11425360457723209,0.10383356914636543,0.5635798213496745,0.07402878597290276,0.041839403363942686,0.04389178554491208,0.15364989548949215,0.021574017350368204,0.06916965082870569,0.5546274600876578,0.040704782613338944,0.14946726732532806,0.03493107842962355,0.94917316464599,0.9602256451541094,0.13717950978399004,0.5436003355795507,0.0,0.09157751895437173,0.12475341539445362,0.04649163655962235,0.1839461155937989,0.20236033461961872,0.09728051754107417,0.035564852821938456,0.03674949417927418,0.05751371477312495,0.04122186498777762,0.025576740454145142,0.06932595645404609,0.025428898792255537,0.11421549405405769,0.0718734796824213,0.10865852748881409,0.09465284976140839
SEC24D,0.12763200411205772,0.03268620007248474,0.10326836205160615,0.041305646733885586,0.024074632056108033,0.06789858411173416,0.02407497539632859,0.11583492399869516,0.01925626276730582,0.13191697880478223,0.02676579412070521,0.020855509024593644,0.034280807981997445,0.02488166656004277,0.058247544951085944,0.03847611505983641,0.033095809041859964,0.030482895282293275,0.21665955917804933,0.04695223879117258,0.025053647370763984,0.09740395455088068,0.07306748235491227,0.024148160199662205,0.8274696565735151,0.04488316995861176,0.2752515608086848,0.0181861845241084,0.020852999989435628,0.09306102278606866,0.04860022821201527,0.04254848272727252,0.019674165282681424,0.028169166450764647,0.021123994562837554,0.2645482377593721,0.11036298891456588,0.11989449295795858,0.02359747949977104,0.034534987747911146,0.024113182405393653,0.027878976073920557,0.023591905035961494,0.045427892592739195,0.06159771193015325,0.1267753579686174,0.1242731785355245,0.7500516802878047,0.169741423751684,0.3310636145963819,0.024016052814220833,0.3088667732542498,0.05006497211848236,0.061336705107579395,0.03731080924817208,0.35716868489216436,0.0184002384742994,0.085659527648459,0.22127100496591656,0.2523256798843776,0.04345757207044677,0.05638417051090931,0.04011983279590645,0.0,0.03253752827176487,0.030661586034869705,0.0905755839405336,0.2213220136865248,0.03862520479221057,0.02456372634400742,0.6372176336615317,0.057853973309265984,0.02944560174744189,0.023224085003367735,0.04510209751517491,0.01998418810154545,0.48028159128071085,0.05597025960896622,0.020700085235395283,0.10083028847701354
SEC31A,0.08001419864631482,0.17501620418143463,0.6315893702491477,0.03568491601626318,0.02518654205850766,0.08273533226384995,0.04642765343464732,0.02591792731884572,0.8924064956360332,0.1010819379709276,0.21306474040470172,0.04254772174538571,0.025190245025706208,0.03954909760342818,0.07293790314577037,0.24252196918784355,0.03171909865386238,0.07381262013469536,0.024839927410901734,0.19666249108000505,0.6529684578489329,0.09329359311419616,0.2350231327525946,0.6295464855386532,0.3746901530675031,0.16689872943720574,0.09132210194959019,0.026600714256133248,0.06308150032714852,0.030447535531229683,0.13035761820476433,0.11596126121253136,0.09574453203338103,0.03091239419914073,0.09911131145044552,0.03171432527016922,0.12760988543737586,0.048119919534216016,0.44995126378603717,0.031388650911954814,0.035399023631705814,0.031068401930562744,0.39220481806985463,0.043858354404513154,0.05961340624989987,0.8080427112115024,0.7489374399147364,0.040760797542253105,0.3779066056858039,0.10680895631563515,0.04618921809989006,0.48673972592177184,0.07625787768240681,0.1192376542895176,0.5642616195800981,0.1233115306736017,0.9994982412094069,0.6482784024811299,0.16416246498632425,0.17740749627801886,0.06518824164963723,0.6760896658868388,0.19198547657415338,0.08084370857152104,0.0,0.06194159398099623,0.019819721791815497,0.01858541982115046,0.6554368965471553,0.06455389576138715,0.1617426340881789,0.06800906875126672,0.12831524328835997,0.36054648944500906,0.026838200819804158,0.06965401556327887,0.7528234004825977,0.3694420230032379,0.030744232070548178,0.3412430081980561
SIGMAR1,0.17093495624849428,0.02676858522664244,0.0720318557944621,0.048052063198908805,0.01950144151766713,0.17509023339576774,0.021104975149902807,0.03326835887402446,0.053882982700504706,0.22169805597765255,0.03362842121437486,0.1138921547479735,0.184221080770428,0.28807158143546896,0.01814119861924448,0.04668952250290258,0.14775766950874455,0.04493783282009804,0.08075460679882915,0.06456446718069273,0.1622267099831841,0.023492948502229532,0.036305200563903336,0.268435104815932,0.2385955495825384,0.3981414372967281,0.019472279923398114,0.0709332681952681,0.039119272448910246,0.19070557301783878,0.07251358218275766,0.4085400709128562,0.2291524722627677,0.03953576476469641,0.039736335127359204,0.01991939694673891,0.024935377668398782,0.0674025693566989,0.06196753858013948,0.2116845687199119,0.04147288221600403,0.03377305409275163,0.027171675026233563,0.8510170586686534,0.02052097485058722,0.04499551289252968,0.05348423546994744,0.0228861651348553,0.10582817008726125,0.018231607632719058,0.02393020418441025,0.2584040126677771,0.034492565503504734,0.043515313049901486,0.022986911645659188,0.03615002323563581,0.03180009736441556,0.04513761235841386,0.04012282854867902,0.10110999264507921,0.02707631281211742,0.08012253413714748,0.028311765568815605,0.030339899310641953,0.02893877941275142,0.0,0.0219925405765782,0.04249662792253294,0.1441697926744565,0.10740402204162303,0.04699756926768228,0.14505651483990065,0.4191322545174084,0.24668253084440855,0.0217983720587939,0.255947950841985,0.04375260598079889,0.09077368076314589,0.1150982777921385,0.152505816471558
SNX4,0.13053450998457994,0.2965060824847299,0.06611723413903556,0.6029472853682177,0.4674691045995649,0.40014885575152254,0.1658751114658053,0.03208658449702888,0.333322759313452,0.06416618606968082,0.8340673340935171,0.0393265256040194,0.8878654661073103,0.04415551810296798,0.3330105677990145,0.8911963780639107,0.3037987371246976,0.04151775232971563,0.1434910996098941,0.1403064570278061,0.024133213914223923,0.06656137341746643,0.0826621634856475,0.028003963818611022,0.5248861670203325,0.03682979021017047,0.8989735494052462,0.1890603100930606,0.11511756090198735,0.2894351075775075,0.05195267211322049,0.03657901364136725,0.08003873377348557,0.6460955022138152,0.25325993535761704,0.6421127936752125,0.2603301788584819,0.02044994748186456,0.9803364134179957,0.08331032385755094,0.07317041238949741,0.043069826857584474,0.32569194577165667,0.5781222319885844,0.08167747151241589,0.054837051477712,0.17348292251425057,0.11466705006011114,0.7069889942875175,0.02432660288544272,0.09724018862493265,0.05096814444515655,0.6369378790089172,0.0191219392818408,0.041873098828318196,0.04969354598220803,0.05384425231956417,0.05983744489253516,0.5487460390313726,0.2541471781135803,0.41760288209768837,0.11479832468239651,0.23202609240038263,0.4772245016144336,0.019617074572561836,0.02883952877164357,0.0,0.30932199716903935,0.01809678876098829,0.02072945228166481,0.13706101935532983,0.044598273337212044,0.11670890230025267,0.025839139605866413,0.03625613218660256,0.11469829719634951,0.14492343826011178,0.10665958581257684,0.06233657704959894,0.039743928771241624
SNX6,0.020821504808294346,0.17000156265008162,0.049655707179836986,0.27141998828929853,0.3038058904710849,0.03517435588423978,0.05445254839880772,0.5582949698405549,0.032600085433610676,0.5390468355210642,0.1234035704258458,0.10584581768316388,0.13763846453699266,0.5525638994445491,0.08778458840919914,0.6372960563501492,0.6020210157873999,0.6677837006065837,0.13036635725126844,0.019715868526212835,0.019692688380660014,0.37590153739250676,0.08887174017613686,0.13518011738156255,0.34985412134034893,0.02679952090611908,0.865750816256633,0.05702067206605304,0.033370095007210436,0.06579394097745071,0.11129372261980063,0.843889552496841,0.03443116360665115,0.028061579417868302,0.8353928152496806,0.02083414117965184,0.05032851346970735,0.04566258402713131,0.08046233895266375,0.07346824454709436,0.2615910392147775,0.06502599839234344,0.03022380632408535,0.0251444522168837,0.022275006408090176,0.5293530780442852,0.9670577117322109,0.01809485227175773,0.22019544653214082,0.08138000245042475,0.03329524174142239,0.04945953959208851,0.06255461983621971,0.04800918755202639,0.08264433042324534,0.47924157231467424,0.03825821820145592,0.01919799203034748,0.03335434756665003,0.6553136671817522,0.15216075539913476,0.031841156015418454,0.19743225895138944,0.83223490581928,0.01845872240041451,0.10385116114525754,0.23668938107958257,0.0,0.0940382098872615,0.6916756968697959,0.27980500197000746,0.38289366807155073,0.0676143048207509,0.2187026581599848,0.048685157818322486,0.5563178349829991,0.9590419999139222,0.26561213999391314,0.04327359014082206,0.05684342617270421
SORL1,0.035297485127579756,0.08535449117076935,0.03829698549484597,0.20608978202779007,0.02543325128643209,0.0441397864917382,0.034849817415653246,0.024685241653886282,0.06917710508597244,0.05963113653723989,0.9404614496727766,0.2300355403587941,0.024651535446282232,0.06827823479369816,0.08361974521260841,0.027413885723868298,0.06593885121092313,0.06684766435842095,0.9381852020873307,0.06318341024226881,0.08270722746430738,0.037178086556278814,0.0767411742778498,0.05774355646084513,0.16878641542966574,0.05241656694612732,0.023834362501808842,0.1425436124000479,0.2608248572558409,0.05251810880616616,0.05147802094069827,0.3313808102414907,0.04782986469112383,0.04927299644858429,0.6280996485642096,0.030273849767546945,0.038671378735242345,0.7477146726274502,0.8141495287245225,0.021410850548886886,0.09094194433765261,0.35054977900298057,0.477472758881241,0.5909027573020481,0.029512144568005282,0.0694637750440646,0.2420724219399717,0.08747100325717161,0.049903379131439836,0.10696804330360972,0.038679714003345106,0.10716806285012638,0.0608596475975289,0.5688677112039311,0.1265471671660539,0.05115467397476878,0.05034102642699879,0.6695080565658807,0.020123755477090013,0.2405430243732398,0.04643465606976066,0.02020176340909855,0.06540519832298959,0.058869112910765804,0.23357043748404466,0.386956637595966,0.01806103859051518,0.0646278955391652,0.0,0.6012871508818589,0.7869248823415464,0.042166899834597656,0.13913325495306994,0.024442593094690893,0.040313990401917986,0.04732735234447176,0.8330929104347239,0.03460207550313958,0.0977541440461669,0.018760967802401603
SORT1,0.294414733086118,0.9104036658735061,0.05346664384082345,0.044225195475771965,0.07181615653458377,0.048697413641642436,0.03621603439192353,0.14725723480022634,0.04183760531422911,0.9348205573922458,0.7779185064749773,0.12007563143206049,0.024547794887701032,0.2665006542882535,0.04667381859788275,0.6570258937192993,0.7620005281991693,0.46804131387523734,0.08217990250177498,0.18304245933348146,0.0396843567590019,0.11613005210498245,0.16163850822245818,0.16557264083557807,0.18738335567919914,0.05805590634964665,0.09399634013734655,0.04432860395552049,0.39781169182808834,0.020532272284607266,0.2688583049867384,0.053017406589080704,0.5927828030211605,0.0794022609374936,0.5554449309229764,0.9997270924115101,0.0295412102774445,0.03763296832120018,0.5497313861624107,0.02734794828472917,0.03468886795399638,0.022286395403215326,0.043655109621520104,0.36330187496017735,0.7591532835963773,0.825604543829908,0.07449510369282614,0.9578663699693062,0.04993978079208083,0.025450002693813777,0.035625725099999575,0.09171896272219232,0.18916734999891777,0.11130108814497118,0.06165719071045587,0.9661463865193944,0.11050886812740121,0.03403216427515136,0.025129678522613937,0.19870927105153258,0.07170563205602613,0.11712698161398302,0.03618408826774672,0.03472239803781931,0.051620273061162035,0.517952151999358,0.020491057227494752,0.7289820790078396,0.8787350747253168,0.0,0.1314388233644583,0.14855864620452214,0.1881814467761649,0.14499803404031428,0.0780832817585821,0.07111570638620783,0.030073071592727627,0.027150435124346013,0.025341647475756877,0.13923359174294986
SREBF2,0.054014297741957165,0.050642887686156414,0.02653413383443607,0.06909351987616318,0.033655278183741574,0.07289279486243415,0.024038591672315368,0.027297089781563276,0.066366099786431,0.20327617444140395,0.04697468854750644,0.03779875190528308,0.02903114873203907,0.1737732350029989,0.24001861851896278,0.05971240827203097,0.025196068971930486,0.018267566583169085,0.030791222955591085,0.13333456449275083,0.05943025365252658,0.01979898909432645,0.2206260163369292,0.018009497049790234,0.018701033330770524,0.10532036631842953,0.17334165414327135,0.1170977741694375,0.02836071250216892,0.062382249781760234,0.035091179506788396,0.17785180284119043,0.043666557732234754,0.09904279613298322,0.45003218893490315,0.07120231668902052,0.034198359279253854,0.026548936055457998,0.01812094204931751,0.05614466769695347,0.05799105021961112,0.026610728272675434,0.20221103072237812,0.27922695573443373,0.24275696932339744,0.09757188877628162,0.0850655902077684,0.1317502928510293,0.044927743232669605,0.05654920278664619,0.0458060091043307,0.03373789827129281,0.018429976611918957,0.06857412647146975,0.01827770216929027,0.023747958313861794,0.023066197463588733,0.3254803694185395,0.0548988396829962,0.02155137124915764,0.058115274956304766,0.02641898305245999,0.026298710291297333,0.7296558287547872,0.047328805968531874,0.05243767766980486,0.048516160096267885,0.08595956255598725,0.42882386903541797,0.05165497977329004,0.0,0.059418404826753445,0.02164326174905948,0.2573974328132136,0.018207637388318203,0.05714048646786408,0.11821304136819072,0.018139760522927997,0.026568674747463304,0.03752262676017653
SYK,0.022976178444144273,0.10924295463480829,0.9588421643323308,0.03183543565562329,0.044395008030773106,0.04156523917102887,0.03593237835289456,0.21854252934699286,0.01927066777735024,0.09039095835075976,0.12060138595835106,0.035305956915713956,0.06777420853288865,0.06014640556050335,0.3275021263008915,0.06370749618185786,0.042764900424307584,0.053980889886142455,0.034946504531311214,0.10502414356703417,0.051993419626382306,0.05650852299538894,0.08043394353182376,0.06652031392296155,0.16914571477354484,0.5647976839717846,0.707650398070421,0.3509016435940273,0.04425476772488984,0.14448231850707136,0.021874899282435502,0.8674437553535853,0.06324718986895778,0.03773922080140867,0.05624857245613184,0.03978235867063624,0.08563909087288864,0.020956050212970794,0.043108723381245356,0.5127956800118376,0.3394393258613597,0.05532719361786977,0.021620336089824353,0.10967913232873272,0.9900729933345019,0.7002373031198916,0.9999856772854688,0.03459684806029158,0.5504953507765388,0.20502636228253862,0.05263505111768491,0.025801448599278316,0.05032123471076353,0.10565163880498624,0.22627763748023488,0.03668472825500144,0.05991425441531287,0.14006923130743595,0.02240950774369532,0.07637843044404452,0.029468180664048417,0.06350804473804608,0.040189939526973244,0.09263535305697626,0.03770131000866884,0.31556191790069654,0.031542065741221835,0.17494730517832455,0.0390368170049374,0.07656506047006673,0.08371541381609199,0.0,0.07702842034866088,0.021009498557339,0.2556374437023966,0.03172633532933274,0.11175171865178377,0.21184576117041903,0.018591154225467935,0.02280028789744626
TMED10,0.043886957874898214,0.19863598215356382,0.050829447411886955,0.09232736412810788,0.028375448835473185,0.0206403072215278,0.025389522559098085,0.07292489654822963,0.9588981046687303,0.6176208964037041,0.7861614252505872,0.018674665419536357,0.039851201288303106,0.031260721301258135,0.4749043372676854,0.056210197284605426,0.3461061856917071,0.0497277330438607,0.12801277415198295,0.038780173087176614,0.03256762176038113,0.07086918320255535,0.04077531201301075,0.0569568587869055,0.859256226634396,0.16934255984234547,0.8680067956310851,0.15340840741926937,0.11047889516695437,0.21532587001130424,0.034378940472161876,0.530316334701826,0.18639264889434481,0.06461368150650465,0.038234794088110154,0.3707197559879994,0.06246144617194753,0.16925453764686488,0.3468576985020176,0.036080409511566776,0.02976579124930851,0.018727611875564435,0.13377562654918784,0.0836362284971505,0.04983199108275016,0.03632008664736295,0.03488325644937399,0.19448323267182097,0.02700188728587804,0.11507342633581562,0.019402901492091396,0.6611561151738617,0.06665259652249586,0.03359838376189281,0.20552867629711744,0.406297704596743,0.4691312950502032,0.22091796412343573,0.031112197603790737,0.08885939123746232,0.10238774383606936,0.14061650258889033,0.03988772320014711,0.0474841723361373,0.08328480021322118,0.9688316569527958,0.0909919986396944,0.06515828886932432,0.2249690188520028,0.16456633784384594,0.02514551213591692,0.13223158316465178,0.0,0.9999902293584552,0.999998849974098,0.061416945232384466,0.09151090551939439,0.0749726602011578,0.027947135221102003,0.067750554892902
TMED2,0.018056144585575355,0.3257290339415373,0.0715252425142652,0.025766942389180758,0.04468437463322866,0.043106492816594025,0.019239725480427156,0.1282361581149497,0.029960297973094734,0.9845200781497593,0.21705199845322276,0.19108121572004289,0.027388298596018823,0.17865061018412512,0.019853878311327816,0.05162838326747667,0.5844600129998129,0.021728626286424708,0.019415711923019295,0.07737974348832888,0.42355152906958954,0.06390159262931867,0.03649988032169773,0.025024007937860658,0.04569005609933178,0.22117157454724692,0.018659683765772865,0.15495710620056352,0.040334889444091235,0.1888835642259376,0.05556980456187103,0.04563988444335172,0.020494772221531943,0.048993781668069086,0.35737053943015323,0.049001937668710666,0.023247885756739427,0.01867965860491312,0.11426675383102143,0.019303602117764683,0.03234264946855507,0.03164702405585936,0.040729567452829483,0.1155816081547833,0.03243383891239301,0.1788431492116483,0.03255418234584098,0.14004971756987705,0.03133586869312014,0.06738985645478783,0.07974589471841223,0.295387113176685,0.048439122649555834,0.03840546852210104,0.17519105228619775,0.09253375046411877,0.022277636392441125,0.20826828188381516,0.05095629847442138,0.2882030242519154,0.07035589656627307,0.11807389862728988,0.023087981680499227,0.02613747943498699,0.11341569173254008,0.576504789326253,0.022641306387757097,0.11451800245967458,0.023973089299366392,0.07851745097500384,0.4838650602467793,0.02111103921131821,0.9994286161511221,0.0,0.9851605536903446,0.018805885195589206,0.525870727911293,0.14802293141946393,0.0299177440175696,0.023076720666993945
TMED9,0.02139588576002073,0.03621439200387043,0.1738439822778147,0.025744271114122565,0.10539521758629114,0.03810547754297312,0.02068250311517761,0.6357753339480098,0.4654410005166445,0.025361416104421743,0.03030447662961009,0.08011505581070735,0.23866333920694577,0.01910082242407049,0.08693494302519389,0.11883374017322308,0.17284463030692804,0.0466656463754232,0.1051626504544541,0.03148068360954979,0.025828281949666004,0.1152173883204115,0.0606892316639331,0.04029598920725369,0.37981400226958867,0.0860075702530375,0.41647495595796835,0.5151599147666854,0.4000626142305441,0.14417096056181164,0.045668344813214544,0.137189515768488,0.3567466553308464,0.1195109212684318,0.03509719473315682,0.01833837833846919,0.033952909141726904,0.09962891953632988,0.08664053438435552,0.08354093343826302,0.021223368235046364,0.03948928492475963,0.19177328884865058,0.6294696699545594,0.16463816471373036,0.1510690648528667,0.031837857084413265,0.22666881466099353,0.1251182152962509,0.01904507749607647,0.06005715546731879,0.08373089051515138,0.04269148995351999,0.023907942292800164,0.02449316634260325,0.1694789310568269,0.13367248372772694,0.022965635963774957,0.064251964380257,0.06674257340646446,0.021755742121351052,0.3557879706017498,0.05939881973827852,0.0934412065183996,0.023871609508884787,0.02570415162969784,0.03133095010878214,0.04382733431730584,0.04601098525177885,0.06400471830550328,0.018356777620371603,0.4412917393384669,0.9999952044133543,0.9979884537441291,0.0,0.068778920283435,0.04540606043756879,0.06834139238946746,0.02186832470396747,0.3945125463986933
VDAC1,0.2588325362471847,0.02080861885321887,0.5831199495214684,0.02474932351233814,0.17362646240859325,0.02986128123010819,0.09104333773157831,0.03769855170003768,0.03208442376865047,0.0598821601074138,0.021455835301286634,0.06817560571197456,0.17688701711059923,0.023122871360610742,0.1199408203188427,0.06906041247834457,0.09539054444990329,0.07604193190912759,0.1689488306552639,0.18632897622145264,0.02161804627286434,0.02244846177897631,0.23022273055927922,0.019317680535025823,0.8176942325427381,0.09554452449581784,0.26070289695310606,0.031504378105205476,0.24016760302118811,0.17288001047223442,0.06919451751584911,0.025069164790542522,0.2499409204354686,0.737127985525489,0.5259338792618208,0.2095534845357263,0.11847881715905186,0.056022584656888474,0.06524925072102429,0.02383844218652107,0.0418103094341287,0.9669321939373619,0.0215789108820898,0.9999549060650945,0.048530005100601986,0.09928483568886866,0.23063649387151228,0.09745552446930152,0.21703372125682346,0.41881618365740364,0.1947509038704796,0.5128309006581686,0.07833759530012277,0.05912845389888774,0.9720496551396941,0.5346513557026181,0.045747652993115916,0.04022598726228861,0.02796001060796824,0.6422185786068417,0.05437511940185604,0.11362965179496659,0.027779574958525805,0.02363551370099556,0.07021219364319582,0.9775390158800981,0.14204383514326127,0.7980165873484786,0.08768272653644929,0.09557357978322473,0.23882807254659624,0.0503940486463969,0.0884361904719442,0.019465276664180464,0.11775120750830992,0.0,0.7125003657151411,0.06560921361180527,0.024945393119725823,0.9123362872165115
VLDLR,0.023519602704420224,0.01935353964247685,0.33338772820832313,0.024013475144460308,0.02519438055752842,0.029692800676167558,0.08318097343219791,0.15181087710381264,0.021561389787527935,0.1376198743708831,0.05039305326497937,0.2164653706766498,0.018349098979767907,0.11533017946015223,0.031060713609932674,0.10626354383218621,0.056721101867593715,0.038778100998244996,0.19913629011771397,0.02140492346375615,0.13338467243649602,0.5174985822744077,0.03011178379713963,0.10454328595005091,0.11340054016184521,0.03040852564898462,0.05824646046296991,0.04636493863874859,0.022868125678320556,0.04820460241324434,0.0222347199542627,0.42209268064195204,0.1264238018652938,0.06314078267876508,0.6202764516845419,0.9458858443605491,0.0939806979660764,0.17233192215685486,0.11261917198613063,0.03422542757894404,0.15629066319143978,0.053746812643587175,0.6140673744384118,0.2267979217986472,0.23512658067468353,0.4825692189029236,0.04489635740631986,0.7862070990469993,0.061926342335822594,0.6696237853511564,0.06988386803723745,0.06049114706712473,0.05126886488010641,0.02247595679511867,0.5626981587433053,0.04202201270846639,0.03219269910946326,0.04648457764971297,0.07730967855872826,0.35295921457314405,0.07153745596712764,0.04634699923307628,0.05352019371254816,0.664144472242534,0.16312907540753901,0.05291836071669477,0.05472906426022642,0.5451327299184262,0.5701197460300224,0.02404438590989383,0.13850524963807215,0.08471812162662658,0.04860962317786885,0.3420816879114535,0.0330802951472372,0.1487775610846031,0.0,0.05083950836736816,0.021675073451073616,0.029905771778877443
VPS26A,0.028202253606035566,0.031513303149569086,0.04329167770262408,0.08495471781774301,0.021030521714428246,0.3380104705367175,0.03544586373430865,0.12105102853193657,0.07235435213855655,0.030908549453120552,0.48095040910854525,0.114001576341517,0.12283303167013211,0.13984557805264458,0.062491702097067864,0.09409523175584981,0.39128532588836773,0.09560780889680816,0.3259745326674231,0.03053503303439474,0.024170315669260183,0.48805854444679714,0.035394477416344106,0.5984665941899869,0.15797506183079885,0.027490971195734792,0.07227729727677125,0.9690070819259098,0.02917848699724407,0.35599587707331654,0.5937219376217129,0.7111999640415816,0.8843200990154282,0.12407204919871191,0.15421484444510125,0.9815671088387747,0.10232137618450725,0.18223894218568615,0.18840187118621765,0.07201941769747898,0.14432171772209448,0.034483089359768675,0.1432333234514724,0.11464987744676418,0.018219406412192145,0.14609120367393233,0.16124857676720114,0.039939196548849226,0.04904842836037913,0.2002946849687494,0.1470765252362479,0.32507390489483023,0.031620804360704365,0.04277879583271133,0.067483412374221,0.2180550670790184,0.04830388979521782,0.14278536636674666,0.02336459528711122,0.028249813666305326,0.2337794791061142,0.6465808165844764,0.07683547728636778,0.18993890569589233,0.2522226257563927,0.4391610738048551,0.09645424589715369,0.3035126054877547,0.04444607425319966,0.027416782168885486,0.018292070811971563,0.5262773823478794,0.08526147460080541,0.33954557823911363,0.08717407957593083,0.053294766390369765,0.11412193785354587,0.0,0.8984196783978585,0.967141096865663
VPS29,0.04462087212006115,0.0705066393083502,0.047465569752894544,0.01920188846784634,0.04591344402414877,0.021166340559188253,0.1056466289776353,0.2161835409007313,0.8287168066705489,0.28002757154059177,0.14847678019943367,0.6565385576382441,0.030252608778814465,0.03784065924836748,0.1627989560477256,0.13021144713446828,0.49945140716093056,0.18770056859006284,0.0709064615214464,0.02224833398530966,0.03311018503750463,0.020802805202964184,0.0423180895518129,0.11031801234775482,0.14369129101804584,0.10647007090729553,0.018019013259321547,0.03079403023334675,0.11038678388260198,0.04497153668665586,0.3378677505657107,0.053415249108934276,0.15389409818763178,0.11162594300486868,0.11638487547673636,0.04488594848399972,0.02899302811952234,0.3424723769536821,0.03848481096405563,0.0678750901948694,0.10131907117963512,0.03186892447184107,0.177436417973027,0.21845495700993084,0.2553107553156119,0.09618551157448911,0.05022755133553468,0.7669306395787182,0.8167777485840678,0.23798717254127136,0.318296330868293,0.41787419381646534,0.03221448178946751,0.02781868659892705,0.7525096516150408,0.14454706151751417,0.04244089928962959,0.12083977393014504,0.046591461918798364,0.018107683118813448,0.021183276629831754,0.026999496142609266,0.20717095986803763,0.02699768541981946,0.03281613332188597,0.857847159915427,0.08461806637696435,0.06196050021056805,0.3307753807406217,0.02872167735489473,0.05005772743208257,0.019242059009551147,0.034182942840544885,0.04886525926597747,0.024528354149683948,0.025904637953294916,0.02825073454065356,0.9859747140391452,0.0,0.9953186953293144
VPS35,0.1690859185644783,0.06578221089258837,0.042091476217551875,0.9894749132389408,0.03845770734233934,0.8261144759334557,0.05674209881792522,0.3324473962015215,0.019482665820814725,0.07124261486661403,0.0458124947909201,0.8366036102087531,0.1498198368072553,0.11653772332712213,0.1264468832217254,0.04277836745600764,0.8498121255328136,0.05087531276622106,0.07428243694699521,0.6746559798503581,0.028762782127817924,0.06213422889303017,0.07259612401817096,0.6261378238190546,0.26443801614583395,0.2502822282521372,0.03788038934602552,0.7333608224746568,0.18396686219449274,0.9273288557250406,0.20247307790069874,0.14464599226379313,0.11601674778919108,0.06926739371262228,0.16868197257303325,0.07230929527982284,0.08701397241088556,0.06215258104589326,0.30405963607926123,0.27552385557702297,0.21583423733418863,0.048809702912416146,0.06150825290016732,0.09862555027664532,0.03522800165889156,0.20107957200075216,0.08781459028262735,0.23304056081295274,0.03329729891686453,0.03540741107877759,0.02316930911036225,0.15757867197342462,0.0263361623013834,0.19561314115426479,0.02508082321280014,0.022380539459748782,0.8832714513246972,0.8252840349180014,0.06907345103100213,0.04283824482502888,0.524003334225514,0.21859351453807865,0.13775711211180805,0.6586580051879234,0.3378808717887701,0.8799818904669411,0.04342974829918849,0.0757599146624212,0.019277056301917953,0.20441372565400767,0.09749640364682889,0.027601922220427236,0.09845670178453057,0.02782940721507519,0.7376316270874508,0.9068527529756135,0.05319168969905033,0.9913539634989759,0.9866070016473129,0.0
