,ABCA7,ADAM10,ADAM17,AP1G1,AP2A1,AP2B1,AP3B2,AP4B1,AP4E1,AP4M1,AP4S1,APBA1,APBA2,APOE,APP,ARF6,BACE1,BIN1,CLU,COPA,COPB1,COPB2,COPE,COPG1,COPG2,COPZ1,ECE1,EIF2S1,GGA1,GGA2,GGA3,GORASP1,HSPA5,HSPA9,IDE,ITPR1,ITPR2,LRP1,MAP2K3,MAPK14,MAPKAPK2,MFN2,MIA3,NCSTN,OSBP,PICALM,PLCG2,PLG,PREB,PSEN1,RAB1A,RAB1B,RTN3,RTN4,SAR1A,SAR1B,SEC13,SEC16A,SEC23A,SEC23B,SEC24A,SEC24B,SEC24C,SEC24D,SEC31A,SIGMAR1,SNX4,SNX6,SORL1,SORT1,SREBF2,SYK,TMED10,TMED2,TMED9,VDAC1,VLDLR,VPS26A,VPS29,VPS35
ABCA7,0.0,0.05516932295969261,0.046870240480477415,0.07644276023089241,0.024470958411722296,0.04484206357240453,0.025192946926928472,0.34932105287213516,0.0884051583597234,0.2019387716326546,0.04444277764736523,0.040008910400482,0.17206252681702602,0.030833907950377666,0.05581460722567527,0.029190608279235336,0.1213893198002112,0.09477545301911758,0.018874924789472367,0.10738959236830316,0.05588378319930241,0.019071821780024412,0.08645121697172664,0.12313438288007506,0.2782415358060322,0.08333437241690671,0.029099138298684428,0.0885749320381001,0.09386872484257719,0.5350148280854418,0.08114476585734345,0.04931895902582107,0.058839416243423516,0.019322585044943393,0.06024360066277299,0.2037441628637914,0.06665175168804566,0.02424168148581082,0.1099537744171316,0.027186406287373933,0.07542376806653185,0.0438939320978348,0.16107501225323617,0.07653712145005379,0.022169184846023062,0.01887669047676177,0.32093543297640365,0.037453302261312,0.022070250931136924,0.1480696556026379,0.0399865828615096,0.07388239569594099,0.1653452034582588,0.06924187744832049,0.08118341725726663,0.06423614733082643,0.03844716109494156,0.052485580211692306,0.06349900941558839,0.06448180898072668,0.18700600735586342,0.02078822775151389,0.025195829045394722,0.2060192610880168,0.03529037658892846,0.034879182712085066,0.026079331417034807,0.02802106308910207,0.019428760494431836,0.10779743326214417,0.06645200297983991,0.10047873409890633,0.04174120547604934,0.023433428386798592,0.01818828326524014,0.058048178365281755,0.05306029295745576,0.035289279681287214,0.019197761657393057,0.024163505759053096
ADAM10,0.8385955053101449,0.0,0.03208467212353425,0.12334603032415284,0.019253656562619098,0.070011048839826,0.02019815840074536,0.9266790603182428,0.3609625643061438,0.018352799859202303,0.2508011038757919,0.018974522487532067,0.261983432093359,0.19476846502044637,0.02276245597161213,0.9500197461853881,0.03111831944030078,0.9922326085675887,0.11977506448468275,0.04894123809585684,0.9714617975453207,0.12745383280616718,0.9591120174312275,0.27955776877202193,0.05365212191723392,0.9680077286786609,0.06326437710926638,0.46219655386504904,0.09565713040393956,0.7890457849367497,0.019722314362309038,0.6895751938862209,0.25404151331907193,0.43386118138395635,0.32581140110070267,0.045272509249763664,0.40786911103633466,0.3577951358197328,0.19590517623126763,0.04028424013851705,0.03480362261026423,0.0563449613239835,0.14500598595782352,0.6045737647319572,0.7909224470562687,0.06254244443786723,0.11640094758422902,0.9407228893908248,0.06207360857333798,0.34833053215933585,0.4255487650945697,0.10363876191969028,0.08542222065795192,0.019104691129818135,0.46440170162773325,0.05930066381304369,0.6303773638413379,0.9536260163376719,0.34764301208170334,0.14391338522112662,0.5456660788065755,0.046912639869661786,0.04464120195209394,0.9950891664126125,0.2249338789436767,0.2371450487309481,0.974711574202509,0.027743077333915858,0.05987651423698806,0.9722118825400069,0.037754531615579026,0.1871474034987247,0.023388462912471066,0.13958961394748418,0.05739646237917174,0.09504430521203812,0.3700548074994421,0.042885964250474834,0.33184785774533987,0.07087115822841061
ADAM17,0.14063825416536896,0.023431587905488386,0.0,0.02060018439701467,0.1394748153902966,0.020267059911326903,0.06694366367688395,0.8891765627881613,0.09046002049891627,0.07935337171847255,0.12430679419176291,0.046724601143907335,0.03146774698339047,0.026189801897429234,0.09651883397878373,0.0649801948262409,0.6004318376273751,0.03123005895774302,0.6035614225104408,0.16080760118486923,0.6604693202122006,0.03211111767950534,0.4248351242211543,0.11455795464511337,0.07039931040150783,0.058283888456110364,0.09961218162151536,0.6601280897864211,0.4027659440183204,0.2859183093577282,0.06988728319815579,0.2531628517493928,0.030752356040633495,0.05765536731396816,0.5194431323190585,0.12839100513495807,0.4306839173687731,0.17719073337408495,0.05139539147537063,0.6666992990544104,0.21054913962340246,0.0908946432441735,0.11361670550318137,0.22820653034883717,0.11038857065834995,0.22437699702688568,0.9182942643771034,0.7110387473379147,0.18640214016258252,0.561785072512138,0.018092084949653944,0.018999088510043668,0.05040599204312641,0.09376585198171097,0.19462359130457932,0.02941125366140824,0.12133322145309233,0.08496406492298883,0.0935832618495183,0.19359301892639502,0.022366990574142383,0.030258755590578352,0.04105840726520038,0.03965612440329903,0.03408424300452726,0.023089960965150605,0.041831659947758504,0.05954455539045252,0.4900334901039241,0.25795664310951816,0.37136073062107017,0.9446364139895017,0.06635486268206296,0.16711412237375078,0.059222739019621724,0.0747639458564171,0.6858105669226646,0.20130768802418475,0.0714390201451687,0.020112076924975696
AP1G1,0.9978377707040881,0.23366289808878757,0.027099892064515074,0.0,0.5935050727986736,0.9374473723538278,0.28568023328386366,0.26011962350065676,0.9997892424503834,0.204963457325762,0.04153885763223168,0.0308815514040737,0.3928445987825084,0.14238055178072304,0.04712108118351882,0.09808584517535131,0.8236583394782898,0.12247018901014348,0.766085560479054,0.34155655301063714,0.08222129229298164,0.7322135915941338,0.05665925070092887,0.7675568382724381,0.6192831456866669,0.242788980329041,0.9210849064422384,0.94862526686271,0.1548639855961958,0.7892002533858321,0.14969659769165852,0.9719177674022715,0.12169797908504819,0.053880471260476466,0.03173761105980366,0.04055878070421005,0.1802520418271588,0.09299601530169903,0.02074765658273679,0.6624367869267113,0.95928240013855,0.07410123471210234,0.12467408611910723,0.06391528080331957,0.805834010012454,0.9732117422179973,0.026231106807459038,0.7981479714216738,0.11283501199350943,0.7250832926588677,0.08118429538828087,0.9628806328314873,0.48965421096854517,0.08569002963175505,0.10388552821282711,0.6139477540541388,0.2222988813743941,0.9850386892009618,0.043798037071004485,0.04487881261055113,0.11544966796480649,0.4109632339794594,0.01877064932543982,0.14870680791567145,0.0665410646383729,0.20554729774448147,0.3461831805803433,0.09840265158153841,0.5071312648221126,0.11566076653826386,0.02179688320754245,0.08979496715812099,0.15138117325972916,0.02200737743579396,0.16316392887822687,0.34355037447816306,0.07055472087452272,0.611313001605493,0.03388473483970661,0.9897701655356724
AP2A1,0.2925548030803445,0.020656921038654543,0.9968113637444546,0.9211663123670282,0.0,0.9996661236892206,0.49287321640050696,0.32554536530358424,0.31921128211886013,0.9897437196693788,0.16336636350585673,0.08852369476016117,0.01907547071798042,0.3221172438521006,0.05431389134757319,0.07798116688959154,0.6592951994128547,0.03347494709441491,0.01930317522417441,0.17142846614086696,0.2620345092925079,0.3953391976276335,0.4093223676215138,0.2709496571280652,0.9233015259994869,0.6608358413038958,0.21215533924190927,0.04171571453000109,0.13485489277458068,0.40061405268156647,0.26977337346051655,0.9921341615605805,0.035544434486780664,0.6488429816104685,0.16237776914085983,0.35018076647922697,0.6248778438823398,0.056803003862567154,0.15071994972287786,0.04091313730658982,0.2857005512804989,0.921334195692507,0.7446643668779476,0.333484030502371,0.24885284836252383,0.722286057426017,0.8325564820947813,0.05750088110132019,0.04477697910195074,0.08269516534724174,0.14245036306957665,0.053792671893353614,0.2008653222204382,0.1684996595087441,0.8023630528762824,0.7758910523610598,0.04007835471605987,0.021961577454777146,0.2707108342485279,0.030484930293135162,0.24765279638537074,0.11239315447400708,0.024491518020252085,0.03449690109617713,0.03951375441179027,0.03789274533545426,0.1838784153632794,0.2619917996502888,0.4112467834967496,0.1974726193713834,0.04158257564456521,0.21281612175035258,0.13747748715194008,0.10785667457347395,0.04437252852105265,0.9265329084943632,0.04594934563455462,0.13099962019275022,0.0749897087829347,0.03688362036575449
AP2B1,0.9928433444868894,0.223326773389928,0.02991304749236258,0.9958190440627359,0.9994442583537817,0.0,0.2761013078345947,0.984034126613145,0.44144728787127474,0.419763346960558,0.3666829213491585,0.07333642788306714,0.09946035470400466,0.07502689318743593,0.5785145593113731,0.5694534147574838,0.7589040257924303,0.053760534995989886,0.33587716783949245,0.0717470337811089,0.03477308375388587,0.09495367711225519,0.7031257949107066,0.7476079313117541,0.19696049958692063,0.04017141362047198,0.3286591686070421,0.9648158327169136,0.2021342384582494,0.05504843861053595,0.10748068628395899,0.9196874991961668,0.04276208195882901,0.0402204270115223,0.15274939221438258,0.05444784705289991,0.040540927446953805,0.15370212842837133,0.4012115270067963,0.08822163680239974,0.1321733374848976,0.05619982768981683,0.1453609567176354,0.8353449762422702,0.5168688880360922,0.9091499516985705,0.021245470950487608,0.4689104847111373,0.9996692092307671,0.023764398222844856,0.5734117887764231,0.2548935407557168,0.25014662274165406,0.07979989151684058,0.02823765511305774,0.16715280177092748,0.48609070348212546,0.40259607898608524,0.018577182363668707,0.042824383949761465,0.22031468732663292,0.1614324915761972,0.036633069766339794,0.06150952473192011,0.04827968791514753,0.5043165785382301,0.9166125932407194,0.17515984669024154,0.89219144522094,0.15344828451687087,0.0701755783021337,0.3230471271711514,0.02501229450096455,0.42043816169720283,0.03392133922957064,0.09988044476892691,0.6360900349213005,0.9726589500205682,0.11459542410424052,0.9698787347278033
AP3B2,0.3301611518304943,0.022579058544227627,0.8685303881789014,0.5958915172122549,0.4580689089932722,0.28075846207120503,0.0,0.20072915364664995,0.15997359733516572,0.9688671307957337,0.047461420125965124,0.03341375496623527,0.3770720938501154,0.40254491455309266,0.1311075637660601,0.9561709123556456,0.23100929975565004,0.729265671721985,0.7851002545599544,0.19382608862986597,0.023498902030511304,0.22236777943097139,0.06390512946634902,0.3686302830792947,0.8860791277300767,0.9748862942856423,0.06215728268017104,0.040701722312448785,0.8584086825548447,0.19044558216236698,0.30321740119917656,0.6412449473980532,0.0868275943627879,0.10456927963887377,0.041235215776595065,0.1893934512665464,0.20334618186150127,0.0216664013445807,0.9571739653415756,0.574189220517567,0.2186088910583867,0.9569863478604965,0.032254752505593565,0.1223913374342723,0.3331206576232633,0.39556237025302315,0.7384565999565141,0.05684726368896304,0.06331269547876872,0.21539325753533886,0.2833185033155773,0.8658065108471674,0.6719854106008752,0.29741900898368306,0.85566564786721,0.3184880309511426,0.053936860474827646,0.18443928605346166,0.1481080109586565,0.08842395177700449,0.5855372649688537,0.040008906418251326,0.03974046032444147,0.21518775773056736,0.10719521505667352,0.12197785941366401,0.9956204212332209,0.986300173058892,0.24406892725021476,0.030428804856777913,0.8060735409951237,0.1095841774583967,0.40625765385274487,0.1695620517086474,0.5856330713079322,0.5368121801444071,0.29183553533369033,0.17864044748857186,0.024209843748671685,0.05992113985737846
AP4B1,0.3940870010602521,0.07031260625038128,0.24951038181336116,0.028324820459141756,0.02530447612672573,0.043288378962862466,0.02387779670434719,0.0,0.01956310719012826,0.13448391088369302,0.036019093974345974,0.02271392326835895,0.13089264537635698,0.01837844536921391,0.04141049601082244,0.050306142538011724,0.041706251610100324,0.06929972301374132,0.018786578093671773,0.0273463460661985,0.022106781414479866,0.039768650968945565,0.042924820127403104,0.14231591210536657,0.0472897628759711,0.021308074548855076,0.2180307252544409,0.03715817532903559,0.04255548939964285,0.058278536810494976,0.043849149858715436,0.025228981516998584,0.038633917199140416,0.06974894555804165,0.175858049466262,0.04800384910978297,0.10980820204886045,0.023706596517844545,0.604402748138441,0.08085385511085133,0.045644207816459406,0.044159678691852916,0.09256867965430521,0.060728763444666725,0.09553307403357134,0.02504789850806953,0.9790229671931326,0.24029860902273556,0.020486547271932287,0.06077585962319755,0.02288530083651395,0.04184477698295373,0.12734009285277983,0.026458395370491956,0.02964000180575673,0.06539069464257773,0.01978020643465253,0.05401297182349152,0.16774910011572478,0.1563836857793411,0.9057535709186721,0.02248802762673013,0.08479919077755256,0.03248689755091506,0.05953857523589245,0.17233579673643298,0.020044410145230798,0.02498097454414721,0.03693704640577093,0.0878334896201407,0.08649300327053451,0.06892150423813725,0.02604917031898744,0.05092607856281212,0.5696689634599081,0.03884295214712147,0.7894316937184175,0.023967495117807762,0.03701218174572302,0.019982273565806407
AP4E1,0.10530232964235069,0.03862898889665752,0.04115712756362129,0.126817097941109,0.025710424455239755,0.027727578779168816,0.023506773219567727,0.0196556041111258,0.0,0.0517139207969364,0.028934122888335165,0.023045651551141313,0.03217460435594399,0.3576367865289108,0.0634347176569095,0.04201892764162791,0.05493595818625946,0.13956622530472004,0.17042211209519223,0.020156090540536718,0.2198068313013312,0.018049110503948147,0.030944082125885165,0.04579153395635203,0.14550231640759861,0.0524308434011662,0.1489434341893467,0.05800697873999684,0.39542233040628116,0.10619173024830099,0.022277020779348487,0.028702218874459503,0.058787383199739585,0.07057894842801965,0.05057971117436331,0.04130597697140392,0.23132119246379484,0.10690541008348134,0.8828228166438801,0.0671079645528679,0.0912929616353172,0.03244777256557534,0.02362301908367156,0.44233895928000105,0.5980513424432184,0.09978198708887366,0.02107530861468222,0.027525985584165896,0.11143818828477638,0.02023140584707028,0.2053215596106137,0.2149205334948265,0.019116763219929372,0.030028436598040796,0.14175294734066318,0.06604150453407298,0.31324527367233734,0.3335334583357481,0.06083942172817577,0.05894466182319598,0.03326245191570789,0.041243153153218304,0.10500476523784444,0.01883431755701128,0.11636268638893511,0.053425582751689966,0.049955814156138846,0.04149928109229342,0.43730461545132315,0.08117078968761506,0.05912606128059341,0.02242637560089604,0.020006592546987688,0.020101248860256927,0.033273220269843494,0.022670892165734074,0.19794683601675814,0.06047211250407026,0.03123604570220816,0.050941830240907426
AP4M1,0.7043761385839775,0.018124878037789238,0.06267869294183276,0.03660380865809411,0.08341077616465778,0.036201572117176554,0.07189790253631474,0.4380811070554119,0.10086317885715658,0.0,0.06479432873390974,0.43659987269796946,0.019362836648712866,0.6601789514549062,0.05379696549251814,0.3418367833830454,0.01893590164588331,0.028899806911432582,0.0204805575977255,0.020632070268959107,0.03736005073564942,0.06443941288284122,0.26935443733361775,0.08514988036909658,0.05725825566242338,0.5913839264016008,0.36325640574523027,0.08093528662346541,0.020727643487120632,0.2684014982365916,0.09347684783502863,0.02396500905650674,0.3211429056354401,0.020315335173640196,0.05002181585120485,0.030286966958014572,0.06651632891202071,0.05419978804494968,0.1760218610346313,0.03298867228582893,0.02362846835479314,0.04295157106771368,0.05372868913035557,0.16529105858679466,0.0201213455550644,0.41690895087226715,0.053502710762652506,0.46888796380982767,0.07506257143447997,0.1600702324474461,0.0366573248739313,0.07565966841415067,0.24129782629267058,0.04620889818552776,0.057870401605213444,0.06668697119583701,0.07482537331108714,0.0231166756644887,0.12245340482529106,0.054798939213315516,0.9642441493797062,0.07510558021489154,0.023901152740398203,0.02364902577689761,0.021397360432632236,0.7862620134228571,0.031273818644727586,0.2174503984424167,0.04053500074071023,0.054937563458763064,0.05504895298294832,0.01835646402548674,0.04001318342509667,0.2510091053974356,0.05420892188721514,0.059782432980144525,0.25186058588136434,0.11509039351692377,0.03256749654699235,0.01908484178967819
AP4S1,0.11570871430287488,0.06057159100908724,0.11390045157851625,0.02344142750927309,0.02942179318283324,0.03797366187492733,0.022331489258073094,0.070666503573074,0.043935813901265094,0.07685420875037276,0.0,0.13222986260928316,0.029965979319668875,0.07296972680454757,0.038353952450187946,0.03652781734762623,0.1328816616506577,0.06443753670038252,0.11248549021181496,0.1075942969302471,0.3675284566245347,0.2431775360599549,0.09260190244361731,0.03202307058958835,0.10141590687539455,0.0669864702125256,0.05264907048128782,0.07874197102225876,0.07227882209384179,0.5546243624813381,0.5328727121451647,0.6051334243450085,0.023139756327329664,0.17148955761990553,0.8496911510100906,0.03114851628707108,0.2465472016649254,0.7547037184686578,0.10434401434878328,0.04577953629434895,0.23031345686866017,0.04017661137943358,0.018577243679888427,0.062312836068776814,0.34808946988760253,0.09552395323701082,0.5223485113623857,0.06900099793103313,0.47673626139906483,0.07076784274991794,0.11674065221324743,0.028315257450483945,0.6313286541155984,0.0281292311091001,0.0792181389260582,0.1471288212671981,0.07743376779104992,0.5857402300403792,0.05469373757136495,0.6191494137453917,0.07511347187110583,0.08177190228951325,0.059094985615325474,0.22325052348804855,0.0220841520005256,0.770042545062549,0.07131336894672036,0.09772292101640104,0.5933274737420288,0.34739050241630887,0.7645402633034216,0.05990147389767354,0.035575459781468706,0.08024342145583335,0.0642411861517856,0.051146329152284176,0.9000903837802847,0.019556662100333383,0.022454841358818076,0.28029990300499347
APBA1,0.4452363090284444,0.01891760758344588,0.12357423655244591,0.02605680523803505,0.03819476161015083,0.03588176858196453,0.024254640214990873,0.04909245477615769,0.04937345965783846,0.9949685564568966,0.6494167330664353,0.0,0.6161067080400886,0.07225544832781129,0.03523625139783713,0.09948574093308363,0.04705176804442717,0.030474556397027872,0.04442115196034929,0.26675639877125273,0.023742835898919998,0.5245830808818464,0.9870078453961242,0.02495780581009716,0.7238389931088789,0.6219399109788726,0.09343335645805312,0.653131466232466,0.32038094791270344,0.08466268277074523,0.20779847288519904,0.032085756043421,0.06438007048707618,0.8731074169407437,0.8413456284738074,0.0907991311269542,0.03330210809294378,0.6273154565000661,0.19907427301518785,0.09691802396354648,0.15756619922712167,0.5444823469885368,0.15110915758111823,0.03448251776078147,0.04425029447910885,0.12370133627907205,0.9618335542616454,0.16562323914265506,0.8613582322579458,0.046767335343721086,0.07270633031676382,0.8735384182941041,0.3100778712931739,0.8891667359353754,0.031335877566423025,0.8471490909184068,0.9963997747125418,0.08831969804370998,0.2283391723309765,0.33688399788894496,0.059993000853980905,0.1433330208331729,0.3835739250083938,0.9750766762783037,0.13162514466397046,0.9900706273310125,0.4431644820827106,0.10033092062525437,0.2318793342644755,0.03028934236373137,0.10636686811181349,0.23835665490645616,0.8685234747591177,0.1799273782145119,0.11691153754786913,0.04293651532340646,0.023474656470487847,0.5132814377576804,0.26967144846796853,0.5446316787930627
APBA2,0.9192744407345814,0.08405838493740432,0.035045278245321006,0.06946023659466795,0.018271153100088335,0.02935258921870212,0.04603524432544007,0.7824270396413606,0.07007223356045253,0.019983748041867262,0.034095620847809316,0.1941223747657098,0.0,0.47915892950495437,0.06047007939217254,0.04773953159918383,0.14095158513961742,0.03001137728478078,0.12251411119397448,0.03621982455881243,0.08522726505698652,0.01963727855610933,0.25971687206913124,0.41240766432511006,0.19323794703724895,0.03516009490998308,0.06855593864890198,0.4618936056255929,0.08610223222859412,0.9620191548135046,0.8834058473758764,0.10833169670562219,0.019022642567574216,0.24337359763231473,0.9936361271570464,0.20739252039885697,0.16789646107685463,0.3164192929698584,0.018602880504995256,0.08064388571722597,0.11206788720401693,0.3874131524221439,0.025535869523593414,0.020767803074388032,0.11658718250551324,0.06431232860685478,0.05852804868171293,0.16250588553006412,0.2958348144574796,0.07495410861169322,0.40867591640040307,0.07807703979202381,0.05910376195834636,0.10867188027699497,0.450592056265508,0.2570841685647562,0.029452785823669735,0.26128130497129354,0.10919678421847914,0.033905060786405664,0.8635136926666461,0.020089587233297793,0.04234651843775389,0.12970620040435843,0.05103563571318029,0.1099453961716667,0.5755520302722837,0.06399766199593201,0.9062185845665912,0.06225832868956984,0.03892041419622199,0.1307284327258979,0.1799839967865442,0.03364065234984157,0.7569024575502012,0.05867250766494156,0.3667736430712194,0.031524494046690464,0.08250819841585474,0.33441731335054703
APOE,0.07134585512345912,0.06758552346021907,0.027918435656185993,0.04116546078074262,0.04121212528932765,0.026783261572164374,0.0464845212436159,0.018965026210773974,0.9809811525591077,0.9263734633331042,0.09924531478808656,0.03982908952792416,0.4601238723568748,0.0,0.9997912929950656,0.10063566277500566,0.34866320186295324,0.020234706717737985,0.9995667105410257,0.09737497697747681,0.08843533150306258,0.06708740702190899,0.01999130686532892,0.09081073111204524,0.0341255911120782,0.4640779045755305,0.5828496038631104,0.04146737909121094,0.032994818610685615,0.8426192733630233,0.0664891309333879,0.8434734599994014,0.05329545548064824,0.039858327133520166,0.35527283177903207,0.019048700450952426,0.27198423354917234,0.11106463834342047,0.8689679099956654,0.3100657620370478,0.6194723214005088,0.05298019879848742,0.028616186418847594,0.5521921972923615,0.07525533801033382,0.07728901859081633,0.13222851932278984,0.08573903475084299,0.7620223332564651,0.021993682734240506,0.07712587746439359,0.25929364661574944,0.03063214899306122,0.08027601992022373,0.9439455580936778,0.09867611102489975,0.5619836796591847,0.2729482893791426,0.029938718723576965,0.023859030259994952,0.14983883290780584,0.046094314070185126,0.18413312065578424,0.10787432326477162,0.16222436593252246,0.5514629357200366,0.03750431030850084,0.09417387510508615,0.31160600855936066,0.03997120158653973,0.15171412921407643,0.16722921828828904,0.14597405344709155,0.09459095729184581,0.05300176707786021,0.019816859612427837,0.041537180726045,0.3007209705259138,0.04699540310386028,0.030042371326069878
APP,0.8694951586515521,0.022939917694474326,0.5005418189102961,0.03710830135056188,0.0316859240730029,0.1530455355431534,0.05264014547861879,0.5215021404304772,0.8694786961627282,0.28387334627814137,0.10490053008023482,0.03752349824482341,0.16633082033473517,0.9999999982712706,0.0,0.02211326656093994,0.10512016475654795,0.6284743165312214,0.99847179570524,0.04968447120047004,0.0189380843907279,0.08470306223835937,0.02022908822523399,0.13420485463496104,0.025298494295730667,0.020262747752500008,0.024033724785700542,0.1541135529637351,0.040855073953956315,0.0338583403503576,0.09591753678218,0.9991215849754916,0.27332388490103054,0.018385757795769137,0.37994012921361336,0.20428073489639814,0.055324541552783435,0.3793372631304539,0.30605012135177356,0.7718571459971936,0.033086834112997364,0.08265522776023486,0.021443744170523533,0.03221555630768241,0.02899256131509026,0.08025320188867395,0.5075117755014251,0.7946349256865606,0.03638519771757716,0.055711664385488725,0.08584332244946215,0.16222867462708027,0.019748832225074942,0.17911608953446972,0.9243007533844011,0.39797959962957163,0.1953423822230937,0.41597662694955034,0.05837882405817699,0.056782968092002215,0.9340463645743396,0.08630874737510268,0.0229338410049697,0.07635117566279417,0.11495646435714202,0.18402635067821707,0.374917968665518,0.09471534571512875,0.056776446346529064,0.48767939875275507,0.047311768480949444,0.063462996473672,0.2459957365989227,0.43074315698445614,0.03962089512562463,0.0260176474134679,0.7112307546999747,0.04303892763493988,0.15437199261759993,0.02528978795491368
ARF6,0.07735722878797802,0.5926392394538015,0.10390547895320652,0.039678767309595166,0.028573267380054036,0.06810751776998775,0.15095988398881477,0.2857208720014026,0.16811337431260476,0.8229241362114575,0.05012077237015152,0.05729369071023009,0.05555355632752904,0.1345664406036133,0.020402845414338937,0.0,0.13444605022727538,0.03481490858888922,0.05522962601522284,0.051830076876310326,0.9318384349265686,0.027831250419356583,0.43342078785568294,0.9882912782517691,0.2974453687709756,0.04233782832969713,0.9899280834497995,0.17998913187604018,0.07395718307163435,0.9895301811266155,0.8574333370939234,0.21776980543021626,0.02594146535749587,0.022421906601650058,0.8031910569488975,0.056157546210714906,0.04639360329268847,0.3117646362770335,0.9493787575950654,0.19202884241914034,0.47126111622543065,0.06539352923240647,0.6685922956020472,0.06381616446018083,0.575722019276239,0.3400641792252053,0.8988895564407177,0.4792456387564956,0.04175144336445148,0.09321647475235742,0.16488525735490756,0.022004356779459423,0.16678676565581427,0.047307433948394054,0.028346314104381744,0.05399009600135317,0.08127780856291984,0.8747389997492103,0.3524691914142065,0.03665718454866565,0.7930952201404301,0.2909436873999162,0.21518943480944613,0.07409354974460125,0.02058976082459986,0.020385518219135985,0.9309421908078563,0.11622862504850467,0.028969721728840804,0.2429441589998145,0.07072684618219455,0.1114643123175485,0.6014764299325194,0.5957381340899369,0.026218321743479555,0.033232000601434226,0.10346706924452116,0.587423484226328,0.18812489496604384,0.06883213848541402
BACE1,0.9251519314648894,0.02587442404996552,0.9174184204909531,0.2073190600035392,0.07698337026608278,0.09521623976853485,0.044922139124595785,0.20429683470617035,0.33981319941499627,0.019669057532001752,0.3199128519718755,0.035413429159504496,0.20902249274779708,0.5474721056699785,0.05681700594171196,0.14753892253721068,0.0,0.03062601264539527,0.8039634166564966,0.0533974150527603,0.6854030365879923,0.04518714974238325,0.5040486233196624,0.12337519434650905,0.5748369626302878,0.09428783465076002,0.25898197343351603,0.809103254019122,0.018488199561808496,0.6880144063496914,0.4329625501440061,0.023036840211687122,0.09094067146785322,0.06887042400829298,0.9882099433306181,0.018553423894782633,0.09788224925410405,0.13774035553363237,0.12140882949929611,0.18635128792648203,0.7828113933748188,0.176174668716606,0.04316508589826272,0.0433104489092755,0.6414054397582742,0.5743669219634044,0.03846134087442551,0.1949504887086703,0.9952913750428999,0.02258427525207426,0.2645513651437731,0.018275801401234762,0.04182614585912688,0.835478826521921,0.03403459011115174,0.071837563075067,0.053493842027808415,0.06961791154718829,0.08024323255167472,0.33239943528813537,0.08500043856808703,0.3056107980091882,0.03446305992899491,0.4038768151890685,0.06183069783212402,0.019197406233677126,0.2565735772313847,0.0846918028318688,0.06292004145413539,0.13624173683306975,0.06930116482815725,0.5065727287906416,0.22526068490322582,0.07530878394541522,0.5156893275350676,0.07623030213571874,0.031575812057817336,0.32512075357784637,0.027237432367928957,0.031139223627355276
BIN1,0.99913262160918,0.9994552215593855,0.08439530854941825,0.11061968136096673,0.02678986627914381,0.03754508800647306,0.3335889336200431,0.9880061479095326,0.9997718030255417,0.08781326832494495,0.49468150343054157,0.03713068962727392,0.060355191729695154,0.023965385182768122,0.8455109190923897,0.06912313098614165,0.050777562062715845,0.0,0.8917715050927195,0.11943597228288187,0.2068338706385696,0.3571949538316995,0.14845334902604357,0.36288945369820597,0.05898583427118257,0.8041858955963844,0.1371166425848513,0.07630840338752629,0.02201149912696845,0.9616198169956018,0.10670181773913058,0.0214951130021282,0.6900526249850795,0.0426875038338009,0.8888675578541751,0.13620569709302396,0.7138110212098983,0.9359800162947853,0.02594518121723898,0.29561074704106255,0.994379937136792,0.25196145001515263,0.4014403593148688,0.8238514747212183,0.33071005248234964,0.9999835927582748,0.9991820238200152,0.9905492235875227,0.4894459361727183,0.09731935642622055,0.08068076297155354,0.6714721835368035,0.10128264602278997,0.7846092428202888,0.33536885003240163,0.32643954753422627,0.14688023785263155,0.911518316326673,0.04094702123747252,0.9958623691131946,0.38709459731955986,0.9569725694006974,0.0715715187015951,0.2833028154300292,0.27319131279627834,0.4254245005612664,0.8854474614346844,0.7699037218462941,0.03387307497584825,0.9992442080824305,0.09302848126318936,0.04307705142582133,0.02328445013019783,0.01838012561544997,0.08442728611203652,0.018724529869800822,0.05837507955915336,0.15399529235762477,0.09891709313819966,0.02119526390303003
CLU,0.021566306905932874,0.07955294577378993,0.9710547576579289,0.2514480146383053,0.01847629548262554,0.06403370340058968,0.12866536251797037,0.02100376732328751,0.9846692787590459,0.02341170559962011,0.3670816194413898,0.037815052381513815,0.24797739364890958,0.9999978394935092,0.979168705776608,0.07078821768163635,0.9109934678276316,0.4091823461411599,0.0,0.02414272050389479,0.10422499362340412,0.125387529401287,0.6481185688997406,0.09468245704808548,0.8559109048887278,0.9844992189197226,0.3337126052175619,0.025528424761011116,0.04509428174503831,0.7327735377583435,0.02201742955782544,0.062417689956373784,0.9222271838177839,0.38227300725831465,0.1222751442900412,0.024252613512227097,0.025314215638797096,0.05237050266793613,0.8791614074413802,0.8388675379260258,0.8072507114415914,0.04524465430246916,0.07477931192495954,0.9913119765187819,0.04676764189930391,0.1305758842191994,0.7295429229111738,0.6831452130395794,0.9368664517645628,0.6778397706236771,0.024231938030444992,0.04276678390371801,0.04912409007626881,0.08700884451509953,0.6311913845373576,0.02175279679543745,0.18855240846577012,0.07815767319229978,0.02812208137963032,0.24694967320554928,0.7230855762081991,0.027098499136925698,0.13137591335770504,0.46217054478717895,0.12545040684881947,0.025225482412814058,0.1795273739626996,0.7249275015587012,0.8356845155546359,0.07337307758995731,0.3734799129197321,0.03883330242277807,0.13853067670071506,0.22687350258518257,0.025391367736972842,0.11159524287596113,0.05286553406713755,0.535656935775865,0.058402883071253284,0.34631452492554216
COPA,0.9922687536552655,0.04731747359315285,0.7272444929813913,0.15988961728081524,0.054721816511811495,0.036045441832994754,0.061031075855312526,0.10984222513859321,0.029011264136283226,0.02545811560647424,0.55017696817953,0.2805219317761279,0.06161233591642186,0.3127111037234519,0.04655223881667292,0.08917117886390802,0.08638122684223482,0.07488848171459583,0.025964567905290045,0.0,0.9682763503787197,0.9990898385039325,0.995259369808263,0.9998527575162991,0.9866469031649466,0.3877424955427347,0.060842421715788124,0.304013789226192,0.425022176267114,0.9952016243382047,0.02248231490511693,0.029251656154322132,0.7924788760316905,0.02378604915809788,0.026786697126805488,0.4860622429046231,0.10823262990222944,0.36075169711678573,0.214123406507938,0.23121007004011038,0.9669666706510209,0.029747193454117665,0.3629142621679951,0.05132841397871676,0.9126489801249587,0.8221065351806718,0.023806935801239985,0.21582947387953486,0.10427867726723179,0.11076981687608942,0.020635059646881244,0.10413010661657522,0.01806875685605272,0.038909313241147526,0.5188569558671976,0.019022663773010345,0.6160594001843472,0.026244026482465987,0.0974868692447639,0.24287052963802708,0.07956466420860456,0.6470903384345629,0.06849067613398839,0.9846991925438348,0.1140710746474107,0.06614249150545062,0.6084161859611412,0.5527784389437918,0.9929134004018693,0.6095914067254843,0.023508112219854233,0.05396769559003575,0.06909406160152488,0.06982589861703582,0.5245012202207138,0.02374831345554355,0.03268350125061245,0.030216458463500857,0.025442443259387302,0.06471813342135611
COPB1,0.1322420275054932,0.2298941198144245,0.45021213897164236,0.02729800065189161,0.03048050758014752,0.02040726795180841,0.018919935081457902,0.025574411129915098,0.6041864578230685,0.03666985292704453,0.26104543601747177,0.020063141046676197,0.05262055662748017,0.055181452777102034,0.018322325012626737,0.47345414457849505,0.2103623673822069,0.03757476355388707,0.04253598487240342,0.24019196678396418,0.0,0.19142047226060252,0.38562084154741877,0.9729359581330119,0.49975874865810566,0.22083963202647974,0.0264115907501653,0.09765950336805301,0.05272375085594815,0.035115795257365724,0.11237837141787244,0.01859358668694025,0.01830482342876609,0.039354256305628124,0.027140008753058963,0.04679705343220251,0.018476865141923156,0.04021489172272225,0.0745831691824959,0.056953656670507995,0.1066744955554199,0.027495861821568032,0.04956124309311562,0.9769063591957992,0.1849710090527433,0.2632830688620724,0.0986408544060494,0.03034216665933275,0.43055583852070634,0.7252228503968517,0.02979030302441501,0.31427553310894507,0.021889326360489972,0.03716703911926237,0.02175424581155256,0.1686085771121896,0.032220182154233806,0.13128897304674228,0.08605008331951194,0.24007480248941462,0.03438461459503944,0.1280017653039198,0.030810940203987856,0.059900127209574036,0.025355306700805633,0.22756375433389983,0.028359550464852397,0.5997971314435587,0.019215754532073744,0.19362005867715334,0.12675962058787507,0.06848934140685253,0.10609915395144362,0.07453128784046101,0.6808724021438036,0.03387092346198644,0.09368957541696456,0.8504921330448236,0.05316694262497171,0.03105844255709446
COPB2,0.02364631927406183,0.11860269351398108,0.06028586941138363,0.3742113543604886,0.09011495946287051,0.041508356739071176,0.06565792784197613,0.4042640237459033,0.018251326760106483,0.34134781993112284,0.9131176181148165,0.542586293952858,0.021002916608829306,0.17717403726128017,0.07628561051537207,0.03492420850433005,0.06771549404030913,0.18529294806642985,0.1906830001066405,0.9990342090170776,0.9327250873971145,0.0,0.9213442081155158,0.5893817651384834,0.04426372373936743,0.01806068239077948,0.14824719766440678,0.8069215390381911,0.8844186289768212,0.3129770476350651,0.5926182254872032,0.7400698035193116,0.9990719870323069,0.13522303726797688,0.035127063829185276,0.26934859061666344,0.5468114353224361,0.02716417272812453,0.39586507572135654,0.11263594424622723,0.9950306903755306,0.03348938744099627,0.27535989742439104,0.06468585086357062,0.14225917786014325,0.173997045914687,0.30907637439170915,0.13557117565028845,0.5325497181059231,0.9631614745613657,0.024529298235000812,0.5285238712510335,0.034558538235431445,0.05981826357248013,0.026382564064273247,0.02513945209671488,0.06529408084858988,0.12090688464387295,0.6964385203961138,0.6930112693195289,0.6680020925049245,0.38629723113990555,0.19966092270155303,0.48325533221754985,0.20741720553603116,0.14378438211519654,0.6411998100505777,0.1257076682983344,0.114858170341596,0.8965065677175857,0.5523005535575422,0.4637706456631829,0.6255893866415903,0.08626633217203307,0.022556653360634314,0.12376551757857178,0.9461644706810609,0.9804135160167821,0.08323866499933859,0.07827260995024103
COPE,0.3868744903928861,0.3027547294447292,0.3997435538394994,0.026108458054252406,0.038795818057832616,0.05236603231033967,0.02404588925559255,0.10215379530748159,0.05085220797397869,0.3751848632161592,0.09575049177708833,0.47630447729590425,0.16838929311705214,0.01963570114552291,0.018915256618226472,0.20121151763721562,0.21164222431951366,0.037914572215209885,0.20371909896686158,0.570139887576677,0.5541205179500275,0.2642832398886305,0.0,0.9109463800885754,0.020050148706878764,0.578791425898907,0.08328956356970654,0.1379728085017844,0.03861989890108547,0.05335202821395173,0.07227420534209834,0.09909557900736912,0.03284110667210999,0.11494613370795634,0.6240577707034454,0.1534663642745721,0.08132885976778764,0.15602321896032958,0.03446793765882164,0.0349784751659847,0.8471397475767397,0.023438049719940207,0.07199893449248825,0.06483873129401134,0.4570605729447383,0.21550441288571456,0.022835745169787258,0.23136643204990176,0.3821409150628188,0.08018704748165613,0.06814058920841955,0.03181360151704426,0.119336195185753,0.053985053454858246,0.3414027472103535,0.05299844044176327,0.43964205961948116,0.8182750423244345,0.023753471016143106,0.03128397986672094,0.03100464752128435,0.04934963900712376,0.1256176881822829,0.03361031142689372,0.056725106192387575,0.059225883903713604,0.045993546016018676,0.5860596089880693,0.6195981147688322,0.05454177902406754,0.022591507523123572,0.05278353705686451,0.4144814983425692,0.24723262054490533,0.021434096754042162,0.1610003964873938,0.07487002172085337,0.09373685179070702,0.02853930116690919,0.2720775889845556
COPG1,0.9542515596545675,0.1377216465891654,0.27811884392738784,0.20935150141232636,0.04970909988897559,0.10448898311811804,0.060135736566648564,0.9610279948753017,0.2653488207229551,0.2747877451030469,0.04600886479160348,0.023011755712087016,0.6806378023871021,0.14893402621850815,0.0735311761897767,0.9959214166247138,0.14007794297185133,0.1065704547612255,0.08296028153440903,0.9955852866139252,0.9999725709732381,0.31447813957081033,0.9978493006910645,0.0,0.9841697157128323,0.33552729432634665,0.16949669355537011,0.04816369711283351,0.3350659002099535,0.049618545753904245,0.18925691579689782,0.14769838065856936,0.035684730585799775,0.025286092038108554,0.33431870337928604,0.13206269026328818,0.030456660028344778,0.05326576211022203,0.03858999393338191,0.885365113438497,0.15289677515304995,0.05683244209716089,0.4191337577333114,0.0933369138428859,0.927048109658686,0.46003393419236,0.3128474645229122,0.5259092459978304,0.05834426111248789,0.7018094662594034,0.19410454859063023,0.6811746914341459,0.7117101846418665,0.04484348348039903,0.025350825593436044,0.5844688403930197,0.8050531228103273,0.8331568082953938,0.11960709622645431,0.8032404691297262,0.8313617375756981,0.05963791384310555,0.11415397596500729,0.08955437148342901,0.1719185050290675,0.9176337287644061,0.03330137023552194,0.33847062999254623,0.20846046935878093,0.04152196905663226,0.06222502710476927,0.0459835560661263,0.03442975850094427,0.01935298171646686,0.02719300109937873,0.32633150385437476,0.023228642197754307,0.04465548519170833,0.027843478577434175,0.04175833648687617
COPG2,0.9915941918224652,0.034479132430404374,0.10364502742297264,0.11126245302983076,0.10759507753507282,0.03868013069864316,0.10170983690346111,0.21680788947162868,0.8519885079144784,0.10538610383108175,0.1795798874060355,0.2906331123928805,0.23048296072772465,0.036556665787684066,0.021868640547802357,0.25844723728616936,0.4602781264067474,0.031032109311048498,0.6025191469831669,0.7465836144262082,0.9147679175171181,0.03139358861820822,0.020793435084999104,0.9412141945486316,0.0,0.9241590321087646,0.14716910981171985,0.04401660139011575,0.44500145977798977,0.055732137901852295,0.022864145480109826,0.5447216249375548,0.18267387424624693,0.02979136532071173,0.025060103051161985,0.026821622945322785,0.12473692239632594,0.10319371540317406,0.0699278083578047,0.16683113057763163,0.9271143179863739,0.041206191133457706,0.34958378733917755,0.02985348290640423,0.034683591361561274,0.18777640382728927,0.1920959056242209,0.08453088109907425,0.21260971941540366,0.519723354621242,0.0750779109516076,0.1299745315438237,0.025672903719191256,0.09869259658102704,0.03440243214161699,0.15941007305626562,0.04592449298534847,0.14330091008801463,0.0763023902607255,0.32788753322871583,0.06734665721558954,0.019979944405853323,0.4328785811250195,0.7130851602984978,0.020176546802597003,0.05086798858793509,0.09294081257757135,0.6097883189884278,0.2534175205286652,0.18968559322820094,0.042655798912285194,0.180660435293955,0.613644391937684,0.6619864939272248,0.024002743928642423,0.24188414838275468,0.16424171684687444,0.21499878369043743,0.20397613785659383,0.2702538532285264
COPZ1,0.16832236309984536,0.15199230161521432,0.04005656380322994,0.03353201870457317,0.035782486154819035,0.020443865712374276,0.05738084603617001,0.022871911220415993,0.07483667918212057,0.38561909008407375,0.04612659324825562,0.07357534329466428,0.026327370802159748,0.14515161101914223,0.018636959589477704,0.027400808573151306,0.03947606420272351,0.06183899733459593,0.3193421181840857,0.05362890632933653,0.1511181966851063,0.01801004530564663,0.26974648615809405,0.07172258672412923,0.35119153436246836,0.0,0.4946461127029759,0.020688780379235425,0.027888668462453584,0.07729549445755131,0.09886058457791394,0.034586558161713916,0.9135093519947567,0.022852237923402244,0.12327027053238164,0.029945138640021834,0.09930716094545246,0.06601404406006368,0.2766651552874841,0.029733164408060356,0.09170437578065499,0.14060860970234193,0.12302296781867848,0.4475884196524463,0.03391070985384637,0.08577600047980619,0.6469340964403891,0.028922761302229837,0.3893759162403676,0.0436761797059811,0.028843961825244388,0.02017824155696478,0.07641305511472504,0.05446267468093255,0.104247686972437,0.024404534640578956,0.12390976972101425,0.8235853646956691,0.018306217891960144,0.057346999002410116,0.14874435994532975,0.02798391322282441,0.1380084887062101,0.13507894738634044,0.030725829764292396,0.12972303265967997,0.18586897894135385,0.06405492538629357,0.06975672387116343,0.021683003793669504,0.27628775135279365,0.9043776727839941,0.15822407703613858,0.0320487944834643,0.07735679696782487,0.02148704820809005,0.17693671634462518,0.1138868863790022,0.04133216662725127,0.07702940423533366
ECE1,0.044552847441198765,0.0295494159557665,0.078637365886858,0.10188564005786797,0.02973196798738715,0.034124814057438294,0.02309454371318611,0.7086667407374918,0.4593707325647618,0.38211807157860317,0.047345464649964704,0.036019980231750334,0.04727212388191501,0.30311129675440784,0.020067571381546894,0.7875676628651075,0.09410906319228422,0.03379197329689382,0.0883281790134728,0.029585967730919864,0.026927072837114673,0.04365286511241462,0.06978345689377063,0.06440418389035897,0.07436985463709511,0.7377881238090153,0.0,0.03798229798390562,0.04142323521725722,0.9869976929824532,0.22529091468380358,0.1463059930244285,0.8980359985205021,0.23383240844908482,0.07545662112943008,0.02361141540954114,0.04259509770070591,0.07386983131168358,0.1349030551646558,0.12029094201595289,0.14695130297317294,0.022666672893997816,0.09347086163186494,0.15070289687302582,0.06084250971228178,0.09850472700874441,0.05032927812971882,0.05057846351514404,0.44177569451941434,0.01923774690425052,0.018831815446061762,0.11033229300438492,0.09269129465045085,0.30947994578246785,0.06172735282384227,0.15608662457853573,0.11305197172442977,0.22202790078333812,0.03017138335154751,0.04701598388868061,0.6223803960279504,0.07426046552382974,0.0333847586039755,0.30562809605900887,0.15584544950477416,0.0943992814681251,0.025456472425395962,0.06999178247398388,0.18788901232127148,0.04620578193787519,0.03302943878431928,0.0829888588946361,0.028482295427917106,0.020980416762903655,0.051159736366179674,0.050261262542471125,0.1281710335836863,0.0707034734576111,0.02479050658770698,0.0460045977020771
EIF2S1,0.4971776683895443,0.10796125707776986,0.7363469566627916,0.17655152026661225,0.02207005917576278,0.1035328905992348,0.02209579636883501,0.08993726583931505,0.19726765090101858,0.12178368716210056,0.09491619370414629,0.169161136622606,0.37102697707370574,0.03883384545654463,0.05171520160106094,0.11248525330904184,0.5090289992204107,0.03131262425608223,0.02246601022122995,0.08405455497918535,0.16121692758493095,0.22687009757004,0.16853251409041284,0.035673505791443,0.03788444628698368,0.022478002509832992,0.04597827419514632,0.0,0.6279588695852255,0.3015910879255978,0.08161806983216448,0.09304277643676041,0.3504874244005936,0.23824843027352438,0.28352842036159137,0.02630011528167638,0.08206202908469437,0.02498956671729578,0.3702896732639275,0.06964979047862228,0.12719520908690998,0.08199330615658924,0.05254449222716758,0.4039174716916129,0.11970312053736756,0.028071277330207305,0.6102597615378038,0.24467416510991594,0.018358044331833988,0.1917095503625022,0.04218130546593735,0.019539414709091527,0.024847154087797824,0.1270131909694572,0.33309805837222567,0.48066542836462034,0.12955088467781334,0.7474758188265835,0.02041409887742396,0.03535381408044347,0.040526506076945426,0.9900535833709915,0.02043719380853723,0.29078275568585565,0.030057146818525372,0.05970377214781087,0.0677387744517514,0.7824661673056653,0.029633968426642694,0.07332695121162461,0.1929454552991217,0.19904680640295108,0.15296123983366877,0.24922068985909646,0.1352281084464211,0.02047552406220882,0.9821591235591656,0.08944996770817353,0.1673005197588192,0.05400405134115122
GGA1,0.973691229069654,0.08175400664676902,0.958649929695302,0.07625412140196697,0.045177388574462525,0.05819352648764369,0.20838721968554044,0.4218857792151912,0.999957714200678,0.025153920200529926,0.2717259934661665,0.28970309298750263,0.21696891830569506,0.04985332497357247,0.036851830888822795,0.1310054558242852,0.01867354827759262,0.02069032656877862,0.052347302705802276,0.36654381747501696,0.21468427310368232,0.8410260047229784,0.0832254241543261,0.553314098546169,0.8540687873979945,0.06383671695754942,0.11785832300325252,0.9867891978440044,0.0,0.9356746731279046,0.9675372295051499,0.18086806343656428,0.036417429822551396,0.028413940486564274,0.06608325295898645,0.041580355717964645,0.11550897696883612,0.07098394187264878,0.042786836718531944,0.050635770827138236,0.8116077611464985,0.018177715898385082,0.9700655665528736,0.03782905722092921,0.975619053121181,0.2208630009817348,0.057134111886493734,0.31231158728087155,0.039825142628038004,0.05948981926273074,0.021653161544149955,0.11383812862979394,0.027827975352439208,0.8612484600232535,0.09564279278631109,0.17337404336649423,0.038189565561435344,0.33902519711201584,0.29356881566143955,0.8898501136798838,0.13928207495431058,0.05185736976956561,0.9267960788176837,0.9579654192299142,0.04465318435393604,0.031145812481416277,0.9650351816985411,0.01994793801525619,0.2629622029758764,0.01918430487995081,0.0929083542414301,0.2431983182270865,0.1594473402815682,0.022518290547590775,0.6193958795014235,0.027702478203852878,0.9931187778545761,0.22609920273853237,0.16454834693081596,0.04865606236748967
GGA2,0.9456471872780574,0.10049515146276365,0.15495108387934586,0.06363853257637207,0.03232828042090593,0.021922276531215118,0.027709230694783607,0.10986449861818913,0.22689788163442717,0.21034653358230795,0.33438799607205194,0.03177711447450014,0.627664662201156,0.4063870463658774,0.022172649224814402,0.6487018733173129,0.17666217650912844,0.1078160097576594,0.1419514478778543,0.32873552537497214,0.033231756276741006,0.054037896404624614,0.041630785987801754,0.02937097297916851,0.03466236989552203,0.08939633914260225,0.9633645110953795,0.14059276234274545,0.18502399187462681,0.0,0.18934856653944754,0.9993027951770938,0.1292180755934086,0.16906088844809458,0.22022808712152106,0.02294078869060507,0.6136030654192419,0.12984311670691628,0.025024605292086635,0.048946623063636195,0.5556060783100152,0.03412566780938875,0.3930112055295096,0.04768710078809679,0.02323455680415394,0.08699635486349454,0.29142283744785275,0.02348002340054127,0.036571024060744646,0.322872524187772,0.02584926733358737,0.05241557520296569,0.038716930729596796,0.6125965518160292,0.09395248678428557,0.3378669451726431,0.09949902932664872,0.9161480899500968,0.02194714504237568,0.132750677586426,0.026984870691101327,0.09394381999216098,0.07448452673463249,0.14729571557498475,0.12371388164050937,0.17226329834814058,0.09970253093408764,0.08353928507981365,0.032660801492574665,0.04694791913888469,0.05669814104474068,0.040553633237789516,0.13887398783512636,0.024582900409252928,0.08305773904435819,0.0545004155675358,0.21266626023002905,0.17764352055803914,0.024258681611802512,0.03429718732176444
GGA3,0.9680254859983891,0.019662508906864405,0.2686879264547724,0.08215368677356076,0.07095762599216854,0.044566756862444476,0.08021866310505696,0.5227918120895664,0.04399996866909969,0.5964533461089516,0.9946444488714092,0.2187746071450065,0.9987913097700462,0.1770809972582213,0.08661066857488618,0.9925673237945164,0.8100564321548845,0.06873149920438021,0.023155516461015633,0.02248918500502735,0.7392684095488543,0.5997874420714061,0.3024119788581471,0.3705224281646371,0.026618749255135923,0.8352420584597005,0.9460349376876823,0.291705911711332,0.9807340357423063,0.9623680056835622,0.0,0.4484408585012483,0.034300031753780665,0.4589356184735745,0.03014894209583032,0.3441838958685305,0.019926720027491848,0.02819889825898328,0.1588156825336352,0.9612593357514835,0.2045931162240606,0.291724713930363,0.04095228691659046,0.022908002131602035,0.03555434037037585,0.06115151945231881,0.09529165033926103,0.04586620732780216,0.052472680683868934,0.01991873687929051,0.04481900439060978,0.2721837612748999,0.3176197335136341,0.4360817158827094,0.39898060278358266,0.14159593015515662,0.02301875161423778,0.9653050478231826,0.024717486761709314,0.2510211702464975,0.22113014519125893,0.10337339553391087,0.04210411205013481,0.8513582402257819,0.023316464220924576,0.0826905249849063,0.6465986895227287,0.06712094155510463,0.07245435173744273,0.4063058670548525,0.04628485361905827,0.4650595757117621,0.022502176622675465,0.043687429227769775,0.019843937670340435,0.021445217039152444,0.7041422004186689,0.2916666534022302,0.09438971414484677,0.13831485767957155
GORASP1,0.0716987413804861,0.06670119594909511,0.10147817509892579,0.07958467576538185,0.059109053566093986,0.04469173069862538,0.03429578635620698,0.027984680385195887,0.03205819051105174,0.02228115233737623,0.24976297951106607,0.02142298533048198,0.046867437544330676,0.2740698539260559,0.2751687368519284,0.05873375563160261,0.02000278415422557,0.018700070817147297,0.02856263029356187,0.020760843908048547,0.018449244974568856,0.07521930041664333,0.054666169308007655,0.04306762557710825,0.11992959110302684,0.03287674378841225,0.08540547121830357,0.047265121145820495,0.038545633206906,0.995526544518451,0.05280035145323356,0.0,0.0766190864761671,0.3790887965600982,0.022754903300501436,0.03674983993504338,0.33454937756783026,0.023203300807568734,0.025260718645244814,0.07231649546145015,0.025704269458098058,0.057737212674060914,0.019591165125329178,0.6963617484659231,0.08986681353073092,0.49589949221386237,0.039861974459433916,0.025230116537274107,0.3398546427797527,0.04178170694680025,0.048400482553695,0.07047220088863777,0.02085057767785477,0.03172748239842009,0.09115520684322603,0.02213585928427953,0.03568371864471154,0.023952245646272245,0.09419908127784757,0.09373272003433955,0.1953314150572535,0.08344325684555079,0.061305894326166344,0.023547764747339918,0.14173825712874655,0.36078550248373875,0.033735358768900096,0.01898658283139796,0.04826401769945999,0.04708306542351617,0.08473706379181416,0.1160967583233261,0.05325346749193678,0.2663913738619358,0.11725250361102411,0.08706654287067449,0.131236395151739,0.11266902558535578,0.023210170088286197,0.07620053727946166
HSPA5,0.5460042019984146,0.12401901392754064,0.040877585423752257,0.04863768901393108,0.022764441308809495,0.024608012252122113,0.03189363881431204,0.18760114954289828,0.4368796508516061,0.8784210015020972,0.02700113823478427,0.04658578920768593,0.019330795508239774,0.07404989930277893,0.12421879519047377,0.027009719521778223,0.09929861623262178,0.19490387414029064,0.8645991025689327,0.4673186207804714,0.01859208937334168,0.9820126537010142,0.04636397677297705,0.03535935512529419,0.2615687431812178,0.999971053208608,0.9991697890567212,0.6951928098884231,0.031131310722950833,0.575915022313699,0.02872649031474903,0.43177851712175586,0.0,0.5926250118122917,0.041565291294332334,0.13197748852196214,0.13908367225447615,0.8602119852057749,0.1817004513696575,0.042643401978092764,0.12552012336834475,0.3878002834467306,0.9335533107613159,0.050869634456911145,0.5397715682235689,0.18518647467289157,0.38950229536058645,0.7768399269900577,0.17343548471303646,0.29323660680289226,0.08962846227409056,0.08161383559119642,0.02221721870434411,0.06605916663490795,0.07217517036632737,0.38831281652760946,0.12039533367361599,0.34965773201567424,0.1858627501309604,0.1421481634472461,0.3032031984552735,0.9069569179885825,0.01801551707484036,0.20324689301514964,0.1666421570800444,0.5102990461943251,0.042773129864766134,0.0581166956609799,0.7644372002313898,0.41175903274668174,0.8420681026275523,0.9957754768101578,0.22505176024462062,0.10713424366871026,0.19917197744782436,0.018875396380489105,0.9432642213219201,0.05383396768637015,0.08070290654244776,0.02698670914252016
HSPA9,0.022340179976514052,0.15734553041190427,0.08687927327456853,0.029639094039885745,0.06980081851279804,0.02329820399964833,0.03188721509849971,0.5100049493341962,0.464975074735884,0.021942046544215412,0.3731627117286995,0.47656722944402785,0.32692668253721224,0.04541477783968124,0.018225681073197338,0.022358557177996223,0.06365591696670043,0.02725890985679229,0.236721970572763,0.02153703293863943,0.06599314185473504,0.06839483898027593,0.2232263903853084,0.024249740110429192,0.03058290985142341,0.029134391067271587,0.6203407743727906,0.40046033489657223,0.024667327401995356,0.5996933866615585,0.1774608399802662,0.9755070688019748,0.47204158405052493,0.0,0.6177641055438803,0.026977436744954904,0.11317872913408678,0.06477951703215354,0.048302225488801254,0.42283215437509375,0.7621334086032214,0.8986228062722754,0.05613826911482189,0.03469869745361609,0.1436606308115326,0.07579125967412348,0.03714930306614251,0.10356148897770263,0.06721287964852471,0.032085637818117414,0.024269000512964052,0.11975516088334175,0.08966052520643077,0.38896033792455104,0.0385224775198802,0.4297382790641073,0.4662843217063644,0.48535921164005097,0.23566514180475778,0.1117633576033001,0.9902015381561089,0.046304913273241446,0.0352303556679761,0.027348956675820907,0.028175445393751882,0.05378210896540931,0.041104046798271655,0.39842202116956393,0.08740477582284681,0.15273213887395098,0.9840605537185603,0.1138040223101579,0.5546047995277608,0.3606464673766027,0.03103405978975137,0.6161844495233368,0.13994944684072522,0.024171907435083,0.10951350316670536,0.1832316080506404
IDE,0.38698034598723635,0.10894707988861484,0.7678890779492523,0.022860020910643385,0.034646131359308115,0.034922364831061814,0.023028073755312423,0.9285861077889777,0.21467221479610055,0.08389884559182167,0.9753173797678885,0.37372564370140887,0.9965191913830127,0.4266266320977344,0.11619104332017652,0.7267722552827932,0.9673113677805424,0.2159114299367776,0.07735861410972279,0.022857765236563223,0.03416702641434384,0.02698528914045668,0.8708670033389347,0.2155295848359808,0.024908524340557382,0.46026368320023436,0.14494528555686698,0.4092714398495818,0.041863059029212765,0.6610430552767765,0.02453841628034424,0.029049068632916408,0.03607530989481698,0.5446610090787088,0.0,0.23586273772304603,0.018599286650029422,0.12714734990116597,0.955209310802941,0.10556334451305172,0.1289624320169342,0.7131076743356095,0.02835024394781162,0.36292651586368985,0.14879918302346623,0.024115335364412883,0.7357826141436038,0.9467785577004999,0.9936802377133562,0.31324039528873165,0.0483224437147928,0.5468597109243868,0.01958593351481375,0.10918711746729445,0.8066391996873971,0.9516258157906884,0.1229565110745195,0.3959453600904246,0.03642366153197949,0.49522100637801647,0.018458589051691322,0.47956733300372234,0.04873416453094447,0.582390798825015,0.15903588671151495,0.9302257452811322,0.019893756873769954,0.025737378049614477,0.09190216838443471,0.04005740162827483,0.4663178704594719,0.595583492749989,0.13362264042880392,0.19509219629929714,0.09629121498017938,0.023836827818389188,0.5414903879962011,0.024550958552391568,0.018031621301816785,0.05373133006277024
ITPR1,0.9999975916951943,0.060327077705562185,0.8847780762272469,0.039147692169837364,0.14083193972291042,0.03824541779933089,0.09196474370604336,0.89612786436851,0.7155469573482536,0.10423257390090034,0.09218402693449385,0.16374867366135257,0.9205196462787242,0.02072730311170706,0.3474517528406901,0.17741015182392167,0.019133558724922804,0.1396315078971709,0.029896084334694623,0.7998299500373567,0.37898972386221724,0.5302378547001148,0.944336347889781,0.4839202299316577,0.04359592967933854,0.1462760949376919,0.04481111325242226,0.049449643034790026,0.060704833639510875,0.045794895664973106,0.639881315459342,0.3565795764106578,0.4970328446763918,0.04225188738602846,0.9183449252540902,0.0,0.6920242200511095,0.02643058082579744,0.29942702242803276,0.02753748614915482,0.14654222565025815,0.031991779554920725,0.03149144720354801,0.20971434162456246,0.9200637479740837,0.05938369876742105,0.8266729258320531,0.9982354912096242,0.04072004677959727,0.07241489557876032,0.018424168165994834,0.2827182680472326,0.9786294483885649,0.981454990751456,0.9951908423467299,0.020557383396273065,0.3949413177951963,0.9967220385406247,0.031276215024150546,0.9702316654673753,0.6717895317894766,0.019555077536158216,0.021301814437343632,0.9231425831759194,0.5488028359856834,0.20389064420615965,0.06609679042767681,0.05737155096606795,0.11749468204753381,0.054148321563631086,0.7235211180212688,0.18939877261222116,0.9390718552645415,0.3446593798994651,0.6034432005370762,0.026509706033336005,0.24678963623104114,0.02793282295212999,0.03708173694197064,0.23687171330781695
ITPR2,0.8641538649403187,0.3103196987259879,0.9613803265293934,0.08243872034435679,0.11472467280170083,0.026051738416957244,0.05649336895419134,0.9772359720849717,0.9988674403511648,0.29951476548478767,0.8669651584371432,0.032007937236658436,0.47385109818692833,0.7296491015966036,0.047114057993859544,0.06715209839438253,0.16417060784470966,0.33926472426524074,0.02655609600996191,0.0934996028715724,0.01917578135554974,0.46213313341657325,0.2979595675602833,0.034600001343586706,0.2817885432689599,0.7589092339180236,0.12035611600891727,0.24081369111566261,0.11131739813741853,0.9994925979078958,0.019749454118618236,0.9981719761057362,0.2220380050371915,0.2236321182532483,0.018927116354382618,0.3142203301272351,0.0,0.9556199591301351,0.8796776800389409,0.9995707785252512,0.5080411644506695,0.029555253423308555,0.03272141033614713,0.030327017876711642,0.09712321118281614,0.8145903327939812,0.02649793795774314,0.9392954701202105,0.6928833132124407,0.04786451344145731,0.021318891397313904,0.029257666033418762,0.24691289571475267,0.1645388229543107,0.8037130166179829,0.07066603802369208,0.02538528205878757,0.023263518754035678,0.10530825462886245,0.07826868642196441,0.05556413803031442,0.030910700240391477,0.5589766982694274,0.38660737624541575,0.039041155286928655,0.0228401497071453,0.630914232617796,0.03480690676627244,0.16653713472795442,0.128199279431713,0.9777685577119588,0.09720398396179485,0.025144114734052522,0.16364327189869946,0.7253334099891741,0.09017431991894935,0.86079547076383,0.030406666408574114,0.11286180849736323,0.0907060948875657
LRP1,0.07038740651242166,0.3238136764661263,0.763895103878932,0.05696857164891414,0.031042418667623712,0.05342526094901213,0.01969418415799506,0.05964926331889806,0.9787486964327579,0.24308549097763618,0.9993284817293345,0.6405047498913998,0.8425715493343278,0.364120501995694,0.31971038595667717,0.7041164215720214,0.294727981064134,0.7126754495052972,0.06686824033366037,0.3526013346544772,0.13388050355420344,0.02710860486803609,0.7298046380628762,0.07671517620998791,0.2635067108887626,0.5479612486646306,0.40364712924407137,0.03404205233435566,0.07682948488626751,0.8695487933956204,0.028051506228565472,0.04211701319304919,0.9810203748171558,0.12393684206519931,0.35807627309938767,0.023782338109602806,0.9747894768671114,0.0,0.02661117654615268,0.351262509621961,0.24039798190310196,0.08195186254185056,0.6851833590341454,0.07983624219841126,0.9425062817169666,0.25146427692166856,0.03533555806308361,0.21398039237099356,0.022899047938318984,0.05319711829414147,0.1289940050687811,0.03152210815000904,0.2019928580770235,0.06349375831789718,0.08553018828923051,0.7045660204138473,0.3577032652392341,0.039376676971470834,0.07400056063677872,0.8274394846685204,0.4813519696802815,0.29465052955510324,0.6897447251295934,0.11350542765982825,0.4252586978097819,0.03874302535037188,0.584864400632704,0.7558576325047625,0.9993777849276272,0.7494098672838786,0.0260051103890494,0.13546840084787867,0.02058374846641953,0.12033625047143344,0.06776093017825026,0.05472451747510272,0.20565066140393393,0.5452101797507679,0.052750484501605695,0.23453239289621416
MAP2K3,0.2856820066214983,0.041416255009245416,0.038795856117507986,0.01861525444169469,0.025835754390648568,0.03269640810178369,0.05735784652775194,0.9406107021668385,0.9910939088479996,0.13474787718017298,0.07020930618615531,0.04378601790528794,0.018359945494204565,0.4171536591418237,0.04839514313246056,0.4131253767818545,0.04799847757573137,0.01975218789082043,0.19234676756586042,0.04423977003170311,0.06447636751803852,0.059252470627559464,0.029317783259577596,0.025751848963441414,0.03888554340180063,0.32603890430690635,0.10186698560823765,0.16039104764012205,0.024798028288255298,0.024823732239434827,0.039167612515847265,0.02674320987323664,0.05639014715455138,0.030577076498188267,0.5090359336710202,0.03887602828284534,0.14810193805025557,0.02061293019116803,0.0,0.09158606974185152,0.10477267208682156,0.04084441637012725,0.04199288330520177,0.0946353384566232,0.6806300743195297,0.09712916774372606,0.07513981154466208,0.9624693288055466,0.6667684020936949,0.1498648675859621,0.025434028846639294,0.06871800783942551,0.019258530117572975,0.16574636206414345,0.1902797843401679,0.08198294234338263,0.050571720409749915,0.11153614984183008,0.14155498265981972,0.025433577052522645,0.3082573963138931,0.320779276308281,0.07775929826837787,0.03444624975643289,0.020455803908936712,0.023751508580417465,0.050886447417873626,0.03736665338600362,0.0758523310119904,0.02666704663045677,0.2841740905036001,0.16427797011031078,0.07595071417759189,0.05609176641936317,0.2595142127259468,0.034811202037057044,0.5999654569351138,0.05577294533443307,0.025389119572046835,0.031278522009193906
MAPK14,0.05212583217857301,0.027732994071272603,0.8186774898842698,0.10066547788734267,0.022356652466535527,0.02809639208489943,0.05571496297470525,0.4659815195982072,0.30771932527173473,0.04200318477342037,0.056654079805813835,0.04745513178378317,0.07863943488762216,0.31150283153728436,0.21390893048615972,0.13864257946906386,0.12334148822277817,0.062136652280523494,0.4752059340388712,0.0792902489402866,0.09269606936216016,0.05101082241175255,0.040081780980807356,0.6345960485652489,0.13728993125340647,0.04282430236409523,0.2238729104371666,0.07818808166184826,0.03334815425317191,0.08497380786776801,0.49585731101727365,0.21865814650910542,0.03483918875517426,0.3033721777246838,0.09242854684215789,0.021384380596434154,0.9574321905957687,0.10840185742969331,0.22222337680923224,0.0,0.7746161755938228,0.08130758510755674,0.019742326274992852,0.6336694641745131,0.2490359931790376,0.043243815254299496,0.9738006905126393,0.48566447778336425,0.9477562891139789,0.04353067296536166,0.05880109732659517,0.17469035411848194,0.17585427168663073,0.44646077160274145,0.12663197321043881,0.6329553872647362,0.830010633624837,0.051324772757885204,0.01907528542999931,0.04363913930908076,0.08272712075884364,0.3610770466574855,0.02914977161514897,0.3971572722898061,0.2436254404766242,0.029266081768468264,0.019457069472799855,0.25770823225785605,0.09815011935525118,0.05541178585610019,0.9372401846647836,0.0592989148757435,0.10822359778676993,0.05319851570390379,0.11561977092962442,0.022699599582545707,0.07337820110613465,0.1196498732038065,0.04417568925240771,0.020754897002987147
MAPKAPK2,0.3977624058827269,0.024934477426271695,0.24955265266075718,0.19114382012024272,0.03721080785081992,0.030345039269762814,0.03503511066609836,0.1394192718394533,0.41578578395184623,0.025597451457111557,0.30524432820061487,0.05802818126096738,0.09528795888969663,0.5368441294333917,0.024082140839958986,0.2765742490598779,0.4830807446277584,0.3716137232264253,0.3680417948357825,0.4411682367634982,0.18112700684632732,0.6836001536708419,0.9138111974768867,0.08236133190699095,0.8108521875972566,0.21962212380299304,0.23774052830051304,0.12815838250737285,0.2657160241021422,0.8929218863931029,0.06575466453138641,0.03336422905373751,0.07240922146509064,0.5229449737543117,0.09753208266460733,0.04055496184162737,0.14815941563085222,0.07371628199195127,0.2236626395695452,0.6959768597963861,0.0,0.11249604270544156,0.33536835142647714,0.8556461649778994,0.1738994208437143,0.14052966746074547,0.7281032568614345,0.42390984653722674,0.9552664548889171,0.1443955869444249,0.026184783510715407,0.019833119972572245,0.3563496078259544,0.025503185774484807,0.6787624926965738,0.17702933953899389,0.5835648507492568,0.7037112421743031,0.04805351495453436,0.9780930285208106,0.7195039400537864,0.2585287722169546,0.05911814523002688,0.03237201830195852,0.018085948984150016,0.07347748526430038,0.4745597690475848,0.024565490136065543,0.2348294446169327,0.07668841841686719,0.7865504754178901,0.9993400807170161,0.06594372008901804,0.02869881733478652,0.12126385646281687,0.11654778453671355,0.25681843244811553,0.5246450194131297,0.08204582833966524,0.1272605879143179
MFN2,0.8424191892066913,0.0757560676324217,0.6743979538126861,0.06634455262999071,0.5067117397320747,0.03795900297149458,0.6429229490434203,0.8034775519659737,0.3424343140321338,0.26620950743639527,0.1707705871741013,0.8339683439457484,0.9860932223778587,0.20690920514383196,0.11462507334778861,0.21383459157127258,0.670125323712271,0.23830222785339253,0.08003440862704621,0.03477390462461017,0.07480257476258065,0.040766364373357455,0.03822710778379053,0.13343876889819126,0.10250606973848965,0.993442673706531,0.03799766040369925,0.5237290531310728,0.0182560906833051,0.17520267099833042,0.52053736676437,0.8016730373676246,0.9184835099704592,0.9998171491885179,0.9988127032133944,0.03130034105473044,0.03663626685981857,0.13029522711066682,0.31567105179954935,0.4352915788106101,0.7269082830953822,0.0,0.10324062800773008,0.14927520746321296,0.06347009583129214,0.06184682936261168,0.5383342564567459,0.9998985359620535,0.8558229086870915,0.5747839434239419,0.07675850920167314,0.09261728701463884,0.12821670627981216,0.13539558970114768,0.24478297674936947,0.16351714267991474,0.02025635342832214,0.14176255425906759,0.03441801608137421,0.2130970178872916,0.06100366013540499,0.390523058182455,0.020024131420474663,0.020336725172155852,0.20913074406408166,0.03076754941081507,0.8858652594888131,0.15505529011886307,0.8875948748982465,0.09229164386818929,0.8778241904873874,0.9184765460831654,0.05843608645948541,0.1597086447126486,0.024727976141062813,0.9998799281358489,0.029566019246427176,0.13927235463149362,0.49715544307604553,0.04154183402349897
MIA3,0.9926800632828416,0.0938471294087319,0.3378536376959719,0.05507089837180038,0.11303609017966515,0.042714837537816325,0.02269631311823624,0.8967689381594875,0.045031464508267054,0.156298443717893,0.01906196727033563,0.10673861562732716,0.029680383845456355,0.0353659646122501,0.02053533208895821,0.8593406447958882,0.05021960641427919,0.1363533366558389,0.07540796137541465,0.22628927001470808,0.14142511084019432,0.17617851522592584,0.18842923514354634,0.5079201322090442,0.6109234760253746,0.7591571499509511,0.36658884773872297,0.09600763417377779,0.9209594392532654,0.9846868954488112,0.03493730123069515,0.02273075277600491,0.9673821693208083,0.07408063532689141,0.033080923764869395,0.025058758291946433,0.03050472787417377,0.47287691015136185,0.12436661302023927,0.02060024341437128,0.7753634944860619,0.053575140615157314,0.0,0.05593325116183387,0.47198411904051096,0.44444340234066987,0.12638338602322047,0.143622732075531,0.9967694928338575,0.16968517938302663,0.027703263088680617,0.06019313032602248,0.029321073356824958,0.9350454772813805,0.101614411359391,0.6874871385484301,0.49349828734401646,0.9155093048154299,0.0332588490880428,0.8947348446859171,0.051444456437838564,0.07003967433085426,0.11035728477529964,0.590658058842224,0.03204636149576376,0.9947583425931805,0.03893810143519695,0.0509912588093904,0.9571816970468727,0.042911742516958694,0.32114748201536625,0.15168412009150609,0.04121486926000665,0.02706227387083486,0.06382421001399266,0.0185424866511206,0.8352406657128387,0.07486351289938753,0.08548976508828553,0.08453086702363198
NCSTN,0.3217653630699116,0.11486198422876093,0.21485479751651446,0.027176943665855085,0.03624361314430224,0.061660380744409035,0.028130692906662622,0.19354619142359522,0.9636632644408102,0.22583052058717487,0.06396497093186351,0.024437548469535553,0.020220298059155702,0.37629773006834716,0.023110692959211688,0.04407445758112608,0.032454346589828764,0.1076653923756755,0.7305517522190341,0.02920909812688329,0.9947455358838323,0.032677793855595674,0.06485331652862181,0.0510358031259685,0.02630238893523287,0.8096583518460194,0.19464267765280321,0.3222798281986921,0.025954246920610807,0.06352097816521568,0.020094491784736768,0.9716015205062442,0.034860479554358295,0.028743779681964517,0.20137521471786798,0.04299433601472014,0.02339145113385769,0.03627206513222004,0.1576460042247314,0.4422078884013193,0.7669358431351617,0.038737918187856234,0.0344699849756893,0.0,0.02581927931087138,0.042885087093842866,0.1180279007967397,0.5150115933553441,0.24309405758060867,0.9988769427556186,0.02129199595830163,0.12114316164897096,0.02195086083513602,0.0642184829005624,0.6468932273646836,0.02535346627130893,0.568555873682186,0.057671971844635,0.09416706116189913,0.39088232925991867,0.27864314450622496,0.04085298753077391,0.036948562630430976,0.8763216091149899,0.33532567266857227,0.023656243426667844,0.11572550541835741,0.042185615383177465,0.20873120166633266,0.07208077899790376,0.025467899029641073,0.17086980586635428,0.15908059939964855,0.022478191624681124,0.1746465358788931,0.26437812574632946,0.05715985193020256,0.02119694152780036,0.20455964537738813,0.03715612310070043
OSBP,0.0303547285436765,0.22252961243109606,0.13794855487252533,0.12213980195735694,0.036752749014703295,0.05101717064988449,0.04182740458406357,0.5411923422129471,0.9972608355836203,0.020937559152575627,0.5038766795690909,0.029504248991559272,0.1065343212831971,0.07194996202071742,0.022842307041609545,0.38332556903760967,0.3941367342598477,0.06333209446311842,0.03411850156485393,0.35188457947992313,0.3777312827223953,0.05641561376253186,0.6134149692181784,0.6806703460539404,0.03192427638953633,0.05164948772934769,0.08887495322265068,0.13092217496016725,0.5981098775860388,0.02650759166929179,0.02590817416167598,0.2812933955678767,0.28205839528282617,0.1031039602776738,0.11979902663707573,0.18545663571918905,0.04900750237075043,0.41770532680156475,0.9676158442895184,0.23080376172834643,0.19090246750867226,0.03023959744679542,0.19400702535654066,0.02740182678514779,0.0,0.02960382638889764,0.04763944858731396,0.16149974429354622,0.13167342388913,0.3622134840291411,0.05063216385984222,0.6792694224065299,0.134964429701093,0.07953844290729961,0.12118767010072075,0.6955509786377087,0.798595354507953,0.08047974247695049,0.040142988353111655,0.08328577521732708,0.029700880686962014,0.04848423682328903,0.1403096748016933,0.09916262046615952,0.03359182501948802,0.9880855954972706,0.5283279173303397,0.04576200557144361,0.04847286723920089,0.5939820139224076,0.264286857698275,0.6083199249539057,0.7306143601828106,0.040409559405123856,0.23214861401604608,0.027237922588052594,0.9858870173886644,0.1335412383069363,0.026865789800363388,0.04739531006656724
PICALM,0.021107971926499717,0.04228410420049055,0.5315732931808841,0.4370226030158653,0.08770312216870915,0.1421327758444217,0.05952191982967833,0.05029358794297905,0.793820332837877,0.9278115219207971,0.22325277682385794,0.07396969851813012,0.08752197613261299,0.11316727210718115,0.04873247182740971,0.40265565405256853,0.6039672803803997,0.9792947712974173,0.10443632895305663,0.4745784744669266,0.8106057207962046,0.09371144145508237,0.5413644329663466,0.42185578544080043,0.253598676751315,0.40425677129470744,0.2933636123490548,0.03330552978704708,0.1264994576141759,0.33222936839994316,0.04281944005622373,0.9961489389674014,0.17506558021961288,0.08633831852066169,0.02536818107926404,0.03353132778242892,0.556314011308515,0.12696843483929024,0.4094659173089089,0.054734616636739175,0.27372836795231553,0.03514299101768171,0.33238631266277113,0.06760879798396258,0.034668893220934846,0.0,0.023462693816071665,0.6465486886418984,0.09264219355936947,0.06322977784117048,0.02279500593024142,0.7099930431960843,0.381749130379881,0.8926506754038972,0.3821001809913066,0.32085840171259783,0.3712862553516047,0.056785022997665364,0.08629515909471248,0.059521065975313515,0.32946445813894576,0.03259572006698641,0.03855257887032314,0.4093406222421398,0.9397400176411023,0.7297870830223153,0.018944684000138313,0.8387630031801091,0.9862599578292902,0.38917307309900717,0.03526494815534034,0.12182305082828407,0.028538568293021614,0.020213778418401343,0.0589189652993959,0.13075041915002505,0.9438906744662197,0.05405466912791001,0.2843360312051004,0.05405546755320132
PLCG2,0.38565628576730915,0.02766325271773779,0.29897008058607977,0.019122693920718244,0.032761629455724875,0.018333215454449603,0.03145812216687124,0.9832048535970139,0.020989327213063038,0.03425509284910387,0.13095116973629933,0.09188334820548551,0.02936201670573909,0.04258067009232284,0.04191712258963325,0.14082290472286377,0.023281160348735043,0.1096463239916093,0.07177809878403352,0.019193183691621152,0.05098564359434398,0.037063150174347935,0.020291170800871637,0.04793400472501031,0.046015937462546376,0.3406409729850488,0.03257244493593891,0.12171457513115123,0.0240369884840248,0.12379273854015306,0.026695256824508032,0.033690605602482486,0.05379280943383548,0.023372044790006857,0.11237519546110364,0.04485796060545273,0.01984402693430015,0.021080189054955466,0.04754776166229078,0.306249092164382,0.1491113903943031,0.036654636615085,0.03206608737176899,0.04756748446403392,0.0275145452172796,0.019627549471783464,0.0,0.253701771431226,0.050150879976267215,0.052155668222728546,0.018074732849924974,0.054478793609185436,0.0751978871759274,0.03953767504309115,0.0864336161418623,0.0264697102919642,0.039376996542603314,0.21053201939102636,0.04305652019899453,0.4056206931387555,0.12806958783442163,0.12409304768757311,0.03599598456392917,0.058737971770509094,0.04255266347859914,0.060475060836287474,0.027424054263881135,0.044722204098502284,0.058482153003520915,0.2808259821211438,0.1068462255844883,0.9708590352255515,0.020865238914394475,0.03498270345089452,0.1482019332593821,0.02216055142771455,0.06885603196019305,0.06858299036797355,0.02547712403030971,0.049076759200203296
PLG,0.06104252035536816,0.15903099386530464,0.4293214560088505,0.06567101943518037,0.021969507004760875,0.035113237395821145,0.022083781123156943,0.63000325069843,0.034080346955594025,0.3808730035443136,0.05284006805634447,0.04194257330850698,0.07574338314566657,0.05008815173383721,0.0987080763998087,0.13539479524187897,0.06576479246022056,0.15381973326374979,0.1331970993355243,0.046021189326154684,0.029270325596767555,0.03811161551666781,0.13986629617124965,0.11886809458260639,0.044993087306722995,0.030623804821005643,0.045043180134568185,0.121393562485362,0.058901357280748204,0.023575097145314437,0.025194202621654487,0.02713629062268268,0.1959537632250076,0.048437035872384196,0.5231140784909267,0.21518355763213937,0.20345881067792945,0.04629340135030731,0.9717817807421429,0.18959182644760242,0.19576680707858807,0.39922803138460433,0.0466123629438167,0.3028819989749947,0.08125426595496024,0.15900988126330076,0.6263073882458915,0.0,0.02222317259718886,0.0190884214717779,0.02911945285469023,0.18565633137949494,0.025949488551358948,0.27104686989778676,0.07470073105462689,0.020479626092826258,0.4100228256756308,0.060176062006100324,0.018787245053646127,0.057836452508338826,0.028247578964999322,0.07275493984688629,0.04286536730597606,0.8497622850734468,0.37069810283894794,0.1588349198680659,0.12128485494816262,0.04416224287921917,0.02985299049819587,0.1784536703615593,0.0343464352039607,0.3096170554615626,0.018502195511300553,0.05322098285574096,0.2796677250530404,0.022040346237639466,0.21519776110468875,0.030379232734635844,0.03819652562809563,0.04201606077361257
PREB,0.02721282269581267,0.030322696127233786,0.15592237016354263,0.031831043787114204,0.021717915098992742,0.19277138270004746,0.02359098779332638,0.023083814403570387,0.37667063815326923,0.08538312892551828,0.4392822881995153,0.1932018084240098,0.16791429423665968,0.5084652934140526,0.02393037115296128,0.03145774849978075,0.868197138677976,0.06103484507500859,0.4024111427202973,0.039070879257208715,0.5444261349607588,0.09891715038326238,0.3345589957366263,0.036106531372923745,0.10871661964946473,0.6904453306362995,0.5064704860491888,0.018301297478785745,0.02601941136769476,0.042805052145439657,0.028649293432574243,0.7100399800526748,0.07250848849913805,0.04382165772525514,0.9242892440266219,0.023326935854121378,0.15072087971196263,0.019984841024376962,0.8691556617677261,0.7985820228712875,0.8773817327027795,0.10893363519561555,0.769605941723398,0.21334654517246573,0.09168041678515687,0.04979103687130113,0.11661209383110177,0.02321286210368738,0.0,0.6620031741735188,0.02573963596725997,0.10376830241633331,0.03974202576886122,0.1543121956136896,0.188852076022357,0.028436416215392054,0.5951755121468476,0.1278457618346827,0.05903669914560233,0.05208969556803037,0.032723527962071335,0.17991375265675794,0.023075981022568106,0.07263143711176684,0.8734101398667901,0.10478831310472422,0.37225776350505596,0.03915988480583875,0.2006698349612984,0.10253222261008141,0.16313948363704422,0.19084929539953022,0.05289519956543665,0.10490762056461961,0.03877531053246586,0.14318307959322027,0.31657823410536906,0.0380194307563847,0.029789016862878263,0.06745353846547912
PSEN1,0.5998796038742622,0.06634324741444506,0.4379751538112304,0.07228946854391646,0.024477914684073586,0.019052596916499534,0.030895464923131822,0.15949096385771214,0.02210331499677427,0.1784584191999432,0.06429293736413147,0.027107555370960414,0.05211411892586801,0.020933076952641145,0.028059661865742307,0.05217570388888043,0.020655131835698743,0.03069471312673344,0.1771256564391465,0.03908250551963723,0.800139960394327,0.2767041595480745,0.07024597204721725,0.22292449529482744,0.22687169080989114,0.05693739587146433,0.019278745047058603,0.1298395703582479,0.03083865723492454,0.46331608748018477,0.018765894893890342,0.058879138956560766,0.09904379331944325,0.026170478214851377,0.14520609050363945,0.02770336052064164,0.028187638541399912,0.028507789516694897,0.22165119207125672,0.03505274195535714,0.10077336894145258,0.06680308872482885,0.05982290535207925,0.99697869202535,0.21016637366573915,0.03805571085025711,0.1171700953327847,0.01927587426615662,0.6245920680007165,0.0,0.022234565430080497,0.030507189869496725,0.024018719732348103,0.040773329637678456,0.04555249442201711,0.09367995248531542,0.024023751718628316,0.16853037248538152,0.020684962162689523,0.14916934374396573,0.15058878162296388,0.0766705903272094,0.046983523729248036,0.1337057328546368,0.01960245852710661,0.03730558877237495,0.23414950400209836,0.0751781629501062,0.05562253844643549,0.1899527290475996,0.15921966799071416,0.38732756837192955,0.024949683190107524,0.16807770882901577,0.44654725428726155,0.19337087862340915,0.7522795603046432,0.12595145330968624,0.1960554615733987,0.02608334836600421
RAB1A,0.9168089697365287,0.8717338860071232,0.0183608368422814,0.10195522605034026,0.09389074837507642,0.3836793041239295,0.18278150003174015,0.10087008782711314,0.9999994803989711,0.2833449593476457,0.964295048953979,0.17707024009993225,0.9987439044941159,0.6349627573249345,0.1869443550239464,0.8844670773302238,0.960612134516182,0.11161896704731666,0.03322155817334405,0.02257593350031204,0.14531743608060474,0.030109798281699338,0.7317048686316573,0.859182054656404,0.5071888285173005,0.18408906596868974,0.021713522642996353,0.24217330330834333,0.024981047201132856,0.09481120733820382,0.07984740145812615,0.8526651113026547,0.46095830268913157,0.038675600958769596,0.23341070899465569,0.01851869602852783,0.024462034878870213,0.37687484112159686,0.09173659669356249,0.41899470670685374,0.05986829977632234,0.10983549065530322,0.04342852341144618,0.03298573220556874,0.33490466963285015,0.031315076915425025,0.018629887428053597,0.1525344055351422,0.06957973083797199,0.04152611850484068,0.0,0.9989455382163344,0.09197623332513775,0.05656612389320919,0.4729799302670367,0.8169078937656351,0.62067152896004,0.31222321230545313,0.491560513246487,0.6198774161308294,0.025492939104094968,0.2935780105824583,0.6573856397009028,0.04251758816330644,0.2275260832782458,0.10261866455470167,0.5844783491061573,0.021740499934463153,0.9990161836301166,0.4708365257839145,0.08552503011667535,0.1680017682616786,0.052104034581346687,0.7416515731647836,0.02425423153019761,0.7684707684611218,0.1780807135690511,0.06284320779147136,0.5654997142614168,0.40600211617988924
RAB1B,0.9445656118088558,0.09596360179211565,0.020172311091209604,0.7342759180005344,0.030204586642122274,0.07128896603028602,0.2402890299559266,0.45503987586905204,0.9992944184072163,0.43813269529009674,0.04844681827885945,0.8801885534074946,0.21180445015387217,0.7821403737425345,0.13906218930596678,0.024397906355663895,0.01840492945305951,0.3671893855685315,0.05210924896020034,0.10199466734186495,0.9863593655806756,0.5211956418158907,0.0606377909826526,0.9167268967560173,0.3513813894867801,0.02566006145460054,0.6642758876815086,0.021125133404652996,0.12564158457792943,0.2891522306995621,0.2639836832964879,0.6843852882717991,0.13617089493944964,0.28396310575528316,0.9470952469685184,0.14426275904238461,0.0304176537696758,0.03148418407617698,0.5017442298390007,0.5912119646443904,0.021728451259204012,0.062496155526906426,0.0782537498150684,0.5864726347868539,0.9917073064374476,0.9457586997091831,0.7101959948291516,0.9510737613938943,0.5554930541439598,0.06204927212305852,0.9222117121254999,0.0,0.04278116468361035,0.03697639529799414,0.11258628845774109,0.5644380758332384,0.11702756437119402,0.44127090390430107,0.021012945844430496,0.02440584930753878,0.18656875730145775,0.29879813759434537,0.3257280923454381,0.11099415611208867,0.06153074500691597,0.8765236161743998,0.37966085784170645,0.07708259841638553,0.04862173685132283,0.18140779227567455,0.1173830378470826,0.0499592540292175,0.652582466935069,0.9824686344396627,0.47501979285229473,0.09524107026560388,0.05350717723944977,0.9509915963812279,0.06411304841282743,0.04166934828633498
RTN3,0.9997837187989523,0.09510236517864935,0.18345619801631471,0.2845179626223318,0.06789881903339266,0.08299193726491454,0.19420774244542863,0.9980905103580396,0.023909279311523503,0.9827579996896212,0.9992800279517898,0.4100710472654947,0.17238529780957204,0.05201998925295829,0.019819237292577733,0.5177861311728822,0.06961073272165055,0.07569219813158788,0.0715829982636456,0.01807790345323997,0.031662507800204666,0.037261168650636466,0.7007276591224905,0.9681519353338429,0.034225368064188647,0.7778555123747535,0.6752585434796536,0.036320169214858394,0.03020807586898909,0.18032874501403218,0.39841661874934886,0.03135709155979401,0.024853707881235615,0.24995164128790848,0.02105251554587932,0.9140343062812815,0.3787913010774593,0.25863275731662755,0.022427639377249335,0.7169670066123458,0.9683132855760632,0.09636747906089739,0.03520581016748146,0.02910096611815171,0.6117721218748767,0.8238569698792654,0.9593544716016685,0.055425345902406276,0.13005386065153854,0.03872725464322472,0.05452735469039066,0.047570952989592484,0.0,0.999961426487084,0.13664111012204755,0.4456648931397004,0.407559969099608,0.08515504201586391,0.05249397175615755,0.03555208018925551,0.8812931969471892,0.12158814458772109,0.10353896813407792,0.21303690837034045,0.04235844894244834,0.9981058330433431,0.66172811194981,0.6987175869076587,0.9321549872937789,0.05414226764589728,0.05356031913303501,0.4621940126047929,0.02547812907157205,0.03341626822053121,0.021500979589013737,0.040803294731402026,0.06646884730985984,0.10983999633506006,0.020457228053586168,0.1902362212582121
RTN4,0.7121031125887703,0.018783106012296616,0.21977367529268504,0.041107490164980574,0.041046938408219075,0.031476866613862155,0.054652421776803364,0.0633865824301488,0.08673885064035065,0.10305914816545163,0.037653206881799975,0.6525344601922596,0.18320955097862676,0.1306311798763377,0.09306247123330495,0.05404207093780468,0.8915440935529975,0.25403378684837563,0.07810613676768098,0.031988442327820395,0.07207034721863424,0.044425891860286046,0.10390971445160613,0.0453703506460437,0.13873964773230715,0.20986640996914835,0.8696360375227855,0.2758204593455599,0.655168446429431,0.9956034520177732,0.22811087323274398,0.07397540256822525,0.06833389080847108,0.5249307457657312,0.16172384832784345,0.584792926707624,0.11239910073337016,0.04670642674400326,0.7622307180061612,0.7486002457274478,0.029899332566317726,0.05818770689104156,0.8960261080665467,0.1352446744906794,0.13721139440084754,0.9211613913020376,0.1988950977384324,0.9061746485111437,0.4916377868815131,0.0762257521947326,0.03026150979464225,0.030999239909005386,0.9958838479643081,0.0,0.05654844517433939,0.10065775237555856,0.17681516273621273,0.9685366632796506,0.16221455992580291,0.027414992692871266,0.09286074084087866,0.1994144376702208,0.06317114222771707,0.37598342155575604,0.61226949219394,0.44979057541164924,0.21375504100974502,0.40930940463554527,0.9835864933641788,0.5731298136354661,0.34550704815665517,0.08563289862053812,0.034670844081096705,0.018563992173265733,0.13169241664719988,0.022256330446902707,0.1535139184569289,0.06918026276874098,0.030623144737831526,0.0754980917388226
SAR1A,0.45340826093525616,0.11093339783620523,0.2348848662818211,0.034404719789610655,0.06419701681741888,0.020190421789511536,0.07341398618724601,0.05586765469504463,0.6844544081585759,0.08177349870511019,0.09766774197242546,0.024122408098124205,0.37249364258675643,0.9143385397875925,0.2954394945467922,0.02577022609311983,0.029078002847662068,0.06109800126327389,0.2529808398812669,0.13002674667822595,0.023210344580035996,0.02194240395101705,0.43988118701764994,0.022887210338088167,0.031071694072244034,0.2665885572445605,0.0857147005491284,0.3433183129569034,0.045967223107207966,0.18797778064114679,0.10403506985063833,0.265183849740414,0.048714787601193084,0.033123038292383465,0.6581232078098591,0.3824482687271775,0.2786548031956941,0.04103930986610651,0.4570141300121612,0.11171394813828577,0.6886231397727207,0.053510637634246044,0.05537971837067847,0.7643643093432096,0.11376791006559873,0.1934077956010528,0.4156297674895103,0.13447052923852404,0.27632409873688635,0.05654467121282904,0.05790309866692234,0.04785932911657579,0.047438155515405346,0.03995540817650074,0.0,0.9744147805295992,0.02167511959354841,0.0634177582342629,0.068317485000363,0.14007584559260863,0.019900854180401387,0.17737871861296967,0.44882766972693205,0.6815977360858884,0.04743300243254695,0.11027665452858416,0.1604763354983131,0.1263688648283967,0.6532243284234739,0.02298198416264857,0.6374215487608148,0.14682938521761296,0.192719559496553,0.036001626151320194,0.4064445975555378,0.019003129279245613,0.29652118280446893,0.03248467745203318,0.04030114106018864,0.02573953802903549
SAR1B,0.8265099032669265,0.05059298561486869,0.045463930452719806,0.230834845295968,0.14507560182092238,0.05029977372551124,0.07082080065028085,0.7921739085286748,0.749158499337025,0.2870923896465858,0.6163086667176497,0.773766684355316,0.661691442378568,0.24942127167470834,0.26883221492005555,0.08009435938405093,0.10732134315468393,0.1388831392713356,0.022240274957056855,0.018910888043278735,0.8324811601925443,0.024311324653532168,0.13959311802544933,0.7838969834364741,0.3584216235726592,0.04208701134594741,0.7557154840956798,0.9482379957340378,0.1592567344181925,0.9885330685897862,0.11546476468358313,0.033732942405994,0.5935057075644908,0.7622301029613022,0.9983346848706994,0.019632926744742717,0.0687275443985943,0.5992485601059866,0.5319402035788741,0.9661657372356813,0.5793623759392745,0.08419468209277228,0.7884110976870309,0.03506140673495295,0.983473256189302,0.5314492214125796,0.0779411651341149,0.024877511471913746,0.04620808989801867,0.43064627577544723,0.26300353063351156,0.46486053164435054,0.27828666903677735,0.1390489514209917,0.9999058774274623,0.0,0.037878547991378034,0.45838553140470173,0.0756974846072527,0.45590196688577694,0.040054227320322926,0.9165527745753183,0.18618230870501795,0.09997249922346599,0.0644249835273364,0.8240910037133206,0.2506497012224911,0.8190608327840493,0.6682459222976763,0.7627524559795026,0.03249680841152342,0.14852803771435993,0.6223737568868949,0.8550713940011354,0.03050218132757488,0.06568437932403208,0.11060710483983865,0.01821967055652847,0.0646131275592209,0.03848739403211972
SEC13,0.26709751213754784,0.3929609577071767,0.3751189028916601,0.08064840890452087,0.02456574130996514,0.08257206122499776,0.028054856436866997,0.02536343506358616,0.9991188359022786,0.28261136322629277,0.22505757847039323,0.9823202811039763,0.036626282911847295,0.9062225467137397,0.11579360212857291,0.11566560864372298,0.06530094107294557,0.06624996213740042,0.19499426654706614,0.41147713622083987,0.0610729807781757,0.051954301191407475,0.9357028180283393,0.8815156550445975,0.06214031568388392,0.7723294874148532,0.47910681712203446,0.34471318087256436,0.03471419576964711,0.539184878826019,0.021983970206834492,0.11394095056671572,0.14935846600219616,0.7083343982398619,0.2242605874153686,0.13367419010354675,0.02445222217512222,0.23318442046537596,0.18713886797426432,0.9855524797819146,0.9489464581235486,0.019362617885623934,0.5036325955454657,0.9733523469960961,0.9852172044734044,0.5031487580599022,0.23830433675042437,0.9864093076274617,0.9863648860023904,0.03162769207860302,0.14297031981751485,0.08564156082147645,0.20728908110476774,0.2132234238957076,0.02414737591615953,0.035448194090813075,0.0,0.04329978084312464,0.1252081134084902,0.13324942332360445,0.19973739736891238,0.34181001154714774,0.021996903728577967,0.07576957246582214,0.9994074491242554,0.3220012773354713,0.5347780034253489,0.42230712781115104,0.6692426729083357,0.13866635582741105,0.08298769838326892,0.24148803652315412,0.06574868968066597,0.03579664339993538,0.022889870208009304,0.0394422836204097,0.9903899744688479,0.020055449173260742,0.04732143985456096,0.39758939335251803
SEC16A,0.2571551357317962,0.45740449815340756,0.11346710372006588,0.3178065002600047,0.01897638363403034,0.0478335227300411,0.03550538248868354,0.24183784282363036,0.9795786188685703,0.02575539177128753,0.8131832015068847,0.04574624948294483,0.26290664976498607,0.2868242838496469,0.11223817083276913,0.7583968939792836,0.055169881392982414,0.2064355989645725,0.051165007390504495,0.022271592713939078,0.2896880212192901,0.05439359858256992,0.9417533047857898,0.5770856322871957,0.12354427462157318,0.9970214815730509,0.46096682273073475,0.8389626866411505,0.12076231758781528,0.9980727769931462,0.5325220951777426,0.031131598457692918,0.20314373980351594,0.3671683096057005,0.345817686634447,0.5045187190898583,0.021087859961494572,0.02818360331824604,0.30248130840342863,0.05242524143665015,0.799543781553854,0.0450255034651595,0.6155276855836698,0.0749043268278795,0.08734998681083836,0.04535424227589855,0.9270172742292891,0.11682526595361381,0.21808709757726094,0.32329438111015396,0.05188460374576737,0.13610017049731168,0.040174440582175425,0.8369403027771317,0.07129730901925672,0.17059848621364138,0.03315749708281701,0.0,0.0391647690987179,0.47264786162272987,0.23692928777342354,0.10983394154337664,0.11251591283036397,0.642759042400844,0.2624709984734034,0.021384147876137058,0.03351872804904014,0.0635376288759711,0.03245504058807215,0.3439877923298943,0.49126847423316194,0.99951547377017,0.6601375925272407,0.6191969228258666,0.04825404475729261,0.07427480161444219,0.4319116629071046,0.05793948989075552,0.07965564231842752,0.22847256864348808
SEC23A,0.9682143373507054,0.4801685597229981,0.6032631704750385,0.03816205682983008,0.0928207719194031,0.018336814138816954,0.06498238398547283,0.9998579593613997,0.9178111419295747,0.9007844095149664,0.286786219748581,0.3610042776156855,0.5168453914532531,0.05409708709562138,0.06741731993816612,0.9057595417254662,0.22157161468140493,0.03756615030474872,0.03514714659096721,0.1344077847395909,0.7569348354851669,0.8641142247056662,0.03720740162871901,0.3287713984105571,0.26213555320301973,0.019225033771303846,0.08180948778066145,0.024269871946391474,0.5067659568463938,0.035394701554594024,0.026356577206101513,0.9576597591819871,0.5483717626955582,0.782677816343513,0.07262454139428043,0.029315267094387698,0.17535650952401957,0.09913079895162784,0.9760622838105403,0.020440868220867874,0.1670706504121472,0.03263371437564564,0.044874206551695335,0.6373023856901316,0.10548413588594974,0.23202948808145238,0.664553045960888,0.02082834177293289,0.36341132548213084,0.026925681221889076,0.24697166801570739,0.02174216882367367,0.05735376525394719,0.45455264864950634,0.31946916334404085,0.12091431347926938,0.27714552830482936,0.09168498026574967,0.0,0.8188276565493651,0.9998497508338416,0.4797560181104458,0.9999348839488742,0.9689930649845697,0.30706868028766,0.995377542217008,0.08800291739607964,0.6980683283631905,0.136398383793928,0.18342644628611457,0.038282576678689166,0.7720115310520264,0.06240230325177061,0.15275215306967838,0.023094557283051324,0.041022379175657986,0.018243969298122026,0.11890531503174041,0.1024341523439563,0.04333037360398667
SEC23B,0.4617145905581358,0.0642145703371148,0.34707634527111636,0.026778073635262353,0.021005775733350853,0.023503033364739568,0.02948266197649185,0.9134873585165144,0.3094720814079264,0.10009916014795006,0.8975981592125233,0.12984296261968326,0.03600966576431333,0.0246634620146346,0.03510426672626553,0.035283857528026624,0.2637241135354677,0.5848981180584,0.1445291127625353,0.09677779812935773,0.6401711885515349,0.2662900863779795,0.037823529876627515,0.632243870658359,0.3339172122810669,0.15755800767434705,0.07696376984930246,0.04079017925529507,0.5058626925276183,0.4307414983296019,0.09894830382672706,0.4097369852098205,0.1067360150913155,0.10400548590028925,0.5222330525809418,0.3502441359999258,0.049055606807047444,0.37078168845092024,0.03344496611807884,0.04825450017173186,0.9956412007845926,0.060975522442064736,0.6681653674859515,0.6874800922871149,0.10435428814832066,0.05143699252527088,0.9965204783505023,0.12875627293686756,0.08107087989687696,0.3427890433083646,0.08888492685570745,0.021770237831035474,0.026303445488389466,0.025519174995851844,0.2006271718679901,0.20363924554067686,0.08409459173710769,0.5626071042933716,0.23533784842478217,0.0,0.06485217057960418,0.21358857803770695,0.07050226836541043,0.8192569895520578,0.18219895184569077,0.040435898419258404,0.02860896096288866,0.7731980039857934,0.06149833099157845,0.6605776969446538,0.2151911472350878,0.1383696007888344,0.024831622006382153,0.12875778512341354,0.021401017289383595,0.04291945149667782,0.34691081851269306,0.07478351600403052,0.021802969116221548,0.04358149302949168
SEC24A,0.7827443158319283,0.09907324977526182,0.022083302514676245,0.032610870723531554,0.03255953792150419,0.032352383488196544,0.04515536475601562,0.9997683055690952,0.05620402182531779,0.985406738857886,0.07400959981002002,0.03127203575977593,0.6471738959474425,0.10156300301833489,0.2241718300266347,0.4096896177729143,0.049796228561384895,0.05551352784149764,0.22216426303889925,0.03517938357557553,0.03799047949736695,0.1297004414735502,0.030480154534654077,0.34983639977864117,0.04718844768750451,0.29725375720054714,0.7210547972379697,0.036604575409480956,0.04904591136855658,0.029971604871492474,0.058113108901793456,0.4756164330012607,0.11304548837662111,0.873992159822238,0.018333985279915026,0.07818328740331724,0.03126582506890236,0.09621311703867805,0.5309525924127945,0.06173214871279578,0.5739430200178087,0.027326861202619363,0.032219751199766083,0.2596222727948709,0.027297233987156548,0.12683407131672766,0.4991144078585869,0.0314769434419991,0.033291826404825246,0.17085156513144467,0.01975340414708542,0.053946669741724386,0.1678686903435203,0.04862538205986499,0.019624029985331425,0.026812790325886012,0.07065672761061546,0.14486079311309746,0.6717895772721643,0.04554161350948719,0.0,0.17004562321969505,0.031311143205989746,0.030018467873421086,0.03545319740349361,0.49533128991293823,0.19266327715477044,0.01990316716781624,0.018715128081333604,0.04730367430360175,0.21965263962286202,0.459621977253169,0.040182829743922704,0.03874226553233791,0.22733110760486885,0.04756381178394902,0.08559823030108549,0.03577937691980654,0.062086520899289406,0.2365287469406393
SEC24B,0.03462902576090294,0.044106187195617486,0.05185114868709928,0.17747958363101154,0.042623714942902624,0.05358480480418285,0.026376775952570788,0.04662570436222864,0.3735227857833119,0.41509053710928934,0.35721461502458696,0.14070906549542667,0.021749368570588123,0.09120526426390858,0.07475293346309927,0.6486218264757431,0.6200565425915613,0.7505694253550957,0.029494899094278798,0.6125666473152567,0.7766390066045075,0.36398837274860757,0.14193218752100384,0.08601021029026641,0.02123757014186889,0.0674292879219479,0.38789981407119356,0.999995810696808,0.05385476357571779,0.6826895681415402,0.09780046804520542,0.7827396349693291,0.9876858054902217,0.0734595175440534,0.909960976041598,0.019084964369027364,0.03190546107278005,0.2805377922131391,0.9942854415966877,0.8808270403886004,0.8304985159826257,0.2010208932957484,0.09093317696021244,0.09818187123546682,0.10473431750458302,0.0405826520259383,0.9897080298072571,0.48499846189604856,0.8282521762066383,0.3811699029864125,0.10199497097676974,0.2858369256968497,0.09644593751385208,0.3532442064645022,0.6531755094248203,0.9487674407348511,0.49388288757529725,0.325220921537617,0.2992038374166483,0.5572294862674173,0.780227806970092,0.0,0.5147443117786052,0.05428307662991043,0.6716273497480948,0.8745610638953556,0.16769683701110627,0.9581391466513719,0.5210040289268538,0.04351333941734937,0.9735385475333024,0.9725361237191084,0.15348567906650581,0.22157101365332124,0.6247989173563663,0.023876554439410277,0.9999888045825852,0.06900175308220681,0.03199638739030541,0.02397686132754179
SEC24C,0.09231184239682758,0.04551542555299241,0.10967445243430134,0.01856409411416384,0.02100782147066632,0.026163426849774202,0.027232707352178618,0.9742872801953665,0.9863619829148711,0.0383999396641285,0.2510059337306371,0.45424813649343543,0.08757676718254229,0.6928793046419751,0.022872703856935073,0.5960123866685817,0.04879943803072989,0.053584476514666184,0.22932872876657143,0.07381498077609697,0.07722938167630501,0.22758809113444384,0.680539502077062,0.23332285868983688,0.9204790187044293,0.9606762977372669,0.08816004415086942,0.02345862992642751,0.9679609213537919,0.6103278339784496,0.04414609421023374,0.6405447334218174,0.018029019496635348,0.053844787400530794,0.10080276000782598,0.02050680669260162,0.7119173335478374,0.755906517639574,0.6690455876319515,0.04501906074328599,0.1909651729177433,0.019611178455309273,0.18403986035197667,0.09171572993673126,0.5825452448723016,0.05605100900866724,0.3230943338419451,0.2053681594717152,0.03305888714941615,0.18502934931310525,0.26349642699061104,0.37895665942005563,0.0957269534836661,0.1046440553541445,0.977986958758084,0.266121288566615,0.023358960964826238,0.40747584045417273,0.9996578824129779,0.17316724617133114,0.06626154299347228,0.6075637480171077,0.0,0.6307941162617258,0.7381920683330969,0.07724615244722483,0.1567950220533083,0.9605772811013256,0.25390123401982867,0.17588311675001939,0.06914480988676329,0.019566249115206158,0.1813697101508242,0.0391538730967976,0.07092595886811309,0.16405778514443872,0.43062012107497055,0.30270042882331055,0.06763835356391737,0.04478126226390947
SEC24D,0.9692049555323881,0.797586971275332,0.04880958435941459,0.0449234441914067,0.021656885817939814,0.026020982192459893,0.038986074005468684,0.08406468115428688,0.02019681114828336,0.027215461130124068,0.4174261175105215,0.6650376633673732,0.14485446126145007,0.12373435560769164,0.04075760364277909,0.06600568820990924,0.2988232587147693,0.06672939526794368,0.2440399003204366,0.7062002181407434,0.11300157435632135,0.16275302610732925,0.04054569248164483,0.06704966111691182,0.6885832999879451,0.504060213718017,0.670026299121234,0.41448033728267125,0.6361718032808316,0.45209882386092887,0.36059821746505055,0.03104636083460055,0.1384109001059471,0.02653593971309712,0.5765311596395561,0.23823111106191133,0.15612335341313777,0.0559220375238275,0.055184895870640904,0.46729620619207013,0.03575512374635224,0.01902042931585665,0.31778928612347085,0.9773909959366776,0.11983865771059689,0.284799414618433,0.3032317403103658,0.9962489368016415,0.12056691036353578,0.28080294843990217,0.024590026146450023,0.0552552124503358,0.07233937179320113,0.23231251830740243,0.8207338727738414,0.05750480964365505,0.05212698974117125,0.701343530333682,0.4232774264599853,0.7918033812351409,0.035782997856764205,0.03574338755026165,0.19167643419603955,0.0,0.29173039329803924,0.7470525263218232,0.8994102832315601,0.14089915937200576,0.5315355592220293,0.8206484491538605,0.07268996416270179,0.22254771432662324,0.058178758442439395,0.03127088509597898,0.4047302224523397,0.038913113280627326,0.21713429557762,0.054996923752337085,0.03531405834691445,0.023779104610053513
SEC31A,0.40591528306046326,0.26253951939992365,0.07922924978688058,0.050119746533449354,0.027309225479638228,0.03111704159201545,0.04873988991349325,0.8947089790542639,0.9947595820921459,0.029308044645820288,0.02986615275350362,0.1686454142969778,0.1332937800060918,0.6794558127922693,0.12308453442627033,0.022643037371277455,0.1276224802610646,0.18154101269036665,0.24177485758551023,0.1380992077797692,0.04817273864183334,0.2637927330973911,0.24707554884944138,0.41976239879874544,0.022159275708049493,0.11044561690554361,0.9145336800688099,0.054734799844339224,0.052939073325638374,0.920696936992116,0.023993261300856127,0.9869139608722918,0.4179923585544473,0.03891043185503449,0.5798851627470664,0.3583906878590388,0.04606317506602388,0.5390557494467402,0.027247176315829486,0.8537635457826768,0.01820431506925193,0.1494526871729344,0.03980228274217005,0.9828259332266658,0.065023421866301,0.9987019085997462,0.5659079231645607,0.9988879715533648,0.9999876016706971,0.022628968223144957,0.10579391276507139,0.0715063334041304,0.042409600244749865,0.9347374071140058,0.1369760492510832,0.08675211668104227,0.99999093831926,0.8634480286869889,0.25763733908040787,0.6232698872362532,0.09499128322503031,0.8051078898367581,0.7848698349127426,0.8576201470489289,0.0,0.8977114338066009,0.12438760128152235,0.12354345764448647,0.37964151481742364,0.06574560488074457,0.23817731393990188,0.5381895814037599,0.9307918785459763,0.27829501800244577,0.6821811143181608,0.05338938464832359,0.49876096597032515,0.500595882790107,0.24062282793870984,0.39585484350503125
SIGMAR1,0.05387062790261464,0.04609169123668041,0.021708925442192446,0.03414817388052582,0.02041064558592843,0.03579334871467244,0.02542203661417505,0.4597512848805231,0.08970111070673677,0.6841578323566916,0.5298702088183933,0.2936857150028547,0.05747432077224615,0.2147636666424545,0.0404110962980969,0.019254440679860943,0.018603502765000474,0.04626929508835331,0.020898730573081954,0.02874306275587903,0.1925731278283996,0.03880365057083685,0.04547672677637539,0.2883078009205444,0.03300507741100307,0.15886518618345816,0.07794304139196326,0.04180789309548593,0.022177029607002508,0.1749642873390921,0.031206904107097738,0.5346344371773692,0.11697977273921278,0.0330507682483374,0.4730512013530733,0.03507347739400626,0.01973671324739025,0.023723733708825055,0.023970069503265672,0.02459366117893268,0.04829312187819387,0.020807295558864916,0.5173084881977037,0.022239785933723163,0.830900358845873,0.18442469276299092,0.1119507661955131,0.15655791816584427,0.07770494005154722,0.033532340737218655,0.0264008744967275,0.13483050175095895,0.3273516868450182,0.10075735728339444,0.06397664536482288,0.141635271546051,0.07032507351339591,0.020053663668828214,0.22449093359034206,0.028723209638842145,0.30643479439536475,0.1391929446937178,0.029585307170948254,0.27263554235899357,0.11597031625541025,0.0,0.1281395400469812,0.06716900022981077,0.8450791371882103,0.061953325412524456,0.055699533752528764,0.18693057997817747,0.1006796861928261,0.027022902150841743,0.2207549259282708,0.018549222961385396,0.9530215132980969,0.05683749468746345,0.06344509960074884,0.02381223317932069
SNX4,0.06227943374643849,0.7904255537964717,0.06468176340599781,0.09096809417946985,0.041441998676252194,0.1526856149925599,0.34150505739784387,0.02544276831109873,0.3110175360122909,0.049119470865946153,0.15498153037535708,0.2283448111104415,0.8194611525532942,0.046799848454150486,0.1612876887863431,0.9642898602955507,0.2867638404138737,0.31753246487528514,0.14581366980180074,0.3103732935592365,0.04208748960165467,0.336356117670771,0.07748575852619455,0.032929710352661096,0.12224160646564049,0.8463522427502145,0.033392120771594785,0.11460658173487176,0.8389149212276346,0.42199515843268404,0.33513022232205886,0.08187649535266353,0.04259318103220175,0.04530644561626261,0.02029895128000767,0.036047675856849454,0.39612285803021774,0.30234356792730216,0.1486774650951266,0.019926244736149686,0.8188509163799592,0.33654858073291344,0.03592069461170444,0.28779420739941713,0.8253959220504495,0.01896721384380203,0.06573390355836582,0.5186089242313044,0.8598952456408955,0.7062053182346404,0.10814869322340837,0.19184834299868764,0.27538286934176476,0.20005117555354293,0.3279870612879493,0.15985136481502596,0.41704165902871065,0.03974634928606476,0.04718471745613271,0.030919648307047652,0.5427463521209547,0.09853036396610441,0.08161883654529183,0.9698796367445235,0.06464709903545977,0.5578097758574001,0.0,0.6186896771564935,0.12820705309994257,0.01869534094081368,0.04905124392473002,0.3633089518410208,0.02432752868142018,0.10122907320247217,0.3778458809829027,0.05925470855784346,0.8887718422461075,0.0515951144782554,0.060758903281941,0.10675479470850602
SNX6,0.09477009914220774,0.02532707231851559,0.13583178126325512,0.048377944690123416,0.05465349340135065,0.04708148108246827,0.33765983047476195,0.058447606703115246,0.26154747673004547,0.8370976080789182,0.31798175065516626,0.07655830121389764,0.11021411090435156,0.19305250096683296,0.06481308679848502,0.17781723888448053,0.11212415174719106,0.3010492300845715,0.7439890511885902,0.36374128975467857,0.9953745189790687,0.09050040252765168,0.9770701276095209,0.4264655781446029,0.8739280955778526,0.3493765021279653,0.24270319663734102,0.9889006809116621,0.019691432116501123,0.4314679829226017,0.05296076038905728,0.02090416172891751,0.06719597837156127,0.6345678190034931,0.029258833081235964,0.0362122332537997,0.03246984372761204,0.5584381928493671,0.09857157180542109,0.5854419803140924,0.029595678203371136,0.07133744575937662,0.051698748419244746,0.0804832558810003,0.07394727193013548,0.9274031906364794,0.3355606770615448,0.13182389007836479,0.07694136235648265,0.2545551452957866,0.01975137321568749,0.06038408967448868,0.39205142172758767,0.4973048421450048,0.3268352179988417,0.7370548451139236,0.4252436415306812,0.10860053408461834,0.32768214995821554,0.9488313443985502,0.021669440424841993,0.8827613252043446,0.825529525226029,0.26854726423041214,0.07579159891319526,0.2999551355989472,0.7466350425052951,0.0,0.41166778893434125,0.9455746240167421,0.05512081706489596,0.2705714604435523,0.07873039050811732,0.04079577923281534,0.052070372814222894,0.048908219207234344,0.9986976174097267,0.6169642719726659,0.11618694088918594,0.01847439996235448
SORL1,0.02185389971505437,0.03378617713538419,0.625773854806533,0.0769505762430224,0.04430458748534074,0.08535530864236608,0.03763358872441514,0.09689238824389398,0.9888748884663259,0.05413898022338225,0.7763150373408774,0.07875409280328419,0.8789670101379937,0.2936245778926865,0.03222100181833356,0.02664552347596974,0.04826939019796196,0.02317928231740183,0.44361168512050575,0.6910270337269258,0.019729568208335962,0.050104065525636655,0.7795629486624589,0.11407113813554949,0.19210504311134538,0.16465103589039964,0.34942353789696556,0.030491657259607508,0.0918416324821315,0.04451245278913254,0.0383559187887039,0.10548254046711959,0.45990602537562825,0.06788462745069501,0.07792040022844633,0.03844353727294271,0.06945224731228615,0.8983993791116331,0.1606850382372589,0.09372907527458593,0.26280658656644496,0.17979572243428363,0.6764628084302963,0.29476381528406814,0.04876330022717582,0.9094725619795141,0.23846660568267475,0.03842215325126655,0.3234732878170742,0.07643395468277527,0.38805255175519815,0.031018949227768277,0.3106989887104148,0.8635016272037176,0.6970031384760388,0.2355154701660837,0.28998375675391036,0.0315503058231519,0.045697938658833995,0.05265569319175805,0.018872562382059543,0.15025121555100265,0.07474634425829411,0.4284050282190235,0.0907372571352816,0.9903199439432598,0.07961764898193883,0.1674296863292826,0.0,0.24110818937988274,0.8430837241363794,0.10963488262513084,0.035659261143720804,0.1554607719564027,0.1946464584184504,0.030511743420673674,0.1513737133697364,0.04388595169503233,0.08250519289795208,0.035906618037070556
SORT1,0.9628784786652953,0.8770519073061835,0.751222795117385,0.05341537697590256,0.0477945158219127,0.04431812898315178,0.022239417262424177,0.8849197073481783,0.8056070237501148,0.16740250408583832,0.8949025141423914,0.027828645681027636,0.10623733993702433,0.05821243670108666,0.2727608784395015,0.39860858426847,0.19287902698830342,0.942050468839974,0.07543760035507183,0.4096539603349914,0.8144981169928355,0.7432186587072737,0.12425756672569616,0.045576103583374966,0.3553236622434788,0.029003510664010506,0.1162372693659632,0.161743957265684,0.01903104949918754,0.1541731721490766,0.26041122233357344,0.22464698061402824,0.5277263545926787,0.25035232480163194,0.05318973054278675,0.03497309280125294,0.10558572198269918,0.552195079986649,0.045596302534884996,0.09283695290332665,0.17115872577291377,0.0505541523952327,0.043440363660167076,0.19431240495199253,0.9373883713742632,0.5291930338530915,0.9989119342608809,0.8399314582899097,0.37072712554749554,0.7328696249769973,0.11079256340320455,0.12610450420778083,0.040656903225923066,0.6724310743197426,0.026522756135578623,0.6730521909040448,0.13972134114348375,0.7021762598338925,0.09124160673256722,0.8986864550860678,0.10317715283211423,0.037999201352923014,0.10885666579825846,0.9722427382536915,0.04695585966036139,0.26034733309809793,0.018792407927124027,0.9458513797329909,0.5845968325570582,0.0,0.7638276577293563,0.7635337540204582,0.8012816685773351,0.35069893531536056,0.07372370106247063,0.024435114289808445,0.7066001202072578,0.03425647864297697,0.021929389435528936,0.022210054778695556
SREBF2,0.27581069345553294,0.02532318283644285,0.37799361644869633,0.019175267282019837,0.02176441277650754,0.024930026342633093,0.061122534563645047,0.37169377477175547,0.17788062998424237,0.06882862042719426,0.8154466514721764,0.04352274684225915,0.034548876990883194,0.11525596076589072,0.02773589485887007,0.04915740152177397,0.046199681485093236,0.03253557390365576,0.12628289774756457,0.0204304701603857,0.1918701688418385,0.12041606903494304,0.0227834654941112,0.040421491662801436,0.03524333893852611,0.6289255165716873,0.0367646951967543,0.16837776360596873,0.042129575442497486,0.08349307060925917,0.028262210994436234,0.2010949179869925,0.4307513782973151,0.8802260906981441,0.28044949082783094,0.09338849809404398,0.5117979577905916,0.02147783850667548,0.5638614704374639,0.8531142293495049,0.7192075451175218,0.1371941876438229,0.11075528022867272,0.025796563721598855,0.20560496461812852,0.02835773028353098,0.46462573668419194,0.042391897550671645,0.19882742915620139,0.20875522348512238,0.028413342029258364,0.04539342997769493,0.028824985089755346,0.1354994671145115,0.5524998372035371,0.024652320166449002,0.04446166296872902,0.34018607601324646,0.024274880943629736,0.1283375993477803,0.2547015019027224,0.43395052731498823,0.03321041437631372,0.05502630226140109,0.05799804931541809,0.08066410837759741,0.0349744198628591,0.03468631726909006,0.7358922521554668,0.27037273054359834,0.0,0.8711334312860852,0.347531003156473,0.07775744337404113,0.019122542017110673,0.05343982627757038,0.02458542311909527,0.08962023134964543,0.019976112873031297,0.06984926935801367
SYK,0.40835990336878614,0.04940887247990379,0.8992400475326792,0.029398584537130516,0.030626299892212758,0.035215300407073186,0.02659391492709941,0.20631043799200385,0.02672467616840959,0.018387396182791393,0.05657333066631338,0.05947651770802824,0.08285294087925377,0.10443137664070179,0.029939536840440723,0.060573326137292265,0.18343899636686167,0.02377166700413202,0.02715527142928369,0.0288819692863694,0.07904203535821691,0.0873646240312928,0.049089860095923706,0.031132604143033548,0.09406181666667154,0.9874056940445343,0.09029519897883136,0.14063829441055642,0.06351072744920966,0.048045571018248946,0.08665181996760786,0.24247079492870752,0.828146304105156,0.06241510183550839,0.2924253777658533,0.0390039552807531,0.04019299924724074,0.04417178819150197,0.25900179867194634,0.04536549603817692,0.9958041223464823,0.12861072106783214,0.05765867411789484,0.14853108901565776,0.38882056764602635,0.058730155667850996,0.9999475876395015,0.4547021910309579,0.18675865753374316,0.4088366777481598,0.03287826326678788,0.028078567261232087,0.07437732438532858,0.04461060866109452,0.10487434032526372,0.05092145347488384,0.07559954674365861,0.9917658300717065,0.10424172675138926,0.07596086721046987,0.4233391954472419,0.33986513138371127,0.01860778970286878,0.11544719609268472,0.0826730744014835,0.27746297174228707,0.12295531539429909,0.08100693751384679,0.0767894097562039,0.21405583039701484,0.7870868685549567,0.0,0.029846062037802067,0.06932066407703258,0.06192260924563141,0.03770614414335841,0.8079409850856767,0.8352152497788023,0.055398771360221415,0.05741661971184025
TMED10,0.30571753383012684,0.021924911535082747,0.14732822201088014,0.05971203362774648,0.03921258838839766,0.020438461757898416,0.06847489746619544,0.06386166947105264,0.02550184739550556,0.08531871757889456,0.05829649818583633,0.6682548634648396,0.36398479491897445,0.3008865613301066,0.13015277700690228,0.7818441022121361,0.29889862112275406,0.020890303614058366,0.13188617827682375,0.05174740294688102,0.4495197930753092,0.3870939252804471,0.9023177862755069,0.035835731635358636,0.8442236691507959,0.8454274420728741,0.043517752258130045,0.38086120780168414,0.11437662520734405,0.694488682788468,0.02141792504818761,0.2648820943000297,0.26420838412552117,0.7525361993996046,0.22574524241484425,0.462257933065662,0.02394490372152234,0.02000505306481586,0.3568483791515619,0.20870344392229576,0.1260126125510509,0.036442267304419046,0.040147381896323345,0.4938440705837341,0.9644797227623846,0.029973116647464108,0.02962958079465372,0.019131440050218662,0.12103061116549213,0.03314680884162492,0.02982376478069584,0.41542575185828096,0.022977837404438817,0.03578396348720345,0.47228077582886047,0.4808996572533946,0.062372769691415336,0.9202179732688276,0.04053374128233846,0.02703207689880169,0.07267114993508693,0.10414948935127816,0.10325049210211551,0.08225148634398477,0.6523734021607746,0.4953373832213063,0.024936338205063968,0.0738524768951729,0.04834471287386063,0.7591058059770581,0.8224448048844699,0.04514228445650289,0.0,0.9999999978054266,0.9998219880798213,0.20468460004818,0.34667866567392414,0.055907674205459536,0.07695106894646454,0.05185141153222402
TMED2,0.046918867355720935,0.08619680106027992,0.4878513679650991,0.0200780238426342,0.035467866644613204,0.07037246165302176,0.04406558942903478,0.4311770093823473,0.025872973646024804,0.850520331398188,0.21549647015512918,0.11679998464488052,0.04259862200512388,0.1757251323444524,0.21527672407180334,0.7744593406297524,0.09063474355079079,0.018212680640337115,0.21316693428896027,0.05203533810356994,0.2691573638054786,0.06197312447760592,0.7113989231726439,0.019437280094944612,0.8744595842731944,0.07210670825698064,0.024195972880014648,0.6075211293927533,0.02169182430712785,0.03576026408414563,0.03592223520011838,0.980346831946503,0.12116244772749912,0.5353183186250395,0.34199138645310073,0.11040093580135647,0.12094903406827777,0.08173045819104899,0.20862344555177575,0.08142129183172944,0.03659081372075818,0.068262640276366,0.02668329214956532,0.02624535324617843,0.05803285232018162,0.02046026019119994,0.15423108472690514,0.17385908433124114,0.3428556493234967,0.6198124998930317,0.16453987276267276,0.9108541095566636,0.027790064002804427,0.01859088484984363,0.050991397689275866,0.7353530456344496,0.03472869828403569,0.8986990117361466,0.07427780655195063,0.20313834753772894,0.068055269560891,0.14253636760492078,0.03192644335070949,0.03690436151071414,0.13376007683643942,0.04365206923440217,0.11509183626340493,0.03925700387735148,0.3411131262059419,0.3144535914075503,0.18240765173338364,0.19125493121705034,0.9999999976584004,0.0,0.9977271820649752,0.020353509302334618,0.16948106915453692,0.031168100770800403,0.055607294056003176,0.04100283042092378
TMED9,0.01858452174195892,0.036350546527304205,0.0855765981130096,0.048856612407328213,0.023544935178179856,0.02190069319214573,0.0648556117289923,0.9996166563680775,0.08752478941598572,0.0999899928157964,0.10289694470730615,0.06067533424788358,0.8430733501856512,0.06066921689352106,0.02854600300212848,0.025776219222221397,0.42356684152624735,0.037223576720488566,0.023520255946383493,0.1903327598360781,0.9762693500316978,0.0207284073272337,0.022824393113090737,0.025542750650512987,0.024125472365194876,0.26345196000351667,0.08842521363198236,0.20238564816184354,0.2674735585750855,0.23646520877053265,0.019120425408388424,0.5496339420718476,0.1470485514736193,0.030486291704409738,0.10207427747569539,0.12089264336787421,0.3514359241562663,0.041782710530806955,0.7945415755028551,0.14341807296615056,0.17726919380020514,0.02092295756228315,0.048129554701787855,0.3374739366264959,0.32511027946660837,0.05146663776110685,0.8875042360854764,0.7894516451547309,0.05418499051615625,0.8408932592951319,0.020131293577974864,0.17646796099622888,0.019881318316095468,0.09703746556746108,0.5934475907017452,0.025996769027748428,0.021630483908976806,0.05330943881761326,0.02047121846299706,0.02143579304006541,0.474274201648397,0.2501149630798722,0.04070857153034776,0.442260099362442,0.20877219576863762,0.6916312125435488,0.27375517272641947,0.04059270708773322,0.2670163297939066,0.05310535163649872,0.019489476774372967,0.10632730068541865,0.9977264195936469,0.9832315111038041,0.0,0.0338888792438278,0.018108318352949855,0.03670759084586003,0.03207214200169492,0.02502811965353273
VDAC1,0.9887820466216677,0.18323371372993494,0.6632340566110712,0.37443959539411414,0.6474107655976673,0.06455919852031869,0.27508811853038867,0.7743745445633853,0.07441273834321725,0.6662364119170899,0.39534817166222946,0.06671178032650495,0.31683176417291353,0.02333659655044534,0.030004416299676574,0.07133736627947615,0.32363563184497135,0.018801940495910385,0.39417496328886487,0.027161512938415743,0.1842217603125056,0.2790986109941494,0.9738372461436127,0.9324106538677391,0.9496649202908741,0.0409122638063575,0.4769317310951174,0.026247658946276932,0.03567262488732406,0.6980670619212523,0.02334335958756207,0.9871548208754113,0.01985569413524416,0.9982031683858489,0.035959718907109646,0.027425845614888842,0.22174259863254053,0.093427343407473,0.255646203463373,0.03350385484492428,0.8518254814225974,0.9999782863124335,0.019024501202133462,0.996493522279842,0.05629290616015383,0.6077753692930132,0.06715347180891015,0.04157180117543409,0.9738355902736007,0.9944067132763253,0.6603557058113864,0.20273547024096872,0.05351587396412535,0.027492282140023257,0.021074366336372066,0.14593222481159593,0.07397718509565897,0.471759917830375,0.04955483354618758,0.13657316700083605,0.3448378081114953,0.027761838866584607,0.33851711045567195,0.11637347852858998,0.07602527923822214,0.020461633210666817,0.18923432206955232,0.10690397222643921,0.07562512808963354,0.03133242631579079,0.3820251311774457,0.20549582817503376,0.737272619300282,0.022769002916021106,0.07944172475053685,0.0,0.2704357371254318,0.6546877780536537,0.02910060739065745,0.6999573709042277
VLDLR,0.08723034192871058,0.04982311033467106,0.30688125362240304,0.024426349645156158,0.020716909631750387,0.03590498840494443,0.02877808109840161,0.9689216170808992,0.36416279644433674,0.1570924235105957,0.584225886108969,0.01959640219415618,0.11173693277177378,0.029030271835762813,0.07168976149263642,0.042542961500710935,0.02330049089679883,0.023758412901472323,0.02756726208247757,0.02171749704205468,0.07014962127619964,0.13803203765283928,0.04826953537007016,0.02006840669824889,0.05830255633537198,0.17171446011206756,0.08484159768170797,0.7211752903548742,0.272436961394007,0.16810634179040676,0.07773841288353413,0.1487061413265787,0.2596694091947854,0.050467306265008026,0.13924291893185992,0.03433848678452753,0.1192693720100029,0.040721569913909406,0.5072441617974025,0.04036069938335371,0.10049190382206095,0.020266954374830882,0.14076397322044326,0.039938984684600276,0.7005204493740305,0.2769105857987209,0.10873980430689603,0.16495139643152695,0.16150881925647756,0.464367300283412,0.028432050296928805,0.025542328783738417,0.026185649543946504,0.045992634356747504,0.11028353465819533,0.034634457434728864,0.3386501690244382,0.12705582127517154,0.018053072445148265,0.09229746082610536,0.05492709466023854,0.7305539561224181,0.05237695388846138,0.07101683039734522,0.053567078164123615,0.9007859027323964,0.20550978036427722,0.5228434390711217,0.06479354908262415,0.106618197511759,0.022118372310652244,0.5004305986587807,0.06630458456369281,0.046223300482665916,0.018047689771556172,0.03343519071286266,0.0,0.02354798579747549,0.022659911853284153,0.03880703641117441
VPS26A,0.2096263381272047,0.03590196486408684,0.6384328172777627,0.1916429753692351,0.03999356134781097,0.2855354459412818,0.0474184746822141,0.05078682575246838,0.5867889295815144,0.5212916082400048,0.0209637338437685,0.3557783061314888,0.04065919204420994,0.6673908680112355,0.03522106157025533,0.8147826296096067,0.4796717061392305,0.06913602166165958,0.5615155927019709,0.02755588014429579,0.9997454576029353,0.92654954908084,0.2897671022001456,0.04962999292724101,0.4087371349105496,0.7350369219884154,0.24969863440531137,0.21674921165591884,0.17309178807497166,0.8528928774658168,0.19048835571176637,0.8041392482125563,0.06209012010882914,0.0262137119267697,0.027508388461080755,0.023452169283679252,0.028840863471129744,0.3706031913317088,0.23158574487691572,0.26427557253380624,0.9307568401644579,0.06677829737117401,0.07684199270846441,0.0241334596356738,0.32651067242459586,0.06452058188166426,0.7199361476404126,0.05918041219268376,0.07344194518261245,0.5178417415530959,0.033691242107066116,0.8573766143895063,0.06984397473690526,0.07916530203273561,0.045929490276190595,0.018200408868861012,0.020074455194976495,0.09641681192798059,0.06672442566691941,0.11673882652592833,0.06338708633705731,0.05658966336525174,0.1761796143233254,0.08238680313299215,0.2603803070932796,0.22398549127026732,0.059536944385847765,0.6226904677277645,0.06942154366741486,0.03435804914924788,0.25099600134867156,0.9989139730796913,0.059266380122525456,0.03212808774739786,0.04592468531647341,0.19237225872115057,0.036245776930270285,0.0,0.9897944274746234,0.9137167606117897
VPS29,0.02921264632070476,0.7434352875701051,0.6980357827858908,0.03635991089329209,0.05324785725896129,0.07872143744018617,0.022692903842341787,0.776010849987428,0.44704892626189136,0.17565742534360915,0.03925099839176713,0.7075248089633089,0.6204021404862181,0.24068833207423235,0.35782949188190755,0.8985798312819806,0.046712593585245536,0.13145679331067955,0.17068406385140386,0.031164480997403314,0.6539129784916851,0.19116141158631367,0.08616399121022969,0.045966574458226675,0.9453735943116579,0.5664516836118224,0.0624626938116615,0.9704138181908822,0.5104530176692124,0.067817015804001,0.22428581452070223,0.06963593251481164,0.3628097815026188,0.6679547351524665,0.01810658014538595,0.04168130007865,0.34741866557271056,0.09845095722129747,0.08549100975647181,0.20732845742402334,0.7184325503902421,0.6955922815862922,0.31285921881826656,0.9942960524572485,0.05846338969417796,0.9496253566600638,0.17452967366487476,0.3637758990999873,0.10946258308178314,0.9972271454875558,0.5228046420117174,0.13269025715206847,0.021621574948576784,0.05541712830905006,0.19148454367842052,0.16210685376582992,0.1137360393972195,0.5916472831022408,0.16987081238143123,0.02947277835670101,0.6459333580319383,0.046057168320368866,0.12644751259216735,0.10358735879008626,0.5182546739446132,0.8651094522317261,0.22810612568516958,0.4584906360487276,0.6694199595460764,0.02641807601410821,0.025522000319705827,0.5826976346840494,0.286268563681956,0.16585841188162928,0.07674482816630228,0.030085235363885836,0.05693531273632602,0.9999965865937335,0.0,0.9999784051581894
VPS35,0.13520922529376572,0.1281466061115847,0.025710976202419574,0.9937709327620742,0.030155562603554207,0.8318755265565059,0.044251222447011435,0.03632814470188321,0.9453285357672305,0.022570051246117908,0.9981723948310416,0.9215512702863967,0.9925529013758004,0.07167318815472747,0.029088712738846972,0.3171701955014515,0.059545343505349846,0.021623171799071274,0.9128227981682504,0.1201808618981298,0.14226860677786654,0.15860881763030987,0.9974021454997724,0.09832242280614745,0.9685545563517335,0.9605301966953175,0.40804853605522723,0.3503005867584429,0.08805726817842956,0.23931886500086377,0.326680863858516,0.9768388946134948,0.04171475380062029,0.8677788187560943,0.2400181744932722,0.29595577851386473,0.23208023723077084,0.5751959133629092,0.18178320712047058,0.026571052802720777,0.8953639659618546,0.0470472990354193,0.2756310390697866,0.1762955576487492,0.2366184898952246,0.1736875988602347,0.9413139640235678,0.4239773710552939,0.6932044150334603,0.06787880262132741,0.3327625483532055,0.06437325111917934,0.37124977334829623,0.2763078109713506,0.0509370843731629,0.06421497626759037,0.9342801589604136,0.969282254209069,0.05397525390911995,0.14592212644081917,0.9964427399058252,0.02815630372025161,0.06555022477902366,0.03631702014433419,0.7031594780059508,0.05846913423018677,0.483172200680508,0.01889977031924638,0.11885896509091877,0.026544930441792073,0.6197162282100436,0.5639784205353876,0.13231733845147436,0.08682640381278676,0.03990396219370253,0.7175424399403502,0.4512549756079087,0.9995495555665811,0.9999557558091349,0.0
