,ABCA7,ADAM10,ADAM17,AP1G1,AP2A1,AP2B1,AP3B2,AP4B1,AP4E1,AP4M1,AP4S1,APBA1,APBA2,APOE,APP,ARF6,BACE1,BIN1,CLU,COPA,COPB1,COPB2,COPE,COPG1,COPG2,COPZ1,ECE1,EIF2S1,GGA1,GGA2,GGA3,GORASP1,HSPA5,HSPA9,IDE,ITPR1,ITPR2,LRP1,MAP2K3,MAPK14,MAPKAPK2,MFN2,MIA3,NCSTN,OSBP,PICALM,PLCG2,PLG,PREB,PSEN1,RAB1A,RAB1B,RTN3,RTN4,SAR1A,SAR1B,SEC13,SEC16A,SEC23A,SEC23B,SEC24A,SEC24B,SEC24C,SEC24D,SEC31A,SIGMAR1,SNX4,SNX6,SORL1,SORT1,SREBF2,SYK,TMED10,TMED2,TMED9,VDAC1,VLDLR,VPS26A,VPS29,VPS35
ABCA7,0.0,1.319315408139566e-05,0.009983694252184629,0.013320047767582692,0.00842693240984477,0.007860012766304821,0.004229977818696466,0.005311051208812116,0.010887733082980728,0.004210296002037919,-0.006166808062508952,-0.004349435536642352,-0.01163747605633606,0.009033762504816007,-0.001065045776619288,0.00958867431647247,-0.016384141646500407,-0.0007713513877970849,-0.002023276699641966,0.020057527161464146,-0.004387307468142552,0.012276171856425886,-0.01180035148006064,-0.007071051063756671,0.0004880777709307219,-0.005367313638564175,0.005403806223897755,0.0169456277324089,-0.004284667260257707,-0.006946801673991354,-0.013204372022861897,0.0032570814419719037,0.015296696172263773,-0.014102788141425574,0.026005710899669753,0.007916695973834466,0.007350687778619937,0.00618125846986394,-0.007209286886380795,0.013795815239007895,0.0013291640318759325,0.006788876509110535,0.012673154403482592,0.00344089911411459,0.014226447146508317,0.015808640247074228,-0.007758255682183694,-0.005294399549507256,-0.027624404098605802,-0.012872045413656854,0.015597336672048654,0.00811563892856108,-0.014045874153968312,-0.010108039886880001,0.0033340634128000805,0.015119144047424335,-1.0061372360630583e-05,-0.013789187556920041,-0.002923535159280606,0.01824238230146912,-0.009885544472407175,0.0014028990950019388,0.002614149185626369,-0.02337244740703385,0.007343169401963547,0.0020705969151012297,0.004245087077610458,7.876887973637331e-05,-0.0049669319241655045,0.03425495703063304,-0.011688434578942523,-0.00420623227153886,0.014469508967955501,0.013008545736015729,0.016663108587606203,0.0005885453931907823,0.01837348569826111,0.010515613823387516,0.0009090078789662836,0.018326814139575823
ADAM10,1.4034133237465392e-05,0.0,-0.004146788235700433,0.010878833483904973,-0.032345450644824594,-0.03722151441853202,-0.008815627190734867,0.0007933171127099115,0.011814209515198591,-0.040620663741973706,-0.03680985759654425,-0.04833231471517175,-0.027035637642845514,0.00786323172467629,-0.03862416191405908,0.004154955430785725,0.04231427980952442,0.03307066444760903,0.0086521128841074,0.008057862406924288,0.06447927525235823,0.030805174322621295,0.015380584014116976,0.015356484916814662,0.018254967883063477,0.003572128141166263,0.02378187344847527,-0.0004278389176354764,0.0016493731927204826,0.008597690001409367,-0.036140996436609826,-0.008182403669756427,0.026786257961151385,0.012851326623441033,0.0442650792726628,0.0066115480925925535,0.03412064639920866,-0.02719781589378512,-0.0019031540932810905,-0.05104528214630558,0.044711374546328675,0.014116274587650978,-0.02377798032614032,0.028874517661861908,-0.03976015679127315,0.011971642028017348,0.0283041472303601,-0.006072365127625338,-0.014662239989442672,0.012846861047026743,-0.020755298680288074,-0.033359597354390244,-0.024513036742464907,-0.008269148244095399,0.011335405838619713,0.060944336291403174,-0.011139939195123672,-0.0454822062569056,0.007649508824132108,-0.012290382919974046,-0.00600575084367323,0.005261833211957404,-0.006364484022439023,-0.02953978708576703,-0.011243825430579618,-0.025108289453870353,-0.024927026519412525,0.005707349144146714,-0.003097140771463781,0.04170210259975876,0.009372590225292925,0.017425495407689204,0.02411648257464185,0.014539910064038316,0.006899333087675748,0.027768845854786024,-0.05021721780827524,-0.004903118512025503,-0.043960302857518084,-0.0033821648692175903
ADAM17,0.011574080377128983,-0.0045192890427748775,0.0,0.02634303222391168,0.04553054520449492,0.037291224005634,0.007430869465253528,0.05279940567508811,-0.007588995939702396,-0.0565437763002229,0.07774618906799836,0.017705230900839787,0.06053692322863801,0.049712291494077125,0.006170457671746804,0.0802396607125868,0.02342351069007373,-0.02403800973706796,-0.01804978244775369,-0.0021253989330844198,0.04133085328844982,0.038309141801589966,-0.05225473111780133,-0.01577036415335062,0.09693158090974481,0.013272993695542891,0.04254483874104639,0.03795942512618172,-0.031227876558941964,-0.07836616918202674,-0.0007009686516996794,0.013422424408932968,0.09225534271605297,0.06919270765484586,0.0345463127901568,-0.05225850492462835,0.0076118950031699535,-0.007889273879646512,0.047354697843974725,0.022398114955794877,0.013277701525454754,-0.02410996055235435,0.0002262722413965192,0.005118560384959821,0.0018218666254875664,0.06571771835892083,-0.07757549973855771,-0.004689054675943565,-0.007171508552899713,-0.013111753668869568,0.12046609074012742,0.027810249652180864,-0.07269955205109807,-0.017327258287441943,0.012107713958649789,0.014932851753235691,-0.042085885735542776,0.02540567456801008,0.01121229755683071,0.010220426542799943,0.01690916731769542,-0.05325790218153469,0.03214451560874124,-0.00989446968342099,0.010084457590715605,-0.07794887279266079,0.029686254657777963,0.016617884168538537,0.017592196297705903,0.0041434365723803015,0.012232128782608393,-0.04445112775703554,-0.0006542220221706114,-0.055684544791648194,0.011531905532074787,0.02007583015465154,-0.025472083496636957,0.006437859242160124,-0.010406986348640413,0.03098414682087104
AP1G1,0.01442002399197195,0.011071477179373086,0.024599752755656942,0.0,0.04803018377905173,0.0525852223308273,0.02668649427722854,0.016372986067371312,0.031364807216756066,-0.03986343302464851,-0.02755931155909244,0.03355633962092959,0.017128858560520318,0.014808401472086872,-0.016464941230391474,0.06235347182979673,0.021720301633543385,0.010187320673060054,-0.017327983258169925,0.004581118387285527,0.005857932292543189,-0.011588691087043886,-0.024443268726186827,0.02958749226495155,0.032266214741969994,-0.02810928138565736,-0.03710326879805436,0.0234284794256552,-0.011332657151044142,-0.05527846357477001,-0.004758774165850116,-0.02332379287026111,0.016442583248007073,0.027674312040402854,0.014317355181793653,0.1182761665118287,0.011324220952562285,0.004125397989153194,-0.01121476385091174,-0.043583030625884284,0.019278941923751423,0.019039765469443613,-0.03319797241043201,-0.040920385583047766,0.021622680937025074,0.053259252190630685,0.008012701177755707,0.005310613849041033,-0.05309983439048072,-0.013118770648127007,0.04284578558981485,-0.028903598975106935,-0.013740188228778013,-0.021579005857815726,0.00945109927169195,0.021799729076682497,0.026501144027420747,-0.04844913620194199,0.02969847467307847,0.013404629758065759,0.03300124777879123,0.019576571941735624,-0.011717108144950831,-0.012708031335285697,0.007530491281206339,0.03146305388605012,0.044370784740225634,0.010838641186911318,-0.00999875161193641,0.012105449303818525,0.008741964943943725,0.013506297373469511,-0.017694857876626054,-0.02182586931664436,0.014211338758171396,-0.025490285693377145,0.06625976138453572,0.01070162253123068,0.002727779214797617,0.07659522902398382
AP2A1,0.00882978486477037,-0.03186081325694233,0.04115174358290017,0.04648733601403397,0.0,0.06640542570595125,0.02655629100552106,0.018904447832664737,0.006788760496925437,-0.0011418676756206644,0.02378108470711393,0.0346476628797055,-0.01709573800549746,0.023219214186192837,0.00961608261792057,0.039302691064300545,-0.018175003108810938,-0.007871153275957514,-0.025035995918599997,-0.014353584131021833,-0.04380469394982662,-0.01368502643582616,-0.049735356552503,0.014757608235920195,0.03165054835821299,-0.011314445989756805,-0.010849908706186443,0.012172357618401831,-0.004825490609001902,-0.008255064649541687,-0.005898875994582126,-0.0044922757257622225,0.018224387112966468,0.04259636421898304,-0.01620831512921308,0.05970575001131339,-0.03253865297663535,-0.006944481418809666,-0.010373240075749347,-0.0055811267987948545,-0.0162128803166355,0.014024718052965337,-0.010553976782804456,-0.012136820681105038,0.04601280298421885,0.026564307741933132,-0.01910147750894436,-0.0005482911580738604,-0.033608641190183114,0.011742192728820775,0.02931367743809961,-0.0029796327910489454,-0.012332000417421113,-0.0014321314357235773,0.0004701854491858338,-0.015796595601566762,0.016501843127215546,0.013439387119540904,0.027256226101900424,0.02646112884819252,0.025632175887239844,-0.005685608870131606,0.009865945429453246,0.017816077660395706,0.008172572889665457,-0.009084614105106853,0.04079692350449974,0.0036545127224822957,-0.01332506453108653,-0.009697203582449195,0.012760079856271355,-0.019952945803776427,0.0010353771732559047,-0.008756190645099804,-0.0002564662522023776,-0.002366858773281395,0.05062407937925515,-0.0005716046273029374,0.019021171562381242,0.05686636746354811
AP2B1,0.008310542443408012,-0.03699671795988851,0.03401085401158625,0.051358181080977304,0.06700837312171602,0.0,0.03281517748942212,0.021168923391222602,-0.006113854917260362,0.00562484074234586,0.015349367152748544,0.035762773546427186,-0.0031036561884779526,0.020366346958434475,0.00843671196160804,0.04787519087102913,-0.022810620903589124,-0.004146221272963606,-0.0259148052702441,-0.021944731004783512,-0.05934952043336143,-0.019524955623753223,-0.05406126781840407,0.015564196564317534,0.01169664402623536,-0.0230243118562351,-0.011650094822867945,0.00786865626760225,-0.0032958587342105045,-0.011155468954822695,-0.0014489707994325264,-0.006796745786809964,0.001924215453486167,0.03606756654899587,-0.02482668027581377,0.06851936431769419,-0.02605314249241596,-0.009440899456159788,-0.022361645805122066,-0.020104666675946615,-0.013558289875453976,0.01549124455186944,-0.008157475542449914,-0.03287811657845562,0.04314396147619905,0.03062787527552588,-0.019559234725709116,0.0160830842815259,-0.04018589022254783,0.007469602529193246,0.03183608651154237,0.002322372882235924,-0.012902984784787542,0.0007926158454739791,0.012091740093841405,-0.011626769830736086,0.02206900264586129,0.009071625355543378,0.031918843328006576,0.008618390376949904,0.04220887966186192,-0.0032391635925864107,0.005020748502360541,0.029214606242961173,0.010703880020018328,0.009310904651409447,0.04532810209420759,0.020749900921601602,-0.020039736249075648,-0.017446672021350373,0.007518920481421573,-0.01324233391874111,-0.00662880662341842,-0.02202775757274306,-0.005232934725860662,-0.016385853194470505,0.031185343652549807,0.009370200670246848,0.024515557159204306,0.06319370306522279
AP3B2,0.004370141863639799,-0.008561969969517145,0.006622193336714198,0.02546764398498729,0.026184498026993026,0.03206461889213908,0.0,0.0027272942553873366,0.005669066966754259,-0.011353176016183068,0.0009488723938525004,0.0203480882499146,-0.008556791802077147,0.008320960563568763,0.015578772071840847,-0.002771244572503436,-0.02439687474871224,0.018553647462337338,0.00037316649901044784,-0.015189007030003815,-0.02004032764799269,-0.02408967740616423,-0.020554098717085748,-3.6495287136106553e-05,-0.005235087751681336,-0.017644922346292995,0.022687970587071157,0.014030587848024757,0.04205641340594543,-0.017751712418594832,0.006213297344803813,0.0023021181604057903,0.028617614091041656,0.02610499540829504,0.009475908541706825,0.01470992179210408,-0.014808297961061201,3.214065986348294e-05,-0.046971312462723895,-0.029093554999116856,-0.04208876875020304,0.01970780704265472,-0.019967489220755964,-0.012170292928271084,0.009975789831870554,0.05959970762270009,0.01969787801309241,0.033012215894622755,0.017529022154187997,-0.011194479398654127,0.029212763879605638,0.008086266544831903,-0.0010662580269611077,0.021445923806280145,0.0069536869025558995,-0.0016038651725862668,0.04402818127890766,-0.015539849036295265,0.005260240110060629,-0.03174075606685912,0.014695172212092636,-0.01643199560051675,-0.027321693518216287,0.016731422908992388,0.006235406006637824,-0.0004916562168076362,0.03606091526025142,-0.011550578790945527,0.005032681867977425,-0.01621154717157896,-0.018928334276822698,0.005550456622632645,0.008392778870926439,-0.02519773617653542,-0.013106165304131856,-0.0022316497812068514,0.0075325753403418915,0.01494893341879606,0.044766500216194806,0.06282131718462085
AP4B1,0.005534093898229635,0.0007770981884986098,0.04745695261645672,0.0157591840029459,0.018799635110895545,0.020862131836755195,0.0027506832775229936,0.0,0.01870725084937559,0.023150571270547395,0.02885690213727969,-0.009148079939649351,0.034654595090039764,-0.008068495708573245,-0.0252474799631603,0.06070697155484603,0.030212701495883513,0.0008378171163717479,-0.045684428737717234,0.01933085877702113,0.015880746765042496,0.013085401247685077,0.0014695047716986674,0.005743643029959609,0.022535920608183106,0.005285431612913895,-0.0035238579169042552,0.04209316331170177,0.034412132245908875,-0.01665717348282698,-0.007286757545632018,0.0022021300774287163,0.01041957828145513,0.02609887024065011,0.03532820426217724,-0.013381079428940132,-0.00042050854605328423,-0.019268105397843346,0.0405815724775904,0.015335003023555583,-0.00897147980362366,-0.0015633905839928751,0.0018726103109607348,-0.007764808617467969,0.018715881382620998,0.002276918231908587,-0.027728266193626245,0.037999863974724726,-0.004080000998560875,-0.01700213941397746,0.015273599701215066,0.01340265896083529,-0.057069057839419395,-0.0026521019023535326,0.00488823790870056,0.029317939637175442,-0.007319747965587,0.0003376455249625573,0.06966607303591,-0.014354226061088032,0.0122839575328689,-0.016009871521323455,0.03364618175605448,0.044501031126529166,0.037113999472028585,0.010082943641196178,-0.0052586519677551066,0.01117904108964872,-0.006376312157965092,-0.003920306767011257,-0.0034629857841461643,0.013629591829318716,0.02620450629290327,0.014987307347667808,0.017151741805694943,0.0009531753906402799,-0.0043334075847270585,0.006675258898535644,-0.03173675895651762,0.020535921851198177
AP4E1,0.012170103282700406,0.012414364887054606,-0.007317216370443152,0.03238465093770946,0.007242135966289297,-0.006463471031635459,0.006133536307538312,0.020067844796570106,0.0,-0.025388856023322453,-0.025994081705667804,0.028951122273636637,-0.0046501652788105835,-0.10658775768160193,-0.06163492151084453,-0.02402818592792815,0.018034477072646448,0.01350781622883417,-0.08701663332420467,-0.008860528776906332,0.026794720642325864,-0.010229826018639105,-0.007304310159063776,-0.021235321199158403,0.04567111875249318,0.017099575436911995,-0.000682734961378876,0.021014500495603713,0.07412100603753995,-0.034932525614190996,0.0001548558427228488,-0.0031881800809867855,0.02717390918400964,-0.04051033297034642,0.02184460161328183,0.05734874165160994,-0.00016631134231536688,-0.004616113873188253,0.011808564941112392,0.07090086739551787,0.00811096723538959,-0.006960382467071834,-0.007530533150293161,0.026964187671631723,0.019357000532864373,0.028182209092953343,0.004815117922774405,0.026022290524886527,0.014144630007666983,-0.021095738115622435,-0.005608726881910948,0.022779405925954167,0.0018750375730462723,0.0190222850703,-0.024256879717831158,-0.01712921782081595,-0.03935491800285365,-0.02541333875137773,0.014632443799797935,0.047919578795912694,-0.03005691321417424,-0.0602697334908631,0.04684608419876707,0.022350278650121198,0.011886418003086173,0.03194537507030222,0.004195676831016525,-0.065146000974438,0.0014482756839798378,0.016700488422719297,0.017778700370840263,0.005086950202610946,0.05423840875922897,0.05266646824849601,0.009375211658613642,0.033330373295265635,0.11026800803609234,0.015422784261562855,-0.007100352822571468,0.041077017197467786
AP4M1,0.004724539005722791,-0.042850595712708925,-0.054731379823813514,-0.041320094468226855,-0.0012228747464397241,0.005969678180961533,-0.01233123956227695,0.024931160046213357,-0.02548784653058901,0.0,0.0668464812278858,-0.005202512182849804,-0.010220957897348972,-0.0009303965779825172,0.002891913052669592,-0.0031210370771143064,-0.020956287575527505,-0.0050296478157984435,0.0068576551468096224,0.005284342047926396,-0.08321996463677013,-0.004422742991129115,0.06527634217129548,0.005945099606354184,-0.09074285406496416,0.0011900138090854885,-0.03471977076805166,0.026718682944528862,0.03663735912359555,0.04523623928159296,0.013657798015280505,0.011441154408407523,-0.060603046610053425,-0.0073845043064637095,0.03484802941629944,-0.03308442821768637,-0.012487921951708544,-0.016433289164669344,0.013402385478117038,0.0356581225347138,-0.027213679738174124,0.02148663498236661,0.07776939814282506,0.005215542063492098,0.06163638751843676,-0.059010505888262274,0.0038445306967568576,0.0028425794887755105,0.024723094136739673,-0.006721301731927235,-0.09083863096401695,0.016168128257126217,-0.019782491510730853,-0.01924283266081939,0.032358564528650886,0.035375536973113374,0.01802237291245504,0.011888586155458868,0.047402882998996296,-0.028608471194399812,-0.0016309854755211198,-0.00022436432789384576,-0.008040662602925464,0.031213932939645014,0.019115342392609345,0.03626679201911345,-0.035384249924544454,0.02431322564413726,-0.006921256841913022,0.02145036686243759,-0.013757812682707123,0.029808290563042475,0.02683519768293866,0.0753566552531122,0.02217719070539361,-0.028332671704042488,0.02826287341891996,0.00424980656469253,-0.006154838200048639,-0.011574465696414278
AP4S1,-0.007085865567831549,-0.039761215628667315,0.07705775740305658,-0.029250994826573437,0.026078555100064404,0.0166807983053767,0.0010553167796244955,0.03182117038809561,-0.026720843187146997,0.06844854472542716,0.0,0.02951288954629167,0.01761267200727085,0.05935441882022758,0.022541689516346795,0.020551773396506674,0.021341834803971144,-0.03434548794750249,0.03650749798217631,-0.07027100355773065,-0.05481215844739344,-0.005915398234280191,0.0353803659984594,-0.023963712922831608,-0.013181711355440986,0.00431402070395238,-0.005910909639142452,0.011311001079380342,0.025114358938081466,-0.036749493141769396,0.05603382595601209,0.01868175365396042,0.01916911804290687,0.05833317476158615,0.04517844425450388,-0.057548749482943654,-0.019837416125794212,-0.048430312452983564,0.05914069767185182,0.050762800075899936,-0.039358908285910786,-0.012074251531422348,0.05642172054825239,0.038158460625825084,0.04543789433717905,0.004718447418543652,-0.03412900116115004,-0.02406589483591198,0.07197110075182321,-0.0002523916599273719,-0.024616896408014212,0.007499526141067344,-0.050930862603742605,-0.04021121250487645,0.0253356917286211,0.033958521254550365,0.003245172516649759,0.03701906820413664,0.009717348305429151,-0.06152332709129466,-0.011256047703626683,-0.07157514316174124,-0.02293655685098473,0.007294447786993514,-0.005646791669745046,-0.07732647686126072,-0.007384283977023785,-0.0009495041748930304,0.0125872298732303,-0.026565536253132533,0.013280076994503998,-0.005695775318599629,-0.002015886535229646,0.017033143688919127,-0.005678688942622271,-0.0008487524572083969,0.041345643187139576,-0.002958850350322756,0.010248726404945294,0.018919146548094196
APBA1,-0.004775307443896714,-0.04988489621450461,0.016767750855377152,0.034031635387472246,0.036304609726798005,0.03713586217922509,0.021623928978612775,-0.009639008323446002,0.028436559079682972,-0.005090198700748349,0.02819990818760075,0.0,0.032753401728795484,-0.052340934581215956,0.014273052586582109,-0.028766962949650386,0.014725617587374625,0.0022793283655650853,0.0040858481392452755,-0.025555317371822667,-0.04288558084818919,-0.023527632351747235,0.0076740663571724455,0.0069954390825700905,0.028387425655105197,0.03789419695443048,-0.030119837666205615,0.010488864972152465,0.011542567864832985,-0.042152441769721036,0.04212191997339565,-0.002930009187212678,-0.016192698911448075,-0.02126805782168215,-0.04288778918101985,0.06266521292405046,-0.01834841115917469,0.033127545244645264,-0.008747286970188735,0.02217049404996915,0.029719240049294056,-0.023408794300832966,7.470792319954744e-05,-0.04858409604024425,0.02883462114726903,0.0654538351773179,0.015759211624049144,-0.022583934648097027,0.04950724629107604,-0.002849131656068124,0.0579288881493102,0.05778670306956172,0.034850102252955255,-0.018251959160619707,0.021991871220277893,-0.04631683488903253,-0.011900562493901869,0.023758460661154907,-0.014418128041076717,-0.028530166047519304,0.04007244780462464,-0.015067141496468072,-0.021667432222551065,0.042741950670645894,-0.038920551679060215,0.01156635661212004,0.05851886756165897,-0.002109785391413857,0.012247350770977565,0.0044795358733358765,0.034474090360006614,0.0207953132132616,-0.006181924274210534,-0.02767286818953304,-0.013005614583732613,-0.04659807972709731,0.0563110062604037,0.01960455855527317,0.06486127149024093,0.04807164484056936
APBA2,-0.013898591509193538,-0.030353700638187365,0.06236445236340524,0.018896449577239124,-0.01948584449218928,-0.0035057381578011476,-0.009891576413182295,0.039719775438400245,-0.004968480400927457,-0.010878193520564279,0.018306476428383903,0.03562869893049876,0.0,-0.048609367680246825,-0.024689016798343223,0.025280959062970957,0.04911629899331979,-0.014349550592808987,-0.03561737004505863,0.018473182103047516,0.0686948434594606,-0.0007223272191786395,0.06554109432470231,0.020217460169394526,-0.01702814548738653,-0.020547524754185514,0.005009405166287828,0.03695499765593184,-0.0012655646322819593,-0.09798643065866346,0.0722833210742072,-0.0017938826064275739,-0.008066495350233615,0.03889052055741062,0.014115455840940505,-0.008673691943558166,0.06459004387850055,0.04644864283056225,0.051944681961388246,0.018174753796446414,-0.001898037586053325,-0.029388892470447806,0.021581108386895097,-0.061392881862697535,-0.011973192702310561,-0.00899011968643428,-0.05300206034660079,0.07588941824562816,0.0932381712879487,-0.06588249327327109,0.06609358453820925,0.045596245536309796,-0.011383373600502072,-0.0002960054049985087,0.02297822658224571,0.005822332412960541,-0.016133657720738565,-0.01527079654632974,0.03426852016591268,-0.008527156498289803,0.08057776296228944,-0.015000522415230595,-0.00601520436234281,0.022705240955654883,0.032632571434062944,0.09625936653641497,0.008753276161437687,0.022871293054749716,0.07023812425640256,-0.06408030881754656,-0.021290128496557967,0.006500230609134652,-0.03567643225049367,-0.07844831277514279,0.008426507295869247,-0.04029654721062252,-0.03597974818403395,0.016015331916429582,-0.007917521576120426,-0.03132346546433702
APOE,0.010700051476373929,0.008755507242225666,0.05079088251359512,0.01620187128250297,0.026247267909161605,0.02281519661602371,0.00953966703240586,-0.00917157106952987,-0.11294518615418654,-0.0009820610651699914,0.06118398754214228,-0.05646641713063093,-0.048208673251925335,0.0,0.07418386531503725,0.07513420816079863,-0.009228486997634506,-0.039826695699906496,0.11382742985732489,0.016946001000426442,-0.004172106763128391,0.015429139977752467,-0.026787110285622657,0.007735015895147094,-0.00922707581421541,-0.05189271022942049,-0.0067771047131584385,-0.008552172090940635,-0.07688108268047877,0.0025178966833358553,-0.0075481878634517064,-0.002401364846155734,0.040928564401138824,0.06865698089052588,0.04777440655574403,0.00262172676677886,-0.011339062326456697,-0.02335643718671292,0.025985386735995476,-0.05499877113383867,-0.06653524637451601,0.017485884910011257,-0.01862555757564351,0.016129510916968317,0.0049881364982788095,-0.006185408491377313,-0.020090858356490132,-0.04943537067145833,-0.059435862931314094,0.0076301740796358986,0.013636193777834546,-0.07708064584014385,-0.049118705004132346,-0.05736397778985246,-0.013366480475789817,0.06125641086460104,0.08521550931291136,-0.003164243346795838,-0.017343182920119715,-0.030815829179767624,-0.02776625185883503,0.06378869816603226,-0.0640588355263053,-0.10050859435027334,0.01199208293594607,-0.09502832094775344,0.00366019783841579,0.02210455234378996,-0.016707440744303876,-0.013545411607295058,-0.04046731340521967,-0.01784666054835274,-0.04880920092349232,-0.02439938960919282,0.008561154151105576,-0.004573456502006129,-0.028878932102891088,-0.02675273238736599,-0.004826318435768583,0.012512982891360817
APP,-0.0011355122445490138,-0.03871200412546428,0.0056747365345421324,-0.016215245614175713,0.009784555961346413,0.00850727846893862,0.016076789493555232,-0.02583304191486132,-0.05878866469997128,0.002747653534409602,0.020915947045434875,0.013860279047810686,-0.02204019090606278,0.06677529376974511,0.0,0.014351033846276614,-0.043540368390714276,-0.021926628168755916,0.06432457876638938,0.03088919284787308,-0.020959914625984344,-0.019713257783395235,-0.015600364655288817,-0.01491809000360187,0.0010583572151281956,0.009985032017260578,-0.0249698137235126,0.0026655034133581923,-0.026239742044911717,-0.0072233217727066,0.009312466987885551,0.0037156641089804,0.014057663641601827,0.00012178551207319063,-0.01613200221141801,-0.05972154549219091,-0.03951708981462602,0.03706842162956291,-0.01187294555064935,-0.01157817942946582,-0.05264484419905706,-0.00046676245817396005,-0.014273464202647442,-0.031138620841509538,-0.009399859438815491,0.01577707599484719,0.014627999722360055,-0.030546373056500428,-0.0009234861079538226,-0.00874429971417122,0.04032969598316062,-0.00931116497266424,0.025503833043159688,0.005698027326683187,-0.015426972715455869,-0.04370106231050606,0.04247410358141102,0.033805182424278726,-0.040182826380289145,-0.030126325883479427,-0.043022720855259135,0.03492053399022265,-0.02596628523760208,-0.021903604773723842,0.0005729717724040343,-0.035810935250408064,0.018801727089336598,5.288507372025658e-05,0.007290597341704056,-0.018242512038133707,-0.027508422055937776,-0.0010186809377832977,-0.049815325334593326,-0.028788227836171385,0.0017784475959792493,-0.027056993717630196,0.00468099732814457,-0.012163814623654418,0.049009318738494255,-0.0037356461498878795
ARF6,0.011414172831882539,0.004649596708853076,0.08239099324366442,0.06856244801928585,0.04465062603360911,0.05390018731139293,-0.0031930321156105395,0.06935190734643382,-0.025588808357082576,-0.0033108384885833456,0.021291325625408287,-0.03118971823180412,0.025198078897300275,0.07551033413411674,0.016023062177088196,0.0,0.010739546024187304,-0.025320008497802634,-0.024075889495352994,0.03849617936066326,0.0019177457537300831,-0.004924977088677577,-0.07072076556481739,-0.004796960268876213,0.04153122410784378,-0.014849630754571248,-0.08170479435367413,0.030305659116917447,-0.02037735636094991,-0.07634954537655758,-0.02270281876621769,-0.03506960696097617,0.03261160752418854,0.028887370199818872,0.0344805347177923,0.023857591872959917,-0.015943732125307468,-0.03091885139856374,0.0625872721878914,-0.045769473147708066,-0.008077863936961275,0.01528719777447847,-0.026492294484588372,-0.09198339385824418,-0.017250460926946373,0.00440634170433251,-0.032880073368215024,0.024188306523468445,-0.10676189844999635,-0.02975649260016905,0.032924561388182706,-0.061549611699360386,-0.07018328590360473,-0.007021758148886117,0.016360506506571174,0.02871908834686882,-0.005288121115461469,0.003398098871303793,0.061536432345956744,-0.038771825218893795,-0.05194779650155054,0.008498132758389738,0.06021808422234283,-0.008039688476837087,0.06518527115349816,-0.008864089170897411,-0.005331382846581408,0.0660466533331087,-0.03602147495033103,-0.019438424699068674,-0.011711672367575983,0.022413235840148368,-0.06000963518762513,0.0036282929470276212,0.04714966078130733,-0.03087535150360914,0.009595022108294897,-0.005278240879834302,-0.043908732921779416,0.029321837131884358
BACE1,-0.018590929594608216,0.04513645066170044,0.022926310914688237,0.02276580772767683,-0.019682093671312392,-0.02447983006595282,-0.02679502481211282,0.03290038175891066,0.01830729449600157,-0.021190682892002582,0.02107544187690468,0.015218872939115275,0.04666497701779472,-0.008840782755037536,-0.04633892604353183,0.010237112107755417,0.0,0.0005322646671931183,0.016719530386376306,-0.010713404521323392,0.07332606755033973,0.027455281646024083,0.06567731298446858,0.019348075043296862,0.05478291930861794,0.026987068796182623,-0.034451970928497846,0.006392551224053463,0.0047484504905512025,-0.010608223142005909,0.020338810160571333,-0.00010466745328787442,-0.056625551954278285,-0.014563560599445462,0.00044411303262797974,0.021697719294939858,0.027566644696338405,-0.02845765657426359,0.09348240409054534,0.009495262049749202,0.05710238748715076,-0.06306238102349604,-0.04601664659663023,0.010430843506400752,-0.013702843468004449,0.006058157532857756,-0.0003838821920550829,-0.015992071742726086,0.016404120476563356,0.01046418947215048,0.02341854394533647,0.0049415558655551235,-0.048906598806960445,-0.07229320554424498,-0.024233173928306883,0.049006081512317744,-0.0023325594611315515,-0.011967135672768088,0.05468226633331375,-0.0763751094729026,0.04769654973573424,0.03672087404495341,-0.01586609893118493,0.06379351147052235,-0.02146947953063282,-0.01651195183610843,-0.0041172891281315805,-0.004085289556167739,-0.030271174634652055,-0.013330058478064817,0.03970159317180538,0.056221298102402714,0.0052252153761316745,-0.018149668887901878,-0.02153766093281175,-0.02672894336269284,-0.027218414939935966,0.0031003369094003024,-0.05761144060228894,0.0013639586911732761
BIN1,-0.0007921097470578623,0.031925598832266935,-0.021292976622746904,0.009663464786535337,-0.007714199214186351,-0.0040269797642828896,0.018441869615201986,0.0008256885953482409,0.012409704413777997,-0.004602818596663286,-0.03069518857468421,0.002131923163740711,-0.012338415795935382,-0.034529490474891476,-0.02111939130221531,-0.021842938492859773,0.0004817073996816682,0.0,-0.011519167779422029,0.005307565015965278,0.010198136768005376,0.004559216379285322,0.02078111807827127,0.024782946406151713,-0.0048965662736144,0.012664115271629363,0.0214174523278609,0.018922102957633788,0.029030815838092982,0.013344931836249184,-0.022490461776913526,-0.0013229212321458257,0.010364476366723024,0.020656610884755462,0.017276618818432263,-0.002564049453677061,0.011337340362581232,0.0014744088599645642,-0.04764643134391327,-0.04835785620884826,0.028200057956182866,0.028523536339086306,-0.0043515302736410405,-0.0005685526537306375,-0.007151117492532534,0.03166738442837761,0.041164710054380466,0.0135268684842697,0.018153316771392047,0.007595965761864212,-0.008488059956106629,0.00528485865013418,0.004422378712965703,0.019665559986505925,0.030982126823960288,0.021092861929866195,0.0015070619465148553,-0.029420483787208986,0.01861436176666182,-0.012261901467189704,0.02664216911147978,-0.005615961301538222,-0.01124837153955369,0.01893531228678728,-0.011848300858412163,0.0162649636231416,0.0038863812522233784,0.01099184696611519,0.012740224607372268,0.036803785852447785,0.007675689311830778,0.019510056248817697,0.029136693932994857,0.003804950223958769,0.0026292600647475615,0.004153632360752023,-0.02649935352893044,0.006870927282777154,0.00449153743543494,0.021302503849490166
CLU,-0.0022734698524385327,0.009139430522031394,-0.01749486797991166,-0.01798546780677203,-0.026848385800797885,-0.027540749101809578,0.00040586268322265423,-0.04926472731740779,-0.08747408278142321,0.00686693208313928,0.03570125739024326,0.004181650205432574,-0.033510721417723405,0.10798505434709624,0.06779338560626187,-0.022726386291300943,0.016556959334705322,-0.012604392864666945,0.0,0.005447807542763278,-0.008919510759309381,0.009810804396122584,0.04003183566149582,-0.006251301536069965,-0.03341648887814707,0.0022638970228239645,-0.017546287581857063,-0.01917729064048363,-0.048515792576192804,0.0030086675720607694,0.022005530578043202,0.004192230251238229,-0.015205800244213901,-0.025538366576675103,0.017967066797814405,-0.020168190319972388,0.007300144336423172,0.010215371034842723,0.003141339329686471,-0.03327717029175962,-0.005212204331234459,-0.015063071062542488,-0.0036961914709153247,-0.004987563758795447,-0.022794536625227898,0.025050404257033265,0.0368567707323789,-0.07265111883142347,0.011897444289994067,0.0028488429585371896,0.01296164024195198,-0.015455183501239507,0.006668597138883278,-0.06497052449770119,0.008362152724801107,0.036297383693609984,0.053902901541674396,-0.0027375802356478665,-0.06446430628903706,-0.09154080232749777,-0.021775483345012482,0.059737234049577044,-0.09396142462298154,-0.06572137987936601,-0.043610288376209644,-0.06728937674667794,0.004507273087159222,0.015520873389204633,-0.005641033946333621,0.022890400377126592,-0.018750213778381757,0.03230149975038108,-0.04027637633425491,-0.02491261728090532,-0.008970363578146939,-0.04286375667617044,-0.04179992229732131,-0.001518507357899834,0.033686996182596664,-0.006632600104384157
COPA,0.024063095903865173,0.009087763144617834,-0.0021994766184309173,0.0050767459079645505,-0.016434400277778653,-0.024899937341230957,-0.01763786648717743,0.022256620787516758,-0.009509921999589423,0.005649606825431266,-0.07336987710862473,-0.02792459947685632,0.018556831913834018,0.01716422277215412,0.0347581878393356,0.03879768973525747,-0.01132724265661533,0.006200637516489878,0.00581650291654362,0.0,0.10920937361653213,0.05864258458552582,0.027082077153099543,0.051727562104635354,0.048302809933219254,0.05977617771643066,-0.012711574554633284,0.09604733642232807,-0.024696075299963934,0.03011304477041362,-0.06160728708526317,-0.007622586680741404,0.048618606898007746,-0.010612158684021442,0.0651753984519131,-0.0098282194146817,-0.003960913280463039,0.10089205252267076,0.04104616512968812,0.004391063800663676,-0.025971759747463716,0.016477652287981624,-0.025469350218374636,-0.04767559185788032,-0.004432840483072721,-0.027492703166318154,0.009528294555262957,-0.005321497336830727,-0.00938760484199781,-0.04575248076289755,0.06846724363785721,0.028704092036358632,-0.010250780190451721,-0.0022235655062113682,-0.020906110638682855,0.0038326881045869857,0.011659466241852738,0.003399197707064183,0.043743345143659844,0.0530773943090867,-0.03582299942692577,0.11733163194525226,0.02032550205378366,-0.045829221058364095,0.05542165446450477,0.03835698945136832,-0.009637467064422804,0.005196266892288668,0.044483244969489216,0.07784084822041938,-0.06034078863341211,0.0328873187876682,0.04377331646193461,0.04271872427302762,0.084622050554493,-0.013188247985360132,-0.04681677305557887,-0.025098401379169494,-0.019430174321046656,-0.04965205886305027
COPB1,-0.005102243193660235,0.0704930449260106,0.04146123493201872,0.0062928478388656365,-0.048618675388168255,-0.06527910286208662,-0.022558512346384136,0.01772425417402374,0.02787760874829914,-0.08624696102965143,-0.055476302926906806,-0.045426151100441965,0.0668921617778947,-0.004096390015037047,-0.022862780447154164,0.0018735627232476769,0.0751526096575677,0.01154917131416461,-0.009231455869509074,0.10586414316853292,0.0,0.04941482302410953,0.04713518665685166,0.03140664076392373,0.08262527892858954,0.02867565062367486,0.03219957413504357,0.046689448802705924,-0.010146768549633315,-0.019808229140045115,-0.023521942043877,-0.0010411811499610349,0.06317713094174304,0.03633676431093159,0.0548553725075719,-0.04127215794546129,0.03938222384852868,0.045259876292094076,0.060660592133610136,-0.006775149477814181,0.0013908332058942968,-0.01790808448249823,-0.06053643204384555,0.023254076661715934,-0.055047222256587286,-0.00815377171171776,-0.0022033234903809434,0.013930735970897577,0.03925418605339711,-0.027045656510481467,0.06201148996513061,-0.009249242812998893,-0.021555570814604273,0.0028366979971922207,-0.04505517288178511,0.02166588767541503,-0.0063532054024006135,-0.0305333563815407,0.025032010566263543,0.035191991080582914,-0.005605061038696613,0.04739552187722078,0.009363491376966489,-0.030841350437237198,0.02530248756625756,-0.0004176653844882414,-0.01966411220610706,-0.03651198274165456,0.05284541881478165,0.0058669875835533165,-0.020960054979224214,0.008050494047230631,0.019930895213220917,-0.021131213709006932,0.026453512779085548,0.03352094384158111,-0.05811356611897197,-0.027112272579411192,-0.05676419836625954,-0.0516002728089646
COPB2,0.012792848877229394,0.030178039313846446,0.03443590582332614,-0.011155229140679386,-0.013610351425068001,-0.019243685253939633,-0.024298409614011668,0.013086554540851588,-0.009537087322841217,-0.00410723170454778,-0.005364828215488381,-0.022331304636165637,-0.000630269512857667,0.013574655943143325,-0.019268112080806313,-0.004311442992292038,0.025214641686536796,0.0046265943380901006,0.009098609112134103,0.05093816548336557,0.04427906795383687,0.0,0.010523058731749484,0.01597530745940171,0.026903425284913473,0.025953908611576683,0.0354874456263523,0.022023365431761487,-0.031069682730766286,0.026881973614705203,-0.033092155684060334,0.008377085225462728,0.018360799137259808,-0.006635316331901692,0.03548703447677764,-0.0042135397521300254,0.027066306333472356,0.005726063109923933,0.027962510245599075,0.013372249613893388,0.042784264727020356,-0.009954808880460216,0.012748802123886578,0.02330338305407142,-0.0007231564927251443,-0.004975736362834124,-0.022384520745670388,-0.024367503870525328,-0.011939997702629594,0.005217439901513255,0.025351256364982547,0.029656226937453678,-0.036290064264448314,-0.034060596539472306,0.01055220912355302,0.04430086104300607,-0.03206064573049814,-0.0003249703044862754,0.010079719972831096,0.021731258763518797,0.015396607424250707,0.023359126283207302,0.006503918526019055,-0.027444587526584612,-0.006444713483820647,-0.025033612278704934,-0.013603199346161445,0.016978776411154202,0.0032030607781330126,0.06493724820349896,0.00164632928122028,-0.0026806332027757545,0.047224787561093315,0.01749597452558965,0.02237518251498228,0.014522593939362852,-0.06493676972689412,0.0002671487871047234,-0.033836462378329185,-0.024666904922025463
COPE,-0.013581204268175799,0.016640991685503894,-0.05187686627784305,-0.02598617864675792,-0.054629592646475565,-0.05884688027513388,-0.022897302980696636,0.001623111309886624,-0.00752082954388845,0.0669502709830822,0.03543832462969933,0.008044525806237064,0.06316042389824308,-0.02602867169961711,-0.01684048290821512,-0.06837611399534113,0.06661642191993725,0.023290518441095417,0.0410029330236149,0.0259807208172579,0.046647189835614895,0.011622004048351427,0.0,0.03926725293792486,-0.052311662305750004,0.01817823934777981,-0.026959988713908617,0.05058238012444575,0.018774763493905364,0.0051378833858373,0.033022102961415174,0.01808579069765132,-0.05059342674595619,0.03378340403866063,0.05968214676875153,-0.08942847899912269,0.04438546473222001,0.030558897573118825,0.017724586223518357,0.0022203460588202783,0.019200793645308727,0.004822148977270739,0.043069672327125705,0.03694294783840478,0.01947688594452089,-0.029777078688782876,0.04700136259526683,-0.022100719126948044,0.09793209348487904,-0.016036761926471754,-0.05076901586698445,-0.0019408309577447287,0.002990194906414671,-0.034460056932551275,0.017437445416593,0.052479808639322924,0.031812835640031796,-0.04666028214437793,0.03488021097668043,-0.02724580970210805,0.039616140301890576,0.030784715241741152,-0.06086700884352097,0.017863854207183574,-0.0166833546160168,0.050693008868066804,-0.0335903962672872,-0.008026647973925131,0.05133336156060616,0.03276538670483407,0.0019656073276442965,0.04846246486518117,0.004121133223372877,0.014944861717368129,0.015130507378314841,-0.03368735501923138,0.02651670474980355,-0.007863540780658524,-0.025270945081727295,-0.03426997913480193
COPG1,-0.007525695406847227,0.015364467744411909,-0.014478019705285394,0.0290877828904945,0.014989875602298653,0.015666906437737223,-3.7596031339304575e-05,0.0058665674597910365,-0.020219234034138302,0.005638648070394583,-0.022196489531405038,0.006781241376708443,0.018016783882444213,0.0069503500107391545,-0.01489197639419056,-0.004288870254287637,0.018147759458688684,0.02568517380508028,-0.005921056316655597,0.04588920787692769,0.028742270126188497,0.016315770152844394,0.03631197286001395,0.0,0.004938343223466163,0.005799192902604114,0.0028416915476542175,0.02549519287051753,-0.019747198658424104,0.03938063796583026,-0.020272733045288528,-0.014939483074485374,0.003722097303358199,0.07892052714329251,0.006931661037989927,0.07731785584973055,0.005458315330640978,0.020513691096262453,-0.006218317296984632,-0.06133383441673533,0.014225948891875043,0.0360240204528167,-0.01325149076504905,-0.009553568867094155,0.022481191005848025,-0.027571648080756062,0.018015690758924886,0.0009644378659439364,0.025576665257858625,0.021289798228102817,-0.016288356044387182,-0.013084719071763043,0.005999401541700369,-0.0045882300657589655,0.02225708610279699,0.02420789784602677,0.01991037482249896,-0.013775172759776782,0.053926538434323344,0.03751306281029676,0.06915170926759769,0.05245940754309355,-0.021409676850619407,-0.0014753151701866287,0.0003923228180109102,0.03292008542970156,0.009170265590907924,0.022808519617923847,0.03370535397179814,0.01617513494185285,0.009710285404297766,0.008317114507181356,0.024180415443444958,0.00447727818820787,0.017191318073481798,-0.001372333429066189,-0.03142926940026282,-0.026167864144083567,-0.01471498354863172,-0.008645104834719869
COPG2,0.000555649594576565,0.01953691943919259,0.09518796616513345,0.033931244798245414,0.03438844993197367,0.01259409966095701,-0.00576870716816794,0.024621881822466673,0.046515406958116595,-0.09206140502876325,-0.01306024408466562,0.029435373037023732,-0.016231824370808643,-0.008868677532758476,0.0011301099559588687,0.0397192307378489,0.05496417738504997,-0.005428383453378548,-0.03385625131513582,0.045836374183575126,0.08088385244414868,0.029391059380544544,-0.05174485281879173,0.0052823914440832,0.0,0.06559289207362191,-0.006207575525355481,0.027991410891744103,-0.023957624241482022,-0.017218464974543157,-0.03906872692586204,-6.4404274770172e-05,0.05500007231541488,0.01392445711999737,-0.02548847518043628,-0.012907838147763055,-0.03293740836441116,0.02003170257674622,0.04849352911165406,0.019307577204776296,0.03734172506957749,-0.037451504897822605,-0.07288782683519623,0.004877789939662857,-0.0148836771237819,0.04773067554538026,-0.01815413415826942,-0.038411409379100425,-0.03617669001659797,0.019428307330461417,0.1080261296905773,0.010808493338323453,-0.01903431996113645,-0.0031130891047969605,-0.04763447014002326,-0.046311112572725535,-0.04023154683112568,0.03609852041507737,0.01824882024420193,0.037158479894232446,-0.011934135068051459,0.014840360427158935,0.05641139803864088,0.03167273919270937,-0.006747405599761068,-0.06540221977836311,0.03221110532330572,-0.02693937717492216,-0.009533904271244167,0.015113872547261788,0.04093033873754058,-0.013906235105773906,0.010658842316832812,-0.02316496525773894,0.0052362694187004805,0.022509637260662425,0.013238113143654718,-0.018203315729053645,-0.020369117840771278,0.014754910360771098
COPZ1,-0.0057573490462128315,0.00360209908331242,0.012281156123983679,-0.02785191930341496,-0.011582925629071789,-0.023358563141808394,-0.018320102197882025,0.0054410160760664785,0.01640945339838496,0.001137550741174606,0.004027312534325531,0.03702285062911329,-0.01845495998242639,-0.04699533407222382,0.01004596129338124,-0.013381209316973034,0.02551196379005084,0.01322840091419046,0.0021611670366602277,0.05344654234190916,0.02644939744791183,0.026715545535024428,0.016942366224526405,0.005844811075506733,0.06180311892768,0.0,-0.01295185672283435,0.027658511068372176,0.010108211596557634,0.019353469708809395,-0.02104135619179558,0.0024396196095025184,0.008325969063590665,-0.034607430413505724,-0.008536655958306468,-0.04020537704195066,-0.025006259639649493,0.028041820548788773,0.028396955978947078,0.023296919094561327,0.04467931822124342,-0.021823307849961775,-0.00861139628366172,-0.017000584136364308,-0.014985942997142012,0.016082318902337626,0.023338120375671775,-0.03873668062395665,0.03263506220232436,0.011026144329868695,0.03105592213965548,0.04853592162762103,0.008337558551906753,-0.0026585472090170474,0.007228212563130548,-0.027881021987117026,-0.05067547796025514,0.045158729166220594,0.0038477527109581377,-0.021509353044292166,-0.023875284836117765,0.009396292667181377,0.02770429063794139,0.03468920349468206,-0.021654132154436078,-0.03269412470335077,-0.002675713997585302,0.003210159164426234,0.009070364576262889,0.0511647021555071,0.02734269888940257,0.030364597978853946,0.03304255001488323,0.029598014424070302,0.017159914073939617,-0.006685755649737332,-0.028003422553549748,-0.007529810464686023,0.0043959649771801975,-0.025672779470571352
ECE1,0.00607962195728109,0.025152775272584145,0.04128843939619557,-0.038559267898078134,-0.011649902211177348,-0.012396530333310736,0.024706715417545353,-0.003804776601110156,-0.0006871825961557542,-0.03481022638037494,-0.005787601903087388,-0.030864624340952142,0.004719010857712801,-0.006437300834737553,-0.0263492685012952,-0.07722154251230705,-0.0341596543454782,0.023464511887887684,-0.017568234969476085,-0.011920707826869398,0.031150416074099307,0.03831309511372157,-0.026354402572123316,0.003003938796174951,-0.006134608422754993,-0.01358448733588607,0.0,-0.0056026447793221966,0.02376418854901639,0.03347926050161647,-0.015316039012335598,0.021862683579906773,0.07428310753411267,0.04026558480185307,0.03004291285453758,-0.0030310506858836897,0.026660011999789002,-0.011394024518559967,-0.04078115538892013,0.0020089233894313918,-0.02148092589028922,0.011607190399336022,0.013243752930681208,0.061844839020138896,-0.007754903725825559,0.023253803652657258,-0.031769090434632996,0.04584046378018322,0.06351252259527766,0.006732199247880568,0.021096181565666342,0.05609603883802718,-0.01899138894173171,0.029196022406156215,0.017138706413211333,0.02974182674978467,-0.016389063394505108,-0.002802602630455597,-0.018901787580031765,0.0314735295122098,0.044312727858367366,-0.05077344437702946,-0.014192945923314921,-0.028393491754873167,-0.00424273036750127,-0.03403938782541688,0.004793214379607392,-0.017423151877787542,0.03838326973347466,0.010214196547914835,-0.023702289654808126,-0.04883863153824812,0.08422368787841744,-0.016904902186779064,-0.01846167079816036,0.07162151024596644,-0.1155916308767602,0.010693207652988977,0.015121166633981538,-0.0032529214110706126
EIF2S1,0.018188204420245494,-0.00043169348190339927,0.03514443536330906,0.02322822729720133,0.01246884587702872,0.007987789636145553,0.01457641039584673,0.04335884399187429,0.02017875829149946,0.025556442697180007,0.010565759765994151,0.010253974208735825,0.03321187188004929,-0.007749816126369889,0.0026834151110214127,0.02732561988267525,0.006046846856845575,0.01977736707485393,-0.018318313869705383,0.08592971627039542,0.043091124592584844,0.022683577013789844,0.047172412558824796,0.02571152307209496,0.02639033974940883,0.02767549367211037,-0.005345009059320007,0.0,0.026411210133122115,-0.022288609491431004,-0.019923717725612036,0.01087228626086072,0.03860267039315323,0.04055062354960624,0.07341527120591275,-0.05708766385844774,0.005134707935706632,0.04233660965260873,0.004415244019487753,0.006143547997878614,-0.01086951268553043,0.02261590957937084,0.011756512306540992,-0.006312426784162661,0.03109337184810416,0.0322712863491511,0.009510753254551654,0.008628132955086661,0.018431247818021357,-0.03637065312284633,0.0466432936743162,0.022010898118243194,-0.034070237419720185,-0.0007985143045858847,0.011893150572129729,0.026094983914871566,0.016985611743946572,-0.024541205683312063,0.056847595970309674,0.013310740636786455,0.00716564451364436,0.01618830157025573,0.0036053112325861096,0.01303629708038187,0.03058289212208121,0.02702150161626762,0.007772582780934008,-0.0006769087675330139,0.03522199466647138,0.0556345286687411,-0.021058488205744054,0.02185981614629541,0.03244046424298886,0.015812159745075383,0.04717583253123889,-0.012978215369779106,0.03032436545946383,0.0032297955722695123,-0.005781575936973446,0.027714737153731354
GGA1,-0.004842638777221331,0.0017524552838286734,-0.03044473559123826,-0.0118314105263318,-0.005205061165986064,-0.0035231200559581372,0.046008678796768315,0.03732592015752313,0.07494617642931847,0.03690135611181388,0.024703278472917464,0.011882257833024585,-0.0011976703919217957,-0.0733613419213075,-0.027816404198268335,-0.019347592797693776,0.004729764053230098,0.031951490541991395,-0.04879936664832641,-0.0232658434754666,-0.009861197223952192,-0.03369748454090579,0.018437248580358105,-0.02097045271520452,-0.023784649181434577,0.010650591134662475,0.02387322856833985,0.027811288460136804,0.0,-0.013581224648924427,0.023545365351562007,0.002879910917528799,0.021838794097906688,-0.009949851064561109,0.045683594736126744,0.004415805562814799,-0.023191055028562637,-0.03327872472938364,-0.003721164655000422,0.025534122401741546,-0.07020698459907358,0.011367333640049614,-0.007412480517814921,0.002136219044859271,0.007472317771955662,0.03642380217846565,0.033963186026116546,0.08640115144894941,0.09209605727765977,-0.03163611848003916,-0.03780013925300858,0.037318881658196926,-0.019363229190088736,0.042923152046403554,0.00568945904316549,0.012324320747626362,0.0184399227368956,-0.009720598743354533,0.04548352206529645,-0.08070183326287228,-0.026426718887755433,-0.07313488553886638,0.003466792191215392,0.07087627167656206,0.03224931758360073,0.017953322076917185,-0.0038418894655991276,-0.044639769051450236,0.008559634366989454,-0.03436007291914372,-0.023780781152080276,0.0485087763057146,0.0668872519949755,0.04929893887952909,-0.009805833743789731,0.018900704719303833,0.01672258697079188,0.022267715134011105,0.027739669607455615,0.053423719388960476
GGA2,-0.007864952048929954,0.009150735455632693,-0.0765322664200198,-0.05781052878684075,-0.008919716393738874,-0.011945185279061857,-0.019453331485484393,-0.018098661314255107,-0.03538216199571398,0.04564054926818917,-0.0362101276060386,-0.043467581487036965,-0.09288917944063549,0.0024067550210626495,-0.0076705162312271855,-0.07261590560160906,-0.01058464783673975,0.01471277002407936,0.0030314573651007834,0.028417883908213905,-0.019283850083114396,0.029205726868886187,0.005054196046678727,0.04189201622123249,-0.01712354333325329,0.02042699252987693,0.033690714998382144,-0.023510506683852996,-0.013604579962692024,0.0,-0.05279460433499959,0.010831260589818661,-0.05033511423282513,-0.001894959747392893,-0.043514055802546255,0.009940702863863431,-0.030027158087969782,-0.010863477139417406,-0.014938006979925445,-0.009115103367017116,0.001790665921921523,0.009854270544497626,-0.006176753049446727,0.05246584860219956,0.02232927804820721,-0.07834080277637691,0.01101085874399874,-0.020040981209597408,-0.014559730031813725,0.06445889239070712,-0.0678397943239392,0.008701725988486187,0.012961717871533216,0.002797660867158605,-0.02184787810977682,-0.002881468930428367,0.010884101798287095,0.035250112109793605,0.02884095933574538,0.0387202485876896,0.03222199029891324,0.06393606551653874,0.0033990107451649736,0.032070183893232046,-0.013363120661372968,-0.011437759780761073,-0.023514447308405444,-6.896936584783873e-05,-0.026877846663869054,0.020376020837781138,0.009545581510471,-0.009192168150754593,0.06358263331911301,0.04760169813650657,-0.015125389968774368,0.030989288005423242,-0.0786013491842377,-0.02719014974425911,-0.024707468082390462,-0.050648651096014644
GGA3,-0.013903957424435811,-0.03577534569141089,-0.000636684169947601,-0.004628663105563757,-0.005928015525909548,-0.0014430261140041289,0.006332648314699856,-0.007363579196786949,0.000145878562462238,0.012816060650510374,0.05134976698444987,0.04039804951285592,0.06373042067716864,-0.006710365562037227,0.00919733227275068,-0.020082352383179247,0.01887421109296406,-0.02306141535485838,0.020621421650226207,-0.054072773918282455,-0.021297605069016703,-0.03343808722619447,0.030212180216755983,-0.020057200493617776,-0.036135824139843016,-0.020655172193661284,-0.014334756949677462,-0.019546044915005327,0.021936186862033684,-0.04910198372950428,0.0,0.0007876585433659727,-0.023828310149572186,-0.009623002748103425,-0.010935698590488888,0.017911625362303306,0.007101599915503301,-0.003430080789199936,0.024811660670080508,0.03163823848816709,-0.033002080095651996,-0.02663408441634145,0.013307020079671831,-0.0143896035732297,0.003912751008093634,0.002534130936416963,-0.009813374754603574,0.018122935864267643,0.06775994147805793,-0.02321561230191245,-0.004221399032543599,0.013958381399111703,0.013349817971784157,-0.013853551119633335,-0.00035148052460775827,-0.010496692330126909,0.015522606883673363,0.006009164027022753,-0.021280301502037607,-0.04893081117180287,0.00940141795679531,-0.030029329481497873,-0.03439114542675429,0.008444591045216988,-0.005412216811866181,0.014058218006169923,0.009722077178080778,-0.01627126979686622,0.015416464192766115,-0.06342114357741241,-0.0058877807318841475,0.009907971593093945,-0.0317058062291326,-0.027018246827337136,-0.024315585441445558,-0.024801385396934862,0.029833257789615177,0.0112548294288832,0.030601037173860594,0.004331753952443668
GORASP1,0.003271028613273432,-0.007725020941585446,0.011627637135823413,-0.021636883183626245,-0.004305677700857183,-0.006455808380528419,0.0022378238114700404,0.0021224264976697103,-0.0028644534611928616,0.010239500291980057,0.016328296909874005,-0.0026801325183654946,-0.0015084737378568045,-0.002036088615418527,0.0035000046824915135,-0.02958698743291207,-9.263817060291504e-05,-0.0012937686389510319,0.003746855401839576,-0.006380930050319371,-0.0008991226501488302,0.008073174669666531,0.015781558428280645,-0.01409706273233592,-5.6814402801750994e-05,0.0022840849631633577,0.019515621507486237,0.010172892107241932,0.0025589971664706458,0.009607791080531785,0.0007512301947421273,0.0,-0.007078188126520001,-0.0005468224570729702,0.002876075140375796,-0.07139236982411613,0.00271885405813644,0.004364485977696775,-0.008634378738412234,0.024917165214502594,-0.0027947288408500296,-0.011235506133643419,0.013990168900779015,0.032489695109416156,0.011287258342878092,0.0095806179245526,-0.008824328831282258,-0.00715535165285131,0.005261724434868298,0.0005490104038913436,0.016007166393988678,0.017671028732834288,-0.008672906229589435,-0.002162644276632098,-0.011063924772179299,-0.0020623548752818064,0.00563739002908175,0.0017041364422434294,-0.002841760764276186,0.0037216871084812795,0.009663460657078585,-0.006582668402198421,-0.004008680002713809,0.01862621686289059,-0.00609241477470381,-0.0098336213103697,0.0002821193564096548,-0.012895979200161374,-0.0014556946246481355,0.008382339834908903,-0.001631342865072662,-0.01207698069167708,0.008055347767391625,-0.01221438934771151,-0.009159540191490517,0.00400378101419576,0.002672371131013686,0.0073538340720846335,0.0009008634041601009,0.0016798092362085707
HSPA5,0.01761875290482868,0.02900364696980703,0.09165872864160401,0.017493929532413213,0.02003317774626949,0.0020961632462614226,0.03190461452438789,0.01151759044105484,0.028000955106383126,-0.06220498251408581,0.019215300417682473,-0.016987455251435562,-0.007779477365273629,0.03980034509727916,0.015186829761406935,0.03155468540847641,-0.057479444221080825,0.011624968842664918,-0.01558665367064618,0.04667732095166421,0.06257117924268006,0.02029386624697095,-0.05063237295836599,0.004028121699172473,0.055645341415395115,0.008940189638696925,0.07604852236463619,0.04142501816605346,0.022255697181413285,-0.051207951611199336,-0.026064541571884536,-0.008117903797733587,0.0,0.08704238272126014,0.09254904213919819,0.013879874128380338,-0.005981044996777996,0.011689618142621996,-0.011842218920078576,-0.01728551289285918,-0.05294976065668646,0.05028968151266514,-0.0068039494848902305,0.01902229988478147,-0.014310421769599362,0.051422334453060166,-0.009253309734256365,0.018096629051790124,0.046919287876012516,-0.025788379790634378,0.040253146794180385,-0.006182734616248888,-0.021144456553579438,0.041913195755388766,0.021653243068059057,0.017938153417204908,-0.016114308502313154,-0.009008584316870962,-0.02080887143381553,0.050689808950842845,-0.055631402285086,-0.06126957041277872,0.010614559434552988,-0.09924977069739861,0.028937260368701832,-0.06371101324079208,0.009268282898811651,-0.024847410980234963,0.07197831999527811,0.02833550833445059,-0.03211023125201967,-0.03924728686928828,0.044708334126381255,0.018505606035597172,0.0423814599687917,0.07111404192661688,-0.007329947595417113,-0.018127784417170414,0.022458285840753836,0.023071355186112127
HSPA9,-0.01741952356973684,0.014922524194971292,0.07372187887071949,0.031575331861576086,0.05021381417614398,0.04213490434281761,0.03121026576495278,0.030937624524442986,-0.04476517692336861,-0.008128414274675418,0.06270676944341091,-0.023927134134939607,0.040221943984244904,0.071597654408288,0.0001410923185833497,0.029974601744787676,-0.015853364534637402,0.024846044997575686,-0.028073107456661,-0.010925992884711763,0.03859352606013974,-0.007864816843297194,0.036256957718352266,0.09159222412449915,0.015107673475906368,-0.03985061786998435,0.04420674050763052,0.04666557940890483,-0.010873838954833417,-0.0020673790033616506,-0.011288109750051562,-0.0006725458665430515,0.0933435981560848,0.0,0.0506372224200586,-0.03457969655545492,-0.006206854958292958,-0.0071257589078798115,-0.03514648174797932,-0.10582047088633423,-0.05125561954867162,0.08877549522734414,0.00016345617619180626,0.052952916941557904,0.04008999355703673,-0.01939953457258533,-0.003514895726172686,0.024664269155565324,0.06453011097685929,0.02926658359694089,-0.029071355591288487,-0.08204913159629938,-0.02003566624021394,0.04687883334321198,0.030154817378392526,0.03265625725025204,0.054376660188880384,-0.027324472326582663,0.07693468987843562,0.08006535589705165,0.07990469282910775,-0.02129345032444642,-0.023589239827461753,-0.013831691386598977,0.024993078995418156,-0.010405908807648865,0.009355785032064128,0.008506198922547047,0.08717239840706671,-0.04025768141314842,0.007970823914093726,-0.058162872084171445,-0.007115363653975841,-0.03621843500480369,0.012190020458299844,0.05165556588292674,0.010064083570403077,-0.05656864753034918,-0.02067942479930591,0.015188845968355274
IDE,0.029849224138297627,0.04776267065180414,0.034203519453002235,0.015179830253632029,-0.01775503681031648,-0.026951121861289472,0.0105275601627339,0.038915251795847074,0.022431155555118293,0.035644763073562465,0.04512976908304187,-0.04483627634088998,0.013565856980632085,0.046295888113757205,-0.017367169485353547,0.03324699764190083,0.00044924207288225474,0.019310342467014876,0.01835302177420239,0.06235537549296974,0.05414026807080282,0.03908676388293575,0.0595203416087661,0.007475478054667022,-0.02569781502264064,-0.009134536383134589,0.030649934251464832,0.0785088397415101,0.04639376440943438,-0.044114636222995114,-0.011920381946467226,0.0032870689956378918,0.09222713570636432,0.04705468835653382,0.0,-0.015885070776578976,0.04286728018597648,-0.006914265261923856,0.020198747151041373,0.0025391467831680963,-0.034013095763163595,0.04815823705011009,0.045087845848934716,0.034783200638186226,0.017475473802021416,0.02504442116920589,0.009342233845824643,0.01402223083401892,0.040806458684670234,-0.05486467980222235,-0.02088603797154853,-0.009620659863411289,-0.07031887274042227,-0.024580349661593736,0.04069987712011338,0.1150735240511007,0.018308616647970392,-0.06778048346211275,0.028334456372528093,-0.010009055973136683,-0.043329210467387066,-0.027344208836558904,-0.02893318121520203,-0.0876164001267542,0.03820210281460541,-0.011778384095409593,-0.031867124611663175,-0.00582464413971559,0.04847587524811595,0.07819215152005078,-0.049590183552184225,0.024774809900267588,0.05935287757181796,0.06708670926403398,0.06462153234680944,0.023299244640935243,0.016975102692960882,0.005897428872530063,-0.02312791804351944,0.027838651383499363
ITPR1,0.014194329378193019,0.011143897590280411,-0.08082257276545889,0.19588805366834597,0.10216601602751801,0.11619250547246637,0.025528413763187482,-0.023024808440202982,0.09198944663047046,-0.05286250460180135,-0.08979958417134085,0.10233613069913702,-0.013021556959796874,0.003968634849773964,-0.10043345490162646,0.03593450280759332,0.034285270950518115,-0.004476764170141861,-0.03218132515051481,-0.014688303659435915,-0.06363045152991106,-0.0072495941999539786,-0.13931677676404808,0.13025309463583726,-0.020328833069290453,-0.0672031244712693,-0.004830446795065271,-0.09536324434400449,0.007005124846557414,0.015742613222030015,0.030498974110865208,-0.12745796641432197,0.021606226042728563,-0.05019503932153331,-0.02481394122014561,0.0,0.005979792081980469,-0.06047228260858232,0.0688253368501633,-0.048509337420773305,-0.0014906094265681351,0.03107760441728694,-0.07570468822898643,-0.13294779962953618,0.0649186694263621,-0.02898540726587943,-0.017918465104500743,0.060871093502766295,0.0060805209922136574,0.018488055925906223,-0.0782228796063836,0.022619567073269693,0.02060763884118703,-0.09984795912869546,0.057637116618451764,0.08063984629505959,-0.005287936184505595,-0.020076612542010364,0.026726908920803583,0.03024735778646659,0.09279031453208647,0.051238459623755186,-0.0596078897835702,-0.14009387538309584,0.0005505272901446723,0.06803628511493383,0.08397407836654831,0.021296824693581667,-0.024410445257998337,-0.029314625778421383,0.01060741429330901,0.05178954691907388,0.12149987029659534,0.10884882987267029,0.010575277195818387,0.003343307626896675,-0.01639415214483502,0.00361099312397701,0.04563893880103788,0.09259650537694944
ITPR2,0.0077175365213657384,0.03367681461573087,0.006893634991437125,0.010982440290224871,-0.03260390923610888,-0.025870493378148465,-0.01504868030193093,-0.0004237010191285775,-0.00015621250158207332,-0.011684068205943641,-0.01812605708073204,-0.017546105700591712,0.05678116594646414,-0.010051032128925153,-0.03891455995287263,-0.014062250484809724,0.02550687262426744,0.011591210950635521,0.00682100306150332,-0.0034663462204434876,0.035553951011344044,0.027269388530219926,0.040490034826559225,0.0053845160419926765,-0.03037583100601804,-0.024475629316161675,0.024879076174584625,0.005022665980513525,-0.021543003353437364,-0.027845419720371006,0.00708086380460588,0.0028423718156426305,-0.005451929892393835,-0.005275832791863822,0.03921139828870741,0.003501594801999945,0.0,0.0018292969721423543,-0.003941796444656204,-0.00860566293466765,0.04823525795026766,-0.001319275022370546,0.029705921782605997,0.010195815852903432,-0.013076185244186038,0.005528175402453363,-0.01019396487075271,0.006450426010775833,0.0035130901192642855,-0.01904351537156982,0.0031724013420692423,0.005836623487029583,-0.016552382039592604,-0.025476694919511305,0.02844924344639282,0.056662073640100445,-0.016559935769594556,-0.05132080560213777,-0.008763442172662148,0.007582281553932335,0.03618114164998156,-0.004475265664275531,-0.021765939062713943,-0.03762223741608061,-0.009552984380192997,0.03201195799938695,-0.013805800400444377,0.019689939794353226,0.016103341078967506,0.03506395315067545,-0.004422637043103208,0.0015144570256362955,0.0029374012652913124,-0.017454757204678047,0.00855266716470214,-0.005387855620163549,-0.029916179481994216,0.019042666101246584,-0.02601041827906395,-0.01047843815191867
LRP1,0.00663275109501035,-0.02743556224941093,-0.007302282114556207,0.004089050252177853,-0.007111742189955511,-0.009581291383765954,3.3382137333307276e-05,-0.01984219779116974,-0.00443135467365422,-0.015714279885493062,-0.04522739663420582,0.03237707510429422,0.041732829838009966,-0.02115953861356062,0.03730760268342955,-0.027871110395669717,-0.026911537953540985,0.0015406416544923368,0.009755218962958518,0.09024011504019643,0.041760633182712406,0.005896151258065302,0.02849122619731455,0.02068225765181701,0.018880899737575438,0.02805158568264442,-0.010867186940033788,0.04232536452834257,-0.03159500999247111,-0.010296140774438783,-0.0034954288595375094,0.004663308782965263,0.010890293800143008,-0.00619037030955166,-0.006463957853645934,-0.03619113856289199,0.0018696068671047983,0.0,-0.01921428477807901,0.007903690072430193,-0.003723730568797224,0.0011489256021204092,-0.003959611418738618,-0.03254576426765457,0.0004965462899771786,0.008848399549317529,0.013858930283751588,-0.016372708965847367,0.019728457957013234,-0.027462521951431732,0.0664840351503865,0.02774718093817178,0.044214693863290126,0.013271276370710454,-0.012260021041848887,-0.048320407582177795,0.009831057700939724,0.001457517364519077,-0.01765396635585064,0.04946204458065051,0.005865844009141584,0.05357912579468258,-0.008540180822245317,-0.01693081560601439,0.003288956654941736,0.045867438670373885,0.021803013865973712,-0.008996155784244893,0.04646994991310856,0.027755352077784085,-0.021567663695899637,-0.0015747808086830294,-0.015231017612972398,-0.027301791191937437,0.0268429876710037,-0.026592152171572885,0.01701445237039622,-0.006580005837905177,0.029612006682356886,-0.02335677388857349
MAP2K3,-0.008196226747657704,-0.0020340360649260683,0.046439710597009236,-0.011777458668726697,-0.011255258501508934,-0.024044696532078927,-0.05168885435669628,0.044277642860434466,0.012010524687637462,0.013578661192061364,0.05851613359692656,-0.009057880607342679,0.049448230793372946,0.024942136005098262,-0.012660666977729712,0.05977530539408031,0.09366430540317197,-0.05274957226104731,0.003178356357517163,0.038897360455660474,0.059301437102738074,0.030506578575370865,0.017508721059875967,-0.006642504721686761,0.04842765882923961,0.030097322283002582,-0.04121016701010079,0.004676750508499078,-0.003743135678142986,-0.015000410205465192,0.026789019103265487,-0.009774555704730578,-0.011688996205324488,-0.03234984640687962,0.020006990792200533,0.04364144181326424,-0.00426840021337338,-0.020357717508417077,0.0,0.0804950054424301,-0.016273264547163647,-0.06260297433449034,-0.016286632476828395,-0.005478037080595208,-0.0036223047438494176,-0.06268693483029145,-0.05587767144377491,-0.006669754158795129,0.01957235217048178,-0.016874912724832384,0.003054861751691131,0.011700928067246987,-0.05443721901924068,-0.06067434521883013,-0.04017549408898795,0.02172777307290566,-0.03035075606554926,0.04499406483068405,0.03806360056944381,-0.031058134788444304,-0.03634814930113133,0.021652497980265386,0.03139552726698341,0.0013614720288099714,0.029824590556253527,-0.03231905334553699,-0.0318426256365637,-0.012413542840033976,-0.013542956477845742,-0.03869571525176762,0.0009092777996063775,0.02732728828560826,0.010349325705158714,0.04026062053171437,0.016511750687581896,-0.0029042119656710204,-0.013155486749621624,-0.018402327532239554,-0.05720206447655032,-0.05073750759664781
MAPK14,0.015963457949744225,-0.05552623810158853,0.022356090077464957,-0.04658400555674645,-0.006163407477990657,-0.02200241540413132,-0.032585091863665545,0.01702932501554065,0.07339633141219767,0.0367697999483214,0.05112021783319008,0.02336611636580617,0.017609059024316313,-0.05372982065932851,-0.01256597905910446,-0.04449074110174559,0.009682982474496482,-0.05448959130892202,-0.03426826154582067,0.004235212809583644,-0.006741171885860782,0.014848403743362588,0.0022323224820026137,-0.06668329575676488,0.019624355834627922,0.025131158472189673,0.002066170567237309,0.006623182065447144,0.026141804638954366,-0.009316011635216623,0.034767320497580474,0.028709293812658382,-0.017365382325468883,-0.09913294357751923,0.002559782664766554,-0.03130646517963141,-0.009484473292631242,0.008523004330955809,0.08192696767709026,0.0,-0.027444368110183845,-0.06853388496117228,0.04370062154238128,0.04760727508047934,0.04099669960554121,-0.02832141390113253,-0.0674143497318763,-0.010251562344865184,0.021102218568654484,-0.031212430373493243,0.016894161270264423,0.07563880472394258,-0.015916760313545296,-0.028827910320042185,-0.05579233335623386,-0.03625248483532182,-0.047866549746173104,0.045761202826136244,-0.02068480305395109,0.038667585431256625,-0.049978111953711706,-0.0401072979967819,0.04558232069445742,0.013343080555630136,0.014339009136561498,-0.00590907309348321,-0.014620745235477592,-0.06577246873455501,-0.013198491936876104,-0.0027780301946877793,-0.006177686062136781,-0.02011507043986756,0.04181114815522507,0.04931526426498491,0.0030921624928162083,0.01499008978800355,0.08007668089439121,0.01762527188105124,-0.004561601664930088,-0.023718219906313676
MAPKAPK2,0.001557976084623549,0.04926781103745032,0.013424863743953163,0.02087397700814796,-0.018136846253193555,-0.015030762092565495,-0.04775193584099741,-0.010092070028965734,0.008505464865942539,-0.028426452615800613,-0.0401506677947677,0.03172864073756383,-0.0018628377246665741,-0.06584408663090235,-0.057878131737909934,-0.007954133277563155,0.05898737376169033,0.03218837965564601,-0.005437130035016537,-0.025375199782556257,0.0014018262031170374,0.04812402781979408,0.01955501027668377,0.015667539100907152,0.038447190561836764,0.04882285342643324,-0.02237991308308278,-0.011870256809829942,-0.07281109334295653,0.0018538969764767441,-0.03673692848878325,-0.003261866316673871,-0.053885098815303574,-0.04863986970012174,-0.03473473991749131,-0.0009744849987553811,0.05385128796864978,-0.0040676507806202454,-0.01677780855808139,-0.027800706903594128,0.0,-0.020882167583788407,0.026473580325130863,-0.009690354186699465,-0.021635371141661145,0.029689553771924386,0.013547262125780404,-0.0760739018752661,-0.06686064949869276,0.04293444897945097,0.01798833047088304,0.01803809589703884,0.003414798479965334,-0.04492113890298787,0.05704368367006161,0.024599313528699443,-0.09765735838673675,-0.018805812525805918,-0.013230592816753107,0.013978690117804964,0.056129364942777094,0.004257990556864845,0.023875813940318315,0.016954964424537342,-0.07512079414403823,0.0023823710074657874,-0.004326124507027102,0.06756568875372294,-0.030161623183225537,0.11217875975858987,0.08637476623967433,0.01217559417048606,-0.004303158882552761,-0.011588929475261165,0.004194023937380155,-0.028460727210996056,-0.03021858598192797,0.020552768816557137,-0.04386348352693749,-0.013745334210153877
MFN2,0.007166248548879137,0.014008031020470534,-0.021953068683624836,0.018565017022742686,0.014128871830604765,0.015465862599033525,0.020136074725062778,-0.0015837820451069394,-0.006573100369131823,0.020212291587766256,-0.011092302369747647,-0.022506323878718565,-0.025975576046215282,0.01558347739866452,-0.00046213230562861803,0.013556137516501539,-0.05866605836710424,0.029320018097659547,-0.014150557927018095,0.014498236477220879,-0.01625473931480677,-0.010083761715938933,0.004422738311654286,0.035729215059724616,-0.03472571992508617,-0.02147578023819088,0.010890410715091697,0.022242103221268364,0.010616652214808387,0.009187709615976975,-0.026699987152055304,-0.01180948269426307,0.04608879133943664,0.07586749953948287,0.044289443284427764,0.018296607872328986,-0.0013264124241714205,0.0011302358255758705,-0.05812557592957026,-0.06252010605701287,-0.018805605803468222,0.0,0.020756092745514636,0.003707093294374244,0.017341728808560292,-0.006318830021969829,0.030416624970629663,0.01375893971236933,0.0031230123784894825,0.0025772881283704263,-0.05215739313599627,-0.042310440767888625,0.009560756493246721,0.03609533629594945,0.03919910867982548,0.024265653003890802,0.02116819817913595,-0.0341751259592981,0.01745856279346258,0.042666038309341674,-0.0012528975357952894,-0.011292239533499268,-0.008541131072294397,-0.04050846391006615,0.016377097738009695,0.02232859373297201,-0.006719297293807635,0.01537479127304347,0.03424064670342723,0.027935582741801523,-0.01273682597536572,-0.011081083674819523,0.011089646751637162,0.029756614996016343,0.02889218181779262,0.020080215078188565,0.02166623149652925,-0.015543289751388965,0.005115787112311364,0.016129186007041857
MIA3,0.013727074115471145,-0.024212032879879584,0.00021141184174831948,-0.033215791934499146,-0.010910101103508485,-0.00835685587681453,-0.020934339634684152,0.001946590627591708,-0.007297299624373516,0.07506805805507098,0.05318719669480358,7.370407108237551e-05,0.019572892368187947,-0.017032772154851352,-0.014501038160574948,-0.024106099784839647,-0.043926925449391196,-0.0045898888587791046,-0.0035629833554060584,-0.022995190125638724,-0.05638284542812736,0.013251295015127887,0.04053418842593663,-0.013486377978990528,-0.06934837372869725,-0.008695633796363076,0.012750508787742188,0.01186423089187857,-0.007103818274308485,-0.00590938535893653,0.013688422047832183,0.015089000919989238,-0.0063984798830252244,0.00014333864559607182,0.04254890835217881,-0.04573462430707498,0.030646830662644425,-0.003996952843719695,-0.0155168260740046,0.04090734213790746,0.02446378920269258,0.021298297889782974,0.0,0.026347379836578238,0.03733782923342152,-0.025021009560378973,-0.02093198802631294,-0.0151333641701142,0.021048219944366967,-0.011404057759557705,-0.05247507703287305,0.02206252747265855,-0.005969068458515644,-0.010623937409775012,0.05375197177854085,0.03184994937795067,-0.037062750160654745,-0.008321859707606983,-0.016170804742861967,0.033443281760536236,0.00213271983303048,-0.05167162789363087,0.0003433829526058986,-0.034352600639641837,-0.006713377948718712,0.021294971596406916,-0.029128252116044886,0.02492272093766754,0.023936398338538476,0.05350885179444375,0.0011806983142028022,-0.020782544451855883,0.015318546412549174,0.039770180145945536,0.024821823207724508,-0.0002134313976915346,0.029829009569180304,0.013860931745334445,-0.0025727336607057204,-0.019551719867495543
NCSTN,0.00387858111955447,0.030596990878595062,0.004976838512653686,-0.04260695094968647,-0.013056454610366842,-0.03505110793482634,-0.01327836265365323,-0.008399736467726841,0.027191394592858572,0.005239062539916065,0.03743340290173947,-0.049880020941791045,-0.05794379949561195,0.01534987843050347,-0.03292128403749789,-0.08710127104849885,0.010361984948293579,-0.0006240775189912251,-0.005003287748768964,-0.044794317075737805,0.022539120002465034,0.02520667742225836,0.036181714986016945,-0.010118215266898196,0.004829609976475128,-0.017864842741275127,0.06196230930502198,-0.006629261157894702,0.0021305010269636474,0.05223558494461045,-0.015403843285084876,0.03646622861694116,0.018616002964935752,0.048323628520500234,0.03415907993766138,-0.08358169643634172,0.010946422476879977,-0.034188387530325,-0.005431305739380855,0.04637614665051321,-0.00931876552180359,0.003958589764612714,0.027418590139560925,0.0,0.03367001536743099,-0.02843245499169126,-0.016464844443700728,-0.03359554081885765,0.012277825752775789,0.034789345758333694,-0.053857447504104254,-0.02356959605714953,-0.02077146620844893,-0.007662497903010607,-0.037777487929769704,0.029373523314985262,0.006485409138433236,-0.020457723043912864,-0.006252763383792216,0.07480685585751076,0.002685507954173226,-0.0327930849867265,-0.007341763309890673,-0.018124439929061247,-0.017788444731824275,-0.051477400289225234,-0.029873610509242924,-0.061862579503916174,0.004148062914266079,0.019557310506506276,0.0157050551432784,-0.054935700992639724,0.04637818821094963,0.02737774215106836,-0.0182607492543542,0.07264685491663242,0.042833773971484274,-0.016845345709160468,-0.04026187374092638,-0.011343452395930763
OSBP,0.015162080520356279,-0.03983579341719248,0.0016748800225031392,0.021286863888136498,0.04680157004061281,0.04348868171966238,0.010290872313562738,0.019142849865757417,0.01845625608402093,0.058539999146056364,0.04214519465862784,0.027990338754284624,-0.010684650625651175,0.004488316508967126,-0.009396371007973572,-0.01544461800659681,-0.012870506207571318,-0.007421696069771897,-0.021620174389981373,-0.003937951240024919,-0.05044692155294727,-0.0007395887965465438,0.018035929413197593,0.022512254830627194,-0.013933512478171706,-0.014889524695274587,-0.007346186451981323,0.03087436252948136,0.007046163272194017,0.021019667735820077,0.003960261633937449,0.01197829719400275,-0.013241502098308712,0.034591312395431784,0.01622657967041743,0.03858877944102054,-0.013273721197266733,0.0004931798104394707,-0.0033956715200516795,0.03775996964650416,-0.019671817523493073,0.017508977167167247,0.036738223902593355,0.03183499008808057,0.0,-0.010136938136230943,-0.018643266366088217,-0.00998851636603007,-0.003026366614229911,0.004912954584246106,-0.017533497688119126,0.01247708593996406,-0.015423857423217115,-0.022991708052780543,0.0007417840273588146,0.01173096948056731,0.025404674038387795,-0.004162924789160853,0.04021489394686159,0.05121007364011146,0.03931131069685274,0.0008851708169039131,-0.008369710511668297,0.014446487628954455,0.007545377067561674,0.02265547680754592,0.017834602807374887,-0.01273889862129297,-0.0005056812788792067,0.019657125189393426,0.005555071379972766,-0.015571223448853137,0.03287942084236124,0.03044515730436176,0.01045684032751527,-0.002705910034086071,0.08323833942453594,0.0016499514035077673,0.004724506977563042,0.03908796309558291
PICALM,0.01815815925317143,0.012926890370763448,0.06511252833640031,0.056508290327141684,0.029120256454720717,0.033272700721610905,0.06626191578911435,0.0025099132087383503,0.02895979868293573,-0.060403184126185755,0.004716761823818533,0.06847687988359677,-0.008646309701197043,-0.005998304274410723,0.016997313103523957,0.004251768408825445,0.006132540913497625,0.035420640189120535,0.025606965927866713,-0.02632210604029118,-0.008053279434140949,-0.0054844155766570184,-0.029717758887219888,-0.029756193045133,0.04815738675981185,0.017221080149239103,0.023740753441251344,0.03453515550980711,0.03701669227120653,-0.07947932002425823,0.0027643032063269955,0.010957591352001984,0.05128041944440983,-0.01804003284452948,0.02506247669012983,-0.018568883835497454,0.006047952917065882,0.009471641097277014,-0.06333338240241004,-0.028113352114458767,0.029093687395026775,-0.006875749076181684,-0.026533154181861692,-0.028972817112676692,-0.010925007816615711,0.0,0.03548058320761899,-0.005010987573735199,-0.0023242185585475423,-0.02317575433453473,0.12006538633146824,0.04432612974443954,-0.017714383958061738,-0.008294443966071204,0.030960373395094724,0.010352262426394856,0.014696783316413425,-0.03334895829776662,-0.029164139318345095,-0.08211567737542541,0.01228497520609067,-0.039471233456590885,-0.037823052991492065,0.01923250114062532,-0.034140859469131486,-0.041008802871855134,0.06885616565947306,-0.0009965857241456635,-0.00826794863425688,0.04955881233888462,0.004675025260311342,0.02607533701746403,0.004901472183581219,-0.06082919328515667,-0.013622711683598169,-0.027704775338722974,0.013156679006457724,0.050814216754516146,0.06774571042478077,0.11714728162789302
PLCG2,-0.00830133927115067,0.02847063733900896,-0.07160006816515634,0.007919592239415166,-0.01950609905075063,-0.019793828978581382,0.02040074717702265,-0.028473493498956056,0.004609291817045675,0.0036658998752767532,-0.0317815574863792,0.015358546745935966,-0.047485917895463976,-0.018149529418881018,0.014680656317064694,-0.0295550009034533,-0.00036199671482295713,0.0428919749864523,0.03509679323253323,0.008498164564359997,-0.0020272124112739698,-0.02298410335751732,0.0436969561546405,0.018112246940234004,-0.017062695588884243,0.023280074462977182,-0.030214266026231527,0.00948127677892375,0.0321534460277302,0.010406245987695604,-0.009971988798346054,-0.009401778899315746,-0.008596143380602063,-0.0030448452852074536,0.008709044156303187,-0.010693354606961502,-0.010389065661922811,0.013819648263939596,-0.05258970307189922,-0.06233856803908793,0.012366687971354352,0.030831960470395513,-0.020677655746202533,-0.015629344638552332,-0.018717323050003978,0.03305198302726439,0.0,-0.018409722043712613,0.023248915826342528,0.00734734880960196,-0.03172262861032134,-0.025793563464084818,0.038205557007074654,0.015035521328236483,0.01828951396262888,0.0012986086745004064,0.03251126434519312,-0.030432727406579256,-0.007515034008345332,-0.048778574232039684,-0.017945360484956634,0.020723141334355367,-0.03811051024441053,0.008533052825165524,-0.02473557456805401,0.008686733252770461,0.0021850425175497187,-0.002558794151815119,0.008137282705549205,0.03079297787026904,0.005672145860789547,0.04850583706173959,-0.006985523462233863,0.01414837936590826,0.0013779116633433465,-0.02069442901883598,0.019072921020706048,-0.003664036038266488,0.02631972322755232,0.020866938450414162
PLG,-0.00586041499616591,-0.006318770397712363,-0.004477150910198509,0.0054299543834810775,-0.0005792183189239777,0.016837394034369842,0.03536949748073338,0.040367110676025345,0.025769167050202973,0.00280399649821851,-0.02318361710812366,-0.022768940777027097,0.0703365222963428,-0.046198965933124246,-0.03171376197988513,0.02249216419446755,-0.015600516434111195,0.014580614696500327,-0.07156819193761604,-0.004909885838564904,0.013259362243824215,-0.025883225252249863,-0.02125566639807694,0.0010030515381581442,-0.03734736166669924,-0.039973159381234386,0.04510075927595894,0.008898080319577478,0.08461867372576333,-0.01959383561158098,0.019051077078817324,-0.007886547352732294,0.01739129084929702,0.022102867401573505,0.013522732386282432,0.037579573764040156,0.0068006330113845916,-0.016889445998917053,-0.006493813747171616,-0.009806682439234961,-0.07183980482784459,0.014427884860815648,-0.01546514117345238,-0.03299076264981884,-0.01037409688744102,-0.004829005273507624,-0.01904472974341054,0.0,0.04959444685137125,-0.03843710260246131,-0.006424806988225264,0.023042166248885325,-0.018788360112136845,0.05770196110156525,0.0040045815951624784,0.0060792298874550125,0.01747382729431589,-0.012786348851350906,0.05154534245376075,-0.026152735035039062,0.024933173161467367,-0.04100791523901349,0.01800596195638265,0.045669347060133134,0.059799836185111074,0.06517301554257697,0.0006919533395777085,-0.006348865336204911,0.017448011713042878,-0.07787390001045397,-0.04468196103872437,0.008341922885506142,0.02874467586742167,-0.011026424363983144,-0.009908026166645779,0.01740246553395761,-0.05233913889385645,0.016833278300328818,0.006125773171369421,0.017334444476571002
PREB,-0.033956975447689414,-0.016943356358213753,-0.007604162363362408,-0.06029329911614403,-0.039428152233447235,-0.04672007758800069,0.02085625494137849,-0.004813160199949945,0.015555030804319034,0.02708270851605606,0.07699486291361106,0.05542891961794623,0.0959660984733728,-0.06168327962870943,-0.001064738362067724,-0.11024692720303796,0.017770989907258842,0.021729962464482985,0.013015349740713384,-0.009618708636467639,0.041491484663382074,-0.014084324269931284,0.10459665177932567,0.029540465761889248,-0.03906186165839246,0.03739856523335154,0.06939347514648797,0.021108562343301003,0.10016411218969713,-0.015808047261592763,0.07910217534830513,0.006440334979581224,0.05007373308591188,0.06421954190399257,0.04370193556145404,0.0041687510687612615,0.004113151024131056,0.022600207519638912,0.021162035926900552,0.022417366702832862,-0.07011718416600914,0.003636769949794454,0.023886812640298117,0.013389261024126938,-0.0034905613504966804,-0.002487343371349021,0.02670882065694214,0.05507537651891902,0.0,-0.02581768518851549,-0.03334870458699386,0.06910980494460202,0.029544439341785675,0.029207505271052096,0.035932660132953716,0.002431551000035403,0.003121234230641076,0.02114688381344134,-0.00019811299373586458,-0.05881682896665195,0.02910933307028657,-0.06525059478098542,-0.0607386965665059,0.012210600101861844,-0.007142082148246759,0.005510738668786707,-0.004328301092514249,-0.04333032172374833,0.11431702422378479,-0.053777305223739684,-0.019220764235980282,0.026062565944372423,0.060011330744965334,0.009520037919798326,-0.012358994829166636,0.022256179570698028,-0.05285075748692294,-0.011831635381095603,0.05686715020216866,-0.032889249099155665
PSEN1,-0.013402512886304997,0.012574731949284323,-0.011776174434837978,-0.012617450480501976,0.011668291300532617,0.007355802202766132,-0.011281974825753958,-0.01698932828721255,-0.019650635369049572,-0.006236562128073618,-0.00022870791404927543,-0.002701983851905183,-0.05743765571294657,0.006707426437994984,-0.008539651699251569,-0.026027624544840595,0.00960211388594398,0.007701735090297231,0.0026398135898363247,-0.0397081089001727,-0.024214366673302935,0.00521304909943628,-0.014508149228421939,0.020827999200437597,0.01776894576177528,0.010702783914521456,0.006230441512271367,-0.035282358205585174,-0.029144518803485855,0.059280291416544735,-0.022956101437503398,0.0005691982020554241,-0.02331230430760187,0.024670582722247595,-0.049769949746350156,0.010736407939504896,-0.01888578642454997,-0.026647857130261552,-0.015454627759948865,-0.028085790600282465,0.03813839015731387,0.002542188123366026,-0.010962379334168744,0.032135420869539,0.0047997550662155965,-0.021008509651868765,0.0071496577494478495,-0.036155773330079605,-0.02186854500437062,0.0,-0.032760562776253256,-0.019619814777456675,0.012965669846798039,-0.0018176790509766574,-0.0012406534842187556,-0.01104547278271944,-0.011824385514686769,0.021968594125670104,0.0015251353183636303,0.01981727906114204,0.02872089039177252,0.008958223214898841,0.004676491560524892,0.022026625815805584,-0.03452678856186658,-0.036001615027727946,-0.0007038794791289501,0.009561232424105837,-0.022512669661445044,0.0024739399900816916,0.043702255200731704,-0.019237781700246467,0.004426109065482834,0.0005218885296793211,-0.02478966536803412,0.018398757470000793,-0.02153067969132602,-0.01871225774791113,-0.014039332859639734,-0.012154049931211486
RAB1A,0.018797809077533204,-0.023515207450791838,0.12523519124371063,0.04769849730080603,0.03371681016182437,0.03628861085070796,0.03407783461321218,0.017665753132033873,-0.0060473385382990566,-0.0975619694878459,-0.025820081491974144,0.06358922641333555,0.06669666267003872,0.013874992395070663,0.04558880293912425,0.03333426697899543,0.02487363543278548,-0.009961669618313355,0.013902177573404846,0.06878053016916638,0.06426372129470967,0.02931918979198415,-0.053163332258375655,-0.01844469076127259,0.11435986424291379,0.03489278472764016,0.022598719656961894,0.05237376951365172,-0.040307439722013685,-0.072215451588491,-0.004831617176076794,0.0192094761697629,0.04211910174694555,-0.02836552199693971,-0.0219305000350474,-0.05257989027131253,0.003641616395815758,0.0746719275564401,0.003238371675328841,0.017595994605453195,0.01849547285207038,-0.05954958053075371,-0.05838706169459732,-0.05758397157653648,-0.019827273812309372,0.12597875326951735,-0.03573072916777727,-0.006995281807034501,-0.0326963801487929,-0.03792009976291465,0.0,0.07904530390394565,-0.022880256406755783,-0.01888822801338893,-0.0276796513596582,-0.043634548062090814,0.002397112418901231,0.017480607090838388,-0.016790602979677473,-0.020772696677100345,0.03666587697404157,0.038425259998171264,0.00037591218782038284,0.02811791305942974,-0.004695461739680511,-0.025454436158142784,0.08178891728144004,0.0011550691183242444,-0.0005627433814642059,0.017760808833483438,-0.014441655803844496,-0.004778953777804402,-0.019130165668137546,-0.11710568308719126,-0.0030461021090685565,-0.04097424532353008,-0.04105919654270016,0.03410919418705137,0.044160745572911664,0.0530450562968547
RAB1B,0.009021677153395944,-0.03486168739118485,0.02666700428825091,-0.029679479967177038,-0.0031611616037784777,0.0024416892780392977,0.008700719590937399,0.01429846764330182,0.02265427458217685,0.016016864492548008,0.007255476018509889,0.05850918423162454,0.04244061398015862,-0.07234236650962304,-0.009708341376570694,-0.057478312052908646,0.004841175894646899,0.005720906484971083,-0.01528990585391141,0.02659709875172706,-0.008841127669732362,0.03163560550268489,-0.001874601402853562,-0.013666783175578255,0.010554016062787615,0.05029933688635593,0.05542681869114565,0.022796604422363052,0.03670525210097455,0.00854395179683449,0.014735977446795912,0.01956008207707342,-0.005967159495947407,-0.07384264811360959,-0.009317622442734626,0.01402419499234873,0.006179815742865924,0.028745286072682025,0.011440979776239401,0.07266572634946185,0.017106968272740733,-0.04455722716381637,0.022642614677015734,-0.023244262150113403,0.013014137392302042,0.04289899064401307,-0.026797349153887318,0.02314068509899864,0.062498292151174674,-0.020946950083151318,0.07290945479368595,0.0,-0.009302423223158883,-0.01322030440490517,0.019052628234055864,-0.012347453802860647,-0.04383150610563741,0.03980370175618717,-0.0038403294627881693,-0.03277650398489605,0.038833929705299045,-0.01920677750435196,0.004094068294766859,0.04643741402262991,-0.012534989650627956,0.007990306987981368,0.02643004716244987,0.0005581388045964644,0.008290829568095433,0.03218901006299193,-0.007106379154041716,0.0163388044460832,0.07407925115341572,-0.0021039376238479067,-0.005505778506213126,-0.013249274857178703,-0.07182200980252769,0.03946183338954478,0.04104962237994376,0.005376458696695742
RTN3,-0.015050988406733662,-0.024693144831015486,-0.06719744515681123,-0.013600307562928758,-0.012611570365153289,-0.013076764812915738,-0.0011059133906122266,-0.05868821710942538,0.0017975021749233708,-0.01889080334955593,-0.04749684942911233,0.0340135424965494,-0.010213515384597253,-0.04443712553973161,0.02563292446670302,-0.06317773754914105,-0.046185568850048354,0.004614653396068561,0.006359409782264962,-0.009155858163285385,-0.019861529631959304,-0.0373163944866293,0.00278402036337129,0.006040341813053738,-0.01791602419983398,0.008328936656897355,-0.01808823404619246,-0.03401412027048447,-0.018358156166236806,0.012267826735524184,0.013585352600140637,-0.009253907925763825,-0.01967139919453057,-0.017381559754861185,-0.06564835248468617,0.012316110336827248,-0.01689374882734886,0.044153595499685484,-0.05130864227642414,-0.014739790861212163,0.003121757194556717,0.009705424765443999,-0.005905131260349768,-0.019746151379031525,-0.015507682696076696,-0.016525895330706093,0.03826121072354756,-0.01818835682444831,0.025754665810245495,0.013343585317143447,-0.020343250532770602,-0.008967012552093626,0.0,0.03914175301913941,-0.00689505412751046,-0.07664371719723434,-0.0019089975424136322,0.012855053759894165,-0.05527812174669891,0.03831600465579217,-0.007449236673365764,0.011125034003279211,-0.009698828383761208,-0.009915323020747125,-0.026824468905764332,0.034013395763840076,0.01082937371611011,-0.015808777425126208,0.02511954081343887,-0.018888892272702892,0.010681559635445969,-0.012847519376551386,-0.03735474466200447,-0.015690355840454317,-0.013795365242874771,-0.007968018997784591,0.033895931751604144,-0.014598511082004932,0.04311950096614116,-0.030747444294190237
RTN4,-0.01088995188842158,-0.008374961727325008,-0.016102512376927856,-0.021474855304858986,-0.001472520264377311,0.0008076359528942973,0.02236383747644679,-0.0027420993533353345,0.018334323978857828,-0.01847486221179419,-0.03770280879842672,-0.01791018464984713,-0.0002670217666441692,-0.05217723666634495,0.005757845331682738,-0.006355050479234838,-0.06864028593732117,0.02063156818693985,-0.06229331851620009,-0.0019968012017369946,0.0026279011955261233,-0.03521331843043145,-0.03225757135397284,-0.004644527484356348,-0.0029460396819128718,-0.0026701631917434615,0.02795798674660721,-0.0008015111149769801,0.0409152912039415,0.0026622136340800915,-0.01417422910322032,-0.0023200021064169155,0.03920417017311763,0.04088881440638673,-0.02307186775577801,-0.059996690486684545,-0.0261427568502507,0.013324622425283424,-0.05749663865390895,-0.02684062183718285,-0.04128835367411372,0.036839705394390694,-0.010566989236730915,-0.007323664538210237,-0.023241700813170323,-0.007779809940749538,0.015138868955170465,0.05616140053881771,0.02559866963372354,-0.0018807780423013853,-0.016884703671504284,-0.012812559769104465,0.039353470514014825,0.0,-0.002737048876212449,-0.06022975607428062,-0.007098739348169385,0.009741790383952476,0.0005910135107265122,0.039338687370279256,-0.020775522337064017,-0.04364920283638085,0.04117053595740967,0.02598205312737451,0.027003478730723066,0.029197632062194268,-0.004714089075075246,-0.01522465069080867,0.032284590238170395,-0.041794156904414216,-0.0123312864270444,-0.02850040507389691,-0.0056770333468919645,-0.00821863644999,-0.003675524382779402,0.03588596020299411,-0.001802720995468394,-0.013005751079801465,0.01885724352352406,-0.012727600625929885
SAR1A,0.003589161965632555,0.011471476349160424,0.011243101512188068,0.009398127343975243,0.00048306744946292597,0.012311242457733188,0.007245642265919213,0.005050164225566657,-0.023361317794260622,0.031042853793589602,0.02373665349950406,0.021563186832265664,0.020712080165772404,-0.012148399672079806,-0.015576732630021618,0.014795514422597456,-0.02299069438029269,0.03247860267769125,0.008011307042952174,-0.018759373600410828,-0.0417062150271794,0.01090079771710261,0.01631017888506637,0.02251255795135663,-0.04504313052684186,0.007254116580904979,0.016399115810938062,0.011928448316919587,0.005419075506694143,-0.02077386411329847,-0.00035933522267694054,-0.011859672334771967,0.02023786190443369,0.0262811650026075,0.03817226958847105,0.03460593086641179,0.029170186506613637,-0.012299674568307592,-0.03804159969829708,-0.05190558892349792,0.05238953667810399,0.039976193188616026,0.05342202531848847,-0.036078737929626306,0.0007492630826412591,0.029016704484030088,0.018400824793913657,0.003894616415861176,0.03146824252500358,-0.0012827175317595336,-0.024724244464898387,0.01845055904493837,-0.006926927349776543,-0.0027349081152064397,0.0,0.051217222483899504,-0.033564139616868445,-0.017718125987895763,0.0002612245093103251,-0.03197413817978242,0.03006065800217931,-0.04131129410037106,-0.01852071146106467,-0.024170045973100927,-0.01934452027640101,0.009426116870286336,-0.0018738613069160387,0.06443237541896903,0.02704405052227182,0.05695181827946117,0.011894863670212535,0.01716718052353716,0.01748481152985142,0.014510203206564,0.021484029359066473,-0.014927155317017526,-0.045462124540157516,0.016688252212852944,0.016467660599487073,0.014857473580999557
SAR1B,0.016983567404247217,0.06435734292470652,0.014469357478416536,0.022620000491484427,-0.016934976679773204,-0.012352494495123321,-0.001743862047698554,0.03160597017757799,-0.0172140257366699,0.0354126107756285,0.03319846530106651,-0.04738841129008247,0.0054762935623014165,0.058094639798814726,-0.04604369425777269,0.027101073099236647,0.04851480389588774,0.02307300350734576,0.036286335969207724,0.0035886498054780976,0.0209273924194264,0.04775397984387154,0.05122130264376175,0.025550307374630085,-0.04569566013893357,-0.02919744287652676,0.029695630194920098,0.02731030703272382,0.01224897456094151,-0.002858936284954481,-0.011197820580290802,-0.0023067970481546298,0.01749451569469408,0.02969865846643758,0.11261929668946075,0.05052199527726984,0.06062384278302117,-0.05058427238106041,0.021468182314624218,-0.035193291830762516,0.023574500293794726,0.025822586409192744,0.03303065671464099,0.02927229798522399,0.012364406517443754,0.010124175917665195,0.0013633141381223554,0.00616933882808068,0.0022220253801604204,-0.011916462595039532,-0.040670115791248115,-0.012477125962249954,-0.08034558660412812,-0.06279915566271636,0.053443948418688735,0.0,0.016501926557085923,-0.06626963389065975,0.04010823334978314,-0.049087462310426815,0.02690524003425552,0.00017363521607025964,-0.04797672578831365,-0.05286006678950757,0.004227596116735022,-0.01459781567046412,-0.02747104088122503,0.03523342590031698,-0.0020683418891219983,0.06403680038999468,-0.016111619243335117,0.03467086340233191,0.051640011209505995,0.039170352938866296,0.025531736414852797,0.003832528577385651,-0.05375157752527971,0.01599095061422554,-0.04507554173392964,0.027048698334928165
SEC13,-1.1132800644661282e-05,-0.011587588650166512,-0.04016876322480925,0.02708642146784299,0.017426053888128443,0.023095310023888614,0.04715421407650076,-0.007772796597583898,-0.03895735146772341,0.017771020697110906,0.003125017993207355,-0.011993508862694178,-0.014947482677470083,0.07960652309555019,0.04408063933678044,-0.004915443710298302,-0.0022745868362744302,0.00162384742874473,0.05307933023245928,0.010753547715996063,-0.0060447316152919236,-0.03404200767872597,0.030584842879783705,0.020699696733992187,-0.03910226977018989,-0.052273247034383345,-0.016118496810000525,0.01751040688125815,0.018052665407038742,0.010637231875559422,0.01631139825880584,0.0062111149672585365,-0.015480370825189584,0.048711157422556585,0.017649744572681002,-0.003263341348263264,-0.017452399315120853,0.010137495146346326,-0.02953895096970301,-0.045771983355894705,-0.09218706243124458,0.022188970099512022,-0.03786095808923872,0.006366249421837332,0.026375365894564184,0.01415768342714073,0.033619944642903056,0.01746721198627582,0.0028095546817318152,-0.012565712551613803,0.0022007911163300447,-0.04362837517300677,-0.00197122560251029,-0.007290703323808778,-0.03449876338104112,0.016254744433750114,0.0,-0.036279769547449395,0.024134581179557624,-0.03959178312890304,0.019042997419256195,0.061489260511842427,-0.07425439298082044,0.0059144655152293555,0.020383027883128953,0.014687099065993548,0.026360351514563802,-0.026279658861142887,-0.0035874446028599247,-0.0471282734491212,-0.04590822990155645,0.019138103408882005,-0.027135683233495887,-0.03355416376924479,-0.016201379958674437,-0.02535100934064523,0.03299044400818398,-0.00564842256265968,0.027835396201538926,0.050024526411040736
SEC16A,-0.014776017951957541,-0.04581664602920283,0.023483035809701156,-0.04795617860939356,0.013744140418122995,0.009193856418791889,-0.01611788606537771,0.00034722716512233695,-0.024362601319456955,0.011352777635978846,0.034523255084140066,0.023188282942835942,-0.013701509997625424,-0.0028626708043230343,0.033976486611421504,0.0030589252601487026,-0.01130138145135411,-0.030699793133521225,-0.002610668136648867,0.0030361347562353137,-0.02813391651749248,-0.00033416279793506377,-0.04344329464249133,-0.013869254649835223,0.03397787072676832,0.045112288308250016,-0.0026693372618437953,-0.024500923899922887,-0.00921609140135455,0.033363227351371226,0.006115220376799535,0.0018183076669808593,-0.008381036940481727,-0.02370495985754218,-0.06327892267091355,-0.0119988122306404,-0.052379515792256706,0.001455511606307226,0.04240844072551627,0.04237761971456998,-0.017192088068524312,-0.03469244410205458,-0.008232767844318095,-0.019448006300863907,-0.004185573300242339,-0.031111696940647776,-0.030477232756215746,-0.012378089607286624,0.018434400907413623,0.02260905062925756,0.015542413352667777,0.038368748159278314,0.01285512725726328,0.009689435983537454,-0.017636699511154073,-0.06321666606528759,-0.03513468310894033,0.0,-0.009894868723022896,-0.010722113472553765,-0.020041449081135487,-0.0026285635389889667,0.03712238990377657,0.0364313225439093,-0.0026625087556999007,-0.044587815373303,0.002262666205021252,0.002674264123121876,-0.010569065439752744,-0.03858180688852646,0.013589368468167577,-0.013189776270142436,0.002044163654598976,0.005129402798972551,-0.013765478730948967,0.004260434015703831,-0.04237509171922682,-0.015837991089397166,0.01689411210499134,-0.0415769575972479
SEC23A,-0.003247685525488867,0.007988444784569773,0.010743976300241908,0.030474710749946867,0.02889686707000173,0.033535645734756515,0.005656056925899662,0.07427128613698432,0.01454205272135482,0.046927086896155754,0.009394657271138595,-0.014588347085565908,0.03187491304249018,-0.01626586843024388,-0.04186803536194841,0.05742646536513779,0.05353462219970783,0.020136347922549924,-0.06373104543674901,0.04050452345510657,0.02391103077406228,0.01074508376877686,0.03366676702285251,0.056286666499237255,0.017806906101024547,0.003984806301548071,-0.018663441041376207,0.058836331584109614,0.04470486231623276,0.028298549267917316,-0.02245033096835203,-0.0031433839925297034,-0.02006950455271754,0.06919210850098206,0.02742307909972541,0.016559357050738938,-0.009272346593534382,-0.018276420733711506,0.03719237049667156,-0.019858088214508917,-0.012538995485395159,0.018373004434418586,-0.016584562881972617,-0.006162212966157655,0.04191700383319678,-0.02820574066662381,-0.007802118162963963,0.051730112124708384,-0.00017903689076011054,0.0016271790977513197,-0.01547658557943935,-0.0038376871495052318,-0.05730634082217917,0.000609402236283781,0.00026956305487603135,0.03966408746983994,0.0242302672967458,-0.010257864405506516,0.0,-0.002967228936026971,0.05827188041721475,0.026261819363985035,0.027416886570465003,0.08625903180771433,0.04669199305810309,0.04664450276918284,-0.005149734165771371,0.016019146259383,-0.006473600618095493,-0.01184658678040815,0.003809896403258925,0.030742429506412407,0.04192075834796199,0.025607513341029443,0.0177007298416674,-0.004437085313652381,-0.0076755220655618656,-0.009314271090404953,-0.052098845425706176,0.022164061076568233
SEC23B,0.02312263628703851,-0.014644827084976575,0.011174538458816647,0.01569460599357127,0.032009843501679354,0.01033179633281958,-0.03894176370624464,-0.01746101726605083,0.054339043378647305,-0.03231496099280596,-0.0678676999754786,-0.032937577561023695,-0.009049988727039795,-0.03297709952206618,-0.03581611018870353,-0.04128441783824945,-0.08531594950530766,-0.01513493376823539,-0.10326106268120096,0.05607783987967548,0.038356286179619635,0.026432386021465203,-0.03000628127044565,0.04467614131012242,0.041371547027966256,-0.025416606020901657,0.035458832795082273,0.015719033914234362,-0.09050534353903193,0.04334936628162679,-0.05890030355498998,0.004697209472723902,0.05578262216737153,0.08216164814450672,-0.01105311264597658,0.021383181718618416,0.009153875158684393,0.058426660446758275,-0.03462657280389257,0.042356810070646345,0.01511611078167577,0.05123233570239361,0.039135548985924536,0.08411941758057431,0.060904425565117735,-0.09061593385879321,-0.05778309787361854,-0.029947546689214573,-0.06064867526848091,0.024124657141610377,-0.021847003933303882,-0.03737264701983145,0.04532311639684497,0.046282482489395094,-0.03764743926272706,-0.055389145011964284,-0.045353796465294235,-0.012682867717997228,-0.0033856433123605114,0.0,0.019835059010539183,0.008026288428321754,0.0723323558458997,-0.08163516297302284,0.02195398762245129,0.05812151753020089,-0.009466016847547231,-0.03933664902154262,0.05408764154014486,0.044556375198655615,0.01597051852614696,-0.12507980903008625,0.021376628237339657,0.029823801620820697,0.044704483082833875,0.08056098273500421,0.11224272025938847,-0.047292254257049596,-0.04691536646848901,-0.05549907608717951
SEC24A,-0.011477312046237828,-0.006554958483858316,0.016934274493619478,0.03539237895568104,0.02840170799893825,0.04634867249677832,0.016514172999435858,0.013687113442542406,-0.03121958847626607,-0.001687496495401208,-0.011373471483324023,0.04237571392534598,0.07833264854675784,-0.027216962553994223,-0.046850466623867784,-0.05066649355492223,0.04880329527691491,0.03012146452485493,-0.02249953173167094,-0.03466789147494984,-0.0055957313765979825,0.017153799188694134,0.03996395103823765,0.07543620833473587,-0.012170784444670192,-0.025841788685235182,0.04572895460873007,0.007751088383980661,-0.027146751403360612,0.03304309955748608,0.010366025626699242,0.011171630241541594,-0.056076652217050924,0.07510703031778043,-0.043828444131134715,0.060085728389714946,0.040010238909263585,0.006346778017196062,-0.03711933969363453,-0.05014640889666745,0.055596508365712456,-0.0013780379958709384,0.0022860206570004707,0.0027660823065961174,0.042824743984571874,0.012417568811191704,-0.019471872026770542,0.02615203509102093,0.027493863256104128,0.03202571427369849,0.03532196732180559,0.04055891891604266,-0.008071144443665426,-0.022388888462472497,0.03242043791556508,0.02780831996037111,0.01998148188495886,-0.0217145074940853,0.06090219977334531,0.018168425695924858,0.0,0.029657258808588435,-0.04254854579643292,0.07176392112726364,-0.02993477310619106,0.05876708651298474,0.045491447291378835,0.038040406727540735,0.011268605062043061,-0.007834066289480355,0.032317804152291164,-0.011049638004407369,0.022483700002148048,-0.07789971909033572,-0.03568974953481259,-0.02276542468384446,-0.06814788178474658,0.014908135546122922,-0.0036537190791177177,0.02608287835105652
SEC24B,0.0015986864337340482,0.005636856404748207,-0.05235108518232204,0.020606930129756798,-0.006183483736320313,-0.0034911106711381246,-0.018124653775539963,-0.01750889210649155,-0.061443978298036626,-0.00022784728300138073,-0.07098500262526208,-0.015638650799651734,-0.014313019020284054,0.06137102762040299,0.037324515890823376,0.008135317172862729,0.03687843240841208,-0.006232006087256172,0.06058261915682217,0.11144943029848582,0.04644201780315499,0.025544013737118447,0.03048096113559338,0.056169113911685546,0.014854886231756828,0.009982235327493972,-0.051427649224968695,0.017187233434602985,-0.0737388680045571,0.06435341272113429,-0.03249838744880279,-0.00746935511912343,-0.06061835764882196,-0.019644980518637847,-0.027148003713293,0.032565819233637314,-0.0048574121966774245,0.05690044749199372,0.021703171631670962,-0.03949850482780575,0.0041396091869382685,-0.01219054097243277,-0.05436204004819403,-0.033152645480372424,0.000946458547845624,-0.039159780462542884,0.022070306683993877,-0.04221753650569123,-0.060490231567492475,0.009804378390860706,0.036332633800785344,-0.019689142179761743,0.011831013593466359,-0.046169392179521165,-0.043730702407337146,0.00017614606751946023,0.06332699998618761,-0.002795352638942731,0.026939902263132205,0.007215988323553919,0.029109065709295234,0.0,-0.03443624771006409,-0.0054311616923444685,0.0027066900710909342,0.028060737994788823,0.01059650987126816,0.016485342364141013,-0.021493018198055415,0.01915875552543735,-0.019645182727356453,0.03368434636872284,-0.02258901666527919,-0.018534538618474792,0.014299844304002456,-0.04964626720748949,-0.03944258830097293,-0.02284630529638025,-0.020036085231566886,-0.03144044504032659
SEC24C,0.0028384959707283804,-0.0064965704646978055,0.03010714523860948,-0.011752172331363431,0.010223886296014246,0.005156087282898331,-0.02871495127176335,0.035061271798458006,0.045506602208927036,-0.007780418239994227,-0.021674728204167035,-0.0214287541004901,-0.0054688537560870784,-0.058724557796262636,-0.026445037664213713,0.05492865589013272,-0.015182757632881225,-0.01189363138117641,-0.09079743646127918,0.01839607122505256,0.008742439686696801,0.0067768628398996895,-0.05742440916577604,-0.02184265179754352,0.05380378186376652,0.028043961506566874,-0.013697889358890904,0.003647275001501222,0.003330586742271958,0.0032598624260485585,-0.035463686300485506,-0.0043341464115612596,0.010006503753013254,-0.020736744105430978,-0.027370944488411476,-0.036098632418452875,-0.022510472219120614,-0.008641879051315948,0.029984998973443394,0.042773495493679016,0.02211739086792727,-0.008785760135515575,0.00034422577928677625,-0.007072245910889457,-0.008527191311033674,-0.035755033603311434,-0.038673956244756176,0.01766292332520579,-0.053652170888662275,0.004876850004572477,0.00033867842581646626,0.0039989726302789835,-0.009827904780643998,0.04149401123502439,-0.018680839030367123,-0.04637530779102422,-0.07286732985808618,0.03761621640000104,0.026798494722687183,0.06196332706508292,-0.03979266629908517,-0.0328123157597411,0.0,0.037346971166133655,0.0317925080449183,0.008971896479471428,-0.023408261254724946,0.0025347549861921693,-0.01906986501985307,-0.0026946988619026037,0.020750242627791397,-0.025795431230850308,0.00832784718950543,0.032658999082124544,0.018402620954205372,0.029507656303999104,0.01618042232341772,-0.008441410287984605,-0.04221010600406292,-0.030543456666440042
SEC24D,-0.027928319615701244,-0.03318264606000097,-0.010198537926533325,-0.014026802791639583,0.02031758569659604,0.03301676598437378,0.019351562913665854,0.05103224264094298,0.02389278407542339,0.033238567506481874,0.007585785489754617,0.04651858698618709,0.022717196755391373,-0.1013973525578223,-0.024548935345795418,-0.008070379535767681,0.06717995533925865,0.02203332267226057,-0.06988973095051176,-0.045646657076806076,-0.031689173857869575,-0.031469729707324506,0.018546947488049793,-0.00165639060915642,0.0332440759725835,0.038642868486690685,-0.030156616371417592,0.014513183903564307,0.0749335839448661,0.033847834286284385,0.009582935381002267,0.022162030324034927,-0.10296570624631111,-0.013380878097237101,-0.09121404245565314,-0.09336602130611876,-0.04281880252117358,-0.0188539216786156,0.0014309606182288752,0.013778981580489904,0.017284439119200575,-0.04585560542282932,-0.037897187718378966,-0.01921340203402194,0.016197222228478067,0.02000778801718783,0.009529299429196647,0.0493007764481543,0.011869749148720996,0.025278419616332065,0.027878340027455234,0.049916494328728044,-0.011056845310818868,0.028817418075010568,-0.026828654339626713,-0.05622980894541446,0.006387176370128099,0.040625322438123966,0.09278537886381431,-0.0769594727804096,0.0738596388495034,-0.00569503624862538,0.04109964659828223,0.0,-0.0014111101806822128,0.03769729324662661,0.023042567737571535,-0.0008473203882677911,-0.05198246240769725,-0.06291031340089251,0.043920107505707254,0.039098962414762455,0.005457723502045744,-0.039953849144444074,-0.054690066855195535,-0.03616072819716439,-0.011335910333765289,0.02074203042181234,-0.004751065247133949,0.03294385781584374
SEC31A,0.0076732445374927015,-0.01104517560754364,0.009089768318131235,0.007268731069931725,0.008150301650210136,0.010578658651363726,0.006306708867714439,0.037219215435330986,0.011111934991483453,0.01780044108354495,-0.005135287703551421,-0.037042990493254414,0.028551885850652332,0.010579689378879072,0.0005615716452727685,0.05722148069797816,-0.01977149893655269,-0.012056422894501618,-0.04055557196596614,0.04827261935869337,0.022735035055040192,-0.006462414289671415,-0.015147310735719139,0.00038519123515408165,-0.006193274589909356,-0.021094570570983934,-0.003940616001606652,0.02977432189277939,0.029816114430777033,-0.012333666546606512,-0.005370936282026882,-0.0063391237395367655,0.026252784856631253,0.021143844813663045,0.03477910837651983,0.0003208510257871899,-0.009507883296876959,0.0032028518142064983,0.027412479852037392,0.012948964194470908,-0.06696894475937423,0.016212070161478,-0.006476544248075899,-0.016490450904542993,0.00739799605719022,-0.031059369643265094,-0.024156467117679145,0.05645258428533523,-0.006071335752728603,-0.03465077932957452,-0.004071149118662886,-0.01178297365198422,-0.026158351761973155,0.026191248040097787,-0.01877734798035998,0.003932667848107493,0.019249390378801603,-0.002596377309450478,0.04392100361697363,0.018098938807907895,-0.026942126267459825,0.0024819736528272733,0.030595839072274405,-0.0012340018252625057,0.0,0.03319688650688778,-0.013689457394321364,-0.00864178533355877,0.009799975463440596,-0.03389989225034876,-0.0421582233921939,-0.0007842763059460716,0.007214616289589229,0.02110734118019394,0.02563413460396528,0.011538380821877229,0.008802748804946175,-0.007295362604163152,-0.017745641952236258,-0.0032796438471693794
SIGMAR1,0.002364299265554612,-0.026951755026861254,-0.07677529650283578,0.03318543830612838,-0.009899944437104895,0.010055244691929987,-0.0005433891649473299,0.011049132703455151,0.032633080908660184,0.036903641038454865,-0.0768427026077022,0.012029152311349479,0.09203179520767522,-0.09160997030139721,-0.03835297001045686,-0.008502666098617839,-0.01661605364312974,0.01808534878751855,-0.06837848448385737,0.036507095744079315,-0.0004100834892475364,-0.027430018231808503,0.05029347175945791,0.035318737826678374,-0.06559751690597487,-0.034802545793333764,-0.03454711757414965,0.028746448627773237,0.018137888694264737,-0.011535506730337933,0.0152446157077886,-0.011180587874944687,-0.06316025468417223,-0.009619568894677197,-0.011717319724776003,0.04332879042230144,0.03481516086321009,0.04880840072904917,-0.03245965201685533,-0.005831048364685321,0.0023207805363888055,0.02415317892066118,0.022448674219946778,-0.05214618621110545,0.02427268095649184,-0.04076680462374462,0.00926999062439022,0.06722998939164726,0.005118946831919524,-0.03948118671779766,-0.02411646107279664,0.0082074034987839,0.0362443761370614,0.03094535734135716,0.009998169695029941,-0.014838604027066953,0.015156387448376994,-0.04751211326149774,0.04794482126728911,0.05235860110178403,0.057796488054541816,0.028117008933695446,0.009434811440942832,0.036022714649930426,0.03627511072096595,0.0,1.8628424493283496e-05,0.011640626880204872,0.024691393978996747,-0.013557177451023717,-0.02066362575260527,0.017967469883304218,-0.012307871369903653,-0.00427504562493201,0.019158759869598564,-0.03949545090658339,0.045793691463416504,0.014437208770037029,-0.006666429897211493,-0.007897276019779562
SNX4,0.004408035738823665,-0.024332796203401747,0.026590021641985664,0.042559391783154335,0.040430145690262084,0.044516387969824614,0.0362441403830288,-0.005240429683802861,0.0038976580503564434,-0.03274324279706227,-0.006673204233158121,0.055345966763646066,0.007610569281898553,0.003208823768332315,0.01831187019577799,-0.004650637591402422,-0.0037678400410197455,0.003929803309732929,0.004165224903491097,-0.008341560379152641,-0.017557786504363977,-0.013554866861704543,-0.030306116822441834,0.008947006533476548,0.029380024825724646,-0.002590195881592178,0.004423933088351562,0.0075195472862606035,-0.0035297048786624313,-0.021566620700235267,0.00958731265819464,0.0002916994855330113,0.008355650405170067,0.007865157926031143,-0.028829497027582678,0.04863319905508395,-0.013654298005059849,0.021098823487129176,-0.029083436294238176,-0.013120440324566766,-0.003832439536361272,-0.006609801275905586,-0.027924131616226863,-0.02751980033359407,0.017376391843273425,0.0622478039336611,0.002120480682773341,0.0006491180046653755,-0.003656283695698913,-0.0007019693300335443,0.07046868627164243,0.024688339279190286,0.010494109628156367,-0.004543570532270433,-0.0018074935085601435,-0.025394046154630128,0.024737880708398906,0.0021926043068698662,-0.004813684987155774,-0.00775478893381139,0.040686343609094025,0.009655716283743525,-0.022385651898084162,0.02002390434146542,-0.01360345569705446,1.694055931108006e-05,0.0,-0.004139055903236683,-0.0027678833572411855,-0.00794153578229758,0.004388630609964497,-0.00258653026166142,-0.0060849897033718415,-0.04808354099975701,-0.016238938658329267,-0.020898856835839537,0.016373864393340216,0.014598056712104396,0.04569005468053101,0.0563290144622416
SNX6,8.403223692564558e-05,0.005723856483237125,0.015292263105034135,0.010680851923725502,0.003720832518862221,0.020936359285723703,-0.01192717406339347,0.011445368325057673,-0.06217591978021606,0.023114634318136255,-0.0008815676747312447,-0.0020500341581984388,0.02043007607846202,0.019909290413199072,5.291768326972218e-05,0.05919107063822073,-0.0038409326078346737,0.01141902008330039,0.014735792329501266,0.004620708716542382,-0.033493735739505204,0.017381743423991278,-0.007440157583233545,0.02286260382628489,-0.025244503479820934,0.0031926567987069525,-0.01652118408819561,-0.0006728050300127492,-0.0421355066553742,-6.498846953696017e-05,-0.01648511664231006,-0.01369903119273411,-0.023014146580610923,0.0073467540227353115,-0.005413726802344176,0.012671709257968221,0.020007136121054397,-0.008943992515051517,-0.011648375080506887,-0.060639525687549045,0.061494355969143,0.015538408194564255,0.02454671938894711,-0.05854884620124319,-0.01275148584423389,-0.0009256112258533568,-0.002551188388996424,-0.006118933213268551,-0.03760512936660956,0.009796398905018855,0.0010224508509934739,0.000535634952272862,-0.01573886072881736,-0.015075772623943872,0.06385224879738968,0.0334614236738262,-0.025337500414437202,0.0026624215656372643,0.015383847769975105,-0.03310799046688857,0.03495399438914783,0.015433071634143753,0.002490401264021076,-0.0007564814751830479,-0.008822653801568275,0.010875788163094416,-0.0042523993587012246,0.0,-0.011096068071925563,0.03417216366926075,0.012718737411841773,0.016094015767791885,-0.020523075994830352,-0.012705810328496533,0.015546731730265674,-0.036115623462521076,-0.07552471847372165,0.008697992414341984,-0.011745795597570392,-0.009541424789156802
SORL1,-0.005321412041602483,-0.003119339645532656,0.01625786530174862,-0.009895192776556542,-0.01362471384162063,-0.020306008387238474,0.005218920883560823,-0.00655604937638241,0.0013881395273298812,-0.006608103507141611,0.011736439563635072,0.011951224312564786,0.0630085658920476,-0.015112329417113771,0.007326191154985374,-0.03242009593065419,-0.028581863555806615,0.01329176556540264,-0.00537852849892479,0.039724736768674045,0.04868362863233068,0.0032930592884172125,0.04778538035695799,0.03392930076175218,-0.008972170004900294,0.009059366676287619,0.03655138523853543,0.03515770049451252,0.008113886341155464,-0.025434427901079342,0.01568565943319483,-0.0015529348405724757,0.06695189319313487,0.07561124418916221,0.045248066145336656,-0.014586243851357,0.01643251188608003,0.04639744747461912,-0.01276234576875028,-0.0122203427972173,-0.027568376028211935,0.034752550329730784,0.023675776497354202,0.0039426032497169,-0.0005083387446044575,-0.007711860161873018,0.008147680857179167,0.01688779569533897,0.09963536335802188,-0.02316471754126348,-0.0005002559796195089,0.007990465911527979,0.02511505469605455,0.03210516785912121,0.02691480376715401,-0.00197269204626705,-0.0034735749458435347,-0.010567117486191196,-0.006243368003400443,0.04571733751698635,0.010398465213620391,-0.02020687859634657,-0.018816046852707186,-0.046607404005521894,0.010047735106106898,0.023167405748010194,-0.002855801128639738,-0.01114336964549338,0.0,0.0037863651365652963,-0.01928043280847771,-0.016418550179025215,0.012924994645239473,-0.002451010355683723,0.026957998635800066,0.020470789135947395,-0.003716597579862228,-0.020063807640268792,0.019265374884008698,-0.028911341659504167
SORT1,0.040195096823236166,0.046001357058113986,0.004193871557154664,0.013121103603189091,-0.010859643129177926,-0.019362263606593055,-0.0184126658245463,-0.004414725138686376,0.01753161909510791,0.022430428341570878,-0.027129123457471337,0.004787560023093678,-0.06295964313504139,-0.01341913927873218,-0.0200775514005643,-0.01916129433964307,-0.013784921410260095,0.04205416893226113,0.023903919723739057,0.07613478029787414,0.005919727800429377,0.07312051187448089,0.0334057796387391,0.017833430814705693,0.015578062229349168,0.0559698981354166,0.010653125786544149,0.06082216848475004,-0.035672927780526636,0.02111824622996328,-0.07067454859548304,0.009793979505949827,0.02886709863515506,-0.03824433553441198,0.0799371202134135,-0.019185057039754,0.03918860575667708,0.03035146070072364,-0.039938419487315115,-0.002817130792708585,0.11229956651027503,0.03105370545059318,0.05796716108753284,0.020359065681887875,0.021642494292152707,0.050628287533180306,0.03376892740986665,-0.08255244093144122,-0.05133488645859748,0.0027880473341719463,0.017292413190686383,0.0339776006676849,-0.020684255492609386,-0.045520414376656305,0.06207804695689122,0.06689252072101357,-0.049978586768590495,-0.04224871299332693,-0.012513455215089564,0.04124807728946094,-0.00791766821472462,0.019727865265700095,-0.002912071120696399,-0.06177757918161757,-0.038067335368173465,-0.013931954517744581,-0.008974197959839808,0.03758641236893599,0.0041469945476833026,0.0,0.018143110637340972,0.017841861543829145,0.06589778377031401,0.0637812475140842,0.0626983048144051,-0.006584265890339797,0.004849929792004591,0.01941744660753387,-0.014737568736340158,0.015984123236094345
SREBF2,-0.01223846440512991,0.009225570834348726,0.011047840657482344,0.00845511343592982,0.012750973974565557,0.0074459471623437735,-0.01918339769980659,-0.0034798077630366175,0.01665381710602351,-0.012837284364713392,0.012101485770292202,0.03287720996579689,-0.018665381501497692,-0.03577319693657042,-0.027015481381035,-0.010301574716911321,0.03663541379234908,0.00782627085391684,-0.0174720105351022,-0.05266322459572659,-0.018871217170302712,0.0016541807828485407,0.0017882325800490095,0.009553002914294187,0.03764470899540189,0.026689864724821953,-0.022058911186494883,-0.020543082170330705,-0.022030873694263566,0.00882798914012785,-0.0058546579771436855,-0.0017008268430556367,-0.029190160827983466,0.006756822384216454,-0.04523785222641494,0.006194541948494931,-0.004410635421131438,-0.02104538551482189,0.0008374242056733653,-0.005590064385237132,0.0771569865210925,-0.012633911655784572,0.0011413432360737332,0.01458844843696764,0.005457551950958156,0.004261644672139853,0.005550522833237826,-0.042265999743449814,-0.016372128629114597,0.04394766013632991,-0.012546736606206445,-0.006693517280646509,0.010437320026990738,-0.01198450083849071,0.011569400259132214,-0.015017860094609387,-0.04344241063174501,0.013278564327412683,0.003591022256577228,0.013192703457377464,0.029145588453743005,-0.018050523293183535,0.020009481925276077,0.03848516548819638,-0.0422432562602832,-0.018948298666351806,0.004425283544237176,0.012483125136168262,-0.018842940512845886,0.016189471646681594,0.0,-0.00639819822878309,-0.007922096842584332,-0.003103573772340402,-0.01698477337581305,-0.0004965369842061829,0.024294586940997554,-0.004961002107421975,-0.01767995704537797,0.0014659216651057212
SYK,-0.004474064109273752,0.017424371618309262,-0.04078462879783717,0.013270431928304058,-0.020255145303132646,-0.013321936712875777,0.005714526084456511,0.013913159600344237,0.004840716398183487,0.028255253856400403,-0.00527265461623558,0.020146795523522425,0.005789295608758027,-0.01602687009769996,-0.0010163038809579085,0.020027541313467387,0.0527026445876052,0.020208514070836524,0.03057720038063692,0.029158374318200578,0.0073632305917098115,-0.0027361634313644388,0.044788973880529666,0.008312257130939221,-0.012992913465528208,0.03011001011355935,-0.04617380139194831,0.02166323403071286,0.04565247177217524,-0.008636061632576747,0.010008592953914423,-0.012791209104752383,-0.03624441273655237,-0.050086825229984616,0.02295910560474296,0.03072416944222236,0.0015343173253970068,-0.0015610336659349266,0.025567239145847843,-0.018490595850933,0.01104884572027157,-0.011165989832724179,-0.020408656562850028,-0.051839724252237,-0.015540655909953316,0.024146910799232778,0.04821907555119846,0.008016106240529576,0.022552258489597493,-0.01965283798435821,-0.004217790400630485,0.015633803957919898,-0.012752988993061043,-0.028138501806336622,0.016962455628593675,0.03283007646770046,0.018397577390079595,-0.01309265274894468,0.02943618264999735,-0.10496399846982489,-0.010123190438609396,0.031441280250273276,-0.02526933603066812,0.034804353375179786,-0.0007983301929307726,0.01673743843793554,-0.0026495249397052705,0.016046566438350035,-0.016300655759605966,0.016173330616538313,-0.006499741194655626,0.0,0.009342328772295645,0.023230668062157463,0.008387108606826286,-0.047753425615201454,-0.021284279220937195,0.015322043631410636,0.004710812167193709,0.018979908401534226
TMED10,0.016207088987169882,0.025393831187648517,-0.0006320932619609468,-0.0183078818677705,0.0011068001202533659,-0.007022317362666276,0.00909912348208604,0.02816833456648278,0.05435022729089831,0.026786083176692156,-0.001965100790151208,-0.006306762333198289,-0.033459592705043985,-0.046156803284220664,-0.05233480944043701,-0.056465910255466704,0.005157960444802781,0.03178033004563534,-0.0401483493143613,0.04086829902412518,0.019196185834298114,0.050759452177577644,0.0040107402778986,0.025447921608984854,0.010486952178167587,0.03450318553550915,0.0838510817111312,0.03385369824070502,0.06628718903760825,0.06290404234898234,-0.03372635033424141,0.008984207894141592,0.04347726208051208,-0.006452336871143972,0.05792001770814127,0.07590250793550046,0.0031337459381940336,-0.015898763450883435,0.010196276918284484,0.04047284314409864,-0.004112031174455891,0.011767249931403875,0.015840742258587403,0.04608547440354469,0.034555170360679156,0.004779698048246112,-0.007312503780140235,0.029086869405736713,0.054682504634735375,0.00476139996665634,-0.01777923894532654,0.07464199560395983,-0.03904637736864445,-0.005902196368955898,0.018192524881741286,0.051491534783684546,-0.02746912174122634,0.002136722653025486,0.042268292610964424,0.01889011634745485,0.021690991794502994,-0.02220300182633306,0.00859065063227307,0.005115901078926219,0.0077333732122352745,-0.012073336007741884,-0.006563758100187809,-0.02154777445367207,0.013512724266071668,0.06290314798667326,-0.008474630891190932,0.00983778706966998,0.0,0.07833358469190872,0.016939991425016454,0.051858437917341925,-0.05820992562577109,0.009783867712812972,-0.006790411312674671,0.013497842386178691
TMED2,0.014625734799259608,0.015367870972528112,-0.054004307098673404,-0.022667326276324493,-0.009395578883964377,-0.023423571457597343,-0.0274216147675788,0.016171359241131333,0.05297443625022394,0.07550292050362321,0.01666676373691575,-0.028338357939800975,-0.07385171128053752,-0.023160648200003527,-0.03035850144238619,0.003426931427110118,-0.017983749325380348,0.0041658615631485416,-0.024927250781137823,0.040034380068634655,-0.020429150353894445,0.01887655656591293,0.014599484084277517,0.004729773701833211,-0.022877503268028898,0.03102315321588946,-0.016893700896253975,0.016563342185120275,0.04904125136672768,0.047271590322402655,-0.02884864593251899,-0.013674296124886008,0.018064033677449683,-0.03296760026905816,0.06571448650548849,0.06825615170895627,-0.01869183941924466,-0.028606405527874496,0.03981509479183151,0.0479171200270556,-0.011116038945801838,0.031694106582611264,0.04128128922134174,0.027307732216435697,0.032117728641075205,-0.059542038441792934,0.014866596933459555,-0.011199844444225112,0.008707461083531959,0.0005635442563446105,-0.109247153530258,-0.0021279295290289905,-0.016462867806462018,-0.008576887270275097,0.015154556787983093,0.03920529413133656,-0.03409480067825042,0.005381917291344232,0.025917356655561174,0.0264542926131478,-0.07543714479088152,-0.018286638144100604,0.0338169085527789,-0.03759299758908696,0.022710515098846647,-0.004209425382472756,-0.052062723734260005,-0.013390600656304031,-0.0025721447894238455,0.06111281707148177,-0.003332578901949414,0.024555099240737326,0.07862953799468986,0.0,0.04873493524568395,0.03392000339254679,0.04372769910238503,-0.015031933130495995,-0.029753753767309963,-0.020181131043101538
TMED9,0.01726233546375286,0.006719139832187548,0.010305032885920601,0.013599355252506396,-0.00025356723876319173,-0.005127229114968357,-0.01314200789231192,0.017052408319980682,0.008688960250820499,0.020474025956292077,-0.00511987232199363,-0.012271734997197815,0.007309356400739585,0.00748787604601702,0.0017280688957178696,0.041033279059637585,-0.019663673342744593,0.0026524303007451396,-0.008270269348987658,0.07307233067679171,0.023564801970792127,0.022243637262017314,0.013619265341709316,0.016733625301732998,0.00476489723216614,0.0165726916736285,-0.016999561637829154,0.04553348964311521,-0.008988000314721106,-0.013840090481118023,-0.023922556038711868,-0.009448469711879539,0.038119036675964856,0.010223901840931044,0.05832523037537613,0.006110325917875382,0.00843906597433569,0.025915380136359897,0.015045789926159785,0.0027683833747238836,0.0037067408665315926,0.028355016795067866,0.02374017703734844,-0.016782674870881843,0.010164397956988742,-0.012286545365938609,0.001334076789989961,-0.009272973408433033,-0.010415751165052464,-0.02466468207555603,-0.002618371090418852,-0.005130949010608658,-0.013337071598720827,-0.0035343033448298274,0.020674740332245714,0.02354627248152694,-0.015168698696856595,-0.013308101854252864,0.016507034264422422,0.036537498467745455,-0.031845453110034214,0.01299983924898819,0.01755760583433457,-0.04741452096210923,0.025413629633015366,0.017382171762607476,-0.01620103145193608,0.015097025081874126,0.026067086572365127,0.055354084767428,-0.01680477513467999,0.008168585191748538,0.015667708774022585,0.04490502834683719,0.0,-0.0008884448879016567,0.021061484553224718,-0.00868125151940762,-0.01607340468548827,-0.01146333471254881
VDAC1,0.0006237939926483915,0.027668275559606582,0.01835437136571943,-0.02495604302856344,-0.0023941588210526082,-0.01642571043721332,-0.002289442912137975,0.0009695450863901573,0.03160418552998872,-0.026760975696436314,-0.0007829063054573023,-0.04498428318090659,-0.03576161047608877,-0.004092498964102685,-0.026897828304424238,-0.027490792358092188,-0.02496695634653679,0.004287026672909857,-0.04043128411209668,-0.011651295453779924,0.03055022254539367,0.014770701030355094,-0.031023071857447522,-0.0013666528226867964,0.02095645150010463,-0.006606115119360619,0.06747266907564503,-0.01281575023947567,0.017724510351457674,0.02901092943720569,-0.024964132957378548,0.004225477701011189,0.06543936293012766,0.04432482769523353,0.021514871077164644,0.0019763627083219425,-0.0054390926385735425,-0.026266240398983485,-0.0027074963349903664,0.013730484254185181,-0.025735049606182756,0.02016209355577093,-0.0002088460566186893,0.06830886999636873,-0.00269099092119382,-0.02556457351436752,-0.02049890186006013,0.01666327445805869,0.019190034603791126,0.018728847261761838,-0.03603424267689559,-0.012632484330451329,-0.007881254212307818,0.03530423298550021,-0.014696674443071343,0.003616137292962977,-0.02428338741113913,0.004214017507601105,-0.004233439464255759,0.06736435933158515,-0.02078248063816297,-0.04617543221844733,0.028803020008959773,-0.03207434352166562,0.011703360971973156,-0.036660755880598424,-0.021331689351183757,-0.0358810451050891,0.020251496805365234,-0.005947287479150868,-0.0005026228714100675,-0.047583545979092305,0.04907151099157069,0.031976296649973354,-0.0009089671508260228,0.0,-0.013470418082356102,-0.020697104056952395,-0.020930013803104643,-0.01875125835042948
VLDLR,0.025368805839236706,-0.06518147079433405,-0.030337355235429034,0.08450806074579363,0.06670908683434189,0.04072423010713361,0.010066871101196265,-0.005742116153524031,0.13620755577976745,0.0347758675583129,0.04968276345036663,0.07081631401340348,-0.041596290063250434,-0.03366451798103832,0.006062103054582975,0.01112931852554378,-0.033120271426351655,-0.035629576141905796,-0.05136295765878074,-0.053881022868963006,-0.06899584087519241,-0.08603889811845955,0.03181153926795556,-0.04077369700070002,0.01605545376580586,-0.0360457442279795,-0.14185937839247195,0.03900928818620844,0.02042899292242001,-0.09585776321648824,0.039119065568546184,0.003674087672490416,-0.008786821712592131,0.011249971245892408,0.020420038772227516,-0.012624858474610345,-0.03934267471410618,0.021893220361481905,-0.01597694477447189,0.0955509324411635,-0.03559593467447615,0.028339872371871973,0.03802367156217685,0.052467922694436384,0.1078374308573755,0.015815300337014424,0.024611699502661902,-0.06528649957997044,-0.05936406103628883,-0.02855140857279065,-0.04703943838437217,-0.08920751834654521,0.043675692256332825,-0.002310351035092497,-0.058309456730969086,-0.06606903585139057,0.04116701895799697,-0.05460097386786641,-0.009540052065712179,0.12226745077205228,-0.08104406852497756,-0.0477899989378708,0.020575026737438183,-0.013098581184769231,0.011631381119660628,0.055374171062480465,0.02177214181239301,-0.09774765073425996,-0.004789777376340784,0.005706821235812438,0.03203667310578037,-0.027628573661916116,-0.07175535046730608,0.0537002303611474,0.02807074384793758,-0.01754802808069225,0.0,-0.006920414792654039,0.015225465095899459,0.09241181696711386
VPS26A,0.010700516064787138,-0.0046903529482037395,0.005650883450723169,0.010059109191956232,-0.0005551178838385576,0.009018054716297354,0.01472389992666923,0.006518867807800744,0.01404029005272181,0.003853829071899718,-0.0026203579286325687,0.018170158812701294,0.013645644355032203,-0.02298375808358158,-0.011609575506034545,-0.004512045019868838,0.0027803634649190907,0.006808514313783248,-0.0013751595079496408,-0.021288351975304484,-0.023723181591644597,0.00026086690851441475,-0.006952562474362248,-0.02501933186659088,-0.016270789378197564,-0.007143129989161153,0.009671665940866872,0.0030620548390075963,0.020048448868821338,-0.02443827318009792,0.010876479226271558,0.007451233893916827,-0.016015381866288203,-0.04660307776133596,0.005228396190176518,0.0020493958119151266,0.018456405791990278,-0.006239927987431043,-0.016471046546085846,0.015499807930078385,0.017842603535072193,-0.014983700366397585,0.013021747422432116,-0.015207193896176509,0.0015753566978473847,0.04501715306472871,-0.0034845424199288987,0.015474874661342883,-0.009794421501549792,-0.018287637963618493,0.028799487975250167,0.03612291494136084,-0.013863165576967288,-0.012284189809606692,0.015774723231089458,0.014485805922464037,-0.005194575510265353,-0.015040125415218856,-0.008532048588206637,-0.03796682806129942,0.013066336312383603,-0.020400894791063575,-0.007910923602299775,0.017663662043969332,-0.007104303159975083,0.012866085901870529,0.014305618442459245,0.008296556281004622,-0.019056571548208924,0.016838855196089762,-0.004821352973758521,0.0146581053151795,0.008888519782563675,-0.013604919729132366,-0.00852724824143192,-0.019870941941541227,-0.0051002768584026996,0.0,0.01685973944054221,0.035183381745200394
VPS29,0.000974024127639475,-0.04428185264306465,-0.009619042213353805,0.0026999211597481644,0.019451751756845027,0.02484492641346242,0.04642990181898377,-0.03263612636366118,-0.006806521154393896,-0.0058772193366884015,0.00955739399579461,0.06330224119461257,-0.0071036136412776455,-0.004366172019240127,0.049255778299317904,-0.03952456472105281,-0.054404320484557185,0.004686665943703874,0.032124060512844214,-0.01735420212568247,-0.05230142151479003,-0.034792265471086256,-0.023527740057231145,-0.014814915714224346,-0.019171774619343156,0.004391275707324323,0.014401593855458354,-0.005771864623392661,0.026298948053294424,-0.023384017723874023,0.031139923143945054,0.0009611812431627386,0.020893016552837842,-0.017939454423677254,-0.021591076205241082,0.027275121459689765,-0.02654597534608329,0.02957012158028254,-0.053912828099089656,-0.004224154776465553,-0.04009802481662034,0.00519302690801473,-0.0025450929251307837,-0.0382732295718805,0.004750028530583682,0.06319847003052773,0.02635720230374373,0.005929953949231828,0.04957097374761546,-0.014448071032614343,0.03926283697144725,0.03956823413951702,0.04311809302524371,0.01875518113918662,0.01639135188823054,-0.04299731216382068,0.02695580242934438,0.016893463890747425,-0.050253292104085814,-0.039660792268352514,-0.0033720781040784777,-0.01883987787836566,-0.04165437251857453,-0.004260420319612086,-0.018196936953006015,-0.006255881292583296,0.04714821349376601,-0.011797588683737302,0.01926818694943641,-0.01345792981324222,-0.018093087949461416,0.004745575680616902,-0.006496013599669432,-0.02835664758818159,-0.016625182407644185,-0.02115974154681288,0.011815828164221791,0.01775345285586786,0.0,0.04241210161857182
VPS35,0.02043384980707358,-0.0035450391425373173,0.029799401501911887,0.07888687271083954,0.06051152482335606,0.06663937360518941,0.06779736488081672,0.02197411482696274,0.04097371315433171,-0.0115005170020675,0.01835829251639978,0.048818425091927124,-0.029242940130359357,0.01177895802213955,-0.003906658114600586,0.027464299225911135,0.0013402537364771295,0.02312920906330151,-0.006581321630861447,-0.04614518272300229,-0.04947116474953064,-0.026392077099660967,-0.033199666670501386,-0.00905671751919836,0.014450664679446976,-0.0266852039110237,-0.003223739828178411,0.028790010301848173,0.05270263964685173,-0.04987925129964147,0.004586763250309551,0.0018649511528650064,0.022333603546458393,0.01371060781904856,0.027042516105048976,0.057582021345580665,-0.011127793526565724,-0.024269413539628863,-0.04975889121460797,-0.022854183474688462,-0.013074838071461444,0.017036552416238335,-0.020125882606335743,-0.01122037920549536,0.040892523981446,0.1137150986685315,0.02174392197673575,0.01746069360313118,-0.02983191255305479,-0.013015041805560507,0.04907398754510258,0.0053925598061696734,-0.03199307591394618,-0.013171970417015908,0.015388241269623185,0.026847748903457168,0.05040794550080384,-0.04326106400476492,0.02224574276887839,-0.04881948342936802,0.025048351096080394,-0.03076203427571807,-0.031363425736338595,0.03073951857378375,-0.003499406658147618,-0.007711407511513182,0.060483493857989894,-0.00997206721330735,-0.030087963049006544,0.015188062953928327,0.0015610018082469115,0.019895203320848407,0.013436196623667998,-0.020013349410024025,-0.012337599469619317,-0.019725699620188747,0.07462464218031103,0.0385505614242048,0.04413172947315033,0.0
