,ABCA7,ADAM10,ADAM17,AP1G1,AP2A1,AP2B1,AP3B2,AP4B1,AP4E1,AP4M1,AP4S1,APBA1,APBA2,APOE,APP,ARF6,BACE1,BIN1,CLU,COPA,COPB1,COPB2,COPE,COPG1,COPG2,COPZ1,ECE1,EIF2S1,GGA1,GGA2,GGA3,GORASP1,HSPA5,HSPA9,IDE,ITPR1,ITPR2,LRP1,MAP2K3,MAPK14,MAPKAPK2,MFN2,MIA3,NCSTN,OSBP,PICALM,PLCG2,PLG,PREB,PSEN1,RAB1A,RAB1B,RTN3,RTN4,SAR1A,SAR1B,SEC13,SEC16A,SEC23A,SEC23B,SEC24A,SEC24B,SEC24C,SEC24D,SEC31A,SIGMAR1,SNX4,SNX6,SORL1,SORT1,SREBF2,SYK,TMED10,TMED2,TMED9,VDAC1,VLDLR,VPS26A,VPS29,VPS35
ABCA7,0.0,-0.10324181748142675,-0.08199756050762742,0.04038935882507113,-0.00662292993471122,-0.07900613145304025,0.051736715087663435,0.019932822175331464,0.05735268068004501,0.012397963864115673,0.01654234161599996,0.13296071611387592,0.10739901600834903,0.05486839001905514,-0.06487844042570506,-0.08917231473655611,-0.018011013233451088,0.10917510850309269,-0.09942516257169222,0.10120479907197054,-0.017910863990985404,0.061950272515201125,-0.02092413882266963,0.19622724570117384,0.05414974848939562,-0.09283871429887564,-0.021824484795206704,-0.17173444489234888,-0.10647729522818532,0.14643899757784862,-0.11931272689781987,-0.1296793364582996,0.12129842633216668,-0.06960531631884208,-0.022912247497012712,0.06262890982815245,-0.0002772056643353594,0.08997783133220594,-0.10414132983740408,-0.0708139838731613,0.09708538878909352,0.09558047097049577,0.19270751392156912,-0.06121246801362778,0.08932089090830687,0.04342507035516457,-0.28591270369861754,0.05990863685008471,-0.11412190081241749,-0.082822284018981,-0.031362610502989614,0.06326022126807393,0.17261824077799715,0.024657461920874223,0.05314125751824433,0.06925499047942726,-0.17993839627111116,-0.10815841617043208,0.06628366609438177,0.06184678551639326,0.022402087802306604,-0.111912529161424,0.0033039788975921082,-0.0719288161468436,0.04247157482713524,-0.012197156737442148,-0.246014880629428,-0.05551765408999916,-0.07916836088093603,0.08774093378330006,0.015927099064001717,0.023626642401091278,-0.08641590840259482,0.12442703371105308,-0.011336995901650338,0.0948049357997807,-0.007594771440684781,0.17580897138088356,-0.05778584099851652,-0.018571475768589495
ADAM10,-0.05532460962196074,0.0,-0.03765618512028897,0.03163411079540296,-0.020793205048071393,-0.027148570192605838,-0.019410426673602547,-0.10998705378168831,0.03565608533760354,-0.05413285871248938,0.002013699877842009,-0.10964735016098504,0.046095520673276616,0.0385541239931813,-0.009071550804980844,-0.03997291068031983,-0.030303798772795956,0.12171761245205572,-0.028017155310601626,0.03459115463334805,0.03979082260881248,-0.06164356104887696,-0.03363662203859869,0.01788829767238346,0.04827518279194997,-0.03823509540246148,0.09029639787064754,0.03903385241273293,-0.0065700170496458665,-0.05755492663455697,0.009531241960323037,0.021311315908541757,-0.02529074030991838,-0.009428445190528361,0.03114141044235855,-0.06594278587585395,-0.006490332702073167,-0.025171529877437177,-0.003042810275599978,-0.08759336382856826,0.07058514568692952,-0.005428786267784589,-0.07425431254402978,-0.009278300767858218,0.02987557789214347,0.017981198087588482,0.01190183339894832,0.03957342784648985,-0.039845579900671974,0.020058755455936873,-0.07284325071133815,0.005647197528524532,0.03808719602488203,0.09856423439848679,-0.05949834464441557,0.03697798306712509,0.06945225301512682,0.017287625571686935,-0.010664789674288723,0.04829890259684828,0.053813660946014065,0.003194775610745522,-0.03671677476012663,0.007387303374859466,-0.018623205212288302,0.02162111849070574,-0.1116644486480005,0.060945450495668296,0.02896321014655824,0.17352235570982852,0.04286865793342941,0.03187478742275104,-0.06655341705857881,0.060632625168643886,-0.09972040428482204,-0.009205525516314704,-0.012099874843237587,-0.008678898420535593,-0.07709988335910069,-0.016496446478744767
ADAM17,-0.05673152020273448,-0.04861800038863603,0.0,0.015689116266798298,-0.05142972600101317,0.024444280270149086,-0.005387967966572044,-0.06523051295459588,0.07075665103223906,0.04007086336126112,-0.020439563063944375,-0.0024939011377781983,-0.06001118598231743,-0.07653523095505882,-0.11117163593863631,0.01144165471786676,-0.006999334916802235,-0.06172514348660645,0.040379117541026646,-0.02022997144498041,0.07534927980633596,-0.05730232586892184,0.017371493787820796,0.04840768751662549,-0.08183070272011668,-0.0002919786651230941,0.11314012195491813,-0.060191021051111814,-0.06490223080285154,-0.017804297973439343,-0.07194356462131386,-0.003820279806680044,0.04932955804996285,0.05438811458837637,0.009608075772697426,-0.006137690609059534,0.13413129553294728,0.05240870895088891,0.048137604567260704,-0.04151233070366538,0.16409207730644984,-0.10561085790348662,0.008490435680716465,0.04208513788293106,0.005901898977794851,0.05155552109831583,-0.00661620940030665,0.05614524153920399,-0.040727000096703755,0.10661959993933834,-0.053391184612352045,-0.0041256473494340785,-0.10848525047059618,-0.011292450965289769,-0.0928369811599692,-0.031976575080975345,-0.05241032065473502,0.015919715665641574,0.14451384793616998,0.09259268274262235,0.004346595255470924,-0.01703648999548812,-0.13087451004048187,0.007635937347614496,-0.11823231913554393,0.004206772882249692,0.10332694508462596,0.15833413177403405,-0.039231127199910926,-0.17689420929723257,-0.04525262563371991,0.07378875921921747,-0.06245166651773884,0.049680280664449745,0.016492626731003792,-0.1390041326576523,0.033470935979454934,0.09595472650043273,0.05261709161086308,0.06158762367560929
AP1G1,0.019962250926172667,0.029176652711456832,0.011207726996746747,0.0,0.14640668709540192,0.13412224074290505,0.08922774490322191,0.027151833818054926,-0.027352775004685637,0.06519314905207883,-0.02728554239399103,0.005675477279029472,-0.007226412998343298,-0.004915133642509074,-0.03133508562776281,-0.016255400482293028,0.03977787512314773,-0.01647925686191586,-0.04009127711656298,-0.010299679399348099,0.04569307844575135,-0.025000620197990694,0.009511434230633001,0.04746297689883321,0.061711012843390305,0.014090310257233,-0.022088171309837524,0.09423851807162519,0.029315592290402027,0.005641525266831989,-0.018715613303931542,-0.0471622201314487,0.012175964632939764,0.02592262738161724,-0.03960888455394865,-0.04190199634475876,0.002694134395326338,0.04979671733879301,0.0026761003758804885,-0.024857668168807828,0.04322486844961691,0.05697498812866885,-0.06339476179691389,0.10560930866366114,0.014687545368460796,-0.037324465809290566,-0.0861311277504891,0.021099840627648542,0.02358022550969846,-0.03629662283541416,0.05612368287036067,-0.03863906006484258,0.1241964261927699,0.02810873700817905,0.020452316631062558,0.04504005756156974,0.04538754909501069,0.019748555557428594,0.005343130613418884,0.04568232253493599,0.052351947372460524,0.03163909093634962,-0.018298692039021756,0.02616712056999753,0.015314211677572203,-0.019292870221572347,0.10818540365493809,-0.018692373577317168,-0.03495369876270329,0.04478818195474629,0.016039640540042734,-0.007041439526970194,-0.008434184198811687,-0.07752849550998302,-0.051534243988684315,0.03307486466918129,0.04904093211575962,0.039930620391519775,0.028997682771781257,0.1397861959346207
AP2A1,-0.002786599479790152,-0.016326124745496957,-0.03127628143311011,0.12463578491759786,0.0,0.09435643346407266,0.06428579687660795,0.018577605369492586,-0.016525550317700567,0.0007289141100326647,-0.022919322591434817,0.015822816160656294,0.008287909174051823,0.023980708812952695,0.016009542456374058,-0.0026217217370357753,-0.011657071884491126,7.645331598091179e-05,-0.015628555822203443,-0.02358639685374364,-0.01434977654113332,-0.03110621548914422,-0.027884344758979926,0.027136633726637535,0.006034616849946719,-0.025188394146283998,0.0028231181131193766,-0.007633607866413055,0.035523339047224586,-0.0056622828257820845,0.01265055038375903,-0.000986927832340333,0.030462986445214862,0.02336013078796136,0.008000729361477728,0.0549193280262713,-0.05554118247684434,0.01162361103881518,0.03233625916078322,0.017818119087943656,-0.0001690521100444041,0.032159120552974645,-0.03340894812786655,-0.005129046840037621,0.00044765141751845625,-0.02342923892451529,-0.017074991459776586,-0.04817588868273221,0.00930138563433971,-0.0360271080396283,0.061403118072496446,-0.02041291605241156,0.08708702108288861,0.04475671984716901,0.01731540215017778,0.015753889069024758,0.015146061356169953,-0.002643417250190829,0.054980453105978606,-0.03717439363544838,0.0378401256743671,0.0045700293918763185,0.015513763488366479,0.02735174840002198,0.002454309674756411,0.018792921720395196,0.09582010786505321,-0.04386004832080284,-0.03931672870711429,-0.01368316588129188,0.0022566059080371312,-0.0343084163895222,-0.007316002232330386,-0.01627703364123757,0.018258638308813756,0.07410651715512301,0.03268893178386158,0.05099342789700084,0.016208914293953974,0.012341863790818853
AP2B1,-0.03363297546174261,-0.021566950349257607,0.015040360941686804,0.11552147950370456,0.09546663593611023,0.0,0.06926505590074568,-0.022097188301808103,-0.011547088269060738,0.005232506887598666,-0.014010765484953459,-0.02316015263138293,0.02772640526423414,0.030731205353270973,-0.03182500060521768,7.335933853763853e-05,0.01031973773201576,0.004268679321342636,-0.017388436106795885,-0.0008981797331603023,-0.006793674045415054,-0.03788294227751406,-0.006707309889270681,0.017440093319995804,-0.016491992515770305,-0.016264682680673097,0.02160879625881746,0.0020406437015956297,0.0538515197546627,-0.003621562666082525,0.026100909736127574,-0.00025024107260016753,0.010883960272322938,0.03344019893658044,-0.018134587485782706,0.07482190310349475,-0.008280918072932098,0.016652304690060255,0.0062315019961893,-0.008475788774677548,-0.01818508018694193,0.0212003785198641,-0.00244765326800838,-0.008319929040499042,-0.03227570963657965,-0.006606222612755885,-0.012552788082265799,-0.0043274614527541696,0.008810521424463601,-0.01426749783273587,0.07709679290960675,0.015376683735609822,0.08296860618150494,0.010555556034115766,0.01243508111043092,-0.01894017976533337,0.08112714502110167,-0.018270629188083757,0.02496086271065357,0.004644943183531821,0.03251696987761727,0.0014268506846015735,0.014068965326148724,0.003187450564969719,0.017867783286820475,-0.05198327112697866,0.10018694399082209,-0.021937864328229858,-0.032927183077016545,-0.014957588965738247,-0.015870122039842584,-0.022944601352961277,-0.014321898989542682,-0.05573828248456144,-0.03783013616117546,-0.0036443498794813947,0.06304589094389934,-0.010596110149929883,0.03182814049467026,0.09845696085271846
AP3B2,0.021343983942704755,-0.014943385491805348,-0.0032127590127126317,0.07447902802461494,0.06303289810992052,0.06712531403747672,0.0,-0.014388856247160903,-0.01615037447032162,0.020110992135926146,-0.002854529864259398,0.048117774940406435,0.04204410012351677,-0.012662067454754051,-0.009129197313517948,0.011122530696456525,0.03319366542473407,-0.022350901853138448,-0.006505239521276329,0.024619861116655973,-0.04123075947692848,-0.004002264706540323,-0.017509735286432862,0.012367370335471554,-0.04199849702831472,0.0015659020382295511,0.022378672598566438,-0.0061326576588939165,0.05895913327041529,-0.016993308897935693,0.026254565129686987,0.017773161305655007,-0.009015645463405384,0.049982194771585026,0.027793180253294792,0.02838609229377976,-0.016526528008998266,-0.002427410536046479,0.014477570165035133,-0.033272703047251606,0.019517592490553938,0.03453969540030534,0.025919929251099268,-0.009516681840607348,0.034044927759997685,0.023057601171759628,0.002783113234121891,-0.022836051951418534,-0.002681718719119847,-0.004540837753152891,0.07849626734526226,0.03452110445989003,0.048513128931529224,0.024215628070714274,-0.04117878312056409,-0.03316864027247833,-0.01954255421653732,0.010499394269047004,0.02133921244635451,-0.033817464292852435,0.03235180147452265,0.010415599071066442,0.04657376885370363,0.003440347980709018,0.01955632410471924,0.018433823848037604,0.04989958983120067,-0.03873432575104641,-0.0281119647406413,0.013087154561810633,-0.014852725952057104,-0.02853580493641624,-0.004443950986499671,-0.029853527376955864,-0.049061218503835026,0.043095574514559386,0.04948940980239745,0.00454016231026723,0.04480658192819162,0.05494417805097107
AP4B1,0.01816893464151618,-0.1870852386305486,-0.08593854068855543,0.050074576579892345,0.04024630484457075,-0.04731438434694328,-0.03179144800721068,0.0,0.11271590118977205,0.132885852171905,0.17860183912637023,-0.12776859053084785,-0.18794997437433408,0.06925319585435061,-0.026448444559515345,-0.0282540209657471,0.02547346686583924,-0.026119002994582568,0.14052104749202798,-0.027319532680763738,0.17143267861915923,0.018699327954842422,0.16497657464520374,0.07711342760276961,-0.060157244471111114,0.00011231155057774647,0.03404443826047008,-0.08368823921704255,-0.17600161409007367,-0.051770041923295165,-0.0025680302564089303,0.06629943255021636,-0.014287518838373203,-0.05651882862064256,-0.04930679535755092,0.07606541333073855,0.10023726171744303,0.032134966099465694,-0.034696317098301,0.24369446699494698,0.023905755023479597,-0.01661271824163459,0.09121728817207521,0.027049739556390267,-0.024265795274855027,-0.10546040457590863,0.08029922610743956,-0.016704472623900755,0.02325031049853947,-0.002641174864404857,-0.03972748795736117,0.04981378296465798,-0.16885866077183168,0.11605551644060566,-0.07302283532363442,-0.037469843573168383,0.07058492601214969,-0.010705505851171915,-0.09033987179778404,-0.05316338755544338,-0.061469288183079424,0.008256900691902628,0.14419675871576554,-0.01473397314213619,-0.01177280458295272,-0.17506422855496692,0.003022045020826168,-7.531175068257374e-05,-0.06700789030999368,-0.0685079682548692,-0.11803485083561778,-0.004534575157876986,0.12241877769039432,-0.020972447685803895,-0.17615922807381387,0.050566930014780624,0.04253383874508623,-0.11667060895372483,-0.11913352122450419,-0.10356556946709003
AP4E1,0.058002585847653,0.06729217681906191,0.10342783018614403,-0.05596963508677399,-0.039721457300813785,-0.027432262383756588,-0.03959128479445114,0.12505992133000673,0.0,0.10172562582342672,-0.048859761472376334,0.0011424024217440664,-0.14306819554453248,0.0030452183724072137,-0.11750062062834842,0.06641736592939006,-0.08057394407225744,-0.11425715593436465,0.030272327535348947,0.05215865734972642,0.0530596233474452,-0.11442933335799876,-0.05162390195053537,-0.09647399063394164,0.05736217967484566,0.11632506538499267,-0.10236335113626355,0.04709832699073491,0.18208835092262912,-0.07759231528031903,0.06846199353208211,0.03507629808544878,0.11801222974276813,0.007866466913872132,-0.01775492624222605,-0.01970541798465638,-0.08693095997512852,0.10100293869284635,0.14041394080114694,-0.03141752631795256,0.3010881021180435,-0.014312920849002255,-0.061499692647947836,-0.1285847019285779,-0.07795047853944301,-0.14805166125782984,-0.2503919402030776,0.0019057633746381293,0.0025753706130684753,0.09507501309373499,-0.09915886125545466,0.10837369250631151,-0.024776589398445684,0.017658351596022956,0.06327371824094359,-0.05328492626866437,-0.07911989714135126,-0.17676073876082965,-0.18700910434320261,-0.05165966013342193,0.06927232288910706,0.1472626956566302,0.09927081926947738,-0.217329362190714,0.07665338185640859,0.009064807974681803,0.04103715671249218,-0.1654626538398437,0.07919574793823231,-0.08696199442329426,-0.05485597000915237,0.14018971248084994,0.024843065281994932,-0.1777258599578686,0.07796010707360444,-0.03213928074273152,0.058065003435094624,0.015797877451921273,0.011401519424571401,-0.11413253656160093
AP4M1,0.009375300748043106,-0.07638939802280083,0.04379656527950558,0.09974571550447785,0.0013100467925225695,0.009294802311593083,0.03686308718276843,0.11024348091946987,0.07606267217169548,0.0,0.11065488102216815,0.0047886931375722384,0.07238453759432593,0.03778963000783282,-0.07745916260910136,0.00019208609099056665,0.002963696612940256,-0.09315771380973083,-0.049009350826178764,-0.057906628696737766,-0.1046480680810508,-0.051904683356501974,0.0516556793815387,-0.17528717726578702,0.04052923002580523,-0.08981981755815825,0.09383862354945127,0.04577146751140454,0.1270109767296684,-0.048220408775627416,0.010296608665433646,-0.06826691155463066,-0.03846601186872719,0.013777099116830279,0.12531263787779473,0.07935915299312737,0.010759351811761008,-0.060911408135122844,-0.0017704518510264845,-0.07269546508400057,-0.02764760476591428,-0.03651789751759631,0.03226395374179653,0.009348661824156912,0.015268958955681495,-0.09206345233175975,0.06612671227037263,0.062346391278661845,0.11229697001688882,0.11426560498429712,0.017043553839009084,0.010087501808089028,-0.06406315808342934,0.02725717513554553,-0.06368638458947794,0.1012321715179932,-0.09019063345112313,0.040440235719813755,-0.0060537865265965765,0.04582392305465823,-0.06394072554638452,0.06631420641133019,-0.017509203615048114,0.02618921800833269,-0.15590775703840162,0.021385582376265904,-0.009338091165982602,-0.011754319141863817,0.0640937093725033,0.10180328553039505,0.05111785364015183,-0.05032800577190204,0.004843099715406346,0.07346595205762502,0.011385908061155072,0.07558635112926132,-0.05065607702266375,0.06519761464546851,-0.02350699815190444,-0.014834871241346213
AP4S1,0.011575870297414066,0.002629593961158214,-0.020673060957752485,-0.03863195679082031,-0.03811834646499168,-0.023031065861479502,-0.004841886702601638,0.13711403870851926,-0.03380760266478416,0.10239821835895938,0.0,0.11996539167716598,0.16114443465797762,0.0007628913651418939,-0.09065660557255253,0.050226372168714964,0.04113183713293401,0.014926033989282215,0.020361210901565292,0.021827456519482685,-0.041164666962629035,0.020508493255411743,0.07738283004835261,-0.07778613539529527,-0.030923217866170295,0.11469722977322112,-0.02765476206704881,0.043125613503249116,-0.12865095200819385,-0.06178710379699382,0.049528404988240134,0.11928468665103216,0.05054792351480673,-0.006366548514868184,-0.11142433269381201,-0.025117600683324828,-0.01784188902016171,-0.07529531807955668,-0.041988149495784124,-0.17532689484819483,0.02313510436599529,-0.0042418217303347265,-0.06042101078680531,0.018966356783520155,-0.0728106082093964,0.13127504799866688,-0.06881883814725832,0.07537105256464495,0.06240684871639069,0.14994102269555676,0.09247914699636538,-0.0865295140136181,0.03428501432607623,0.019980190690823088,0.10558478059775492,0.003735495278169696,-0.0046799350012818874,-0.011231070762460703,0.018224329329318147,-0.03785461486577902,0.005482766025161006,0.006262070266604709,-0.07218058379359775,-0.08175982606062959,0.10997630440769214,0.09027626156410391,-0.1012561549738715,0.02096257664028512,0.15716959008225534,0.0023931035751004934,-0.05125000107533195,-0.01633804874644557,0.05452147851726089,-0.04376711754544413,-0.2168947791588306,0.07462145186222571,0.186656512617738,0.1297386687202053,0.04878455798580847,0.02646711962239448
APBA1,0.07594545901685588,-0.11687291859631434,-0.002058895051931538,0.006559010160823603,0.021480177060367305,-0.031075304264148024,0.06662042017771369,-0.08006485094334395,0.0006452142449664485,0.0036171009678838627,0.09792143635077208,0.0,0.016524248079084213,-0.0021708706010393802,0.06021903127099154,0.06912170264700401,0.11190255807930129,-0.02725727483868836,0.06785817861704155,-0.05836789874335625,0.05561879458180568,0.011448557308903063,-0.07454554907965032,-0.0013285570881862553,0.001956679510375782,0.19099950096967866,0.056474778005768486,0.08196385623509614,0.005762926491452907,0.01584645111991476,0.08105998739662101,0.061735591566105835,0.035340788134821104,0.007282017389506518,-0.14331761315680405,0.022039831280980714,0.053896227306128204,-0.017830144237647106,-0.10063559660995544,-0.00023365288860871067,-0.011183237964136925,0.01730906313944711,-0.04394315367534146,0.06419501310228651,-0.04117119255237594,0.053830600987371205,-0.03462695440836635,-0.049302130988981625,0.03786916749903033,0.05134428271098182,0.03460827621856779,0.0865770714801764,0.02350276844163887,0.04290775129023095,-0.058448408181293224,0.02635658168921971,-0.07530791716115241,-0.024805289842175476,0.04557128984882132,-0.1760514707708222,-0.07284794774205779,-0.01921140001639716,-0.021893820015737652,-0.007169259887332049,0.038942293298910725,-0.01697944464572715,0.09975181779415936,0.08847924909549768,0.04006420745453624,0.03872425124688899,0.028687085336918546,-0.005604237519878494,0.024389055196627825,0.05698665696535417,0.07408966237555804,-0.008272239490383224,-0.028590044938814046,0.06540602638629839,0.08017619393441591,0.04518725539467417
APBA2,0.06347462767106674,0.050838867528241016,-0.051263538468870835,-0.00864131997278574,0.011641808513274279,0.03849363581098421,0.060232139016201135,-0.12186569237006432,-0.08360828700479211,0.056573210059179084,0.13610011870924413,0.017097912897530092,0.0,-0.0531556160580185,-0.037542912658754306,0.0031531871245619294,-0.009352225984030007,-0.03067161488151947,-0.03678522337678082,0.05145911025888311,-0.02873856594259767,0.04003852911439065,0.077508679491033,0.02717002702593017,0.0065413135294467165,-0.1570335776166208,-0.046100466413943574,0.08198616386443151,-0.016143526947043338,0.061830279072450006,0.08237799321963389,0.0335976239656703,-0.03368907365852404,0.03672920697145026,0.019659164982017488,0.06651928526186753,-0.04381462420934738,-0.07631602089745483,0.030186571423398978,-0.0068546104748540854,-0.07479860626985524,0.022589273569057718,-0.08070781665792688,-0.009287392806106347,0.007583450269857202,-0.032915482078527604,0.00035468020528751123,0.0284565866064837,0.060938853690046056,0.03482980250880765,0.04324238696290192,0.052125624162003205,-0.036897592298095694,-0.037926006680240536,-0.050528587833398336,0.006993555407629535,0.01955136374940585,0.014891701606873458,-0.024739349896694234,0.011127233942273511,0.10151286035464398,0.03082550540307853,0.012525919720204446,0.027080098240607076,-0.006636372273012163,-0.013015222198099584,-0.012639074150597765,-0.07498621612722074,-0.16012786508631638,0.006856434566737692,-0.07822498045719309,0.06432691963126676,0.029392005555308534,-0.0722146748061496,0.020987755154800634,0.07868416299687665,0.012894400499935652,0.0524500810237948,0.033643842267616436,-0.0028908308078809397
APOE,0.02978301630904083,0.039053016522005914,-0.06004603983626067,-0.005398079067655144,0.030937419541151503,0.039185154507406145,-0.01665997902195404,0.041240660452243234,0.0016344486087218999,0.027125906473515832,0.0005917693869088073,-0.0020630128528359814,-0.048819773302654065,0.0,0.18309542240421217,-0.006731223732882318,-0.0009164480534903565,-0.027969776426275066,0.2040591245196126,-0.018667111496933994,0.02114553651840702,0.04108634201463402,-0.06427298942310566,-0.023794748744432888,0.026504828116119438,-0.09277861798256826,-0.004573081739775417,0.04625253044317747,0.024696540949480424,-0.007807178058427948,-0.0723694471495405,0.0781036291003428,0.13443825580379648,-0.0579917731858044,0.06220550710870835,0.004224098490656041,0.034534768839193646,-0.0008377029570001543,0.01302489776161755,-0.012446035879012225,0.034788200192227614,0.024879392133966085,-0.025881809201744883,0.05750014134450832,-0.07032642459788145,-0.028405514951742376,-0.030403502030535535,0.03332867824870118,0.005793359535926718,0.10797228612312575,0.011128652796414876,-0.0644370480066427,0.011061909483819026,-0.025411739122667643,-0.06338822403207116,0.010653856206527462,-0.022128153573776437,-0.009285645611021867,0.0635044174102276,-0.03918493265931344,0.06897094653321109,0.041511996084887745,-0.03289959178198246,0.03803316435205515,-0.010675368607765138,-0.0011227423828418003,0.0038999951570214356,0.01246328336720164,-0.06535658701080772,-0.10193087008308242,0.0314501504308265,-0.060183319947013335,0.03554103955282285,0.08573062643901158,-0.0525630955061954,-0.029546758652303936,-0.05344850787804525,-0.009560448444844875,-0.0355726883067285,0.05628207447662194
APP,-0.03336124388684202,-0.008704837211753315,-0.08262516519010014,-0.0326009434026565,0.019565743807938827,-0.03844198108619907,-0.011378834803882217,-0.014920428621614842,-0.05974318341533484,-0.052671997562300135,-0.06661693090716077,0.05421221256773713,-0.032664042869401486,0.17344942235839697,0.0,0.008752411543186197,0.06897435813666628,-0.05763965684285976,0.022753915098936837,0.0441863037994683,-0.052214585456734595,0.056274683380134964,-0.03573916261002008,0.03455196024447623,0.006671914750865727,-0.05211115918969954,0.03244559514684032,0.030196208639447344,-0.1449054453781736,-0.06021013597456686,-0.1105529261381052,0.00020981491740130727,-0.0011239344070945504,0.0026737359994641317,0.0004997056340442397,0.02622552410093224,0.04911636268949684,0.041947467825551296,0.10926775966640487,0.021787300819241524,0.0010339529838449938,0.035084977878010064,-0.054174022515652086,0.08203133201428339,-0.05716083885873652,-0.001165361714837449,-0.004887204024962844,0.028214017894843058,-0.05942679750300792,0.028053889040534262,0.0064246210794988105,0.023613997667239404,-0.07397514423462145,0.03361843151608529,-0.04373507728870858,-0.025657891141618858,-0.05955624652335369,-0.03809666968150616,0.039336376180106374,0.0066283024926882764,0.022593276939390103,0.08994394660255747,0.0396284291485935,0.027951812272113536,0.08322888122341099,0.07084089938076715,0.03627769548303681,0.008577869194213942,-0.09735345793371641,-0.030401239756102705,-0.054612643733472244,-0.028086775237554616,-0.04114885359207269,-0.020436602281204457,0.026942436703048533,0.05163185716238828,-0.06341599473883555,0.0040063032500807306,-0.06769452436389603,-0.051138755713132915
ARF6,-0.05655787964730102,-0.04731143659860892,0.010488863353228222,-0.020860187191544928,-0.003952075957270791,0.00010929844734191087,0.017099761667844913,-0.019659961906119065,0.04165346102531432,0.00016111061510624213,0.045523770233241556,0.07675365059639966,0.0033838644981147897,-0.007865215797691422,0.010795654470096158,0.0,-0.012349375424782098,-0.08831862892124338,-0.0035487594094487707,-0.04796528527389039,0.021595719120066494,-0.04401676287258609,-0.11344084796767583,0.18143526966761875,-0.0027624207360140186,0.01094323808015189,0.11276467159159816,-0.01883955757537822,-0.04139070182354056,-0.04937567066108804,0.15705594805540668,-0.08562072303474307,-0.117474310231867,-0.018059576964735258,-0.069645408326401,0.02576678926788368,0.0301079580018794,0.06469932703850989,0.11723421581903037,-0.00897710738609776,-0.06842754312593317,0.08117825290108013,-0.05804634293570491,-0.09845418466161654,0.05063206662803387,-0.025757580849997675,0.04486039358767347,0.06994041975635734,0.025024790236402493,0.09742507147484848,0.11659299367919997,-0.010934634211439488,0.04226368468135683,0.017836062865065307,0.102099913055405,0.06047552289776896,-0.11753062765704256,0.03287577868504688,0.011720174135795718,0.05052953417544953,0.13598865458337692,-0.005283409133652826,0.043145251800655246,0.028377112962103834,0.048578308361630025,0.05911602056645182,0.04457040146606338,-0.04578531424795196,0.007459290472749829,-0.12044278849632668,-0.026633114334081404,-0.011197155542739017,0.0064338765711989595,0.08639218842364489,0.029472979029658303,-0.0033597403342726837,0.054893619501440574,0.02998746811783619,0.005525454392393914,0.03451216504547746
BACE1,-0.012501500230526586,-0.03925168857998608,-0.007021942575295469,0.055862840704151644,-0.019230433367404067,0.016826281669987866,0.05584734934805773,0.01939775067111989,-0.05529998033769998,0.002720338134746839,0.040798615779144516,0.13598328758749137,-0.010983458682195654,-0.0011718860345665222,0.0931043177623601,-0.013514684209464419,0.0,0.030678260403651153,0.0691662087519338,-0.08561852564829618,0.002357294998865506,0.04829649826559941,0.033928923373307406,-0.03436978776541113,0.057988753042068464,0.0039321375646116635,0.04423074242091832,0.0769150656036823,0.023798243799732183,0.01219032017489066,0.04721684563796517,0.05694926476584441,-0.01781577131547799,-0.020167040974682963,-0.013567058587381331,-0.05114532443446036,0.2470286590862988,-0.0018710445100189666,0.03100418289955538,0.012593552670630786,0.17080638039243626,-0.06302101721330228,-0.0561529627270602,-0.10428106561897107,0.0775527719573014,-0.08127484178122776,0.0542321569578346,0.08976309643959847,-0.029158139854036296,0.03978210926519456,0.10134050574989976,0.19703950214203805,0.0675826056432841,-0.04795326509493298,0.061290861998221494,-0.091103139622561,-0.02964012405368928,-0.05407591674981725,0.06266817229701288,0.03958540198627928,0.04352143704787791,0.045056842124369605,-0.01860741545686524,-0.07384159634166015,-0.03740080710844336,-0.007140331977620772,-0.009360505829555912,-0.014688364799694247,0.07802397142476325,0.06817255969388489,0.0485182319154954,-0.027381286582346315,-0.0037844129508665765,-0.0857177566143089,0.10460411677523769,-0.021255442208679334,-0.024627644242448378,0.00831181615115121,0.056944553939152896,-0.02537742508738085
BIN1,0.0517523581736669,0.10767062143972632,-0.04229072500892348,-0.01580525777227124,8.613475984307346e-05,0.004753303537890309,-0.02568176858451708,-0.013583210671676317,-0.05355453926127188,-0.05839699390009545,0.010111003740152462,-0.022620931209906086,-0.02460046376369998,-0.024425813921845077,-0.05313565820945874,-0.06600787486559496,0.020951409882310774,0.0,0.03079709687031992,-0.040064559110798446,-0.054843091591558264,-0.05220105578663109,0.0009247263645658475,-0.02184123313951319,-0.02071698097228268,-0.03155756356193538,0.04292253989858454,0.07487335429832997,0.011756965399976603,0.01600865560433615,0.02225118431317008,-0.020952934226480834,-0.08422741244563522,-0.10363243625474283,-0.0027912436285948993,0.017856715699649035,-0.011003329187867264,-0.030782798716075956,0.01714275969721906,-0.011596167992297002,-0.019490018791046056,-0.06420093139022683,-0.015779225154205948,0.014574987137298615,0.058121416915068815,0.1315083366500039,-0.07554515552733572,-0.04464439140969681,0.070570833005106,0.00042511908865106984,0.016356183557586536,-0.0009226716643847935,0.02013233037100076,0.10218340418625593,0.030092992502590548,0.11305704710774667,-0.0036725759329183805,-0.03359494127758347,-0.017357484225004986,0.05465872398052894,-0.023908209597615165,-0.05093061891393505,-0.011581428530304942,0.011980060169462755,-0.034956447791614415,-0.050929611984572645,0.006151842422018977,0.06053019438875292,0.054526502324070254,0.13377437702635173,-0.014440233231432658,-0.02377776846875325,0.012354010815838158,-0.014923351690388213,0.05911817369318523,-0.06151475210332237,0.015755105963132742,-0.08501538954584349,-0.040257676941476764,-0.031451358698698015
CLU,-0.054105296607456534,-0.028451475450118554,0.0317597303603549,-0.0441418785898385,-0.020213332947279124,-0.02222795469278496,-0.008580846426504599,0.08389270167889874,0.01628904609564402,-0.035268548006313676,0.015833991516640996,0.06464980289729387,-0.03387014144764314,0.20457522109706,0.02408007150321706,-0.003044787235508069,0.0542267349149215,0.03535466608874273,0.0,-0.04743306652999107,0.004425664580546614,0.0832911567303727,0.004890068566360625,-0.01975370146604565,-0.014135085101774312,-0.05037080222694861,-0.006587533880494955,-0.0015650947219436149,0.04281712919650451,-0.03522646785594753,0.04126522859532782,-0.03318847408545226,0.12934039010126885,-0.03232299983799534,-0.02161270053815649,-0.07024739779620784,0.07612036671510826,-0.08161340366473817,0.039346023404907504,-0.0060481104857768725,0.036452586839480466,-0.07907578826678133,0.06396675629388872,0.04245019960887651,-0.03121639321269162,-0.020766525731575645,-0.05245349109139253,0.10887205597838825,0.11050545913859097,-0.032370149898544275,0.07359688849405996,0.036907874833190316,-0.03472740280628517,-0.09218730679729077,-0.028654477957164907,0.03244394616993567,0.03506414806925107,-0.011244537995269826,0.002581624438423351,0.018669445858448198,-0.03304529093438825,-0.04299471310396743,0.03452851584835516,0.049154178106194074,-0.04233789888733298,0.0007484879590026658,-0.041632886315361516,-0.0043250567403555155,-0.16293509031167044,0.012568613476063323,-0.015907019579090634,-0.04001589224854964,0.08154247556640883,0.07381954788595486,0.055402427661927114,-0.08136589626868132,-0.04988079531503017,0.0772060026079438,0.08390816628426678,0.09139893511255147
COPA,0.052391936219007854,0.03341686342037663,-0.015136836578856411,-0.01078808840606586,-0.02902021008756539,-0.001092250116225581,0.03089386934954375,-0.015515863047941577,0.02669906860922086,-0.03964211169732846,0.016147667815020382,-0.052900397429718055,0.045073964147290375,-0.01780303316839343,0.04448454802766694,-0.039149596861830345,-0.0638567922819574,-0.04375394313330716,-0.04512332270014808,0.0,0.009481771876694432,0.070644238599447,0.08664350401068113,0.15629724850621723,0.07741342302633501,-0.03091245085305424,0.057869470365573855,0.0754476294851753,-0.018844154609762777,0.04323512088016333,-0.00041069567007365464,0.034647076570201114,0.022751744655712038,0.1013069499919134,0.024218857024557887,0.014760203008179663,0.0397412767271464,0.0577383789029335,-0.004355442003981835,0.04172163761846884,0.10504208062453965,0.013857460103535776,0.10392227664320015,0.009546831032807375,0.013920047350938844,-0.027922634532068356,0.09940265610939081,0.0014767754477417146,-0.023755815793689947,0.036560892966680365,0.020674505473686555,-0.0305374059643906,-0.09813742049919309,2.545825589788408e-05,-0.00073783885480145,-0.0038962095014088444,0.07483558975968803,0.04580574716842023,-0.006861399656792948,0.05556328258887682,0.06445953880518382,0.09441339114547635,0.030578729632817915,0.01818158042151971,0.015803202291041776,-0.061091866604624775,-0.06160088959472453,0.0647812393493005,0.026735666526825512,0.03914177049978551,0.012351430976560615,0.037823683333564666,0.05793490368750173,-0.0035602335012331456,0.024080033066589738,0.014667187381269868,-0.03371619662998874,0.01326020146646893,0.09476393592709981,0.04310845211842104
COPB1,-0.011851069796873588,0.04913163542810443,0.07206039464619367,0.06117146573844498,-0.022566373239745013,-0.010559448403567345,-0.06612805051310049,0.12444399954699602,0.03471455071389949,-0.09156666420573918,-0.03892323776761613,0.0644294058312596,-0.03217408858220035,0.025775866067134515,-0.06718789282281026,0.022529191728252705,0.00224714432764449,-0.07655198155333869,0.0053811617101595394,0.012119011023518308,0.0,-0.03940707505299347,0.08763878098294457,0.12999281585088415,0.04179762296087461,0.11092286377132059,0.0661042481030941,0.14002178743941746,-0.046365485571706826,0.16396117772182886,0.023243937190357975,0.11727319332672906,0.0902525870330419,-0.04708831850706901,-0.016612837878291892,-0.0355429501558615,-0.031506463428306285,-0.05681472361655469,-0.06971666777147287,0.021909895610712417,0.0588063450239996,-0.03984759330567345,0.09355705253869942,0.008471340134025283,-0.05733601283274776,0.07348508588657846,0.03271940171935619,0.06929725718558069,-0.008275204719848004,-0.12399259159695811,-0.03986912160415855,-0.0829469916451613,0.05997206058949149,0.03404166310496852,0.16362646975707293,0.0944643923766753,0.014450127165486427,0.1517998816282217,0.03439055817662985,0.032246586983118705,-0.014056847156068768,0.07961200567596367,0.1196425507391683,-0.013976378205425476,0.07569855776802938,0.023827180851522675,-0.01553791970490084,0.040075815074371586,-0.03667717274158689,-0.045980887157030706,-0.029787638968619932,0.02134070569557953,0.0036282707375275146,-0.023632240788528498,0.005388076454128321,0.0005307283832707272,-0.18422239357146186,0.01822246752940235,-0.020519712737721685,-0.02316968763430793
COPB2,0.0337613976593199,-0.06269056711087018,-0.04513630016481264,-0.02756674107767144,-0.04029025177414663,-0.0484971709439353,-0.005286964209672117,0.011180018555207194,-0.06166247185184813,-0.037406657230068134,0.015971815455134996,0.010923190122768772,0.03691946941646543,0.04125040443782142,0.059641481500742576,-0.03782093115487476,0.037920045664344246,-0.06001364036076224,0.08341278414112746,0.07436877076112083,-0.03245714960386003,0.0,0.05996355121883207,0.14034520088953953,0.13719000674465773,0.07287186008625958,0.027127969355064663,0.03207159118317142,0.07537295700762124,-0.01242298770653811,-0.0356132675662536,-0.04211716112397901,0.04660137359057994,0.04166362465874314,0.06268218695119313,-0.05329118626772537,0.046150419748576144,0.02035229778708932,0.01985016459430735,0.0154657526704496,0.07074497294076283,-0.06821888521923332,0.056478401254739116,-0.010118639558212794,0.0725445622027405,-5.68361316423557e-05,0.1056244832432977,-0.012275568209740536,0.01561866221154946,0.06203742709146073,0.04955931742428912,0.013380036468748746,-0.026359754606068684,0.05223611030739649,0.013333732142348311,0.04234506915126261,-0.013042149953085601,-0.015890732105852293,-0.03992959378763555,-0.018168555173509935,0.037003160533684576,0.06527919125223697,0.016061640798158805,-0.0344962096864179,0.051819066248868895,-0.053168982933163786,-0.05227334341264838,-0.0837762708022398,-0.04449095894053525,0.0019596644417223096,-0.14604755142205764,0.037447480587849996,0.02457891431772282,0.038085446659148106,0.007161559437803265,-0.01580117069506773,-0.12088422174055204,0.08115857479345821,-0.011515536696855606,0.02098897854483462
COPE,-0.017358847028510947,-0.05207424016416827,0.020829889178977278,0.01596528740305168,-0.054980582390679295,-0.013071251229073518,-0.03521082727455159,0.15015330480530745,-0.04234776328286724,0.05667043144899329,0.0917405258548769,-0.10827209381931459,0.10879871387191006,-0.09823252808152919,-0.05766015722941141,-0.14838146966906227,0.04055266259953622,0.001618378169318463,0.007454950421221386,0.13885002080395775,0.10988251512054578,0.09128163960402395,0.0,0.23984388421672567,0.07420106945702053,0.20766193325875232,-0.0032833444076383503,0.11082628827573651,0.07401206607915607,-0.014212826552873472,0.06325448734703944,-0.03648102478570681,-0.033283864629240933,-0.028848888189452405,-0.03045550289302206,0.05796597883554298,-0.04103850415475586,0.027515009974306084,0.16164239997147442,-0.13409056628756666,-0.0962424212809593,0.10487740847668306,0.07390694179045493,-0.06180713322267898,-0.1338493552594002,-0.0005579231068768077,-0.06588952791354478,-0.05184918964975021,0.06386155498302062,0.060775934916590994,-0.07771089254014578,-0.012418157379940214,-0.11176074558912281,-0.024482810500108775,-0.14317629195881482,0.028731681955951865,-0.04904340503827831,0.0067092302845501136,0.17053779098944524,0.012884469431926351,0.18287344284636298,-0.011580854879716326,0.12043833883161334,-0.062390397338916465,-0.033122389596514236,0.10238262808180093,-0.00011230467590570348,-0.0067745890296156425,-0.040551482756919215,-0.06529218101836216,0.14214603361929967,-0.04986905659788637,-0.08734766339637226,0.029969079768413922,0.014892325327286265,0.009278166034535067,0.04559283660611801,-0.10467028833673568,0.03962716945281759,-0.06957262878766785
COPG1,0.11990942637856027,0.020398597738493913,0.04275479855657066,0.058682207099669995,0.03941173909699529,0.025034465790867627,0.018318704128450172,0.05169676347597945,-0.058292224260799615,-0.14164763336508726,-0.06792654819894302,-0.0014213327804950202,0.028092101447873594,-0.02678728377392867,0.041060560667072706,0.17480451780610137,-0.030258464107364616,-0.028155591815566174,-0.0221819147077814,0.18449389866077565,0.12005281527860638,0.15736726165471657,0.1766645383770983,0.0,-0.05304879449075363,0.031961435128651496,0.02729358601754956,0.06086480549939903,-0.06577718564459636,0.06732232882583289,0.04221093057941301,-0.018044802599535097,0.03753567584240082,-0.0010596172097053812,-0.03238639434109826,0.0629303192192029,0.037117462556503784,0.03998758893505219,0.028139342155038466,0.06563181982232794,0.07552714324141406,-0.0007544254031265326,-0.06839834877951288,-0.026721877671174756,-0.009902277104032211,-0.03484126989772162,0.07136954012334308,0.08593804395741292,-0.005598369891994448,0.15193537646063024,-0.00013743503943269112,-0.12902372163026668,0.002338316934618185,0.015291691591781986,0.019619666133015294,0.15436728922928108,0.06647310533527823,0.022240287582495157,-0.022412966469049757,-0.08767603741699899,0.05617914419189604,0.0674193893560316,-0.04351328898306629,-0.05309968768278967,0.06131305846580339,0.026989415025800066,0.034713886010504194,-0.0013086402275632803,-0.031549465468196654,0.09511160048322324,-0.008469586204817532,-0.046475768734932366,-0.008955913265287382,0.03600610497645283,-0.0007924719662020592,-0.01840236839828307,-0.05472205043800519,0.04887024867236306,-0.05744788090560441,0.07138001794424781
COPG2,0.0383893846869792,0.0638669118775725,-0.08385085567445855,0.08851865987442115,0.01016810488545926,-0.02746523650141699,-0.07217251200730428,-0.04678880702438476,0.04021117087511794,0.03799690459989066,-0.03132872501729819,0.002428599710206012,0.007846569275242962,0.03461730363240002,0.009198634490971523,-0.003087745188120983,0.05922901217824432,-0.030983798738731184,-0.018414912624776375,0.10601507794133319,0.04478424650361715,0.17846784875694977,0.06340909997795222,-0.06154548653203279,0.0,-0.06055729396910022,-0.018333554689710634,-0.030634544867828968,-0.10039626912538421,-0.08745942562354969,0.019098545406751523,-0.08157507670971866,-0.051757691567054266,-0.04132833686922775,-0.08144172216880007,-0.010519732312159948,0.05447079304294766,-0.06791941985931091,0.09775745658922787,0.005606210599534001,0.002788009505573112,-0.00389443459152007,-0.006232089372346752,0.05098414899560328,0.22598913626338432,-0.005071378418381029,-0.0486907823606659,-0.08418380806938684,-0.1726017907002158,0.0007868108535046911,-0.13661666770105874,0.0596458544255677,-0.058263395442818985,0.11102673247876928,0.012433073240007886,0.13360230241386825,0.08809525430890572,-0.024550022341426274,0.0383792789636455,0.06130458835072476,0.08614091592148145,0.0668611169188998,0.17302272287063936,0.007026699613932182,0.013962533905639988,0.040990421552662165,0.0324836869542382,0.09912279257239763,0.14573442368839198,-0.08825788789160756,0.05190805656289118,-0.15079556664779115,0.09349259577931443,0.08605696306988349,-0.01701350874694673,-0.10835643729370595,-0.021112535583327194,0.002515769486232981,0.04984999385377529,0.05708468810460887
COPZ1,-0.05868324843841515,-0.045100825426634884,-0.00026675505524767116,0.018020342188068892,-0.0378408704954548,-0.024150500208794747,0.0023992360788722975,7.788409572774698e-05,0.0727050706105772,-0.07507967008134123,0.10360513736909786,0.21136778473506065,-0.16794910523269996,-0.10804047025113195,-0.06405808176438857,0.01090605786503474,0.0035808798080708736,-0.04208060576451654,-0.0585086967143613,-0.0377446259777697,0.10596564419205083,0.08452159579626167,0.15822264434995476,0.03306109879318982,-0.05399291584976464,0.0,-0.0823264966593922,0.05099330235040768,0.011473996050017421,-0.14431863670554973,-0.005755580042450687,0.05736247952162429,0.0694233362574117,-0.04351036805047385,0.07619485379071202,-0.007040027324503447,0.041432758411805555,-0.04346475455669403,0.028397280290701536,-0.04059896226455643,-0.014607054971605247,0.01267559583507002,0.09557371791938546,0.12900644661474864,0.049804054255056796,0.12783809495444803,0.08442177651742186,0.02281879960682254,0.002891894435425262,0.11589313463372111,-0.011448822539638467,0.07157508529332188,0.11122249114539645,-0.012995004241237425,0.06765646322973268,0.02358957501720724,0.05873175023889061,0.0015109976258192704,-0.01813940920685682,0.03968125008995763,-0.040890143237801116,-0.09212941834074724,-0.07337242878089044,0.09505451075547966,0.050486988588562536,-0.015942199503521628,-0.03680345622927375,0.012794472568007479,0.058558049666177614,0.008053388069543267,-0.06109640299102432,-0.025710895330420248,-0.07894389180474506,0.057077150660989624,-0.0067374334945083615,0.062492744367152554,0.0604784284593028,-0.023968384363139646,-0.026844884228285834,-0.01034428902326807
ECE1,-0.015799894222461287,0.12198821823148831,0.11838681382927294,-0.03235395593105341,0.004857522674891456,0.0367482160083558,0.03927062985766342,0.027039314771559658,-0.0732758796464154,0.08983735687387026,-0.0286103676509848,0.07157910203542658,-0.056469720584160416,-0.0060991972812620065,0.04567978913646556,0.1287123321648803,0.046132864353093425,0.06555247303860814,-0.00876374169682934,0.08092754111749913,0.0723266798110413,0.0360371360397328,-0.0028651894047334032,0.03233529011384216,-0.018721565004727336,-0.09428981528029659,0.0,-0.10863023541524323,-0.023317797481801628,-0.06381736814274216,0.07259208303154116,-0.04823490390284335,-0.16177897430121105,-0.06920059367718125,0.006218550262218752,-0.02830837443249873,0.018929542782651285,0.06618345384368785,-0.025382278272538646,-0.04338601183008699,0.08190090580697498,-0.07130726679911625,0.029437813299515656,0.003239586490195805,-0.02447248000351894,-0.07146368671965199,0.061527801848981455,-0.03230773629103712,0.10787590239231677,-0.07633365794420383,-0.042782281702240375,-0.09723507383108482,-0.14727501211182714,-0.11896846982232705,0.13432887670649465,-0.020419467613392233,0.05939406547222106,-0.057323846836784605,0.006702017582976472,0.081477668205479,0.11661352256431017,0.08406476243703329,0.08510879311464291,0.03799666619917484,0.024596645943567298,0.024582660480501405,-0.032392018791527116,0.07244849900643302,0.0024079582702936963,0.1126235275779755,-0.032249767338951685,-0.0007022277535929631,0.026580698116740548,-0.001294164140068589,-0.009947607075082302,-0.07333391975635445,0.11807203871775375,0.11475358632871012,0.00940276760872887,0.09062189818522864
EIF2S1,-0.14923267011318672,0.06329730183541354,-0.0755987683730993,0.16568851117037808,-0.015765652673860993,0.004165519660711344,-0.012917503443419947,-0.07978298098893272,0.04046861540919943,0.05259766852140093,0.05355316200015523,0.12469539520964505,0.12054444603025521,0.07404496537162739,0.051029002960115366,-0.025811552047169277,0.09629282451014802,0.13725471650126927,-0.0024992151990074853,0.1266452064478185,0.1838912633106025,0.051138714895348054,0.11608497280917825,0.08655232131777656,-0.037549419209190874,0.0701026778547662,-0.13039082718068426,0.0,-0.08000782078490395,-0.10361106777310734,0.027915202601565218,0.06304822151110728,0.1061414500282218,0.03744931225805283,0.09846791179125033,0.042344305099144,-0.10093524595954884,0.057407318274983445,0.05232425201216382,0.0634204926527609,-0.023720347686213273,-0.03395591158652986,-0.08212042513451868,-0.008589722159320471,0.10887352520766695,-0.2433401712380773,-0.06512137148337548,-0.1686460495416817,0.16104039498098427,0.012768737964946502,-0.06598279094624983,-0.10818433933663814,0.10123078136409476,0.18221838267392507,-0.09783731904559495,0.13399100628482466,-0.09472437716737078,-0.16252435984189256,-0.028104629219773573,0.09102905357959465,0.05333003681124991,0.0683641011714202,-0.08306210377078134,0.2156505175840931,-0.04739851557682503,-0.052624051363927164,-0.18883985383256288,0.03813102401083457,0.05166956690666711,0.0573213619756124,-0.16832883133606105,0.026782124093006145,0.09820038852852005,-0.06566349003076836,0.20486848893517115,-0.13479463708281256,0.009345046566938731,0.096610267219159,0.052934311543036475,0.10197186792488465
GGA1,-0.06271959098171236,-0.007221875324964857,-0.05525636887060451,0.034938344964103835,0.04973196241638564,0.07451430887247477,0.08418227585591845,-0.11373710960898528,0.10605587610941648,0.09893560656417014,-0.10829353846774724,0.0059430696655948,-0.016089582324749264,0.026800066645384885,-0.16599273454488575,-0.038440224745863956,0.02019608214108451,0.01460948596105954,0.046346856145447535,-0.021441715242548932,-0.04127622768925058,0.0814675328712573,0.0525503304776463,-0.06340557966756627,-0.08341594489396391,0.010692416661746676,-0.018972455979449833,-0.05423406402720668,0.0,0.09252897606476976,0.08919130259022683,0.05204545274544151,-0.031313122940537355,0.013029528218012875,0.03988647361114614,0.07225825971587496,0.022215060324887497,-0.006543679715471936,0.010379214428121765,-0.044401145236452735,-0.015479694440143434,0.011492809507375393,0.10414823555415699,-0.11693677403472104,0.038462688464592706,0.08193812479909847,0.04280076465969701,-0.03208714923331028,0.030467778561142453,0.05522488643085449,0.06997216294848757,-0.04822647291012112,0.036914903036818464,-0.021672266400662173,0.0964097669758814,-0.02016553953162936,0.11201487426779924,0.00975529047924996,0.06889281558551508,0.005126013011864027,0.006853484350667446,0.027296701948950983,0.05919556062701826,0.004505598120071188,-0.015004536375684727,-0.022718595075708403,0.06959789391457066,0.037757345181987666,0.005783730732178681,0.062071954321995554,-0.0446220606681434,0.02940184797202552,0.052851549095920596,0.056856708193701,-0.024847969834630213,-0.047711065872202335,-0.01774329840970909,0.014646116078527066,0.04019525994515214,-0.00778383762776087
GGA2,0.09062556745121701,-0.06646817878985793,-0.01592558360439121,0.007063955873005217,-0.008328392006327833,-0.005264843942906643,-0.02549149513856867,-0.03514890807901813,-0.04748091381806128,-0.03946299452182926,-0.054643079072375214,0.0171691004332882,0.06474337554240991,-0.00890105764793514,-0.07246391035122941,-0.048177462274766394,0.01086888806314932,0.0208998101773368,-0.040060800022235804,0.05168533403408952,0.15335360892828026,-0.014107265857188375,-0.010602326259494537,0.06818033094481772,-0.07634593267872171,-0.14129649219367954,-0.054553510445882934,-0.07378934274584407,0.09721326752707031,0.0,0.06277448454503229,0.05332927682470414,-0.022736497485166943,-0.09803182270686853,-0.054132483959572784,-0.12459723068078393,0.010357006992034581,0.15252368663058669,0.12912258065439794,0.13849938488117744,0.09780035038475322,0.07068404395551833,-0.026166029327694046,0.02276819321221532,-0.009397262992849672,0.05080238628386038,0.026029944487768877,-0.01665619459764007,0.06115237115324534,-0.030787386564619487,-0.033017869554397374,-0.04021635388049926,0.030311529250726343,-0.10003843717442673,-0.07082542293664565,-0.15539273588933597,-0.027769270739975437,0.02297434721769012,0.051726509285428726,-0.022463792476320237,-0.007227737262999277,-0.017597531924410263,0.12680571746496197,0.03653957322368994,-0.04129379682526809,-0.019893982821135366,0.06078657498121,-0.022752691663983905,0.1080747158365576,0.07840306907453427,-0.08506014581103641,-0.048983471023068804,0.07549632733770294,0.017746334117257442,-0.06932365615833304,0.02491455232743413,-0.07839429307364457,-0.07091415675913042,0.08306649726356759,-0.03670886663727027
GGA3,-0.06419550057721865,0.009569838217791284,-0.055948220905527646,-0.020374142056600233,0.01617718110901995,0.03298898621254537,0.034240966314645585,-0.0015158536856634418,0.03642283323761505,0.007326173224919051,0.03808162686778484,0.07635647731383366,0.07499445725429242,-0.07173425805112646,-0.11567678947927312,0.13323217802012977,0.03660081874190709,0.025255992362909693,0.040799853243464274,-0.0004268493264681382,0.018901074390129877,-0.03516028968170474,0.041023798943996104,0.03716624858763116,0.014494505459957415,-0.004899162976730056,0.053950676841938904,0.017284312244319353,0.08146932493309968,0.05457666348603255,0.0,-0.07372841142985491,0.05336531298422026,-0.06986631918195702,0.0020444157812481156,0.036572002773989,-0.05619752702756831,0.017863042345224678,0.008586767237377614,-0.04870786488987927,-0.1655981420084932,0.06414974944982545,0.05834759262488144,-0.019946175899351756,0.05864193297408389,0.023162216876349388,-0.012215554479823327,-0.0032138605040584176,0.10187949682666421,0.025389600770489178,0.028943674082295992,0.08245764904815046,0.011391199322684977,-0.038209636967746256,-0.0324673944096976,-0.05136022648092225,0.007201189219670849,-0.09835507477807184,-0.0357796415692426,-0.006888404751774027,-0.04617175066456714,0.07778598328423023,0.034848553590745374,-0.03918379938398597,-0.054979863045800936,-0.006969312675781891,-0.022583333911402995,0.0016960679097846724,-0.012203381519396428,0.03686337744732106,0.10419420432493183,-0.07535451247418383,-0.040949379436976706,-0.014231783060960013,-0.0214653857646579,-0.006699503872431766,-0.01636274947591943,0.0564202168888934,0.05291396486184372,0.007174438705197515
GORASP1,-0.1276017452990057,0.03913212075057283,-0.005433222850057938,-0.09389393157603226,-0.002308058650114654,-0.0005784155160077194,0.04239102156022245,0.0715706523894078,0.034127616140379825,-0.08883032445038677,0.16773120310959205,0.10635134412530957,0.05593640360586855,0.14158282925096066,0.0004014952057911798,-0.13283167426092413,0.08073279135571926,-0.04349348151765069,-0.060010831968349526,0.06585505079187699,0.17439882962706532,-0.07604448603627664,-0.04326927128859647,-0.029056543677243852,-0.11322142545851022,0.08929532485365517,-0.065559717474557,0.07139243196047379,0.08694055710746601,0.08479251907575912,-0.1348350788484669,0.0,-0.23464597852936803,0.010468641882872446,0.07891743871291573,0.06344633168202304,-0.07826445393757396,0.11230280020548424,0.09521888102371506,0.05694620109232824,-0.028461389775436174,-0.010021085078671008,-0.10508616730253373,0.06052885562312401,0.2523137153589316,0.021411821259040675,-0.01498723672275518,0.015726299181748345,-0.11833598495382831,-0.105768409278079,0.04576885824573019,0.1687586086802953,-0.02660895124414904,-0.24882755658655198,0.04290501371828192,0.09751197519850474,-0.02433720840908313,0.00909887337138562,0.007783068007232615,-0.06993614556816595,0.05923035753980504,0.026541737075056113,-0.08889628937702691,-0.1171177115560972,0.00786940775092749,0.08753984279786671,0.07761381014677352,-0.0186556285287315,-0.055451069265294986,0.08235996205438097,0.12378840408837928,-0.25755930563820556,0.1217201847710713,0.027023249021660003,0.024312360631344735,-0.05849904805500542,-0.05234899289450408,0.04054313052301531,-0.0038476220804289515,-0.06749342941870942
HSPA5,0.06959028387589541,-0.0270764838887169,0.04090507344765568,0.014133647901970558,0.041537612223896556,0.014668168693823078,-0.0125375775285292,-0.008992689270498176,0.06694633768442594,-0.029183391460981017,0.04144194159588823,0.03549696367788256,-0.032702627778915534,0.1420920724419529,-0.0012539856726282573,-0.10626084520639097,-0.014725636745970654,-0.10193900466014301,0.13635910296776335,0.025214177438200605,0.0782549973654144,0.049058578847861876,-0.023017274931142213,0.03524063002311342,-0.04188452863767724,0.0630106403372644,-0.12820511126150977,0.07007642839707207,-0.03049815853677305,-0.021077690016883165,0.05690293720881053,-0.13681090699012416,0.0,0.18312911577587954,0.09021825369461683,-0.05884912549040935,-0.035677735246613405,-0.08814415399215372,0.03969646892719424,-0.019488399936993688,0.05978474185594608,0.11066015834441466,0.04060976087661861,-0.0017818809240705473,0.06603964480217801,0.032159144050210406,0.026820301251605644,0.04947504095468301,0.0043478419309668,-0.02377706265867311,0.04097121065507754,-0.10222149830968168,0.0033026128270263197,0.007271300090553924,0.0495665587764576,-0.06491586054723639,0.07964397828068162,-0.07269003903423303,0.04064223286455669,-0.03787328482222088,-0.03113139256394489,0.0013731399050740882,-0.10120333011802032,0.04603339599458676,-0.044247730376054395,0.010819378189832833,-0.03102880151213597,-0.10415239735892318,-0.06267889370952735,-0.051449196997244546,0.04423321377392306,0.08960487539823159,0.10518100786464675,0.13931434974880683,0.02434100130962708,0.05436541332663461,0.03363809790419422,0.07246229252610474,0.031395387593094994,0.004172456977317734
HSPA9,-0.039382391729895536,-0.009954903172861287,0.0444774818219326,0.029675369961867877,0.03141308251586246,0.04444511510319345,0.0685485644135962,-0.03508263122014251,0.00440094319403439,0.010308194800263293,-0.005147626906826619,0.00721328218394802,0.03516182175684923,-0.06044767512956775,0.0029419573081665372,-0.016110320116999307,-0.01643909363076103,-0.12369406797372277,-0.033606854358636064,0.11072242142716988,-0.04026538340019248,0.043255320093375654,-0.019675033180919583,-0.000981103132008466,-0.03298320831157815,-0.03894640755491223,-0.05408281860027233,0.02438355499624582,0.01251532581110626,-0.08962574160443393,-0.07346994619804344,0.00601955219893649,0.18060244820300997,0.0,0.08675378934259052,0.020269091848285157,-0.07006429855718646,0.03912995624972409,0.07370572086262274,-0.05034054510176557,-0.000572928824094909,0.13531329254739352,0.10305189942153167,-0.01244884830484768,-0.08946994195182058,-0.043036936478053615,0.006309991855967645,0.02529902089913449,-0.03660224873111371,-0.023564417613444258,0.040685112296581276,0.05869208620121782,-0.03720044637178155,0.03825599546303633,-0.02182423142848683,0.03719278553969211,0.057150196428637286,-0.01420522461901118,0.04478609918777192,-0.0486128875348893,-0.09106244140784057,0.0377467304126544,-0.07837644405791323,-0.03799102042996056,0.048102876542846805,-0.06226349940715909,-0.028308696051851375,-0.015780790450501552,0.05312566119626001,0.038186132483784635,-0.08223980675084991,-0.023433093531980073,0.0782284295319434,0.0870456047473974,0.02203822831011634,0.07524305255634528,-0.005525510809801556,-0.01047607339325687,0.0882714276706574,0.04742186578880618
IDE,-0.021773365376420644,0.055224708262266206,0.01319686575047313,-0.07615666706932121,0.018070204079413045,-0.04048191570006492,0.06402056134421286,-0.05140483568178623,-0.01668334409768888,0.15747727774469505,-0.15131474265721997,-0.2384399211239,0.03160989667478449,0.10890309969754502,0.0009234859259024137,-0.10434875657798472,-0.018574604749068198,-0.005595631440428238,-0.037741871545537264,0.04445782072428628,-0.02385946358932931,0.10930117050304756,-0.034885934449537796,-0.0503647231257726,-0.10916668181419646,0.11455089311994539,0.008162756441372808,0.10768273997433228,0.06434833341068938,-0.08312311941257473,0.0036108485671354222,0.07621580048631835,0.14943724195262775,0.14570908999347648,0.0,0.05780361587173536,-0.05178746760468688,-0.11582991750873507,0.05135814273036548,0.1668778433411522,0.051240834670966594,0.23978885140708442,0.2109303275632911,-0.027345628927481012,-0.03598540510183081,0.10030856333987899,0.0684773996305703,0.0150638772710377,-0.04864070456930394,0.032393245977180074,-0.04088120189558065,-0.08810928843138593,0.09661753965024349,-0.057876843291703374,-0.050611102274712015,0.10765610932137144,-0.06732800784895682,-0.054159442074695974,0.09199336243043653,-0.02812955725998601,0.0633450196644856,0.15211877577415145,0.09323941456778513,-0.07033792574887339,0.047245354975191424,0.06581023350101953,-0.07271678161375908,0.0346438167466653,0.1293972588075369,0.15386378503152018,0.016135164015943997,0.010404792295127765,-0.061088843852973314,-0.19226715628181543,0.11112410097768059,0.15758677365867096,-0.00750818559738935,0.054561414409883845,-0.09725169703229725,-0.1575815735076277
ITPR1,0.03086566670063901,-0.06064644999377455,-0.004372021745847595,-0.04178236063293133,0.06432823471615405,0.08662137375326594,0.03391015584771792,0.041127032026580905,-0.009602688205225338,0.0517205330210035,-0.017689774429866287,0.019016500969151726,0.05546876858423059,0.003835203240893604,0.025135246730131608,0.02002156569811216,-0.03631472502799791,0.018565039717226797,-0.06361910847382174,0.014051730088681675,-0.02647361585546737,-0.048192449589466946,0.034435048637420244,0.05075358537951416,-0.007312919478428209,-0.005488960757616934,-0.019271058166761963,0.02401537216995629,0.0604563746934736,-0.09922365217031993,0.033498991767437,0.03177762915181823,-0.05055305224371169,0.017655313131058746,0.02997767506263804,0.0,0.0801738783780989,0.04724428058047476,-0.01910014154788172,0.06727754170449957,-0.0573680104386242,0.03035340111860311,0.10311923439210724,-0.041139670349008915,0.014618532425859563,-0.009841129774013973,0.025125116919972525,-0.023690061937403015,-0.011505216504363387,0.07648806580175639,0.029242662378547134,-0.0008497652381412486,0.05670321613206515,0.06663360556715368,-0.042607534023534115,0.04243516559831882,0.054483515105718874,0.00041413982166489416,0.021191593964289285,-0.0069028098311472545,-0.07018277666177287,-0.008729810638569,0.01919303863353786,0.07359152467450257,-0.01185527445315574,0.034112618087231567,0.09167069291159465,-0.04411227281827606,-0.017088379179887335,-0.04256819625796631,0.0601028594387434,0.004264384999484227,-0.03690177421513716,-0.0016332938506536405,0.06107567810618535,0.017107348489882643,0.06061159985599148,-0.07678024871769124,-0.00522297586951473,-0.006490959154434555
ITPR2,-0.00013932631551398189,-0.006087448429002729,0.09744009127360062,0.0027397299478732415,-0.06634707522443523,-0.009776987200749196,-0.02013427709387889,0.05527128681508698,-0.04320279992236699,0.007151255889126394,-0.012814899920600682,0.04742539450440457,-0.037260637712906074,0.031977252275371015,0.04800819924770914,0.0238588372351754,0.1788769598554869,-0.011666716546571339,0.0703053624473323,0.03858420225574204,-0.023932589346875654,0.04256273344920213,-0.024862757335058463,0.03052919225047904,0.03861713433227188,0.03294502722188125,0.013141985907646448,-0.05838044469608248,0.01895537331399237,0.00841145895235691,-0.05249651080494942,-0.03997696100928596,-0.03125610728831632,-0.06223979510290764,-0.027390367426186436,0.08176418926821127,0.0,0.05681683195100912,0.023870713405029467,0.04311528910072075,0.05943044141942528,0.0191358569104486,0.01959421802200384,-0.033282634536974366,-0.07434689403612886,-0.052304282934316056,0.02906794427203244,0.013021647558127611,-0.050729494091584705,0.01517672245810087,0.046984322547261,-0.022447164878046353,-0.04147999833085358,-0.05490023922408937,0.011616257200485739,-0.020667295852918304,0.0795403292243745,0.01722702101371819,-0.07642035121211746,-4.440806901167115e-05,0.016841688574022545,-0.04268463187044384,-0.04953135575178539,0.05501033320965944,-0.06338721554921498,0.0026054258680114524,0.0028509471658016193,0.0593996787959857,0.05161101406409813,0.04026026787343809,-0.0028467627337474847,0.08501950639024645,0.02238372761118752,0.02147452777621557,-0.02121578109985648,-0.06463341596598597,-0.09040092029704501,-0.06332082089070049,0.01934413105787674,0.077920282339075
LRP1,0.04290087768984347,-0.022396365732662876,0.03611691340109008,0.0480384314940533,0.013171866895930851,0.01865093081400764,-0.0028054158970247343,0.016809230462859738,0.04761798697253383,-0.03840559106315777,-0.05130290544223433,-0.014883567672012689,-0.06156679051900274,-0.0007358244966628608,0.03889507129701011,0.048637062813669585,-0.0012852593942727685,-0.030962231020137006,-0.07150701905243141,0.05317798782976739,-0.040940254141153265,0.017806022101857603,0.01581346519675678,0.03120052181256441,-0.04567829827480221,-0.03278557904033804,0.04358829726804911,0.03149861198265225,-0.00529671350856563,0.11750976513451228,0.015829538938735448,0.05441710157567192,-0.07325389608959473,0.03297466118673456,-0.05811570817046876,0.04570661782654377,0.05389849244187221,0.0,0.01720773957920683,0.010697789531135832,-0.013188163170402434,0.08309896969530729,0.04917229831616916,0.03737962107557637,-0.03214487517019785,-0.1112435967885715,0.05119476469189376,0.038948496558742295,0.032843380794242254,-0.014070749815452296,0.013327328268380853,0.06320430482925823,0.031859619559367044,-0.05936638702001348,-0.06721988806583112,-0.06811888865649957,-0.018172140582000815,-0.026735239721817197,0.030637400321665672,-0.012958276154704075,0.06581607410258614,0.06358671052242801,0.033933669905324385,0.029307026107239644,0.023880543137576624,-0.02360966804144033,0.031012006190344554,-0.026330146398580057,0.15470604012194888,-0.009827738006720639,0.05831650027612017,0.044438826200594875,0.012840013430463152,0.025204738438085114,0.06531517014497139,0.04872707971541921,0.007502810327024507,-0.02356063692422794,0.035994048568289035,0.053349685092979555
MAP2K3,-0.1583251005339541,-0.008632544200252461,0.10577612160153979,0.008231642501912344,0.11684013204120111,0.02225434920020516,0.053351384842918376,-0.05786945087329611,0.21107813478201187,-0.0035593929141394384,-0.09122139750217986,-0.2678550342087971,0.07764984309684946,0.03647997349401405,0.32305529120823806,0.2810075295654384,0.06790831517888776,0.05497951179111769,0.10992184946194039,-0.012790736340152693,-0.16018515084460636,0.05537497834567379,0.2962161002131672,0.07000782354402654,0.20963405722863473,0.06829963337270474,-0.05330243818986801,0.09154258735008382,0.026788286229842515,0.31720122735537526,0.02426266634133793,0.14711734949324257,0.10519257566266624,0.1980469575988826,0.08216334176417221,-0.058919958050766955,0.07220395716540025,0.05486808747710839,0.0,0.10277669541049021,-0.062346143380524535,0.03823063884866773,-0.007701975089107366,-0.043204588872233225,0.008794946272450931,0.19014678077318453,-0.1786909561984955,0.06494763228322996,0.013943855054873904,-0.03832242598747547,0.1630812381182621,0.15259298398011253,-0.022112373603958742,-0.09050850205052483,0.07045410899160318,-0.07700605102113967,-0.15708168930842556,0.09333292789041721,0.04287403500827926,0.17650852399255684,-0.35073090351388886,-0.35334434149251065,0.024809714212315318,-0.08345799625326913,-0.010466418106783592,-0.19609762851295162,-0.3738797806148872,-0.031570473185447055,-0.14575609520609054,0.23754988377731795,0.04109832491890309,0.1252538877143922,-0.11400434785167197,0.08635044726775226,-0.22155783709050886,0.02679282668757607,0.015143885371646161,-0.024016225542021062,0.0028505918791433124,-0.06344463013708196
MAPK14,-0.04659028632030065,-0.10754366668425551,-0.03947571272523141,-0.033089803363851825,0.027862098150330628,-0.013099417479963191,-0.053062511394559746,0.1758981817305406,-0.020438767596663108,-0.06324829592873454,-0.16484213320823937,-0.0002691342938693507,-0.007630610261809492,-0.015085542685034002,0.02787648089816569,-0.009312144207272787,0.011937149326098299,-0.016094753823089277,-0.007312276337785645,0.05302422828915792,0.02178590673819151,0.01867111337720351,-0.10634113547167871,0.07066376623245947,0.005202727173022604,-0.04225773891339459,-0.03942901272675311,0.04801749104447181,-0.04959344947252375,0.1472414903552628,-0.05956040281629715,0.03807634683651001,-0.02234905136741202,-0.05853755641065032,0.11553595581328546,0.08981433438330744,0.05643864806950989,0.014761814553201292,0.044477907568713275,0.0,0.18565882518471405,0.006641953752156353,-0.05005525146392276,0.008272640843785956,0.02078164437821423,0.06537063095620926,-0.06267779342605781,-0.020480983052160246,0.12742372795044943,0.018536674127427488,-0.000672197212444547,0.03384897227930147,0.04615817030438868,-0.13514942497838847,-0.07067191174631793,-0.017257362228238888,0.049914112902391915,0.05579107967788354,0.026787214295805002,0.06407597019556335,-0.06830611965963936,0.0659367571187887,0.014264880202923467,0.012015376515772823,-0.05629466873109694,0.013841563966315586,0.05914275568213892,0.1609743160652094,0.01302914569973477,-0.02037329064864617,-0.05456304293382333,0.1909429255346066,-0.04021227641120017,0.016481310091256883,0.057803124777941806,-0.045497478854396506,0.1655646007404947,0.08862055593213847,0.009443068473944043,-0.007914498241956783
MAPKAPK2,0.05369578940309192,0.07285124128260966,0.13117482123721294,0.0483701557792173,-0.00022221970262395414,-0.023626374538810266,0.026165917551044474,0.014505347976367933,0.16465932006717696,-0.020221297922031957,0.01828526056919836,-0.010828678447438102,-0.06999709289282335,0.035446377283603316,0.0011121037743736832,-0.05966975095248444,0.13610261167874024,-0.022740086039709104,0.03704855195163463,0.11222415165639182,0.04915520652390302,0.07179674345143726,-0.06416225435281382,0.06835895233191898,0.00217503324809276,-0.012780975196037837,0.06256981676363355,-0.01509735645077653,-0.01453458158828297,0.08740429547091669,-0.17022525719926856,-0.01599766600242619,0.0576345987803741,-0.0005600507114693386,0.029822543737807725,-0.06438064683615356,0.06539796903091975,-0.015298188692635889,-0.022681370768828292,0.15607221848186312,0.0,-0.05965102105018752,-0.02637605076730363,-0.021231015908022934,0.028114161712199957,0.07475608862109603,0.036534420065187076,-0.08898732925172845,0.000629521984998563,0.0865614103723197,0.003878878503239495,-0.05123494276364678,0.0218625520003341,0.015447516410142244,-0.06898397147381073,-0.041858622535013254,0.0728397268569403,0.04600304990071626,0.0037622438188727432,0.007950755262477578,0.10089633607828431,-0.0005007735642841602,-0.015271950649842646,0.025172839295913116,-0.00336126457581563,0.030581571728948775,-0.035123883572586584,-0.030473623736945087,-0.05234041471808556,0.040415412077965396,0.12091109276138942,0.020620008857266392,0.009928663933164487,-0.005369930522597405,-0.04163204465139491,0.032234647606649874,0.06619065703218109,-0.037217804726926644,0.0005286292855470597,-0.025126676606924
MFN2,0.044357739686382694,-0.004701541442850723,-0.07084110437462587,0.05349854043410343,0.03547153759342816,0.023112097631682184,0.03885457028266962,-0.008458245196695196,-0.006568026216326506,-0.022411512405781778,-0.0028131700655650875,0.014063562192232575,0.01773791817084824,0.02127127610003864,0.03166500896137742,0.0593986894343449,-0.04213681084610324,-0.06285430935763554,-0.0674373194382783,0.012422829850230148,-0.027948681085753952,-0.05809351622729824,0.05866902972109261,-0.0005729576573544121,-0.0025493528448400937,0.009306440303165188,-0.045711329505776284,-0.018134648281442445,0.009054828792556925,0.05300631809300156,0.055332129944447875,-0.0047263856617468635,0.0895154682051807,0.11098927825319899,0.11710390043905038,0.02858293309606516,0.017669208867029794,0.08088448509342443,0.011670383932802631,0.004685109410858999,-0.05005319058482951,0.0,-0.039994892464899255,-0.03993085472955744,0.001465050286129744,0.03960903994448217,-0.05742730039120205,-0.0005517753702725821,0.00253396540838378,-0.01581495760949309,-0.007476543631028723,-0.05377838986089999,-0.001527407610940008,-0.026044057591574667,-0.0014379912345100136,-0.03921800157038623,0.09820381623037806,-0.059438218156093466,0.058065411424263795,-0.06881205445437215,0.01826868554193745,0.014437268459715075,0.05563779793585987,-0.01873982095502767,0.015951733955379056,0.05814393100457588,0.021308387327444122,-0.019320978007865655,0.09255859757913057,-0.038888885935566636,-0.007149687475989699,-0.04906166441476501,0.00013071941878287335,0.027342700349976164,-0.0231063694871926,0.10955105376630828,0.0005294517067960197,-0.06763275471676422,0.03313492605377784,0.03867345529662484
MIA3,0.10441760733172895,-0.0750816924202177,0.006649386475155592,-0.06950017713901155,-0.04302426895527403,-0.003115447889303059,0.03404334810325162,0.054224002959856486,-0.03294992271226911,0.023118403152991282,-0.04678497569136408,-0.04168577159814163,-0.07399303268642457,-0.02583587994175619,-0.057085306746231385,-0.04958917381916359,-0.04383527910410097,-0.01803658240058962,0.06369215521512707,0.10877282281902502,0.07661443442769857,0.05615394691183207,0.0482710823990627,-0.060649425130245925,-0.004763147758406009,0.08192728076721294,0.022032838751518045,-0.05120587347397726,0.0958033726899601,-0.02290967461263791,0.05875978698491052,-0.05786751148575488,0.03835412500610317,0.09868960560187334,0.120269705401047,0.11337412766730402,0.021123796388266093,0.05588109924160014,-0.0027450518051821936,-0.04122383436633293,-0.025840356521602686,-0.0466959677484557,0.0,0.10224433431392474,0.03882312052642029,-0.017458090722172113,-0.00353393021655088,0.07316843241190756,0.10534064057399278,-0.09418505726955781,0.027593472799874837,0.1249703545478532,-0.05554238945103745,0.02620657948739075,-0.08115915983101764,-0.03932641394514393,0.03082345180952543,0.1783250714139293,0.04435234129025069,0.02345501940614382,0.029711474655576765,0.013214098373902205,0.010699902848112067,0.02181800845313858,0.09386559643099569,-0.013930821279248362,-0.02261154242427938,-0.03431870271457836,-0.0043785561770529466,0.050659433662279096,0.036968257674583255,-0.014148442254243245,-0.01459541084150475,0.08086408486534376,0.0374149341644134,-0.012272539025753273,0.07369458456846412,-0.017210076767882946,0.04999313733836456,-0.016865476855512995
NCSTN,-0.04775091105070936,-0.0135066455094089,0.047451182209431494,0.1666868809244172,-0.009509420367993219,-0.015246034590737863,-0.017994951786130274,0.023149637220666926,-0.0991830457425807,0.009643981750432563,0.02114311738849482,0.0876727437009081,-0.01225845469831672,0.0826350362445225,0.12444564472229565,-0.12109128076319255,-0.11719882145464415,0.02398520531629387,0.060852445520257877,0.014385920843664133,0.009987409833831166,-0.014483939486825866,-0.05811752203439017,-0.03411259247924432,0.05609991963892894,0.15920919848997792,0.003490769493228124,-0.007711065452149533,-0.15486264536583927,0.028699633354166504,-0.028919021789128987,0.04798642544016352,-0.002422852685428874,-0.017163714050835603,-0.02244769844564087,-0.06511810732385823,-0.05165690904399771,0.06115697708553361,-0.022168943440842494,0.00980865795313237,-0.029945129136177293,-0.06711972008118562,0.14719936446461188,0.0,-0.028695404486223836,-0.0037025754884750218,-0.012924665530094984,-0.0880271107429615,0.09498388861118952,0.14049760513557938,-0.05641349638621984,0.0026887836847425714,-0.07793966569038686,-0.027983788587010807,0.030267116544293038,-0.008143966832286846,-0.03196664902379555,-0.04076111596485574,0.11015567848938385,0.20874233293529051,0.05248932101098296,-0.009203870567196388,-0.10370902296783084,-0.014810280943927738,0.00788881604451247,0.0644759946087967,0.09852586476361923,-0.016640458318465813,0.037125737870833384,0.05958180614795313,0.08920727845424231,0.13579165372523846,0.002718029972927559,-0.004476920320444118,-0.06679261097200438,0.039701178261784785,0.06963975380403574,-0.012670168003024037,0.04353453144145766,0.05853695931113101
OSBP,0.062201422407933436,0.03882405270153789,0.00594039812215341,0.020694452430058838,0.0007409055412780487,-0.05279813429306504,0.05746759892554389,-0.018538779069641728,-0.05367504557542357,0.014061182843525097,-0.07245781974452364,-0.050195207163043036,0.008935405238206953,-0.09022343261404715,-0.07741124104665233,0.05559168591011325,0.07780734700022802,0.08538408948020015,-0.039947216211013686,0.018725121347990356,-0.06034395053957007,0.09269897625847397,-0.11235444796051315,-0.011284656086960148,0.22198320876095623,0.05486898652614533,-0.023540466938788238,0.08724952196507126,0.04547164862028752,-0.01057437382786825,0.07589929276510118,0.17856744874018438,0.080160156639963,-0.11011963146327558,-0.02637034413742598,0.02065619074074223,-0.10300991949819235,-0.04694921743794101,0.004028596836430711,0.02199636041468165,0.035398597144658435,0.002198363778743572,0.04989564274486426,-0.025616385419019165,0.0,0.1306584060012507,0.11934960151609994,0.03397411954270379,0.03528321525394981,0.13478611283811884,0.0016292315962767494,0.014082726314343314,-0.030618914027616396,0.11124420734353821,0.014288113565578306,-0.0877298706141239,0.06658820259902977,0.02520955856233597,0.08542253984514807,0.11805080968208548,-0.03156289708503345,-0.002248027135455362,0.01805741203290934,0.08712845198592267,-0.03356512716246151,-0.017204782708325463,0.060563960238753135,-0.147838369569991,-0.12543357650382833,-0.10860995351381676,-0.09465607361640792,-0.04117456375257369,-0.05674867231819773,-0.0663318359183629,0.05988182379544783,-0.03502044637707137,0.14732917826690953,0.04600913632612618,0.08156294364311095,0.031319741301637026
PICALM,0.03015997588927653,0.023304852997022747,0.05175378899444058,-0.05244951885292761,-0.038674459186629144,-0.01077802458924947,0.03881753446856711,-0.08035616873538316,-0.10167404699025821,-0.08455569701454056,0.1302914682512615,0.06545475806181118,-0.03868038781182418,-0.03634516659245165,-0.0015740168312225965,-0.028205412251137905,-0.08132472513019842,0.19268026385490553,-0.02650396390337123,-0.03746135737813157,0.07713449587649822,-7.24332170837398e-05,-0.00046708027198009066,-0.03959956522470757,-0.004968230881471199,0.14046422275242082,-0.06855919304149374,-0.1944902209286623,0.09661182209179704,0.057013877737118544,0.02989873162798518,0.01511326278084442,0.03893153242449796,-0.05282896863146974,0.07331124602235109,-0.01386866340837418,-0.07227642445831317,-0.16204469797943852,0.0868665919337691,0.06900757790488299,0.09387515608390884,0.05927677035961625,-0.022377528380089818,-0.0032964964248466174,0.13031084017754968,0.0,0.028081342179787725,0.011428787207622464,0.20097504741476055,0.08892858808619497,0.018220089878813052,-0.03712767508735956,0.09975354153555845,0.16806913802833673,-0.03092876279501966,0.08012152801914882,0.0723962485776082,-0.072650383436506,-0.010500422282318867,0.10652630225785656,-0.00879016634571863,0.03407452381087377,0.055733965780732385,0.003251162276128441,0.13755754184460758,-0.012150441177878977,0.09785908466965824,0.1180195613558215,0.038086865853502114,0.047407725437395284,0.006512913778774501,0.0555854115772266,0.0768882249319575,0.06134775378529264,-0.16224830739483737,-0.08659441965870353,-0.03214144211622951,-0.09421818558316525,-0.10587563190157263,-0.12175634912691176
PLCG2,-0.2067577425557043,0.01606125507137419,-0.0069153486710396865,-0.1260218676226739,-0.029347048743100058,-0.021323772135192074,0.00487845800655074,0.06370580659669245,-0.1790420496515875,0.06323687760937212,-0.07111791222292745,-0.04383935528691597,0.00043397570847064897,-0.04050470540509345,-0.0068730098392707295,0.05114796151842396,0.05650166154198358,-0.11524668375940117,-0.06970424946248541,0.13885546489733827,0.035759600919445286,0.1401573025165216,-0.0574343144999103,0.08445924800799763,-0.0496661361533274,0.09658235422742278,0.06145957459160208,-0.054193271480573055,0.05254527271245422,0.03041638380907596,-0.016418130231486413,-0.011014481592442758,0.03380636993059259,0.008064871495824605,0.05210959775789008,0.03686681423859144,0.041822654693435206,0.07764673966538205,-0.08499712749020098,-0.06889150563031962,0.047768784423652094,-0.08948422652707212,-0.004716406291815274,-0.01198135318677225,0.12393730056973228,0.029238543293745096,0.0,0.02186345366797376,-0.006358843457338732,-0.09100196601784039,0.08207921536169538,-0.03507427116964792,0.0852731254601535,0.12012679043495955,-0.08089961311839035,-0.06570326770088912,-0.022632722706358552,-0.12340212056949672,-0.01332722661651006,-0.011505478340303917,0.05581517781579323,-0.06538723300262667,0.051544455790093625,-0.10271290436535845,-0.1125074624779576,-0.042497360716214884,-0.11544562862586762,0.0481438346374297,0.07033358667717997,-0.0987352242128283,0.015492028146003218,0.2586504557930329,0.05108242983142598,-0.022398023837011918,0.014886152560263806,0.06797941758378588,0.015288750695929613,-0.004894159938343343,0.06565415172031025,-0.10042103747289129
PLG,0.05886715889493512,0.07256456425610211,0.0797394256806551,0.04194886952557,-0.11250944482480307,-0.009988777808926754,-0.05439112299109093,-0.018007595925633203,0.001851650346085158,0.08101400768979662,0.1058355452443718,-0.08481464790442056,0.047311485380223964,0.060333048046793056,0.05391464402008193,0.10835495930857506,0.1270742267439592,-0.09254309790597164,0.19658781245902612,0.002803075269024932,0.10291025720069812,-0.02213339556693417,-0.06141187086121517,0.1381895126379694,-0.11668028948536098,0.03547246783053473,-0.04385104912822862,-0.19070114984785336,-0.05352646532899283,-0.026446331210356697,-0.005869388307629216,0.015704508059120232,0.08473763893495152,0.04393672436770926,0.015576236701631966,-0.047233379952575205,0.02545766238631625,0.08026822891033482,0.04197786126810029,-0.03058849324444319,-0.15809766414451482,-0.0011682766784139565,0.13268819921643682,-0.11088130118777238,0.0479385152251999,0.016169378433249063,0.02970804514904033,0.0,-0.005148241770218793,-0.07488851732122943,-0.09305716731380004,-0.14520335399614295,-0.053693574184755156,-0.15783913594531912,-0.16168499235966777,0.11745945285672467,-0.02634657000555968,-0.09593929693451375,0.12239832279838526,-0.011317212966366992,-0.1392224894038943,-0.15306267971173235,0.0645414488391546,0.1437728862562304,0.20164846165628278,-0.09379965213928597,0.021232064220606257,0.033432261816341874,0.05731104859684382,-0.01699232592863229,-0.034577268221133654,-0.042707495120389787,-0.0760436875926105,-0.03842202614574829,0.16694543877547713,-0.2021053021921842,0.20586025062437907,0.03096593251242923,-0.15932903831790696,0.05742993942906431
PREB,-0.06469288760551549,-0.0421507178075715,-0.033369252044352704,0.02704537095167223,0.012531723364624364,0.01173234048306121,-0.003684886610964076,0.014459578278659076,0.0014435560190391656,0.08418229011069939,0.05055488492287377,0.037583293190516925,0.05844965616637242,0.006050225466898197,-0.06551308235774252,0.022366339177372657,-0.023813507455167665,0.08439297019582673,0.11511390875203027,-0.026013221995846682,-0.007089657689168273,0.016246289063015652,0.0436368854616264,-0.005193439921939985,-0.13801240679568377,0.002593492201872709,0.08446986544082583,0.10505479219702159,0.029321225869085275,0.0560153236461801,0.10733874499553817,-0.06817396211227386,0.004296035337103408,-0.03667208745043774,-0.029015464567778582,-0.013233707318441127,-0.05721593759701238,0.03904853453534919,0.005199286462986225,0.10978967387660837,0.000645226334113473,0.0030951947502719968,0.11020680353788301,0.06902329911770706,0.02872158641566662,0.16403601885671476,-0.004984680698915132,-0.0029700436748691427,0.0,-0.09370234402387813,0.031197915623510892,0.041273062289417746,0.027974640323689848,0.0689234075291962,-0.05467151046232,-0.014587633933773134,0.15213503506811574,0.12195131416103683,-0.024067085781031724,-0.013879847181783953,0.015640513152975596,-0.007420338005822195,-0.10655837837132054,-0.0846689586538571,0.13277955673141179,0.05709883725932818,-0.046528585777513835,-0.01096848130175268,-0.0122365321868234,-0.024334136200022723,0.04030940570474386,0.04963890082148356,0.006841514103137548,0.028379705227014575,0.08986058646668525,-0.012553374941788925,-0.07229098433645152,0.0798065480963419,0.09730977186447466,0.04313247457719846
PSEN1,-0.0595432369751947,0.026910793553995588,0.11078954964865499,-0.05279695851872901,-0.061558814626110125,-0.024095090371549378,-0.007913062344180632,-0.0020831556593678673,0.06758619512068263,0.10863403703138623,0.1540455082800179,0.06462474804583354,0.04236784649437902,0.143004950602788,0.03922260904390475,0.11043147973173902,0.04120491813689531,0.0006447470030145856,-0.04276480300227055,0.05077368570741049,-0.13472244474399547,0.08183928365620946,0.052667608992876036,0.17875167766930136,0.0007978860504804625,0.13181290100400175,-0.07580382719871764,0.010563959155113652,0.06740216741372416,-0.03576548105478215,0.0339252683500258,-0.07727791134162683,-0.029795453393725465,-0.029942101083379177,0.024506530913420504,0.11157788022369709,0.021708618057622905,-0.021216406267213744,-0.018122227515577446,0.020255394271687144,0.11251831095616062,-0.024499263462353937,-0.12496608239254813,0.12948289094163823,0.13914996978450833,0.0920526245804105,-0.09047064431330415,-0.05479195945765848,-0.11883603497902637,0.0,-0.09629683005585019,0.019252155069494282,-0.007387487101637491,-0.033700641866741564,0.07624887075418299,-0.07547839523287704,-0.016070575879708452,0.055923037520245,-0.043775215216087446,0.057215751936881915,-0.07455057960053976,-0.01764951464262087,0.009125510134154762,0.013376252143192286,-0.009124140810923671,0.04742882143287125,0.08239486510810766,0.047857214332093584,0.03209540985918079,-0.035391893109001774,0.10019274247079703,0.009732472944171285,-0.017679038507192914,0.05662990503333466,0.0003572075629022284,-0.014361107680126165,-0.03011988887253725,0.011604693133650057,-0.07581317297114251,0.06635098525119427
RAB1A,-0.01421825218987907,-0.061625521875274696,-0.03498485482556417,0.051479891035766924,0.06616069256999257,0.08210428580540699,0.08625938935027806,-0.019758976418859153,-0.04445001434220792,0.010217845305570182,0.05991301249499085,0.027468535858543704,0.03316987292091891,0.009294587908194131,0.005664214524862124,0.08333805931674476,0.06619010773732989,0.015642619186128266,0.06131263625922407,0.0181053029866568,-0.02731678950009513,0.04122703753053409,-0.04246612387443242,-0.00010196179267154171,-0.08736208473371822,-0.00821125998991021,-0.026790928934144826,-0.03442375094921381,0.05385339665284305,-0.024187393179815077,0.02438764416458204,0.021087167717858457,0.032375714683311164,0.03259941835116033,-0.019502927009342797,0.02689986550183607,0.04237950948715201,0.012672037451290691,0.04863079341422013,-0.0004631848693175295,0.003179463383307481,-0.007303560629629314,0.02308688195048475,-0.032785004968547964,0.0010606438118791976,0.011893072443289692,0.05145633798101176,-0.042933885998081546,0.024950086049863186,-0.060724054576730746,0.0,0.06418576251839897,0.05758230922629762,0.011771114283217988,0.054660155095557064,-0.02598162028046024,-0.020628737264538562,0.014347042083729465,-0.009323598633975944,-0.01735865626813257,0.025099902737184987,0.03332779683854069,0.0015618669267096652,-0.010445060719659357,0.0028536969604609614,0.040319241617577266,0.0305741034953243,-0.040363387523643206,-0.03307669755163169,-0.0034965989852075775,-0.02792304805690056,0.05722466749636098,0.010680634758565828,-0.03613853872465941,0.031176796365658115,0.06732566124358627,0.008756159510404541,0.040895239980977105,0.044932124916079785,0.05354382456428387
RAB1B,0.040232180579469416,0.0067021343169635485,-0.0037923767794786206,-0.04971951310055771,-0.030854855987217843,0.022972118815477924,0.053217064205291036,0.03475615450902568,0.0681511364685214,0.008483823969919823,-0.07864125995810603,0.09639783738271261,0.056091140928556577,-0.07549740760970282,0.029205896899603925,-0.01096437916156758,0.18053947652293642,-0.0012378942256316364,0.04313387068353805,-0.03751558009039009,-0.0797264607005286,0.015614316070960763,-0.009519776261309919,-0.13428218911643516,0.0535067314402848,0.07201446033260547,-0.08541922648915722,-0.07917731379577364,-0.05206935031041121,-0.04132868313458522,0.09746664021058321,0.10907443362650356,-0.11331611229008123,0.06597246869724263,-0.05896668192790964,-0.0010965817563687965,-0.02840359488451553,0.0843060745953079,0.06383381163582552,0.03271990249492473,-0.05891457692623159,-0.07369710341402148,0.14668130952315875,0.0021920828159663706,0.012861224955701777,-0.033997748811737345,-0.030846308038387185,-0.09398009403719135,0.04630437411055123,0.017030875679247624,0.09004250355231255,0.0,0.025260458270496767,-0.0060950773081458924,0.027322432698628753,-0.015276161583796362,-0.045432471064082595,0.0830057011634739,0.026151854370426126,-0.11677803675876311,-0.03200043483904269,0.04728272440605973,0.15013328326912032,0.053440888301401236,0.02542552138426101,-0.0196776435913198,-0.01234326037618738,0.1028289377648308,-0.12862808969970602,0.1327401794360671,0.044134158676862184,0.05348125064707515,-0.08316382578942214,0.12400917765528703,0.010717973183372266,0.08491400561680117,0.07233364004682073,0.05265715490294307,0.08764899241703249,0.03328792910477059
RTN3,0.08711377272665248,0.03586876474584648,-0.07913112554522679,0.12681384887707695,0.10445498727102527,0.09835794292265758,0.05934481598758472,-0.09348949343485678,-0.01236368769403191,-0.04275369338648653,0.02472565497660875,0.020765418697406127,-0.031506365323936414,0.01028451402008857,-0.07260125422769222,0.033628261405197445,0.049137276382450336,0.021433232411491292,-0.03220542008576981,-0.09566904377917729,0.04574125620180294,-0.024409804611190418,-0.06798547613525192,0.001931121032392941,-0.04147450577782035,0.08879892851960085,-0.10266419928263643,0.05879037446623017,0.031626829798206885,0.024718037816910517,0.01068444012112129,-0.0136471529587776,0.0029051218859585783,-0.03318093434094325,0.05130955425746353,0.05806400903575717,-0.041649310349578146,0.033721747024312805,-0.007340216108484072,0.035405633533736866,0.019948701619233077,-0.0016609434446710266,-0.05173084911070059,-0.05042163254179206,-0.02218925135301496,0.07248330715335906,0.05950918304071771,-0.027576478901917573,0.02490445876331732,-0.005185750696045411,0.06409958315011731,0.020044650868976204,0.0,0.0712147072111484,0.013029803569225257,-0.045356649689490304,-0.07525546835105011,0.05447834761793441,-0.006324792267862266,0.04382398460299064,0.0008886260850540521,-0.048360451759190404,0.006709827134964693,0.04993300975132549,-0.005800670721447125,-0.03150218934965351,0.007252606316479606,-0.06948029691999413,-0.02825734064179557,0.004979844331633113,0.0108792851804777,0.012567511662974649,0.018026316179609845,-0.025736542635528808,-0.007134575637475121,0.03573225390755517,0.03605117401954816,0.025851265168207106,-0.017848793973932138,0.015510028949047724
RTN4,0.013211965746675429,0.09855432866952915,-0.008745482842430007,0.030473185026732044,0.05699712200311642,0.013286044113626055,0.03145126882946456,0.06822195901758814,0.009355685065583867,0.019313681737456956,0.015298964254652181,0.0402509705519419,-0.034383994245854636,-0.025084589243837708,0.035031173171302235,0.015067978198553727,-0.03701802661143712,0.11550290924088745,-0.09077091703374401,2.635022778202195e-05,0.027566956278677956,0.05135854388166343,-0.01581273729159546,0.013408511876417561,0.08391351613661706,-0.011015658519465305,-0.0880523121385773,0.11235819574263306,-0.01971411072707028,-0.08661477366035034,-0.038051708520011676,-0.13549763280187388,0.00679106199361946,0.03622921290957518,-0.032633678845923865,0.07244552625747337,-0.05852780714551594,-0.06671585116178033,-0.03189934692427544,-0.11006694654483502,0.01496550498186628,-0.03006958769573247,0.025915185348839475,-0.019221346474979945,0.0855951591674082,0.12966315399963493,0.08900832170622844,-0.08606966738579516,0.06514757711018547,-0.025117245060295314,0.013912418576672548,-0.005135177042758152,0.07561163421553535,0.0,-0.040059380296690913,-0.005667569102466694,-0.027058746102191965,0.10851574637793691,0.07714407927381021,-0.06536638302472593,0.025480879343365116,-0.07649678506203546,0.0019842670873375674,-0.007527522862153451,0.08458718116872198,-0.03575643953703246,0.026330230198725327,-0.02443919159363318,0.029734996032219158,-0.05573284009853128,-0.06578546357719689,0.0012674378566814896,-0.04392091014360266,0.00948380124630022,0.01511890986787517,0.01200751734941756,-0.0901791227302912,-0.07144465565456447,-0.0542424121455246,-0.11313243166132993
SAR1A,0.04044157185395707,-0.08449643112390826,-0.10211598253338898,0.03149170365558373,0.03131874792135414,0.02223004433627914,-0.07596141980720504,-0.060966915213914424,0.04761304122196528,-0.0640926093417765,0.1148261635385818,-0.07787363045246955,-0.06506291260267595,-0.08887064287788377,-0.06472681908568853,0.12250631965398456,0.06719979393563157,0.04831200540351154,-0.04007238840336896,-0.0010846618859662758,0.1881952858912066,0.018619616431959283,-0.13133909736636978,0.024433956436350168,0.013346272393776339,0.08145550902495152,0.1412067325363624,-0.085682917251353,0.1245578278688257,-0.08709463128381491,-0.045922531277056776,0.033183211118805477,0.06574935955585946,-0.0293545537076161,-0.04053070213590678,-0.06579331807933236,0.017588603842907734,-0.10729100886391632,0.035267597319853995,-0.08174603328975454,-0.09492006698509652,-0.002358045587096926,-0.11398787401632506,0.029527418331525158,0.015614346885997164,-0.03388974401527397,-0.08513621047253854,-0.12522247181008633,-0.07339555057811227,0.0807131651441333,0.09175569962184867,0.03269434939339619,0.01964870498895083,-0.056895950689662925,0.0,0.07635077713706515,0.1327612618591904,0.025895116334187097,0.028788610718398746,0.13145587923314703,0.026307359913490272,0.0032645656591435398,0.13207895675766046,-0.0014866459218364136,0.09730379733265608,-0.11882529293137602,-0.00035394824903521626,0.1380772626739496,-0.12331238088470059,0.01117669989146516,-0.03916368791412088,0.0880734461275738,0.18406075124971358,0.060492799357381284,0.124513888817585,0.16856321142688477,-0.041408180931284025,0.07930599016029387,0.05894571703435645,0.06404212969583441
SAR1B,0.046687342844373377,0.046518808849958376,-0.031157064972353366,0.06143338825000943,0.02524128586170395,-0.02999353724136072,-0.05419997881218296,-0.027712090785468647,-0.03551884367427015,0.09024679641632069,0.0035986499875274363,0.031107040984442853,0.007977122175917534,0.013231480832140074,-0.03363777087814032,0.06427833760481341,-0.08848251114539539,0.16078266016477008,0.04019187648767308,-0.00507372638222385,0.09624434004849429,0.052380993775256575,0.023347256274703874,0.17029792007455138,0.1270419989274132,0.025158408884886095,-0.019014386564116595,0.10394826218182392,-0.02307872023053611,-0.1692718750009731,-0.06435128083775445,0.0668067280356612,-0.07627908247384886,0.04431462851347421,0.07637107348802562,0.05804611722186998,-0.027720476274045246,-0.09631301570288348,-0.03414650687365266,-0.017682600969838987,-0.05102072888469504,-0.056968305427736524,-0.04892798616396813,-0.007037887294363811,-0.0849274926170866,0.07776905958919662,-0.0612500889020333,0.08058466758149266,-0.017347839678123932,-0.07077591678318128,-0.03863494569315424,-0.016192707148503193,-0.0605883205606247,-0.007130596134715543,0.0676340423905774,0.0,-0.08507860315951804,-0.006740144468685298,-0.04210866131362152,0.03939104615138896,-0.08530778963681605,0.023631515712331113,-0.02690094317635127,-0.02562594898076321,-0.11191318329431821,0.051665445827260174,0.09939016295119413,0.05446536839371292,-0.023134213104172338,0.23188947642389882,0.03513541678285401,0.04829598709888104,-0.0318248722577085,0.0005971798549443221,0.014215902482597405,-0.017452844860493016,-0.0387213688015315,-0.05852302468841909,0.05273501975753533,0.01410755913153695
SEC13,-0.11178188752157596,0.08051396512271301,-0.047058807836470984,0.05704817733634309,0.022362631839446007,0.11838843857515707,-0.029427426517923624,0.04810596010838333,-0.04860038095497302,-0.0740924896952502,-0.00415461464551906,-0.08190487722912639,0.020550613400099574,-0.02532481654013275,-0.07195037780250275,-0.11511596793359724,-0.026527945849185323,-0.004812955713467798,0.04002832455654599,0.08980332918676273,0.01356682560615801,-0.014866871455018159,-0.03672441827701251,0.06757709890314106,0.07719432952330527,0.05772122076014759,0.05096599032527247,-0.06771780192028545,0.11813459100340791,-0.027875205414771752,0.00831445903475314,-0.015364998405363676,0.08623967218966305,0.06274883172974749,-0.04401345780284284,0.06867709275586088,0.09831141013105468,-0.02367680107572913,-0.06418691504590522,0.04712969168051372,0.08181436132858143,0.13145457834320437,0.03533896101156092,-0.02545674862660441,0.059401527858137626,0.06475498342790809,-0.019442677229568682,-0.016656664517149863,0.16672061064469718,-0.01388653187430244,-0.028267423746554176,-0.04437834342536699,-0.0926372213308146,-0.031371565613330626,0.1083734165443167,-0.07840068566020801,0.0,0.09156940874793429,0.021466854229020244,-0.02502835146459589,-0.07810319212049549,0.00824023840066694,-0.009299935618868055,0.015304494088783828,0.138071311155603,0.03158725822664656,-0.07848138416730424,0.03483704985022326,0.05553449853532318,0.01746275315108694,-0.00485177731014793,-0.08837711822576017,0.03777427437972737,0.019268877891741736,0.014891739142688298,0.039826871784568854,-0.09638913746440951,-0.06095572042907635,0.028844088589360852,0.1475711065118749
SEC16A,-0.08956153462402482,0.026713687324591288,0.019053423691763674,0.03308674102127542,-0.005202385567485624,-0.035539410320391755,0.021074089355731077,-0.009725405772530811,-0.14472827364361351,0.04428330680337855,-0.013290022134196182,-0.03596060980539432,0.020864389099426336,-0.01416533500781645,-0.061348844378154826,0.04292142938017545,-0.06451208976711025,-0.058685199080074336,-0.017110368046703177,0.073268590584323,0.1899728860548457,-0.02414503935059141,0.006696696593981217,0.030137525359365078,-0.02867466757276483,0.0019794291448142487,-0.06556715734066582,-0.15487209481195818,0.013713717735537213,0.03074046243183808,-0.15137012249757112,0.007657076633700786,-0.10491622796668004,-0.020789767698791376,-0.04719299293264121,0.0006958367943269473,0.028381826375323497,-0.04643170529486196,0.05083577445925923,0.07021818859969146,0.0688749783868834,-0.10605392530426203,0.27252009111596265,-0.0432678685180765,0.02997637951545898,-0.08661810118771646,-0.1413043400134177,-0.08084889730344726,0.17813946853600185,0.06441199082822546,0.02620532626625915,0.10807525396097827,0.089389189128075,0.1677007100531601,0.028176229373298885,-0.00827908477232743,0.12205737460625397,0.0,0.04122584884808582,-0.047050952376594214,-0.06737605567544902,0.05812696261521923,-0.010606512565373604,-0.04625136463391108,0.10013188084336719,0.032162164268062975,-0.009858110994131029,-0.12158364713343871,0.06640750191200766,0.05201825198060716,-0.08464595129320487,-0.035818976706799725,-0.042710155507307716,-0.008445261128594896,0.08545286442520714,0.0012805623822068283,0.041162618685433104,0.0290744601413235,-0.020201849292765025,0.00974491448074549
SEC23A,0.032697163061904386,-0.009817324138842452,0.10303612754297546,0.005332818359034033,0.06445958064501682,0.028924019819346315,0.025515571758868677,-0.0488902605655734,-0.09121634551634226,-0.00394907891753429,0.012846902860458774,0.03935649438945344,-0.02064866486465822,0.057711322440797026,0.037736017729169555,0.009115374948225816,0.044537577712379865,-0.01806274787062868,0.0023402009075153265,-0.006538120597453236,0.0256390398332845,-0.03614275452960195,0.10140302297051879,-0.018092928889173604,0.026704574112228333,-0.014156036097587173,0.0045666627078086875,-0.01595419564301555,0.05769408361604195,0.04123089215073493,-0.03280361603197584,0.0039018317882859453,0.03494521128277645,0.03904694975496982,0.0477531666978909,0.02121125506272636,-0.07500349991224177,0.031697485199941054,0.013911413418830523,0.020084209950145038,0.0033555532278815225,0.06171927531575542,0.04037801956030091,0.06965762615461281,0.06051022423858632,-0.00745795670566379,-0.009091070076597188,0.06144624963897825,-0.02094303016494762,-0.03003631183675041,-0.010145024806270286,0.020284447177334304,-0.006182294395947996,0.07102104927553975,0.018660705525933192,-0.030812497670402332,0.017046073872111846,0.024559071944157972,0.0,-0.06830736182308708,0.05054196783509552,0.017691129540958046,0.07524432055569825,0.06793054676533013,0.03976767674389153,-0.07499127757891559,0.0699894098660254,0.03099983395966592,0.06109086853260256,-0.11857123713263981,-0.004540684149177919,-0.013383006458891495,-0.09511619460109434,0.03930219734987357,0.013657410457660045,0.06900957074335232,0.05179208669179237,0.03549476762709168,0.07889710005962686,0.004324345095697097
SEC23B,0.04629958594476486,0.06747369930852495,0.10018741081470676,0.06919354784562137,-0.06614232809337812,0.008168379143271615,-0.06136551457670038,-0.043662837036718,-0.03824000020253613,0.04536463281670031,-0.04049693362035189,-0.23073908538720328,0.014094424066759575,-0.054042149872465924,0.009649847751546292,0.05964062560899948,0.04269441297818036,0.08632030221401356,0.025683128823621768,0.08034974975999531,0.03648402211539342,-0.0249576201730966,0.011626613383095558,-0.10741053282650438,0.06473486522916586,0.046995934671151054,0.08425358463532752,0.07842120360252884,0.0065146857636855645,-0.02717371785778899,-0.009584309168104963,-0.053207865036161005,-0.049419632037753826,-0.06432084142349744,-0.022159757483506792,-0.010485401718329889,-6.614405441052895e-05,-0.020345883349584086,0.0869158546497566,0.07290860925523149,0.010761727798469132,-0.1110003268545197,0.03240564596413232,0.20032204082406865,0.12690585961796516,0.11482233327842233,-0.01191067363967521,-0.008622154990589293,-0.018329774395093017,0.05957860733245739,-0.02866434814477102,-0.13746061401045206,0.06500873287227119,-0.09132619455014872,0.12931347705294777,0.04374308480710406,-0.030160922919879894,-0.04253703220885155,-0.10366303864566112,0.0,-0.0927935081926649,0.20015320447376042,-0.020350866323410835,0.08653304167544074,0.0014521588764709287,-0.0019835356378215883,0.00222028043232893,-0.03665898352286705,-0.056995297500824285,-0.03911015380186163,0.08021541711910006,0.022199159249003127,0.10378834910824844,0.0020860796245134594,0.06485923459492371,-0.03172597876979492,0.09222848662155812,-0.04827818851808961,0.023694835930560067,-0.10522705625044863
SEC24A,0.014862604202577175,0.06662484914796948,0.0041680424145665385,0.07027432891360479,0.059667054123992,0.050677127809936655,0.05202693618408279,-0.0447408191398249,0.045443579714737746,-0.05609822698463056,0.005198157851611449,-0.08461459362761442,0.1139534879682914,0.08429972178350739,0.029150352422947636,0.14224794967476015,0.041599264926468656,-0.03346161979975546,-0.04028770466839682,0.0826095525043845,-0.014094618334835605,0.045047224833389354,0.14624592552350643,0.060994056696000075,0.08061227824301354,-0.042918053845472204,0.10686737763291704,0.0407166277926179,0.007719188313671655,-0.007748449071782068,-0.05693311433691254,0.03993603430716313,-0.03600074795612701,-0.10677904463192227,0.044224305772628356,-0.0944791883403171,0.022231102330854426,0.09158149628530937,-0.15305721195987274,-0.06887945154210363,0.1210306750969558,0.026116409885161517,0.036379400351253234,0.044641173278811966,-0.0300701785404385,-0.008396785362263981,0.05120712588038028,-0.09400093519543377,0.018305005990143494,-0.06879742825993312,0.036731989159250515,-0.03338254414129474,0.0011682218869530309,0.0315501741550035,0.022934405345333458,-0.08395508843010259,-0.08341182208917387,-0.05398222646988221,0.0679759071751496,-0.08223638982578643,0.0,-0.05606931097609963,-0.002894524847484729,0.009967065942800248,0.031314834173636,0.009628397641297226,0.1766226122854189,0.04355825044598206,-0.11040658473508536,0.020310096226780698,-0.007296459021974074,0.05113803212483417,0.10780435265770467,0.04740966867857362,2.462636506210174e-05,0.05185192821132145,0.08566043523320711,-0.00031908706929776015,-0.059356036795699126,-0.08287683666863255
SEC24B,-0.05934883588854266,0.003161630682521969,-0.013058404804269546,0.03394805830134223,0.005760074442660112,0.0017774914839534964,0.013388783330726581,0.0048038549440106194,0.07722049947239051,0.046505597532436056,0.004745639714370013,-0.017836680916416235,0.027659469121959875,0.040556516809357984,0.0927606109646081,-0.00441758238519556,0.03442470731622897,-0.056977834090013904,-0.04189913692129358,0.09671720763490896,0.06380739868163228,0.06352300920456266,-0.007402882058079079,0.058509217696766265,0.05001409491360305,-0.07729418003155347,0.06157966258632929,0.04172103785343877,0.024575222859508174,-0.015079650092471033,0.07666850980616662,0.014304642284981293,0.0012692724132393148,0.0353796194520814,0.08489037404201331,-0.009393717759624942,-0.04503746963381504,0.0707243878084864,-0.12325512362809589,0.05314773078504782,-0.0004801628228502048,0.016497505605225712,0.012932900642330538,-0.006256943377620341,-0.001711936980113799,0.026017935348471844,-0.047951050325362475,-0.08260744091019692,-0.0069417607678808274,-0.013019101814292406,0.03898576771123909,0.03942694447665081,-0.0508187182349068,-0.07571076066778651,0.0022749020501939173,0.01858989722246151,0.00703437760361327,0.0372263037254494,0.0190189047948774,0.14178688674682377,-0.044817981796877994,0.0,0.03600883658952564,0.00601953971903679,0.0895806027872026,-0.1110231370239614,0.04552682504904534,0.014089127041220454,0.15152492323931407,0.014200880898495982,-0.001293433129141802,-0.02699573605916401,0.04145154999100544,-0.032351207986544346,-0.003453635707736934,0.02484841930954141,0.04284452303068722,0.07381444007822181,-0.013106569926737813,0.02187649155554246
SEC24C,0.001756387544890178,-0.03642376978397901,-0.10055754532577202,-0.019681608129619714,0.019600893049541403,0.017568745421484802,0.060013344791887906,0.08409649817734816,0.05218083881628161,-0.012308769388108032,-0.05483360602173293,-0.020376339198904962,0.011266599283070937,-0.03222011831781443,0.040968315542355686,0.03616204752531358,-0.014250993776575759,-0.012987893049281253,0.033730091770037246,0.03140068926445115,0.09612309092019306,0.01566735907033937,0.0771746302410144,-0.03785393024424863,0.12973929053938527,-0.06170650516555769,0.06249529705724146,-0.05081354699725107,0.05342272230328559,0.10892509012082756,0.0344310306520566,-0.048026493857377506,-0.09377443273300472,-0.07363918329356861,0.05215845917201496,0.020702653397421587,-0.05238805168318489,0.03783408706522262,0.008675173956524274,0.011525900364261949,-0.014678823162798938,0.06373129965717256,0.010497547045787054,-0.07067370425690363,0.013784509650641211,0.04265918668973337,0.037891056369932716,0.03491709914587166,-0.09992706842989905,0.006747688069932678,0.001831441723443798,0.1254923352127153,0.007067963191540815,0.0019686302074339024,0.09226150059316118,-0.021213020303070908,-0.007958210688930368,-0.006809174861937687,0.08108737781976552,-0.014451269840307273,-0.0023192840883633297,0.03609596689978312,0.0,0.05625569077963014,0.06261714848762293,0.09851410726749549,0.06512326508752941,-0.04863269401502716,0.07188394763845084,-0.03786677900583943,-0.058626521307532604,-0.04643381229501363,0.08372954363635204,0.04074148606981954,0.016193098659859254,0.045683528386642705,0.07181482653333218,-0.010480978146424217,0.038027498341539144,0.02065200447929899
SEC24D,-0.07454069262858078,0.014286101427125388,0.011437454477074525,0.05486607532812811,0.06736762132734125,0.007759423859885431,0.00864203953841058,-0.016751346227613054,-0.22269746996831205,0.03589039187446104,-0.1210803878479653,-0.013007276418247999,0.047483299266230024,0.07261168405648692,0.056332451152438956,0.04636557406172275,-0.11024720815475665,0.026190452328598554,0.0936068170037525,0.03639643114653653,-0.021889918056951937,-0.06559710821149362,-0.07793543783884917,-0.09005098357586491,0.010271342052694738,0.15583973939739998,0.05439084748943379,0.257178416128814,0.007926779113615669,0.06118711695920802,-0.07547084935816628,-0.12334662030439913,0.0831514994102368,-0.06958438511336931,-0.07670473957055621,0.15474531239325073,0.11342368031216216,0.06369885220330766,-0.056889460021359445,0.018925682247466928,0.04716679397404904,-0.04184616921381508,0.04172828428110962,-0.019674877474850517,0.1296591706735821,0.004851082932662369,-0.14719301182420652,0.15162955647786777,-0.15478440067244198,0.01928145132674265,-0.023876324454378633,0.08708058031647428,0.10253641271114979,-0.014558731166578083,-0.002024425762291254,-0.03939330197682529,0.02553065142287906,-0.05788337624617637,0.1427092321298486,0.11978777716356095,0.015568666857429437,0.011763059715179805,0.10966647631809459,0.0,-0.03519783005401263,-0.006972842904271896,-0.02636956038822308,-0.2908422975638177,-0.020532513214413645,0.04015876499109372,0.10719411674547431,-0.009437897042242875,0.06116023285500911,0.06760443242443204,-0.17329665344492798,0.002620852169158026,-0.10751203163248711,-0.026222402618422194,-0.013816626353429062,0.012651702711135755
SEC31A,0.02205156118932959,-0.018043994622739565,-0.08872657066294813,0.01608766711285736,0.0030286280843985244,0.02179250528551393,0.0246122641964639,-0.006705948933621624,0.039353074106960824,-0.10704684173262505,0.08159873609585218,0.035398432775888077,-0.0058300443357884035,-0.01021121438607173,0.08403751471153874,0.039766767040043796,-0.027976795186294978,-0.03828791872457142,-0.04039492498504373,0.01584976161352732,0.05940015283016996,0.04936889012139783,-0.020729525198414086,0.05209546754663904,0.010225640265118477,0.041470131735457424,0.017640329278422243,-0.02832038928366062,-0.013225659906000059,-0.03464430090537733,-0.053055060318422005,0.004152380958163658,-0.04004409975374977,0.04414203477948512,0.025813222494946907,-0.012489693457854922,-0.06548044159383583,0.026004860075605537,-0.0035744761474740595,-0.04442545588827712,-0.0031554210481085764,0.01784631823553555,0.08994402789845313,0.005250625388166077,-0.025025456241627782,0.10283357259110616,-0.08077816387728043,0.10654970510686783,0.12161430200538421,-0.006589428020796256,0.0032682466231031483,0.020757162209631166,-0.005967865872389753,0.0819646260002179,0.06638570416982693,-0.08619342589095487,0.11539761491539327,0.06278445711495492,0.041856956297623454,0.0010071522697669923,0.024506691052977862,0.08770441646289141,0.061157704976788775,-0.017634630148001155,0.0,0.0069789395618461685,0.02606970201409491,-0.011569921437520597,0.05995085045456493,-0.09559824608593888,0.1241553928574414,-0.07867364964396945,-0.013516939856899599,-0.09621975111540458,-0.05128539649507802,-0.011282061890089004,-0.07872716505520491,0.06257671128496248,0.015569831301647895,0.07039291995467405
SIGMAR1,-0.012103077612295378,0.040036181884290103,0.006033409322210308,-0.0387339247931145,0.04432075268091331,-0.12117033953477746,0.044337991094028036,-0.1905785233572067,0.008894103692743863,0.02806231227209303,0.12801301104229273,-0.02949729755880681,-0.021851886733254316,-0.002052441883742885,0.13670344095778852,0.09248670898439874,-0.010207787714570824,-0.10661076737666149,0.0013648299978190864,-0.11710010018559087,0.03573294861788949,-0.09680958763090189,0.1224588575910527,0.043826487762167805,0.0573726474597614,-0.02502651770334524,0.03369425958245252,-0.0600917697710806,-0.03827123505231833,-0.03189811067642828,-0.012853143164234995,0.08827894635415867,0.018713114452712887,-0.10919708952018918,0.06871835848429875,0.06868334778548596,0.005143809571515935,-0.049135619791771355,-0.1279920225264519,0.020875939327633448,0.05486692971204761,0.12432010323563954,-0.025511667471838438,0.08201503828552885,-0.02451540857292372,-0.01735956353193354,-0.05831373291641684,-0.09472286018699506,0.09994865130473647,0.06546275955099862,0.08825017183893309,-0.030702054515156136,-0.061940943278042976,-0.0662174439847992,-0.15493513228850148,0.07604826521422947,0.05045469103647569,0.03854084851088648,-0.15084968713260363,-0.0026291613923819655,0.014400740150056759,-0.2077386063977613,0.18388764706486244,-0.006676618830102047,0.013337845238027859,0.0,-0.08647121251806107,-0.10982089558490177,0.07224006694903465,-0.06933641408342732,-0.019625400320506005,0.0049606753297807,-0.042185864123770456,0.09994039280914378,0.022372135857469947,0.14987320806083637,-0.02092571102537045,0.26089488060749816,-0.003980681543581167,-0.1699207439137539
SNX4,-0.1249368289393782,-0.10582330253930078,0.07584364591200767,0.11116171032066795,0.11565418862243534,0.11951866621530798,0.061425605014277705,0.001683718025923295,0.02060690319053358,-0.006271224806459805,-0.073484182448411,0.08868934646453372,-0.010860367061638457,0.0036487718383687484,0.035828362474829276,0.035687207714242816,-0.006848641481976754,0.006590643079622391,-0.0388527845691078,-0.060430020848225435,-0.011925619669843577,-0.0487115763800943,-6.874698517615136e-05,0.028849501782935542,0.02326910669459333,-0.02956873044682883,-0.0227225432295544,-0.11036116046488728,0.060003832851236165,0.04988187664187404,-0.021315687260022354,0.040057355144996976,-0.027466331766425874,-0.025409100502508147,-0.03886027614024951,0.09446236309167022,0.0028806282718638067,0.033031500915216463,-0.1248919445828232,0.04565142160904853,-0.032251155065891615,0.023317363470905406,-0.021192598066917968,0.06414127451463342,0.044166816567150415,0.07155496799796704,-0.08107337738409025,0.010973310871912955,-0.04168323476863999,0.05820281785246292,0.03424907327369153,-0.00985635022657317,0.007298322822647879,0.024955408880478508,-0.0002361960716106661,0.07487285973256273,-0.06415760783802393,-0.0060459088864142215,0.07205396449979574,0.0015061802836149993,0.1351976018758782,0.043597639124890626,0.06221314904865425,-0.012922349416700212,0.025499061235983347,-0.04425511127314306,0.0,-0.030773649913268548,-0.03306608535892278,-0.02526087156248004,0.004163527418879734,0.010497983587966038,0.04396279098871676,-0.019804060800339165,0.03673937190693232,-0.01593573383129432,0.11798194433911721,-0.07040010899058209,0.026863443128338556,0.02037473715507142
SNX6,-0.03175074528763994,0.06504312399747698,0.1308801768015586,-0.021629412232253068,-0.059616645014467784,-0.029472207775686345,-0.05369603069620203,-4.725251082680173e-05,-0.09356839267992366,-0.00888966618993714,0.017132108410326446,0.08859021990649367,-0.0725611900632329,0.01313133328962029,0.009540264227876434,-0.04128439621960031,-0.012102421644713212,0.07302782637132832,-0.0045453900221078146,0.07156632691684289,0.03463890553230212,-0.08791574193848488,-0.004670167836736063,-0.0012247545634548353,0.07996163004524015,0.011576044185484854,0.05723240950988615,0.025095438395622432,0.03665878448129639,-0.021026239513118678,0.0018028028522267324,-0.010842935339094818,-0.1038242127458288,-0.015951146143937632,0.020849261737361992,-0.051189565345591166,0.06758897523028073,-0.03158242222764322,-0.011876193233461715,0.13992749333603677,-0.03151088211079329,-0.023809577106218425,-0.03622251419859325,-0.012199620724960268,-0.1214123070824074,0.09718211673210266,0.03807458397502136,0.019458301951658347,-0.011065773501325964,0.0380701857069531,-0.050918595551972395,0.09246881701170971,-0.07873799410416048,-0.026084984648817977,0.10376449724732476,0.04620566014595736,0.03207130219817038,-0.08397244073669978,0.035940046341568964,-0.02800549549938879,0.03754800158581056,0.015194045001996866,-0.05232003929506945,-0.16050548293883782,-0.012744190373044794,-0.0632951720641936,-0.03465554430755148,0.0,-0.016212072104236055,0.09187424137496959,-0.04752791957586431,0.026233420646454956,-0.021359659765308143,0.021067639773571338,-0.03833104266003127,-0.06347077023919269,0.07423818516706973,0.023509066480839724,-0.007037913012097657,0.02333792038756103
SORL1,-0.06664484714038958,0.04549869091812602,-0.047733383552321824,-0.05953406131954439,-0.07866252948901473,-0.06511259556375136,-0.05736268712801099,-0.06188425931780074,0.065920903912691,0.07135024809839052,0.18907180770779441,0.0590463440926781,-0.22807725456759995,-0.10135795168424126,-0.15937656829951663,0.009900322983530677,0.0946278531248233,0.09683136442139378,-0.2520496368938957,0.043475300926695735,-0.04666268811003299,-0.06872416837244252,-0.04114796656643903,-0.04346232059711576,0.17304631812548782,0.07798597344758611,0.002799972075120985,0.05005451356879943,0.008265645622678371,0.14700937580558546,-0.019093137221500144,-0.047439380936371525,-0.09196928367025126,0.07904230470748182,0.11462573421246153,-0.029188715593091035,0.08644228990502614,0.27314391949473493,-0.08070770438398808,0.016670725936705266,-0.0796646633007672,0.16789255829400407,-0.00680253461350975,0.04006344075583094,-0.15162871637885597,0.04616360325395241,0.08187463151819868,0.0490986599851751,-0.018171289180318625,0.03758137028423965,-0.06141904459473872,-0.17025813718671046,-0.04713527807779404,0.04671579454948006,-0.13640346607136536,-0.02888827244999875,0.07525410312663446,0.06751042760586609,0.10425278611973482,-0.06409054619196329,-0.14008882133101344,0.24052792317915722,0.1138318405836405,-0.016678866112330937,0.09720067798702166,0.06128523405969523,-0.05481111079973413,-0.02386330720369643,0.0,0.039524885773132734,0.03619680536732151,0.10226040748525574,0.06443680920582419,0.1452330448922451,0.04361389251788586,-0.06707421874232522,0.03714231895680079,0.02706394973274978,-0.006732481218658083,0.03566845300845648
SORT1,0.04803377719588748,0.17727080027483835,-0.13996988772467892,0.04960955935827076,-0.01780355325691852,-0.01923541623472107,0.01736653131907857,-0.04114574258215821,-0.04707391782792596,0.07370067059701611,0.0018721873906691006,0.03711496459275463,0.0063510124374525434,-0.10280251897009003,-0.0323663665395846,-0.1039590278782389,0.05376876979931985,0.15449374924542006,0.012644113490520944,0.04139249563566522,-0.03804353052254968,0.001968561573640707,-0.043085623282306786,0.08520870394784481,-0.06815273828111507,0.006974901601360006,0.08516544776613183,0.03611224507612868,0.057689091478607124,0.06935592351760118,0.0375078173247643,0.04582207904092599,-0.049094138842615216,0.03694796179640645,0.08863862907105775,-0.04728560230496891,0.043852069656046266,-0.011284112353068861,0.08554067168558885,-0.016952326820752543,0.04000415866208129,-0.045874331370676605,0.051183470376567265,0.04181348630418252,-0.08538210252146917,0.037368283303344116,-0.07474605473392053,-0.009467028373292982,-0.023500271610854346,-0.02695026519990494,-0.004222370181040666,0.1142625790184978,0.005402068885756375,-0.056942508347127274,0.008040107898609202,0.18831176061880267,0.01538897197952211,0.03439054305513097,-0.13158921195919573,-0.028600527024447823,0.016759075242598544,0.014659740345278555,-0.03899597366086416,0.021214574432385995,-0.10079835269248412,-0.03825327748717071,-0.02723100789375183,0.0879458672457567,0.025703968943604556,0.0,-0.03479365959462557,0.04587127707642339,0.03370456645748664,0.0456324200301857,-0.05642976005708525,0.004364464758090319,0.08196816327432974,-0.03440085971267045,-0.07666433893628712,-0.03703833691366576
SREBF2,0.014038326307403043,0.07051082925070704,-0.05764995134738314,0.02860426094816104,0.004727265356915394,-0.032859006226557845,-0.03173278467004047,-0.1141374687481179,-0.04780891821166756,0.05958218419423879,-0.06455291578021322,0.04426766463584848,-0.11666061330340395,0.051068713384995044,-0.0936116755756339,-0.037011571536522445,0.061611194635584635,-0.026850127220045147,-0.02576463503113209,0.021029676193854104,-0.03968018727844497,-0.2362086163471355,0.15102196410637966,-0.012216500776907816,0.06453550508853402,-0.0851940500713829,-0.03926404676035938,-0.17073818520049724,-0.06677010620183897,-0.12114647525638707,0.17068855276393627,0.11088499485318322,0.06795692269315937,-0.12811531729267864,0.01496560117936949,0.10749121600029413,-0.004992279265066958,0.1078051352500334,0.023827370594961157,-0.07309722372560251,0.1926896733432864,-0.013578927463810045,0.06013572421929555,0.1007945777378933,-0.1198063583270432,0.008265393249229315,0.018882461141094105,-0.031015993169363532,0.06267545666189767,0.12283713489520696,-0.054288453081708536,0.06116607859933842,0.019001105811301544,-0.1082155131304584,-0.04535926753032793,0.045938380207799764,-0.00688385822751239,-0.09009976002636814,-0.008113278662481503,0.0944444676029832,-0.009693584087202528,-0.0021497558428011402,-0.0972052436501678,0.09117149795434183,0.21076731504652665,-0.01743251157897949,0.007226216663023471,-0.07324949565316573,0.037899542837093986,-0.056018861044654235,0.0,0.08838413413227172,-0.05682272009381612,0.03227889260115581,0.0207356052109308,0.07022078131694377,-0.16076348576206234,-0.1335952665807105,0.11483568568082698,0.024929549199050556
SYK,0.01556189706610321,0.03917825697146474,0.07024691374746687,-0.009383814900572112,-0.053707731790603515,-0.03550067031271263,-0.045558983220760615,-0.0032766983647143566,0.09130257823974207,-0.04383645339756513,-0.015378148517420092,-0.006462470859138266,0.07168914911514995,-0.07302813494886534,-0.035976637940730506,-0.011628003724097603,-0.025983065796701215,-0.033038864474878464,-0.04843391360658137,0.04812392124397651,0.02124360839062722,0.045259102589415394,-0.039592999042788665,-0.05009485164835203,-0.14009879386464577,-0.02679123300980844,-0.0006388933103088419,0.02030014075891406,0.03287675542729812,-0.05213340549192955,-0.0922469416660202,-0.1724058273228265,0.10287236612287422,-0.027279127769735626,0.007211673838309821,0.00569922925519766,0.11141612693156576,0.06138926779143451,0.054265660264895425,0.1911559193179448,0.0245563050848517,-0.06963098937115834,-0.017198638501783815,0.11465469296945242,-0.0389441533570279,0.05271459772334017,0.2355838142095293,-0.028627339736583178,0.05767600176572697,0.008916583843403615,0.08313995777028545,0.05538845096833576,0.016402486568899016,0.001558002452777881,0.07622708637180121,0.047187122402076176,-0.09370284412632816,-0.028491315193489363,-0.01786942859876594,0.01953156673635418,0.05076894333670062,-0.03352912419056068,-0.057532306808196716,-0.005998535786300529,-0.09980420754230576,0.003292790655181468,0.01361561673116647,0.03021291549691486,0.08001163153982058,0.05518955270981089,0.06604747060320981,0.0,-0.10530075536446139,-0.059696166909608925,-0.03379816476495272,0.009319521169957441,0.03592165901501003,0.15835826151417035,0.08967918455275202,0.002456308570951071
TMED10,-0.046229893977475275,-0.06644110387979034,-0.04828916997331625,-0.009129137070632228,-0.009302049281551384,-0.017998044066362823,-0.00576264443007194,0.0718483115266026,0.013141373070168,0.0034262398870698453,0.041681194408290836,0.022842609139056065,0.026604711828189163,0.03502780005978813,-0.04280998785000059,0.005426737863903943,-0.002916780379790928,0.013942179294908583,0.08016219814626085,0.05986957089390398,0.002933511966255708,0.024127631834235823,-0.05632577893641062,-0.007840523473744764,0.07054913745183757,-0.0668132659586551,0.019641986205818744,0.06045551219302995,0.04799994193384717,0.06526209803672803,-0.04071539987449877,0.06617683092838664,0.09807833494410532,0.07396634064186411,-0.03439008388269006,-0.04005674308574652,0.023824871009220393,0.014406683656963572,-0.04011658530477751,-0.032697270886514807,0.009603590898554379,0.00015068466754502462,-0.014410214102191107,0.001863981799711109,-0.04359509547997577,0.059224114132348904,0.03778961049538216,-0.04140079957033894,0.006456451373033531,-0.013155355903308456,0.01260353155974809,-0.06995532724749062,0.019108915754112908,-0.043851197834057117,0.1293880561201541,-0.025255023884669943,0.03252952600398204,-0.027593014107734758,-0.1031525841602811,0.07416821495911327,0.08692787765965987,0.04181542145698508,0.08426065641062112,0.03157241601255162,-0.013927289470968926,-0.022743585604162325,0.046311127219181125,-0.019980240482406222,0.04094947156603209,0.03293619731758515,-0.03448836178797356,-0.08552639255421056,0.0,0.2542809284993721,0.17844845286483166,-0.04008164182038665,0.039725014494398185,-0.09239110606345695,-0.04330529690320762,-0.03330265194699011
TMED2,0.07616488563012795,0.06926019366149917,0.04395422204841727,-0.09601936978901729,-0.023680502637681993,-0.0801473440793103,-0.044295444549245784,-0.014084080409154001,-0.10757145353480878,0.05946909308016557,-0.038285235685304196,0.06107096199751768,-0.0747938082528972,0.09667842826834093,-0.02432802794930537,0.08337799408253314,-0.07559391792473887,-0.01927080730040966,0.08303629344661292,-0.004209739159014832,-0.0218627067516601,0.04277814060080244,0.02211261837421967,0.03606800925037326,0.07430385648099701,0.0552735428177835,-0.0010942567367936476,-0.04625487475584993,0.05908477028751504,0.017553135637367403,-0.016191293429119624,0.016810931356719325,0.14864231383483764,0.09417317594615253,-0.12384751040354347,-0.002028633361235404,0.026153668629015782,0.032358738734225075,0.03476786194496443,0.01533399881463678,-0.0059432275126947995,0.0360646073077607,0.09135254139549281,-0.003512995871945511,-0.058306207550797136,0.05406898949727292,-0.018959261624724607,-0.02393517854791262,0.030645053702657084,0.048217050677226696,-0.048795146428640856,0.11935785590417582,-0.031216924558250685,0.01083436399703673,0.04865724652136808,0.0005422469426723993,0.018986673304139008,-0.006242979681222162,0.048770064080315624,0.0017057326109969793,0.043742192679277106,-0.03734195524111663,0.04691306724085825,0.03993233501570105,-0.11343923749335362,0.0616515336939685,-0.0238707022450456,0.02254930251542041,0.10560647975020147,0.05102336072384559,0.022417130583703634,-0.05547865991724037,0.2909542043166959,0.0,0.16958414118920218,0.012226979822462354,0.08372957969803044,-0.023571838116604293,-0.08520184967401703,-0.08976243041746866
TMED9,-0.006703590037040705,-0.1100349805162102,0.014095347844097331,-0.0616542210221744,0.025659810911497903,-0.05254638799083081,-0.07031875172033858,-0.11427577767724659,0.04558146194985557,0.00890312124588017,-0.18327443470947696,0.07669880669264413,0.02099788662725464,-0.05725902233098707,0.03098164653983743,0.027477069554368468,0.08911160095395793,0.07374353541294898,0.06019976281284558,0.027504464536429952,0.004815065362018077,0.0077703371283863575,0.01061447916294566,-0.0007668304461803883,-0.014190203983981438,-0.006302588017652531,-0.008124897681624128,0.1394049267128056,-0.024943314430324402,-0.06623643125891111,-0.02359013014874004,0.01461001801326403,0.02508733074060927,0.023031724599685856,0.06914485162664767,0.07327856306907658,-0.02495958906931819,0.08100146318099821,-0.08617274364820772,0.051949864854652944,-0.044509307824180756,-0.029440211737434368,0.04082999755244448,-0.05062862187907249,0.05084604836458907,-0.1381335498606085,0.012172046235800593,0.10046166623365665,0.09373270835950864,0.00029379531419249414,0.04066370396391518,0.009965044857402175,-0.008359445435250332,0.016684410523299057,0.09674556260855292,0.012469120143022991,0.014174484848107015,0.06102037534779244,0.016370964500087553,0.0512296396917938,2.1948424587790688e-05,-0.0038508135292875272,0.01801176761909037,-0.09888015120131423,-0.05840663659294954,0.013331520707488116,0.04277717325694383,-0.039631204571774756,0.030635105712504593,-0.06094992473098574,0.013910653124938933,-0.030341849213689803,0.19723911552622247,0.1638153700286468,0.0,0.07342378829063477,-0.062325355958478226,-0.03447232219436651,-0.050277361748219916,-0.12456102328498862
VDAC1,0.04515463225858533,-0.00818195771182167,-0.09569198955080528,0.03187328937014295,0.08388868236011246,-0.004077433934518413,0.049753931182696186,0.026422705166658532,-0.01513609625107519,0.047607995896131475,0.0507900205994989,-0.00689788571513237,0.06341015735601657,-0.025925953855494226,0.047824151593392705,-0.0025229810887239445,-0.014585372259655659,-0.061807919874904194,-0.07121480697845371,0.013494439789078,0.00038203456292747493,-0.01380967410392326,0.005326724284873647,-0.014343365472301913,-0.07279664612545045,0.04708861635032526,-0.0482465297421854,-0.07388180142256545,-0.03857840545303923,0.019174782997320436,-0.005930566576667311,-0.02831615788927309,0.04513366633752684,0.06334000469494615,0.07898293294776923,0.016533060444021013,-0.06124877665236928,0.048675574908206246,0.008393889403284584,-0.0329368711929148,0.02775926294538863,0.11243141561352774,-0.010787745553606082,0.024240020645614972,-0.0239522198161383,-0.05938418602116303,0.044773440850984426,-0.09796375656193884,-0.010547373412607272,-0.009514239117037629,0.0707323325747326,0.06359278194356205,0.0337234219303958,0.010673467108522391,0.10549647731100383,-0.012330750379911203,0.03053514340114073,0.0007365646867364964,0.06663112331445925,-0.02018489132338845,0.03722458415956703,0.022317042174045846,0.0409305816987244,0.0012045459584495723,-0.010349487922190068,0.07193796549752421,-0.01494563344812709,-0.0528594101455514,-0.03795002455475141,0.003797150975173899,0.03794533287094877,0.006739139249647678,-0.035685161465956655,0.009513723173236054,0.05914236567360675,0.0,-0.03291836954928651,-0.052341080076891346,0.028991793523104232,-0.07266121606402044
VLDLR,-0.005749100656989957,-0.01709241249353855,0.03662094707817076,0.07511062374409849,0.05881140321256584,0.1121082302634909,0.09080731687433438,0.03532312464331182,0.04346163159430945,-0.05070863443746588,0.20191644181600452,-0.03788973571511056,0.01651530123128744,-0.07453741500374947,-0.09335598799682024,0.06551548981790156,-0.026858644276913597,0.025159384983070736,-0.06938651909398426,-0.04930153486927636,-0.21075923071099228,-0.167910411718941,0.04160145628831784,-0.0677881135914229,-0.022542957433673405,0.07242702928813773,0.1234588100692786,0.008140670463752615,-0.022802021641881637,-0.0958905170665698,-0.023020972545353804,-0.04027241744755032,0.044383668185867683,-0.00739261280934574,-0.005980842073124271,0.09309795497147035,-0.13615293367628303,0.011911830790055032,0.007540425686493276,0.19049182314807292,0.09059318710289335,0.000863597377390882,0.10295458448561574,0.06757727248407114,0.16014991056088435,-0.03503161048455196,0.016004012188010158,0.15858936599935236,-0.09653433345137903,-0.031714168652365565,0.01462058869662943,0.08609593746017066,0.05407599008509049,-0.1274007961640013,-0.041188422243305184,-0.043479828432163165,-0.11745343015221302,0.03762937389411496,0.07947765790755774,0.09325890484931301,0.09773701321320465,0.06115711952177766,0.10226245999201024,-0.07853292280477049,-0.11478069227040885,-0.015963503576761993,0.17586185551151104,0.09826293527046856,0.03339944853404395,0.11334070776066837,-0.1380682964809686,0.041283932533599396,0.05621083935844922,0.1035437926774433,-0.07978853925877388,-0.05231812353903591,0.0,-0.021461746736412386,-0.04235804762362433,0.017033020702372163
VPS26A,0.09522010766661314,-0.008771816211622435,0.07511566524581367,0.04375736297407008,0.0656413419949774,-0.013481232729798258,0.005960495706459554,-0.06932476875162431,0.00846043595079752,0.0466965182090738,0.1004154191887837,0.062019310638916296,0.04806555251867764,-0.009539364353069735,0.004219778169742538,0.025607333362601962,0.006485740613935097,-0.09713565492653675,0.07684139312287061,0.013873128724459012,0.014916048965338413,0.08065751748276426,-0.06833414618929179,0.043314984840346,0.0019219574695595763,-0.020537206348960124,0.08585067678781455,0.060214962417301635,0.013466784178644511,-0.06206211714106197,0.056794276111142794,0.022316140131198835,0.06840790079508581,-0.010028280921019478,0.031096777535940017,-0.08437938189361653,-0.0682343595451733,-0.026763567689430237,-0.00855590069715799,0.07295343638847225,-0.03644618126239943,-0.07893043027363132,-0.017202650027712582,-0.008796871272754497,0.03578363424267247,-0.0734737003046732,-0.0036655357842815994,0.017068217170679908,0.07624978471241332,0.008742508401103894,0.04885695405160961,0.04484377451363646,0.027744014406202878,-0.07221681233062034,0.05644135444430094,-0.04701823430430153,-0.05314403316376029,0.019016828378252526,0.03897161650519882,-0.0349283947315793,-0.0002604896204589744,0.07538682811251002,-0.010678404470329264,-0.013704702269005971,0.06527688071936974,0.14240196393645854,-0.07508131404531548,0.022263846650471517,0.01741261070160678,-0.03403395687336492,-0.08209185218688729,0.13021704338130835,-0.09353811285348784,-0.020856481215983994,-0.031575389624878776,-0.0595194561412993,-0.015355624974662642,0.0,0.0710129388149803,0.08367750939273222
VPS29,-0.026392526440218868,-0.06571288450568208,0.034734645969063276,0.026796635572376853,0.01759499151873116,0.034148080777869426,0.04960491470402061,-0.05969429605521251,0.005149067970158816,-0.014197826286128661,0.03184089265312385,0.06411010632034088,0.02599951553396425,-0.029931587528838774,-0.06012723524227622,0.0039789130286030745,0.037470348686008986,-0.038788387520441184,0.07042393448430855,0.08360635228460092,-0.014164126076453612,-0.009650871087534952,0.021816209514871714,-0.04293777372916397,0.03211514807129556,-0.019397065547324295,0.005932053379998215,0.02782212497988612,0.03116650918407117,0.06130436990469767,0.044917131503406475,-0.0017859368588115658,0.024993779528034187,0.07125576410274845,-0.046741091184780634,-0.004840349667808968,0.017578333546106193,0.034479389662941465,0.0008563827628072525,0.006555356490010349,0.0004365403463123755,0.03260958643731876,0.042140029014182456,0.025488931471864967,0.053494009235999125,-0.06962497995435507,0.041466119231341254,-0.0740578029375692,0.0784022346919826,-0.048163602417568244,0.04526707951220429,0.06294534086784012,-0.01615356067394098,-0.04623591464627599,0.035376558541054405,0.035728152277254725,0.021206488166700916,-0.011142674560079852,0.07304946092400869,0.014456170370621552,-0.040861848098387304,-0.011287950124331439,0.032671885561789724,-0.006089351286317392,0.013696274675254536,-0.0018322289828319532,0.024159731380885716,-0.005620573150122314,-0.003652748362417142,-0.06395999704866719,0.059505586947121915,0.0621857171873138,-0.036971864244980335,-0.06357238483442212,-0.038834932114009284,0.027801181228717105,-0.025557022628126584,0.05988380366100993,0.0,0.1368774601348856
VPS35,-0.00893388755636709,-0.014808864232704819,0.042821711791395226,0.13605540546617684,0.01411076060763522,0.11125921683832687,0.06406769686367311,-0.054657377901933875,-0.05428875744859002,-0.009437196657841514,0.018194665656591204,0.038056738315433734,-0.0023529726586696506,0.04987899568091653,-0.04784123577512351,0.026175994547112728,-0.017588047610869007,-0.031917360295396664,0.08079634769492823,0.040058358910393166,-0.016845085706655837,0.018527131051307807,-0.040342164518374746,0.05619228614884866,0.038734592477496416,-0.007872445874717764,0.06021671248053557,0.05645051936073261,-0.006356845071592422,-0.028534551488633087,0.006414520206301586,-0.03299664062928927,0.003498585499916655,0.040319304021468556,-0.0797703743631138,-0.006335809812589999,0.07457848065775034,0.05382639207318735,-0.020075311031304787,-0.005786835024497967,-0.021854594806468456,0.04008729945803506,-0.014973302630259604,0.03609794288852383,0.02163540165936955,-0.08433254836489197,-0.06680215003963055,0.028115692587812213,0.03660251279733303,0.04439726370814813,0.0568158419113608,0.02517897105686423,0.014784496476204848,-0.10156922063378447,0.040482155797740595,0.010066948849917028,0.11427409918676865,0.005661231190071318,0.00421707047028307,-0.06761787404349619,-0.06009257507636361,0.01984441246037401,0.01868844611781604,0.005872899012109774,0.06522019147956418,-0.08237648434191404,0.019299985335722334,0.01963059226640696,0.020382779999027878,-0.03254625754114039,0.013605980357364746,0.0017939753008809774,-0.02994633556014908,-0.07054213873340548,-0.10133670436442503,-0.0733880531436423,0.010824317846839808,0.07432162146790738,0.14416720439256903,0.0
