,ABCA7,ADAM10,ADAM17,AP1G1,AP2A1,AP2B1,AP3B2,AP4B1,AP4E1,AP4M1,AP4S1,APBA1,APBA2,APOE,APP,ARF6,BACE1,BIN1,CLU,COPA,COPB1,COPB2,COPE,COPG1,COPG2,COPZ1,ECE1,EIF2S1,GGA1,GGA2,GGA3,GORASP1,HSPA5,HSPA9,IDE,ITPR1,ITPR2,LRP1,MAP2K3,MAPK14,MAPKAPK2,MFN2,MIA3,NCSTN,OSBP,PICALM,PLCG2,PLG,PREB,PSEN1,RAB1A,RAB1B,RTN3,RTN4,SAR1A,SAR1B,SEC13,SEC16A,SEC23A,SEC23B,SEC24A,SEC24B,SEC24C,SEC24D,SEC31A,SIGMAR1,SNX4,SNX6,SORL1,SORT1,SREBF2,SYK,TMED10,TMED2,TMED9,VDAC1,VLDLR,VPS26A,VPS29,VPS35
ABCA7,0.0,-0.020609127328794163,5.467309312526006e-05,0.058018795273644716,0.053140589006193874,0.008520963091992887,-0.004425569193058037,-0.030303056742777754,-0.17305225265359753,0.0438661250764265,0.01195174699377079,0.11059789471018429,0.13652716255867728,-0.01161196613564242,-0.17689701345146217,0.06315807811494033,0.01839818338719185,-0.07072168990677087,0.006255653788302644,-0.023036830347714112,-0.10073557670539711,-0.023405518366127462,0.055364935175286914,-0.03865535032823754,0.0853438454729323,0.007697006497525745,-0.07863087440259006,0.034621482113396274,0.006195073504273794,0.11496604123589929,-0.13325748947291316,0.1060907235309657,0.12457741216914017,0.09668919963902993,0.06970964857274455,-0.0719586286903494,0.005387391059415225,0.04967225182279304,-0.020354891058266447,-0.014985665363061748,0.0644541736616704,0.06212268997387883,-0.06990200195336911,0.050551117096752536,0.04921199216817974,0.039253068510161034,0.026178490844184138,-0.09312882481249547,-0.12435495470333448,-0.15397934427005705,0.11918718366456706,-0.01598361282173434,-0.0949537103171708,0.08723532780201615,-0.0701075717487093,-0.056244724902191,-0.06181812638055548,0.20402099411584046,-0.008376118162324189,-0.03433656707957432,-0.03277476856638998,-0.01066879703516043,-0.09351777136598335,0.09261105700823344,-0.026107796971376628,0.08536140893701501,-0.0067473841774253985,-0.016106046385294014,0.07063016733031006,-0.12328567890742281,-0.03197327261246265,-0.11010647004859528,0.04079048914055588,0.0039217439603497365,0.014401050494947935,0.022528589113127363,0.05667287955583854,0.0033313601899099625,0.01349514674079507,0.02298134907505496
ADAM10,-0.015348275253447029,0.0,-0.11270208251940741,-0.006864365304026974,-0.03652828549020338,-0.036654353201304696,-0.04318393526603507,-0.012903563433744634,0.03976217350326723,0.03627147349124997,-0.07017119225838729,-0.06510743020490897,-0.11034975748791612,-0.02571089718763787,0.014967992884820105,0.03036890897220633,-0.00022407185926755232,0.15141070020825492,-0.04689042723055141,0.025105497615239177,0.017177022628352568,-0.02395564968318463,0.009124726090803954,0.011250072655881713,0.03030157891203766,0.05352106417269227,-0.014136431234217421,0.050895497298410496,0.010816844760456893,0.0815129037444965,-0.07963884754660897,0.03180782686575677,-0.11128922927671202,-0.022623801524331025,0.07159504965254712,-0.02891949178730678,0.008221132293062386,-0.013781371770306345,-0.03348124212807379,0.000844683808757044,-0.01943454488531914,-0.030281796868443456,-0.002398599541114768,0.03527239337115978,0.033810540622979356,0.056171159043728734,-0.03739720278686749,-0.021098886566944187,0.021994889545943443,-0.08853607303592673,-0.12253099915415729,0.014421071379690746,0.014350092743578527,0.004099716284473122,-0.031113323675665883,0.07463213583204124,-0.1144830637719973,-0.007744032482245516,-0.06539042303337758,0.009932524149043952,-0.05561189954988543,-0.10020297873724901,-0.00789530715909633,0.023490808442925528,-0.02562892634300259,0.047027658081341274,-0.08095845911858346,0.006923430201213306,-0.005536052124298089,0.12081824243732348,0.05073306188360537,-0.04106448139831172,-0.021211357320485975,0.028066173655756425,0.05513906706436226,-0.018132727233926456,0.020106283445565604,0.059710346320582586,-0.04396768852641062,-0.046316164163052925
ADAM17,5.241354648391363e-05,-0.14507810230499163,0.0,-0.07370306024427795,0.0014324212172681947,-0.04118800393179203,-0.043403488935468214,0.10407347905968563,0.025342250305246377,0.05798984455928005,-0.08538654855534412,0.0127358410704698,0.010932600645918694,-0.0014751747440787865,0.03131879569792463,0.03622314022006103,0.03823669111085065,-0.11695678714723833,-0.03039303498360908,-0.008986171722294337,0.05148613096724474,0.07577183719237127,0.05656248606596583,0.05137214411800629,-0.051871454592985915,0.03312642541375371,0.0676863269622997,-0.15347223023533316,-0.1703619090285628,0.005948973153345565,-0.029204216237200747,0.08592981926184869,0.03631808417197952,0.03632224989167307,-0.05732044625398531,0.04682574660425646,0.27777004402260735,0.031753069480522145,-0.04713694111090313,0.030105235168034684,0.02666897614883476,-0.016702763640435155,0.02681404129554176,0.04629366171300397,-0.04518806958623523,0.01446585828643143,-0.038242728442456624,-0.01104864221244936,0.004058194684704345,0.06237688236461842,0.034397120971810906,0.05332432006592004,0.0494531477269503,-0.0229291211274119,0.06443978752912263,0.113209840118232,-0.11122070923400694,0.08606712488042373,0.002370206055817701,0.0618112974774739,0.013380406173240603,-0.04299696101483137,-0.036080744912316526,-0.11575841206051604,-0.01693993832580703,0.1453485210506797,-0.05626414856012383,0.023999505778634616,-0.015248386781288027,-0.12343827493342074,0.08882793345879543,0.08479554742931084,0.04893558910000149,-0.010329053963253869,0.016542457008231218,-0.06326489545512991,0.005743704198684366,0.025873775430546527,0.004956643422024277,-0.019740842960812088
AP1G1,0.03625445441669461,-0.005759610012605696,-0.04804058487335639,0.0,0.08510715395744092,0.10830744970362807,0.06038681565209961,-0.01075437296124173,0.018341294240000725,-0.015302301678699164,0.05718873783483032,0.014501704588770972,-0.019277298420004876,-0.014919043499893016,-0.026820108810287315,0.04685728980502118,0.07217072029851387,-0.018064040897404102,-0.055725606464927746,0.007598468181691028,0.015020917898214903,-0.04158802862797079,-0.014231990243511017,0.024747125301976706,0.044368397899847964,0.04681085649076543,0.022640518422964724,0.023387864392234448,0.04549123443754665,-0.028532416549959052,0.006530088200632559,0.0025991980256879427,0.01080399648386463,0.0224533717388326,-0.006897065676295029,-0.004175013843453637,-0.009808170550928298,-0.007669065120507529,0.025001052003521974,0.0417526750195766,0.002334483653781058,-0.031294097129939524,-0.03977298826620401,-0.003632009891198915,0.013251591375601208,-0.015240413605773755,-0.03793136550985562,-0.029863388661218987,-0.005946960781237727,0.07280619888879337,0.07356705248611561,0.012641074427378062,0.0042058167777128275,-0.060698651608000066,0.03484970499170048,0.02616486157760049,-0.005646973300897792,-0.0831395509678777,0.050547342101081305,-0.025429766874221285,-0.011174933359132647,0.08540625982832514,-0.0057224126649022015,0.04343489168800644,0.0008211740886501781,0.0056343159734453295,0.07654839991736309,-0.03405565008829854,0.0010922527875363778,-0.014959989029588974,-0.005633935407882417,0.009151413303697111,-0.005560282123614939,-0.03443433281496388,-0.008661811032618011,-0.012378956643689104,0.048806010097560464,0.06349427988006932,0.08604059129757063,0.08952484284559935
AP2A1,0.03158331977076709,-0.029151487844352782,0.0008880394456431741,0.08094775602145325,0.0,0.13687475216553754,0.08653047658010579,-0.0094441036077088,-0.01475504203627856,0.02240101302921671,0.0031232286604746013,0.006490688611458719,0.013000089133990325,0.010313314387252736,0.0016810360822038632,0.030581493046432377,0.002452224718115473,0.024418456216556587,0.011154547694297958,-0.014394076141065403,0.011829828186623299,-0.007106845867391531,0.004621862305570228,-0.019124822375798038,-0.04457665622223599,0.013224099227430789,-0.015509601825470539,-0.05103228926348165,0.05278201316963769,-0.0076034470376533225,0.013334106801436093,0.01852703469841672,0.026417514904807413,-0.04536064916359188,0.02087178024619278,0.09351347050126828,0.03237143040968119,0.036714749739531594,0.022106317762416994,-0.014740180519506232,-0.022257500869299937,0.022371602756435023,0.008409397146209167,-0.015722746234549036,0.02098955025472899,0.028541048758274682,-0.054984718229157875,0.010597559069826153,0.01631174077379264,0.03526077613395988,0.07681167439262854,-0.008346255517961016,0.06526214993827209,0.010273277027455504,0.040635180502420494,-0.047765183788773695,-0.04158443800390756,-0.0032843932663335546,0.017185076479041585,-0.00931782094908138,-0.011511815499518338,0.029101133489209525,0.017394519259672874,0.002201992210580615,0.0002799013826433184,-0.04219762434811242,0.06275388636074208,-0.008164895519007183,-0.019687689301018076,0.058286316747501,-0.0022762912259674034,-0.01293250199642557,-0.008365548401930885,0.00746654872699891,-0.0032262401321300088,0.058477176053130894,0.04316675238644119,0.020551648884532286,0.038531213474943475,0.04491813492320923
AP2B1,0.005209559338559868,-0.030091087852492114,-0.026267161764109107,0.10596878805290652,0.14080051300065816,0.0,0.0782830831420129,-0.0009954331176240648,-0.03155728825813889,0.004560359205313906,0.04350731450656594,-0.006245791876751463,0.02808710613012457,-0.028452127027759566,-0.036387224064377374,0.050794588542804796,-0.005423466742190847,0.056887292893340435,0.059417147464807814,0.01808602026690314,0.021303172352563498,-0.048865665977140135,-0.003088967675571712,0.05090462607623261,-0.0354213156557282,-0.012851498438232304,-0.048730037028367715,-0.008207657934669162,0.05069794946091068,0.009085604893441136,0.006557943683429197,0.013506068246799445,0.020527826470292127,-0.021552369447587576,0.01070374868005839,0.04109030306465318,0.001493698034646752,0.054646020633273736,0.013264599137779925,-0.025527197240082445,-0.021651825208162525,-0.0029981701014734413,0.02223303204720956,-0.049381427990682576,0.01353834102995086,0.015014258417691117,-0.06284616483067847,-0.011107697368047974,-0.007448076025215595,0.03860456480060399,0.10086184281413653,0.04885224502977287,0.05390664791603149,0.00020337534327793594,-0.013399693732230473,-0.06915431278504572,-0.017366786362092355,-0.053623995806518006,0.01843583371010701,-0.0030804604886187454,-0.010955467941533239,0.03557892128717709,0.033110961550030384,0.026195707843679607,-0.0015260237874130669,-0.0463799762544066,0.10301200349228584,0.01121452232607579,-0.04139526159907493,0.0457779291020269,0.020847074807230075,0.020929449526604922,-0.002070005362264742,0.005623687359580663,-0.010500878427829784,0.016579328583358713,-0.02931801403183159,-0.03189371669960176,0.02463513798381216,0.053247200952093045
AP3B2,-0.0025007602449075585,-0.032766130820829076,-0.025583364630183732,0.05460751112660775,0.08226983066991546,0.07235333238273117,0.0,0.023374070603825313,0.005046940058848662,0.01573903672191344,0.013591765858292101,0.030621974095582316,0.004182936039771994,-0.017506152669175712,-0.02876727956716133,0.028146904790550528,0.029166111405101877,-0.023082315887215918,0.012792501387510242,-0.003971627735043542,-0.01146166624638106,-0.019434836491748285,-0.010216792588643928,-0.010287175361313057,-0.011383466757274505,0.011311463550341681,-0.013173728834834966,-0.04913464668032592,0.014167841407903328,0.00863838997910427,0.045027859508168115,0.017751360303280523,-0.004222736694765414,0.04425977313034409,0.01709143805501739,0.014978180752771627,-0.028299869270151202,0.03320173125127427,0.04169964110471454,0.017157075145857497,-0.05030778385847087,0.04441951679295928,0.016627138084770822,-0.0032226851371325816,0.02389639631382722,-0.018661462293738742,0.016171540492939236,0.03330202129496179,0.029385225509501286,0.0034050934839275873,0.04867114029517345,0.04231827515492547,0.035166745344850016,0.026139495732799667,0.02955953465044601,-0.018153983004840224,0.00622390386013291,-0.010914756462197087,0.023285930572356683,-0.01154283860123645,0.0017188686354989793,0.007527091339887121,0.019242803212382358,-0.04441418539143238,0.027228036600960407,0.0010736695638300395,0.033556083871993554,-0.031003753546444347,-0.038455955384355055,0.02832197452293192,-0.026348608613261618,-0.041032565282297755,0.004023610780568568,0.007009782741449761,0.0293882633607031,0.04836387699414663,0.012651424252981035,0.017233722244045496,0.07215337526543858,0.06374559471121197
AP4B1,-0.03987399580480459,-0.022798853305502322,0.14284777847204125,-0.022646221264335853,-0.020908970460701136,-0.002142412532963736,0.05442955077118978,0.0,0.0862806465890263,0.04392671962139134,-0.023821899041867427,0.24172140194094463,-0.007786045079757876,-0.1436827890259579,0.028141640604073974,-0.05237058384797813,-0.07807127828694915,0.028489906216730358,-0.07696251007911305,-0.003370375688296293,-0.05325425326881684,0.1389680603244055,-0.06436642239297974,-0.06459509836322334,0.1938095484851565,-0.04646996038023802,-0.15729104390810558,-0.04220915201546797,-0.04322288134571764,0.0068456969041397475,0.05651252056960122,-0.06456589141632903,-0.04110956885891535,-0.10308829380784683,-0.04147190033745915,-0.16136894645571395,0.12387894332870458,-0.06368571960502357,0.022792510115980765,0.1213146948481905,0.0024156576047447637,-0.08155552362389011,-0.040132493798383365,0.03660554183245555,-0.04684847253743823,-0.014378432542689522,0.07168143372763047,0.07661181666671674,-0.036714392506458166,0.06417631846302374,0.12093625553746885,0.145379811032231,-0.18091186842233056,-0.049832957339514004,-0.022346936414615357,-0.026434064508791565,-0.1136238107786273,-0.00026579445384082063,-0.0985770253630155,0.11105145486963033,0.019134034169854607,0.11283023906108167,0.04825619695589958,0.038428422740897306,-0.07452010665171349,-0.053180111094790705,0.020052951776764784,0.06728108128488636,0.0025457951017521185,0.019615079976264316,0.10028313951973707,-0.036712825573242513,0.08456176708573883,-0.029156073085407082,0.08790444504572612,0.04105600727391604,-0.04791924853298547,0.09734164505370113,0.05416956640120722,0.0742562636594205
AP4E1,-0.1827981617521996,0.05639813028190502,0.0279234992623877,0.031005010157910056,-0.02622428189220739,-0.05452327559434185,0.009434519631195818,0.06926353269430027,0.0,0.11271793815192409,0.004403465875360008,-0.022492440522741266,0.1235959837451132,0.08670481726967749,-0.00821744177763387,0.010134263923912389,0.07152952375133562,0.014989482608077103,-0.0926969028752671,-0.010607665533736066,-0.07155757022584537,0.09389297144487599,0.16335196445945732,0.06774410374473762,-0.00957762505958322,0.060343053277445914,-0.014536114556133614,-0.08713063618430913,0.14339057318915077,0.013927867187726014,0.15482470247984845,0.03411896843158183,0.044777861963089916,0.04895436146649688,0.12011886213133231,-0.09203720675653387,-0.049630039233783896,0.0696090629208497,-0.07946633844529166,-0.04079563340402993,-0.13722128192201172,0.11074058440456186,-0.16195563473464564,-0.052108774274971584,-0.033328132708405414,0.09419299435531886,0.13689980403444224,0.04810395139758077,-0.04558478885113838,0.0022420647159350333,0.018715031538742124,-0.09991531718858176,-0.014365676032593795,-0.05081075871535375,0.08096604879501391,0.02479051816120825,-0.08802291036085293,-0.03774112022106871,-0.03324416153169448,-0.04567204888694377,-0.04503796490995121,0.10936959479905103,-0.012187535241529653,0.04404160477982045,-0.11611988965150294,-0.10630071915577259,0.08648037571931441,0.07499762491815196,-0.015669587517570898,-0.05217694879047667,-0.012314682566039901,0.06897461401703375,0.10933714540729741,-0.02449821213135868,-0.033313453696007515,-0.062202014179560394,0.03234511512673468,0.11394399190127909,0.01581354213738002,-0.048365350466748544
AP4M1,0.0460046605398329,0.051078458224563084,0.06343874760984099,-0.02568246176774927,0.039528360608962,0.007822747364623326,0.02921109150171756,0.03501047557098359,0.11191054912636161,0.0,0.02001083969172783,-0.0017626955714933677,-0.07854479658519375,0.09332230998497942,0.1015056120313272,0.007406838435797591,0.02539140917639316,0.011636680146403611,0.013638107255852202,-0.06764429730396537,0.10414801121234994,-0.11210317682366785,-0.0006631275689437438,-0.03769614909703376,0.04810722877015939,-0.027684718242198363,0.14968463205791832,-0.14133461359056843,-0.007828051996854357,-0.072754795375066,-0.060130840461594524,0.00025840688033003644,-0.0010647477437153137,0.03965915040686597,-0.08647911102706456,-0.0862702977341817,-0.1318000267141156,-0.01381849635690166,0.026317175913210217,0.0525650590345168,0.018805548917727375,0.1300264457404847,0.0021362333578960413,-0.0008983212405911374,0.08340035855652257,0.03556555978987318,-0.011392175988803517,-0.08102669059988891,0.022646640003311923,0.007869762951378742,-0.005012313539410852,-0.07706696196854564,-0.052540386078434725,0.03593406630264199,-0.0762161178780501,0.056877937490930265,-0.07059924360233884,0.11281243549840675,0.06941474733053239,-0.06772740636727984,-0.1515998991480224,0.02257611184377045,0.03056867892779926,-0.012216244307615915,-0.0178795014761055,-0.11346516861050275,0.09373073624448715,-0.03551565075499775,0.0372893672408743,-0.03923803814858301,0.21733464033268668,0.04547394048523759,0.05202280541244245,0.09437594123501095,-0.1004360921453007,0.06476427155314257,0.0996426226113686,0.0952248611453955,-0.0032686263831478496,-0.044576509784522246
AP4S1,0.01232523733420294,-0.09716789145280391,-0.09185090866801152,0.09438038492133775,0.00541921357848569,0.07338611076833315,0.024804864719845016,-0.018669683679130966,0.004298965578715249,0.019676898923305507,0.0,0.027619127006305342,0.05855474391929101,0.10191961415356002,-0.00356462637072006,0.008599793250288387,-0.06368959087891597,0.03153536550822736,-0.11476308422770301,0.10814890908588304,-0.008655650209847326,0.06922012623443792,-0.0077687315178910955,0.11057277305717872,0.05130669762285492,-0.05434658171773153,0.01258969915022314,0.056922443077157756,0.04468165423339091,-0.004987727467858963,0.11843039108702165,-0.07526744204069519,0.09741001812823973,0.09177225811924666,-0.040087109381513684,0.08943112002299693,-0.05639137676420185,-0.07447975374563733,0.011312660039454326,-0.017795327398323617,-0.14112404546852036,-0.08444708667906187,0.008882115396543362,0.043438200349533315,0.01568819521838444,0.09894048487543468,-0.038318691024033937,0.026093158121184575,-0.056670668984436054,0.015013474525247105,0.013292662009093122,-0.067285477450819,-0.10622511570499049,-0.01237902532069855,-0.05157249066988176,0.0330505953614497,0.06049520955314446,-0.012999721129627901,-0.04560979425092758,0.019114234472939622,0.16856053710818547,-0.08475230312305686,0.011420254390485496,0.07951495394447365,-0.1177873304009042,0.015286819865564386,-0.00960439171111312,-0.04776394386079454,0.1270658059299665,0.06273316286437795,0.004016059380700397,0.09026087920895975,-0.09457373425462327,-0.054725165237796525,-0.028520991243155068,-0.01772869903169019,-0.04121949797882802,0.008305102065409948,-0.030224080429051912,0.1182948475308516
APBA1,0.095167334947047,-0.07522663313846639,0.011431383023874794,0.019969511182205225,0.009397241942668116,-0.008790554100407933,0.04663063299611972,0.15807122981101318,-0.018322429577492177,-0.0014462580959475175,0.02304555093085076,0.0,-0.09712911298481655,-6.179781641967864e-05,-0.018974557720077532,-0.04081268743315284,0.19182745663879297,-0.1142739035012191,-0.0476809403357563,0.03752019964301019,0.03873055894451157,0.020060329369864793,-0.03909959733990832,0.07370052161188143,-0.0809334818665309,0.015014393198972553,0.026571254731151867,-0.009701537341451495,0.037559499587633015,0.00041694290147865296,0.13433160690911108,0.1113269519539149,-0.06078683266248954,-0.06794620159492076,-0.12329734816650266,-0.051653007171749386,-0.0987508887842571,0.054244265574956645,-0.014838905445048548,0.008264931460069133,-0.05079287368954198,-0.0026662457245200583,0.04351708304598848,-0.07064085097022008,0.08348769075973772,-0.036643890748335864,-0.10755247483055509,-0.10330561656964066,-0.04222528586844703,0.011191594440788474,0.021681359792779867,0.001389674002664043,0.11737928465054892,-0.01912892037541004,0.009930893485603958,-0.05656123405770746,-0.02001679459480646,0.06878733570069231,0.014865869810664106,-0.115735614371717,0.0730572954315991,-0.058236371968855415,-0.030434432039601615,0.02197819573843075,0.017501572652147624,0.03840098320328684,-0.004603981096071953,-0.030301046608668513,-0.04409753752886611,-0.08729068458372102,0.058239000265274884,-0.04029693892886451,0.050424563820000406,-0.11651718694608547,0.008496972430000983,-0.06595470516325999,0.09342020279399006,0.009011928423075355,0.0100896976326022,0.04303523839497357
APBA2,0.15995160359612579,-0.17359649024835172,0.013360512460817793,-0.036142903425677476,0.025626214113208704,0.053822544365031734,0.008672570453643814,-0.006932392251424446,0.1370816507250352,-0.08774338716892077,0.06652237104234876,-0.13224458837876035,0.0,0.0032761511747521083,-0.007637939316740602,-0.020856566786182737,-0.11143097562263873,0.02285291368475503,0.00029984219890017105,-0.07640194752804373,0.03378323560223077,-0.0127606535123757,-0.04224112567755664,0.051821157379640125,0.0029389676140225583,-0.0022493742768535867,0.04977705057392045,0.14960212091985836,-0.044843185933121574,-0.04148373322919552,0.11057632442938264,0.028411191423722768,-0.21353010837436837,-0.024398538513764726,0.1152007558458968,-0.0671431703899818,-0.05461091258986626,-0.0020811188428251437,-0.08414930661767621,-0.03444454584939222,-0.13046916052282528,-0.032550003719565526,-0.08135227622713494,-0.1776696452526446,-0.018623233541758807,-0.06718158021091064,-0.10392556400141811,0.03042957156027335,0.08607584269279941,0.12293802339720274,0.04955926350063836,0.013086650887895342,0.15089314620203984,0.013251737754453837,-0.022752484458236234,-0.036974806829868076,-0.012266865398472751,0.12165448368682323,0.017861189046668988,0.01267485219810892,-0.12522455092542653,0.11567921084099303,0.08792263109145021,0.07462707405598988,0.015095340242553058,-0.0417559062314466,0.12282040649847886,-0.012443611625959373,0.032094004928083945,0.02851546809609328,0.20063193318218386,-0.00855505560626925,-0.15992183812247876,0.06106145776492831,0.02849325360811641,0.02739979103597956,-0.0527964781641939,0.049134216411526786,-0.06600140481046815,-0.004087607740442701
APOE,-0.011295267183527101,-0.0335821117715049,-0.001496801860531053,-0.023224108979494673,0.01687942277356557,-0.04526819539459584,-0.03013550946395289,-0.1062165466733625,0.07984347088213198,0.0865572938634913,0.09613568360108725,-6.985907487807074e-05,0.0027201017341698095,0.0,0.2719319561038142,0.08371068898022978,-0.040292901865265345,-0.012387352397745124,0.31715768368409075,-0.025164936765840716,0.14143150792964423,0.007483836154417317,-0.003398412707690964,0.013684101697128375,0.12549143576387745,-0.05146327789509943,0.06854155903945412,-0.03600619141231937,0.09082068809953778,-0.083374127401119,0.06908044738363411,-0.018309395721892326,0.03681208972117626,0.006158013045315968,0.056349625747590955,0.03816179428626752,0.015221158595012586,-0.1252795201286294,0.010933381706076505,0.1334054011299333,-0.020200343962249883,-0.016619833331757632,0.006087911869698066,0.05237005077930115,0.018057602817645745,-0.01970335789913775,0.10058018442514478,-0.11188933562821261,0.08611024568170474,0.08437454231892211,0.010740176170475138,0.06391888572811008,-0.07767712448111928,-0.0826691450703044,-0.03567204555320926,-0.05410988134230934,-0.0799896760025647,0.03521677743807497,-0.08633385040271699,0.057172096426727236,0.08707777547578145,-0.07829245808741786,-0.036350217119933914,0.008690396438696225,-0.12170571815290718,-0.03654271475876636,0.07537956093110251,0.009551336645280168,0.01605419676929585,-0.06253241106571583,-0.05866303560559613,-0.07207415734151473,-0.04057606332096996,-0.025889823606119577,0.06953334065858224,-0.006687143741078584,-0.06815515748532126,0.06907237688037382,-0.05000907613833711,-0.022329084088669838
APP,-0.13267565192420197,0.01507420165763556,0.024502245189185454,-0.03219130610160027,0.0021213696500711416,-0.044638269472164795,-0.038182697079576784,0.01604046012886135,-0.005834622978604982,0.07259191038310234,-0.002592512418214359,-0.016538699015480288,-0.004889645783253549,0.2096718989253173,0.0,0.014515910725419618,0.02053536993834232,0.0017418690080132262,0.019856402420267736,-0.07071932000991679,0.0009630960184481897,-0.00037706364257680347,-0.02190464967557878,-0.06972719260532012,0.043440257938110766,0.0066727175450886815,-0.01690554342238432,-0.021630946880194308,0.016564588945067328,-0.0010564879370743786,-0.0034175845735445153,-0.03467552963541321,-0.045192438590155454,0.005173613230272836,0.07478257678882669,0.06080703769332488,0.07676205149219846,0.017170242247362417,-0.037507198023042296,-0.03440055979279096,-0.03450752735121971,0.07603885779891892,0.03419334527415186,-0.07879869996251265,-0.09824318629587377,-0.09341036612704336,-0.01959462610532515,-0.054217058102230084,-0.05039023512045077,-0.021991997009656702,0.020206057545545598,0.0916814512170701,-0.0337986763937038,-0.042092502381786065,-0.018007332502065324,0.04806055505871683,0.035982280318740734,0.004288895399527705,0.04717903403541859,-0.046927183448337476,0.03673480293889123,0.05397863894467738,-0.015496923930401033,0.09094888767656467,0.004470724114259072,0.038038883333317695,-0.04240025081690395,-0.05463196286805821,0.0687827033484969,-0.010471604705366445,0.015623671803750926,-0.052080222145914686,-0.028866908880719366,-0.0014393261976716116,-0.0033454209412113302,0.06971929740588514,-0.12224445907251334,0.04435734069885364,-0.02198141718153085,0.023563841014574902
ARF6,0.05047529106894057,0.03258960818010261,0.03019716146407464,0.059928640317866835,0.04112228105423573,0.06639801065447448,0.03980866821210607,-0.031807828548308076,0.007667390265430109,0.005644301959518511,0.006664599198505718,-0.0379056607607935,-0.014227323688230356,0.0687765037296427,0.015467619679449986,0.0,-0.041431485408563715,-0.11944842318379544,-0.013626821252651864,-0.0003757138908324107,0.0353486989822831,0.008639298917095094,0.0650929890675635,-0.002189783375238597,0.021812547149024593,-0.0358718012252623,0.032848811108049124,-0.018110815345535998,-0.02676058087197028,0.03812403788485499,0.0759601148240824,-0.0739429441273273,-0.06209375260433431,-0.0003110309638992366,0.016273058737463972,-0.020047021208985705,0.05413297318274862,0.05838674059927128,0.0011903324171763732,0.03814362546904734,0.137429982859366,0.07539227630910096,0.041702385125801086,-0.07017427522856257,-0.0025741179375523217,-0.04624419271485384,-0.03726176658223735,-0.015818222273274306,-0.09091755335363827,-0.0057011699653976905,0.03747810517637825,0.0662449262435179,0.07848913705294437,-0.08620480350476566,-0.007089746889172198,0.02379934020941983,0.06421448550110409,-0.03786158701654295,-0.026563686924938747,0.040656670817934504,0.037700291147499024,0.02246701449762447,0.0639628230948556,0.016345042476954005,0.06523327883695536,0.019147722967171835,0.10857553005907064,-0.041120857188410694,-0.060281149041225966,-0.051569983900640624,-0.002946719335743132,-0.10321640278040178,-0.06913293759677977,-0.05860651819294534,0.0010915241721877753,-0.04264939590210323,-0.10257484997661007,0.047107972260238044,0.044516788267381896,0.052274761969315256
BACE1,0.014588362237288769,-0.00023857170600432,0.031625834648950774,0.09157985839035583,0.0032716018659310303,-0.007033901323932725,0.04092674485544764,-0.047045659998633374,0.0536935800137884,0.019197551500270398,-0.048970682236445885,0.17676705083987695,-0.07541678142068996,-0.03284500962105834,0.021710178616345645,-0.041106658317906095,0.0,-0.0522910684615573,0.009194873899400071,-0.014118750729188893,-0.007770988620552564,-0.010105734455968728,0.08483694572787127,-0.09349024815684544,0.025904487067158644,0.06464581678760013,-0.024646550477800195,0.07492444064526216,-0.05886832743779806,-0.048208476321799185,0.004810875419575574,-0.0290384683807085,0.006213235861169997,0.04680847207456663,0.023601064909443036,-0.014423792221071147,0.012973087259841412,0.0692281609169359,-0.05251781018223769,0.0637632955389206,0.02692248876546528,0.02589048742311517,0.0451737555217228,0.06626739005862385,0.11983364593067992,-0.06339414214675247,0.04708176228451873,0.018516778003212494,0.03252470535867992,0.04991295950506318,0.10990805863380902,0.1259599096417303,0.050666527099207465,-0.1077198164028362,0.057558048853986826,0.04156290123470855,-0.04886236047260884,-0.023983218929836958,0.02447428804899277,-0.026711992493125638,-0.09672032344392523,0.024162739277476027,-0.03636536506408503,0.012156967034348036,-0.17497225054480853,0.06446916357792296,-0.034375766074636764,0.0690832318032725,0.003933541374080849,0.14283860036856963,0.04118702945242489,0.06584893413263633,0.014423269809458579,-0.09499628595403806,-0.008799290021904972,-0.01691936270329144,-0.020935186662857652,0.03002172159615876,0.10499281510100199,0.07341499040209427
BIN1,-0.04538261224787615,0.13046482978295626,-0.07828749347731889,-0.018550648712810945,0.02636474958426813,0.05970900351242179,-0.026212794306656913,0.013893912537875855,0.009106027054088943,0.007120219794959044,0.019623245177159358,-0.08522026415919866,0.012517249418330304,-0.008171929395418491,0.0014903271848325144,-0.09591076521033735,-0.04231874516946844,0.0,0.007116215358012113,-0.0029240942815760146,-0.011728920156241994,-0.05355926560576134,0.01717986211931363,-0.043298115709565196,0.02499772999236331,0.05680947935271136,-0.007301964934055707,0.012322265321831142,0.08714194982651977,-0.002537446703388584,0.008778877006139696,0.07192814626950247,-0.06394993417800407,-0.03679235613777095,0.025632857978679112,-0.009535001135609074,-0.0379598412040226,-0.0755246356770185,-0.03178233466941657,-0.10555666098778219,-0.06044086271213029,-0.03279933403622736,-0.015329034382578417,0.04010394154467688,0.02877928930062838,0.10547382827688917,-0.007516024770652379,-0.06637453544095202,-0.022002574251557355,0.03049164254886329,-0.009351968164917988,0.0492626507884191,0.006955775583098562,0.06639144119520082,0.010288159517542734,0.03579927009656032,-0.05017443127531352,-0.04035663612265032,-0.04812654144820179,0.08166169687854605,0.016193932133122323,-0.008264643368727335,0.013357164073583158,-0.008298720876575483,-0.009488839082010857,0.017067207680058014,-0.013283277768417052,0.0879735717711877,-0.009100088574388484,0.1603638160155428,0.04768275082215198,0.02271946944988017,-0.018076494760730605,-0.027497987601459887,0.00992669367687465,-0.0030328931645631553,-0.009918238589071973,-0.04561343009265919,-0.05008153723922277,-0.03916554791077477
CLU,0.005932604194194086,-0.059711348913620746,-0.03006608198650065,-0.08457359771540329,0.0177989023496555,0.09216630195722998,0.021469662656134085,-0.05546877476119008,-0.08322299216265114,0.012332587713295005,-0.10553851541069383,-0.052550449286656024,0.00024271459334410672,0.30921258315605127,0.025107444169363245,-0.016170271153002503,0.010997319731964501,0.010516830903202212,0.0,-0.05567467056158052,-0.001604278193473053,-0.026954397134636512,0.05692600092570457,0.01425281127609467,-0.10256749490407606,0.008122747281901961,0.03253686261254231,-0.05385916806615069,0.13010017345007202,-0.0711804915706299,-0.015402235211150276,-0.03111753358509332,0.002334040407694006,0.023075728766273215,0.10923764402741583,0.03254820738586988,0.020487191412933644,0.05126261555764148,0.07355493097680564,0.09441188186357229,0.10199250432468507,-0.05605913077689328,0.01800419308045943,-0.10952518103825343,-0.08151533258383502,-0.0002293661907899186,0.027533570486906456,0.15541490938029204,-0.051253746440769785,-0.03176884246488285,0.10435505799278755,0.08672648186892397,-0.05776028926697549,-0.05190127309550704,-0.02750999676761271,-0.01442518363287334,-0.08412403962438021,0.07772747462341896,-0.17935724857707547,0.0551266509695107,-0.005962592111430692,-0.05501644105368506,-0.026378066051197437,-0.0063001214956817575,0.04928250719966988,0.03643898270532519,-0.02698875262301244,0.051551357642371114,0.012478548494816081,0.016695381165679774,0.049448224385751104,-0.03588825953733017,0.0671672664486736,0.08057522548641989,0.06049833925257619,-0.03119381910467934,0.009918048790115564,0.09257556841398049,0.09111867619798422,0.11269351266526195
COPA,-0.01573188613065647,0.023021145381162723,-0.006401221894010828,0.00830407861945871,-0.016539045893126294,0.020201740052019267,-0.00479980599359342,-0.001749174203758399,-0.0068577764023021025,-0.04404703729085327,0.07161703113496994,0.02977708381087083,-0.0445341292587888,-0.017667014518767326,-0.06439103663872867,-0.00032104461988734803,-0.012159696795737557,-0.0031118064805265595,-0.040090646241223736,0.0,0.1623844754286882,0.1298776987102671,0.08343034404572278,0.15795326147020514,0.06082032222739468,-0.05320190716844166,0.02934905964756781,0.052519145462212286,-0.020634168042114678,0.018811779039800334,0.013344343200866261,0.03872813097966403,0.05447854590129642,0.04740712382016962,0.06418746876298713,-0.007555941318977857,-0.001847819271446138,-0.010545221160021021,0.036420971867812714,-0.00544013464655701,0.07009014811638095,0.003200585741975583,0.0460650009522444,-0.006579746239104926,0.007199987161353878,-0.049395354037160444,0.005525132499963937,0.028306704920969185,0.049297769576311185,-0.00699228374966199,-0.05256091549071999,0.010772050496168388,-0.022373291477368985,0.07575722375234749,0.016739744110070762,-0.02349889690896644,0.015248294985525783,-0.04739781467642938,0.09799278011881975,0.012748315541902658,0.024061661628644215,-0.0066120059389349365,0.07038176787391867,-0.013641888836726021,0.02399855666947133,0.04262773272637249,-0.02080615808355774,0.1441105543174088,0.09007852032536795,-0.02592930334309238,0.029953102914754164,0.08134457279614106,0.0301909138678358,0.08491768639692544,-0.014932611875474946,-0.010462157890202913,-0.008649528520722169,0.062466751271658044,0.00965985987741051,0.04252360292209906
COPB1,-0.07309914136300463,0.016736988188451183,0.03897173617387506,0.017443482894266938,0.014443632241393943,0.025284907818519248,-0.014718862058632817,-0.02936840618913315,-0.04915757119948998,0.07206225064998058,-0.00609067177805281,0.032661950452236674,0.020924789919265344,0.10550786199965728,0.0009318119087686816,0.0320961474687251,-0.0071117106181076955,-0.01326326868663624,-0.0012275421393914345,0.17255034621178403,0.0,0.08057178931374886,0.04629197479478212,0.14054469334816627,0.14535316441355475,0.10865678804802562,0.009000930097174708,-0.00649910713392416,-0.10097456505986672,0.008923206699465691,-0.009009907106212038,0.04841213518847195,0.050267840350041636,-0.02854222417773569,0.02285646715821221,-0.06577480662486215,-0.017297905637734052,-0.01886496411453225,0.005936127328328279,-0.03063984530074985,-0.013266650793963759,-0.0269635048188512,0.1634872932631151,-0.06837725845541977,-0.008112497303668562,-0.020581389616189667,-0.01085484430984242,0.0031983813865771433,0.10544342835468033,0.039827450491556116,-0.007014771205855724,-0.030723545015494045,0.002035213611269772,0.005590815435982502,0.02285769408523218,0.01672262338596044,0.009651307964811168,0.001433672551231475,-0.008527812683428384,0.1386599577565782,0.04350040756333674,0.017364274852909596,0.009323553945073755,0.09448343335305591,0.06685797520233058,-0.05895472848162888,0.01369881787525453,0.070252406388105,0.07580737647914382,-0.08244182615105021,0.05478823811231109,-0.01266637984910714,0.0041920559001159315,0.009354729977544489,-0.05798723408868169,-0.07275294903771234,0.0976638269174735,0.03620191482764281,0.014643260121024333,0.015653492354789262
COPB2,-0.01565842911345759,-0.02151978377836544,0.05287712600780928,-0.04452517074972296,-0.007999731478548863,-0.053471386288500976,-0.023009537877234604,0.07065478881175982,0.059465961170515245,-0.07151140136325831,0.044905383923347364,0.015596492419587667,-0.0072867405941000885,0.005147109998765232,-0.00033633638791627756,0.00723200139730164,-0.008526410030181647,-0.055837720334257365,-0.01901458626617618,0.12723495517512992,0.07428199112177937,0.0,0.003936782456150314,0.18693665799754183,0.010564570885670994,0.09345793521588246,-0.03332638859203887,0.022124457238147963,-0.023700897576462845,-0.033577876146702074,-0.004704675660431729,-0.03544097244331095,0.048429524473766014,-0.002847877862922764,0.051145547520465004,-0.0031327612603057973,0.05860088153135822,0.004082515867245245,0.0542095944909457,0.03607293344996245,0.05282669181307573,0.03465958979463171,0.05848557911454049,0.044877728703255584,0.040035429336091576,0.07120133768446818,-0.050697466742846975,-0.022009869463847007,0.04598717523844326,-0.0335506751845008,0.017105883761876474,0.07797230657003619,0.0028814985980705585,-0.030840462930477323,0.005109895434188599,0.043435312826495834,0.041210110692399486,0.068690210641088,0.011552107513768364,0.022823168291595537,-0.019729379065959285,-0.030950477989325886,0.024961404293060686,-0.03698664995558984,0.012748765694195502,-0.03593680110929675,-0.05163008713506502,0.03881533439064675,-0.02373707339796292,0.0007779473183955926,-0.016639982959098874,-0.0040976812941465835,-0.00012511634231000818,0.05781911724385971,0.023733820051287432,0.03104070711906338,-0.006831390912543932,0.1021668968490068,-0.04228437342950757,0.024246706704411442
COPE,0.06217357583586441,0.013759127973439776,0.06625667505436056,-0.025576671193589296,0.008732862846956227,-0.005673774994575346,-0.020304051470704635,-0.05493221375606558,0.1736604190880517,-0.0007100608632043837,-0.008459744821465685,-0.05102726456811815,-0.040488995210326346,-0.003923344294748561,-0.03279718975694775,0.09146508431917759,0.12015019498598435,0.030064491545481662,0.06740762977638129,0.13719459894839328,0.0716386444703205,0.0066081902870525865,0.0,0.05214379705273993,0.08516652515237891,-0.03521763280076037,-0.05712835897226921,0.1427378647174406,0.10926061420970215,0.11268660949515108,0.021564628673210802,0.036732205454389,0.09555623501794368,-0.10855108032702074,-0.0034622299215679615,-0.01911218055823422,-0.081618537792469,-0.055062688912204553,0.054614680090949747,0.031018009947608432,0.08788169316970307,-0.05086889608626536,-0.0006919268546685517,0.09311519494372747,-0.09411001092685115,-0.006203305409114524,-0.08704892744262539,0.01174827503882139,-0.005181606030996126,-0.016762223413810857,-0.061972079954400974,0.07523824050387501,-0.10563587996346203,0.08204349444217032,0.10972109026899621,0.03506818336323875,0.052245552410031516,0.1441145304442525,0.032087276998105714,0.052457158406761066,0.03507725905927104,0.07799430951094438,0.04915598225928663,-0.08192484964596101,0.0344479903671731,0.05776917947455315,-0.04285338422380652,-0.10415728617260864,0.07817484086266818,-0.06346109591965722,0.020783467650906107,-0.08486130619222457,-0.0043189004559491505,0.030287139606916112,-0.07848473972377258,0.14266030294357962,-0.0189503893881393,-0.09227573632624896,-0.013334279241065557,-0.10627147302289097
COPG1,-0.031587642395588894,0.012344200003631706,0.04378903651346957,0.03236232307649684,-0.02629502546749536,0.06803815774960413,-0.01487650185929392,-0.040114727210481045,0.0524064248691088,-0.029371899110365966,0.0876177105259974,0.06999018044085926,0.03614474568545064,0.011495639724494031,-0.07596946174757833,-0.0022390244057137717,-0.09634791406131514,-0.05513656866711009,0.012281049009483513,0.1890071034910564,0.15826783182114415,0.22833482122055795,0.03794365839374535,0.0,-0.013743835001973893,0.0407338931688807,-0.06605807703749442,0.06132188527734968,-0.03994881042144195,0.07111530831061362,-0.019413491826305238,-0.10131871414213404,0.01932347499043807,0.05099968446870352,0.05016285216837833,-0.07146160309283682,-0.04076556860636405,0.06371532296183254,-0.05113308120475245,0.07040946174073398,0.02515302992133746,-0.016081705224009063,0.0761742241690772,-0.006731154291666543,-0.02983483435789071,0.005149909708454101,0.0966704804288015,-0.08076242131781901,-0.06821537290377,0.04854516829963478,-0.022332277047464686,-0.015996553003554247,0.07276472630420971,-0.026698389264823166,-0.10790095544407127,-0.039950708193467396,-0.04505308201040133,0.12453812656514725,0.03505222454953058,-0.0285007580587649,0.006631763242199167,0.02242012511724378,-0.01999102457077494,-0.021711728587675134,0.038681219341428257,-0.006481311427046323,-0.020304927551580542,0.0422097311815359,-0.09777263366125895,-0.014009138039812814,0.055827350375471756,-0.08556672458997631,-0.012576273233239446,0.035593434050644766,-0.07430669933750599,-0.015004496634132428,0.04026958363422229,0.0285931264341143,-0.08781567427044276,-0.00146968769530529
COPG2,0.07549153488453059,0.03599078587715668,-0.047861309047615236,0.0628068666564929,-0.066344071789715,-0.051248178151909546,-0.017819588467538842,0.13028604413110748,-0.00802027596966738,0.04057549530203589,0.04400846391180086,-0.08319806486863923,0.0022189694043976815,0.11411674831261226,0.051232755390888,0.024142514723281036,0.02889811067384345,0.034457975653207754,-0.09566721407580496,0.078780130207276,0.17718262854671063,0.01396844244489293,0.06708476854288384,-0.014877377445819585,0.0,0.01929786497934783,0.04566667193342711,-0.056879470523045816,-0.012947645466403332,0.03366027962177742,0.0051807691691763665,-0.01037568328465286,-0.04613313664686025,0.020986741611015405,0.036110277203350284,-0.1107664305866139,0.024946922194717697,-0.038465987602888024,0.027560477932630067,-0.032293479079323145,0.027193571428329365,-0.03397077839883891,0.02001680317691401,0.037524172081085626,0.0701871285837695,0.03358583724017962,-0.04351629814022086,-0.036357405745764036,-0.11684361722549164,0.1065312529999864,-0.04155634075996991,0.016908046957333837,-0.0011971832212756667,0.1441518766949803,-0.019598196331199694,0.051715802074841576,-0.03200215927656891,-0.06563574710448435,0.008292741772256355,0.08347607760670987,0.0782440496492679,0.03587767453778238,0.050924307105089904,0.0861962487449506,-0.132535424524386,-0.026917210229594018,-0.10122075922185587,-0.0968624026812902,0.029363290972462545,-0.04671611882772828,0.04297732658402582,0.012384211288932773,0.11429900553148635,0.10943483761892993,0.059870993840959764,-0.07667806521324838,-0.043280167843488086,0.010775845283350053,0.043147157941090836,0.07942056583383597
COPZ1,0.010721168078123202,0.10010252094498673,0.048131004374818244,0.10434560743547941,0.030992380626213154,-0.029279369084099623,0.02788278374391944,-0.049191405772983525,0.07957066092911236,-0.03676950653389748,-0.07340549721739573,0.024304516669702347,-0.0026743142700615544,-0.07369312073725517,0.012392309845059058,-0.06252065364470369,0.11356096736017983,0.12331167575322736,0.011930276899247529,-0.10851490191813642,0.20856801878784245,0.1945837221489374,-0.043682688747624876,0.06943342240233001,0.030388094414078744,0.0,0.038397700705745705,-0.012054008416737276,0.08348511236036249,0.15302862512432616,0.007310384361930943,-0.015320790545033052,0.04188975442040905,-0.08796749343360138,-0.021014689869059786,0.15919990169526738,-0.027132780333153226,-0.062251144343107766,-0.0779287684496026,0.06341301398213754,-0.019632435884439393,-0.06048977844789398,-0.026660711044503346,-0.04932584885947273,0.02498066393699846,0.10076725766684705,-0.04534666935939746,-0.0007287068662775133,0.01895761250331405,0.06034611230528296,-0.04950829581535877,0.049092472473679385,-0.15749516715598305,-0.02429627428372369,-0.11200171441299774,0.1272380508068465,0.070972975633033,0.14129012036807298,0.014647324198232448,-0.03229009018472573,0.11355126432906852,0.07725139719737384,-0.03890311358627122,0.08608242767110459,0.050322602937874314,0.10799757036984257,-0.07544472463655984,0.019884265916278093,-0.040311182971297155,-0.017483231199595054,0.0639274244099625,-0.022813195762368222,0.19704671996251852,0.030514773747891497,-0.0016803986933693444,-0.1536044162458587,-0.15734714683773593,-0.06485388574426369,-0.0312786240553393,0.07891065420360417
ECE1,-0.06578391478111559,-0.01588058211036818,0.05906873294608754,0.030312399029789838,-0.021832116705460935,-0.06668237290491627,-0.01950439159565914,-0.1000062826691556,-0.01151278459946186,0.11940740651368706,0.010213581571699288,0.02583435510096319,0.03554563158281185,0.05895081862132487,-0.01885753904097169,0.034387162372241716,-0.026004658717996797,-0.009519836545218329,0.028703153510346562,0.03595528454685588,0.010377305441373932,-0.04167589515696563,-0.04256055750817432,-0.06763086427922152,0.04319166282389179,0.023062775802941603,0.0,0.07517838765408331,-0.10565143199924165,0.037265451290078244,-0.0015663555548626148,0.06319049046896005,-0.0521047944295515,-0.05547045290325509,-0.09024377908689986,-0.07293242023345273,0.0083766180613103,0.10955963379821995,0.048643659990034886,-0.04705064831313475,0.016721195552849857,-0.09761527184656084,-0.027104404475864347,0.04533570064935247,0.014717462953525816,-0.18043378645151045,-0.1063820813989503,0.10000398446634333,0.04625963655372114,-0.04396628248542406,-0.020180152010639146,0.02390980716352329,-0.046307673925976206,-0.05668798465808439,0.013168816397923232,-0.005318718623705297,-0.07225006276765987,-0.049150524538385275,0.0660530834161387,0.002674020666975065,0.09353915319001825,0.01794029586580078,0.02783017903073953,0.00888056340210949,0.06825850087305771,0.09918755197315408,-0.028978036238506175,-0.026014448040982616,-0.0061223980135152855,-0.0026496443672621396,0.030132234504640924,0.054325330377941204,0.05273643916308876,-0.027732443958487576,-0.0032387291283456927,-0.007427285688183946,0.08619608109738021,0.020872530971069447,-0.01430530540074011,-0.04630033352938468
EIF2S1,0.03397697902390829,0.06706848432461075,-0.15710825640597234,0.03673135979156922,-0.08426607074018985,-0.013174861237576505,-0.08533437705046014,-0.03148055742838984,-0.0809497336841619,-0.13225590888435215,0.05416998783718768,-0.01106467389053866,0.1253162305100368,-0.03632666630515012,-0.028303745315913783,-0.022239610818478594,0.09273229767584298,0.018844855049797823,-0.05573475263334925,0.07547422934378573,-0.008789484485852121,0.032455014319284034,0.1247404343092462,0.07364563405059507,-0.06310570218740254,-0.008492789215157668,0.08818718993523968,0.0,0.02542915265226324,-0.056109355886777255,0.0005035052529647291,-0.007324727319399685,0.08101432232157164,-0.03630239083454879,0.1206704719412967,0.032623378840145746,0.043651156121632215,0.00848094882857999,0.06766350196819672,0.009835800294164464,0.023465599790378888,-0.05906362863388759,-0.05405267574443311,0.101635342278791,0.11798567102545009,-0.07167619358624398,-0.01759511765287293,-0.0644232233271964,-0.0749251848102216,-0.06027011786549753,0.022564594233659117,-0.05794128835939806,-0.06941710766422793,-0.09629959325934312,0.12116422313472563,0.09657693137841235,0.15766758320868055,0.02033730703258727,-0.009631897860847189,0.024079399599731814,-0.07747878996244004,0.0990105177592476,-0.015524252185875402,0.03428437132085458,0.040143686992780495,-0.008927198098770715,0.06793001025145527,0.06530757001899053,-0.06977184387700411,0.0610873465455405,0.08329997765015724,-0.06448314235994859,0.14036022658607308,-0.027676647291242033,0.11616886556803686,-0.021783379483205804,-0.02175458111771479,0.07738593767009543,-0.009968658820328328,-0.026062948129282025
GGA1,0.004815094458004462,0.011289090839788914,-0.13812139108673627,0.05658396834793307,0.06902602820629451,0.06445200567618929,0.019487633928819238,-0.025531053894299067,0.10550775475204516,-0.005801489243717706,0.033676247385903545,0.033926346816567636,-0.029749883773028882,0.07256920873257121,0.017165967312772024,-0.02602579218596535,-0.057704336166171454,0.10554769656155599,0.10662610718011727,-0.023484820239072945,-0.10815359007006353,-0.027535515686159112,0.07562248332786566,-0.037997462929444684,-0.011376877940390565,0.04658511072644566,-0.09815380181619257,0.020139613419821092,0.0,-0.01714079690895734,0.08800750274104051,0.06390763522204133,-0.0036528870540991714,0.014393890198890699,-0.07457672962845986,0.06353353731294009,0.023084004923122986,0.009273783678857393,0.03211515789405557,-0.0248589889669658,0.039825830930888165,0.03728888373846861,0.029929875436737793,0.04171924607966526,-0.025632949918070642,0.06203964243453296,0.0497311694882374,-0.06371058893628984,0.06272529222729838,0.0031387593506669565,-0.026080110595488582,-0.00762281860148227,0.08336749771989393,0.018841518822945665,0.09780645072432669,0.07372722282695283,0.006112995736928386,0.07113488104284324,0.03788819331301525,-0.07219783608245325,0.06738892192172959,0.05762447408825483,0.15547362197852696,0.04792201738785295,0.05376424074966314,-0.05341407184096039,0.07548174876644098,0.02760752540017028,-0.04236320086554076,-0.0866422373789882,-0.013883936457959952,0.015476487660810202,0.0003580400826053499,-0.02133970039211277,0.01729293637112869,0.021922136980042892,0.0009405661712036028,0.04191801974806201,-0.029953373985269108,0.07473248533621833
GGA2,0.11748466645894995,0.11185051776859105,0.006341379121853632,-0.046661371501525314,-0.013073465428105882,0.01518634119151033,0.015622174916187375,0.005316501712470387,0.01347415878376515,-0.07089256285717992,-0.004942542663686494,0.0004951618170751588,-0.03618427787647004,-0.08758952376672022,-0.0014394793012136834,0.048748423760728965,-0.062130295831099885,-0.004040840231652925,-0.07670080550047205,0.02815032478514047,0.012566176803060046,-0.051290260813132336,0.10254461834547661,0.08893385321374027,0.038886896375990944,0.112270081050809,0.04551886104043295,-0.05842621977877088,-0.022536386020537313,0.0,-0.0046817868946614355,0.0822973877171448,-0.09833552653026109,-0.005634834991507599,-0.07072540076121266,-0.008747667086436596,0.15994539813115285,0.1120684346794587,0.1284154707514567,0.09719373419352056,0.02008607167702013,0.07142240400928926,0.002566930221981049,0.048342647273423724,0.039913891999419415,-0.041627858434098663,-0.021875512230165543,-0.03523840035861179,0.13422875287513433,0.03644335397249486,-0.01223443687775444,0.04350970220528152,0.06902084119521751,0.029092167752200842,-0.07589859249283111,-0.14077989293240367,0.115927237915066,0.12247681863100095,0.03782825695601821,0.01833658515957394,-0.012522145549379545,0.08214182714018736,0.019887313354547388,-0.03294624745202149,0.01885056125460352,-0.0006493525730927845,-0.015231145957923574,-0.011519353534154184,0.08217109337946904,0.05468155731916168,-0.04274877886877744,0.009063119552897044,0.0825057063459369,-0.010760375571579951,-0.18211515661334307,0.1618841220730878,-0.030578456431248048,-0.02830486812397363,0.11087581952794023,-0.012469074749310655
GGA3,-0.10841437920268207,-0.08700019985553671,-0.024783972234793672,0.008502010564317531,0.018252727745231595,0.0087267118910758,0.06482964466887157,0.03494110365858136,0.11924521124046014,-0.04664659810428029,0.09343175872375928,0.12700839346663984,0.07678703104980576,0.05777762076888179,-0.0037071810925221062,0.077326961788099,0.004936143490950346,0.01113005637158242,-0.01321314930221423,0.01589770350251964,-0.010101507137288463,-0.00572130397058527,0.015623063370148432,-0.01932819588261492,0.004765006035178293,0.00426987558240264,-0.001523207264899717,0.00041740741491546625,0.09212056874631606,-0.0037273080791110657,0.0,0.10512051137194997,-0.054777564794439876,-0.022513775209657118,0.1852026608449879,0.10316559895244035,-0.06276199066669402,-0.02322018935981623,-0.05650783756999634,-0.013472175161205899,0.042197009355511086,0.07642705140257561,-0.0420121519091482,-0.05486356697857541,0.012294782574454542,0.0011485360609238702,0.028943997117164402,-0.06146085211504807,0.04042022992379934,0.04419659207660681,0.08365702419819948,0.015423045325075163,0.139370323899769,0.06643861071407421,-0.06444466083337713,0.07564219148574793,-0.03525884420006385,-0.005184930685628417,-0.010873663176630997,-0.049103175629844065,-0.02915653659131836,-0.04962119116246933,0.008971680715276936,-0.013898820382029812,0.059327594850424,0.01476811182779713,0.031123646344434805,-0.07271954720947939,0.050367738297440484,0.030408251637849066,0.05967375347404698,-0.00749385499617616,0.07487378563373105,0.007264657392138124,0.03341501109043475,0.10473064303950498,-0.03635705913785454,-0.08282651936869635,0.04850420936524446,0.04341336274941629
GORASP1,0.16194750383351847,0.06519748892299403,0.13682669714305712,0.0063495587858969004,0.04758513967298157,0.0337220122715632,0.04795408014911217,-0.07490256303777962,0.049305818428890175,0.0003761216756631276,-0.11141408660178827,0.19749500598997358,0.037018324604445055,-0.02873294295241694,-0.07057472927745577,-0.14123543105077507,-0.05590349472803583,0.1711034845645365,-0.05008749877897483,0.08656958095961623,0.10184077273089782,-0.08086722685066407,0.04993129175777698,-0.1892687515475046,-0.01790554341193521,-0.01679027351854812,0.11529805044998855,-0.01139329132655011,0.12551373323806853,0.12293379425740916,0.19723730135428055,0.0,-0.15658135097151596,0.06327775441913816,-0.029403072890464087,-0.1060753228478982,0.07686609914933729,-0.040971065451409036,-0.17474086006416858,0.18904065327243713,0.1381251979281828,0.08850444217638029,0.027081573291928437,0.10739830177389413,-0.05995086029647236,0.09918879026836074,0.053570496810669326,0.15564812969561248,-0.005744461555920973,-0.07647024272114561,-0.015667222594469843,0.16729451231287976,0.06540448275687487,-0.0713777396650086,-0.1271813882713657,0.03710193956993224,-0.0046399612936458045,-0.19750976108301335,-0.011545392331526287,0.047215928685360425,-0.07221870782513863,-0.0780912568057826,-0.08792074362926437,0.08126978094828016,-0.07445483498305158,0.07840731932807272,0.027403158175200146,-0.06315181702567203,0.16823592933890966,-0.08717320302795986,-0.06472106645501088,0.07749099409224341,-0.16156567321274765,0.011393567270098548,0.13652919665598595,-0.021358173699117685,0.0680881825073309,0.004185421527620863,-0.16079313902375827,0.009099079156741614
HSPA5,0.0983974714796461,-0.11803146333023741,0.029922485309126907,0.013656405391031006,0.035107926535302134,0.026520108482375328,-0.005902496173666731,-0.02467653831382376,0.033482156305834405,-0.0008018973974803326,0.07460782128466639,-0.05579728926933959,-0.14395747475344792,0.029891269315975477,-0.04759262732759588,-0.06136809110489293,0.006189148149769794,-0.07871325543764822,0.001943928712952336,0.063010375882212,0.054714881367984934,0.05717746695542356,0.06720980155399471,0.018677651323651408,-0.04119377280459186,0.023753750817441455,-0.04919213940384186,0.06520296282606798,-0.003712124471235798,-0.07600522862698296,-0.053180460590126655,-0.08101917603024604,0.0,0.0886787254416382,-0.08247549072114542,0.031787316073239605,-0.03132321845680006,0.06549318873835344,0.026993668211334178,0.007126283880088167,0.009159150629189839,0.011872149098670555,0.12443008766474743,0.03459742833213504,-0.025520333842678492,-0.002354447512257765,0.003570883825817513,0.08325690442823547,-0.0005131610141259252,-0.0934584539024255,0.07157966664769538,-0.12123338968480864,-0.03414705593239499,-0.028208728511412394,0.06604660752932207,-0.07072392017567294,-0.0029603168773171358,-0.03955298207741419,0.01488326060903416,0.010892510344259332,-0.07361223448091678,-0.012631374103968397,-0.14337274052136068,0.022372953756264972,0.024773487371581256,0.018674828586539814,0.08435537732421727,-0.024055740343244852,0.025566351935264495,-0.1233609391361265,0.05535482594048418,0.0625344878383649,0.11096204551383472,0.0654645362498238,0.16024457951611218,-0.0030059728148229175,-0.0751781826197544,0.001635917564942098,0.027572963620995195,-0.009072196642832825
HSPA9,0.0747707705554734,-0.023491973183765374,0.029299265362517975,0.027787072256056432,-0.05902034428739135,-0.02726067524772142,0.06057035974620542,-0.06058427609642466,0.035838573437142716,0.029243189563888914,0.0688178989432643,-0.06106298447950884,-0.016104534258128106,0.004895575445433999,0.005334296111151591,-0.0003009591775176917,0.045650628489317654,-0.04433785008391471,0.01881640479217515,0.05368332763297795,-0.030416714774818915,-0.0032918900722766794,-0.07475099722538678,0.04826294078349688,0.01834732942302417,-0.048837773555453844,-0.051273031224428174,-0.02860553092348071,0.014321012669515663,-0.004264061723958021,-0.02139966408942465,0.032055909440656706,0.0868217829342107,0.0,0.044376650340067006,-0.1459364701725839,-0.04371726105802397,0.005904160503840301,-0.1089260893775463,-0.014824421322186022,-0.00544748136889599,0.16869559844034593,0.05267398384750262,0.07338305142439508,-0.01957112463828173,-0.03868467924293231,-0.010095524353111323,-0.04589552493442225,0.07843589685628725,-0.018633458594572275,-0.03330611823798583,0.008560932284990252,-0.06226193747285225,0.02886270521238711,0.1135963841277405,-0.03822177300135588,0.08277050431754668,0.009299851192206917,0.07166658734596713,-0.10832492284938557,0.07276420738134647,-0.025362259045929036,-0.05310794532754011,-0.06743857564048378,0.034097810040985964,0.08396118143727918,-0.040583489215129546,-0.010642832030064948,0.03961049877114445,0.003241220868642163,0.13895611571942845,-0.13059240477101183,0.01442130432311542,-0.04550140823511145,0.04156817218718691,0.07081254261521408,-0.06519909504384715,0.026410889346618754,0.07802368511046354,0.018407809808691528
IDE,0.06160025991031891,0.0849518163922607,-0.05283592466302259,-0.009753519251666029,0.03103256910373668,0.015470817027271797,0.026727930612791585,-0.027850966291613117,0.10048617003032691,-0.07286656718557323,-0.0343502966949864,-0.12662000891703276,0.08689113011369834,0.051190566944429076,0.08810881236593,0.01799322113105466,0.026302053418933217,0.03529797748132241,0.10178629512709762,0.08305806909795029,0.02783359839331834,0.06755656462726722,-0.0027244228015125454,0.05424556960205756,0.03607401036829963,-0.013331910361850847,-0.09531918393501154,0.1086554603431841,-0.08478804825864954,-0.06115802569735537,0.20115999352750702,-0.017021017751186838,-0.09227199830126752,0.050709610849370666,0.0,0.13672093326567492,0.026117147781835454,-0.01685037251297036,0.022956914369951887,0.0813660611449215,0.0034129757928025866,0.14016396601886863,-0.047181706065911974,-0.011604369145368491,-0.06964673027240913,-0.02075717375434543,0.01032279325877215,0.0798118995283864,-0.023131114453900165,-0.1420088624819594,-0.02190223971859163,-0.0298717772336161,-0.003936103347082495,0.06905166981143822,-0.04648860035262186,-0.017543728990643354,-0.04690085190110799,0.06787627039643489,-0.018411307477566512,0.10575951109010827,0.0008833374785100747,0.05958510450417136,0.03460594357138128,0.039049155821297976,0.053765959858336626,0.05215164458861008,-0.1283801794912236,-0.029196850485638186,-0.060953162381237734,0.08045515316289183,0.00897150771097495,0.07851906098383622,0.10977392757884229,-0.10044498013967285,0.040898893837950284,0.06264193131098653,-0.02017457918865498,0.024725049844254082,-0.020299165150446392,-0.030590215498362352
ITPR1,-0.055726941210681814,-0.030072740537624116,0.037826585118941554,-0.005174252044484179,0.12184987518723998,0.0520486376851766,0.02052761402398979,-0.09497274074154549,-0.06747628905216145,-0.06370464007583145,0.0671594448257306,-0.04648757483148906,-0.044382793869167235,0.03038228026914018,0.06278638003980941,-0.019425949313376385,-0.014087378709592646,-0.011507108700286046,0.026578883439981764,-0.0085686584791487,-0.07019602317764902,-0.0036264333533883855,-0.01318018532185187,-0.06772476124718656,-0.09697603880420061,0.08851255375364465,-0.06751128021360409,0.025743770809226366,0.06330339698782046,-0.006629228101441482,0.09820237042506898,-0.053814566033630835,0.031166752643705442,-0.1461477972054596,0.11981955168919362,0.0,0.07554473175352786,-0.02009482637353093,-0.014225743656070223,-0.022644102990633595,-0.0227343119970746,-0.0009337695949616622,0.09818921120160626,0.011512416499822885,0.03614891100332022,0.09957280712812341,0.02272291238784141,0.047350128116880094,-0.01546864639340745,-0.007663181837953082,-0.04229720195822633,0.07141700569063818,0.06700458961344746,0.045856899513476816,-0.12434125788963274,-0.03566631100050495,-0.06246537668242953,0.0985125544093653,0.05460215053240594,-0.06163594053452186,-0.12607937836783814,0.08400843597459894,0.03445899047084354,-0.023340563659018092,0.009773064810772657,-0.0807595281399107,-0.042959516438125435,-0.06928318353273767,0.05486314833187976,0.08283085930608783,-0.00897001809041079,-0.010617153664675518,0.03500985242583681,-0.012302982827068562,0.015270283566947178,0.037807981536097095,0.038614185449336313,0.03943027685488134,0.04719399224663188,0.060928395232811135
ITPR2,0.004168567375900725,0.008541614839793056,0.22419391964305335,-0.0121451718947222,0.04214429571766434,0.0018904222869071685,-0.03875161725707102,0.07284546108044468,-0.03635451670252601,-0.09724141381558814,-0.04231137336298616,-0.0887990438795276,-0.0360676813410487,0.012107801361956798,0.07919252082884055,0.05241073846817622,0.012659602465608334,-0.045771574316481954,0.016715450274522897,-0.0020936773079257144,-0.018444736238963352,0.06777703196366518,-0.05623751006849907,-0.038600615464612416,0.021822236031502087,-0.015072398622907872,0.007747300980957129,0.0344163625803126,0.022980587902755274,0.12110678138615746,-0.05969112632917858,0.03896245545141481,-0.03068527855442704,-0.043742880486928266,0.022868854920025203,0.07547970258014358,0.0,0.11849228920391933,0.02135834747574326,0.04839630766099173,0.16086051752857167,0.014169980292316557,0.0610424426575324,-0.130051434381286,0.005158400088355181,-0.03497897547463428,-0.013891884491718383,-0.008429114183034821,0.0009636022339321756,0.02282450369057147,-0.045255495661961485,-0.027523895146078146,-0.02755334266566526,-0.10913213774557771,-0.057428403269228115,0.053346796471691466,0.053497862011126524,0.029095154389564917,-0.06558103830461959,5.2498708837828736e-05,-0.020661025072759638,0.03129763095963132,-0.006493046077912538,-0.0988722848225864,-0.09505306536392209,-0.14554285471145537,-0.03304865787611122,0.013615722174088364,0.06324328898376176,-0.014459861434373375,-0.014942023294535683,0.048166747779500516,0.07576864472173735,0.03995431697433595,0.06646764235092041,0.02642712116960054,0.019968325680552897,-0.02469864990673314,-0.06479846046552588,-0.024201779987354215
LRP1,0.03687492687534549,-0.013737565969992647,0.02458856201039805,-0.009111021625394877,0.04585920036665801,0.06635345723790784,0.04361894203346842,-0.035929904245478636,0.04892023553676825,-0.009781502036687425,-0.05361565938284088,0.04679830302528537,-0.00131869593221096,-0.09561073407416316,0.01699507213045607,0.054235247322883665,0.0648139543009711,-0.08737136028840707,0.040127805632473194,-0.01146343944923294,-0.01929940429216798,0.004530178075736431,-0.03640019286108585,0.05788334345342064,-0.032282574255855456,-0.033177557238504914,0.09721679104705862,0.006415383984327773,0.008857597325393866,0.08141211059750061,-0.021187895191723986,-0.01992497246687937,0.061555777570477394,0.005667892222819373,-0.014155889836682837,-0.01926279265596916,0.11368393168017006,0.0,0.006821091182988745,-0.018361960145201625,0.031147974929947687,0.0037595019619555818,0.03516946168088416,-0.0612841699564627,-0.0850127365506582,-0.060401242371379865,-0.017741568742844216,0.04562137775853806,-0.009607393774957493,-0.04974402471320765,0.0638744318542939,0.03737971837449601,0.03621825531510099,-0.11624165394800735,-0.03060214208416517,-0.09648854984373084,-0.03262012947293885,0.08153202235605608,0.051292359637075464,0.009802462135132988,-0.00851009437807669,-0.011877486891290662,0.07946948914391105,0.07144980921077418,-0.012489837168769278,0.0952825948184049,0.04253245900885147,0.00759890537947838,0.14772845200057527,0.036843657702888596,0.040454463788023524,-0.0613206902778651,0.05486447050800339,-0.015653171368854173,0.03358777373504496,0.027996272785895844,0.04251360829926577,-0.015120190492263763,0.021582151465212092,0.013787567093896448
MAP2K3,-0.020083892100158644,-0.044358891210209736,-0.04851439182734787,0.03947705196936794,0.03669983332851256,0.0214072520321921,0.07281292756071595,0.017091018079452194,-0.07422799547585761,0.024759725340199087,0.010823804354071476,-0.01701531200680759,-0.0708696201235175,0.01109028890635623,-0.04934270896608567,0.0014695942105973833,-0.06535128194460423,-0.048868390186016214,0.07652762231682836,0.05262263092839862,0.008071475008952224,0.07995126307494028,0.04798631946897423,-0.061740971872480635,0.03074254333052486,-0.055202234625751155,0.057369191821575495,0.06802905873205829,0.040769070612249256,0.12398947871103806,-0.06853186094552269,-0.11294752505546644,0.03372068352276083,-0.1389815395375395,0.025633207916343333,-0.01812473845861,0.027235692408707005,0.009065998296201444,0.0,-0.09038387934787148,0.08757558566320296,-0.12278035154523834,-0.07277336922276331,0.08403682225682291,0.04245632640713777,-0.11515795370687848,0.09323077329968307,0.010975039589570442,0.12247549647560661,-0.08659747234420244,0.0062301721708894016,0.07279195431817645,0.03678694022788558,-0.03540583492146216,0.02072513122506219,0.06675586020348656,-0.001013928158985275,-0.0022275060580013426,-0.03421943262841942,0.129984074111364,0.06944278772647933,-0.07112609072726335,-0.1427950481265615,0.014137322120182596,0.014666391137391722,-0.022224291105735,0.008833779689912028,-0.08861253947649061,-0.001169976403454911,0.08244315408737679,-0.01221903426663259,0.08108737009310583,0.05131199846895144,-0.10385482859860358,0.00197858677598019,0.0505633530583983,0.027970240113100814,0.1412327222629774,0.0052536068255130885,0.004275933628590235
MAPK14,-0.012121583107920683,0.0009174396506101912,0.025401270263480942,0.05404741796454605,-0.02006109810168854,-0.03377335011126778,0.024559733226810612,0.07457502427799767,-0.031239381472821046,0.04054225600668973,-0.013958070766629785,0.007769293389821451,-0.02378122609804639,0.11093433347223482,-0.03710035740341205,0.03860604890949058,0.06504628130356231,-0.13305527478950763,0.08052621719082938,-0.006443693752857056,-0.034153914171721714,0.0436148965822217,0.02234221330332278,0.06969582097945638,-0.029530588420117236,0.036824889902191314,-0.04549066814499809,0.008106883068804315,-0.02587071473192885,0.07693252204138863,-0.013394477392304144,0.10017092296609904,0.007297965372848913,-0.015506263921965215,0.07447953465459196,-0.02365135938124317,0.05059262552520745,-0.020007141067800525,-0.0740960733504491,0.0,0.1545437221277732,0.022111218147535774,-0.11168289093300747,0.02543606547785415,0.14634791436127867,0.05901724893108595,-0.03754118463452109,0.09768497481922431,-0.023039450634207377,0.022629902195687838,-0.031556666107635224,-0.06976652207644427,-0.006208713005662105,-0.0826456240798257,-0.01177566103184257,0.0009320263369480553,0.010077375219448934,-0.03999392227988028,-0.018687154661880253,-0.0012329413942090781,0.057456571596159654,0.020454610115842795,0.043376438984199656,-0.05671365782872738,0.0022531122699980945,0.034004023141722906,-0.0007714174883399256,-0.006435147286751994,-0.0508236760338863,-0.05109923521575685,0.0005265911714187144,0.06482677861249815,0.007633132479194134,-0.06275731907821658,-0.01318653340665282,0.013651225114705625,-0.038671811987690395,-0.0022657987425156495,-0.033220979668717725,0.012724684958986003
MAPKAPK2,0.048413732589207094,-0.01960161795386747,0.020895557527604903,0.002806181080455148,-0.028129532052981073,-0.026601108198637962,-0.06687284302258949,0.0013789533676756634,-0.09757631824019296,0.013468864348071142,-0.10279089319782116,-0.04433832261476381,-0.08364805673160769,-0.01559859703414057,-0.034558957533013315,0.12916626111902485,0.025503579047808256,-0.07074753554522974,0.0807817223434833,0.07709326334176639,-0.013732494107266425,0.059311787144543306,0.058782071620878326,0.023120660171793185,0.023091796583184464,-0.010586964542603234,0.015012680383316776,0.017960154785788156,0.03848788271100999,0.014763894022177258,0.0389586531217359,0.06796629378058995,0.008710199256379348,-0.00529126344150636,0.0029010891772731505,-0.022050427343347855,0.15615599418800485,0.03151592218228878,0.06666862150233673,0.14351112765198035,0.0,-0.017381132084144827,-0.012457559523507022,-0.035870967996568776,-0.016663331635995014,0.007920368903974778,0.0803831769052838,-0.038934725081295925,-0.047085523460623856,0.06816222646325021,-0.018994987994656026,-0.024527842844683543,0.067209756053983,0.06275159830159838,-0.002263432511175409,-0.0311957976766465,0.028534900200942726,0.04841995605051829,-0.06309020657880997,0.018345011389567255,-0.039783019165669606,-0.043108974878683044,0.01349999547676284,-0.013266424423158164,0.05048716771259143,-0.03397482632857636,-0.0031395877329286476,-0.01050763344523126,0.1195118839025526,0.009863509265533471,0.060124987599327585,0.15881612253091906,-0.007588076107598243,-0.020711780495238048,0.06191542120289855,0.009385158096850083,-0.09608795027176567,0.02460775079101158,-0.04976144255023434,-0.06831232609677987
MFN2,0.039607393061706526,-0.025924337729885782,-0.01110821914808807,-0.0319297681036059,0.02399891960960783,-0.003126583052293986,0.05011836722338613,-0.03951628109756437,0.0668402782870055,0.07904695389975838,-0.05220916857964091,-0.001975536826837477,-0.017713627755259472,-0.010893361646812282,0.06463843911021423,0.06014547175048528,0.0208177906605958,-0.03258773458159367,-0.03768770534145523,0.0029881156451185796,-0.02369043033109902,0.033030830796850465,-0.028880670272017298,-0.012547306405601697,-0.024485301492762207,-0.02768775528786021,-0.07439044627425723,-0.03837134512383744,0.030587715400245838,0.04456037718257702,0.05989324584116955,0.03696529934562345,0.009583203580790654,0.1390835815450329,0.10112830585455558,-0.0007687469515924574,0.011675807539139202,0.0032287840716503655,-0.07933700119123037,0.01742831343174858,-0.014753210642261216,0.0,-0.008338366152383533,0.06774289038249638,0.02465144430760257,0.003844222487450001,-0.010312288601864228,0.011329753900566307,0.0022939857233411865,0.029259607912566557,0.004476154109605751,-0.005416630965891165,0.007924192590274399,0.03194577107101197,-0.000903304202431975,-0.013844974012259452,0.06379819192997839,0.036448468594597674,0.032989934542659284,-0.024023046354923992,0.011107397175756734,0.021230179355131096,0.05592997573465945,0.0032206227503838642,0.07272409547771054,0.023795034887642032,0.028482953337286964,-0.0504587663779762,0.011970184261413852,-0.0010078747040003326,-0.07255047251824687,-0.05829199345740542,0.052091640082308974,0.06422847258265718,-0.01973284097245855,0.11956604709190247,-0.0023539559520299523,-0.01598950778021856,0.0032657711588772345,-0.0038850264318008067
MIA3,-0.05233921892518181,-0.002411545125111671,0.020942570949885303,-0.04765771087499545,0.010594270877020423,0.027228518520124468,0.022031912874292077,-0.02283654772518573,-0.11479926797313096,0.001525154210099181,0.006448966706002077,0.03786660354392339,-0.05199215255215315,0.004686139711821887,0.03413567425446432,0.039070466088114465,0.042657188239570536,-0.017886096142549768,0.014214730029917815,0.05050689119244982,0.16869112260483068,0.0654570594334466,-0.0004613460001473464,0.06979721015122053,0.016943623572002964,-0.014331415912716368,-0.02425777053432182,-0.041239720620116514,0.028832625114253357,0.0018807889967683512,-0.03866493551935917,0.013283565669494927,0.11795555464000196,0.051001141741706814,-0.03997805055133111,0.0949334069869467,0.059069215519668115,0.03547202852859641,-0.055224400289210676,-0.1033810544540144,-0.012418040506632888,-0.009792477441451434,0.0,-0.009120872594516174,0.08687173588100024,-0.002354000717507204,0.032474932162593784,0.07337563327598776,0.0999205672268881,-0.003675919196797505,-0.02515596346173218,0.11847643785060681,0.0833930987522334,0.03611740898135488,0.06460710468989907,0.008972910530523364,0.015845349868299864,0.05791022627740097,-0.004584753269565736,-0.04728454188055363,-0.06101515258922752,0.09156529186175955,0.00847376929344937,0.005024232786088004,0.10604782597253071,-0.0959772398578272,-0.05062987868990568,-0.04286419294430015,0.018751153998062802,-0.06652621358956444,0.013261422572295978,-0.047591167403950516,-0.01078433694269305,-0.03348553141082977,0.13437193984077872,-0.05144718400551377,-0.013546634392737648,-0.015284301542093452,-0.019719985262799392,0.020963978160648343
NCSTN,0.044985270675698664,0.042147763384430784,0.042972558617485536,-0.005172421831335531,-0.02354163229690812,-0.07187716187059229,-0.005075216058678641,0.024756149721646203,-0.04389912573723343,-0.000762252208724729,0.037484136009519345,-0.07305575872405955,-0.13495322948632651,0.047910624079279984,-0.09349489618301787,-0.07813895352689312,0.07437172450580899,0.05561472300219812,-0.10277343949315158,-0.008574141668623806,-0.08385362968147297,0.059695352762915994,0.07378856887828583,-0.0073302962568711225,0.03775066895028024,-0.031513300965399144,0.04822289768178599,0.09216058619120876,0.047765869173070845,0.04209770286851503,-0.06001065410173521,0.06260948734819004,0.03897972453509248,0.08444646151005042,-0.01168615023252503,0.013228900399407549,-0.1495706576334772,-0.07346332313130839,0.07579317590198575,0.027983768665433593,-0.04249767344609387,0.09455343221224867,-0.010840226251656187,0.0,0.08024850146157726,-0.05097717091855149,0.008920918162695234,0.01579883120698414,-0.0024286916367090433,0.08128077195642351,-0.05676730092835313,0.017122560079736383,0.004479701648400767,-0.10619744213635833,0.03798732372171403,0.01826256492426138,-0.17184848172736683,-0.11029378061938112,-0.05574067719420328,0.017979949351131997,-0.018934703712593662,0.014883449816430716,0.0108994377271078,0.028199176851259302,0.1613538046541917,0.07402836593494687,-0.004750918933771132,-0.08058503536083599,0.040051836500841966,0.083548237868156,0.008789973206624826,0.003382910368680429,0.06848403903048189,-0.0076525345454973226,-0.02295455376298203,0.15491694078776072,0.04786738519894949,0.06759694546328385,-0.039461503314906325,0.02401764428346977
OSBP,0.05293754742834915,0.048836553686464515,-0.050704529552548824,0.02281225611897303,0.037989588551216015,0.02382023355301461,0.04549067294794426,-0.038298784102194845,-0.033939800512382545,0.08554373933534232,0.01636447042944325,0.10436966074790151,-0.017099303704423963,0.0199692713850352,-0.14090440826437067,-0.003464745868445537,0.16256986622076786,0.04824319639403634,-0.0924611958532646,0.011341396199195818,-0.012025912439433881,0.06437354620187524,-0.09014832135190412,-0.0392743406242052,0.08535408246391608,0.019291970804801908,0.018923401868084715,0.12932516197713906,-0.03547587467868559,0.042015093774524635,0.016256178643132092,-0.04224656889873147,-0.034756384128848454,-0.027224177161831918,-0.08478205744278823,0.05021179670369577,0.007171327720758087,-0.12318548781767678,0.04628669658541912,0.19462386597872433,-0.02386366733182914,0.04159194540947281,0.12480550643767999,0.0970041291299296,0.0,0.06554969428013253,0.10359965224421129,-0.08099376392607069,0.058531584366939074,0.10384678174825546,0.07820340841839825,-0.05673123478125484,0.05514255380681256,-0.00477519510379813,0.029008802012841554,0.031680124012436923,-0.014916941699297989,0.02152113741842711,0.06574726882022446,0.0061284264435206735,0.11197227754350275,0.020927027073383484,0.0574763206538626,0.2153712909148081,0.05119963984128868,-0.16855879270897522,-0.1778114948441937,-0.0771207990621008,-0.06832700154246296,-0.00047525479688375136,0.029696664838940873,0.1492830429463873,-0.026307706984734322,0.03139226349265408,0.11356380885852853,-0.0012168639639136625,-0.09573401843253151,-0.06455579942912205,0.0784888476244354,0.015569041321198707
PICALM,0.03696564771137909,0.07102939516492882,0.01421016145680178,-0.022968296936993995,0.045223401182729835,0.02312683966497836,-0.031100506233200733,-0.01029041601352676,0.08397475472866586,0.03193609407192295,0.09035139089393564,-0.04010377362336746,-0.05400144596297615,-0.01907542427689902,-0.11728677717506159,-0.05449190419936724,-0.07529085729314128,0.15478631340271648,-0.0002277620907787764,-0.06811656518276492,-0.02670976109949643,0.10022658531805946,-0.005202077538618903,0.00593494534181891,0.03575648663060496,0.06812772648644032,-0.20310282379410644,-0.06877974088740252,0.07516845892610316,-0.03836164002836193,0.0013294563513215794,0.06119140913548232,-0.0028071724160205415,-0.04710964344179512,-0.0221209247039065,0.12108298851693011,-0.0425719426919109,-0.07662196058023876,-0.10991059273148286,0.06871006447841856,0.00993007653674682,0.005678154658297363,-0.0029606950358836703,-0.0539461998592881,0.05738554465660089,0.0,-0.053513086922628336,0.044455981921110214,0.013187377077028562,0.002651232892227118,-0.034920778274107445,0.002414815372330314,0.13840778036153864,0.12832172365204153,-0.0489909370984749,0.07285502808864215,0.22384968526021437,0.09124315759212087,0.006593561698709845,0.15431332323446176,-0.007497785881426555,-0.025503139935905077,0.03633224737074709,0.02021859725009863,0.0664097702727433,0.007755343667945421,0.04793387452101227,0.09624007349136549,0.15083327233466692,0.22554569430112925,0.06474868497154239,0.0071154269604502855,0.05184984913978549,-0.010979220728694486,-0.036058704402724344,-0.042797792340392146,0.0031419744753440576,-0.011785865377598124,0.047630452580718644,-0.010950440268536062
PLCG2,0.032942050968769704,-0.06318953667240014,-0.0501978360940023,-0.0763856605376802,-0.11641705763617584,-0.12935180804757937,0.03601260184842248,0.06855030506149391,0.16308510129945689,-0.013669107403187157,-0.046757662691749885,-0.1572843054868956,-0.1116243349455497,0.13011510251305142,-0.032875493421864285,-0.058670466772247354,0.07471832775327145,-0.014738638615693689,0.03653388794814933,0.010181005112912107,-0.01882349350806512,-0.09535914769776299,-0.09754351525150583,0.1488648986841935,-0.061905883217599565,-0.04096671789890798,-0.16001028623523283,-0.02256103904631902,0.08051491767155804,-0.02693721224942952,0.04476816303056571,0.044160588797160005,0.005689015488678512,-0.01642786094660322,0.014699873812068989,0.03692221059073297,-0.022592217885828526,-0.030073275130719012,0.11890119452005121,-0.05840239916234979,0.13466467043999653,-0.020353311608812732,0.054577879427172585,0.012614673169450094,0.12119130315961976,-0.07150580899851774,0.0,0.11682494906848163,0.05339638022379367,0.013674490924484061,0.020407491748645618,0.007242027337079605,-0.04695747602722965,-0.031067281729464238,-0.13339940786231078,0.014771015388129487,0.12431471828332046,0.0802882905664655,0.03248763381282576,0.13690284052077056,0.047666495508048,0.03201520589249449,-0.01481812599236493,0.14291480172817458,-0.07468850708669823,0.16638708730032312,-0.12834398888389875,0.09594202802607278,-0.03383779632403839,-0.04915858419186108,-0.03938265492399467,0.17736064802082618,0.01186982909868813,-0.08795089468103566,0.13169376997827076,0.06220168013076212,0.07811251056471633,0.03310558702924862,0.06960464321653674,0.04034064472157159
PLG,-0.13417783448021436,-0.04081842247169671,-0.016604877042369053,-0.06885620374499331,0.02569041312190676,-0.026176307850696662,0.08491107291932823,0.08388592479047247,0.06561193420361557,-0.11131461771465365,0.036455193020482904,-0.17297348772847074,0.03742165231074998,-0.16572750918477275,-0.1041506236219668,-0.02851703729968159,0.033645770678411735,-0.14902574081653436,0.23611124219881163,0.05972111441647665,0.006350347725095079,-0.04740063896368253,0.015073000403887028,-0.14239619598950579,-0.05921933072953218,-0.0007537533686271706,0.17222149318637528,-0.09458015028366071,-0.11810000825779197,-0.049682247045679626,-0.10884286695088817,0.14690741438883181,0.15187010098737913,-0.08550925177458002,0.13012916759023752,0.08809180056090424,-0.015695323397133715,0.08854167496417256,0.016025945229511722,0.17399674007431049,-0.07468205264875168,0.02560301594948279,0.141192261651818,0.02557891002162167,-0.1084814214314243,0.06801460104385554,0.1337599900439693,0.0,-0.008157286242508792,0.12259779710129118,-0.15092354336201405,-0.05703155968015095,-0.05397904598850238,-0.058464678913057004,0.04665691700642409,-0.0695736806640291,-0.12079857170157052,0.00029842192227741584,-0.003953314291501496,-0.01710115128681444,0.22129820442396986,-0.10266783656883362,0.01677976351591564,0.1353981188079708,-0.0915521556451404,-0.08502623735205045,0.05972855390393525,-0.11273126668552838,-0.05300822992809811,-0.08166764667586036,0.2125986756962341,-0.028427304213070596,-0.0010584152852355416,0.11423627471152215,-0.18893330928205526,-0.047639818657612625,-0.04911650880083007,0.009085865169357563,0.10122905263322066,0.04753899536263206
PREB,-0.1801630047808002,0.04278823097030879,0.0061328945678368,-0.013788116047938843,0.039762292905645445,-0.01764957771310491,0.07534052277060589,-0.040423652287918575,-0.06252128610427844,0.03128482582477638,-0.07961537819020424,-0.07109418397676961,0.10644230532369704,0.12825272558167503,-0.09733704958787578,-0.1648163670212477,0.05942706731848079,-0.04967514657521251,-0.07829886552572592,0.10458555925682923,0.21051965140512205,0.09958853186793983,-0.006684914578232943,-0.12094200976013236,-0.1913733539755314,0.01971813852652416,0.08010841328203894,-0.11060919695249732,0.11691947823456159,0.1902989827436994,0.07197903868302662,-0.005451989402301653,-0.0009412642066057136,0.14694793873684917,-0.037923588811469885,-0.028938266193418674,0.0018042304031288734,-0.01874954767283001,0.1798343436825204,-0.04126590072497466,-0.09081809827489755,0.005212753974390704,0.1933391434469889,-0.003953987749072324,0.07883152575582256,0.020287859999790436,0.06147638352861392,-0.008202600669967397,0.0,-0.0028706134510215887,0.020848357527027784,-0.042692252362935675,-0.05947341549252284,-0.019605745661952924,-0.01726165948244723,0.07164045670496284,9.283986880049705e-05,0.2194503332284003,0.07401446944012968,0.08071950949167553,-0.05842250656540553,0.05734546908560784,0.03820958345067843,-0.011335139537929693,0.04738448490961859,0.028785905832705558,0.0885069784974581,0.02136096629333941,-0.07912647073073195,-0.1030277265401014,-0.034621703529136,-0.05200814460118115,-0.1288386702542946,0.04318106260877912,0.11443686922975858,-0.02155921867043843,-0.10242821370328158,-0.22003452441777233,0.11026912172229177,-0.07530339311781463
PSEN1,-0.20815615227327994,-0.16071154051790038,0.08795905371013264,0.15750794890896502,0.08020237691166927,0.08535975139405316,0.008146159398412183,0.06593230599950155,0.0028693290982607774,0.010144155052162833,0.01968086114334317,0.01758238161614821,0.14185461773433822,0.11725934607392202,-0.03963882057638044,-0.009643636858979333,0.08509587570870555,0.06423485449798892,-0.04528511838761752,-0.013841646675815859,0.07419589765062243,-0.06779507155981518,-0.02017842942495821,0.08030918110892628,0.16280876162401642,0.05856738464755705,-0.0710427758232711,-0.0830213364080815,0.0054591679772109485,0.04820959840412685,0.07343790994548759,-0.06772085102877914,-0.1599560770109641,-0.03257364562283231,-0.21724639727208414,-0.013376841746989044,0.03987675446850602,-0.09058376901866866,-0.11864594621373953,0.03782040276581721,0.12267414260836759,0.06203964189343526,-0.006636744804365942,0.12347385982186349,0.13050494176185498,0.0038058350086772894,0.014690342609869967,0.11503044409246724,-0.0026785451933172984,0.0,0.05649877913704763,-0.13801357040177395,-0.046961617462811425,0.057944298394267985,0.10761190677191854,-0.10936365079692574,0.14675922897535487,0.10344926561635391,-0.17360774791450037,-0.04489886923002959,-0.06540322829366105,-0.13491928127571715,-0.09808069951203506,-0.0532326920263893,-0.028053135370164687,0.2743278793072347,0.06748759149089802,-0.005842422773219435,-0.052698667262826494,0.024454133715981465,-0.29978613513019414,0.011268317025926056,0.005708228873074256,0.07323832415344007,-0.028893216122903388,0.07969221352259857,0.02116938111191644,0.06798025544056942,0.01974413386176213,-0.010929127770466774
RAB1A,0.0749029299665444,-0.10339874003679052,0.022548696465923522,0.07398776992252738,0.08122038936844005,0.1036773390795499,0.05412997772750924,0.05775936985068637,0.011134359635435654,-0.003003550377574316,0.00810060229871497,0.015834877844286326,0.026584258921261133,0.006938888451504163,0.01693090233570352,0.029471140863006853,0.08710983481351442,-0.009158733190854824,0.0691528499407841,-0.04836977857516254,-0.0060750990135025685,0.016068851546734368,-0.0346812123599998,-0.017174917371174537,-0.029524360498796073,-0.02233710955847807,-0.015158878511926852,0.014449661401481967,-0.021087268593027036,-0.007523875870539747,0.06462140560623696,-0.006450069810994518,0.05695269590811998,-0.027066953509529482,-0.015576437084488618,-0.03432405270027431,-0.036756339167449636,0.05407281503675551,0.003968169364891376,-0.024517548900137277,-0.015892446194822357,0.00441212972990479,-0.02111410030666329,-0.04008924833943092,0.04568799080487173,-0.02330389177465218,0.010191845927932937,-0.06583086864652114,0.009043542249381559,0.026265249239557264,0.0,0.09215346790733703,0.007445223657158278,-0.02843946084550965,0.06865710080785398,-0.010144902808923651,0.009227720038513793,-0.001314424781948654,-0.012624546636131878,0.020220804255530068,0.0017512178285774103,0.019293843225940452,-0.005998968333471281,0.012041349349113061,0.013624560310758772,-0.0004934470565003133,0.059272031704225354,0.01990158904508709,0.017126602923778305,0.029248673758072354,-0.04730065922355392,-0.0020313694737690412,-0.040581419966888306,0.002789258285279107,0.013514525422574312,0.005224127227740144,-0.03248504995328807,0.017268254439937056,0.08231033575793589,0.08523349063129734
RAB1B,-0.01614104301119111,0.019554836703133033,0.05617098874362757,0.02042904029224183,-0.014181328152708027,0.08069170008445946,0.07562783717757914,0.11157256672018695,-0.09551996357518801,-0.07420827308607879,-0.06588917694136497,0.001630904493750197,0.011280169529862858,0.06635827556609475,0.12344326313426202,0.08370652998499992,0.16041958525968558,0.0775242476571843,0.09234974569752752,0.015929309635444894,-0.04275614786358281,0.11769746227929358,0.06765878964407034,-0.01976857906901824,0.01930296580597325,0.035591910261580186,0.02886064999020896,-0.05962188263090229,-0.009904074111203491,0.04299630584796513,0.019143948553384613,0.11067295145019124,-0.15500091384621473,0.011179536925910437,-0.03413721241736713,0.09312707318289092,-0.035921810252065894,0.050848172599981506,0.07450079827038662,-0.08710045112185003,-0.0329760381300878,-0.008579458673329791,0.15979051946029546,0.019430579886630283,-0.05325814179703397,0.002589499715949882,0.005811801535464842,-0.03997378173351657,-0.029757962287497393,-0.10309833448195861,0.14808091133247314,0.0,0.02126931129580109,-0.10801097477170518,0.16472763905254026,0.004441494752316365,0.06984574089886524,0.09349550027514165,0.07689403056285471,-0.05664895068776644,0.04138691391795187,0.007185435571110901,-0.018323780225763642,-0.012842448718733412,-0.08090077208954187,0.008253131377177519,0.07266065880714813,-0.026665219102902718,-0.10829347625672969,0.16356733942078971,-0.05382815331066254,0.03346468268009033,-0.08614776382608032,0.08202900428542155,-0.029249449815170716,0.15989634967723418,0.0858696948755746,0.030805796324920337,0.028530788568872346,-0.056106863458512825
RTN3,-0.0679359755501192,0.013786137568160385,0.03690726939396468,0.004815546253414407,0.07856296033873865,0.06308380761926856,0.04452635370239356,-0.09836749590320158,-0.009730146469283186,-0.035843348810136656,-0.07369723425410653,0.09759740886219456,0.0921484122441643,-0.05713342623616641,-0.03224161889687225,0.07026636786739633,0.04571696786710395,0.007755263843691788,-0.04357571953166624,-0.023440112248685457,0.0020066354325606107,0.0030816006903407614,-0.0673020481373305,0.06370905712823786,-0.0009683279116602748,-0.08089745461028591,-0.039601736870798425,-0.05060754671987831,0.07674079527569522,0.04832329208476446,0.12256399989913952,0.030654804093436027,-0.030931181489671708,-0.05760452723324905,-0.0031868727177177857,0.06190277254936232,-0.025477326100900817,0.03490583917898677,0.026674878271724434,-0.005491691708837105,0.06401808424162059,0.00889235707080596,0.07968569506591179,0.0036016158308353197,0.036675993053486566,0.10515348548217042,-0.026698483505339037,-0.026805037899678336,-0.029370289962834206,-0.024854448885368564,0.008476105952786354,0.015069007895471604,0.0,0.08124602823857863,0.016678568241759287,-0.012837570144625596,-0.11077505062145096,-0.04420561228166667,0.03312540372143778,0.02612068867423611,0.0014993758713631384,-0.005606746430766913,0.04142005013418789,0.02081588296859219,-0.0059010426693841735,-0.037083446836245454,0.028333281559417778,-0.0893206385965907,-0.06235365882413273,0.03357224838134214,0.026187679655857235,-0.06713195309701118,0.005521215875469341,-0.014631918322944448,0.02940235436475885,0.04167958071890329,-0.09630111581086444,0.05435300503522544,0.06315810429593394,-0.001267818775555063
RTN4,0.07125939576866375,0.004496799918510857,-0.019537421447201237,-0.07934802371523278,0.014119760293647102,0.00027172883836959445,0.03778713993760003,-0.030935923102428504,-0.039292607584981355,0.027988752715205227,-0.009805557475248564,-0.018159301948156587,0.009239597164323383,-0.06942284969033623,-0.04584413194438312,-0.0881112329621044,-0.1109720854431127,0.08451328318133969,-0.04470489506174999,0.09061825997925564,0.006293547221660377,-0.0376565648652927,0.05967917869233284,-0.026688686475695764,0.13312020910149827,-0.014248500713749092,-0.05534955660331746,-0.08015582428817984,0.019801919889369222,0.023254885745001702,0.066707554593738,-0.03819580627200858,-0.029173505403728175,0.03048827695392738,0.06383138563489855,0.04836955574687589,-0.11521103458305261,-0.12790696666408216,-0.029312001968492662,-0.08346151976477034,0.06824282675621109,0.040929563004415685,0.03940294675364078,-0.09748195130511629,-0.003626168560659863,0.11130770150374718,-0.020167263168336284,-0.03314718493043606,-0.011054283026085476,0.03501334968832228,-0.03696594801409395,-0.08736972721644151,0.09276069649059875,0.0,0.04586639806457044,-0.0025747380357768845,0.0031987687178055553,0.07108587614744227,-0.04984796165554296,0.026894865316867595,0.08120906995978919,0.026669852959263017,-0.06831236378157224,-0.04577698007192694,0.017811688592307365,0.03994598050500818,-0.036366755310789554,0.004838710869147181,0.0016592798362898987,-0.021884037912371937,-0.022315188049473463,-0.05680108396678281,-0.0719588850471082,0.0012594974851815235,0.1293361747978497,0.02002120559093311,0.004079304582764052,-0.047202581438773074,0.05781060309017752,-0.009724687665484308
SAR1A,-0.07384131616708375,-0.044002862993069915,0.07079762711428864,0.05874094686531089,0.0720120681062617,-0.02308431920962788,0.05509715514523771,-0.0178874806690529,0.08073147414636749,-0.07654357988534284,-0.05267307953241378,0.01215575057800561,-0.02045473212026383,-0.0386252915098108,-0.025287922873492248,-0.009343623036227638,0.07645554216123078,0.01688633234405793,-0.030552895458580365,0.02581815766526144,0.033177031217297474,0.008044824799045745,0.10290904978236706,-0.13907600121075941,-0.02333590027428463,-0.08469132412802415,0.016578858970304425,0.1300378557643628,0.1325389896529116,-0.07822698910140058,-0.0834307573711621,-0.08775284755334642,0.08807251243801825,0.15471952397636224,-0.05541040489259097,-0.16910927715336918,-0.07817230561501771,-0.04341791979028887,0.02212344198657269,-0.015333330145728956,-0.0031738363618108206,-0.0014922532354640094,0.09088185011270764,0.044960757640459995,0.028403471772457774,-0.05479305845150909,-0.11165608019027484,0.0341078140232048,-0.012549156235859966,0.08384323853475213,0.11506698025251597,0.1718083765195056,0.02455304690453741,0.059139738745912294,0.0,0.16955906859232286,0.160510148066162,-0.01473455620380083,-0.07922509870790147,0.037735439841547085,-0.0026855494947629795,-0.0025696074837603675,0.07287087735693606,0.07826221593609778,0.10927754516956381,0.01444853714020473,0.04205515451829713,0.12999963467405723,0.02454162650366406,-0.045917885603693594,-0.02159484547012773,-0.0481909196331683,0.09721836224821964,0.0371536683262632,0.06412241924269128,-0.02302869737673397,0.1443380339157037,-0.034381481379161256,-0.00962563685218241,-0.1610912601253166
SAR1B,-0.04200681621991515,0.07484518454619939,0.08819668158388314,0.03127258229418124,-0.060023043019842126,-0.08447825506780035,-0.02399423858598676,-0.015003707727899693,0.01752786448981344,0.040505057361895906,0.02393609815630192,-0.04909257345646781,-0.023570801444648876,-0.041545482161612496,0.04785816277976035,0.022240930915307523,0.03914823889875076,0.04166537365870738,-0.011360217621120538,-0.025699659867304936,0.01721127248208081,0.04848986744411262,0.023322773158067852,-0.03651361676044861,0.04366517314890722,0.06822361467362233,-0.004748083805140505,0.07349744898762015,0.07084472150718467,-0.10288853634501759,0.06943953631274928,0.018152553958352073,-0.06687436352729209,-0.03691432297434098,-0.014827578379979858,-0.03439646683530917,0.05149179012135307,-0.09707254813586408,0.05052988026690904,0.0008605633404697,-0.031018196481420166,-0.016218254427372486,0.008950219448565923,0.015327106035710159,0.021995405465681246,0.057779368612316064,0.008766824083047756,-0.03606502964415486,0.036931231756600055,-0.060420481746514584,-0.012056371230813287,0.003284811702359373,-0.013400867793687675,-0.002354080340192387,0.12023322273814807,0.0,-0.02426752702598197,-0.002988020407550315,-0.07938573025197718,0.11253012041630774,-0.09514660582707363,0.010018425333063288,-0.0831428535141062,-0.03960671611871287,0.04093494890197659,0.07758226825587856,-0.052805449470581266,0.01785621063991254,0.024714339048490127,-0.03467109635004195,0.02833299547361784,-0.023215603790488374,0.020783777871973136,0.09272139523932768,-0.04648114299448223,-0.07229201536651265,-0.022182060737054667,-0.06521868418027814,0.004042908170157201,0.03408936753103767
SEC13,-0.05285991323257705,-0.13144736193716924,-0.09920335641434085,-0.007727405006836889,-0.05982876398525962,-0.02428945468584801,0.009418257540695828,-0.07383744134084502,-0.07125441265133303,-0.05756229462509968,0.05016117412594462,-0.019891342387724862,-0.008953125529064253,-0.07031594176002197,0.04102310805271578,0.0687058456101764,-0.052693064406621574,-0.06685843483690244,-0.07585043186756886,0.019092984613978972,0.011372799509316637,0.05267256433938403,0.039782207938221514,-0.04714411792697869,-0.030935977443592468,0.04356957969084468,-0.07384519252752857,0.13737696328871554,0.006725217792081641,0.09700284795015217,-0.03705812308148269,-0.0025991306963498713,-0.0032048239359095173,0.09152343642133631,-0.045383886855749914,-0.06897117801676637,0.05912058325590634,-0.0375732679057413,-0.0008786960926646107,0.01065306861072572,0.03248399564807347,0.08556437317785907,0.018095676238583127,-0.16512648132193375,-0.011857620032856963,0.20325553822971484,0.08447479170679704,-0.07169283450765845,5.479521093415115e-05,0.09283019092597726,0.012555550790292112,0.05914171205874013,-0.1323928978700069,0.003348449163995128,0.13031025638472826,-0.027784216856840828,0.0,0.0229482822666528,0.09686161617440092,-0.001111533725809849,0.03029042897076394,-0.05671357139278171,-0.007798809882342759,-0.04131568572214142,0.1755606084920429,-0.08507526256310019,0.011040279023773114,0.08255679862734501,-0.02036960475121008,-0.07355442447924528,0.017490608567642337,0.10119000446558166,0.06478263015735004,-0.00814422233693017,0.03416349980713191,0.09890639435655973,-0.05951679819796811,0.012919725219678446,0.040532692850706264,0.05166687782695219
SEC16A,0.16404388304625056,-0.00836088732375471,0.07218593314884104,-0.10697940762905452,-0.0044433336011517905,-0.07052320627780685,-0.015530888789594497,-0.00016241561322713472,-0.02872800058356028,0.08649073720703102,-0.01013573663889314,0.06427655949422946,0.08349178906726401,0.029110123395336827,0.004597904075002501,-0.03809202577352472,-0.02431985931149817,-0.050566544823616257,0.06590025116701592,-0.05580658273795574,0.00158856779283425,0.08255627765297807,0.10318626726517235,0.12254057408887409,-0.05966224162608415,0.08155990760807466,-0.047237480865725504,0.016662475363093746,0.07358841409320903,0.09636680650111829,-0.005124280280067726,-0.1040343835063534,-0.040264265444089974,0.009669572853188748,0.061760883676152414,0.10228087494808795,0.030234133291594904,0.08830719238596688,-0.0018152020699469,-0.039755376126160494,0.05183129385344746,0.04596618513014365,0.06218746017462457,-0.09965443341400412,0.016086350659985003,0.0779041834057494,0.051301653662404266,0.00016654026416286683,0.12179203954485289,0.06152984312117676,-0.001681712187373413,0.07444220821398378,-0.049679213879967474,0.0699711100566052,-0.011248321922195883,-0.003216849707299902,0.02157867413693506,0.0,0.02635345851788182,-0.027760389432904906,0.0485186087305229,-0.0012626148172668915,0.05029391635428474,0.03372898189389009,0.043102122074300406,0.03417075983382994,-0.04375309347159829,-0.08080680566405427,0.005876950298357005,0.06829847212488073,0.030730727063145752,0.05267185289195411,-0.15426264729640982,0.005464979319688669,0.018205786930601663,0.015975741897150644,0.11892987166517746,-0.0015421219822290544,-0.04325916740710687,-0.10029952342433891
SEC23A,-0.0055678413446989036,-0.05836577095518815,0.0016434642365506912,0.053771198101528035,0.019220474803492614,0.020044467969036597,0.02739269318226619,-0.049798521088283684,-0.020920153797703726,0.04399701834348851,-0.029399386624471686,0.01148400396641819,0.010134093090324198,-0.05899761003367697,0.04181406321335771,-0.02209441379275054,0.020517409585901907,-0.04985306316681729,-0.12571593218638494,0.09538499582890592,-0.00781182148033899,0.011478241336931216,0.01899353797513081,0.028513599307175515,0.006231837934490141,0.006990079240680666,0.05248202000786525,-0.006524043054366742,0.03240332713425611,0.024606439425917725,-0.008884329805455176,-0.005027544283764249,0.01252557031313075,0.06160371312130376,-0.013849657579503844,0.04686746641683152,-0.05633963388457856,0.045928199015478,-0.023053547452927866,-0.015356912974137413,-0.055832681129708524,0.03439533190569785,-0.004070262341291867,-0.0416367397727647,0.0406283235526384,0.004654139781541053,0.017161534163032337,-0.0018239324201297258,0.03395925575654534,-0.08536628341322543,-0.01335336126639704,0.05061509290400353,0.030776367522604927,-0.04056408856618259,-0.05000026904928234,-0.07065591592106185,0.07529829796463113,0.021786952828174586,0.0,-0.02135391264696674,0.04309630742627131,0.0602879012635943,0.22573570801191029,0.023630152747414243,-0.03584257324923949,0.06659238533377773,0.02566572092695835,0.017350304339670785,0.008796359730371347,-0.04019845480572789,0.036130692697913164,0.013759954669351503,0.03303390119570392,0.04635389870400008,-0.035314742165128324,0.06906653072303794,-0.05567420633909554,0.014260744576622594,0.027913675741344682,0.023809577440989795
SEC23B,-0.029461168537943762,0.011443338600633759,0.055321131439938484,-0.034917473103063736,-0.013451664992292247,-0.004323111466339691,-0.01752680672043129,0.07241258119319187,-0.03709787413671716,-0.05540959583592794,0.015903258017490082,-0.11540352367541831,0.009282532219583379,0.050429709388293116,-0.05368424565665005,0.04364906882000572,-0.02890465463405951,0.10918793056981799,0.04987489973905367,0.01601724541571853,0.16395126075512964,0.029271103930709103,0.04007991637372455,-0.029925533944837785,0.08097092153177286,-0.019890335207719653,0.002742402813281301,0.021052304511494167,-0.07970011155430182,0.015395717880728493,-0.05178540956849127,0.02653901407312794,0.011832498097815926,-0.12018979462562324,0.1026887527340396,-0.06828806328042633,5.821479789045664e-05,0.01132950537793699,0.11303271090028799,-0.0013078327733227573,0.020955284395268763,-0.032329215751940914,-0.05418444858007884,0.017335723798535742,0.0048882026596184175,0.14059562667354134,0.09334681975074337,-0.010184079688671153,0.04780453378229406,-0.028497168714725376,0.027607194326192155,-0.04813138087364763,0.0313249107252724,0.0282496278731249,0.03074029339388291,0.1292777871010839,-0.0011153344900676743,-0.0296233021665798,-0.02756300102539107,0.0,-0.020501320669327618,-0.043207626200944066,0.1814865279559521,-0.03746856013078584,-0.01245795928874877,0.17786478805657593,0.03559207749125512,0.11990220493769425,-0.04480270368906189,0.044469301878218764,-0.01273697849622329,-0.037154329652338385,0.01425894489527403,-0.004854581880713959,-0.016592358609538903,-0.09463905676793083,-0.004172768236952081,-0.018139879337087612,0.027420377014550013,-0.0773655065153361
SEC24A,-0.040390002575874266,-0.0920241892893859,0.017200205764622185,-0.02203872784605065,-0.023869683146067213,-0.02208273569997631,0.0037486423976068666,0.01791997801852165,-0.05254343223233029,-0.1781396528747212,0.20143097452747646,0.10463013612018715,-0.13172075035515773,0.11031912924532955,0.06035888828204891,0.05813384192587401,-0.1503212547707871,0.031099234652293088,-0.007748126080560461,0.043421197052606025,0.07387511578491153,-0.03634274590671633,0.03849362819078637,0.010001281731210742,0.10900828808813817,0.10046296002047021,0.13778472433162373,-0.09729218797919194,0.10684751064609299,-0.015100849644214645,-0.04416466303442338,-0.058302491402033044,-0.11485227829524444,0.11595731725402211,0.0012318880806285386,-0.20063004877213234,-0.03290620415602305,-0.014127044217675083,0.08673258631104926,0.08753679515300036,-0.0652701279451814,0.021469431430570177,-0.1004232622986374,-0.02622123725918618,0.12827791387877369,-0.009811661868544645,0.046681138786463676,0.18928468712678534,-0.04969491023291859,-0.05962201468141024,0.003434038569561166,0.05050572934290042,0.0025825984627055984,0.12251493835122447,-0.0031421933422140997,-0.15699635796569195,0.04365450450458974,0.07436308607674741,0.0798969593301397,-0.029445775061495105,0.0,0.12520648840539667,-0.029267927289906112,0.00123779705321543,0.06233699945780345,0.05180871641267916,0.03030251084796228,-0.11787396623331761,-0.0226578385837724,-0.05712531032183209,-0.0038996026780360013,-0.04302040675651782,-0.005393033343428083,0.04204304678490933,0.019937646170433095,-0.012306067543548132,0.1148400809203523,-0.18397087230974904,-0.07388533165431681,-0.036887392221576734
SEC24B,-0.007465188649427542,-0.09414689236188206,-0.031382908692257516,0.09563621287655308,0.03426129903056842,0.04071981587956209,0.009320722939899169,0.05999948497066252,0.07244816166100342,0.015062668700901758,-0.0575059712697647,-0.047356391003804475,0.0690893516331714,-0.05631894550669018,0.05035893467511252,0.019670743417266587,0.021322587565438356,-0.009011821708798093,-0.04059244002318893,-0.006774862707380471,0.01674374444476199,-0.03237149582959632,0.04859786623255319,0.019197990245932564,0.02838073064954623,0.03880712106660598,0.015004734854516746,0.07059396237572944,0.05187689344619032,0.05624424374540913,-0.04267733176489545,-0.03579570326271832,-0.011190031224182021,-0.022948768078108337,0.04718167861928048,0.07590421722972884,0.028302739568618316,-0.011195218507709314,-0.05044001141645959,0.017694293498641513,-0.040158317342441185,0.02329984283781406,0.08556942124476404,0.01170278861841181,0.013612566034941365,-0.018949348359620147,0.01780227906680885,-0.04986124160430494,0.027696310587371053,-0.0698349083193605,0.02148200585925117,0.004978766854755169,-0.005483380363628374,0.02284526588929224,-0.0017070947174428837,0.009386135725123843,-0.046408947883464405,-0.0010987807295109407,0.06346166222297704,-0.03523649037929053,0.071091539991051,0.0,0.06676328966022045,0.04612387361196307,0.05459507429622722,0.011107759962376746,0.09900395104160697,-0.019301258352490677,0.052799703567788195,-0.038908672781524954,-0.006837611883405978,0.0077309227013226175,-0.021045594095774688,-0.029759057761579756,0.017673829308568857,-0.03384649324505804,0.1550712221075754,-0.007885389888844204,0.04422859958366057,0.03546741628015016
SEC24C,-0.09439170392049805,-0.0107006148105182,-0.03798789866009318,-0.009243281581153511,0.029540694010224043,0.05466371775240483,0.03437202305790049,0.03701599688481471,-0.011645576556037925,0.029420075972271195,0.011177676997918553,-0.03569963955529204,0.07574793871756384,-0.037718632492734466,-0.020855204321291034,0.08078251596343917,-0.04629094363748641,0.021009565807232386,-0.028074366132102464,0.1040259710405525,0.012968560328644059,0.037659865549692806,0.044181962823752065,-0.024692617619020352,0.058108378675026544,-0.028190565450349352,0.03357600864412815,-0.015966556421639525,0.2019008028989175,0.019642835645427157,0.0111305910484889,-0.058134532296950515,-0.18321525467665753,-0.06931788221810202,0.03952762505563869,0.044911741948960644,-0.008469930330761415,0.10804950444153348,-0.1460742709085232,0.05412653921456909,0.01814077254890801,0.08854382982236983,0.011422960885576114,0.01236243983503185,0.053930663796223716,0.038941011818255475,-0.011885759326445354,0.011755168463154561,0.026620086214002005,-0.07323124983385072,-0.009634895268597505,-0.018314628244923133,0.058433570063163236,-0.08440909664773784,0.06983275433647354,-0.1123638556626743,-0.009205712400885925,0.06313496601707141,0.34276453836659687,0.21349660523574637,-0.02397162071557423,0.09630571748528828,0.0,-0.06496538109493988,0.02720486514809689,0.21178229569562687,0.033701898648576804,-0.03682592428597931,0.10034005171451944,-0.014098361808934224,-0.049207814278987336,0.017397996706618492,-0.00041395807391671457,0.03383402807154656,-0.01821235175057098,-0.022566448268225025,-0.07716140456082296,0.03540077449377972,-0.07828530638089154,0.026965421746033544
SEC24D,0.12568841772909473,0.042808538851670686,-0.16387589508170466,0.09433622506012095,0.00502824907870712,0.05815007125141438,-0.10667218663692883,0.03963525510718247,0.05658495647927832,-0.015808751382232394,0.10464472233025594,0.0346643776419859,0.08644886550163501,0.012124986361841526,0.16457318737028906,0.027756745640043178,0.0208077950681456,-0.017551195941786377,-0.009015891434761343,-0.02711120706658301,0.17670900673319154,-0.07503216683529354,-0.09900953498094837,-0.03605946012068598,0.1322497123023107,0.08387386821846898,0.014406096771282005,0.04741213384376479,0.0836775898671161,-0.043754906765749106,-0.023185427084893646,0.07225446006120678,0.03844245454722063,-0.11835508346194255,0.059972812530355885,-0.040903590363261834,-0.1734197932777803,0.13062195282482728,0.019445560884947696,-0.09515612837721803,-0.02397004134178632,0.006855612610709929,0.009106773766897364,0.043006021577000876,0.2717235992501192,0.029137932392005916,0.15413582835392695,0.12754058145677202,-0.010618343388098325,-0.053442167241852315,0.026003890343584034,-0.017259317352350007,0.03948565792610177,-0.07605535862496944,0.10084399785674145,-0.07197195235247947,-0.06557476990193563,0.056931217146863056,0.048245286603924374,-0.059266096840790185,0.0013631624526368644,0.08946081647075645,-0.08735237775549806,0.0,0.003968103556283926,0.07158301429940157,0.008445545174149085,0.009424731933064782,0.03304975770764214,-0.06101300328516276,-0.08234027646087015,0.02311213338255941,0.06532804794950384,0.13302761121797294,-0.1111876518220276,0.04168577012673311,0.05591042818345406,-0.0560370435863132,-0.13494328112142584,-0.09072349703814182
SEC31A,-0.02094619082887962,-0.027609927440848784,-0.014176752326084893,0.0010543320268396464,0.0003778404582124926,-0.002002552116939378,0.03865878792736927,-0.045436511200465865,-0.08819559133303041,-0.013677844961156971,-0.09163671414349762,0.016318147587501844,0.010337325733862774,-0.10038181981035765,0.004782356751558428,0.06548685157742168,-0.1770404121194348,-0.011863451248663765,0.04169221357834551,0.028194336699587402,0.07391943697814518,0.01528878741247605,0.024610909867140363,0.037977588616291455,-0.12021004363362688,0.028985291649524795,0.06545833667635056,0.03281806572401877,0.055497062824644755,0.014799515682995859,0.05850544825581507,-0.03913189570562064,0.025163864753302758,0.035375894092956744,0.0488149199329219,0.010124726038100584,-0.09855817021226806,-0.013498151131524444,0.011925565853599366,0.0022347778010836997,0.053926013333069886,0.09151391856719107,0.11363156169650997,0.14547034161312086,0.038186412932815786,0.056577284488394525,-0.04761925310609171,-0.050980811921396724,0.026240280325973052,-0.01664904974414042,0.017393543844621332,-0.06427333744818446,-0.006617222036320935,0.017494042793476564,0.08323984359782192,0.04397350789245424,0.16472188317931152,0.04300790623982031,-0.043260342579333644,-0.011648999877987872,0.04058321753128005,0.06259836016249902,0.021624283641147816,0.0023457698962725377,0.0,-0.031748360580656616,-0.03650344381109674,-0.04185760166836382,0.1310600013418298,-0.061224907604892596,0.027853906066789825,0.06293427840230711,0.013657275708314579,-0.08443522438004411,-0.0117040046567204,0.022689004034381836,0.012413161741390125,0.04219656119414441,0.02789740233336566,0.07656529069147881
SIGMAR1,0.08815125668433836,0.06521091717240703,0.15656967443162959,0.009311410315446815,-0.07332017979014581,-0.07834028555280871,0.0019621610651522456,-0.04173619508325998,-0.10392225664875046,-0.11172669144045232,0.015308060906351813,0.04608591661494541,-0.03680571956857592,-0.03879511051973095,0.05237499120829714,0.02474196240671702,0.08396288908784699,0.027465818485155828,0.03967898076805163,0.06446160239806989,-0.08389888287827185,-0.05547233188885293,0.05312416073772229,-0.008190722717551106,-0.03142468491676206,0.08006831093908776,0.12243271927819442,-0.009393836541651988,-0.0709682787290261,-0.0006561994889264975,0.018745483441230715,0.0530428306229313,0.024416247803131,0.11212219291823995,0.06094601164665513,-0.10769074432839194,-0.1942448432661648,0.13254495126187316,-0.023260323640381976,0.04341241272599102,-0.04670965466468671,0.03854138114112789,-0.1323724375190562,0.08590639915897727,-0.16181749531852854,0.008504392053343739,0.13654648473288833,-0.060942917077391925,0.020518438683823706,0.20956082225087347,-0.0008108457549516285,0.008439739614012289,-0.05352530500361073,0.05049987240260912,0.014166295867370738,0.10727324947016338,-0.10274474615639274,0.04388704984036401,0.10345403845398665,0.21407394712894426,0.04341457146860578,0.016393364124884034,0.21667904241728872,0.05446838486417234,-0.04086517925366545,0.0,-0.04730766100280701,-0.08776718673322048,-0.00820695836185717,0.0436008152062883,-0.0659158531011963,0.09722236390679474,-0.05953425695864756,0.031357136473805905,0.048850820567852775,0.017883784394810486,0.05526881176949269,0.02747392236278121,0.06297340858429196,-0.010896649462099929
SNX4,-0.004412730415408321,-0.07109420705081491,-0.03838254847161734,0.08011528973129814,0.06905278055434495,0.11019134565312154,0.038836520013448256,0.009966598135826031,0.053542045450933606,0.05844958450173185,-0.006090850252605326,-0.003499165162960541,0.06856033865117225,0.05067979079219067,-0.036971719879959584,0.08884929580119633,-0.028352590670938725,-0.013537558652547311,-0.018611531046837246,-0.01992534186176621,0.012345982327234956,-0.05047134625890932,-0.024956635284015104,-0.01625046538276981,-0.07483685022790489,-0.03542261215926465,-0.02265240404863854,0.045268336078477404,0.06351196704995045,-0.00974749287605789,0.02501883997462458,0.011740206291406563,0.06984576794193995,-0.034321594033014186,-0.0950123992537651,-0.03627847431702968,-0.02793299225081536,0.037469261261281146,0.0058551688620095774,-0.0006237034192704392,-0.0027335502330147437,0.029216687182116653,-0.04422228928004693,-0.0034914835241777217,-0.10810329219811117,0.03328815955346061,-0.06670240027990067,0.027111734448971473,0.03995277502391233,0.032648941172711964,0.06168115867305807,0.04705596077177911,0.025898878512512682,-0.029115669038108763,0.026112995072231988,-0.04623945765315984,0.008443867299232749,-0.03558734107022581,0.02525116206162494,0.027128900976294515,0.016081121229479498,0.09253353435668489,0.02183668194849848,0.004069745287964367,-0.029755754526022825,-0.029959633797587152,0.0,0.051701202588168696,-0.01821321682723264,-0.006079896566506525,0.02555840832593393,0.015418858032894679,0.012751986058347688,0.0909684897468513,0.05072828289758365,0.012305442816538772,0.103899688797154,-0.025821123501937084,-0.004722020052179305,-0.0213419212017435
SNX6,-0.012521921860633245,0.0072277543762574665,0.019463208739822727,-0.0423719597970238,-0.01068073800085603,0.014261017695418068,-0.042657303452813045,0.03975316273264838,0.0551994800297621,-0.02632869070351912,-0.03600960216381845,-0.027377804992008748,-0.008257697276244192,0.0076340578824758126,-0.056631507032728075,-0.04000315796136785,0.0677365534095404,0.10658532356102297,0.04226194512978155,0.16406644287783154,0.07526860207467413,0.04510819499708217,-0.07211085574497925,0.04015938292879104,-0.08513560636768144,0.011098680637714228,-0.024175198578410384,0.05173762184275677,0.02761538973329561,-0.008763922729973245,-0.06949250222434637,-0.032164073615384085,-0.023678606362148323,-0.010700039004380268,-0.025687887967499004,-0.06955487134258191,0.013680891571308541,0.007958216713707783,-0.069822939685675,-0.00618524949085196,-0.010876005933647527,-0.06153081492711145,-0.04450810169021617,-0.07040392375316942,-0.055739195229163284,0.07945354551217217,0.05927682172724277,-0.06083167500523608,0.011463056045228676,-0.0033600693316443173,0.02462070867687346,-0.02052913054974203,-0.09706127379267376,0.004605342962239501,0.09595987459683218,0.018588030416833334,0.07506271689045518,-0.07813485339523474,0.020292945298712912,0.1086465944362395,-0.07436450537045669,-0.021445804064672495,-0.028365864398696105,0.005399065948246376,-0.04056220498962068,-0.0660765391944956,0.06146257215612653,0.0,0.0349367964230861,0.1397573242852008,-0.0063811178981531,-0.005146651683285308,0.0637549218956013,-0.06837236030470739,-0.08258808140488537,-0.11996685828840241,0.05134398764450972,0.01363340841342909,-0.03766819956745275,0.051555722749559524
SORL1,0.07972545422913939,-0.008390869388377504,-0.01795398114656825,0.0019730462318620482,-0.037391260029975046,-0.0764266975203043,-0.0768187880264083,0.0021838705606388067,-0.01674440671765339,0.04013462626811147,0.13908220352068307,-0.05784689572672644,0.030921542340059987,0.018629645934669425,0.1035178583481771,-0.08514092479762854,0.0055996243653980236,-0.016007205697542642,0.014852452393834002,0.148891512095701,0.11792037062327697,-0.040050137663881304,0.07857831698796436,-0.13505680818160654,0.03747015141387132,-0.032667211088562555,-0.008260412155356455,-0.08025052108922881,-0.061522954967766226,0.09076412426082102,0.06988177968933858,0.12440237496187591,0.03653683270538741,0.05781801629023779,-0.07785981340095136,0.07996596193155785,0.09225988107860611,0.22462267504208355,-0.001338458076914683,-0.0709233968947077,0.1795975208193057,0.021192470992710474,0.028268134195306924,0.05080303066999258,-0.07169787088060006,0.1807920013199888,-0.030353083089142092,-0.04152918551734611,-0.06164900047525019,-0.04400272919141687,0.03076158773192985,-0.12104655062643216,-0.09837411373343379,0.002292855389456092,0.026301202529760686,0.03735233858648394,-0.0268892544840936,0.008250373381779058,0.01493707950371816,-0.058941053545163116,-0.020753483231927695,0.08517515204416813,0.11221254448037207,0.02748796752747049,0.18439201324711477,-0.008970611816188254,-0.03143557924585149,0.050723335277214544,0.0,0.1374488370204559,-0.10176454794190261,-0.10969541643225342,0.02975537491354493,-0.03279176820960504,0.010895870082535475,-0.005197075864643691,0.009287048909047574,-0.05256512131566735,0.06806245076056011,0.05400115914725846
SORT1,-0.09908457632534919,0.13038449901281773,-0.10348403819805284,-0.019241194666906773,0.07881858322316448,0.06017793250754021,0.04028227889946798,0.011980644706165751,-0.03969881444584697,-0.03006963475188051,0.04889075118963206,-0.08153053226822271,0.019561601018323903,-0.051666358370933724,-0.011221112996615707,-0.05186095328654062,0.1447796147197729,0.2008458890734541,0.014148718143829252,-0.03051590146347116,-0.09130858870494259,0.0009345739837428927,-0.04541820258696591,-0.013778350907004137,-0.04244574222699333,-0.010087763105141544,-0.0025453904095500126,0.05002712904571639,-0.08959107274663285,0.0430053700607652,0.03003928670192279,-0.045896501483102134,-0.12552391010812128,0.0033685900466642617,0.07317414225281631,0.08596135748471934,-0.015019284114739193,0.03988768626924123,0.06715354241068323,-0.050772028227560446,0.01055376356168009,-0.0012704979406794371,-0.07140828586646555,0.07545554138199811,-0.0003550806973388202,0.19248782196390818,-0.0313968995569826,-0.0455561286848677,-0.05715378798228146,0.014538477298435992,0.03740505997955516,0.13017673398349314,0.03771255672925806,-0.021531344315810667,-0.03503812062619512,-0.03730980942782212,-0.069133989531138,0.06826832268195228,-0.04860251342390284,0.04165437681900424,-0.03725527304983541,-0.04469042744219629,-0.011225931816308677,-0.03613128527749236,-0.0613319446328278,0.033932909730261314,-0.0074716695977954245,0.14447275650503402,0.09786507382782844,0.0,0.0965676900358677,-0.047091263144278,0.015554067330334622,-0.014001463350312715,-0.01166295069057895,0.026006940118374042,0.060570813487521906,0.007494345382101536,-0.03261254728949806,0.0006684733765937789
SREBF2,-0.03513207471966875,0.07485275758452756,0.10181138932336731,-0.009906857210636558,-0.004208362266306482,0.0374670523391601,-0.05123555820881392,0.08374161054524475,-0.01280988885465444,0.22770528050063749,0.004279104898350734,0.07436859399739554,0.18816863343274315,-0.0662659596660885,0.022889119423969533,-0.004051404014121959,0.057074955604842395,0.08164717228615928,0.057292099727628,0.04819483031730684,0.08296112699009937,-0.027330001639285992,0.020335912601773955,0.07506822106909823,0.05338632867947733,0.05042938398396912,0.039575046732671766,0.09326581414045072,-0.019627770759379118,-0.04596516351771541,0.08059438816384162,-0.04658708368877616,0.07700653162912263,0.19744242743774407,0.011155588621141342,-0.012727048488739285,-0.02121865209952465,0.05987780023946538,-0.01360737936242754,0.0007153308706116339,0.08795371435597989,-0.1250348124518768,0.019461181264595014,0.010853371723791132,0.03033412793509156,0.07554799650903206,-0.03438869290826927,0.16213643000222017,-0.02625805885815755,-0.24366966416717775,-0.08270174097780952,-0.05856923397474424,0.04021849825455952,-0.03001701622469702,-0.022528501426097733,0.04168417683242057,0.022475585797212688,0.04199565517931276,0.05972400715766054,-0.0163113545209061,-0.003476985022585504,-0.01073731808490809,-0.053568699709559006,-0.06666480452125291,0.038147667157561724,-0.07013578320698256,0.04294163277347425,-0.009018440245406203,-0.09906185307309859,0.13202468027088785,0.0,0.08949830624815115,-0.019585463545985688,-0.06945190443380717,0.0653751327109017,0.011527508699326625,0.060837565467331045,0.040965525915884066,0.005674763721968709,0.05994434336067244
SYK,-0.13859719141115046,-0.06940774836353603,0.11133833860874778,0.018434743215782153,-0.027390044037555843,0.04309105142250061,-0.09140444957821238,-0.035120127277923394,0.08219327811052204,0.05457975994654055,0.11017352624320342,-0.058948478429718634,-0.009191679921472778,-0.09326751716994934,-0.08740649161368406,-0.1625699916300073,0.10453428294771323,0.04456592392715739,-0.04763446784042571,0.14993813425669708,-0.02197175255029558,-0.007709919447772481,-0.09512184206884933,-0.13180712852184587,0.01762316450353055,-0.02061614527230786,0.08173674836853866,-0.0827082204731541,0.025064303938754886,0.011163687929191257,-0.011594489059908024,0.0638992815402947,0.09965900661980717,-0.2125717844110946,0.1118476943673387,-0.017257082119578656,0.07835750329913012,-0.10397556903533378,0.10344647777061387,0.10088177570889388,0.26614521132149593,-0.11508652901911612,-0.08000743083682513,0.004785116331814983,0.1746864417051893,0.00951081747356418,0.17741601840872276,-0.02483594053504893,-0.0451866793917953,0.010492376388512279,-0.0040687524116603665,0.0417130222809109,-0.11810900090221975,-0.0875282963680078,-0.05759334463177219,-0.03912763544596963,0.14895963423976025,0.08245841921763244,0.026056407459772217,-0.054507708460257404,-0.043942205941938775,0.01390745255491825,0.021697073341069118,0.02143626944134239,0.09874020349055682,0.11850613476932373,0.0296771260983947,-0.0083326726931673,-0.12232727576052006,-0.07375449677832761,0.10252734217360646,0.0,-0.1792531017987089,0.0474907570661883,0.028224402185945532,-0.026184724031264275,0.02508025194967096,0.0497745510653646,-0.01590077657216821,-0.03963561194123686
TMED10,0.03560387634825439,-0.024860327992381553,0.04455467600405993,-0.007766807323764671,-0.012285741508719163,-0.0029552725262863996,0.0062151471083405525,0.05609305593606782,0.09034654203066544,0.043297177047247795,-0.08004699051525022,0.05114927396339686,-0.11914521619417295,-0.03640973622968681,-0.033594479966730734,-0.07550460783764891,0.01587707526294929,-0.024587576811774293,0.06181919927673972,0.038588381168735184,0.005042385410068935,-0.00016323845808156553,-0.003356916316250587,-0.013433300689182902,0.11278589101181345,0.12347735827680453,0.0550202505447696,0.12483700047906676,0.00040207926005570826,0.07047105064001807,0.0803291002030919,-0.09238269306211537,0.12262194245894009,0.016277549376435222,0.10842961672107394,0.03945902260691192,0.08547115363398729,0.06450780194720601,0.04539188344942692,0.008236787423438066,-0.00881764331050414,0.0713149195503967,-0.012571705413793193,0.06717198096413536,-0.021346589390414228,0.04805749837992087,0.008233354376477157,-0.0006412063553205902,-0.07762150908755251,0.003685640429124236,-0.056363293371599,-0.07446046357965647,0.006735738560550255,-0.07689056609371103,0.08056606780942127,0.024289853378464517,0.06612814485875831,-0.16746111149042917,0.043376467411502265,0.014505498745100614,-0.003819770136934212,-0.026252715181209196,-0.0003579769398052999,0.042015122509175946,0.014858248538213407,-0.05031973846752353,0.017019399878772684,0.07157643192187718,0.02300896218887393,0.016892305216055885,-0.01555806274109,-0.12429780524833088,0.0,0.3284174335131929,0.18190450370255143,0.042109856478182814,-0.011355672878831548,-0.09220687532148894,-0.03512763267840953,-0.018876922043410356
TMED2,0.0038418438490138134,0.03691847081401946,-0.010554826948193105,-0.05398330604997877,0.012306908245331627,0.009010924200925119,0.012152401484975114,-0.02170631909506059,-0.02271957988620184,0.08815545895537236,-0.05198567105908869,-0.13265066030072117,0.05105733081357661,-0.026073468985385057,-0.0018799615779772811,-0.07183836963371404,-0.1173641624105514,-0.04197826875367768,0.083231808821414,0.12181493999323459,0.012628807119134807,0.08466462767608458,0.026420904534856352,0.04267001192737063,0.12119648452726198,0.021461020800594685,-0.03247296969784904,-0.027627071105544805,-0.02689617010794122,-0.010315167661237754,0.008747427462373548,0.007311783883900724,0.08119362564317675,-0.05764098844525023,-0.11135226583969753,-0.015562829629887474,0.050584313373885546,-0.020655965205659516,-0.10311172889953858,-0.07600489132147722,-0.027012226662598206,0.0986874804683247,-0.04381068512213148,-0.008424151929266639,0.02858842522052403,-0.011421082824207954,-0.06846911367027621,0.07767260109893506,0.029197877034113136,0.053072810341103456,0.004347904094778202,0.07957401448986776,-0.02003428576424697,0.0015104558627199007,0.034556334441959075,0.12161928923844119,-0.009330383319769917,0.006658306976078499,0.06831289394886415,-0.005542672364609774,0.033421074347834825,-0.04166336228200417,0.032837833814899076,0.096021800953748,-0.10309777801983466,0.02974609328689555,0.13626348736926663,-0.0861507378576739,-0.028458928269711133,-0.017066343201458174,-0.061919568970956185,0.036959660692094366,0.36859403669871665,0.0,0.20172452420888892,0.08076163523653831,0.041284112323629246,-0.07093504354085357,-0.006187388703945874,-0.005709739994396654
TMED9,0.0129322420527547,0.06648735994837211,0.015495648784337223,-0.012447888488851585,-0.004874666705196869,-0.015423856539402552,0.0467036317388713,0.05999114737918472,-0.028320749583275573,-0.0859996928452268,-0.024835926564035382,0.0088675329949354,0.02183997621467244,0.06419216138867159,-0.004005527273216732,0.0012264873784973867,-0.009965421869997533,0.013891444594855924,0.057286255444841415,-0.01963619600234244,-0.0717600358389987,0.03185791653869132,-0.06276157355585694,-0.08165824146243324,0.06078131210223172,-0.0010833573528792626,-0.0034763834148099637,0.10629927279448871,0.019979749898704175,-0.16003468964554832,0.036882979811009915,0.08031715920553184,0.18218741170722658,0.048271043676912886,0.04156249040632478,0.017706977119889264,0.07714034942524718,0.040629693977661266,0.001800759259074663,-0.014639524735664374,0.07402202487782784,-0.027793501382819333,0.16115753463864654,-0.023163752998503127,0.09480401515546506,-0.03438468593351013,0.0939807385212996,-0.11775829997300159,0.07093214555329058,-0.019193260246576322,0.01931128630132168,-0.026010021370458946,0.03690403745023921,0.1421837373497421,0.054670751895231365,-0.05588798873645376,0.03587826211529427,0.02033311541475852,-0.04770804663046261,-0.017365795456054385,0.014528450188419013,0.022682189471216464,-0.016203394426854496,-0.07357051429277328,-0.013100241695767643,0.04248000717614749,0.0696558916506898,-0.09539266564881106,0.008668317311213947,-0.013031507711869431,0.05342881325519629,0.020135518320302793,0.1871478026820794,0.18491744265191637,0.0,-0.03809906451183905,0.05166702105754585,0.07301441237762639,-0.007569695692262712,0.04025136130300746
VDAC1,0.014906683496656643,-0.016110543361628107,-0.04366564997589666,-0.013108059705582355,0.06510315180848246,0.017943273221014425,0.05663243338290867,0.02064526339862151,-0.03896340628550681,0.04086109149634866,-0.011375225213205296,-0.0507167916211957,0.01547478959797821,-0.004548801096256526,0.06150767467395408,-0.03531099817268966,-0.014118853818565293,-0.00312728374685624,-0.021764210431917147,-0.01013701842602468,-0.06633889599999473,0.03070073095566574,0.08405801458586439,-0.012149568880796314,-0.05735775365651954,-0.07296767141312062,-0.005874224713095839,-0.014687003120931881,0.018662575421605918,0.10481891969715726,0.0851776288359113,-0.009257938751777998,-0.0025181839494390103,0.06059033222603438,0.0469053654478624,0.032303397470031435,0.022598965966846084,0.024953411790955487,0.03390812731543127,0.011166970056670979,0.008267441051154909,0.12408774784081926,-0.045464353649142135,0.11518776924877595,-0.0007485075681513116,-0.03007071090417331,0.032707181688689246,-0.021878647951784673,-0.009846401278361307,0.039006424298706245,0.005500365290968853,0.10476806952356088,0.03854628259342963,0.016217635058667707,-0.014467114043775264,-0.06404708948056419,0.0765351254361646,0.013146885795305156,0.06874967057815602,-0.07298344238827317,-0.00660742258546524,-0.032006293354012234,-0.014793487524731147,0.02032368464833576,0.018712320161387103,0.011458810265004173,0.012450085247011883,-0.1021001259991534,-0.0030464869747024196,0.02141129170562171,0.006941699151926028,-0.013764278372772595,0.031922171510094334,0.054549612189610665,-0.028072539192034465,0.0,0.03636120186846837,0.0037668381489980723,0.020778049127861718,-0.04200526026093291
VLDLR,0.05342413363000673,0.02545036599560539,0.005647865841905806,0.07362797334957628,0.06846682214015921,-0.045204789542463514,0.02110564876635847,-0.03432961139514602,0.02886531773822676,0.08956427198187646,-0.03767914215296092,0.10234390091801418,-0.04248128329822013,-0.06604959913240421,-0.15364578897851636,-0.12099102968135361,-0.02488900016977921,-0.014570011639765814,0.009858612107597987,-0.011939786828879473,0.12687222245953714,-0.00962590163320947,-0.01590776974405171,0.04645492340880063,-0.046123801747838845,-0.10648803891380396,0.09712323060604869,-0.020896513280094245,0.0011407571918254193,-0.028207601265262568,-0.04212653070062627,0.042047202138443804,-0.08972415926194909,-0.07947854080827989,-0.021521723215381452,0.047003127812608216,0.024327391007507675,0.05398496894884103,0.02672263659817478,-0.045068532481206354,-0.12059064422789051,-0.0034804430729861286,-0.017055167726541382,0.05070634790908448,-0.08389491270675441,0.0031451412372542316,0.05851628902102674,-0.03213609052242138,-0.06664679730812957,0.014761945045001031,-0.04872776574403217,0.08015774370182864,-0.12688364632904375,0.0047075896936809745,0.12918392917083657,-0.027997943227664336,-0.06561319107167804,0.1394337722835067,-0.07895364538155283,-0.00458451477213167,0.08784589075075319,0.2089142594949236,-0.07206471200758606,0.03883493731939174,0.014585112836862554,0.0504516533145566,0.1497629883246455,0.06225435812129246,0.00775591737510678,0.07104478250249786,0.052193608989239,0.018782461756050573,-0.012264129022130045,0.03972690085857933,0.05423703991172015,0.05180281995458418,0.0,0.12363898550790772,0.006838734903378791,-0.022833492287338154
VPS26A,0.0025312461359123743,0.060920351347642655,0.02050702630919377,0.07720665212809207,0.0262741118249174,-0.03963744142809526,0.023173357079541653,0.05620929622329081,0.081961453074866,0.06899070393224127,0.006119188902577078,0.007957734991409239,0.03186598051777542,0.053954346812705244,0.04493736034562135,0.044787546359296715,0.028768471247535503,-0.05400931351822284,0.07417140470888935,0.06950301361536419,0.03790660848363908,0.11603608353382625,-0.06243516376068241,0.026586846706144092,0.009256314144763128,-0.035377613804736446,0.018956636861542676,0.05991502278980158,0.040978418782050094,-0.021045648401027097,-0.07735474112580774,0.002083315968065424,0.0015737276236837564,0.025950272379395796,0.02125985560645043,0.03868657523556701,-0.024253681836632374,-0.015475786493986036,0.10875995496561897,-0.002128388013236185,0.024892423651994615,-0.019055566975689383,-0.015510320066685507,0.05771653852877583,-0.04559898535279885,-0.009509322013303295,0.019989781674420597,0.004791620540843671,-0.11539874670356352,0.03820927458424029,0.020878148229586408,0.023178673707565895,0.057722943521646586,-0.043906497905760275,-0.02480292311676561,-0.06635090466687898,0.011480358635815337,-0.0014572911666695955,0.01630087552367341,-0.016064014378993886,-0.11342991494103599,-0.008562697934502705,0.026649304075218084,-0.03137296627483647,0.03996271782651264,0.020214663645090995,-0.029999634475392757,0.013324017276596774,-0.03538373631457333,0.0070852155048734666,0.028327915192476412,0.0300454385632228,-0.08026712729982743,-0.0550190583248986,0.06177912156946655,0.004325563678920727,0.09965658725543848,0.0,0.2294850896182604,0.2210976458710299
VPS29,0.009180758683874779,-0.04016378361111231,0.0035173755158424604,0.09367240699268849,0.04410443204401059,0.027412185057406082,0.08686697361060308,0.028006123548927876,0.010184402477793677,-0.0021202822850780556,-0.019938393245413858,0.007976971948666738,-0.03832521555652183,-0.034975106419645435,-0.019938198714682095,0.03789438462445547,0.09008011793027543,-0.05309354833675133,0.06536355929305929,0.00962307160378079,0.013728065399694345,-0.04299826518751917,-0.008077918298378606,-0.07310808397578207,0.033183875666397154,-0.015276657771771165,-0.01163245778968935,-0.006910326809148365,-0.02621732406592307,0.0738118673413051,0.04055880310365815,-0.07165914586826844,0.023748696383316822,0.06863940786576904,-0.01562749924260584,0.04145771392143062,-0.05697145674845208,0.019777818077557973,0.003622258424995153,-0.027940236842485755,-0.045068842104361774,0.0034846623632900416,-0.017917191007166336,-0.030167200247517338,0.04963820212061914,0.03440812133385663,0.037629906927819534,0.0477979727725764,0.051778844390862576,0.009936015539394537,0.08910171957546738,0.019220208402186634,0.06005403188615483,0.048145834954391536,-0.00621721562593222,0.003682619665704355,0.03224748212724729,-0.03660108298706954,0.02856761167765675,0.02174108865300623,-0.04078729845313381,0.043001025747826944,-0.052764465013837934,-0.067642524653081,0.023655378291359275,0.041485012832784336,-0.00491198271748272,-0.032960499126354445,0.04102057810702218,-0.027605286389224395,0.003513435922807219,-0.00859365087353569,-0.02737861487796243,-0.004296827197196798,-0.0057345551028551555,0.02136282551802785,0.0049353109615490635,0.20546726883582875,0.0,0.18175384034982245
VPS35,0.01491791391181728,-0.04037059822183126,-0.013366828284249371,0.09300011319595947,0.049059473011626546,0.0565349555791251,0.07322844851883761,0.03663214507072252,-0.029721611226245753,-0.0275909135642022,0.07446196729455465,0.032465025075404406,-0.002264812513349765,-0.014900908178547155,0.020394259051134428,0.042459484304516015,0.060101557732601285,-0.03961867279433026,0.07713630368065,0.040420768004387576,0.01400278510673666,0.023526396366431713,-0.06142967635194276,-0.001167481577067117,0.05828267899655614,0.03677460101492262,-0.03592444663396433,-0.01723919611985548,0.062414235483749074,-0.007920547345271287,0.03463863295970562,0.003869306857937822,-0.007455905566801929,0.015451861422209903,-0.02247115846180732,0.05107048583542426,-0.020303530468295305,0.012055990490809887,0.0028130952368139645,0.010211658974183621,-0.05903562000108779,-0.003955492355357095,0.018174758647078685,0.017519568469803924,0.009395103694986992,-0.007548131361444536,0.020809870783188973,0.021418345548358118,-0.03373996283991939,-0.005247969407869454,0.08803869641566783,-0.03606549723866483,-0.0011502755257583185,-0.007727846742252889,-0.09928189361261373,0.029628765111113772,0.03922240209814302,-0.08097412525373276,0.023250923577572923,-0.05853112271566949,-0.019430155821927093,0.0329030983359851,0.0173420373375665,-0.0433930264746848,0.061948341487318925,-0.00684949612031885,-0.021183325102449756,0.043045465903033174,0.03105481111742106,0.0005399123562041174,0.03541311071319952,-0.020439795896676105,-0.014038651352328126,-0.003783453812313953,0.029096014091097768,-0.041208729089437526,-0.01572326408941814,0.18888780052100015,0.17342640127051392,0.0
